url_path,file_path,extension,level,level2,csv_level2,is_overview,title,sidebar_label,description,media_kind,media_src,media_cid,media_alt,media_shape,banned,anchor,teaser
/Topic-Analyses,site/docs/Topic-Analyses.mdx,mdx,2,Topic-Analyses,,no,Topic Analyses,Topic Analyses,"Focused deep-dive analyses of the Charlie Kirk assassination — pre-event context, day-of timeline, ballistics claims, and political aftermath.",none,,,,none,no,CK_AUTHOR_CREDIT,
/Topics,site/docs/Topics.mdx,mdx,2,Topics,,no,Investigation Topics,Investigation Topics,This document provides a comprehensive list of all 128 topics related to the Charlie Kirk assassination investigation.,none,,,,none,no,CK_AUTHOR_CREDIT,
/maps/overview,site/docs/maps/overview.mdx,mdx,2,maps,,yes,Maps,Maps,This page explains how maps and spatial analysis are used in the investigation of the Charlie Kirk case. It focuses on key locations (such as the UVU campus…,image,/img/evidence/9cc6832ff6f2ec5c2bcfea899c17dfcaaeeaabe83635dc2a240fbd63c549ae03.jpg,QmSE7Z8WEPAa21pP23DVVNDWyc2z9q5XiwZnuGPPGvAx9X,"This is a 3D aerial map visualization, likely sourced from Google Earth or a similar satellite imagery platform, illustrating a suburban neighborhood adjacent to a large…",ck-4sq-stack,no,CK_AUTHOR_CREDIT,
/maps/wooded-area-rifle-recovery,site/docs/maps/wooded-area-rifle-recovery.mdx,mdx,3,maps,Maps,no,Wooded Area Map — Rifle Recovery and the Same-Morning Arrest,Wooded Area & Rifle Recovery,"An annotated aerial map of the UVU campus places the shot location, the escape sequence, and the wooded area where the rifle was announced found. A circulated claim notes Russell Kennington's trespass arrest happened the same morning.",image,/img/evidence/344cb658f368fd6edf926ae43051835915b01eaae4802cc9217a05dadad06402.jpg,QmeC75N2hAYoTaVMu7Ac3B16pNAskkhmCLMPXja2J7UqDe,"Annotated aerial map of the Utah Valley University campus with red numbered markers 2 through 9 and white arrows tracing a movement sequence. Labels read Utah Valley University, Campus Drive, Parking garage, Losee Center, Charlie Kirk, Where shot was taken at marker 7, and Wooded area at marker 9.",ck-4sq-stack,no,CK_AUTHOR_CREDIT,
/Censorship/Censorship_Investigation_Index,site/docs/Censorship/Censorship_Investigation_Index.mdx,mdx,3,Censorship,Censorship,no,Censorship Investigation Index,Censorship Investigation Index,"Working memo for Charlie Kirk censorship threads — X bans, FBI video deletion, gag orders, TPUSA legal threats, and platform scrubbing.",none,,,,none,no,CK_AUTHOR_CREDIT,
/Censorship/Court_Gag_Orders,site/docs/Censorship/Court_Gag_Orders.mdx,mdx,3,Censorship,Censorship,no,Court Gag Orders,Court Gag Orders,Reported broad gag orders in State v. Tyler Robinson — Judge Tony Graf Dec 16 2025 own-motion order and witness silencing claims.,none,,,,none,no,CK_AUTHOR_CREDIT,
/Censorship/Google_Search_Trends_Scrubbing,site/docs/Censorship/Google_Search_Trends_Scrubbing.mdx,mdx,3,Censorship,Censorship,no,Google Search & Trends Scrubbing,Google Search & Trends,"Claims of post-event Google Trends deletion, UVU search scrubbing, and low visibility for whoassassinatedcharliekirk.com.",none,,,,none,no,CK_AUTHOR_CREDIT,
/Censorship/Platform_YouTube_Meta,site/docs/Censorship/Platform_YouTube_Meta.mdx,mdx,3,Censorship,Censorship,no,Platform — YouTube & Meta,YouTube & Meta,"Reported age restrictions, demonetization, and strikes on Charlie Kirk investigation videos — plus Meta violence-policy removals.",image,/img/evidence/1e76a564eed0fa7b424f1629bd804d99ebf2a9b2ef15d93c9cdd896dac87d1be.jpg,QmdCAj1yU5FWD135DfsAoQYs9QQkFwca2e2MzQ6cBFY8Mv,"This is a satellite map image of a suburban residential neighborhood, likely sourced from Google Maps or a similar mapping service.",ck-4sq-stack,no,CK_AUTHOR_CREDIT,
/Censorship/Ryne_Simmons_FBI_Video,site/docs/Censorship/Ryne_Simmons_FBI_Video.mdx,mdx,3,Censorship,Censorship,no,Ryne Simmons — FBI Video Deletion,Ryne Simmons FBI Video,Witness Ryne Simmons reportedly sent 4K 60fps close-up footage to the FBI and was instructed to delete it — per @ninoboxer amplification.,image,/img/evidence/74d287dc55bcd553d96b155bf4b607d05884545659a0a6594cab16639015817d.jpg,QmUGj177H9J5PJvorsqGXTMgXq2nbw6ZA1MVpkJ4vERGYD,"This image is a screenshot of a social media post on X (formerly Twitter) by user Sam Parker, featuring a vertical video frame.",ck-4sq-stack,no,CK_AUTHOR_CREDIT,
/Censorship/TPUSA_Legal_Threats,site/docs/Censorship/TPUSA_Legal_Threats.mdx,mdx,3,Censorship,Censorship,no,TPUSA Legal Threats,TPUSA Legal Threats,"Reported cease-and-desist and legal pressure from TPUSA against citizen investigators — drone footage, Project Constitution, and insider chill.",image,/img/evidence/7e52025f00faeb9544d89460b555223a067ce0637bbcaddf0d1aacaf2787e02b.jpg,QmPHvYUGua8nSsedUAYEKQRarycx7E5kYFX5fR7QcnDpHt,A high-contrast digital screenshot of a post from the social media platform X (formerly Twitter) by user Tyler Bowyer (@tyle...).,ck-4sq-stack,no,CK_AUTHOR_CREDIT,
/Censorship/Witness_Footage_Pressure,site/docs/Censorship/Witness_Footage_Pressure.mdx,mdx,3,Censorship,Censorship,no,Witness Footage Pressure,Witness Footage Pressure,"Reported pressure on attendees and witnesses to delete or withhold phone video — Skyler Baird, missing clips, FBI release warnings, and SD card removal.",none,,,,none,no,CK_AUTHOR_CREDIT,
/Censorship/X_Candace_Engagement_Bans,site/docs/Censorship/X_Candace_Engagement_Bans.mdx,mdx,3,Censorship,Censorship,no,X — Candace Owens Engagement Bans,X Candace Engagement Bans,Reported mass suspensions and shadowbans when users engage with @RealCandaceO posts about the Charlie Kirk assassination — attributed to @ProjectConstitu.,image,/img/evidence/af02c1992d2fa9ad773c2f93acfd24f0e65524be8bc79d53dcafc1dbf33e2eaa.jpg,QmRmbsSMm2bJMaMVCK9BiyeVgiBVZ3SHxFwzDnrKWugNAq,"This image shows a dense, outdoor crowd of mostly young adults gathered tightly together at an event.",ck-4sq-stack,no,CK_AUTHOR_CREDIT,
/Censorship/X_Deboosting_Investigators,site/docs/Censorship/X_Deboosting_Investigators.mdx,mdx,3,Censorship,Censorship,no,X — Deboosting Investigators,X Deboosting Investigators,"Reported algorithmic reach suppression on X for citizen investigators covering Charlie Kirk — ballistics, FBI, and foreign-nexus threads.",none,,,,none,no,CK_AUTHOR_CREDIT,
/Censorship/X_EU_DSA_Fine,site/docs/Censorship/X_EU_DSA_Fine.mdx,mdx,3,Censorship,Censorship,no,X — EU €120M DSA Fine,X EU DSA Fine,"December 5, 2025: the European Commission issued its first Digital Services Act non-compliance fine — €120 million against X — over blue-check design, the ad repository, and researcher data access.",none,,,,none,no,CK_AUTHOR_CREDIT,
/Censorship/X_Poll_Blocked_Kirk_Narrative,site/docs/Censorship/X_Poll_Blocked_Kirk_Narrative.mdx,mdx,3,Censorship,Censorship,no,X — Poll About Kirk Narrative Reportedly Blocked,X Poll Blocked,Two X users report that a poll asking whether people still believe the initial Charlie Kirk .30-06 narrative would not post as a poll — it failed to send or posted as plain text.,image,/img/evidence/a8313f6da78ae9f5bea44fde02a5c06a5018e85f8c0232c42d3e240e56239c66.jpg,Qmd3UBx5JFVfxqKWw9bjVQReDWRbytYcF4qaxEnnM8HnAT,Screenshot of an X post by @QueenOfRespawn reading ,ck-4sq-side,no,CK_AUTHOR_CREDIT,
/Censorship/overview,site/docs/Censorship/overview.mdx,mdx,2,Censorship,,yes,Censorship,Censorship,"Censorship and speech suppression in the Charlie Kirk investigation — X bans, FBI video deletion, gag orders, TPUSA legal threats, and platform scrubbing.",image,/img/evidence/2ca9b5e9741057b39c897245286fc3ce2e75e5bc0b5a9f7e6dc433d62b6ec7d6.jpg,QmdYVLQ5wdG22uku14snLr3rPxFBvqLXFvcAuUsVZig1cx,This is a digital screenshot of a post on the social media platform X (formerly Twitter) by the user &quot;Shadowed News&quot; (@shadowed_news).,ck-4sq-side,no,CK_AUTHOR_CREDIT,
/Vote/overview,site/docs/Vote/overview.mdx,mdx,2,Vote,,yes,Vote,Vote,This page focuses on how citizens might respond through voting and civic engagement in light of the questions raised by the Charlie Kirk case. It does not…,none,,,,none,no,CK_AUTHOR_CREDIT,
/Proof_Not_Tyler/ATF_Inconclusive_Ballistics,site/docs/Proof_Not_Tyler/ATF_Inconclusive_Ballistics.mdx,mdx,3,Proof_Not_Tyler,Proof_Not_Tyler,no,ATF Inconclusive Ballistics,ATF Inconclusive,The state's ATF lab could not match the autopsy bullet jacket fragment to Tyler Robinson's alleged Mauser — defense treats the report as exculpatory.,none,,,,none,no,CK_AUTHOR_CREDIT,
/Proof_Not_Tyler/Acoustic_Two_Event_Split,site/docs/Proof_Not_Tyler/Acoustic_Two_Event_Split.mdx,mdx,3,Proof_Not_Tyler,Proof_Not_Tyler,no,Acoustic Two-Event Split,Acoustic Split,"Canon XA55 professional audio allegedly separates a 120m rifle muzzle blast from a louder tent/stage detonation at 46m — two events, two locations.",image,/img/evidence/2724a3d3f6b22e6185eb1d212b1071ceb306650e047c888781b86947c4bd6e02.jpg,QmeToYPxthqPP8r7tdrfYBxGcJQVU3wcVoyS6adG2iGnzf,This is a split-screen digital image comparing a sequence of social media posts on X (formerly Twitter) with a video still.,ck-4sq-stack,no,CK_AUTHOR_CREDIT,
/Proof_Not_Tyler/Alternative_Kill_Mechanisms,site/docs/Proof_Not_Tyler/Alternative_Kill_Mechanisms.mdx,mdx,3,Proof_Not_Tyler,Proof_Not_Tyler,no,Alternative Kill Mechanisms,Alternative Mechanisms,"If Tyler Robinson's rooftop .30-06 did not kill Charlie Kirk — routing page for tent shots, exploding mic, shaped charges, and close-range theories.",none,,,,none,no,CK_AUTHOR_CREDIT,
/Proof_Not_Tyler/Backpack_Rifle_Impossibility,site/docs/Proof_Not_Tyler/Backpack_Rifle_Impossibility.mdx,mdx,3,Proof_Not_Tyler,Proof_Not_Tyler,no,Backpack & Rifle Impossibility,Backpack & Rifle,Physical arguments that Tyler Robinson could not conceal and deploy a scoped .30-06 Mauser in light shorts and a half-empty backpack on September 10.,image,/img/evidence/0fb179279d8fbc3c774703d549ddaf4e4293ae0317f15164533c7fceb1bbc3a7.jpg,QmbyHZh6a3Q2hqXctX3EPtwQWaRiTKRDXEW6MRp6xZDPRz,"This is a high-angle, wide-angle security camera image captured from a residential front porch, looking out onto a sunny suburban street corner.",ck-4sq-stack,no,CK_AUTHOR_CREDIT,
/Proof_Not_Tyler/Discord_Custody_Timeline,site/docs/Proof_Not_Tyler/Discord_Custody_Timeline.mdx,mdx,3,Proof_Not_Tyler,Proof_Not_Tyler,no,Discord & Custody Timeline,Discord & Custody,"Timeline conflicts between Tyler Robinson's reported custody and Miranda time, the 7:57 PM Discord posts, Kash Patel's manhunt narrative, and early St. George custody rumors.",none,,,,none,no,CK_AUTHOR_CREDIT,
/Proof_Not_Tyler/Gun_Discovery_Sequence,site/docs/Proof_Not_Tyler/Gun_Discovery_Sequence.mdx,mdx,3,Proof_Not_Tyler,Proof_Not_Tyler,no,Gun Discovery Sequence,Gun Discovery,Reported sequence of failed weapon searches at UVU until federal agents directed junior officers to search again — then the Mauser was found.,image,/img/evidence/851331ecc49337fec9d3685ba0eb903c180ed04ce8fd8bfbfd6db45037f51382.jpg,QmVXc5sEgAGamHMPCBcRi2aJNjmDG3BgEhRG2SogBFX7jA,This image is a composite of three side-by-side video stills showing a man in a black button-down shirt and a white &quot;Make America Great Again&quot; baseball cap standing outdoors on a…,ck-4sq-stack,no,CK_AUTHOR_CREDIT,
/Proof_Not_Tyler/Investigation_Index,site/docs/Proof_Not_Tyler/Investigation_Index.mdx,mdx,3,Proof_Not_Tyler,Proof_Not_Tyler,no,Proof Not Tyler — Investigation Index,Investigation Index,"Working memo for evidence and arguments that Tyler Robinson did not cause Charlie Kirk's death — ballistics, acoustics, identity gaps, custody timeline, and alternative mechanisms.",none,,,,none,no,CK_AUTHOR_CREDIT,
/Proof_Not_Tyler/No_GSR_And_Physical_Tests,site/docs/Proof_Not_Tyler/No_GSR_And_Physical_Tests.mdx,mdx,3,Proof_Not_Tyler,Proof_Not_Tyler,no,No GSR & Missing Physical Tests,No GSR Tests,Reported absence of standard gunshot-residue testing and other physical proof gaps for Tyler Robinson in the Charlie Kirk shooting investigation.,image,/img/evidence/b5681b7b1ade441b295157b6e8d63339f89ff618f12268625f18b14b701913b0.jpg,QmNpBa2Lf67PiNaYVSCNZKSVWzHT8PLsL8py2Db8JnLEt6,"This low-resolution, vertically-oriented image captures a group of police officers in dark uniforms gathered on an outdoor sidewalk during the daytime.",ck-4sq-side,no,CK_AUTHOR_CREDIT,
/Proof_Not_Tyler/Stairs_Guy_Identity_Gap,site/docs/Proof_Not_Tyler/Stairs_Guy_Identity_Gap.mdx,mdx,3,Proof_Not_Tyler,Proof_Not_Tyler,no,Stairs Guy Identity Gap,Stairs Guy Gap,"Campus surveillance mismatches between Tyler Robinson and the rooftop stairs figure — backpack, clothing, and witness claims that Tyler is not the shooter on camera.",image,/img/evidence/43db211b21f81c1f70deac0747003a7253b7c379b07491acd41e3c1ff607a63f.jpg,QmXwsT3VYsNdqux23sZjvk8dXwABz6sxreQZJLZ9cgeVzS,This image is a screenshot of a social media post from a platform resembling X (formerly Twitter).,ck-4sq-stack,no,CK_AUTHOR_CREDIT,
/Proof_Not_Tyler/Trajectory_Wound_Mismatch,site/docs/Proof_Not_Tyler/Trajectory_Wound_Mismatch.mdx,mdx,3,Proof_Not_Tyler,Proof_Not_Tyler,no,Trajectory & Wound Mismatch,Trajectory Mismatch,"Citizen and expert arguments that a Losee Center rooftop .30-06 shot cannot match Charlie Kirk's reported neck wound path, energy, and blood evidence.",none,,,,none,no,CK_AUTHOR_CREDIT,
/Proof_Not_Tyler/Witness_Audio_Conflicts,site/docs/Proof_Not_Tyler/Witness_Audio_Conflicts.mdx,mdx,3,Proof_Not_Tyler,Proof_Not_Tyler,no,Witness & Audio Conflicts,Witness Conflicts,"Eyewitness and audio accounts inconsistent with a lone .30-06 rooftop shot — pops not rifle booms, false in-custody alert, construction crew photo mismatch.",none,,,,none,no,CK_AUTHOR_CREDIT,
/Proof_Not_Tyler/overview,site/docs/Proof_Not_Tyler/overview.mdx,mdx,2,Proof_Not_Tyler,,yes,Proof Not Tyler,Proof Not Tyler,"Hub for evidence and arguments that Tyler Robinson did not cause Charlie Kirk's death — ATF ballistics, trajectory, acoustics, identity gaps, and timeline conflicts.",image,/img/evidence/f78f3a3ede1a3bbfda3cfd42d80f52f48dc1aedb7cfa2f64f5afb598372c125f.jpg,,"Visual Representation of Reported Injuries — anatomical chart marking, in red, the reported injury locations across the front and back torso, the neck, the internal chest, and two views of the brain.",ck-4sq-side,no,CK_AUTHOR_CREDIT,
/Proof_Intel_Services/Egyptian_Jets_Provo,site/docs/Proof_Intel_Services/Egyptian_Jets_Provo.mdx,mdx,3,Proof_Intel_Services,Proof_Intel_Services,no,Egyptian Jets — Provo Sept 4–10,Egyptian Jets,"Egyptian Air Force SU-BTT and related jets at Provo Municipal Airport around Charlie Kirk's assassination — arrival Sept 4, departure morning Sept 10.",none,,,,none,no,CK_AUTHOR_CREDIT,
/Proof_Intel_Services/FBI_Intel_Cover_Signatures,site/docs/Proof_Intel_Services/FBI_Intel_Cover_Signatures.mdx,mdx,3,Proof_Intel_Services,Proof_Intel_Services,no,FBI Intel Cover Signatures,FBI Cover Signs,"FBI and federal behavior patterns cited as intelligence-style cover — witness gag, bomb-dog standdown, gun discovery, paving, video cropping, and patsy sequencing.",none,,,,none,no,CK_AUTHOR_CREDIT,
/Proof_Intel_Services/Foreign_Weapons_And_Hardware,site/docs/Proof_Intel_Services/Foreign_Weapons_And_Hardware.mdx,mdx,3,Proof_Intel_Services,Proof_Intel_Services,no,Foreign Weapons & Hardware,Foreign Weapons,"CornerShot, ARCAS, shaped-charge, and specialty-weapon claims tying Israeli or foreign hardware to the UVU tent kill mechanism.",image,/img/evidence/258a0ad3ed9043b82a18b2e2d906d63a47da27c3511156d935fe495f32df8781.jpg,QmZjdHQxmcGs6soC5pt55m3RuL3s1BMBJMHNqcHi92P3n5,"This is a mobile phone screenshot of a social media story, likely from Facebook, showing a shared text-based chart about alleged &quot;Non Lethal Microwave Weapons&quot; and their physical…",ck-4sq-side,no,CK_AUTHOR_CREDIT,
/Proof_Intel_Services/Fort_Huachuca_Sept_9,site/docs/Proof_Intel_Services/Fort_Huachuca_Sept_9.mdx,mdx,3,Proof_Intel_Services,Proof_Intel_Services,no,Fort Huachuca — Sept 9 Meeting,Fort Huachuca,"The alleged Fort Huachuca Army intelligence meeting and SAM-702 VIP flight of Sept 8–9, 2025 — the unverified claim that Bradley Hansell was aboard, and unconfirmed photo claims about TPUSA-linked figures, two days before Charlie Kirk was killed.",none,,,,none,no,CK_AUTHOR_CREDIT,
/Proof_Intel_Services/Investigation_Index,site/docs/Proof_Intel_Services/Investigation_Index.mdx,mdx,3,Proof_Intel_Services,Proof_Intel_Services,no,Proof Intel Services — Investigation Index,Investigation Index,"Working memo for intelligence-service connection indicators in the Charlie Kirk case — NCTC shutdown, NSA phones, HADES flights, Egyptian jets, FBI signatures, and Israel motive.",none,,,,none,no,CK_AUTHOR_CREDIT,
/Proof_Intel_Services/Israel_Motive_Timeline,site/docs/Proof_Intel_Services/Israel_Motive_Timeline.mdx,mdx,3,Proof_Intel_Services,Proof_Intel_Services,no,Israel Motive Timeline,Israel Motive,September 2025 timeline of Charlie Kirk's reported break with pro-Israel donors and narratives — context for foreign-intelligence motive theories.,none,,,,none,no,CK_AUTHOR_CREDIT,
/Proof_Intel_Services/Israeli_Phones_Bumblehive,site/docs/Proof_Intel_Services/Israeli_Phones_Bumblehive.mdx,mdx,3,Proof_Intel_Services,Proof_Intel_Services,no,Israeli Phones & Bumblehive,Israeli Phones,"NSA Utah Data Center claims — Israeli and foreign cellphones at UVU during the shooting, Serena Hotel trace, and Bumblehive deanonymization.",none,,,,none,no,CK_AUTHOR_CREDIT,
/Proof_Intel_Services/Joe_Kent_Foreign_Inquiry_Shutdown,site/docs/Proof_Intel_Services/Joe_Kent_Foreign_Inquiry_Shutdown.mdx,mdx,3,Proof_Intel_Services,Proof_Intel_Services,no,Joe Kent — Foreign Inquiry Shutdown,Joe Kent / NCTC,Joe Kent says the FBI halted his NCTC foreign-nexus inquiry into Charlie Kirk's death — the most attributable U.S. intel thread in Proof Intel Services.,none,,,,none,no,CK_AUTHOR_CREDIT,
/Proof_Intel_Services/N1098L_HADES_Over_UVU,site/docs/Proof_Intel_Services/N1098L_HADES_Over_UVU.mdx,mdx,3,Proof_Intel_Services,Proof_Intel_Services,no,N1098L HADES Over UVU,N1098L HADES,"U.S. Army HADES ISR jet N1098L made extremely low passes near UVU on Sept 10, 2025 — before and after the shooting — a core Proof Intel Services indicator.",image,/img/evidence/18b37da1e1a18c3370c821fbba568dea410129e8809590efe31bfa0073e56672.jpg,Qme8FdeoxL5CitTFj32tsPnBu9rMSs5pHyqb1y86ZY6i1g,This is a digital screenshot of a social media post on X (formerly Twitter) by a user named Tommy (@tjphager).,ck-4sq-side,no,CK_AUTHOR_CREDIT,
/Proof_Intel_Services/Provo_Airport_Counter_UAS,site/docs/Proof_Intel_Services/Provo_Airport_Counter_UAS.mdx,mdx,3,Proof_Intel_Services,Proof_Intel_Services,no,Provo Airport Counter-UAS,Counter-UAS,"Claims of Egyptian-government contractors testing Counter-UAS gear at Provo Municipal Airport Sept 4–10, 2025 — DOD liaison badges and security skip.",image,/img/evidence/781289454f0c0fe4330607de536c9f1579c6ddf0e0d129419cc5507661c91b58.jpg,QmT4Curwh5WArDih672Y17mXCnjixgK5ZFjWMm5yC9N61g,"This is a digital screenshot of a desktop or tablet web browser displaying a Google Maps satellite view of Tuba City Airport in Arizona, alongside an informational side panel.",ck-4sq-stack,no,CK_AUTHOR_CREDIT,
/Proof_Intel_Services/State_Actors_Professional_Hit,site/docs/Proof_Intel_Services/State_Actors_Professional_Hit.mdx,mdx,3,Proof_Intel_Services,Proof_Intel_Services,no,State Actors & Professional Hit,State Actors,"Benny Johnson state-actors remark, professional-hit pattern analysis, and commentary tying Charlie Kirk's death to intelligence-style execution.",video,/img/video_posters/cba6467ccbd5e7ca8f47b0b57f6c2367d72f64b68a08736c59e434aef0c7a443.jpg,QmWnQXa9n7UQWEtGHVHMNVr8kmN7gYR9brubAPSj3xR4uD,,ck-4sq-side,no,CK_AUTHOR_CREDIT,
/Proof_Intel_Services/UVU_Sept_9_Foreknowledge,site/docs/Proof_Intel_Services/UVU_Sept_9_Foreknowledge.mdx,mdx,3,Proof_Intel_Services,Proof_Intel_Services,no,UVU Sept 9 Foreknowledge,Sept 9 Warnings,"UVU GRAMA records — Sept 9, 2025 warnings about a 'plan,' redacted message to Charlie Kirk, and security failures suggesting possible foreknowledge.",none,,,,none,no,CK_AUTHOR_CREDIT,
/Proof_Intel_Services/overview,site/docs/Proof_Intel_Services/overview.mdx,mdx,2,Proof_Intel_Services,,yes,Proof Intel Services,Proof Intel Services,"Hub for intelligence-service connection indicators around UVU Sept 10, 2025 — NCTC shutdown, NSA phones, HADES flights, Egyptian jets, FBI signatures, and Israel motive.",none,,,,none,no,CK_AUTHOR_CREDIT,
/campus_university/overview,site/docs/campus_university/overview.mdx,mdx,2,campus_university,,yes,Campus & University,Campus & University,This directory contains information about UVU and educational institution responses to the Charlie Kirk incident.,none,,,,none,no,CK_AUTHOR_CREDIT,
/government_organizations/overview,site/docs/government_organizations/overview.mdx,mdx,2,government_organizations,,yes,Government Organizations,Government Organizations,This page provides a map of the major government organizations that appear in discussions of the Charlie Kirk case. It does not attempt to adjudicate which…,image,/img/evidence/97154b07bb3e341cf3fc2d4f619ef45b8932369f2ed4dfc68dce46e55257c3e3.jpg,QmdKSv3Ua7j3eMQCKNhxL8dgt9yMRz5wQ5pGyYoqoWs7eo,"This image is a close-up, cropped macro photograph of a printed document or digital screen displaying black sans-serif text on a light, off-white background.",ck-4sq-stack,no,CK_AUTHOR_CREDIT,
/Security_Team/bobby-harpole,site/docs/Security_Team/bobby-harpole.mdx,mdx,3,Security_Team,Security_Team,no,Bobby Harpole,Bobby Harpole,"Bobby Harpole, described in open-source posts as the father of Integrity Security Solutions founder Brian Harpole — a retired Texas law-enforcement officer with a Masonic and funeral-services background. Presented with attribution.",video,/img/video_posters/9044e164a9c6e76fbe9e1746d11bbc155b2fbfbbfc310b6631017c6e5998945d.jpg,QmZdFUWDekCDBZcETphabnmTW4Y9vYk7EyPUJECsBXuDfo,,ck-4sq-stack,no,CK_AUTHOR_CREDIT,
/Security_Team/brian-harpole,site/docs/Security_Team/brian-harpole.mdx,mdx,3,Security_Team,Security_Team,no,Brian Harpole,Brian Harpole,"Brian Harpole, founder of Integrity Security Solutions, and an unverified open-source photo-comparison allegation raised by an X account. Presented with heavy attribution.",video,/img/video_posters/9044e164a9c6e76fbe9e1746d11bbc155b2fbfbbfc310b6631017c6e5998945d.jpg,QmZdFUWDekCDBZcETphabnmTW4Y9vYk7EyPUJECsBXuDfo,,ck-4sq-stack,no,CK_AUTHOR_CREDIT,
/Security_Team/dan-flood,site/docs/Security_Team/dan-flood.mdx,mdx,3,Security_Team,Security_Team,no,Dan Flood — Head of Security,Dan Flood — Head of Security,"Dan Flood, described in posts as Charlie Kirk's head of security, and the open questions an anonymous account raised about prior clients and the next day's event.",image,/img/evidence/0f55827920dc968fc59b4103c27782a48234dbad046b21af30181723ec746f70.jpg,QmdVQahT2w5dCmjYFC55xDRRuCJ3yyBSip63F4dHNxmfsm,This image is a digital screenshot of a text document or notes application featuring white sans-serif text set against a solid black background.,ck-4sq-side,no,CK_AUTHOR_CREDIT,
/Security_Team/greg-shaffer,site/docs/Security_Team/greg-shaffer.mdx,mdx,3,Security_Team,Security_Team,no,Greg Shaffer,Greg Shaffer,"Greg Shaffer, connected to Integrity Security Solutions, gave a public interview about how the firm came to guard Charlie Kirk and said he was ""stabbed in the back.""",image,/img/evidence/df27a7a7f2a56b3344e25c745b446ad159deffa66a8f8578ecb47d7b19471d43.jpg,QmaKRuKh8HnbkuusTMsLLjJsLeHKJTKR7DgjjM32H1MEGc,"This is a digital screen capture of a Facebook post from the &quot;Shaffer Security Group&quot; page, dated April 8, 2017.",ck-4sq-stack,no,CK_AUTHOR_CREDIT,
/Security_Team/integrity-security,site/docs/Security_Team/integrity-security.mdx,mdx,3,Security_Team,Security_Team,no,Integrity Security Solutions,Integrity Security Solutions,"The private security firm that guarded Charlie Kirk at UVU, how it was reportedly hired at the last minute, and the open questions raised about its setup.",image,/img/evidence/74c40a77189ab0c2206ee0bfb387dd939708946cee57e06fdaf3a056ff720b0a.jpg,QmdhCoUxHQBWNpqMGUoWMy7LVZYtSrd65oRSCpxiyhYcVf,This image is a composite presentation displaying two distinct views of an outdoor political event on a university campus.,ck-4sq-stack,no,CK_AUTHOR_CREDIT,
/Security_Team/next-event-no-plan,site/docs/Security_Team/next-event-no-plan.mdx,mdx,3,Security_Team,Security_Team,no,The Next Event Had No Security Plan,The Next Event Had No Security Plan,"An anonymous post claims the security team had no plan for Charlie Kirk's next scheduled event, Therese Bible College on September 11. Attributed as a claim.",image,/img/evidence/1a73aa67597c61690e7de8acfd3e90cb8e78d32e5749a2eb5dec9f10ea00109e.jpg,QmeURBim561drHyWVgeb7fgwZSsgN4UgoReTtwzWHsnraE,"This is a digital screenshot of an iPhone text message conversation between two unidentified individuals, displaying incoming messages in gray speech bubbles against a light gray…",ck-4sq-side,no,CK_AUTHOR_CREDIT,
/Security_Team/no-counter-snipers,site/docs/Security_Team/no-counter-snipers.mdx,mdx,3,Security_Team,Security_Team,no,No Counter-Snipers or Secret Service,No Counter-Snipers or Secret Service,"Posts report the detail had no counter-snipers and no Secret Service, and that campus police treated rooftops and airspace as outside the detail's jurisdiction.",image,/img/evidence/fae6e1ddb01b8bd52817d544cf6d30bc90659397296c1e103b580d285130e9aa.jpg,QmScGkL38CWcfTd75FmkFcpDCA7pifHh1smp8GgNSsicK6,"This is a composite graphic consisting of two stacked aerial-view panels, likely sourced from a mapping service or a 3D modeling environment.",ck-4sq-side,no,CK_AUTHOR_CREDIT,
/Security_Team/overview,site/docs/Security_Team/overview.mdx,mdx,2,Security_Team,,yes,Security Team,Security Team,"The private protective detail responsible for Charlie Kirk at UVU on September 10, 2025 — the contracted security firm, the people on the detail, and the reported failures in the protection plan.",image,/img/evidence/0f55827920dc968fc59b4103c27782a48234dbad046b21af30181723ec746f70.jpg,QmdVQahT2w5dCmjYFC55xDRRuCJ3yyBSip63F4dHNxmfsm,This image is a digital screenshot of a text document or notes application featuring white sans-serif text set against a solid black background.,ck-4sq-side,no,CK_AUTHOR_CREDIT,
/Security_Team/perimeter-rooftop-failures,site/docs/Security_Team/perimeter-rooftop-failures.mdx,mdx,3,Security_Team,Security_Team,no,Perimeter & Rooftop Failures,Perimeter & Rooftop Failures,"The protective-detail perimeter gap that left nearby rooftops uninspected, allowing the shooter to reach the Losee Center roof undetected.",image,/img/evidence/67573d79eadb8ee062e2af51914ecf074490c18c6e3b0d5dfcbc8188e17d7de1.jpg,QmdGwk8UsYzAK9iJyvD15dJcVTQSWGgUhbiAZTRt7Bu1tk,"This image shows several armed tactical law enforcement officers, some with &quot;SWAT&quot; markings, surrounding a single-story beige stucco house.",ck-4sq-stack,no,CK_AUTHOR_CREDIT,
/Security_Team/screening-credentials,site/docs/Security_Team/screening-credentials.mdx,mdx,3,Security_Team,Security_Team,no,Screening & Credential Gaps,Screening & Credential Gaps,"A post claims credentials were revoked for some affiliates yet one attendee was present and asked a question, raising an open question about screening at UVU.",none,,,,none,no,CK_AUTHOR_CREDIT,
/Security_Team/shaffer-security-group,site/docs/Security_Team/shaffer-security-group.mdx,mdx,3,Security_Team,Security_Team,no,Shaffer Security Group (SSG),Shaffer Security Group (SSG),"Shaffer Security Group (SSG), the private security firm that guarded Charlie Kirk on earlier tour stops, its founder former FBI agent Greg Shaffer, and the deleted post distancing SSG from the September 10 UVU detail.",image,/img/evidence/31b790bde60607d709f415a4ee99cd759744691ddb2ca492eb667b2a2d017e57.jpg,QmZ6hkkRGW8H5dqWxT4ApsKKYkgmEL5Zu4cwqSV6t4XLov,"Deleted @ShafferGroup tweet stating SSG was not contracted by TPUSA since 2022, alongside the Rockhouse Integrity Group LLC Texas business record",ck-4sq-side,no,CK_AUTHOR_CREDIT,
/TPUSA/Conservative-Activist-Movement,site/docs/TPUSA/Conservative-Activist-Movement.mdx,mdx,3,TPUSA,TPUSA,no,Conservative Activist Movement Context,Conservative Activist Movement,"How the U.S. conservative youth-activist ecosystem — anchored by TPUSA — shaped the political context around Charlie Kirk before and after September 10, 2025.",image,/img/evidence/86836ec03a58be019f72a8e872133b9a75ba4e22b3793150864d8eccae08ee71.jpg,QmSaJKnkBP4iBFCVy5xW1vcgoWQp9WMKRT8FHjvMHnX5G9,This image is a digital screenshot of a post from the social media platform X (formerly Twitter) by an account named &quot;Garbage Human.&quot; The post features an image of conservative…,ck-4sq-side,no,CK_AUTHOR_CREDIT,
/TPUSA/DOGE-TPUSA-Connection,site/docs/TPUSA/DOGE-TPUSA-Connection.mdx,mdx,3,TPUSA,TPUSA,no,DOGE-Style TPUSA Audit (Claims),DOGE-TPUSA Connection,Claims that Charlie Kirk launched a DOGE-style internal financial audit of TPUSA days before his death — and that post-death leadership reportedly abandoned it.,image,/img/evidence/addb61388389831fd0593897c7a6121d67c12187cfca0dfe2574ad7e2c1fa9f1.jpg,QmanEJSSaoYZUvz25EYS5ZAbTbn8Mp6E1LkXJDxQbyGMRn,"The image shows a high-angle, wide-shot view of a massive, densely packed crowd of people—mostly young adults—gathered in an outdoor concrete plaza or courtyard.",ck-4sq-stack,no,CK_AUTHOR_CREDIT,
/TPUSA/Faith-Freedom-Coalition,site/docs/TPUSA/Faith-Freedom-Coalition.mdx,mdx,3,TPUSA,TPUSA,no,Faith & Freedom Coalition (July 31 Context),Faith & Freedom Coalition,"The Faith & Freedom Coalition's reported role organizing the July 31, 2025 White House strategy session — and why investigators cite it in donor-alignment timelines.",image,/img/evidence/5d897ceb91fef1184bd5ac0996f9636f39860317e743a144852914e8a371eb13.jpg,QmeUphMAMmTCUphGdZVjci8HknnYy5bLLVSvAPYCpCVySe,This low-angle medium shot shows four adult men standing outdoors on and around a large stone structure engraved with the text &quot;FREEDOM PLAZA&quot;.,ck-4sq-stack,no,CK_AUTHOR_CREDIT,
/TPUSA/July_31_Meeting_Without_TPUSA,site/docs/TPUSA/July_31_Meeting_Without_TPUSA.mdx,mdx,3,TPUSA,TPUSA,no,July 31 White House Meeting Without TPUSA,July 31 Meeting — TPUSA Absent,"The July 31, 2025 off-the-record White House strategy session on Israel and MAGA antisemitism — organized without Charlie Kirk or TPUSA present.",image,/img/evidence/160a10070535469886e2cc3d3e3363b6fd16b6cb010278b6195c7b7719d4148d.jpg,QmfMVrccgJHUVjoBvuGSxASHKZzcaHydTh7HySyNRVVyBU,This image is a digital screenshot of a social media post showing two boys standing outside a suburban house in Halloween costumes.,ck-4sq-stack,no,CK_AUTHOR_CREDIT,
/TPUSA/Latino-Coalition-Israel,site/docs/TPUSA/Latino-Coalition-Israel.mdx,mdx,3,TPUSA,TPUSA,no,Latino Coalition for Israel (July 31 Context),Latino Coalition for Israel,"Latino Coalition for Israel's reported co-sponsorship of the July 31, 2025 White House session and its place in pro-Israel advocacy networks tied to the Kirk case.",none,,,,none,no,CK_AUTHOR_CREDIT,
/TPUSA/Paul_Singer_Funding,site/docs/TPUSA/Paul_Singer_Funding.mdx,mdx,3,TPUSA,TPUSA,no,Paul Singer and Conservative Funding Networks,Paul Singer Funding,"Public reporting on billionaire Paul Singer's funding ties to pro-Israel advocacy groups connected to pre-assassination political meetings — context only, not allegations of wrongdoing.",image,/img/evidence/e8f38f2f89b3f3dbe7d2e0b1734ba58f9001694aa5d9a97290e3ff1a7d26e672.jpg,QmQWsG6vxj8FAPWQ7TZZMyYYt1dcoiAdrHYNupsRrzrDjQ,This image is a high-resolution scan or digital document of a formal legal letter.,ck-4sq-side,no,CK_AUTHOR_CREDIT,
/TPUSA/Philos_Project_Funding,site/docs/TPUSA/Philos_Project_Funding.mdx,mdx,3,TPUSA,TPUSA,no,Philos Project and Pro-Israel Advocacy Funding,Philos Project Funding,"The Philos Project's role in pro-Israel conservative advocacy and its connection to the July 31, 2025 White House strategy meeting — documented context for TPUSA donor dynamics.",image,/img/evidence/e0fcb8096c4cf4f9530e80b5ab067047f0325a6257cb25cd4abf53e1011e2f74.jpg,QmaDsRsDxSnLpwKdrDndtUa8HZ8PTvZ9VwFKHmQRuvpdRF,This image is a digital infographic and conspiracy theory flow chart titled &quot;Targeted Individual Diagram&quot; designed to illustrate a purported secret government harassment program.,ck-4sq-stack,no,CK_AUTHOR_CREDIT,
/TPUSA/Progressive-Policy-Opposition,site/docs/TPUSA/Progressive-Policy-Opposition.mdx,mdx,3,TPUSA,TPUSA,no,Progressive Policy Opposition to Kirk,Progressive Policy Opposition,Documented progressive and campus-left opposition to Charlie Kirk's politics before September 10 — distinct from assassination motive claims.,image,/img/evidence/04d249d89e588fa81099250c66a86b4a3e52789be71da5319b55534a4c7b26f2.jpg,QmaWzG8D5HWkQ6SaxU7zm2jYTAJRaFGUwntGjvFiLyXzX6,"This is a digital screen capture of an online news broadcast, likely from the progressive media outlet &quot;The Young Turks&quot; (TYT).",ck-4sq-stack,no,CK_AUTHOR_CREDIT,
/TPUSA/Right-Wing-Politics-Context,site/docs/TPUSA/Right-Wing-Politics-Context.mdx,mdx,3,TPUSA,TPUSA,no,Right-Wing Politics Context (2025),Right-Wing Politics Context,"How 2025 right-wing political realignments — America First skepticism, donor pressure, and Israel debates — framed Charlie Kirk and TPUSA before the UVU event.",image,/img/evidence/9171be77122d131228de7635bc6b2189bcfd0e9a264c60dd324db90e1d8df437.jpg,QmZkbXAacgF6R2ccEo1cV9gQevGKqDFEv2soGviV3osPty,This image is a composite digital screenshot displaying an iMessage chat thread on the left side and an associated X (formerly Twitter) social media post with user comments on the…,ck-4sq-side,no,CK_AUTHOR_CREDIT,
/TPUSA/TPUSA-Absence-July-31,site/docs/TPUSA/TPUSA-Absence-July-31.mdx,mdx,3,TPUSA,TPUSA,no,Why TPUSA Was Absent on July 31,TPUSA Absence — July 31,"Focused analysis of why investigators highlight Charlie Kirk and TPUSA's reported absence from the July 31, 2025 White House Israel strategy session.",none,,,,none,no,CK_AUTHOR_CREDIT,
/TPUSA/TPUSA-Founder-Charlie,site/docs/TPUSA/TPUSA-Founder-Charlie.mdx,mdx,3,TPUSA,TPUSA,no,Charlie Kirk as TPUSA Founder,TPUSA Founder — Charlie,"Charlie Kirk's role founding and leading TPUSA — structure, public mission, donor ties, and what changed after his death.",none,,,,none,no,CK_AUTHOR_CREDIT,
/TPUSA/TPUSA,site/docs/TPUSA/TPUSA.mdx,mdx,3,TPUSA,TPUSA,no,TPUSA Organization,TPUSA Organization,"This page provides more detailed context on Turning Point USA (TPUSA)—its structure, leadership, and roles that have been discussed in relation to Charlie…",image,/img/evidence/82a6ca1f5a2a89562736a43bc84f2c3f8e4f8fab2a7848285f31df5b8b059d26.jpg,QmadMe9e3VteTV9bEekMkV14qMSue7GunsJFJnhK7cJstD,This is a digital screenshot of a mobile web browser displaying a PDF document on the ProPublica website.,ck-4sq-side,no,CK_AUTHOR_CREDIT,
/TPUSA/TPUSA_Opposite_Charlie,site/docs/TPUSA/TPUSA_Opposite_Charlie.mdx,mdx,3,TPUSA,TPUSA,no,Fourteen Ways TPUSA Went the Opposite Direction After Kirk,TPUSA Contradicts Kirk's Legacy,Fourteen documented areas where post-death TPUSA leadership allegedly reversed or contradicted the positions Charlie Kirk publicly held during his lifetime—from Thomas Massie to Iran policy to the DOGE-style audit Kirk launched days before his death.,image,/img/evidence/866cae0fe55eac0b5a25595deac6fcfce28aeb3f0b0a7af420ba7b62c24b4488.jpg,Qmeq1cm2RTfpHJgMuTygoAwyLgPZaqa1xPBTLTgiyWeNaj,"This is a medium-wide, outdoor video still capturing a bearded man in sunglasses standing with his hands clasped in front of him.",ck-4sq-side,no,CK_AUTHOR_CREDIT,
/TPUSA/TPUSA_Replacement_Timeline,site/docs/TPUSA/TPUSA_Replacement_Timeline.mdx,mdx,3,TPUSA,TPUSA,no,TPUSA Leadership Succession After Kirk's Death,TPUSA Replacement Timeline,Reported timeline of TPUSA leadership announcements and media appearances in the hours and days after Charlie Kirk's assassination.,none,,,,none,no,CK_AUTHOR_CREDIT,
/TPUSA/Trump-Support-After-Death,site/docs/TPUSA/Trump-Support-After-Death.mdx,mdx,3,TPUSA,TPUSA,no,Trump Administration Response After Kirk's Death,Trump Support After Death,"Documented White House and Trump-administration responses after Charlie Kirk's death — medal, investigation statements, and political framing.",image,/img/evidence/7f9d937f8c7a5b01562183357ba03ef9bc643c8d6f9bbccd3ce25bf60917cf9e.jpg,QmW9S3ZXeYZ1hURbginvLDtEVRUNNi59P3uUsMLedGKEv4,This image is a digital screenshot of a mobile news article from *The New York Times*.,ck-4sq-side,no,CK_AUTHOR_CREDIT,
/TPUSA/apple-podcasts-removed-charlie,site/docs/TPUSA/apple-podcasts-removed-charlie.mdx,mdx,3,TPUSA,TPUSA,no,Apple Podcasts: Charlie's 752 Episodes Removed,Apple Podcasts Removed Charlie,Apple Podcasts listed 752 episodes of The Charlie Kirk Show in August 2025. Every episode published in August 2025 or earlier is now gone from the platform under its original date.,none,,,,none,no,CK_AUTHOR_CREDIT,
/TPUSA/apple-podcasts-removed-episode-list,site/docs/TPUSA/apple-podcasts-removed-episode-list.mdx,mdx,4,TPUSA,TPUSA,no,"Every Apple Podcasts Episode Removed: The Full List of 1,793","The 1,793 Removed Episodes","The complete, episode-by-episode list of the 1,793 Charlie Kirk Show episodes that Wayback Machine captures show were on Apple Podcasts and that are gone from the live Apple catalog as of July 31, 2026. Every one was published while Charlie Kirk was alive.",none,,,,none,no,CK_AUTHOR_CREDIT,
/TPUSA/charlie-kirk-handler-remark,site/docs/TPUSA/charlie-kirk-handler-remark.mdx,mdx,3,TPUSA,TPUSA,no,Charlie Kirk's Handler (Reference),Charlie Kirk's Handler (Reference),A 26-second clip circulated in July 2026 in which the speaker — identified by the posters as Turning Point COO Tyler Bowyer — describes Mikey McCoy as Charlie Kirk's 'assistant and handler.' This page records only that the word was used on stage by that speaker; it makes no claim of its own about what the word means.,none,,,,none,no,CK_AUTHOR_CREDIT,
/TPUSA/charlie-replace-coo,site/docs/TPUSA/charlie-replace-coo.mdx,mdx,3,TPUSA,TPUSA,no,Charlie Replaces the COO (Sept 2 Memo),Charlie Replaces the COO,"The September 2, 2025 internal memo in which Charlie Kirk reportedly named Justin Streiff as new COO and, per some accounts, moved Tyler Bowyer out — eight days before the assassination. Attributed claims, not proven findings.",image,/img/evidence/5a5aedf2fdc6a28b84f2a824143de13295868fcc7aa669c9a11886d9d9a02d1e.jpg,QmRFAJS6o7d9MYGVM1GA6ePfyK41skaU4hkcdEhMcdt9nT,This is a digital image of a printed or digitally rendered document titled &quot;INTERNAL MEMO&quot; from Turning Point USA.,ck-4sq-side,no,CK_AUTHOR_CREDIT,
/TPUSA/doge-audit,site/docs/TPUSA/doge-audit.mdx,mdx,3,TPUSA,TPUSA,no,TPUSA DOGE Audit (What Charlie Ordered),TPUSA DOGE Audit,"What Charlie Kirk reportedly ordered in his September 2, 2025 internal memo — a DOGE-style efficiency and financial audit of Turning Point USA — days before his death. Attributed claims, not proven findings.",none,,,,none,no,CK_AUTHOR_CREDIT,
/TPUSA/no-security-plan-sept-11,site/docs/TPUSA/no-security-plan-sept-11.mdx,mdx,3,TPUSA,TPUSA,no,"No Security Plan for the September 11, 2025 Event (Alleged)",No Security Plan — Sept 11 Event,"Candace Owens alleged, citing an anonymous tipster, that TPUSA security had no plan or police coordination prepared for Charlie Kirk's September 11, 2025 Colorado appearance. This is alleged by others. We do not allege it.",none,,,,none,no,CK_AUTHOR_CREDIT,
/TPUSA/overview,site/docs/TPUSA/overview.mdx,mdx,2,TPUSA,,yes,TPUSA (Turning Point USA),TPUSA (Turning Point USA),"This page provides an overview of Turning Point USA (TPUSA) as it relates to Charlie Kirk’s life, work, and the questions raised by his death. It does not…",image,/img/evidence/094e2f88c480386133a87a76b1342a3f77906b4c47afc80641e4a8e4a63e9915.jpg,QmP3QMMCrAeAYE9da2ugxYaHSLbaiAhe2icToLNVz2BuQD,"This is a digital image featuring a graphic presentation with a light olive-green background, compiled to highlight military connections of certain Christian figures.",ck-4sq-stack,no,CK_AUTHOR_CREDIT,
/TPUSA/people-related-to-tpusa,site/docs/TPUSA/people-related-to-tpusa.mdx,mdx,3,TPUSA,TPUSA,no,People Related to TPUSA,People Related to TPUSA,"A table of contents for the people connected to Turning Point USA — founders, executives, board members, staff, and the advancement figures named in the financial reporting — linking to their full profiles in the People section.",none,,,,none,no,CK_AUTHOR_CREDIT,
/TPUSA/tpusa-iran-bombing-support,site/docs/TPUSA/tpusa-iran-bombing-support.mdx,mdx,3,TPUSA,TPUSA,no,Does TPUSA Support the Iran War After Charlie?,TPUSA on Bombing Iran,"Whether TPUSA and The Charlie Kirk Show shifted toward supporting U.S. bombing and air strikes on Iran after Charlie Kirk's death — the December 2025 Pentagon question, the 2026 air campaign commentary, and the hosts' own framing.",image,/img/evidence/78f0d7ecb206513e53ffc423d6914586550cf6264c00bdca0888d7635d7fd6e5.jpg,QmV1wMStPBiBSUt2PFA5gfVPF1xQScbZXBxaKT5vQQzLB6,"This low-resolution, slightly blurry image captures a crowded outdoor event, likely a political rally or public gathering, under bright daylight.",ck-4sq-side,no,CK_AUTHOR_CREDIT,
/TPUSA/tpusa-tyler-robinson-chat,site/docs/TPUSA/tpusa-tyler-robinson-chat.mdx,mdx,3,TPUSA,TPUSA,no,TPUSA and Tyler Robinson Chat,TPUSA & Tyler Robinson Chat,"A reported claim that the alleged assassin arrived at UVU on the morning of September 10, 2025 and made contact with a Turning Point USA representative hours before Charlie Kirk was shot.",video,/img/video_posters/d1f167ee3db44aa903079ba8d176aaf45b85ab8d22698f0ed91bf7d8694358dc.jpg,QmRQPGX5NXGVNuwgop1exEDgRFL6ugh7Hf883Yj6ZcBema,,ck-4sq-stack,no,CK_AUTHOR_CREDIT,
/TPUSA/were-charlie-podcasts-deleted,site/docs/TPUSA/were-charlie-podcasts-deleted.mdx,mdx,3,TPUSA,TPUSA,no,Were Charlie's Podcasts Deleted?,Were Charlie Podcasts Deleted,"Direct check of whether the episodes Charlie Kirk himself hosted before September 10, 2025 are still on Spotify and Apple Podcasts today — measured against the show's own master RSS feed.",none,,,,none,no,CK_AUTHOR_CREDIT,
/TPUSA/Nonprofits/americas-turning-point,site/docs/TPUSA/Nonprofits/americas-turning-point.mdx,mdx,4,TPUSA,TPUSA,no,America's Turning Point (501c3),America's Turning Point,"The 501(c)(3) sibling entity run by Tyler Bowyer that receives its revenue via transfers from Turning Point USA. Overview of the $8.6M grant, the ~80 unreported employees claim, and the disputed political-activity question.",image,/img/evidence/be8f842f220822bde278861ce4195bfd602eb7dc166a48dd128e6a88b8b842bd.jpg,QmdEvPuTCggMqhoBEJXheu3eRVYFovNriJQUE13bMhmzJN,This is a promotional graphic or digital collage showcasing &quot;The Armstrong Williams Show&quot; across multiple media devices.,ck-4sq-side,no,CK_AUTHOR_CREDIT,
/TPUSA/Nonprofits/faith-and-family-foundation,site/docs/TPUSA/Nonprofits/faith-and-family-foundation.mdx,mdx,4,TPUSA,TPUSA,no,Faith and Family Foundation Charity (Twiggs),Faith and Family Foundation,"A Texas non-profit corporation linked in the notes to the Twiggs family, whose name recurs in the investigation. Overview of the public filing details. Attributed public-record claims.",image,/img/evidence/7cf4b4697e80062c2acdf2f6bd43082ca47169c1f7ae4afa067a6a525861fd10.jpg,QmTcXKGkRCbbb86whjk5YaSPPLMCENKKxPv7Pw6xixCAYt,"This image is a screenshot of a social media post on Facebook from the account &quot;TPUSA Faith,&quot; dated February 27, 2023.",ck-4sq-side,no,CK_AUTHOR_CREDIT,
/TPUSA/Nonprofits/heritage-foundation,site/docs/TPUSA/Nonprofits/heritage-foundation.mdx,mdx,4,TPUSA,TPUSA,no,Heritage Foundation (Context),Heritage Foundation,"The conservative think tank that recurs at the edges of the investigation — an early-named person's internship, a donor's departure over Tucker Carlson, and shared donors with TPUSA. Attributed context, not accusation.",image,/img/evidence/e058c3de5cce9efa515b2ae526fff87257e85cd6407a5fc25396741c12089a7a.jpg,QmTjJUGvke7ZM27GeMBq7Hwu322hnXhhGFWZinYEmPWQbC,This is a digital screenshot showing a list of search or social media feed results on a dark-mode interface.,ck-4sq-stack,no,CK_AUTHOR_CREDIT,
/TPUSA/Nonprofits/overview,site/docs/TPUSA/Nonprofits/overview.mdx,mdx,3,TPUSA,TPUSA,yes,Nonprofits Related to TPUSA,Nonprofits Related to TPUSA,"A catalog of the 501(c) nonprofits, foundations, and PACs in and around the Turning Point family — the four Turning Point entities plus donor foundations and adjacent charities. Attributed claims, not proven findings.",none,,,,none,no,CK_AUTHOR_CREDIT,
/TPUSA/Nonprofits/turning-point-action,site/docs/TPUSA/Nonprofits/turning-point-action.mdx,mdx,4,TPUSA,TPUSA,no,Turning Point Action (501c4),Turning Point Action,"The 501(c)(4) political arm of Turning Point, run by Tyler Bowyer. Overview of its Chase the Vote ballot operation, its FY24 budget jump, and the attributed question of whether its political spending was under-reported. Disputed by TPUSA.",image,/img/evidence/ec42647683ab986a336733be2497e9904d9a09387b1e3629ef4b695fc0bb1bdd.jpg,QmW5FPLZwsWDCyXgMpAyvCxbewnoP78bHoeKzjUASCQ3dG,"This high-speed action photograph captures the dramatic, mid-air explosion of a large, fluid-filled object, creating a massive burst of reddish-brown liquid.",ck-4sq-stack,no,CK_AUTHOR_CREDIT,
/TPUSA/Nonprofits/turning-point-endowment,site/docs/TPUSA/Nonprofits/turning-point-endowment.mdx,mdx,4,TPUSA,TPUSA,no,Turning Point Endowment (501c3),Turning Point Endowment,The 501(c)(3) that holds Turning Point's investments. Overview of its stated purpose and the attributed claim that its 990 filings were among those missing. Disputed by TPUSA.,image,/img/evidence/42339a52b1c3d686e611d5a25e1d30ab58804d4868ed01df9bddf1a6d371fb7d.jpg,QmViFR8TJNMuf49EmdZbCzdfjLmYapP1RCsqGBR2WkKAV3,"This image is a digital infographic titled &quot;BLUEPRINT FOR REGIME CHANGE&quot; that visually maps out connections between various United States government agencies, non-governmental…",ck-4sq-stack,no,CK_AUTHOR_CREDIT,
/TPUSA/Nonprofits/turning-point-pac,site/docs/TPUSA/Nonprofits/turning-point-pac.mdx,mdx,4,TPUSA,TPUSA,no,Turning Point PAC,Turning Point PAC,Turning Point's political action committee — the entity that is 100% permitted to do political activity. Overview of its role in the reporting debate over where Turning Point's political spending belongs.,none,,,,none,no,CK_AUTHOR_CREDIT,
/TPUSA/Nonprofits/turning-point-usa,site/docs/TPUSA/Nonprofits/turning-point-usa.mdx,mdx,4,TPUSA,TPUSA,no,Turning Point USA (501c3),Turning Point USA,"The flagship 501(c)(3) that Charlie Kirk founded and led. Overview of its charitable purpose, its place at the center of the investigation, and the attributed financial questions raised after his death.",none,,,,none,no,CK_AUTHOR_CREDIT,
/TPUSA/Nonprofits/tw-lewis-foundation,site/docs/TPUSA/Nonprofits/tw-lewis-foundation.mdx,mdx,4,TPUSA,TPUSA,no,T.W. Lewis Foundation,T.W. Lewis Foundation,A conservative donor foundation that reportedly lists Turning Point USA as a key partner and has funded it. Overview of the donor relationship and the associated aviation LLC. Attributed public claims.,image,/img/evidence/e619353e12d93cc4763d6e3b86888cc403c5c97bae5aa539afc5b1a46c2cef10.jpg,QmSMF6TG7A1GYxigGKQFvnXJKhTWT1bope2daKjX1cSTAd,"A high-angle, top-down photograph of a blue plastic storage clipboard resting on a desk or table surface.",ck-4sq-stack,no,CK_AUTHOR_CREDIT,
/TPUSA/LLCs/1ten-llc,site/docs/TPUSA/LLCs/1ten-llc.mdx,mdx,4,TPUSA,TPUSA,no,1Ten LLC (Claims),1Ten LLC,"A limited-liability company named in citizen-investigator reporting in connection with TPUSA direct-mail payments and Arizona figure Jake Hoffman. Attributed claims, not proven findings.",none,,,,none,no,CK_AUTHOR_CREDIT,
/TPUSA/LLCs/clock-tower-x-llc,site/docs/TPUSA/LLCs/clock-tower-x-llc.mdx,mdx,4,TPUSA,TPUSA,no,Clock Tower X LLC — Brad Parscale (Claims),Clock Tower X LLC (Parscale),"A Brad Parscale limited-liability company whose FARA filing dated eight days after Charlie Kirk's death covered Israeli-government messaging work routed into Salem Media. Attributed claims, not proven findings.",none,,,,none,no,CK_AUTHOR_CREDIT,
/TPUSA/LLCs/clocktower-llc,site/docs/TPUSA/LLCs/clocktower-llc.mdx,mdx,4,TPUSA,TPUSA,no,Clocktower LLC (Claims),Clocktower LLC,"A dissolved limited-liability company named in citizen-investigator reporting as the recipient of a large TPUSA 'research project' payment with no public deliverables. Attributed claims, not proven findings.",none,,,,none,no,CK_AUTHOR_CREDIT,
/TPUSA/LLCs/cloverstone-llc,site/docs/TPUSA/LLCs/cloverstone-llc.mdx,mdx,4,TPUSA,TPUSA,no,Cloverstone LLC (Claims),Cloverstone LLC,"A limited-liability company named in citizen-investigator reporting as one of the entities allegedly tied to TPUSA advancement director Stacy Sheridan. Attributed claims, not proven findings.",none,,,,none,no,CK_AUTHOR_CREDIT,
/TPUSA/LLCs/gglf-2023-llc,site/docs/TPUSA/LLCs/gglf-2023-llc.mdx,mdx,4,TPUSA,TPUSA,no,GGLF 2023 LLC — Life Insurance Policy (Claims),GGLF 2023 LLC,"A Wyoming limited-liability company reported to have owned a life-insurance policy on Charlie Kirk, with TPUSA reportedly paying a loan against it. Attributed public-record claims, not proven findings.",image,/img/evidence/18bec2a2476d280d9390d700ff4ecc13107b994939b1d1751dd59351225c2731.jpg,Qmc4UBcYmGny39FQGLuSWET1UxytLrhbeok6ssoF48zhjy,"This is a medium-wide interior photograph of the rear passenger seating area in a modern, luxury sports utility vehicle (SUV).",ck-4sq-stack,no,CK_AUTHOR_CREDIT,
/TPUSA/LLCs/hardscape-specialties-llc,site/docs/TPUSA/LLCs/hardscape-specialties-llc.mdx,mdx,4,TPUSA,TPUSA,no,Hardscape Specialties LLC — UVU Tent Paving (Claims),Hardscape Specialties LLC,"The company reported to have paved the UVU tent area, part of the disputed rapid re-paving of the scene after the shooting. Attributed claims, not proven findings.",none,,,,none,no,CK_AUTHOR_CREDIT,
/TPUSA/LLCs/lasai-aviation-ii-llc,site/docs/TPUSA/LLCs/lasai-aviation-ii-llc.mdx,mdx,4,TPUSA,TPUSA,no,LASAI Aviation II LLC — Operator of N1098L (Claims),LASAI Aviation II LLC,"The defense-contractor operator of the N1098L jet tracked around the Charlie Kirk timeline; described as an ISR (intelligence, surveillance, reconnaissance) contractor. Attributed public-record claims.",image,/img/evidence/7dbcc9a3a20d35536a728f55f1bd3a364c4c2b7d6a085f27c0d6d5ddf2c4437d.jpg,QmZeYEmbuoSXDANRXRDEYXnJTWjLSgnWQoHgKxprH6ZNSw,"This is a medium-wide shot of an outdoor public gathering, likely a political rally or campaign event, featuring a dense crowd of onlookers situated behind a metal crowd barrier.",ck-4sq-side,no,CK_AUTHOR_CREDIT,
/TPUSA/LLCs/lionrock-llc,site/docs/TPUSA/LLCs/lionrock-llc.mdx,mdx,4,TPUSA,TPUSA,no,Lionrock LLC (Claims),Lionrock LLC,"A limited-liability company named in citizen-investigator reporting as one of the shell entities allegedly tied to TPUSA advancement director Stacy Sheridan. Attributed claims, not proven findings.",image,/img/evidence/3279b803756c9f527c7b72c3f74930a6604b8480861e1a79b581bbb2c665e56c.jpg,QmQj2ycaCywSU2xLozNYsUQuThRugzuwudzQBfSsDiC9z8,"This is a digital graphic flow chart titled &quot;Payments to Insider-Connected Entities Across 10 Fiscal Years.&quot; It maps financial connections, salaries, and contractor billings…",ck-4sq-side,no,CK_AUTHOR_CREDIT,
/TPUSA/LLCs/n888kg-llc,site/docs/TPUSA/LLCs/n888kg-llc.mdx,mdx,4,TPUSA,TPUSA,no,N888KG LLC — Post-Shooting Jet (Claims),N888KG LLC,"The Utah-registered LLC that owns a private jet (tail N888KG) which flight-trackers say departed near Provo about an hour after the shooting. Attributed public-record claims, not proven findings.",image,/img/evidence/84067bfb4bb78154b6943de40eb4d570f54d71996bcff5e776263b748266e8be.jpg,QmZoNbqb4ifL9KqmVPoqaZJ6mtADFpc9ZjWXkq2BNpeR12,"This is a digital screenshot of a webpage displaying business registration information for &quot;N888KG LLC.&quot; The text is presented in a clean, dark gray sans-serif font against a…",ck-4sq-stack,no,CK_AUTHOR_CREDIT,
/TPUSA/LLCs/overview,site/docs/TPUSA/LLCs/overview.mdx,mdx,3,TPUSA,TPUSA,yes,LLCs Related to TPUSA,LLCs Related to TPUSA,"A catalog of limited-liability companies that citizen investigators connect — directly or loosely — to Turning Point USA, its people, or the events around Charlie Kirk's death. Attributed claims, not proven findings.",none,,,,none,no,CK_AUTHOR_CREDIT,
/TPUSA/LLCs/precision-granite-marble-llc,site/docs/TPUSA/LLCs/precision-granite-marble-llc.mdx,mdx,4,TPUSA,TPUSA,no,Precision Granite & Marble LLC (Claims),Precision Granite & Marble LLC,"A masonry LLC that unverified claims associate with the Robinson family and, speculatively, with tent-area construction at UVU. Attributed rumor-level claims, not proven findings.",image,/img/evidence/f897b709fd6b718766c25ebfa65f1d95e44ee8e8203fd99abd2d513e3e9b3495.jpg,QmYcVieCeMHTrQHNsgq2zoBWBfhSZ5jh2t4KWv84pi7fmL,This is a digital screenshot of a social media post on the platform X (formerly Twitter) by an account named &quot;Project Constitution&quot; with the handle &quot;@ProjectConstitu&quot;.,ck-4sq-stack,no,CK_AUTHOR_CREDIT,
/TPUSA/LLCs/robinsonstg-llc,site/docs/TPUSA/LLCs/robinsonstg-llc.mdx,mdx,4,TPUSA,TPUSA,no,RobinsonSTG LLC (Claims),RobinsonSTG LLC,"A St. George, Utah LLC that unverified claims associate with a member of Tyler Robinson's family through a shared registered agent. Attributed rumor-level claims, not proven findings.",image,/img/evidence/87891e070cf379990783a05eaff15898829328fb5d733b535c2f82bb5ff2531f.jpg,QmRNaP1nUPLwUAiUJy65hXkTVrCXobZVp5AK9yC4WfLYuz,"This is a digital screenshot of a corporate registry or business information webpage, displaying details for a company named &quot;ROBINSONSTG, LLC&quot;.",ck-4sq-side,no,CK_AUTHOR_CREDIT,
/TPUSA/LLCs/rockhouse-integrity-group-llc,site/docs/TPUSA/LLCs/rockhouse-integrity-group-llc.mdx,mdx,4,TPUSA,TPUSA,no,Rockhouse Integrity Group LLC (Integrity Security Solutions),Rockhouse Integrity Group LLC,"The limited-liability company doing business as Integrity Security Solutions, discussed as a security vendor connected to Charlie Kirk's protective arrangements. Attributed claims, not proven findings.",image,/img/evidence/e5afed646a493a21fe4d619dc17b70884476683ff3a1f0460de2d566c00c018e.jpg,Qmd97rntvKF4FzHsPYvqQ7PginHZVWfGatuGYTPRHdc3mH,This is a digital screenshot of a social media post on X (formerly Twitter) by the user ShafferSecurityGroup (@ShafferGroup).,ck-4sq-stack,no,CK_AUTHOR_CREDIT,
/TPUSA/LLCs/tw-lewis-aviation-llc,site/docs/TPUSA/LLCs/tw-lewis-aviation-llc.mdx,mdx,4,TPUSA,TPUSA,no,T.W. Lewis Aviation LLC (Claims),T.W. Lewis Aviation LLC,"The aviation LLC tied to the T.W. Lewis Foundation, a conservative donor that lists TPUSA as a key partner; an associated aircraft was tracked near the timeline. Attributed public-record claims.",image,/img/evidence/6acf4eb20f4121ef1507958218cbe8fa3753abe3c6b1b51d9d6f089fbed5d81d.jpg,QmVrFsbTU2FS6zpQf7uXSu7kaXpCR8X5FLHMHU8viwdPuX,Evidence image,ck-4sq-stack,no,CK_AUTHOR_CREDIT,
/TPUSA/Companies/baker-tilly,site/docs/TPUSA/Companies/baker-tilly.mdx,mdx,4,TPUSA,TPUSA,no,Baker Tilly — TPUSA's Auditor (Claims),Baker Tilly (Auditor),"The accounting firm that reportedly performs Turning Point's annual financial audit, one of which is said to have concluded June 20, 2025, weeks before Charlie Kirk's death. Attributed claims, not proven findings.",none,,,,none,no,CK_AUTHOR_CREDIT,
/TPUSA/Companies/boston-consulting-group,site/docs/TPUSA/Companies/boston-consulting-group.mdx,mdx,4,TPUSA,TPUSA,no,Boston Consulting Group (BCG) — Context (Claims),Boston Consulting Group (BCG),"The global consulting firm that recurs at the edges of the case through the resume of an intelligence official on a scrutinized flight and reported Gaza-related work. Attributed context, not accusation.",image,/img/evidence/ada6257bbc11b58532ef24defb115ab5fe7ee2e9fe6cf7958363cc95d7669852.jpg,QmNQJSxRBykBHVojMNa8wWqWCnjx5JjRzc8xqwPzoQyEKG,"This is a medium-wide indoor group photograph of nine people—comprising children, teenagers, and adults—smiling and posing together on a carpeted staircase.",ck-4sq-stack,no,CK_AUTHOR_CREDIT,
/TPUSA/Companies/moore-dm-group,site/docs/TPUSA/Companies/moore-dm-group.mdx,mdx,4,TPUSA,TPUSA,no,Moore DM Group / 'Resource One' (Claims),Moore DM Group / Resource One,"A large political direct-mail company that citizen investigators say is the real entity behind TPUSA's 'Resource One' printing line, alleging a gap between $9M+ paid and $1.35M reported. Attributed claims, disputed.",image,/img/evidence/3279b803756c9f527c7b72c3f74930a6604b8480861e1a79b581bbb2c665e56c.jpg,QmQj2ycaCywSU2xLozNYsUQuThRugzuwudzQBfSsDiC9z8,"This is a digital graphic flow chart titled &quot;Payments to Insider-Connected Entities Across 10 Fiscal Years.&quot; It maps financial connections, salaries, and contractor billings…",ck-4sq-side,no,CK_AUTHOR_CREDIT,
/TPUSA/Companies/overview,site/docs/TPUSA/Companies/overview.mdx,mdx,3,TPUSA,TPUSA,yes,Companies Related to TPUSA,Companies Related to TPUSA,"A catalog of for-profit companies — vendors, media firms, consultancies, and the outside auditor — that citizen investigators connect to Turning Point USA or the events around Charlie Kirk's death. Attributed claims, not proven findings.",none,,,,none,no,CK_AUTHOR_CREDIT,
/TPUSA/Companies/salem-media,site/docs/TPUSA/Companies/salem-media.mdx,mdx,4,TPUSA,TPUSA,no,Salem Media (Claims),Salem Media,The conservative media company that carried Charlie Kirk's show and whose properties a Brad Parscale FARA filing reportedly targeted for Israeli-government messaging integration. Attributed public-record claims.,none,,,,none,no,CK_AUTHOR_CREDIT,
/TPUSA/Companies/superfeed-technologies,site/docs/TPUSA/Companies/superfeed-technologies.mdx,mdx,4,TPUSA,TPUSA,no,Superfeed Technologies (Claims),Superfeed Technologies,"A technology company whose board reportedly includes Erika Kirk's mother Lori Frantzve alongside Turning Point Action COO Tyler Bowyer, with alleged money routed from TP Action. Attributed claims, not proven findings.",image,/img/evidence/d1d5eb72b628201e46b8037fc09323e7b428761af7199591af2cf73253673674.jpg,QmSB4LxampsfK6h6FfE8eDes71tmVpX5ko6tRWpp3CTLYK,"This is an aerial satellite photograph of a university campus, overlaid with colorful graphical markings, distance lines, and location pins.",ck-4sq-stack,no,CK_AUTHOR_CREDIT,
/court/Cellebrite,site/docs/court/Cellebrite.mdx,mdx,3,court,Court,no,Cellebrite — Israeli Forensics Firm,Cellebrite,"Cellebrite, the Israeli digital-forensics company named in courtroom testimony as the tool used to extract data from Lance Twiggs' phone in State of Utah v. Tyler Robinson.",video,/img/video_posters/4d318b30e24f2ecef9a49d4edb91db23772dfb4793fe62185050cd45368ab07b.jpg,QmR3y2v5F5uHzCrUJ79s8M2bKoFqPi3cBY2KZvrFabq3oj,,ck-4sq-stack,no,CK_AUTHOR_CREDIT,
/court/Phone_Extraction,site/docs/court/Phone_Extraction.mdx,mdx,3,court,Court,no,Forensic Phone Extraction,Phone Extraction,Courtroom testimony that a Cellebrite forensic extraction was performed on Lance Twiggs' phone in State of Utah v. Tyler Robinson — and how that squares with prosecutors' earlier statement that they would not offer forensic-extraction evidence.,video,/img/video_posters/4d318b30e24f2ecef9a49d4edb91db23772dfb4793fe62185050cd45368ab07b.jpg,QmR3y2v5F5uHzCrUJ79s8M2bKoFqPi3cBY2KZvrFabq3oj,,ck-4sq-stack,no,CK_AUTHOR_CREDIT,
/court/Robinson_Phone_Devices,site/docs/court/Robinson_Phone_Devices.mdx,mdx,3,court,Court,no,Tyler Robinson's Phone & Devices,Robinson's Devices,"Tyler Robinson's phone and seized electronics in State of Utah v. Tyler Robinson — reported Cellebrite extractions, location and cell-tower metadata, Discord, and the discovery questions the defense would press.",image,/img/evidence/6b4e4126e01e5ad0efbe5db66e21153962ad584c1581389e6b35282f9abdd2fd.jpg,QmURwWm1eomxtqtDdt2pEZjiaWdsfo14EQZ2QrMKKa7L2h,"This is a slightly low-angle, eye-level outdoor shot taken on a sunny day on what appears to be a university campus or civic plaza.",ck-4sq-side,no,CK_AUTHOR_CREDIT,
/court/Twiggs_Phone,site/docs/court/Twiggs_Phone.mdx,mdx,3,court,Court,no,Lance Twiggs' Phone,Twiggs' Phone,"Lance Twiggs' phone as evidence in State of Utah v. Tyler Robinson — the Cellebrite extraction, the reported Robinson-Twiggs texts of September 10-11 2025, and why the device matters to the case.",video,/img/video_posters/4d318b30e24f2ecef9a49d4edb91db23772dfb4793fe62185050cd45368ab07b.jpg,QmR3y2v5F5uHzCrUJ79s8M2bKoFqPi3cBY2KZvrFabq3oj,,ck-4sq-stack,no,CK_AUTHOR_CREDIT,
/court/ballistics-atf-cbla,site/docs/court/ballistics-atf-cbla.mdx,mdx,3,court,Court,no,Ballistics — ATF Inconclusive & CBLA,Ballistics ATF,"ATF inconclusive report on Charlie Kirk autopsy bullet jacket vs seized Mauser rifle, FBI Virtual Comparison Microscopy, CBLA commentary, and casing-vs-fragment distinction in State v. Tyler Robinson.",none,,,,none,no,CK_AUTHOR_CREDIT,
/court/case-overview,site/docs/court/case-overview.mdx,mdx,3,court,Court,no,Case Overview — State v. Robinson,Case Overview,"State of Utah v. Tyler James Robinson — Case No. 251403576, capital aggravated-murder charges, first appearance September 16 2025, and pretrial posture in the Charlie Kirk assassination prosecution.",none,,,,none,no,CK_AUTHOR_CREDIT,
/court/defense-bindover-brief-aggravator,site/docs/court/defense-bindover-brief-aggravator.mdx,mdx,3,court,Court,no,Defense Bindover Brief — Hearsay and the 'Intended Target' Aggravator,Bindover Brief & Aggravator,"Tyler Robinson's defense argues the State cannot bind over on Rule 1102 hearsay and cannot prove the capital aggravator, because a single scoped-rifle shot that hit its intended target created no high probability of death to anyone else.",image,/img/evidence/45669ed00bebc810708f0fb48bbe74becf2539661e2426db0860aca80e8f9eec.jpg,QmVb2Rs3gX89pXEp2LZkCMPodNrFzoxmLdBGgqJnUJUtY1,"Page 2 of a defense brief in State v. Tyler Robinson, headed ARGUMENT, arguing the State has not met its burden to show probable cause by evidence deemed reliable under Rule 1102, and that the State cannot establish the high-probability-of-death aggravator.",ck-4sq-side,no,CK_AUTHOR_CREDIT,
/court/defense-team,site/docs/court/defense-team.mdx,mdx,3,court,Court,no,Defense Team — Tyler Robinson,Defense Team,"Lead counsel Kathryn Nester and co-counsel Michael Burt, Richard Novak, and Staci Visser in the Tyler Robinson capital defense — appointments, motions, and estimated cost. Living attorneys; no accusation of wrongdoing.",none,,,,none,no,CK_AUTHOR_CREDIT,
/court/discord-evidence-court,site/docs/court/discord-evidence-court.mdx,mdx,3,court,Court,no,Discord Evidence in Court,Discord Evidence,"Alleged Discord messages attributed to Tyler Robinson after the September 11 2025 Miranda reading — authentication, custody timeline, and preliminary-hearing admissibility questions.",none,,,,none,no,CK_AUTHOR_CREDIT,
/court/discovery-brady-disputes,site/docs/court/discovery-brady-disputes.mdx,mdx,3,court,Court,no,Discovery & Brady Disputes,Discovery & Brady,"FBI and ATF discovery fights in State v. Tyler Robinson — DNA and chain-of-custody materials the defense says were not produced, a reported 600k-file production, sealed digital forensics, and defense continuance motions.",none,,,,none,no,CK_AUTHOR_CREDIT,
/court/gag-orders-sealing,site/docs/court/gag-orders-sealing.mdx,mdx,3,court,Court,no,Gag Orders & Sealing,Gag Orders & Sealing,"December 2025 gag order, closed hearings, March 2026 seal motion over inconclusive ATF report, media coalition opposition, and pretrial publicity contempt in State v. Tyler Robinson.",image,/img/evidence/b307d6dbfa3beda7515e0f80f46f03a8681d89e03aee4303618494bee626a9f6.jpg,QmQ2CxQATqfgSVx2FH4uGV4XBvxx5dCfCUP6CtBDfrwdkM,This is a digital screenshot of a social media post on X (formerly Twitter) by the user &quot;@DiligentDenizen&quot;.,ck-4sq-stack,no,CK_AUTHOR_CREDIT,
/court/hearing-witnesses,site/docs/court/hearing-witnesses.mdx,mdx,3,court,Court,no,Who Testified — Hearing Witnesses,Who Testified,"The roster of people who took the stand in State of Utah v. Tyler Robinson — officers, agents, forensic analysts, and cooperating witnesses — and what each was reportedly there to establish.",none,,,,none,no,CK_AUTHOR_CREDIT,
/court/investigation-index,site/docs/court/investigation-index.mdx,mdx,3,court,Court,no,Court Investigation Index,Court Investigation Index,"Working memo for the Court & Trial section — case roster, discovery fights, gag orders, ballistics, Miranda timing, and pretrial scheduling in State v. Tyler Robinson.",none,,,,none,no,CK_AUTHOR_CREDIT,
/court/jaxson-fox-informant-order,site/docs/court/jaxson-fox-informant-order.mdx,mdx,3,court,Court,no,Jaxson Fox — Informant Transport Order,Jaxson Fox,"Judge Graf transport order for inmate Jaxson Thomas Fox at a Tyler Robinson preliminary hearing — jailhouse informant theories, gag order context, and process facts only.",none,,,,none,no,CK_AUTHOR_CREDIT,
/court/judge-robert-lunnen,site/docs/court/judge-robert-lunnen.mdx,mdx,3,court,Court,no,Judge Robert Lunnen — Prior Bench Vacancy,Judge Lunnen,"Judge Robert Lunnen retired August 1 2025 from Utah Fourth District Court, creating the vacancy filled by Tony Graf before the Tyler Robinson capital case arrived. Living person; no accusation of wrongdoing.",none,,,,none,no,CK_AUTHOR_CREDIT,
/court/judge-tony-graf,site/docs/court/judge-tony-graf.mdx,mdx,3,court,Court,no,Judge Tony F. Graf Jr.,Judge Tony Graf,"Judge Tony F. Graf Jr. presides over State v. Tyler Robinson — appointment timeline, first-appearance ruling, gag order, closed hearings, and June 2026 contempt finding. Living person; court actions documented, not accused of wrongdoing.",none,,,,none,no,CK_AUTHOR_CREDIT,
/court/judges,site/docs/court/judges.mdx,mdx,3,court,Court,no,The Judges,The Judges,"The judges in State of Utah v. Tyler Robinson — Judge Tony F. Graf Jr. presiding, Judge Robert Lunnen's retirement and the vacancy that reassigned the case, and the rulings under public scrutiny.",none,,,,none,no,CK_AUTHOR_CREDIT,
/court/overview,site/docs/court/overview.mdx,mdx,2,court,,yes,Court & Trial,Court & Trial,"State of Utah v. Tyler Robinson — judges, prosecution and defense teams, discovery fights, gag orders, ballistics disputes, Miranda timing, and pretrial motions in the Charlie Kirk capital case.",image,/img/evidence/fb14b85a283763fc0778887022c1800f900cd288c81b36603fb0a80dc7b62fc5.jpg,QmRkRwe9cELH4Z5j9vs6hHkYxin1U7FHKWexRVJb8HXiXB,"This image is a digital screenshot of a news article from the WEAR News 3 website, viewed on a mobile device.",ck-4sq-side,no,CK_AUTHOR_CREDIT,
/court/people-on-witness-stand,site/docs/court/people-on-witness-stand.mdx,mdx,3,court,Court,no,People on Witness Stand,People on Witness Stand,"Full roster of people who took the stand or whose sworn/recorded testimony was presented in State of Utah v. Tyler Robinson — preliminary hearing witnesses, Rule 1102 statements, and linked profiles.",none,,,,none,no,CK_AUTHOR_CREDIT,
/court/preliminary-hearing-motions,site/docs/court/preliminary-hearing-motions.mdx,mdx,3,court,Court,no,Preliminary Hearing & Motions,Preliminary Hearing,"Scheduling, delay motions, camera access, roommate testimony disputes, and expected evidence in the Tyler Robinson preliminary hearing — rescheduled toward July 2026.",none,,,,none,no,CK_AUTHOR_CREDIT,
/court/prosecution-team,site/docs/court/prosecution-team.mdx,mdx,3,court,Court,no,Prosecution Team — Utah County,Prosecution Team,"Utah County Attorney Jeffrey S. Gray and deputy prosecutors in State v. Tyler Robinson — team roster, preliminary-hearing strategy, and June 2026 Christopher Ballard contempt ruling.",none,,,,none,no,CK_AUTHOR_CREDIT,
/court/testimony,site/docs/court/testimony.mdx,mdx,3,court,Court,no,Testimony,Testimony,"Sworn testimony in State of Utah v. Tyler Robinson — what witnesses said under oath at the 2026 preliminary hearing, which accounts are contested, and where the record has gaps.",none,,,,none,no,CK_AUTHOR_CREDIT,
/court/utah-county-jail-custody,site/docs/court/utah-county-jail-custody.mdx,mdx,3,court,Court,no,Utah County Jail & Custody,Utah County Jail,"Tyler Robinson custody at Utah County Jail Spanish Fork — Booking 460956, restricted housing, remote court appearances, and jailhouse-informant process questions.",none,,,,none,no,CK_AUTHOR_CREDIT,
/court/Days_in_Court/09-16-first-appearance,site/docs/court/Days_in_Court/2025-09-16-first-appearance.mdx,mdx,4,court,Court,no,09/16/2025 — First Appearance,09/16/2025 First Appearance,"Tyler Robinson first court appearance September 16 2025 before Judge Tony Graf — video appearance, no bail, capital aggravated-murder charges in the Charlie Kirk case.",none,,,,none,no,CK_AUTHOR_CREDIT,
/court/Days_in_Court/09-23-docket,site/docs/court/Days_in_Court/2025-09-23-docket.mdx,mdx,4,court,Court,no,09/23/2025 — Pretrial Docket,09/23/2025 Docket,September 23 2025 pretrial docket activity in State v. Tyler Robinson before Judge Tony Graf — early status and scheduling after first appearance.,none,,,,none,no,CK_AUTHOR_CREDIT,
/court/Days_in_Court/11-20-docket,site/docs/court/Days_in_Court/2025-11-20-docket.mdx,mdx,4,court,Court,no,11/20/2025 — Pretrial Docket,11/20/2025 Docket,November 20 2025 pretrial docket activity in State v. Tyler Robinson — scheduling and filings between first appearance and the December gag order.,none,,,,none,no,CK_AUTHOR_CREDIT,
/court/Days_in_Court/12-16-gag-order,site/docs/court/Days_in_Court/2025-12-16-gag-order.mdx,mdx,4,court,Court,no,12/16/2025 — Gag Order,12/16/2025 Gag Order,December 16 2025 gag order in State v. Tyler Robinson — Judge Tony Graf own-motion order limiting public commentary by case participants.,none,,,,none,no,CK_AUTHOR_CREDIT,
/court/Days_in_Court/03-10-seal-motion,site/docs/court/Days_in_Court/2026-03-10-seal-motion.mdx,mdx,4,court,Court,no,03/10/2026 — Seal Motion / ATF Fight,03/10/2026 Seal Motion,March 2026 sealing fight in State v. Tyler Robinson over the inconclusive ATF ballistics report — media coalition opposition and public record stakes.,none,,,,none,no,CK_AUTHOR_CREDIT,
/court/Days_in_Court/05-08-camera-access,site/docs/court/Days_in_Court/2026-05-08-camera-access.mdx,mdx,4,court,Court,no,05/08/2026 — Camera Access Motions,05/08/2026 Cameras,May 2026 camera and publicity motions in State v. Tyler Robinson — defense efforts to restrict courtroom cameras ahead of the preliminary hearing.,none,,,,none,no,CK_AUTHOR_CREDIT,
/court/Days_in_Court/06-ballard-contempt,site/docs/court/Days_in_Court/2026-06-ballard-contempt.mdx,mdx,4,court,Court,no,06/2026 — Ballard Contempt,06/2026 Contempt,June 2026 civil contempt finding against Utah County prosecutor Christopher Ballard for pretrial publicity in State v. Tyler Robinson after ATF-related comments.,none,,,,none,no,CK_AUTHOR_CREDIT,
/court/Days_in_Court/07-06-prelim-day-1,site/docs/court/Days_in_Court/2026-07-06-prelim-day-1.mdx,mdx,4,court,Court,no,07/06/2026 — Preliminary Hearing Day 1,07/06/2026 Prelim Day 1,July 6 2026 preliminary hearing day 1 in State v. Tyler Robinson — Officer Chris Bagley on the Losee rooftop and Agent David Hull on surveillance and autopsy evidence.,none,,,,none,no,CK_AUTHOR_CREDIT,
/court/Days_in_Court/07-07-prelim-day-2,site/docs/court/Days_in_Court/2026-07-07-prelim-day-2.mdx,mdx,4,court,Court,no,07/07/2026 — Preliminary Hearing Day 2,07/07/2026 Prelim Day 2,"July 7 2026 preliminary hearing day 2 — Agent Hull UVU surveillance walk-through, Sgt. Jennifer Faumuina, FBI DNA examiner Amanda Bakker.",none,,,,none,no,CK_AUTHOR_CREDIT,
/court/Days_in_Court/07-08-prelim-day-3,site/docs/court/Days_in_Court/2026-07-08-prelim-day-3.mdx,mdx,4,court,Court,no,07/08/2026 — Preliminary Hearing Day 3,07/08/2026 Prelim Day 3,July 8 2026 preliminary hearing day 3 — Agent Brian Davis on surrender and booking; fight over publishing Lance Twiggs Rule 1102 video interview.,none,,,,none,no,CK_AUTHOR_CREDIT,
/court/Days_in_Court/07-09-prelim-day-4,site/docs/court/Days_in_Court/2026-07-09-prelim-day-4.mdx,mdx,4,court,Court,no,07/09/2026 — Preliminary Hearing Day 4,07/09/2026 Prelim Day 4,"July 9 2026 preliminary hearing day 4 — Lance Twiggs recorded interview, confession texts and note, Sgt. Faumuina rifle recovery, ATF examiner Samantha Karner inconclusive ballistics.",none,,,,none,no,CK_AUTHOR_CREDIT,
/court/Days_in_Court/07-10-prelim-day-5,site/docs/court/Days_in_Court/2026-07-10-prelim-day-5.mdx,mdx,4,court,Court,no,07/10/2026 — Preliminary Hearing Day 5,07/10/2026 Prelim Day 5,"July 10 2026 preliminary hearing day 5 — ATF DNA chief Caitlin Oliver, State rests, emotional rooftop video for Kirk family, bind-over arguments set for September 1 2026.",none,,,,none,no,CK_AUTHOR_CREDIT,
/court/Days_in_Court/09-01-bindover-argument,site/docs/court/Days_in_Court/2026-09-01-bindover-argument.mdx,mdx,4,court,Court,no,09/01/2026 — Bind-Over Oral Argument,09/01/2026 Bind-Over,September 1 2026 scheduled bind-over oral argument in State v. Tyler Robinson — Judge Graf to hear closings on probable cause after the July preliminary hearing.,none,,,,none,no,CK_AUTHOR_CREDIT,
/court/Days_in_Court/overview,site/docs/court/Days_in_Court/overview.mdx,mdx,3,court,Court,yes,Days in Court,Days in Court,Every reported court date in State of Utah v. Tyler Robinson (Case 251403576) — first appearance through the July 2026 preliminary hearing and September bind-over argument — with what happened each day.,none,,,,none,no,CK_AUTHOR_CREDIT,
/court/mirandize/baron-coleman-early-turn-in,site/docs/court/mirandize/baron-coleman-early-turn-in.mdx,mdx,4,court,Court,no,Baron Coleman: Early Turn-In & the Refused Surrender Video,Baron Coleman Analysis,"Attorney Baron Coleman argues that if Tyler Robinson turned himself in during the early afternoon of September 11 — not after 9 PM — and Washington County refused or deleted the surrender video, it would point to a multi-agency problem with the official timeline.",video,/img/video_posters/a1d3a9e7d3a1eed443ac8d3fe64eae36e7d18256d4321cf0ca7be7a7ceed6547.jpg,QmRx9WA5DXjcFvmEmMsSWgzvTjWTikezpH8d4Bn4WAgrnh,,ck-4sq-stack,no,CK_AUTHOR_CREDIT,
/court/mirandize/bodycam-grama-no-footage,site/docs/court/mirandize/bodycam-grama-no-footage.mdx,mdx,4,court,Court,no,Missing Bodycam & the GRAMA 'No Footage' Admission,Bodycam & GRAMA No-Footage,"In a GRAMA public-records appeal, Washington County's representative said a search for bodycam footage of Tyler Robinson's surrender found none. Investigators argue that is either impossible or a records problem.",none,,,,none,no,CK_AUTHOR_CREDIT,
/court/mirandize/custody-timeline-fake-confession,site/docs/court/mirandize/custody-timeline-fake-confession.mdx,mdx,4,court,Court,no,6:25 PM Custody & the Discord Confession,Custody Timeline & Confession,"The pivotal Mirandize claim: if Tyler Robinson was in custody at the Washington County Sheriff's Office at 6:25 PM on September 11 with his phone seized, who typed the 7:57 PM Discord confession?",image,/img/evidence/aa77d58233d3c5da712a5814df383100fad9f75cde8f1c5913245bf2dcf02683.jpg,QmTyU8gTEb53ewNGLnRgcetA6g1VEi2YfJb7mgd8ZZGTJM,"Defense filing quoting the Bates 003996-R2 video: 06:25 PM Miranda reading and 06:26 PM invocation of counsel, bates-stamped Washington County",ck-4sq-stack,no,CK_AUTHOR_CREDIT,
/court/mirandize/grok-analysis,site/docs/court/mirandize/grok-analysis.mdx,mdx,4,court,Court,no,Grok AI Analysis: Mirandizing Date,Grok Analysis (PDF),This document is an AI analysis (Grok) of the Bates 003996-R2 exhibit and surrounding court filings. It addresses the question of when Tyler Robinson was…,image,/img/evidence/58e1d532f040ff2f115ea4ce2be4f9389a7e20951c979cabb01246ce4c05c8f7.jpg,QmRztFimEvsGwxHCMJGGyJbTGCRe5ex3ug44MxukRsGbcJ,"This is a flat, close-up digital screenshot of a legal or law enforcement document detailing charges against an individual.",ck-4sq-side,no,CK_AUTHOR_CREDIT,
/court/mirandize/investigative-hold-counterpoint,site/docs/court/mirandize/investigative-hold-counterpoint.mdx,mdx,4,court,Court,no,Counterpoint: The 24-Hour Investigative Hold,Investigative-Hold Counterpoint,"A fair counterargument to the Mirandize timeline: a delayed Miranda reading is not by itself a rights violation, because a suspect can be held on an investigative hold. Why investigators say the custody-and-phone question still matters.",image,/img/evidence/8bc9db0b387790d52e6bf6282342fcf460693b98bceb75667f078510c1c5e704.jpg,QmYjHEs52gxF3SVUnqFNdnMBunsgFVQfrpEYHehQLLJU95,This image is a digital graphic compilation combining multiple visual assets with explanatory text on a black background.,ck-4sq-side,no,CK_AUTHOR_CREDIT,
/court/mirandize/mirandized-sept-11-image,site/docs/court/mirandize/mirandized-sept-11-image.mdx,mdx,4,court,Court,no,Image: Mirandized Sept 11 — Bates 003996-R2 Reference,Mirandized Sept 11 (Image),This screenshot documents a search-result summary describing the Bates 003996-R2 exhibit — the video recording of Tyler Robinson's Miranda encounter. The…,image,/img/evidence/0915163193476d18668839278466b120e7ffaff628836cf0927c578df37c31b6.jpg,QmSSEpXB4xGH8uLzmxxzFLusdKsab1tJQVRmMumbE6yE3Y,A high-resolution digital screenshot of a Google &quot;AI Overview&quot; search result panel.,ck-4sq-stack,no,CK_AUTHOR_CREDIT,
/court/mirandize/overview,site/docs/court/mirandize/overview.mdx,mdx,3,court,Court,yes,Mirandizing — Court Evidence,Mirandize Overview,This section hosts the primary evidence documents related to the Mirandizing of Tyler Robinson. The central question: was Robinson read his Miranda rights on…,video,/img/video_posters/137bace359c8a0ab1f5db2d15f6331b5f778b8f54d21355ba4d9b15aaf3dfd22.jpg,QmQxVttdEXbFCbcJrjfv1Bwam71YDExQLAZwRaAMdhXG9V,,ck-4sq-stack,no,CK_AUTHOR_CREDIT,
/court/mirandize/probable-cause-affidavit,site/docs/court/mirandize/probable-cause-affidavit.mdx,mdx,4,court,Court,no,Probable Cause Affidavit (Police Booking),Probable Cause Affidavit,This is the Probable Cause Affidavit filed by law enforcement in connection with Tyler Robinson's arrest. This is the police-side booking document that…,image,/img/evidence/8acd71166932814bab3ba220cc7dee5dc7f3b1af5eb341ccfe46b2896bf6b9cf.jpg,Qmc43oXBPhna7QQByuT7BTPgNtJNQPdWyxnL7RZZFtJ4E1,"This image is a flat, digital scan of an official document titled &quot;Utah County Sheriff Inmate Booking Sheet and PC Statement&quot;.",ck-4sq-side,no,CK_AUTHOR_CREDIT,
/court/mirandize/sept-11-grok-image,site/docs/court/mirandize/sept-11-grok-image.mdx,mdx,4,court,Court,no,Image: Sept 11 Grok Screenshot — Bates 003996-R2 Analysis,Sept 11 Grok (Image),"This screenshot captures a Grok AI analysis of the Bates 003996-R2 exhibit, explaining what the exhibit is and why it is significant to the Mirandizing date…",image,/img/evidence/e88152b4c2893673bead6ebf3b00a7565f995110af53295ee4c1142a83ab2afd.png,Qme6Qciti7QYQTcY3rRp1r6ttVoBrUhb5VHsESGuJj9oVF,"This image is a flat, horizontal digital screenshot of black text on a clean white background, explaining the significance of a legal discovery exhibit labeled &quot;Bates 003996-R2&quot;.",ck-4sq-stack,no,CK_AUTHOR_CREDIT,
/court/Preliminary_Hearing/Day_1,site/docs/court/Preliminary_Hearing/Day_1.mdx,mdx,4,court,Court,no,Preliminary Hearing — Day 1 (July 2026),Day 1 — Rooftop & Autopsy,"Day 1 of Tyler Robinson's preliminary hearing: decorum protocol, Officer Bagley on the Losee rooftop perch, and Agent Hull on video and autopsy evidence.",none,,,,none,no,CK_AUTHOR_CREDIT,
/court/Preliminary_Hearing/Day_2,site/docs/court/Preliminary_Hearing/Day_2.mdx,mdx,4,court,Court,no,Preliminary Hearing — Day 2,Day 2 — Forensics & Cross,"Day 2 of Tyler Robinson's preliminary hearing: Agent Hull's UVU surveillance testimony, phone extraction and Discord evidence, and Michael Burt's cross-examination.",none,,,,none,no,CK_AUTHOR_CREDIT,
/court/Preliminary_Hearing/Day_3,site/docs/court/Preliminary_Hearing/Day_3.mdx,mdx,4,court,Court,no,Preliminary Hearing — Day 3,Day 3 — Twiggs 1102 Video,"Agent Brian Davis testifies on Tyler Robinson's surrender, arrest, and booking; parties fight over publishing Lance Twiggs' recorded 1102 video interview.",none,,,,none,no,CK_AUTHOR_CREDIT,
/court/Preliminary_Hearing/Day_4,site/docs/court/Preliminary_Hearing/Day_4.mdx,mdx,4,court,Court,no,Preliminary Hearing — Day 4,Day 4 — Forensics & Rifle,"Final prelim day: Agent Davis reads the Twiggs texts and note, Sgt. Faumuina details the rooftop and rifle recovery, ATF examiner Karner defends ballistics.",none,,,,none,no,CK_AUTHOR_CREDIT,
/court/Preliminary_Hearing/overview,site/docs/court/Preliminary_Hearing/overview.mdx,mdx,3,court,Court,yes,Preliminary Hearing,Preliminary Hearing,"Day-by-day record of the July 2026 preliminary hearing in State of Utah v. Tyler Robinson — rooftop, autopsy, forensics, the Twiggs video, and the ballistics fight, with full color-coded transcripts.",none,,,,none,no,CK_AUTHOR_CREDIT,
/Planes/0004-Vance,site/docs/Planes/99-0004-Vance.mdx,mdx,3,Planes,Planes,no,99-0004 Vance Flight,99-0004 Vance Flight,"A US Air Force C-32A (Boeing 757) VIP transport, tail 99-0004, callsign SAM912, reportedly flying as Air Force Two, was tracked to Las Vegas on May 27, 2025.",none,,,,none,no,CK_AUTHOR_CREDIT,
/Planes/Airport-Biggs-Army-Airfield,site/docs/Planes/Airport-Biggs-Army-Airfield.mdx,mdx,3,Planes,Planes,no,Biggs Army Airfield (KBIF),Biggs Army Airfield (KBIF),"Biggs Army Airfield (KBIF) at Fort Bliss, El Paso, Texas, was the departure point for the US Army ISR jet N1098L on the morning of September 10, 2025 — the day Charlie Kirk was killed at Utah Valley University.",image,/img/evidence/160de08e0bd759bd973783dc7a8787eb1287939d879c4c28c1fea8c3cf9066e2.jpg,QmaZ7zqGnhKJRBkUDsjrf2ffkMH55XRFk7FT7iym2jeQVQ,"This image is a high-angle, 3D aerial satellite view of a portion of a university campus and an adjacent residential neighborhood.",ck-4sq-stack,no,CK_AUTHOR_CREDIT,
/Planes/Airport-Joint-Base-Andrews,site/docs/Planes/Airport-Joint-Base-Andrews.mdx,mdx,3,Planes,Planes,no,Joint Base Andrews (KADW),Joint Base Andrews (KADW),"Joint Base Andrews, Maryland (KADW) is the home base of the 89th Airlift Wing and the single starting point for both government VIP aircraft in this investigation — the pre-event SAM 99-0404 flight and the post-event Air Force Two casket transport.",image,/img/evidence/1e70ebad8df8474ba1d070dd905b69910217b9f0a041a290d3f3a5a5295ea0fb.jpg,QmNXEPuUz2AzytHf3D4A6xav8skX7kzwwexaTxfsX9o6Ee,"This image is a flat, high-contrast digital scan of a printed document page containing English text.",ck-4sq-side,no,CK_AUTHOR_CREDIT,
/Planes/Airport-Roland-Wright-ANGB,site/docs/Planes/Airport-Roland-Wright-ANGB.mdx,mdx,3,Planes,Planes,no,Roland R. Wright Air National Guard Base,Roland Wright ANG Base,"The Utah Air National Guard base at Salt Lake City where Air Force Two landed on September 11, 2025 to receive Charlie Kirk's casket — a respectful official transport before the flight onward to Phoenix.",image,/img/evidence/702c64e2f1abe4995bd69742c8f013efc9ca0fb1075d345957d1c0036445ad24.jpg,QmZGXy2uBqs8dumedxrBSruE2Rw1eZgZNQnG8DG5jiy4H8,"This image shows a man dressed in green medical scrubs and a white lab coat being escorted outdoors by two security officers or law enforcement officials, with a third guard…",ck-4sq-side,no,CK_AUTHOR_CREDIT,
/Planes/Casket-Flight,site/docs/Planes/Casket-Flight.mdx,mdx,3,Planes,Planes,no,Air Force Two Casket Flight,Casket Flight (Air Force Two),"On September 11, 2025, Air Force Two transported Charlie Kirk's casket from Salt Lake City to Phoenix, with Vice President JD Vance accompanying the flight alongside Erika Kirk and family. This page records the flight that carried his remains.",image,/img/evidence/6acf4eb20f4121ef1507958218cbe8fa3753abe3c6b1b51d9d6f089fbed5d81d.jpg,QmVrFsbTU2FS6zpQf7uXSu7kaXpCR8X5FLHMHU8viwdPuX,Evidence image,ck-4sq-stack,no,CK_AUTHOR_CREDIT,
/Planes/Cox-Foreign-Meetings,site/docs/Planes/Cox-Foreign-Meetings.mdx,mdx,3,Planes,Planes,no,Utah Cox Foreign Meetings (Claims),Cox Foreign Meetings,"Claims that Utah Governor Spencer Cox held closed-door Sept 23, 2025 meetings with Egyptian and French diplomatic/intel figures in the Capitol Gold Room — 13 days after the assassination.",image,/img/evidence/704b3a6ccef774bbd05dbb9aff5a88522f01c00d68eea192c7e626b8fbb9122a.jpg,QmUKFrnzkh8dRxBd2C2UoMdYZZc1wjKAc6v9LJUxkNZbhX,"This is a digital screenshot of an official English-language schedule webpage from the Élysée Palace, the official website of the President of the French Republic.",ck-4sq-stack,no,CK_AUTHOR_CREDIT,
/Planes/Egyptian-Crew-Hotel,site/docs/Planes/Egyptian-Crew-Hotel.mdx,mdx,3,Planes,Planes,no,Egyptian Crew Hotel (Claims),Egyptian Crew Hotel,"Claims that occupants of Egyptian government jets staying in Provo Sept 4–13, 2025 lodged at La Quinta Inn & Suites University Parkway in Orem — sourcing tip for FOIA and camera footage.",image,/img/evidence/e7ffb39efba525cd703c48823611fd2a8aa1d737b03d8724554a9aa3d43fdd8f.jpg,Qmaa6f7bito9xQzBvYLFwQTRP5zu8sd7fdvKTHCniE1hdy,"This is a digital screenshot of a mobile user interface displaying a navigation route on a map application, likely Google Maps.",ck-4sq-side,no,CK_AUTHOR_CREDIT,
/Planes/Erika-Flight-Logs-Erased,site/docs/Planes/Erika-Flight-Logs-Erased.mdx,mdx,3,Planes,Planes,no,Erika Flight Logs Erased,Erika Flight Logs Erased,"Erika Kirk publicly invited the public to check the flight logs of the jet N102DZ. Researchers say those logs were removed from FlightRadar24 in May 2026, and that copies taken before the removal still exist.",none,,,,none,no,H2_INTERESTING,
/Planes/Following-Charlie-Erika,site/docs/Planes/Following-Charlie-Erika.mdx,mdx,3,Planes,Planes,no,Planes Following Charlie or Erika,Following Charlie or Erika,"The central shadowing claim of the aircraft investigation: that Israel/Egyptian government jets and other tracked tail numbers overlapped Charlie and Erika Kirk's travel — up to 73 times near Erika alone — across TPUSA events in the years and two months before the September 10, 2025 assassination.",image,/img/evidence/7749ebddd43fa5b3f7160fb8bbd7c37d13a2562d63d205bd6ec8c49fa52d908f.jpg,QmTSuPNW7aqaQTp7YDTrTiAtXaR7BkfkVoBdW4BwAu6hvJ,"This is a vertical screenshot of a TikTok video showing a young man dressed in a dark suit, sunglasses, and leather gloves running across a grassy campus lawn.",ck-4sq-side,no,CK_AUTHOR_CREDIT,
/Planes/ISR-Operations,site/docs/Planes/ISR-Operations.mdx,mdx,3,Planes,Planes,no,ISR Program Context,ISR Program Context,"ISR — Intelligence, Surveillance, and Reconnaissance — is the program-level hub for the US Army HADES / LASAI Global 6500 fleet (N1098L and N2100L) and what its presence means for the Charlie Kirk case.",image,/img/evidence/be8f842f220822bde278861ce4195bfd602eb7dc166a48dd128e6a88b8b842bd.jpg,QmdEvPuTCggMqhoBEJXheu3eRVYFovNriJQUE13bMhmzJN,This is a promotional graphic or digital collage showcasing &quot;The Armstrong Williams Show&quot; across multiple media devices.,ck-4sq-side,no,CK_AUTHOR_CREDIT,
/Planes/Israel-Planes,site/docs/Planes/Israel-Planes.mdx,mdx,3,Planes,Planes,no,Israel Planes,Israel Planes,The Israel thread of the aircraft investigation: the claim that the Israel/Egyptian government jets tracked near Charlie Kirk regularly flew in and out of Israel — going dark over the eastern Mediterranean — and were allegedly used as proxies or cover for Israeli intelligence. Collects every plane in the case with a reported Israel connection.,none,,,,none,no,CK_AUTHOR_CREDIT,
/Planes/N102DZ,site/docs/Planes/N102DZ.mdx,mdx,3,Planes,Planes,no,N102DZ Kirk's Plane,N102DZ Kirk's Plane,"Tail number N102DZ is reported in public flight records as the aircraft that carried Charlie Kirk into Salt Lake City on the morning of September 10, 2025, arriving from Scottsdale, Arizona ahead of his Utah Valley University appearance.",image,/img/evidence/a872586472c68d88c090be9c8f8922bc46add84e8465afb1525ad81841807187.jpg,QmcwWcJg1QkagVshsXCZE8T1HK1BQQvnDZ6T8n8RDb6eHx,"This image is a digital screenshot of a flight tracking or flight log webpage, displaying a list of recent and upcoming flights for a specific aircraft tail number (N102DZ) in…",ck-4sq-stack,no,CK_AUTHOR_CREDIT,
/Planes/N2100L,site/docs/Planes/N2100L.mdx,mdx,3,Planes,Planes,no,N2100L LASAI Sister Ship,N2100L LASAI Sister Ship,"N2100L is a Leidos-linked Bombardier Global 6500 in the LASAI Aviation fleet — the sister ship to the N1098L spy plane — flagged on X for activity the night after the Charlie Kirk shooting, though its role is debated.",image,/img/evidence/fbffb634314899896dc224c55f641f6544e33fd9b91eb4f509e772741efc5a43.jpg,Qmc1NM8iTvxiJqEM6HsW4jXMrnZ7breVW9DgseNN4RfWAy,This is a vertical digital screenshot of a multi-page promotional brochure or specification document detailing the technical features of a 2023 Bombardier Global 6500 private jet.,ck-4sq-side,no,CK_AUTHOR_CREDIT,
/Planes/N40JD,site/docs/Planes/N40JD.mdx,mdx,3,Planes,Planes,no,N40JD Provo Arrival,N40JD Provo Arrival,"A Beechcraft Premier 1 registered N40JD appears in flight records circulated by investigators as flying Scottsdale to Provo, Utah on September 10, 2025, one of several private aircraft logged arriving at PVU that day.",none,,,,none,no,CK_AUTHOR_CREDIT,
/Planes/N55906,site/docs/Planes/N55906.mdx,mdx,3,Planes,Planes,no,N55906 Cullen Flight,N55906 Cullen Flight,Tail number N55906 is a flight independent investigator John Cullen has repeatedly flagged as a second aircraft of interest alongside the N1098L HADES surveillance plane in the Charlie Kirk case.,none,,,,none,no,CK_AUTHOR_CREDIT,
/Planes/N560TW,site/docs/Planes/N560TW.mdx,mdx,3,Planes,Planes,no,N560TW Scottsdale Jet,N560TW Scottsdale Jet,"A Cessna Citation XLS registered N560TW flew a short Scottsdale–Provo–Santa Barbara out-and-back on the morning of September 10, 2025. Candace Owens publicly flagged the flight; it is reported to be tied to a Turning Point USA donor aviation entity.",image,/img/evidence/6acf4eb20f4121ef1507958218cbe8fa3753abe3c6b1b51d9d6f089fbed5d81d.jpg,QmVrFsbTU2FS6zpQf7uXSu7kaXpCR8X5FLHMHU8viwdPuX,Evidence image,ck-4sq-stack,no,CK_AUTHOR_CREDIT,
/Planes/N582MM,site/docs/Planes/N582MM.mdx,mdx,3,Planes,Planes,no,N582MM TPUSA Aircraft,N582MM TPUSA Aircraft,"Tail number N582MM is an aircraft that public commentary describes as frequently used by Turning Point USA insiders, named in the proposed Charlie Kirk disclosure laws over a reported October 2025 Fort Huachuca-to-Kalispell movement.",none,,,,none,no,CK_AUTHOR_CREDIT,
/Planes/N59906,site/docs/Planes/N59906.mdx,mdx,3,Planes,Planes,no,N59906 MARC Survey Plane,N59906 MARC Survey Plane,"A Piper PA-31 Navajo Chieftain registered N59906, operated by aerial-survey contractor MARC Inc., is reported to have flown four survey-pattern passes over the Utah Valley University campus on the morning of September 10, 2025, hours before the shooting.",image,/img/evidence/74fe032994deee0f364aa0de7b01073394605fc29f466c31e59a406bc5c5f1c9.jpg,QmSJNB18We7JQoDXcyL8fPjsMWR4pjqLpxXZfTFu3xEhZD,This image is a digital screenshot of a post from the social media platform X (formerly Twitter) by user John Cullen (@I_Am_JohnCullen).,ck-4sq-side,no,CK_AUTHOR_CREDIT,
/Planes/N872RA,site/docs/Planes/N872RA.mdx,mdx,3,Planes,Planes,no,N872RA Provo Arrival,N872RA Provo Arrival,"A Hawker Beechcraft registered N872RA is reported in flight records circulated by investigators to have flown from Santa Barbara into Provo, Utah on September 10, 2025 — one of several private aircraft logged arriving at PVU that day.",none,,,,none,no,CK_AUTHOR_CREDIT,
/Planes/N888KG,site/docs/Planes/N888KG.mdx,mdx,3,Planes,Planes,no,N888KG Provo Vanish,N888KG Provo Vanish,"N888KG, a Bombardier Challenger 300, departed Provo about an hour after the September 10, 2025 shooting, lost ADS-B mid-flight, then returned — the owner and FBI call it routine.",image,/img/evidence/b0305fc077c34fba477ab6ff45704cbf654451ad8979b9a4380194f09dace831.jpg,QmNt8siTr6MZzwSJXDM3PPnvSvp8Sseu9hPc4rEDz8xB8f,This image is a screenshot of a social media post on X (formerly Twitter) by a user named &quot;I Aver&quot; containing text and a composite image showing flight tracking details and Google…,ck-4sq-stack,no,CK_AUTHOR_CREDIT,
/Planes/Pilatus-PC-12,site/docs/Planes/Pilatus-PC-12.mdx,mdx,3,Planes,Planes,no,Pilatus PC-12 (Unconfirmed),Pilatus PC-12 (Unconfirmed),"A low-confidence, uncorroborated report of a Pilatus PC-12 circling near the Utah Valley University area around September 10, 2025. No tail number and no flight track have been confirmed, so this entry is catalogued only to record and caveat the claim.",none,,,,none,no,CK_AUTHOR_CREDIT,
/Planes/Planes_Investigation_Index,site/docs/Planes/Planes_Investigation_Index.mdx,mdx,3,Planes,Planes,no,Planes Investigation Index,Planes Investigation Index,"Working investigative memo for the aircraft angle — ISR passes, Egyptian armada, shadowing claims, SAM VIP flights, transponder anomalies, and what records would settle each thread.",none,,,,none,no,CK_AUTHOR_CREDIT,
/Planes/SAM-000,site/docs/Planes/SAM-000.mdx,mdx,3,Planes,Planes,no,SAM-000 Flight,SAM-000 Flight,SAM-000 is one of the Special Air Mission callsigns reported for the US government VIP flight (tail 99-0404) associated with Defense Secretary Pete Hegseth around…,none,,,,none,no,CK_AUTHOR_CREDIT,
/Planes/SAM-112,site/docs/Planes/SAM-112.mdx,mdx,3,Planes,Planes,no,SAM-112 Flight,SAM-112 Flight,SAM-112 is one of the Special Air Mission callsigns reported for the US government VIP flight (tail 99-0404) associated with Defense Secretary Pete Hegseth around…,none,,,,none,no,CK_AUTHOR_CREDIT,
/Planes/SAM-650,site/docs/Planes/SAM-650.mdx,mdx,3,Planes,Planes,no,SAM650 Flight,SAM650 Flight,"SAM650 is a Special Air Mission callsign that appears in broader citizen tracking of government VIP routes in the days before the September 10, 2025 assassination, hitting Joint Base Andrews, Nashville, and Colorado Springs.",none,,,,none,no,CK_AUTHOR_CREDIT,
/Planes/SAM-702,site/docs/Planes/SAM-702.mdx,mdx,3,Planes,Planes,no,SAM702 Flight,SAM702 Flight,"SAM702 is the primary Special Air Mission callsign reported for the US government VIP flight (tail 99-0404) tied to the September 8-9, 2025 Fort Huachuca window, heavily discussed on Candace Owens' podcast and linked in citizen theories to a high-level meeting.",none,,,,none,no,CK_AUTHOR_CREDIT,
/Planes/SAM-99-0404,site/docs/Planes/SAM-99-0404.mdx,mdx,3,Planes,Planes,no,SAM 99-0404 Flight,SAM 99-0404 Flight,"Special Air Mission (SAM) 99-0404, a US Air Force C-37A Gulfstream V VIP transport, was tracked into Fort Huachuca, Arizona on September 8-9, 2025, two days before the Utah Valley University shooting.",none,,,,none,no,CK_AUTHOR_CREDIT,
/Planes/SU-BGM,site/docs/Planes/SU-BGM.mdx,mdx,3,Planes,Planes,no,SU-BGM Israel/Egyptian Jet,SU-BGM Israel/Egyptian Jet,"SU-BGM, an Egyptian-registered Gulfstream IV, is the fifth tail in the so-called Israel/Egyptian Plane Armada that researchers say cycled through Provo, Utah in 2025 around Charlie Kirk's assassination.",none,,,,none,no,CK_AUTHOR_CREDIT,
/Planes/SU-BND,site/docs/Planes/SU-BND.mdx,mdx,3,Planes,Planes,no,SU-BND Blue Plane,SU-BND Blue Plane,"An Egyptian-registered Gulfstream (tail SU-BND), called \""the blue plane\"" by Candace Owens, reportedly sat in Provo, Utah for months in 2025 and had its transponder ON but did not take off at the moment of Charlie Kirk's assassination.",image,/img/evidence/c33c7c39be5ffe4965fcadfe71c0cfdcd082833e251028044e8d1cbfeba63fa0.jpg,QmWiSjn9nDVfJjUTRbKVo9ca35BmhHasFJFbk41bd6ebno,"This is a digital screenshot of a flight tracking information card from the Flightradar24 website or application, showing details for a playback of a flight involving a Gulfstream…",ck-4sq-stack,no,CK_AUTHOR_CREDIT,
/Planes/SU-BTT,site/docs/Planes/SU-BTT.mdx,mdx,3,Planes,Planes,no,SU-BTT Israel/Egyptian Jet,SU-BTT Israel/Egyptian Jet,"An Egyptian-registered Dassault Falcon 7X (tail SU-BTT), called \""the yellow plane\"" by Candace Owens, reportedly sat in Provo, Utah from Sept 4 to Sept 10, 2025 and departed around the time of Charlie Kirk's assassination.",image,/img/evidence/f31e2559846a78b60f2aca62393debba4db36113fdab3d1be92f2383ebc2f21f.jpg,QmY1d6Rz2gMr9YFd6h5ASgrFPnnTMWS53xBMLxr4iztCuR,"This is a digital screenshot of a flight tracking information card from the Flightradar24 platform, displaying details for a playback of a flight between Provo and Wilmington.",ck-4sq-stack,no,CK_AUTHOR_CREDIT,
/Planes/SU-BTU,site/docs/Planes/SU-BTU.mdx,mdx,3,Planes,Planes,no,SU-BTU Israel/Egyptian Jet,SU-BTU Israel/Egyptian Jet,"SU-BTU, an Egyptian-registered Falcon 7X, is one of the five jets in the \""Israel/Egyptian Plane Armada\"" researchers say cycled through Provo, Utah in 2025 around Charlie Kirk's assassination.",none,,,,none,no,CK_AUTHOR_CREDIT,
/Planes/SU-BTV,site/docs/Planes/SU-BTV.mdx,mdx,3,Planes,Planes,no,SU-BTV Israel/Egyptian Jet,SU-BTV Israel/Egyptian Jet,"SU-BTV, an Egyptian-registered VIP jet, is one of the five tails in the \""Israel/Egyptian Plane Armada\"" that public researchers say operated in and out of Provo, Utah in 2025 around Charlie Kirk's assassination.",none,,,,none,no,CK_AUTHOR_CREDIT,
/Planes/Sept10-Flight-Timeline,site/docs/Planes/Sept10-Flight-Timeline.mdx,mdx,3,Planes,Planes,no,September 10 Flight Timeline,Sept 10 Flight Timeline,"Minute-by-minute aircraft and airport timeline for September 10, 2025 — SU-BTT transponder window, N102DZ landing, hospital timing claims, and Kolvet plane conflict.",none,,,,none,no,CK_AUTHOR_CREDIT,
/Planes/T7ELL-EJM36,site/docs/Planes/T7ELL-EJM36.mdx,mdx,3,Planes,Planes,no,T7ELL & EJM36 (Flagged Tails),T7ELL & EJM36,Two additional foreign-registered aircraft tails — T7ELL and EJM36 — flagged alongside the five-plane Egyptian armada in flight-log research and proposed disclosure laws.,none,,,,none,no,CK_AUTHOR_CREDIT,
/Planes/overview,site/docs/Planes/overview.mdx,mdx,2,Planes,,yes,Planes,Planes,"Aircraft and flight-path topics tied to the September 10, 2025 assassination of Charlie Kirk at Utah Valley University. Each link below covers one specific…",video,/img/video_posters/e6cc83c641a21ba3e8c8ca0c69e2eaa047a08507de1b0a895eaedcf3dd7579a3.jpg,QmTffVAiESHW3HZ9FKzNARSJN62sNWUeUqVSGr9i6UugwR,,ck-4sq-stack,no,CK_AUTHOR_CREDIT,
/Planes/N1098L/overview,site/docs/Planes/N1098L/overview.mdx,mdx,3,Planes,Planes,yes,N1098L Spy Plane,N1098L Spy Plane,"A US Army-contracted Bombardier Global 6500 (HADES ISR) operated by LASAI Aviation II LLC made low-altitude, low-speed passes near UVU on September 10, 2025.",image,/img/evidence/b1feadf5e2848c0277e156d2b1ff9fc609bb498ed4b8faee8fbcd0f667906ca5.jpg,QmYonn4JizNkRxCbe1tKidhiZMQjM66F5PNbxiDSoVPmEW,"This image is a digital composite infographic consisting of a 3D satellite map of Orem, Utah, and Utah Lake, overlaid with text, arrows, and an image of a grey military-style jet.",ck-4sq-stack,no,CK_AUTHOR_CREDIT,
/Messages/candace-owens-threat-claims,site/docs/Messages/candace-owens-threat-claims.mdx,mdx,3,Messages,Messages,no,Candace Owens' Threat Claims,Candace Owens Threat Claims,"Candace Owens has publicly alleged a foreign plot against her own life and a foreign role in Charlie Kirk's death. The most serious and least corroborated set of claims in this section, recorded with the caution it requires.",none,,,,none,no,H2_INTERESTING,
/Messages/erika-kirk-denial,site/docs/Messages/erika-kirk-denial.mdx,mdx,3,Messages,Messages,no,Erika Kirk's Denial,Erika Kirk's Denial,"On Glenn Beck's show, Erika Kirk said Charlie was not messaging people the day before saying \""they're going to kill me,\"" and that she had his phone. Several named figures describe otherwise. Both accounts, fairly stated.",none,,,,none,no,H2_INTERESTING,
/Messages/frank-turek-messages,site/docs/Messages/frank-turek-messages.mdx,mdx,3,Messages,Messages,no,Frank Turek's Text and Email,Frank Turek Messages,"Christian apologist Frank Turek, a mentor to Charlie Kirk, has said publicly that Kirk texted him \""I know they want me dead\"" and emailed him the same warning weeks earlier. The strongest first-person account in this section.",none,,,,none,no,H2_INTERESTING,
/Messages/harrison-smith-account,site/docs/Messages/harrison-smith-account.mdx,mdx,3,Messages,Messages,no,Harrison Smith's Account,Harrison Smith Account,Infowars host Harrison Smith went public saying Charlie Kirk told him days before the assassination that he feared being taken out over Israel. His report is one origin point for the widely circulated August 2025 quotes.,none,,,,none,no,H2_INTERESTING,
/Messages/huckabee-disappear-remark,site/docs/Messages/huckabee-disappear-remark.mdx,mdx,3,Messages,Messages,no,"The \""Make You Disappear\"" Remark","Huckabee \""Disappear\"" Remark","In a 2024 on-camera interview, Mike Huckabee asked Candace Owens whether she worried that opponents would \""make you disappear.\"" The clip resurfaced after the assassination. What was actually said, and why the framing is contested.",none,,,,none,no,H2_INTERESTING,
/Messages/if-i-go-against-israel,site/docs/Messages/if-i-go-against-israel.mdx,mdx,3,Messages,Messages,no,"\""If I Go Against Israel, I Think They Will Kill Me\""","\""If I Go Against Israel\""","The most widely circulated quote attributed to Charlie Kirk, reportedly said to a friend on August 13, 2025 — a month before his death. Every recorded variant, every cited source, and why no first-hand recording has ever surfaced.",none,,,,none,no,H2_INTERESTING,
/Messages/laurie-cardoza-moore-message,site/docs/Messages/laurie-cardoza-moore-message.mdx,mdx,3,Messages,Messages,no,Laurie Cardoza-Moore's Message to Charlie Kirk,Laurie Cardoza-Moore Message,"A screenshot circulated on X shows a long religious rebuke reportedly sent to Charlie Kirk by Christian Zionist activist Laurie Cardoza-Moore days before September 10, 2025. Full text, context, and the case against reading it as a threat.",image,/img/evidence/1e016394fb6c995a72520bb59c5e903fd63c37f873e2ab5de7d3548b8e5c4b8c.jpg,,Screenshot of a long text message reportedly sent to Charlie Kirk,ck-4sq-side,no,H2_INTERESTING,
/Messages/message-to-andrew-kolvet,site/docs/Messages/message-to-andrew-kolvet.mdx,mdx,3,Messages,Messages,no,The Message to Andrew Kolvet,Message to Andrew Kolvet,"TPUSA spokesman Andrew Kolvet is reported to have received a message from Charlie Kirk reading \""They will kill me.\"" What Kolvet has confirmed, what he has not, and why he is the most important witness in this section.",none,,,,none,no,H2_INTERESTING,
/Messages/message-to-dan-flood,site/docs/Messages/message-to-dan-flood.mdx,mdx,3,Messages,Messages,no,The Message to Dan Flood,Message to Dan Flood,"Charlie Kirk's head of security is reported to have been told, the night before the assassination, that Kirk expected to be \""executed tomorrow.\"" Why a warning to the security chief is different from a warning to a friend.",none,,,,none,no,H2_INTERESTING,
/Messages/overview,site/docs/Messages/overview.mdx,mdx,2,Messages,Messages,yes,Messages & Threats,Messages & Threats,"Every reported message Charlie Kirk sent or received in the weeks before September 10, 2025 — one page per message, with its source, its channel, and its verification status.",none,,,,none,no,H2_INTERESTING,
/Messages/sept-8-donor-group-chat,site/docs/Messages/sept-8-donor-group-chat.mdx,mdx,3,Messages,Messages,no,The September 8 Donor Group Chat,Sept 8 Donor Group Chat,"The nine-person group chat from September 8, 2025 in which Charlie Kirk reportedly wrote about losing donors over Tucker Carlson and leaving the pro-Israel cause — the only message set with published screenshots and an on-the-record TPUSA confirmation.",none,,,,none,no,H2_INTERESTING,
/Messages/sept-9-they-are-going-to-kill-me,site/docs/Messages/sept-9-they-are-going-to-kill-me.mdx,mdx,3,Messages,Messages,no,"September 9 — \""They Are Going To Kill Me\""",Sept 9 Kill-Me Messages,"On the day before he died, Charlie Kirk reportedly told at least three people he believed he was about to be killed. No screenshot of those messages has ever been published. What is claimed, by whom, and what is missing.",none,,,,none,no,H2_INTERESTING,
/Messages/seth-dillon-text-exchange,site/docs/Messages/seth-dillon-text-exchange.mdx,mdx,3,Messages,Messages,no,"Seth Dillon's Text — \""A Cost\""","Seth Dillon's Text — \""A Cost\""","Carrie Prejean Boller published a screenshot of a text she attributes to Seth Dillon: Charlie Kirk never said he was bullied or threatened, only that saying certain things would come at a cost. The screenshot and the claim built on it are not the same thing.",image,/img/evidence/7c3dd6ba990844dda8b21f90c9045f64a1b29d378e905d5b5b819d0cbf4ace89.jpg,QmNmbnfSb6ZxoZijrontYseLXHrdk1NsBYbTea1iNCK7HF,"Screenshot of a phone text thread labeled Seth, reading: He never said to me at least that he was bullied or threatened by anyone. just that saying certain things would come at a cost. He was right about that, but that doesn",ck-4sq-side,no,CK_AUTHOR_CREDIT,
/Messages/signal-telegram-not-imessage,site/docs/Messages/signal-telegram-not-imessage.mdx,mdx,3,Messages,Messages,no,"Signal and Telegram, Not iMessage","Signal & Telegram, Not iMessage",Investigation notes state Charlie Kirk sent the threat messages over Signal and Telegram rather than iMessage. That single technical detail reconciles the contradiction between the witnesses and the denial — and decides what can ever be recovered.,none,,,,none,no,H2_INTERESTING,
/Messages/threats-to-commentators,site/docs/Messages/threats-to-commentators.mdx,mdx,3,Messages,Messages,no,Threats to Other Commentators After the Assassination,Threats to Commentators,"Megyn Kelly, Tucker Carlson, Candace Owens, and Ian Carroll have all publicly described threats in the period after September 10, 2025. What each has said, and what can and cannot be concluded from the pattern.",none,,,,none,no,H2_INTERESTING,
/Messages/uvu-message-to-charlie-sept-9,site/docs/Messages/uvu-message-to-charlie-sept-9.mdx,mdx,3,Messages,Messages,no,"UVU: \""He Wants Us To Get A Message To Charlie Kirk\""","UVU Message Request, Sept 9","A GRAMA-released email sent through the UVU police chief's chain on September 9, 2025 asked that a message be passed to Charlie Kirk. Every identifying detail is redacted, and whether it was ever delivered is undocumented.",none,,,,none,no,H2_INTERESTING,
/Messages/wiped-out-premonition,site/docs/Messages/wiped-out-premonition.mdx,mdx,3,Messages,Messages,no,"\""Wiped Out At Any Time\"" — The Long-Running Premonition","\""Wiped Out At Any Time\""","A message attributed to Charlie Kirk describes a decade-long sense that he might be killed at any time, unrelated to any specific threat. It reframes the 2025 messages as an escalation rather than a beginning.",none,,,,none,no,H2_INTERESTING,
/US_Intelligence_Assisted/aes-factory-explosion,site/docs/US_Intelligence_Assisted/aes-factory-explosion.mdx,mdx,3,US_Intelligence_Assisted,US_Intelligence_Assisted,no,Explosion & Killings at AES Factory,AES Factory Explosion,"A month after Charlie Kirk's death, the Accurate Energetic Systems plant in Tennessee exploded, reportedly killing workers — citizen investigators tie the blast to the hardware supply chain in the assassination theory.",none,,,,none,no,CK_AUTHOR_CREDIT,
/US_Intelligence_Assisted/faked-confession,site/docs/US_Intelligence_Assisted/faked-confession.mdx,mdx,3,US_Intelligence_Assisted,US_Intelligence_Assisted,no,Faked Confession,Faked Confession,Why citizen investigators question the Discord confession attributed to Tyler Robinson — examined here from the intelligence-assisted angle of who benefits and who could fabricate a cover story.,none,,,,none,no,CK_AUTHOR_CREDIT,
/US_Intelligence_Assisted/fort-huachuca-uvu-attendance,site/docs/US_Intelligence_Assisted/fort-huachuca-uvu-attendance.mdx,mdx,3,US_Intelligence_Assisted,US_Intelligence_Assisted,no,Fort Huachuca Attendance at UVU,Fort Huachuca Attendance,"The circulating claim that an unusually high ratio of people at the September 10, 2025 UVU event were connected to U.S. Army Military Intelligence at Fort Huachuca — recorded here as an unverified allegation with the counts that would be needed to test it.",none,,,,none,no,CK_AUTHOR_CREDIT,
/US_Intelligence_Assisted/narrative-control,site/docs/US_Intelligence_Assisted/narrative-control.mdx,mdx,3,US_Intelligence_Assisted,US_Intelligence_Assisted,no,Narrative Control (Intelligence Service),Narrative Control,"Citizen investigators allege that intelligence-linked channels shaped the public story of Charlie Kirk's death toward a lone domestic suspect, pointing to a reported shutdown of the NCTC foreign-involvement inquiry.",image,/img/evidence/fae6e1ddb01b8bd52817d544cf6d30bc90659397296c1e103b580d285130e9aa.jpg,QmScGkL38CWcfTd75FmkFcpDCA7pifHh1smp8GgNSsicK6,"This is a composite graphic consisting of two stacked aerial-view panels, likely sourced from a mapping service or a 3D modeling environment.",ck-4sq-side,no,CK_AUTHOR_CREDIT,
/US_Intelligence_Assisted/overview,site/docs/US_Intelligence_Assisted/overview.mdx,mdx,2,US_Intelligence_Assisted,,yes,US Intelligence Assisted,US Intelligence Assisted,"The reported reasons U.S. intelligence assisted in Charlie Kirk's death — the RØDE mic and its DoD contract, the AES factory explosion and deaths, narrative control, Fort Huachuca, a faked confession, and cover-up.",video,/img/video_posters/f46df7647fcab0835a553f989c01cd909cf5fee46a42346fa84787078f388754.jpg,QmazcnUensqwx3USwwNjZJ9GXveNK9hocxiDW7tsS1Eh15,,ck-4sq-stack,no,CK_AUTHOR_CREDIT,
/US_Intelligence_Assisted/rode-mic,site/docs/US_Intelligence_Assisted/rode-mic.mdx,mdx,3,US_Intelligence_Assisted,US_Intelligence_Assisted,no,RØDE Mic,RØDE Mic,The RØDE wireless lavalier microphone on Charlie Kirk's shirt and the defense supply-chain ties around it are cited by citizen investigators as a possible hardware chain of custody running through DoD-connected vendors.,none,,,,none,no,CK_AUTHOR_CREDIT,
/US_Intelligence_Assisted/signs-of-cover-up,site/docs/US_Intelligence_Assisted/signs-of-cover-up.mdx,mdx,3,US_Intelligence_Assisted,US_Intelligence_Assisted,no,Signs of Cover-Up,Signs of Cover-Up,"Aftermath handling of the Charlie Kirk case — evidence disposal, sealed records, and the rapid ruling-out of any foreign angle — read here as indicators of an intelligence-assisted cover-up.",image,/img/evidence/0519c99dfc49e8bf80cee9a3d633ede596b779fa6edba4838456741a24e57244.jpg,QmZgTAvUi5RqFx4N56xSY798mSyMECLLgcRC2qnSpABJgJ,"A wide shot depicting a large outdoor gathering of people next to a modern concrete building under a bright blue, partly cloudy sky.",ck-4sq-side,no,CK_AUTHOR_CREDIT,
/Motive/Geopolitical_Intel_Service_Theories,site/docs/Motive/Geopolitical_Intel_Service_Theories.mdx,mdx,3,Motive,Motive,no,Geopolitical and Intelligence‑Service Motive Theories (Claims),Geopolitical & Intel Theories,"Geopolitical and intelligence-service motive theories — foreign interference probes, Egyptian plane, Fort Huachuca, ADL rhetoric, shaped-charge sophistication.",image,/img/evidence/fae6e1ddb01b8bd52817d544cf6d30bc90659397296c1e103b580d285130e9aa.jpg,QmScGkL38CWcfTd75FmkFcpDCA7pifHh1smp8GgNSsicK6,"This is a composite graphic consisting of two stacked aerial-view panels, likely sourced from a mapping service or a 3D modeling environment.",ck-4sq-side,no,CK_AUTHOR_CREDIT,
/Motive/Institutional_Media_Organizational_Dynamics,site/docs/Motive/Institutional_Media_Organizational_Dynamics.mdx,mdx,3,Motive,Motive,no,"Institutional, Media, and Organizational Motive Dynamics (Claims)",Institutional & Organizational,"Institutional motive dynamics — lone-actor narrative incentives, TPUSA succession, VFX deepfake claims, gag orders, Brad Parscale FARA, rapid FOX replacement.",image,/img/evidence/de898a433a0380ecdda0d7fa7c606fa191c77f7d0f2dd897bc395c2d889ddff4.jpg,QmRh45T8xe9wjvieYpk5YGU6RX5RDtCdM8Qm6qhgEwHUcS,"This low-resolution, slightly blurry video still captures a large crowd of people gathered outside a multi-level modern commercial or institutional complex.",ck-4sq-stack,no,CK_AUTHOR_CREDIT,
/Motive/Motive_Investigation_Index,site/docs/Motive/Motive_Investigation_Index.mdx,mdx,3,Motive,Motive,no,Motive Investigation Index,Motive Investigation Index,"Working memo mapping motive theories in Charlie Kirk's killing — donor pressure, death warnings, intel geopolitics, TPUSA succession, and official Tyler narrative.",none,,,,none,no,CK_AUTHOR_CREDIT,
/Motive/Tyler_Robinson_Alleged_Motive,site/docs/Motive/Tyler_Robinson_Alleged_Motive.mdx,mdx,3,Motive,Motive,no,Tyler Robinson’s Alleged Personal and Ideological Motives (As Reported),Tyler Robinson Alleged Motive,"Tyler Robinson's alleged motives as reported by prosecutors and media — ideological opposition, partner grievance, radicalization — vs patsy reinterpretations.",image,/img/evidence/cd1910a13f301771b976f5d859ee39eae82ae571f4dbc8f282efbd24ce8077b9.jpg,Qmdq9jd6yQuQPJoHDDvkxBNKnvK29muCyuuaTUJ7Kw6Tv2,This vertical-format outdoor photograph shows a person lying down on a patch of green grass in an urban park or public plaza setting.,ck-4sq-side,no,CK_AUTHOR_CREDIT,
/Motive/overview,site/docs/Motive/overview.mdx,mdx,2,Motive,,yes,Motive,Motive,"Motive theories in Charlie Kirk's killing — donor and Israel pressure, death warnings, geopolitical intel context, TPUSA dynamics, and Tyler Robinson's alleged motives.",video,/img/video_posters/e648a89af7b570c54736fb1a04d16bb42f61f9efafd74f2680de1c00883fa680.jpg,QmS64aK5A7BfPP3C645FLBSQRdXcMCyCtCxddAQixoQ22K,,ck-4sq-stack,no,CK_AUTHOR_CREDIT,
/Tyler_Robinson/Before,site/docs/Tyler_Robinson/Before.mdx,mdx,3,Tyler_Robinson,Tyler_Robinson,no,Tyler Robinson Before the Event,Before the Event,"Reported biography of Tyler Robinson before September 10, 2025 — education, St. George residence, family, Discord/gaming activity, and investigative relevance.",none,,,,none,no,CK_AUTHOR_CREDIT,
/Tyler_Robinson/Discord_Messages,site/docs/Tyler_Robinson/Discord_Messages.mdx,mdx,3,Tyler_Robinson,Tyler_Robinson,no,Tyler Robinson Discord Messages,Discord Messages,"Documents the alleged Discord confession attributed to Tyler Robinson — server warrant targets, 7:57 PM timing vs 6:25 PM Miranda, message contradictions, and prosecution non-use.",image,/img/evidence/8e0f9f56cb156f7ab4cddf57edc89ad07ef996e749de93346a55672084a8145e.jpg,QmeQrP1PtDEjkW3TiaXK7ekx7zjuQqW5MHsea1VPGq3QkT,This is a digital screenshot of a social media post on X (formerly Twitter) by the user &quot;CCG BRYSON&quot;.,ck-4sq-stack,no,CK_AUTHOR_CREDIT,
/Tyler_Robinson/Family,site/docs/Tyler_Robinson/Family.mdx,mdx,3,Tyler_Robinson,Tyler_Robinson,no,Tyler Robinson Family,Family,"Documents publicly reported information about Tyler Robinson's family — parents, Mormon community, turn-in narrative, and January 2026 hearing statements.",image,/img/evidence/5d2592a7a318a4a5b57ee8a07038460c1dd5b3701e38a8a9cb7b093e7903c820.jpg,QmUzeiBaZGVYdcSkFCU5qt8aNKNgTx4rpjR3xXrXaQKGkk,This image is a vertical stack of three video screenshots showing the interior of a courtroom or hearing room during a proceeding.,ck-4sq-side,no,CK_AUTHOR_CREDIT,
/Tyler_Robinson/Investigation_Index,site/docs/Tyler_Robinson/Investigation_Index.mdx,mdx,3,Tyler_Robinson,Tyler_Robinson,no,Tyler Robinson Investigation Index,Investigation Index,"Working investigative memo mapping every major Tyler Robinson thread — identity mismatch, surrender timeline, Discord confession, ballistics, family, and patsy theories.",none,,,,none,no,CK_AUTHOR_CREDIT,
/Tyler_Robinson/Recruited,site/docs/Tyler_Robinson/Recruited.mdx,mdx,3,Tyler_Robinson,Tyler_Robinson,no,Tyler Robinson Recruited,Recruited,This document compiles claims and hypotheses about whether Tyler Robinson may have been recruited by intelligence agencies and any alleged connections to…,none,,,,none,no,CK_AUTHOR_CREDIT,
/Tyler_Robinson/Risk_Of_Assassination,site/docs/Tyler_Robinson/Risk_Of_Assassination.mdx,mdx,3,Tyler_Robinson,Tyler_Robinson,no,Tyler Robinson — Risk of Assassination,Risk of Assassination,"Attorney and commentator Baron Coleman argues Tyler Robinson is in grave danger because he was never supposed to survive to turn himself in, and that the case cannot withstand a trial.",video,/img/video_posters/1529a7604c907b6b08c0fefeba8095858639c31db2ed88d3a9c14f5b4f418c0e.jpg,QmdRHj4338We2zB4bXzZGTgRVuRHfQCBG6ZJ5dGcwAnyvh,,ck-4sq-stack,no,CK_AUTHOR_CREDIT,
/Tyler_Robinson/Stairs_Guy,site/docs/Tyler_Robinson/Stairs_Guy.mdx,mdx,3,Tyler_Robinson,Tyler_Robinson,no,Stairs Guy vs Tyler Robinson,Stairs Guy,"Documents the clothing, backpack, and rifle-carry mismatch between campus-camera Tyler Robinson and the figure called Stairs Guy — a core identity challenge to the official narrative.",image,/img/evidence/43db211b21f81c1f70deac0747003a7253b7c379b07491acd41e3c1ff607a63f.jpg,QmXwsT3VYsNdqux23sZjvk8dXwABz6sxreQZJLZ9cgeVzS,This image is a screenshot of a social media post from a platform resembling X (formerly Twitter).,ck-4sq-stack,no,CK_AUTHOR_CREDIT,
/Tyler_Robinson/Surrender,site/docs/Tyler_Robinson/Surrender.mdx,mdx,3,Tyler_Robinson,Tyler_Robinson,no,Tyler Robinson Surrender — September 11,Surrender,"Documents the reported September 11 surrender at Washington County Sheriff's Office — Brooksby timeline, 6:25 PM Miranda, missing bodycam, and the 33-hour manhunt narrative.",none,,,,none,no,CK_AUTHOR_CREDIT,
/Tyler_Robinson/Travel,site/docs/Tyler_Robinson/Travel.mdx,mdx,3,Tyler_Robinson,Tyler_Robinson,no,Tyler Robinson Travel,Travel,This document contains information about Tyler Robinson's travel patterns and movements related to the Charlie Kirk incident.,image,/img/evidence/4226b8db5485a5a29c12dd31bd9e0fbe2547d8d4f2046ab52a321794a735b623.jpg,QmdaxrozFuwnGKsQZ3Q5BxzCJZLGujKHwAFh6mFbhjS9dr,This is a digital graphic featuring a typed itinerary of travel routes organized by year from 2022 to 2025.,ck-4sq-stack,no,CK_AUTHOR_CREDIT,
/Tyler_Robinson/Tyler_9_10_2025,site/docs/Tyler_Robinson/Tyler_9_10_2025.mdx,mdx,3,Tyler_Robinson,Tyler_Robinson,no,"Tyler Robinson on September 10, 2025",Tyler 9/10/2025,"This page examines Tyler Robinson's claimed movements on the day of the Charlie Kirk assassination, September 10, 2025, at Utah Valley University. The…",image,/img/evidence/0439875cd57aa71ea17bc49797b5936f7df772a5227307b237dbfd19f17239e8.jpg,QmUAcBkhS1n151NMmYg32b9DrjYAuq2N5tcadGU1SvyBtm,Surveillance camera stills from 9/10/2025 showing movement from shooting position to NE corner of Losee Center building in 25 seconds,ck-4sq-stack,no,CK_AUTHOR_CREDIT,
/Tyler_Robinson/Weapon_Rifle,site/docs/Tyler_Robinson/Weapon_Rifle.mdx,mdx,3,Tyler_Robinson,Tyler_Robinson,no,Tyler Robinson Weapon and Rifle,Weapon & Rifle,"Documents the Mauser .30-06 attributed to Tyler Robinson — recovery, DNA claims, ATF inconclusive bullet match, CBLA/VCM fights, and wound-trajectory challenges.",image,/img/evidence/5f1f3a37727bb1c6844c1762651731bd348897da93ff448474a188b6b5f98b75.png,,"Two excerpts from the preliminary hearing transcript. The upper excerpt is examination about whether the interior of the barrel was inspected and whether it had debris or dust, with the answer that notes state debris and dust were observed inside the barrel. The lower excerpt is examination about measuring the bullet, with the answer that the range of the diameter was .286 to .301 inches.",ck-4sq-stack,no,CK_AUTHOR_CREDIT,
/Tyler_Robinson/baron-coleman-family-denial,site/docs/Tyler_Robinson/baron-coleman-family-denial.mdx,mdx,3,Tyler_Robinson,Tyler_Robinson,no,Baron Coleman — Family Denies the Confession,Family Denies Confession,"Baron Coleman, on Julian Dorey Podcast Episode 458, says Tyler Robinson's family does not believe he did it and denies he confessed to them — and notes the parents were not on the preliminary-hearing witness list.",none,,,,none,no,CK_AUTHOR_CREDIT,
/Tyler_Robinson/clothing-change-agent-david-hull,site/docs/Tyler_Robinson/clothing-change-agent-david-hull.mdx,mdx,3,Tyler_Robinson,Tyler_Robinson,no,Clothing Change & Agent David Hull,Clothing Change & Agent Hull,Agent David Hull's State of Utah testimony that the suspect changed clothing on the Losee Center roof and back again — and Blake Bednarz's call for a public follow-up on that rooftop change-of-clothes account.,video,/img/video_posters/c4209ad88448276b2f56f5f4031b4daa0003837b70fc0575faf803b83231d666.jpg,QmdEnrkAFkRUnC8ZNX1Bkgv5ePjQz4wsVBkgKGt5iMYRJy,,ck-4sq-stack,no,CK_AUTHOR_CREDIT,
/Tyler_Robinson/cowboys-smokehouse-full-visit,site/docs/Tyler_Robinson/cowboys-smokehouse-full-visit.mdx,mdx,3,Tyler_Robinson,Tyler_Robinson,no,Cowboy's Smokehouse Full Visit Video,Cowboy's Smokehouse Full Visit,"Full 34-minute video of citizen journalist @DiligentDenizen's 7/11/2026 return visit to Cowboy's Smokehouse in Panguitch, UT — the owner hands over the 9/10/25 receipt, corrects the record on the restaurant's cameras, and a staff eyewitness who says he is 100% certain he served Tyler Robinson on the night of the assassination gives an on-camera interview.",none,,,,none,no,H2_INTERESTING,
/Tyler_Robinson/cowboys-smokehouse-receipt,site/docs/Tyler_Robinson/cowboys-smokehouse-receipt.mdx,mdx,3,Tyler_Robinson,Tyler_Robinson,no,Cowboy's Smokehouse Receipt,Cowboy's Smokehouse Receipt,"A photographed Cowboy's Smokehouse receipt (Check #211) dated 9/10/25, ordered 8:55 PM and paid at 9:47 PM, is circulated as a possible alibi placing Tyler Robinson far from UVU the night of the assassination — why the receipt's time and location matter, and what still needs verifying.",image,/img/evidence/b688094df9348f8f338a96e47285aa9fef8aef2043367fd35d13e23471770148.jpg,QmRvQGjWAa5uKNpuskKL5BsTrHDDGvtMT8VZihvHjR2AWr,Cowboy,ck-4sq-side,no,CK_AUTHOR_CREDIT,
/Tyler_Robinson/eyewitness-black-clad-fugitive,site/docs/Tyler_Robinson/eyewitness-black-clad-fugitive.mdx,mdx,3,Tyler_Robinson,Tyler_Robinson,no,Eyewitness vs. the Text Confession,Eyewitness vs. Text Confession,"A construction-site electrician described the fleeing man as wearing a black trench coat, black COVID mask, black cargo pants and long greasy black hair — after the point the alleged Tyler Robinson texts say he had already changed clothes in the woods. Sam Parker's 11:47 investigation retraces the escape path and argues the messages are fabricated.",video,/img/video_posters/3652584f10bdc61ad85853767413e6593d8d91613fb06de809bc4b3e443688eb.jpg,QmVvPn6bmS2xdCDy9gEnGu5ptCnwfayoqeeZKM3mBbUmP3,,ck-4sq-side,no,H2_INTERESTING,
/Tyler_Robinson/lance-twiggs-drawings,site/docs/Tyler_Robinson/lance-twiggs-drawings.mdx,mdx,3,Tyler_Robinson,Tyler_Robinson,no,Lance Twiggs Drawings,Lance Twiggs Drawings,"Photographs circulating on X of frenzied notebook and sticky-note drawings reportedly recovered from the home shared by Tyler Robinson and Lance Twiggs, and questions about how law enforcement handled them.",image,/img/evidence/53824596c67b8c65d0f6c6f4d43bcd8a353ac3300ea176a2ea7d6230485124c5.jpg,QmaXqdAETGW8XT1C6nJpwk1MLJaVFtqEEespuyRmgE2p4F,"Gallery screenshot of frenzied ink drawings on lined notebook paper, held bare-handed",ck-4sq-side,no,H2_INTERESTING,
/Tyler_Robinson/overview,site/docs/Tyler_Robinson/overview.mdx,mdx,2,Tyler_Robinson,,yes,Tyler Robinson,Tyler Robinson,"Hub for the official suspect in the Charlie Kirk assassination — identity mismatches, surrender timeline, Discord confession, ballistics, family, trial, and patsy theories.",image,/img/evidence/f78f3a3ede1a3bbfda3cfd42d80f52f48dc1aedb7cfa2f64f5afb598372c125f.jpg,,"Visual Representation of Reported Injuries — anatomical chart marking, in red, the reported injury locations across the front and back torso, the neck, the internal chest, and two views of the brain.",ck-4sq-side,no,CK_AUTHOR_CREDIT,
/Tyler_Robinson/twenty-five-hour-driving-timeline,site/docs/Tyler_Robinson/twenty-five-hour-driving-timeline.mdx,mdx,3,Tyler_Robinson,Tyler_Robinson,no,The 25-Hour Day — 13 Hours of Driving and One Maroon Shirt,The 25-Hour Driving Day,"A former Charlie Kirk film-crew staffer reads the state's September 10, 2025 timeline for Tyler Robinson back as one continuous clock — 25 hours awake, roughly 13 hours 20 minutes behind the wheel, and a favorite maroon shirt he changes out of and back into.",none,,,,none,no,H2_INTERESTING,
/Tyler_Robinson/Messages/discord-messages,site/docs/Tyler_Robinson/Messages/discord-messages.mdx,mdx,4,Tyler_Robinson,Tyler_Robinson,no,Discord Messages — Stored on a Third-Party Server,Discord Messages,"The alleged Discord confession attributed to Tyler Robinson: what the messages say, which servers they were stored on, how they reached investigators, and the State's Exhibit 16.2 quotations circulated in July 2026.",image,/img/evidence/be8560405013223eb3bc4194f8c5437d9fd9e5fd5717b829e94044826e6073a8.png,,"Two bulleted quotations from a legal filing, each citing State",ck-4sq-stack,no,CK_AUTHOR_CREDIT,
/Tyler_Robinson/Messages/handwritten-note,site/docs/Tyler_Robinson/Messages/handwritten-note.mdx,mdx,4,Tyler_Robinson,Tyler_Robinson,no,The Handwritten Note — Stored Under a Keyboard,Handwritten Note,"The paper note left under a keyboard at the apartment Tyler Robinson shared with Lance Twiggs — the only message in the case with no server, no timestamp and no metadata.",none,,,,none,no,CK_AUTHOR_CREDIT,
/Tyler_Robinson/Messages/overview,site/docs/Tyler_Robinson/Messages/overview.mdx,mdx,3,Tyler_Robinson,Tyler_Robinson,yes,The Messages Attributed to Tyler Robinson,Messages,"Where every message set attributed to Tyler Robinson was stored and how each one reached investigators — Discord posts, texts recovered from Lance Twiggs' phone, a handwritten note left under a keyboard, and Steam profile material.",none,,,,none,no,CK_AUTHOR_CREDIT,
/Tyler_Robinson/Messages/steam-messages,site/docs/Tyler_Robinson/Messages/steam-messages.mdx,mdx,4,Tyler_Robinson,Tyler_Robinson,no,Steam Profile and Comments — Stored on a Public Gaming Platform,Steam Profile,"Archived Steam material attributed to Tyler Robinson — the craftin247 and milk profiles, aliases, captions and comments scraped from public pages by citizen researchers before they were reportedly scrubbed.",none,,,,none,no,CK_AUTHOR_CREDIT,
/Tyler_Robinson/Messages/text-messages-twiggs,site/docs/Tyler_Robinson/Messages/text-messages-twiggs.mdx,mdx,4,Tyler_Robinson,Tyler_Robinson,no,Text Messages — Recovered From Lance Twiggs' Phone,Texts to Lance Twiggs,The Robinson–Twiggs text exchanges were not pulled from a device attributed to Tyler Robinson. They were extracted from Lance Twiggs' phone with Cellebrite tooling and described in open court by Agent Davis.,none,,,,none,no,CK_AUTHOR_CREDIT,
/Tyler_Robinson/discord/bates-003996-miranda-vs-discord,site/docs/Tyler_Robinson/discord/bates-003996-miranda-vs-discord.mdx,mdx,4,Tyler_Robinson,Tyler_Robinson,no,Bates 003996-R2: Miranda at 6:25 vs. the Discord Clock,Bates 003996-R2,The Bates-stamped discovery exhibit showing Tyler Robinson Mirandized at approximately 6:25 PM on September 11 - roughly 90 minutes before the Discord confession is timestamped.,image,/img/evidence/e88152b4c2893673bead6ebf3b00a7565f995110af53295ee4c1142a83ab2afd.jpg,Qme6Qciti7QYQTcY3rRp1r6ttVoBrUhb5VHsESGuJj9oVF,"Explainer capture describing Bates 003996-R2, a discovery exhibit video showing Robinson Mirandized at approximately 6:25 PM on September 11, 2025",ck-4sq-stack,no,CK_AUTHOR_CREDIT,
/Tyler_Robinson/discord/bryson-gray-discord-logs-claim,site/docs/Tyler_Robinson/discord/bryson-gray-discord-logs-claim.mdx,mdx,4,Tyler_Robinson,Tyler_Robinson,no,The 'Literal Discord Logs' Claim,Literal Discord Logs,An X post listing the Discord confession as objective fact with the evidence given as the literal discord logs - and what that phrase assumes.,image,/img/evidence/8e0f9f56cb156f7ab4cddf57edc89ad07ef996e749de93346a55672084a8145e.jpg,QmeQrP1PtDEjkW3TiaXK7ekx7zjuQqW5MHsea1VPGq3QkT,"Screenshot of an X post headed Objective facts, listing that Tyler Robinson confessed in discord messages with evidence given as the literal discord logs",ck-4sq-stack,no,CK_AUTHOR_CREDIT,
/Tyler_Robinson/discord/confession-screenshot-zealous-monkey,site/docs/Tyler_Robinson/discord/confession-screenshot-zealous-monkey.mdx,mdx,4,Tyler_Robinson,Tyler_Robinson,no,The zealous_monkey_55095 Discord Confession Screenshot,Confession Screenshot,"The single screenshot at the center of the Discord story - three September 10 messages, then the 9/11 confession posted under the username zealous_monkey_55095, transcribed line by line with its timestamps.",image,/img/evidence/c820f0d218e2b925369d6efa6e275d8a8cfaf4bfeee0c1ef44d3939b361d4364.jpg,QmWzHHZDB37kcdhvj1STXZji8QFmKdRhwzYuh1DT5ZMk8z,"Dark-mode Discord screenshot showing September 10 messages and the September 11 confession post from zealous_monkey_55095, timestamp outlined in red",ck-4sq-side,no,CK_AUTHOR_CREDIT,
/Tyler_Robinson/discord/confession-sourcing-klippenstein,site/docs/Tyler_Robinson/discord/confession-sourcing-klippenstein.mdx,mdx,4,Tyler_Robinson,Tyler_Robinson,no,How the Confession Screenshot Reached the Public,Sourcing Chain,"The chain by which the Discord confession became public - Robinson's roommate showing the chats to investigators, Ken Klippenstein's September 16 Substack release, and the FBI Director's congressional confirmation.",image,/img/evidence/c867cb4d5bd0200a18a6a6356153ebd2749975c9f53570a5e1c67dd31a0d8e10.jpg,QmUtJiQiJJPRG5tLoQh2uhnjaR2g5TMYBhFVWUN9KtZXhK,"Dark-mode explainer screenshot reproducing the Discord confession and listing the court documents, mainstream outlets and Klippenstein article that sourced it",ck-4sq-side,no,CK_AUTHOR_CREDIT,
/Tyler_Robinson/discord/discord-denies-planning-messages,site/docs/Tyler_Robinson/discord/discord-denies-planning-messages.mdx,mdx,4,Tyler_Robinson,Tyler_Robinson,no,Discord: The Planning Messages Were Not Discord Messages,Not Discord Messages,Discord told TMZ that the messages described in reporting as planning details do not appear to be Discord messages at all - they came from a handwritten note and from conversations a roommate relayed.,image,/img/evidence/76c6bf771a046e2112d9512432578374be8a7595fd916dd39597aa8fd7aadb01.jpg,QmaPWKxWS9ufzdNSQXEypEWoYq3xg7noJKEXyDpTx4i4TS,Article excerpt quoting a Discord spokesperson telling TMZ that messages referenced in reporting about planning details do not appear to be Discord messages,ck-4sq-side,no,CK_AUTHOR_CREDIT,
/Tyler_Robinson/discord/discord-removed-robinson-account,site/docs/Tyler_Robinson/discord/discord-removed-robinson-account.mdx,mdx,4,Tyler_Robinson,Tyler_Robinson,no,Discord Removed the Account That Posted It,Account Removed,"A TMZ news capture noting Discord has removed Robinson's account, and what deletion does to the one authentication path that could have settled the confession question.",image,/img/evidence/60b0e408389a36f43d96f5453e042872974380618519d1b26a4b85c73bb4de8b.jpg,QmRwKf8tFRVdLDVYCiqkdteKvpBTxZRi1MsBwMvV8Rm1Z8,TMZ news page capture with a line reading BTW Discord says it has removed Robinson,ck-4sq-side,no,CK_AUTHOR_CREDIT,
/Tyler_Robinson/discord/discord-says-no-plotting,site/docs/Tyler_Robinson/discord/discord-says-no-plotting.mdx,mdx,4,Tyler_Robinson,Tyler_Robinson,no,Discord Says the Assassination Was Not Plotted There,Discord: No Plotting,"Discord's own statement, reported September 13, 2025: it identified an account associated with the suspect but found no evidence the incident was planned or violence promoted on its platform.",image,/img/evidence/6fccb0a7618dcaecdfffacdb0d1e5aa3c9f404294a3cda59cda0250f9f8bf644.jpg,QmSm9R5rLAhzdTUbGYg2baGFiFSLGRvxxaDUHe35SM54uP,Headline card reading Discord Says Tyler Robinson Didn,ck-4sq-side,no,CK_AUTHOR_CREDIT,
/Tyler_Robinson/discord/discord_friends,site/docs/Tyler_Robinson/discord/discord_friends.mdx,mdx,4,Tyler_Robinson,Tyler_Robinson,no,"Tyler Robinson's Discord Friends, Servers and Handles",Discord Friends & Handles,"Every Discord name connected to Tyler Robinson that appears in the source material - his own handles, Lance Twiggs' handles, the three warrant-named servers, and the handles left in public on gaming profiles.",image,/img/evidence/c820f0d218e2b925369d6efa6e275d8a8cfaf4bfeee0c1ef44d3939b361d4364.jpg,QmWzHHZDB37kcdhvj1STXZji8QFmKdRhwzYuh1DT5ZMk8z,The Discord confession screenshot showing the username zealous_monkey_55095 above the September 11 message,ck-4sq-side,no,CK_AUTHOR_CREDIT,
/Tyler_Robinson/discord/friel-twiggs-text-exchange,site/docs/Tyler_Robinson/discord/friel-twiggs-text-exchange.mdx,mdx,4,Tyler_Robinson,Tyler_Robinson,no,The Twiggs Text Exchange and the Fabrication Argument,Friel: Fabrication Argument,"Chris Friel's argument that the Robinson-Twiggs exchange was fabricated in stages, and that the probable cause affidavit wrongly described a text thread as a Discord thread.",image,/img/evidence/f8975b00a6f8f7b54c4558bf6cb591bdc36c6825be4dc47e8bf9ba8dfd57fc89.jpg,QmQjj1R8DdDhgDxJngSVKodkpf8kQvyXu16h6nmzMrBYeK,Text excerpt headed Lance Twiggs and his Lover,ck-4sq-stack,no,CK_AUTHOR_CREDIT,
/Tyler_Robinson/discord/google-trends-discord-searches,site/docs/Tyler_Robinson/discord/google-trends-discord-searches.mdx,mdx,4,Tyler_Robinson,Tyler_Robinson,no,The Israeli and DC Search-Traffic Claim,Search Traffic Claim,"A long X thread claiming Israeli and Washington DC IP addresses searched Tyler Robinson's Discord and other terms for months beforehand - the claim, and the reason search-trends data cannot carry it.",image,/img/evidence/81e9db705e6ac592626b1f9adfa931d112d36d989c4cb06a8845b43aaefcb40a.jpg,QmQGZGwMnJBN1wye4ajHmY1eWuPVVAmwb349REqpwzBVdC,Screenshot of a long X post claiming Israeli and DC IP addresses were searching terms tied to Charlie Kirk,ck-4sq-side,no,CK_AUTHOR_CREDIT,
/Tyler_Robinson/discord/keyboard-note-full-exchange,site/docs/Tyler_Robinson/discord/keyboard-note-full-exchange.mdx,mdx,4,Tyler_Robinson,Tyler_Robinson,no,The Full Exchange After the Keyboard Note,Keyboard Note Exchange,"The longest published version of the Robinson-Twiggs exchange, beginning after the roommate reads the note under the keyboard, including the motive line, the week of planning, and the engraved bullets meme.",image,/img/evidence/195b0d636003e94166bd2cbde7629a864b868c6f2afd0b61c8ac693f76451650.jpg,QmaTB33QATEakGLdyPa7RYqmi71jJQiBfQy2UL5qXXqhat,"Document capture reproducing the full Robinson and roommate exchange after the keyboard note, laid out in a Robinson slash Roommate transcript format",ck-4sq-side,no,CK_AUTHOR_CREDIT,
/Tyler_Robinson/discord/overview,site/docs/Tyler_Robinson/discord/overview.mdx,mdx,3,Tyler_Robinson,Tyler_Robinson,yes,The Discord Evidence,Discord,"Every Discord artifact in the Charlie Kirk case in one place - the confession screenshot, the usernames, the servers, Discord's own denials, the warrant pages, and the 6:25 PM Miranda problem.",none,,,,none,no,CK_AUTHOR_CREDIT,
/Tyler_Robinson/discord/pca-affidavit-roommate-screen-photos,site/docs/Tyler_Robinson/discord/pca-affidavit-roommate-screen-photos.mdx,mdx,4,Tyler_Robinson,Tyler_Robinson,no,The Affidavit: Photographing a Roommate's Screen,Roommate's Screen,The probable cause affidavit's own account of how the messages reached investigators - the roommate opened his phone and investigators photographed the screen as each message was displayed.,image,/img/evidence/77ec10d3ff6d9625859ead5a4500f3513e7fe841a1e7fe235ee0a7b44dca2ab0.jpg,QmeZwFrQzcKfqv5mjDqaFwz6Yfx2RZYvycgJGbsF8U9mk5,Capture of the probable cause affidavit page describing the roommate interview and the photographing of Discord messages from his screen,ck-4sq-side,no,CK_AUTHOR_CREDIT,
/Tyler_Robinson/discord/phil-lyman-discord-radicalization,site/docs/Tyler_Robinson/discord/phil-lyman-discord-radicalization.mdx,mdx,4,Tyler_Robinson,Tyler_Robinson,no,"Phil Lyman and a Discord-Radicalization Post, Two Weeks Before",Phil Lyman Post,"An X thread noting that Utah's Phil Lyman engaged with a post about Discord-based radicalization two weeks before September 10, and how much weight that can carry.",image,/img/evidence/0510d6d9e08d1fa9a0ba9a6e25ee5cc200cf0b7c871aedc1c0a6e6bae3d2d896.jpg,QmTcBdHSRZwDtkXC5X38Nfe6MXsqPafbyvQjNin7yox9G8,Screenshot of an X thread noting Phil Lyman commented on a post about CIA radicalization through Discord groups two weeks before the assassination,ck-4sq-side,no,CK_AUTHOR_CREDIT,
/Tyler_Robinson/discord/search-warrant-tylor-kum-vs-zealous-monkey,site/docs/Tyler_Robinson/discord/search-warrant-tylor-kum-vs-zealous-monkey.mdx,mdx,4,Tyler_Robinson,Tyler_Robinson,no,Search Warrant 3217131: Both Usernames on One Warrant,Warrant 3217131,"The search warrant page carrying both the tylor/kum attribution in its prose and the zealous_monkey_55095 screenshot as its exhibit, plus the note that other usernames were redacted.",image,/img/evidence/9eb218cd90c3a4c2ee88075f29238d157f83c05af242648d93a78d3a933c46ad.jpg,QmVop3nci4wYi93xWFb2hV8CwT57YUWYTMfXehZWJDn2oP,Capture of Affidavit for Search Warrant 3217131 showing the tylor/kum quote on page 5 and the zealous_monkey_55095 screenshot on page 7,ck-4sq-stack,no,CK_AUTHOR_CREDIT,
/Tyler_Robinson/discord/state-wont-offer-forensic-extractions,site/docs/Tyler_Robinson/discord/state-wont-offer-forensic-extractions.mdx,mdx,4,Tyler_Robinson,Tyler_Robinson,no,The State Says It Will Not Offer Forensic Extractions,No Forensic Extractions,A prosecution filing states plainly that the state does not intend to offer evidence obtained through forensic extractions of the electronics seized - removing the one path that could authenticate the message logs.,image,/img/evidence/2c17ba2b67ec3f54dc5eaa5d3880c0711c035f6573e2d9733e49aa7b014513fb.jpg,QmPqDqh4PuYnTxD47JZ3EuWnnSQyCe56pokfjajgnx6ir8,Capture of a news excerpt quoting the prosecution filing that the state does not intend to offer evidence obtained through forensic extractions of electronics seized in this case,ck-4sq-stack,no,CK_AUTHOR_CREDIT,
/Tyler_Robinson/steam/steam-ankha-egypt-profile,site/docs/Tyler_Robinson/steam/steam-ankha-egypt-profile.mdx,mdx,4,Tyler_Robinson,Tyler_Robinson,no,The Ankha Profile and the Egypt Claim,Ankha / Egypt Claim,"A Steam profile in the same group listing Egypt as its location and My Discord: Ankha_Kitty in its bio, and the X thread that tried to connect it to Egyptian aircraft in Provo.",image,/img/evidence/75bf47650e569ec131e5f5e70d6231d2ddb19e337288bca2f89acd3060ca9605.jpg,Qmd5WRk26ahMADnr6iDSkSAn4sLHBHUsaRzqxwdSGgwTrQ,Steam profile capture for a user named Ankha listing Egypt as location and My Discord: Ankha_Kitty in the bio,ck-4sq-side,no,CK_AUTHOR_CREDIT,
/Tyler_Robinson/steam/steam-comments-cento-egypt,site/docs/Tyler_Robinson/steam/steam-comments-cento-egypt.mdx,mdx,4,Tyler_Robinson,Tyler_Robinson,no,"The Steam Wall After the Shooting: 1,116 Comments",Steam Wall After 9/10,"A capture of the same Steam profile after it had been found by the public - the comment count in the thousands, and the September 2 comment that reads like a shooting joke in hindsight.",image,/img/evidence/4aab71cf670c99047afdf00fb8e547c1545621a1ba6a3b1b63d59baa1fd6bcc8.jpg,QmNqxJX392tNay6WX4d1oM8Rie3MExtQs2FMJGL1uS3RC2,"Steam comments capture showing View all 1,116 comments and a long roleplay comment from a user named cento dated September 2",ck-4sq-side,no,CK_AUTHOR_CREDIT,
/Tyler_Robinson/steam/steam-comments-discord-handles,site/docs/Tyler_Robinson/steam/steam-comments-discord-handles.mdx,mdx,4,Tyler_Robinson,Tyler_Robinson,no,Discord Handles Left in the Steam Comments,Handles in Steam Comments,"A capture of the Steam profile comment wall attributed to Tyler Robinson, in which visitors post their own Discord handles - fentanylsandwich1312 and generic8076 - in plain sight.",image,/img/evidence/013e49118c8eb87ada7fdc692f8261f0dc83e464174dc0624e254a904163f0dd.jpg,QmTh3n175GbRbKya74boHzuLdqqdn3KcanZ7rryiT8MWNv,"Mobile capture of a Steam profile comments section with several visitor comments, two of which give out Discord usernames",ck-4sq-side,no,CK_AUTHOR_CREDIT,
/Tyler_Robinson/discord/surrendering-vs-turning-himself-in,site/docs/Tyler_Robinson/discord/surrendering-vs-turning-himself-in.mdx,mdx,4,Tyler_Robinson,Tyler_Robinson,no,Surrendering vs. Turning Himself In,Wording Mismatch,The Discord post says surrendering; the indictment says turning himself in willingly. Why the word willingly reads as written by someone other than the person surrendering.,image,/img/evidence/94f36799781f535ba669738fdb05196bf95c3f5725937ffd5a069ac045f2be6e.jpg,QmPWDSroM51corajEAQyJxHrdNc6XebbEqYULKbZRWFuZJ,Text excerpt discussing the difference between the indictment,ck-4sq-stack,no,CK_AUTHOR_CREDIT,
/Tyler_Robinson/discord/twiggs-immunity-and-statements,site/docs/Tyler_Robinson/discord/twiggs-immunity-and-statements.mdx,mdx,4,Tyler_Robinson,Tyler_Robinson,no,Lance Twiggs: Immunity and Two Statements,Twiggs Immunity,"The prosecution's background filing on Lance Twiggs - his September 11 statement, his April 20, 2026 sworn statement, and the use-immunity granted by both the US Attorney's Office and the Utah County Attorney's Office.",image,/img/evidence/8f9f5441955992b89bd3e39715cc1dfbfe2526784a72a601f6337322db2089f2.jpg,QmfLorNNKd5rSiVNszoEG9u2RmF18pYi2RLp5fjmGvSDo8,"Page 2 of a legal filing headed BACKGROUND, describing Lance Twiggs",ck-4sq-side,no,CK_AUTHOR_CREDIT,
/Tyler_Robinson/discord/two-surrender-messages,site/docs/Tyler_Robinson/discord/two-surrender-messages.mdx,mdx,4,Tyler_Robinson,Tyler_Robinson,no,Two Different Surrender Messages in Two Different Documents,Two Surrenders,The indictment quotes one surrender sentence and the search warrant quotes a completely different one - and the warrant's author appears to have re-capitalised and truncated the Discord post.,image,/img/evidence/f65f6f0092b0df7fd42e2434d979f1cbbb55cd343d8f181085e021aa79ae4844.jpg,QmRLcsK5AeYszCXXUC2nVVR5WpUQvA8XgsUZ7yWYfnkw7A,Text excerpt comparing the indictment,ck-4sq-stack,no,CK_AUTHOR_CREDIT,
/Tyler_Robinson/discord/warrant-twiggs-texts-own-terms,site/docs/Tyler_Robinson/discord/warrant-twiggs-texts-own-terms.mdx,mdx,4,Tyler_Robinson,Tyler_Robinson,no,Going Out On My Own Terms: The Second Warrant Block,Own Terms Messages,"The second warrant block, in which the messages turn from rifle retrieval to a plan to call police from a chosen spot and go out on his own terms rather than be dragged through the courts.",image,/img/evidence/2b6eb601bddbcff2e47dc61d9fb3c671f8580f160125e57b5baa651db627d40c.jpg,QmVN1ZouYqJtUJptgYXHnjTGvhqgBveQAyyW9RgaFMTHcJ,Capture of the warrant page reproducing the messages in which Robinson says he will give up his location and go out on his own terms,ck-4sq-stack,no,CK_AUTHOR_CREDIT,
/Tyler_Robinson/discord/warrant-twiggs-texts-page5,site/docs/Tyler_Robinson/discord/warrant-twiggs-texts-page5.mdx,mdx,4,Tyler_Robinson,Tyler_Robinson,no,Warrant Page 5: The First Text Exchange,Warrant Page 5 Texts,"The search warrant's verbatim reproduction of the first text exchange between Tyler Robinson and Lance Twiggs, taken at the 1:00 AM September 12 interview by FBI Special Agent Lange.",image,/img/evidence/fa99974a0d1c5b7f6bfdab3042fe9716c91304a4a04c12f07e97502da8c668ad.jpg,QmdKQgEgZK8hod3GxdwBzNMcjJB7UisNEQjoAvS85qRqxf,"Capture of search warrant page 5 paragraphs 3 and 4, reproducing text messages between Tyler Robinson and Lance Twiggs",ck-4sq-side,no,CK_AUTHOR_CREDIT,
/Tyler_Robinson/steam/x-thread-ankha-egypt,site/docs/Tyler_Robinson/steam/x-thread-ankha-egypt.mdx,mdx,4,Tyler_Robinson,Tyler_Robinson,no,The Ankha Thread: An Egypt Location Field and a Provo Aircraft,X Thread: Ankha,"The X post that circulated the Ankha Steam profile, connecting an Egypt location field to reporting about Egyptian aircraft in Provo on September 10.",image,/img/evidence/204bffbb66ab9606d57fd7e6a95d4482595ba08b0d16a558b25d80bae1c7852c.jpg,QmS6noq31MeRdjNvDRKycRfPu4WXWLjYC7qpd8ziA5P7oB,"Screenshot of an X post by Project Constitution about a Steam group member named Ankha listing Egypt, with the Steam profile embedded",ck-4sq-side,no,CK_AUTHOR_CREDIT,
/Tyler_Robinson/steam/x-thread-craftin247-steam,site/docs/Tyler_Robinson/steam/x-thread-craftin247-steam.mdx,mdx,4,Tyler_Robinson,Tyler_Robinson,no,The craftin247 / milk Steam Profile Thread,craftin247 Profile,"The X thread on the eleven-year Steam profile attributed to Tyler Robinson under the aliases craftin247 and milk, and the Discord handle visible in its comment wall.",image,/img/evidence/2d4e938c62a43e269ddf4665a32a1628c8c086a583d68273beb3e42d555a36d1.jpg,QmdmvR4EvkTa1KrWfTFcSkdqBPxLTgDvjdQioaNDPf6DA7,Screenshot of an X thread about Tyler Robinson,ck-4sq-stack,no,CK_AUTHOR_CREDIT,
/Tyler_Robinson/discord/zealous-monkey-vs-tylor-ikum,site/docs/Tyler_Robinson/discord/zealous-monkey-vs-tylor-ikum.mdx,mdx,4,Tyler_Robinson,Tyler_Robinson,no,Two Usernames for One Post: zealous_monkey_55095 vs. tylor/Ikum,Two Usernames,"The search warrant attributes the confession post to a user called tylor/Ikum, while the screenshot shows zealous_monkey_55095 - a name discrepancy nobody has explained.",image,/img/evidence/6e444aa1102e18fad6733d7bf2193e1cbc97f2fcb09d55b2e757d0072abb30e0.jpg,QmR9Pc5AZ5g3QBLXxBmVkhBkJ294Kp2sVcuKgzgDnnG41t,Text excerpt discussing that the search warrant attributes the confession to Tylor/Ikum rather than Zealous Monkey 55095,ck-4sq-stack,no,CK_AUTHOR_CREDIT,
/Tyler_Robinson/discord/post/p_create_nano_banaa,site/docs/Tyler_Robinson/discord/post/p_create_nano_banaa.md,md,3,Tyler_Robinson,,no,p create nano banaa,p create nano banaa,,none,,,,none,no,EOF,
/Tyler_Robinson/discord/post/p_create_post,site/docs/Tyler_Robinson/discord/post/p_create_post.md,md,3,Tyler_Robinson,,no,p create post,p create post,,none,,,,none,no,EOF,
/Tyler_Robinson/steam/overview,site/docs/Tyler_Robinson/steam/overview.mdx,mdx,3,Tyler_Robinson,Tyler_Robinson,yes,Tyler Robinson's Steam Friends and Profiles,Steam,"The Steam side of the same social circle - the craftin247 and milk profile, the friend list, the public comment wall where visitors posted their own Discord handles, and the location fields that are typed in rather than logged.",image,/img/evidence/2d4e938c62a43e269ddf4665a32a1628c8c086a583d68273beb3e42d555a36d1.jpg,QmdmvR4EvkTa1KrWfTFcSkdqBPxLTgDvjdQioaNDPf6DA7,Archived Steam profile attributed to Tyler Robinson under the aliases craftin247 and milk,ck-4sq-stack,no,CK_AUTHOR_CREDIT,
/Tyler_Robinson/Trial/overview,site/docs/Tyler_Robinson/Trial/overview.mdx,mdx,3,Tyler_Robinson,Tyler_Robinson,yes,Tyler Robinson Trial,Tyler Robinson Trial,This directory summarizes public reporting and commentary about Tyler Robinson's legal proceedings and trial related to the Charlie Kirk incident. It is not…,none,,,,none,no,CK_AUTHOR_CREDIT,
/Tyler_Robinson/Shooting/overview,site/docs/Tyler_Robinson/Shooting/overview.mdx,mdx,3,Tyler_Robinson,Tyler_Robinson,yes,Tyler Robinson Shooting,Shooting,This page focuses on how the official narrative and alternative accounts describe Tyler Robinson’s alleged role in the shooting itself. It summarizes the…,none,,,,none,no,CK_AUTHOR_CREDIT,
/Gun_Bullet/ATF_Fragment_Inconclusive,site/docs/Gun_Bullet/ATF_Fragment_Inconclusive.mdx,mdx,3,Gun_Bullet,Gun_Bullet,no,ATF Fragment — Inconclusive Match,ATF Fragment Inconclusive,"The September 2025 ATF report could not link the autopsy bullet jacket fragment to the seized Mauser — plus CBLA, VCM, and media unseal fights.",none,,,,none,no,CK_AUTHOR_CREDIT,
/Gun_Bullet/Alternative_Calibers_Weapons,site/docs/Gun_Bullet/Alternative_Calibers_Weapons.mdx,mdx,3,Gun_Bullet,Gun_Bullet,no,Alternative Calibers & Weapons,Alternative Calibers & Weapons,"Proposed alternatives to the official .30-06 Mauser — 9mm+P CornerShot, suppressed .22-250, shaped charges, and mic/pendant devices.",image,/img/evidence/258a0ad3ed9043b82a18b2e2d906d63a47da27c3511156d935fe495f32df8781.jpg,QmZjdHQxmcGs6soC5pt55m3RuL3s1BMBJMHNqcHi92P3n5,"This is a mobile phone screenshot of a social media story, likely from Facebook, showing a shared text-based chart about alleged &quot;Non Lethal Microwave Weapons&quot; and their physical…",ck-4sq-side,no,CK_AUTHOR_CREDIT,
/Gun_Bullet/Barrel_Dust_And_Diameter,site/docs/Gun_Bullet/Barrel_Dust_And_Diameter.mdx,mdx,3,Gun_Bullet,Gun_Bullet,no,Barrel Dust & Bullet Diameter,Barrel Dust & Diameter,ATF firearms examiner Samantha Karner testified at the July 2026 preliminary hearing that dust and debris were observed inside the seized Mauser's barrel and that the 6A jacket fragment measured .286 to .301 inches — and what that testimony does and does not prove.,image,/img/evidence/5f1f3a37727bb1c6844c1762651731bd348897da93ff448474a188b6b5f98b75.png,,"Two excerpts from the preliminary hearing transcript. The upper excerpt is examination about whether the interior of the barrel was inspected and whether it had debris or dust, with the answer that notes state debris and dust were observed inside the barrel. The lower excerpt is examination about measuring the bullet, with the answer that the range of the diameter was .286 to .301 inches.",ck-4sq-stack,no,CK_AUTHOR_CREDIT,
/Gun_Bullet/Bullet_Stage_Wood,site/docs/Gun_Bullet/Bullet_Stage_Wood.mdx,mdx,3,Gun_Bullet,Gun_Bullet,no,Bullet Lodged in Stage Wood,Bullet Lodged in Stage,Reported claim that a bullet lodged in the wooden stage was removed — questions about movement at the table and crime-scene preservation.,image,/img/evidence/1a72794542af46762174f0fe7a66f2bbf9043a7342c46e50ac2a7e68480985cf.jpg,QmXrKz52ExnTYNAu8V4QtWyLZYjyQfLS5vBM6z6vXu6XEu,This is a digital screenshot of an online search result for a pellet air rifle.,ck-4sq-stack,no,CK_AUTHOR_CREDIT,
/Gun_Bullet/Engraved_Bullets_Towel_Implausibility,site/docs/Gun_Bullet/Engraved_Bullets_Towel_Implausibility.mdx,mdx,3,Gun_Bullet,Gun_Bullet,no,The Engraved Bullets in a Towel — Why the Story Does Not Hold,Engraved Bullets in a Towel,"Cartridges engraved with messages were reportedly found wrapped in a towel with the rifle in the bushes near UVU. Sam Parker argues the behavior is self-contradictory: hours spent engraving rounds you then hide, dumped while the backpack and pants were kept.",image,/img/evidence/bb2c457454c35d7288ab169bf22a5353eaf2a9abc724814ccb76fee6a05aedca.jpg,QmNVABcWa8pUH8pVtv7twojqzBJknhKusP4uW1YKM9wqPj,Four-panel composite of engraved .30-06 cartridges photographed beside ATF and lab evidence cards,ck-4sq-side,no,CK_AUTHOR_CREDIT,
/Gun_Bullet/Gun_Bullet_Investigation_Index,site/docs/Gun_Bullet/Gun_Bullet_Investigation_Index.mdx,mdx,3,Gun_Bullet,Gun_Bullet,no,Gun & Bullet Investigation Index,Gun & Bullet Investigation Index,"Working memo for weapon and ballistics threads — Mauser .30-06 narrative, ATF inconclusive match, energy mismatch, trajectory, and alternative calibers.",none,,,,none,no,CK_AUTHOR_CREDIT,
/Gun_Bullet/Gun_Dropped_Location,site/docs/Gun_Bullet/Gun_Dropped_Location.mdx,mdx,3,Gun_Bullet,Gun_Bullet,no,Gun Dropped Location,Gun Dropped Location,"Questions about the location where the suspect reportedly dropped the gun after the Charlie Kirk shooting — the buildings on either side, and the gaps in the official timeline.",image,/img/evidence/6f7c8599842d23cd88aa416ae28b65e143f8fb5f04902f7af90853b4796fdd1e.jpg,QmQtxidWHtrHBGhwXmnA6ctEj1qFUd1oJxhUDDD3rbUdPQ,The buildings on either side of the location where the suspect reportedly dropped the gun,ck-4sq-stack,no,CK_AUTHOR_CREDIT,
/Gun_Bullet/Mauser_30_06_Rifle,site/docs/Gun_Bullet/Mauser_30_06_Rifle.mdx,mdx,3,Gun_Bullet,Gun_Bullet,no,Mauser .30-06 Rifle — Official Narrative,Mauser .30-06 Rifle,"The scoped Mauser Model 98 in .30-06 attributed to Tyler Robinson — recovery, grandfather provenance, K98 vs commercial 98, and stock-photo questions.",image,/img/evidence/5e8797dccf4375c3a21e131e79ee95238cc71780ef838907830fc611b8d58015.jpg,QmZNwS2vzA2F7KA6CpCgeUuLqZq1FTu2jg9uQBZm7FaQwj,"This is a flat-lay photograph showing a disassembled German Mauser Karabiner 98k (Kar98k) bolt-action rifle, its bayonet, and associated accessories, neatly arranged on a wooden…",ck-4sq-stack,no,CK_AUTHOR_CREDIT,
/Gun_Bullet/Rifle_Fingerprints_Mismatch,site/docs/Gun_Bullet/Rifle_Fingerprints_Mismatch.mdx,mdx,3,Gun_Bullet,Gun_Bullet,no,Rifle Fingerprints & Mismatch,Rifle Fingerprints & Mismatch,"Multiple prints on the recovered rifle, rooftop filmmaker claims gun and outfit do not match Tyler, and no video of Tyler firing.",none,,,,none,no,CK_AUTHOR_CREDIT,
/Gun_Bullet/Rifle_Site_Kia_Soul_Turnaround,site/docs/Gun_Bullet/Rifle_Site_Kia_Soul_Turnaround.mdx,mdx,3,Gun_Bullet,Gun_Bullet,no,Rifle Site — White Kia Soul Turnaround (Claims),Rifle Site — Kia Soul Turnaround,"A citizen investigator's aerial imagery marking the wooded lot where the rifle was reportedly recovered, and his claim that a white Kia Soul turned around at that same spot the morning of September 10, 2025.",image,/img/evidence/cf101dbe1b6d8c6d77739cf08f7be4b62c25697e58bf0c826234ea6ac3769eb6.jpg,QmXtwWYk5VGM4ncuyDAggBNn4xJ3bgwZUJWANKB9ytM2EA,Aerial imagery dated Wed Sep 10 2025 with a red circle drawn around a wooded lot between a residential street and a four-lane road north of the UVU campus.,ck-4sq-stack,no,CK_AUTHOR_CREDIT,
/Gun_Bullet/Scope_Zero_And_Concealment,site/docs/Gun_Bullet/Scope_Zero_And_Concealment.mdx,mdx,3,Gun_Bullet,Gun_Bullet,no,Scope Zero & Pants-Leg Concealment,Scope Zero & Concealment,"A gun owner's sarcastic rifle-in-jeans demonstration, shared by comedian Owen Benjamin, argues the concealment debate misses the real problem — a scope that would not hold zero after being carried in a pants leg or disassembled and reassembled.",none,,,,none,no,CK_AUTHOR_CREDIT,
/Gun_Bullet/Thirty_06_Energy_Mismatch,site/docs/Gun_Bullet/Thirty_06_Energy_Mismatch.mdx,mdx,3,Gun_Bullet,Gun_Bullet,no,.30-06 Energy Mismatch,.30-06 Energy Mismatch,"Why commentators argue a .30-06 round at ~3,950 Joules would produce wound destruction unlike what is publicly described — with 9mm energy comparison.",image,/img/evidence/a989837f0fc981b11e2ba9b4697abf24410ba42a44bb82c261e1fd7c4893f7b7.png,QmZnbhLZHE8RNgoKiy6oYfBaXKUFsimiNzWdejg4UHuJwC,Bullet size comparison 9mm vs 30-06 vs 5.56,ck-4sq-side,no,CK_AUTHOR_CREDIT,
/Gun_Bullet/Wound_Trajectory_Angle,site/docs/Gun_Bullet/Wound_Trajectory_Angle.mdx,mdx,3,Gun_Bullet,Gun_Bullet,no,Wound Trajectory & Angle,Wound Trajectory & Angle,"Geometry arguments against a Losee rooftop .30-06 — 5-9 degree downward entry, C2 path, south vs east origin, and straight-on neck entry claims.",image,/img/evidence/160de08e0bd759bd973783dc7a8787eb1287939d879c4c28c1fea8c3cf9066e2.jpg,QmaZ7zqGnhKJRBkUDsjrf2ffkMH55XRFk7FT7iym2jeQVQ,"This image is a high-angle, 3D aerial satellite view of a portion of a university campus and an adjacent residential neighborhood.",ck-4sq-stack,no,CK_AUTHOR_CREDIT,
/Gun_Bullet/overview,site/docs/Gun_Bullet/overview.mdx,mdx,2,Gun_Bullet,,yes,Gun & Bullet Analysis,Gun & Bullet Analysis,"Weapon and ammunition analysis for the Charlie Kirk case — Mauser .30-06 narrative, ATF inconclusive match, energy and trajectory challenges, and alternative calibers.",image,/img/evidence/f78f3a3ede1a3bbfda3cfd42d80f52f48dc1aedb7cfa2f64f5afb598372c125f.jpg,,"Visual Representation of Reported Injuries — anatomical chart marking, in red, the reported injury locations across the front and back torso, the neck, the internal chest, and two views of the brain.",ck-4sq-side,no,CK_AUTHOR_CREDIT,
/intelligence/Chinese_Russian_Iranian_Presence,site/docs/intelligence/Chinese_Russian_Iranian_Presence.mdx,mdx,3,intelligence,Intelligence,no,"Chinese, Russian & Iranian Presence Claims","Chinese, Russian & Iranian","The non-Israeli portion of Tony Seruga's 44 foreign-phone claim at UVU — 13 Chinese, 12 Russian, and 3 Iranian registrations — plus related civic-center flight threads.",none,,,,none,no,CK_AUTHOR_CREDIT,
/intelligence/CornerShot_Technology,site/docs/intelligence/CornerShot_Technology.mdx,mdx,3,intelligence,Intelligence,no,CornerShot Technology (Israeli Hardware Claims),CornerShot Technology,"Claims that Israeli-made CornerShot weapon technology could explain a crowd-level shot, casing drop, and IR laser on Frank Turek's phone — an alternative to the rooftop 30-06 narrative.",image,/img/evidence/85d2c79d368c6b0be49488a79eb7210a7001b2e1349814395ef1ea0a97d9ca4e.jpg,Qmc9uMbTQ7gL9y1XadQHKm64a1ARhWbEQ7fCoPXVuf2GoC,This is a digital screenshot of a Facebook personal profile page belonging to a user named Duane Burt.,ck-4sq-side,no,CK_AUTHOR_CREDIT,
/intelligence/Egyptian_Foreign_Ops,site/docs/intelligence/Egyptian_Foreign_Ops.mdx,mdx,3,intelligence,Intelligence,no,Egyptian Foreign Operations — Provo (2025),Egyptian Foreign Ops,Egyptian Air Force government jets at Provo Municipal Airport the week of Charlie Kirk's assassination — foreign-government logistics thread beyond Tyler Robinson.,none,,,,none,no,CK_AUTHOR_CREDIT,
/intelligence/Foreign_Phones_UVU,site/docs/intelligence/Foreign_Phones_UVU.mdx,mdx,3,intelligence,Intelligence,no,"Foreign Phones at UVU (Sept 10, 2025)",Foreign Phones at UVU,"Claims that 44 foreign-registered cellphones — including 16 Israeli devices — were detected near Charlie Kirk at UVU, per Tony Seruga and NSA Bumblehive threads.",none,,,,none,no,CK_AUTHOR_CREDIT,
/intelligence/Foreign_Search_IP_Patterns,site/docs/intelligence/Foreign_Search_IP_Patterns.mdx,mdx,3,intelligence,Intelligence,no,Foreign Search IP Patterns (Claims),Foreign Search IP Patterns,"Claims of Israeli and other foreign IP addresses searching Google for UVU, judges, surgeons, and case figures weeks before Charlie Kirk's assassination.",image,/img/evidence/30d0c3bf7d8da1f59f477fb875e30e6be6b85ac4d17a0fcbfd444c49302af5c7.jpg,QmUtDLi1su6offN2U6GTrytRVLSKgB1bkvzSjqoVpfiNQd,"This is a high-altitude, top-down aerial or satellite image showing a portion of a modern architectural complex, likely a university campus or civic center.",ck-4sq-stack,no,CK_AUTHOR_CREDIT,
/intelligence/French_Foreign_Legion_Claims,site/docs/intelligence/French_Foreign_Legion_Claims.mdx,mdx,3,intelligence,Intelligence,no,French Foreign Legion Claims,French Legion Claims,Candace Owens' attributed claims about French Foreign Legion training of Charlie Kirk's assassin and Macron-linked warnings — a non-Israeli foreign service thread.,image,/img/evidence/704b3a6ccef774bbd05dbb9aff5a88522f01c00d68eea192c7e626b8fbb9122a.jpg,QmUKFrnzkh8dRxBd2C2UoMdYZZc1wjKAc6v9LJUxkNZbhX,"This is a digital screenshot of an official English-language schedule webpage from the Élysée Palace, the official website of the President of the French Republic.",ck-4sq-stack,no,CK_AUTHOR_CREDIT,
/intelligence/Investigation_Index,site/docs/intelligence/Investigation_Index.mdx,mdx,3,intelligence,Intelligence,no,Foreign Intelligence Investigation Index,Investigation Index,"Working index of foreign-intelligence linkage threads in the Charlie Kirk case — phones, jets, search patterns, recruitment claims, and inquiry-halt reporting.",none,,,,none,no,CK_AUTHOR_CREDIT,
/intelligence/Islamabad_Serena_Link,site/docs/intelligence/Islamabad_Serena_Link.mdx,mdx,3,intelligence,Intelligence,no,Islamabad Serena Link (Foreign Intel),Islamabad Serena Link,Foreign-intelligence framing of claims that four Israeli-registered UVU phones were later tracked to the Islamabad Serena Hotel during US–Iran talks in April 2026.,none,,,,none,no,CK_AUTHOR_CREDIT,
/intelligence/Joe_Kent_Dorey_Interview,site/docs/intelligence/Joe_Kent_Dorey_Interview.mdx,mdx,3,intelligence,Intelligence,no,Joe Kent: NCTC Pulled Off Foreign Ties,Joe Kent Dorey Interview,Former NCTC director Joe Kent tells Julian Dorey the National Counterterrorism Center was told to stop investigating potential foreign ties to the Charlie Kirk assassination.,video,/img/video_posters/1e83d2d7e98772b86ca9be1f6558682b679c20711ea756c604db8815461818be.jpg,QmTPZV4tV5Z2ZGFhfzXft18XYERPyuuJtYjeEwoV4Zzyzy,,ck-4sq-stack,no,CK_AUTHOR_CREDIT,
/intelligence/Mossad,site/docs/intelligence/Mossad.mdx,mdx,3,intelligence,Intelligence,no,Mossad,Mossad,"Israel's Mossad in Charlie Kirk foreign-intelligence threads — motive, phone presence, Egyptian proxy logistics, TPUSA recruitment claims, and CornerShot routing.",none,,,,none,no,CK_AUTHOR_CREDIT,
/intelligence/TPUSA_Foreign_Recruitment,site/docs/intelligence/TPUSA_Foreign_Recruitment.mdx,mdx,3,intelligence,Intelligence,no,TPUSA Foreign Recruitment Claims,TPUSA Foreign Recruitment,Joshua Peterson's whistleblower allegation that foreign intelligence operatives — including Mossad-linked questioning — targeted new TPUSA hires during training.,none,,,,none,no,CK_AUTHOR_CREDIT,
/intelligence/overview,site/docs/intelligence/overview.mdx,mdx,2,intelligence,,yes,Intelligence Services,Intelligence Services,"Foreign intelligence linkage threads in the Charlie Kirk case — phones at UVU, Egyptian jets, Mossad motive claims, search-pattern OSINT, and halted NCTC inquiries.",image,/img/evidence/f78f3a3ede1a3bbfda3cfd42d80f52f48dc1aedb7cfa2f64f5afb598372c125f.jpg,,"Visual Representation of Reported Injuries — anatomical chart marking, in red, the reported injury locations across the front and back torso, the neck, the internal chest, and two views of the brain.",ck-4sq-side,no,CK_AUTHOR_CREDIT,
/Electrocution/bfrc-hypothesis,site/docs/Electrocution/bfrc-hypothesis.mdx,mdx,3,Electrocution,Electrocution,no,The BFRC Hypothesis (Full Text),BFRC Hypothesis (Full Text),"The complete, unedited text of the B-Field Resonant Cascade hypothesis posted by @wtshesaid72 on July 15, 2026, with the claimed step sequence and an assessment of what it does and does not establish.",none,,,,none,no,CK_AUTHOR_CREDIT,
/Electrocution/fort-huachuca-em-expertise,site/docs/Electrocution/fort-huachuca-em-expertise.mdx,mdx,3,Electrocution,Electrocution,no,Fort Huachuca EM Expertise,Fort Huachuca EM Expertise,"The BFRC hypothesis names Fort Huachuca — the Army's electromagnetic and electronic-warfare proving ground — as the source of expertise for the claimed cascade. What the claim asserts, and why capability is not involvement.",image,/img/evidence/2b07cf53a737db85360119e53aada0800ee5cbcd0aceef4ccc0a18ed960591dc.jpg,QmX8nQM6sxPmMbpe1bqs8PUxYqkFJRw9WbVhdEuM8bcKDz,This is a vertical screenshot of a mobile phone user interface displaying informational text about aviation expertise and government contracts.,ck-4sq-side,no,CK_AUTHOR_CREDIT,
/Electrocution/overview,site/docs/Electrocution/overview.mdx,mdx,2,Electrocution,,yes,Electrocution — The B-Field Resonant Cascade Hypothesis,Electrocution,An unverified citizen hypothesis that Charlie Kirk was killed by a pulsed electromagnetic B-field cascade delivered through a corded microphone at a prepared resonant site — not by a .30-06 rifle round.,image,/img/evidence/4b55853a018e076c93927fe6ca4bec397a15192bdfce6e04ec60efa4f41cf312.jpg,Qmc7xvzX5wdwjpZAtMA3ThsixM69Hkhba6hbVMgm7g1Tqw,"Cross-section diagram of the claimed setup: speaker on a raised platform with a corded microphone, an IR camera on the truss, and an underground cavity containing an electrical tap",ck-4sq-stack,no,CK_AUTHOR_CREDIT,
/Electrocution/resonant-site-preparation,site/docs/Electrocution/resonant-site-preparation.mdx,mdx,3,Electrocution,Electrocution,no,Resonant Site Preparation,Resonant Site Preparation,"The BFRC hypothesis claims the UVU courtyard was prepared as a resonant site — bowl geometry, an air-gapped platform, an underground high-voltage tap, and post-event dirt removal and pavers. What is claimed versus what is documented.",image,/img/evidence/fe3894c36581b6df8a75c4d6f766917f92fa2bd3715e35cde1cb81ef57a54829.jpg,QmRcx4aWSd8579cV2Su5Ei9XJHicyoLT1dcwnFxftg1LWY,This image is a vertical photograph of a digital display or document showing two forensic microscopic photographs stacked vertically.,ck-4sq-side,no,CK_AUTHOR_CREDIT,
/organizations_groups/belo,site/docs/organizations_groups/belo.mdx,mdx,3,organizations_groups,Organizations_Groups,no,BeLo Livestream Call — Unfuck America Tour,BeLo Livestream Call,"The livestream call moments after Charlie Kirk was shot — a caller identified as Unfuck America Tour founder Zee Cohen says 'Dude, we're fucked,' moves to Discord, and the tour website 404s the same day.",image,/img/evidence/c14690fc70f3ed63a065b8da39fc70b30ce35e79f321509a3602f19a317b53c0.jpg,QmSfpqdwxncZ2dYajooGqWjuQtUgkNxaGqA2FGaRJwvWJK,"Wayback Machine comparison showing unfuckamericatour.com loading normally on September 9, 2025 and returning a 404 error on September 10, 2025 at 19:55:06",ck-4sq-stack,no,H2_INTERESTING,
/organizations_groups/overview,site/docs/organizations_groups/overview.mdx,mdx,2,organizations_groups,,yes,Organizations & Groups,Organizations & Groups,This directory contains information about related organizations and groups involved in the Charlie Kirk investigation.,image,/img/evidence/de898a433a0380ecdda0d7fa7c606fa191c77f7d0f2dd897bc395c2d889ddff4.jpg,QmRh45T8xe9wjvieYpk5YGU6RX5RDtCdM8Qm6qhgEwHUcS,"This low-resolution, slightly blurry video still captures a large crowd of people gathered outside a multi-level modern commercial or institutional complex.",ck-4sq-stack,no,CK_AUTHOR_CREDIT,
/other_topics/overview,site/docs/other_topics/overview.mdx,mdx,2,other_topics,,yes,Other Topics,Other Topics,This directory contains additional related topics and analysis for the Charlie Kirk investigation.,none,,,,none,no,CK_AUTHOR_CREDIT,
/laws,site/docs/laws/README.md,md,2,laws,,yes,Charlie Kirk Assassination — Forced Disclosure,Charlie Kirk Assassination — Forced Disclosure,"Section hub for the four proposed federal disclosure laws — DoJ/FBI, U.S. Intelligence, Mandatory Investigation, Trusted Investigators — plus the court discovery list and the exploding-microphone disclosure items.",none,,,,none,no,CK_AUTHOR_CREDIT,
/laws/US_Intel/Law_2_US_Intel,site/docs/laws/2_US_Intel/Law_2_US_Intel.md,md,4,laws,Laws,no,Law 2: Charlie Kirk Investigation - Intelligence Services Disclosure Act,Law 2: Charlie Kirk Investigation - Intelligence Services Disclosure Act,"Full text of the Charlie Kirk Files Forced Disclosure Act — Intelligence Community, requiring CIA, NSA, DIA, NRO and every IC element to release findings within 30 days while protecting only active sources.",none,,,,none,no,CK_AUTHOR_CREDIT,
/laws/US_Intel/more/Human_Requirements,site/docs/laws/2_US_Intel/more/Human_Requirements.md,md,5,laws,Laws,no,Human Requirements: Law 2 - US Intelligence Services Forced Disclosure,Human Requirements: Law 2 - US Intelligence Services Forced Disclosure,"Requirements for Law 2: all U.S. intelligence services must release conclusions that could identify the killer, sources and methods protected but results disclosed, and obstruction of a disclosing employee made a crime.",image,/img/evidence/14f90a40f5d68c452073308d5374fd2d50adcd3ffe0dcbe70a39c967191e9b8e.jpg,QmdhWqrdvZMxknDa6fUm4yw5AJQbovKdxoweEwaRGNWcj1,This is a high-resolution photograph or digital scan of a printed document featuring four paragraphs of English text on a white page.,ck-4sq-side,no,CK_AUTHOR_CREDIT,
/laws/US_Intel/more/Notes_2_US_Intel,site/docs/laws/2_US_Intel/more/Notes_2_US_Intel.md,md,5,laws,Laws,no,Notes: Law 2 - US Intelligence Services Forced Disclosure,Notes: Law 2 - US Intelligence Services Forced Disclosure,"Research behind Law 2 — JFK Act delays, Executive Order 13526 over-classification, and Epstein Act compliance failures — and why the intelligence community needs legislation separate from Law 1.",none,,,,none,no,CK_AUTHOR_CREDIT,
/laws/US_Intel/more/Output_Analysis,site/docs/laws/2_US_Intel/more/Output_Analysis.md,md,5,laws,Laws,no,Output Analysis: Law 2 - US Intelligence Services Forced Disclosure,Output Analysis: Law 2 - US Intelligence Services Forced Disclosure,"Requirement-by-requirement verification that Law 2's text delivers IC-wide disclosure, plus anticipated problems such as 'sources and methods' exploitation and records destruction, with the sections that answer each.",none,,,,none,no,CK_AUTHOR_CREDIT,
/laws/explain/all/overview,site/docs/laws/explain/all/overview.mdx,mdx,4,laws,Laws,yes,Four Laws to Force the Truth About Charlie Kirk,Launch: All Four Laws,"Launch article introducing the four proposed federal laws modeled on the Epstein Files Transparency Act — designed to force disclosure, mandate investigation, and establish trusted oversight of the Charlie Kirk case.",image,/img/evidence/c51ef651e0e2fd9187ac8fa0b5d25908baba279b0c03f1ea93f6522fa3cedbb4.jpg,QmSmChQuZCJ5h3PSeZuZDQRFptgYRDFzS3H33yY3VnZjTM,"This image shows a wide-angle, daytime view of a crowded outdoor courtyard on a university campus, featuring tiered grassy lawns and modern multi-story buildings.",ck-4sq-stack,no,CK_AUTHOR_CREDIT,
/laws/explain/all/laws_svg/needs,site/docs/laws/explain/all/4_laws_svg/needs.mdx,mdx,6,laws,Laws,no,SVG Slide Requirements,SVG Slide Requirements,"Design spec for the Law 1 slide graphic — 16:9, solid colors, no gradients or imagery — titled 'Four Laws for Charlie Kirk Investigation' over 'Law #1: FBI & Law Enforcement Release Files'.",image,/img/evidence/b056baca5b4912ef046059e1d84f6d7774e61aeaa406aabec343166f4509af2a.jpg,QmchoXNqJja8XLR3nZ6CLpb98RpryVMEASC1BuMBkNkPY5,"This image is a forensic evidence photograph or document slide presenting physical evidence related to an investigation by the Bureau of Alcohol, Tobacco, Firearms and Explosives…",ck-4sq-stack,no,CK_AUTHOR_CREDIT,
/laws/explain/all/laws_svg/needs_law_2,site/docs/laws/explain/all/4_laws_svg/needs_law_2.mdx,mdx,6,laws,Laws,no,SVG Slide Requirements — Law #2,SVG Slide Requirements — Law #2,"Design spec for the Law 2 slide graphic, reusing law_1.svg's navy, red and gold palette, gold number badge and three content blocks, captioned 'Law #2: Intelligence Services Release Files'.",image,/img/evidence/b056baca5b4912ef046059e1d84f6d7774e61aeaa406aabec343166f4509af2a.jpg,QmchoXNqJja8XLR3nZ6CLpb98RpryVMEASC1BuMBkNkPY5,"This image is a forensic evidence photograph or document slide presenting physical evidence related to an investigation by the Bureau of Alcohol, Tobacco, Firearms and Explosives…",ck-4sq-stack,no,CK_AUTHOR_CREDIT,
/laws/explain/all/laws_svg/needs_law_3,site/docs/laws/explain/all/4_laws_svg/needs_law_3.mdx,mdx,6,laws,Laws,no,SVG Slide Requirements — Law #3,SVG Slide Requirements — Law #3,"Design spec for the Law 3 slide graphic, matching the law_1.svg frame and palette with a gold '3' badge, captioned 'Law #3: Mandate the Investigation'.",none,,,,none,no,CK_AUTHOR_CREDIT,
/laws/explain/all/laws_svg/needs_law_4,site/docs/laws/explain/all/4_laws_svg/needs_law_4.mdx,mdx,6,laws,Laws,no,SVG Slide Requirements — Law #4,SVG Slide Requirements — Law #4,"Design spec for the Law 4 slide graphic, matching the law_1.svg frame and palette with a gold '4' badge, captioned 'Law #4: Trusted Investigators'.",none,,,,none,no,CK_AUTHOR_CREDIT,
/laws/_prompts/p_Any_Missing,site/docs/laws/_prompts/p_Any_Missing.md,md,3,laws,,no,p Any Missing,p Any Missing,,none,,,,none,no,EOF,
/laws/_prompts/p_Any_Problems,site/docs/laws/_prompts/p_Any_Problems.md,md,3,laws,,no,p Any Problems,p Any Problems,,none,,,,none,no,EOF,
/laws/_prompts/p_Comply_with_Law_Goals,site/docs/laws/_prompts/p_Comply_with_Law_Goals.md,md,3,laws,,no,p Comply with Law Goals,p Comply with Law Goals,,none,,,,none,no,EOF,
/laws/_prompts/p_Copy_to_Other_Laws,site/docs/laws/_prompts/p_Copy_to_Other_Laws.md,md,3,laws,,no,p Copy to Other Laws,p Copy to Other Laws,,none,,,,none,no,EOF,
/laws/_prompts/p_Extra,site/docs/laws/_prompts/p_Extra.md,md,3,laws,,no,p Extra,p Extra,,none,,,,none,no,EOF,
/laws/_prompts/p_Improve,site/docs/laws/_prompts/p_Improve.md,md,3,laws,,no,p Improve,p Improve,,none,,,,none,no,EOF,
/laws/_prompts/p_Improve_Worries,site/docs/laws/_prompts/p_Improve_Worries.md,md,3,laws,,no,p Improve Worries,p Improve Worries,,none,,,,none,no,EOF,
/laws/_prompts/p_Laws_List,site/docs/laws/_prompts/p_Laws_List.md,md,3,laws,,no,p Laws List,p Laws List,,none,,,,none,no,EOF,
/laws/_prompts/p_Ordering,site/docs/laws/_prompts/p_Ordering.md,md,3,laws,,no,p Ordering,p Ordering,,none,,,,none,no,EOF,
/laws/_prompts/p_Perfect_175,site/docs/laws/_prompts/p_Perfect_175.md,md,3,laws,,no,p Perfect 175,p Perfect 175,,none,,,,none,no,EOF,
/laws/_prompts/p_SlideDeck,site/docs/laws/_prompts/p_SlideDeck.md,md,3,laws,,no,p SlideDeck,p SlideDeck,,none,,,,none,no,EOF,
/laws/_prompts/p_SlideDeck_1,site/docs/laws/_prompts/p_SlideDeck_1.md,md,3,laws,,no,p SlideDeck 1,p SlideDeck 1,,none,,,,none,no,EOF,
/laws/_prompts/p_Temp,site/docs/laws/_prompts/p_Temp.md,md,3,laws,,no,p Temp,p Temp,,none,,,,none,no,EOF,
/laws/Require_to_Investigate/Law_3_Require_to_Investigate,site/docs/laws/3_Require_to_Investigate/Law_3_Require_to_Investigate.md,md,3,laws,,no,Law 3: Charlie Kirk Investigation - Mandatory Investigation Act,Law 3: Charlie Kirk Investigation - Mandatory Investigation Act,,none,,,,none,no,CK_AUTHOR_CREDIT,
/laws/Require_to_Investigate/more/Human_Requirements,site/docs/laws/3_Require_to_Investigate/more/Human_Requirements.md,md,5,laws,Laws,no,Human Requirements: Law 3 - Require Investigation,Human Requirements: Law 3 - Require Investigation,"Requirements for Law 3: agencies must actually investigate rather than merely disclose files, retaliation against participating employees is barred, citing Joe Kent's halted NCTC review of foreign ties.",image,/img/evidence/14f90a40f5d68c452073308d5374fd2d50adcd3ffe0dcbe70a39c967191e9b8e.jpg,QmdhWqrdvZMxknDa6fUm4yw5AJQbovKdxoweEwaRGNWcj1,This is a high-resolution photograph or digital scan of a printed document featuring four paragraphs of English text on a white page.,ck-4sq-side,no,CK_AUTHOR_CREDIT,
/laws/Require_to_Investigate/more/Notes_3_Require_to_Investigate,site/docs/laws/3_Require_to_Investigate/more/Notes_3_Require_to_Investigate.md,md,5,laws,Laws,no,Notes: Law 3 - Require Investigation,Notes: Law 3 - Require Investigation,"Research behind Law 3 — Special Counsel regulations, the Church Committee, and the Warren Commission versus HSCA contrast — and why 'good-faith investigation' must be defined to bar predetermined conclusions.",none,,,,none,no,CK_AUTHOR_CREDIT,
/laws/Require_to_Investigate/more/Output_Analysis,site/docs/laws/3_Require_to_Investigate/more/Output_Analysis.md,md,5,laws,Laws,no,Output Analysis: Law 3 - Require Investigation,Output Analysis: Law 3 - Require Investigation,"Verification that Law 3 obliges FBI, DNI, and intelligence investigations of every Schedule A lead, assessing the external monitor, the conflict-of-interest trigger, and the enforcement mechanics.",none,,,,none,no,CK_AUTHOR_CREDIT,
/laws/other/List_Of_Laws,site/docs/laws/other/List_Of_Laws.md,md,4,laws,Laws,no,Charlie Kirk Files Forced Disclosure -- Summary of Four Proposed Federal Laws,Charlie Kirk Files Forced Disclosure -- Summary of Four Proposed Federal Laws,"The project charter summarizing all four proposed laws — scope, covered agencies, and Schedule A item counts — dated March 10, 2026 and used as the yardstick for the compliance analyses.",image,/img/evidence/8b74a7acc55ffaca666dfa957f06d89f9f1cbbe5ea405c0a256b707fb3153696.png,QmT596hXPvEdGLF4swbMBMxVYYkwhwevjARTJYMXBiHcpM,"This image is a horizontal, close-up digital screenshot of a structured spreadsheet table containing text in English.",ck-4sq-stack,no,CK_AUTHOR_CREDIT,
/laws/other/Worries_By_Each_4_Laws,site/docs/laws/other/Worries_By_Each_4_Laws.md,md,4,laws,Laws,no,Charlie Kirk Files Forced Disclosure -- Threat Analysis & Recommended Fixes for All Four Laws,Charlie Kirk Files Forced Disclosure -- Threat Analysis & Recommended Fixes for All Four Laws,"Adversarial threat model of every way agencies, courts, or Congress could evade the four laws — the claimed Israel exception, judicial suppression, delay, pre-passage destruction — each paired with a recommended statutory fix.",none,,,,none,no,CK_AUTHOR_CREDIT,
/laws/other/analysis/Challenges,site/docs/laws/other/analysis/Challenges.md,md,5,laws,Laws,no,Factual Challenges — REMAINING UNFIXED ITEMS,Factual Challenges — REMAINING UNFIXED ITEMS,"The one unresolved factual challenge raised against the laws — Schedule A's item count drifting between 175, 205, 207 and 208 across the four bills and the charter; the other nine moved to the Fixed page.",image,/img/evidence/781289454f0c0fe4330607de536c9f1579c6ddf0e0d129419cc5507661c91b58.jpg,QmT4Curwh5WArDih672Y17mXCnjixgK5ZFjWMm5yC9N61g,"This is a digital screenshot of a desktop or tablet web browser displaying a Google Maps satellite view of Tuba City Airport in Arizona, alongside an informational side panel.",ck-4sq-stack,no,CK_AUTHOR_CREDIT,
/laws/other/analysis/Improve,site/docs/laws/other/analysis/Improve.md,md,5,laws,Laws,no,Attorney Analysis: Improvements for the Four [Charlie Kirk](/People/charlie-kirk) Disclosure Laws,Attorney Analysis: Improvements for the Four [Charlie Kirk](/People/charlie-kirk) Disclosure Laws,"Attorney recommendations to strengthen the four laws — harmonize Schedule A counts, cure Appointments Clause and appropriations risks, add exhumation authority, and fix section numbering and notice periods.",none,,,,none,no,CK_AUTHOR_CREDIT,
/laws/other/analysis/Laws_Not_Complying,site/docs/laws/other/analysis/Laws_Not_Complying.md,md,5,laws,Laws,no,Laws Not Complying with Charter (List_Of_Laws.md) -- Comprehensive Analysis,Laws Not Complying with Charter (List_Of_Laws.md) -- Comprehensive Analysis,"Where each drafted law diverges from the List_Of_Laws charter — item counts, budget-cut percentages, disclaimer placement — and gaps such as explosive residue testing, Stingray surveillance, and the Carbyne 911 system.",image,/img/evidence/301e311eeb333bb6c53ff2de0f68d6e7d8976a2a279c84aeee07b31adc89f0ef.jpg,QmQLEqHtDVEsm9tfvJq6Da7ijgmPbmfcKWAvJhwkbWTKGq,"This is a high-resolution, long-form vertical screenshot of a web-based user dashboard for a domain name registrar or management portal.",ck-4sq-side,no,CK_AUTHOR_CREDIT,
/laws/other/analysis/Fixed/Any_Problems,site/docs/laws/other/analysis/Fixed/Any_Problems.md,md,6,laws,Laws,no,"Problems, Vulnerabilities, and Recommended Fixes — FIXED ITEMS","Problems, Vulnerabilities, and Recommended Fixes — FIXED ITEMS","Problems from the attorney review verified as fixed in the current law text — unusable-format slow-rolling, the 'final output information' loophole, the sources-and-methods exception, foreign liaison records, and SAP/SCIF access.",none,,,,none,no,CK_AUTHOR_CREDIT,
/laws/other/analysis/Fixed/Any_more_to_Add,site/docs/laws/other/analysis/Fixed/Any_more_to_Add.md,md,6,laws,Laws,no,Additional Disclosure Items to Consider (Beyond the 175) — ALL ADDED,Additional Disclosure Items to Consider (Beyond the 175) — ALL ADDED,"Confirms all 26 proposed items (#176-#201) were folded into Schedule A of all four laws — Tyler Robinson family statements, witness intimidation, security-detail ties, hospital records, TPUSA finances, and microphone evidence.",image,/img/evidence/c2386f1c8c5ae0406eceae81521cd9bd6d89fbee182ef2930fcd62fc96ac1046.jpg,QmYZyBdE6ks5LccLQQ8ynaEEV3kC9Pa2eq1Yk5eMLR6X2D,"This image is a wide, horizontally stitched panoramic photograph showing a large crowd of young adults gathered outdoors for a political event on a tiered concrete university…",ck-4sq-stack,no,CK_AUTHOR_CREDIT,
/laws/other/analysis/Fixed/Challenges,site/docs/laws/other/analysis/Fixed/Challenges.md,md,6,laws,Laws,no,Factual Challenges Analysis — FIXED ITEMS,Factual Challenges Analysis — FIXED ITEMS,"Nine of ten factual challenges resolved — mechanism of death, foreign aircraft, the AES factory explosion, rifle-planting claims, Lance Twiggs, Fort Huachuca, FBI evidence deletion — by conditional records-request framing.",none,,,,none,no,CK_AUTHOR_CREDIT,
/laws/other/analysis/Fixed/Improve,site/docs/laws/other/analysis/Fixed/Improve.md,md,6,laws,Laws,no,Attorney Analysis: Improvements for Law 1 (DoJ/FBI Forced Disclosure Act) — FIXED ITEMS,Attorney Analysis: Improvements for Law 1 (DoJ/FBI Forced Disclosure Act) — FIXED ITEMS,"Ten Law 1 improvements verified as implemented — congressional findings, severability, no presidential override, special master, appropriations, a narrowed private right of action, and a defined review board.",none,,,,none,no,CK_AUTHOR_CREDIT,
/laws/other/analysis/Fixed/Laws_Not_Complying,site/docs/laws/other/analysis/Fixed/Laws_Not_Complying.md,md,6,laws,Laws,no,Laws Not Complying with Charter — FIXED / RESOLVED ITEMS,Laws Not Complying with Charter — FIXED / RESOLVED ITEMS,"Charter-compliance items now resolved across the four laws — Schedule A harmonized at 208 items, severability, congressional findings, special master, appropriations, and forensic audit enforcement.",none,,,,none,no,CK_AUTHOR_CREDIT,
/laws/other/old/List_Of_Laws,site/docs/laws/other/old/List_Of_Laws.md,md,5,laws,Laws,no,Charlie Kirk Files Forced Disclosure -- Summary of Four Proposed Federal Laws,Charlie Kirk Files Forced Disclosure -- Summary of Four Proposed Federal Laws,"Archived March 10, 2026 charter summarizing the four laws before revision, including the original cross-cutting attorney notes on numbering, severability, findings, special master, and appropriations gaps.",image,/img/evidence/8b74a7acc55ffaca666dfa957f06d89f9f1cbbe5ea405c0a256b707fb3153696.png,QmT596hXPvEdGLF4swbMBMxVYYkwhwevjARTJYMXBiHcpM,"This image is a horizontal, close-up digital screenshot of a structured spreadsheet table containing text in English.",ck-4sq-stack,no,CK_AUTHOR_CREDIT,
/laws/other/old/US_Intel/Law_2_US_Intel,site/docs/laws/other/old/2_US_Intel/Law_2_US_Intel.md,md,6,laws,Laws,no,Law 2: Charlie Kirk Investigation - Intelligence Services Disclosure Act,Law 2: Charlie Kirk Investigation - Intelligence Services Disclosure Act,"Superseded full text of Law 2, the Intelligence Services Disclosure Act — 30-day mandatory release by CIA, NSA, DIA, NRO and ODNI covering Egyptian aircraft, Israeli phones at UVU, jamming, and Fort Huachuca meetings.",none,,,,none,no,CK_AUTHOR_CREDIT,
/laws/other/old/US_Intel/more/Human_Requirements,site/docs/laws/other/old/2_US_Intel/more/Human_Requirements.md,md,7,laws,Laws,no,Human Requirements: Law 2 - US Intelligence Services Forced Disclosure,Human Requirements: Law 2 - US Intelligence Services Forced Disclosure,"Older requirements page for Law 2, stating that the intelligence community must publish conclusions rather than sources, and how it differs from Law 1's law-enforcement disclosure mandate.",image,/img/evidence/c3414325f85050f2af470f195a9c45093f02353cccc68e9426dfcf24e72b9ce4.jpg,QmTmUTesGy1ZXAYU8SPfw7Vzf2K7WhX3r3dhEJQpZ1d3Y5,"This is a digital scan or photograph of a typed legal document written in English, dated November 20, 2019.",ck-4sq-side,no,CK_AUTHOR_CREDIT,
/laws/other/old/US_Intel/more/Notes_2_US_Intel,site/docs/laws/other/old/2_US_Intel/more/Notes_2_US_Intel.md,md,7,laws,Laws,no,Notes: Law 2 - US Intelligence Services Forced Disclosure,Notes: Law 2 - US Intelligence Services Forced Disclosure,"Superseded legal notes on Law 2 — JFK Act delays, Executive Order 13526 over-classification, Epstein Act shortfalls — and the pros and cons of compelling intelligence agencies on a 30-day clock.",none,,,,none,no,CK_AUTHOR_CREDIT,
/laws/other/old/US_Intel/more/Output_Analysis,site/docs/laws/other/old/2_US_Intel/more/Output_Analysis.md,md,7,laws,Laws,no,Output Analysis: Law 2 - US Intelligence Services Forced Disclosure,Output Analysis: Law 2 - US Intelligence Services Forced Disclosure,"Older requirement-by-requirement verdict on Law 2's draft: catch-all scope, 10-year obstruction and 15-year destruction penalties, whistleblower protection, and the removal of presidential override.",none,,,,none,no,CK_AUTHOR_CREDIT,
/laws/other/old/Require_to_Investigate/Law_3_Require_to_Investigate,site/docs/laws/other/old/3_Require_to_Investigate/Law_3_Require_to_Investigate.md,md,6,laws,Laws,no,Law 3: Charlie Kirk Investigation - Mandatory Investigation Act,Law 3: Charlie Kirk Investigation - Mandatory Investigation Act,"Superseded full text of Law 3, the Mandatory Investigation Act — FBI must open a case in 14 days with 20 agents and $10 million, chase all 175 Schedule A leads, and publish reports every 90 days.",none,,,,none,no,CK_AUTHOR_CREDIT,
/laws/other/old/Require_to_Investigate/more/Human_Requirements,site/docs/laws/other/old/3_Require_to_Investigate/more/Human_Requirements.md,md,7,laws,Laws,no,Human Requirements: Law 3 - Require Investigation,Human Requirements: Law 3 - Require Investigation,"Older requirements page for Law 3, arguing agencies are not only withholding files but declining to investigate at all, and that both law enforcement and intelligence must be compelled to actually work the case.",image,/img/evidence/14f90a40f5d68c452073308d5374fd2d50adcd3ffe0dcbe70a39c967191e9b8e.jpg,QmdhWqrdvZMxknDa6fUm4yw5AJQbovKdxoweEwaRGNWcj1,This is a high-resolution photograph or digital scan of a printed document featuring four paragraphs of English text on a white page.,ck-4sq-side,no,CK_AUTHOR_CREDIT,
/laws/other/old/Require_to_Investigate/more/Notes_3_Require_to_Investigate,site/docs/laws/other/old/3_Require_to_Investigate/more/Notes_3_Require_to_Investigate.md,md,7,laws,Laws,no,Notes: Law 3 - Require Investigation,Notes: Law 3 - Require Investigation,"Superseded research notes for Law 3 drawing on the Special Counsel regulations, the Church Committee, and the Warren Commission/HSCA split to define a 'good-faith investigation' that cannot be predetermined.",none,,,,none,no,CK_AUTHOR_CREDIT,
/laws/other/old/Require_to_Investigate/more/Output_Analysis,site/docs/laws/other/old/3_Require_to_Investigate/more/Output_Analysis.md,md,7,laws,Laws,no,Output Analysis: Law 3 - Require Investigation,Output Analysis: Law 3 - Require Investigation,"Older analysis of whether Law 3's draft meets its requirements, including the automatic conflict-of-interest transfer if the FBI is implicated, the independent external monitor, and the sandbagging risk.",image,/img/evidence/fba1bb35bff5a595befa3e69f9eed0cb448d824e1cc784c0d4adecaacbc7d7a4.jpg,QmUiTJzwye45NpQhDtT1VsRiS8pVLpFP2mbQb14dLv9W6e,This is a multi-pane visual analysis image consisting of a collage of four panels that investigate a specific architectural detail on a building.,ck-4sq-stack,no,CK_AUTHOR_CREDIT,
/laws/other/old/Trusted_Investigations/Law_4_Trusted_Investigations,site/docs/laws/other/old/4_Trusted_Investigations/Law_4_Trusted_Investigations.md,md,6,laws,Laws,no,Law 4: Charlie Kirk Investigation - Trusted Investigators Act,Law 4: Charlie Kirk Investigation - Trusted Investigators Act,"Superseded full text of Law 4, the Trusted Investigators Act — Candace Owens, Dave Smith and Tucker Carlson each get an FBI team and an intelligence team, cleared within 30 days and free to publish findings.",none,,,,none,no,CK_AUTHOR_CREDIT,
/laws/other/old/Trusted_Investigations/more/Human_Requirements,site/docs/laws/other/old/4_Trusted_Investigations/more/Human_Requirements.md,md,7,laws,Laws,no,Human Requirements: Law 4 - Trusted Investigations,Human Requirements: Law 4 - Trusted Investigations,"Older requirements page for Law 4: the three named trusted investigators pick their own government staff, nothing may stop them, and retaliation against employees who join or leak to them is a crime.",image,/img/evidence/7fde45c642354f7aa66b35b367dc12f0f1a5fb2a099701fc3aab8abc21938f69.jpg,QmQPLHbDTasuUyS2bofHX3TFCRNtNc3sqYZ1RK9CdfZNmB,"This is a medical illustration and anatomical diagram depicting a side profile of a human head and neck, focusing on the cervical spine.",ck-4sq-stack,no,CK_AUTHOR_CREDIT,
/laws/other/old/Trusted_Investigations/more/Notes_4_Trusted_Investigations,site/docs/laws/other/old/4_Trusted_Investigations/more/Notes_4_Trusted_Investigations.md,md,7,laws,Laws,no,Notes: Law 4 - Trusted Investigations,Notes: Law 4 - Trusted Investigations,"Superseded legal notes for Law 4 citing the Special Counsel framework and the 9/11 Commission as precedent for civilians leading investigations, plus the coordination and clearance risks of six parallel teams.",none,,,,none,no,CK_AUTHOR_CREDIT,
/laws/other/old/Trusted_Investigations/more/Output_Analysis,site/docs/laws/other/old/4_Trusted_Investigations/more/Output_Analysis.md,md,7,laws,Laws,no,Output Analysis: Law 4 - Trusted Investigations,Output Analysis: Law 4 - Trusted Investigations,"Older point-by-point verification of Law 4's draft — six teams, sole hiring authority, 15-year obstruction penalty, personal security for investigators, and mandatory reporting on all 175 Schedule A items.",none,,,,none,no,CK_AUTHOR_CREDIT,
/laws/other/old/DoJ_FBI/more/Human_Requirements,site/docs/laws/other/old/1_DoJ_FBI/more/Human_Requirements.md,md,7,laws,Laws,no,Human Requirements: Law 1 - DoJ/FBI Forced Disclosure,Human Requirements: Law 1 - DoJ/FBI Forced Disclosure,"Superseded draft of the plain-English requirements behind Law 1 — forcing DOJ, FBI, Treasury and IRS to release every Charlie Kirk investigative file, 302s, autopsy media and TPUSA records, with no NDA shield.",image,/img/evidence/c3414325f85050f2af470f195a9c45093f02353cccc68e9426dfcf24e72b9ce4.jpg,QmTmUTesGy1ZXAYU8SPfw7Vzf2K7WhX3r3dhEJQpZ1d3Y5,"This is a digital scan or photograph of a typed legal document written in English, dated November 20, 2019.",ck-4sq-side,no,CK_AUTHOR_CREDIT,
/laws/other/old/DoJ_FBI/more/Notes_1_DoJ_FBI,site/docs/laws/other/old/1_DoJ_FBI/more/Notes_1_DoJ_FBI.md,md,7,laws,Laws,no,Notes: Law 1 - DoJ/FBI Forced Disclosure,Notes: Law 1 - DoJ/FBI Forced Disclosure,"Older legal-research notes for Law 1: how Massie's Epstein Files Transparency Act and the 1992 JFK Records Act were both under-complied with, and the enforcement teeth this draft added in response.",none,,,,none,no,CK_AUTHOR_CREDIT,
/laws/other/old/DoJ_FBI/more/Output_Analysis,site/docs/laws/other/old/1_DoJ_FBI/more/Output_Analysis.md,md,7,laws,Laws,no,Output Analysis: Law 1 - DoJ/FBI Forced Disclosure,Output Analysis: Law 1 - DoJ/FBI Forced Disclosure,"Superseded compliance check of Law 1's draft text against each human requirement, plus a version-comparison table (90 days to 30, added criminal penalties) and four anticipated DOJ objections.",none,,,,none,no,CK_AUTHOR_CREDIT,
/laws/Trusted_Investigations/Law_4_Trusted_Investigations,site/docs/laws/4_Trusted_Investigations/Law_4_Trusted_Investigations.md,md,4,laws,Laws,no,Law 4: Charlie Kirk Investigation - Trusted Investigators Act,Law 4: Charlie Kirk Investigation - Trusted Investigators Act,"Full text of the Charlie Kirk Trusted Investigators Act, embedding civilian-led teams under Candace Owens, Dave Smith, and Tucker Carlson inside the FBI and intelligence agencies with full access and public-release authority.",none,,,,none,no,CK_AUTHOR_CREDIT,
/laws/Trusted_Investigations/more/Human_Requirements,site/docs/laws/4_Trusted_Investigations/more/Human_Requirements.md,md,5,laws,Laws,no,Human Requirements: Law 4 - Trusted Investigations,Human Requirements: Law 4 - Trusted Investigations,"Requirements for Law 4: Candace Owens, Dave Smith, and Tucker Carlson each get an FBI team and an intelligence team they staff themselves, nothing may obstruct them, and findings may be published.",image,/img/evidence/af997f70d8e3ffea08d811389de0b4fcc56f6ae11e6c84c08938f7621be0720e.jpg,QmdEaqFxfmmuyxUmSBkKRTN3rf67hTZedsT2KpA92xndDR,"This image is a digital medical illustration depicting a side-profile view of a human head and neck, focusing on the cervical spine.",ck-4sq-stack,no,CK_AUTHOR_CREDIT,
/laws/Trusted_Investigations/more/Notes_4_Trusted_Investigations,site/docs/laws/4_Trusted_Investigations/more/Notes_4_Trusted_Investigations.md,md,5,laws,Laws,no,Notes: Law 4 - Trusted Investigations,Notes: Law 4 - Trusted Investigations,"Research behind Law 4 — the Special Counsel framework, the 9/11 Commission's civilian commissioners, and congressional clearance powers — and how Schedule A becomes a mandatory investigation checklist.",none,,,,none,no,CK_AUTHOR_CREDIT,
/laws/Trusted_Investigations/more/Output_Analysis,site/docs/laws/4_Trusted_Investigations/more/Output_Analysis.md,md,5,laws,Laws,no,Output Analysis: Law 4 - Trusted Investigations,Output Analysis: Law 4 - Trusted Investigations,"Checks Law 4's text against each requirement — team selection, agency access, obstruction penalties, redaction limits, whistleblower channels — and lists the Appointments Clause and other anticipated problems.",none,,,,none,no,CK_AUTHOR_CREDIT,
/laws/DoJ_FBI/Law_1_DoJ_FBI,site/docs/laws/1_DoJ_FBI/Law_1_DoJ_FBI.md,md,3,laws,,no,Law 1: Charlie Kirk Investigation - DoJ/FBI Forced Disclosure Act,Law 1: Charlie Kirk Investigation - DoJ/FBI Forced Disclosure Act,,none,,,,none,no,CK_AUTHOR_CREDIT,
/laws/DoJ_FBI/more/Human_Requirements,site/docs/laws/1_DoJ_FBI/more/Human_Requirements.md,md,5,laws,Laws,no,Human Requirements: Law 1 - DoJ/FBI Forced Disclosure,Human Requirements: Law 1 - DoJ/FBI Forced Disclosure,"The plain-English requirements Law 1 must satisfy: every law enforcement agency releases all Charlie Kirk investigation files, autopsy material included, with no NDA or retaliation permitted against employees who disclose.",image,/img/evidence/c45cecc9e1589d0f74ffadc63096080ad11a6168b62fdf35cf20f618ff68fc17.jpg,QmbKyFtYHb2NxcTpufHuRFeG3pQZMJVetxzaywiw3LdJuA,"This is a high-resolution, flat-lay digital scan of a printed legal document or official complaint written in English, dated November 20, 2019.",ck-4sq-side,no,CK_AUTHOR_CREDIT,
/laws/DoJ_FBI/more/Notes_1_DoJ_FBI,site/docs/laws/1_DoJ_FBI/more/Notes_1_DoJ_FBI.md,md,5,laws,Laws,no,Notes: Law 1 - DoJ/FBI Forced Disclosure,Notes: Law 1 - DoJ/FBI Forced Disclosure,"Legal research behind Law 1 — lessons drawn from Massie's Epstein Files Transparency Act (P.L. 119-38) and the 1992 JFK Records Act — plus pros, cons, sources, and enforcement strategy.",none,,,,none,no,CK_AUTHOR_CREDIT,
/laws/DoJ_FBI/more/Output_Analysis,site/docs/laws/1_DoJ_FBI/more/Output_Analysis.md,md,5,laws,Laws,no,Output Analysis: Law 1 - DoJ/FBI Forced Disclosure,Output Analysis: Law 1 - DoJ/FBI Forced Disclosure,"Point-by-point check that the drafted Law 1 text meets each human requirement, a comparison table against the earlier draft, and four anticipated DOJ objections with their mitigations.",none,,,,none,no,CK_AUTHOR_CREDIT,
/Companies_Organizations/overview,site/docs/Companies_Organizations/overview.mdx,mdx,2,Companies_Organizations,,yes,Companies & Organizations,Companies & Organizations,"A single index of every company, non-profit, and government body profiled in the Charlie Kirk investigation — private firms and LLCs, non-profit and PAC entities, U.S. government agencies, and non-U.S. (foreign) government and intelligence bodies.",image,/img/evidence/97154b07bb3e341cf3fc2d4f619ef45b8932369f2ed4dfc68dce46e55257c3e3.jpg,QmdKSv3Ua7j3eMQCKNhxL8dgt9yMRz5wQ5pGyYoqoWs7eo,"This image is a close-up, cropped macro photograph of a printed document or digital screen displaying black sans-serif text on a light, off-white background.",ck-4sq-stack,no,CK_AUTHOR_CREDIT,
/distraction_people/Andrew_Piskadlo,site/docs/distraction_people/Andrew_Piskadlo.mdx,mdx,3,distraction_people,Distraction_People,no,Andrew Piskadlo — South-Door Photographer,Andrew Piskadlo,Andrew Piskadlo is a photographer who was reportedly positioned at a south door area at the UVU event. He appears in citizen discussion; this page accuses him of nothing and presents only his stated public role.,video,/img/video_posters/59d022e7afd006227dd9715cfebc6ea0c704a923a7b3859dc4c46bd39954d6a7.jpg,QmWxfDTeJekGmhRvHz1kCZvKnA38L6y4BpZAjPuC6FGKDg,,ck-4sq-stack,no,CK_AUTHOR_CREDIT,
/distraction_people/Beau_Mason,site/docs/distraction_people/Beau_Mason.mdx,mdx,3,distraction_people,Distraction_People,no,Beau Mason — DPS Commissioner,Beau Mason,"Utah DPS Commissioner Beau Mason — the official who announced early case developments, including clearing George Zinn as the shooter, the rifle recovery, and enhanced suspect photos.",none,,,,none,no,CK_AUTHOR_CREDIT,
/distraction_people/Black_Clothing_Figure,site/docs/distraction_people/Black_Clothing_Figure.mdx,mdx,3,distraction_people,Distraction_People,no,Black Clothing Figure — Top Rooftop Suspect (Unidentified),Black Clothing (Suspect),"The unidentified man in all-black tactical clothing — trench coat, mask, long greasy hair — described by police dispatch, a construction crew, and the only pre-shooting rooftop video. Now treated as the most serious rooftop-shooter suspect, not a distraction.",video,/img/video_posters/8c43ccb122c7f3639788f78ca0a5fc090de97e69ec10f4a70bac7902923112d4.jpg,Qmcf5Dj8qouWV8m5R9MLWKb3PbqbG6Yoxqisibf9e3dcUT,,ck-4sq-stack,no,CK_AUTHOR_CREDIT,
/distraction_people/Curly_Hair_Man,site/docs/distraction_people/Curly_Hair_Man.mdx,mdx,3,distraction_people,Distraction_People,no,Curly Hair Man in the Crowd,Curly Hair Man,"The unidentified curly-haired man in the UVU crowd — the same figure online researchers say was also seen chanting 'USA' and have tried to attach names to (Matt Taber, James Norman Rawlinson, David Sprague). Presence only, no accusation.",image,/img/evidence/1e6ccc25a6cd142aa14d567b0df6058bf7f31d466bceaef9851b9dc9b6c8ea4e.jpg,QmUt5EUA7t9DYm6iisHxYbPeSi58YAE4FTD9jqexKffbn1,"This is a medium-wide, eye-level exterior shot of a sunny outdoor campus walkway featuring a man with curly brown hair in a white t-shirt and a woman with brown hair in a black…",ck-4sq-stack,no,CK_AUTHOR_CREDIT,
/distraction_people/David_Sprague,site/docs/distraction_people/David_Sprague.mdx,mdx,3,distraction_people,Distraction_People,no,David Sprague,David Sprague,"The name online citizen researchers most often attach today to the unidentified curly-haired man in the UVU crowd — the same figure also seen chanting 'USA.' He says he did not cheer. Unverified attribution only, no confirmed identification and no accusation of any crime.",none,,,,none,no,CK_AUTHOR_CREDIT,
/distraction_people/Distraction_Timeline,site/docs/distraction_people/Distraction_Timeline.mdx,mdx,3,distraction_people,Distraction_People,no,Distraction Timeline — Sept 10–11,Distraction Timeline,"Chronological map of distraction figures and false-lead moments around the Charlie Kirk shooting — Zinn arrest, false in-custody alert, Qureshi, and post-day scene reports.",none,,,,none,no,CK_AUTHOR_CREDIT,
/distraction_people/Fake_Cop_Badge_Man,site/docs/distraction_people/Fake_Cop_Badge_Man.mdx,mdx,3,distraction_people,Distraction_People,no,Badge Man — the 'Fake Cop' Claim,Badge Man (Fake Cop),"An unidentified figure at the Charlie Kirk scene who, according to image-analysis posts, wore a clip-on badge and then removed it — raising questions about who was law enforcement. A single, uncorroborated claim; presence only.",none,,,,none,no,CK_AUTHOR_CREDIT,
/distraction_people/George_Zinn,site/docs/distraction_people/George_Zinn.mdx,mdx,3,distraction_people,Distraction_People,no,"George Zinn — the \""Shoot Me\"" Man",George Zinn,"George Zinn was the first person arrested after the Charlie Kirk shooting; police say he falsely claimed responsibility to draw attention from the real shooter, and he was cleared as the shooter within hours.",video,/img/video_posters/d21b100d839942c97f2858c131c420c10531b9f51a6a19ac9f209b018fcbeff8.jpg,QmbkrGVMSbE7Bxvw8NCiNWUqdKL1SWRfiBbAXXCMpFSyzM,,ck-4sq-side,no,CK_AUTHOR_CREDIT,
/distraction_people/Hunter_Kozak,site/docs/distraction_people/Hunter_Kozak.mdx,mdx,3,distraction_people,Distraction_People,no,Hunter Kozak — Last Question,Hunter Kozak,Hunter Kozak asked the last audience question before Charlie Kirk was shot — citizen threads raise distraction and crisis-actor questions with no official findings.,image,/img/evidence/d5812fdb4aa451d346bddd7c640ea5bafc4d83d0fc3b8eb04c470b6fe33c2ad7.jpg,Qmb7vaCVocm2Arrxp7cdrSUeTZh3TVtwqEhxsC5QtieRZH,This is a digital screenshot of a post on the social media platform X (formerly Twitter) by a user named Cynthia.,ck-4sq-stack,no,CK_AUTHOR_CREDIT,
/distraction_people/Investigation_Index,site/docs/distraction_people/Investigation_Index.mdx,mdx,3,distraction_people,Distraction_People,no,Distraction People — Investigation Index,Investigation Index,"Working memo for figures who drew police or media attention at the Charlie Kirk UVU event — documented distractions, early patsies, and open identification questions.",none,,,,none,no,CK_AUTHOR_CREDIT,
/distraction_people/James_Norman_Rawlinson,site/docs/distraction_people/James_Norman_Rawlinson.mdx,mdx,3,distraction_people,Distraction_People,no,James Norman Rawlinson,James Norman Rawlinson,"A possible birth name online citizen researchers have floated for the unidentified curly-haired man in the UVU crowd — the same figure also seen chanting 'USA' and now more often called David Sprague. Unverified attribution only, no confirmed identification, no accusation.",none,,,,none,no,CK_AUTHOR_CREDIT,
/distraction_people/Jaxson_Thomas_Fox,site/docs/distraction_people/Jaxson_Thomas_Fox.mdx,mdx,3,distraction_people,Distraction_People,no,Jaxson Thomas Fox — Jailhouse Informant,Jaxson Fox,Jaxson Thomas Fox appears in court coverage as a jailhouse informant in the Tyler Robinson case — a post-event narrative figure some treat as a distraction from core evidence.,none,,,,none,no,CK_AUTHOR_CREDIT,
/distraction_people/Matt_Taber,site/docs/distraction_people/Matt_Taber.mdx,mdx,3,distraction_people,Distraction_People,no,Matt Taber,Matt Taber,"An early name online citizen researchers proposed for the unidentified curly-haired man in the UVU crowd — the same figure also seen chanting 'USA' — later set aside for other names. Unverified attribution only, no confirmed identification, no accusation.",image,/img/evidence/f30e710403bcd7f5aa9900a13f4dd58624aacc6b3a8018db739c2cd8ea866b5e.jpg,QmenANJ966ry6Vc9zciYePmfT4mUFSCXBm7wLFcpSfRdi1,This is a digital screenshot of a social media post on X (formerly Twitter) published by the account &quot;Lucra.&quot; The post consists of introductory text linking a man named Matt Taber…,ck-4sq-stack,no,CK_AUTHOR_CREDIT,
/distraction_people/Outer_TikTok_Streamer,site/docs/distraction_people/Outer_TikTok_Streamer.mdx,mdx,3,distraction_people,Distraction_People,no,Outer TikTok — Livestreamer at UVU,Outer TikTok Streamer,"A social-media livestreamer who filmed himself at Utah Valley University in the seconds after the Charlie Kirk shooting, shouting that shots were fired while repeatedly plugging his own channel. Presence and self-promotion only — no claim of foreknowledge.",none,,,,none,no,CK_AUTHOR_CREDIT,
/distraction_people/Pellet_Gun_Man,site/docs/distraction_people/Pellet_Gun_Man.mdx,mdx,3,distraction_people,Distraction_People,no,Pellet Gun Man (Provo),Pellet Gun Man,"An unidentified man reported biking through Provo with a pellet/air rifle after the Charlie Kirk shooting, who surfaced on police scanner audio and bystander discussion.",image,/img/evidence/3150fba5e56753d54d8f68b9195896a30b0039edc1b0224d18761454ab7d0296.jpg,QmPAyNYFBjTxGCx17CUvcTshw7qbmavoNDNe38iv5Pchvo,"This image is a screenshot of a post on the social media platform X (formerly Twitter) by the user &quot;GoingStrategic&quot; (@GoingStrategic), dated September 25, 2025.",ck-4sq-side,no,CK_AUTHOR_CREDIT,
/distraction_people/Phil_Lyman,site/docs/distraction_people/Phil_Lyman.mdx,mdx,3,distraction_people,Distraction_People,no,Phil Lyman — Early Shot-Origin Claim,Phil Lyman,"Phil Lyman, a Utah public figure, made an early public statement about where a shot came from. Some commentators raise questions about that; this page presents only public facts and accuses him of nothing.",image,/img/evidence/0510d6d9e08d1fa9a0ba9a6e25ee5cc200cf0b7c871aedc1c0a6e6bae3d2d896.jpg,QmTcBdHSRZwDtkXC5X38Nfe6MXsqPafbyvQjNin7yox9G8,This image is a digital screenshot of a post from the social media platform X (formerly Twitter) by the user &quot;Project Constitution&quot; (@ProjectConstitu).,ck-4sq-side,no,CK_AUTHOR_CREDIT,
/distraction_people/Rick_Cutler,site/docs/distraction_people/Rick_Cutler.mdx,mdx,3,distraction_people,Distraction_People,no,"Rick Cutler — the \""Arm Puller\"" Label in Citizen Threads",Rick Cutler,"Rick Cutler appears in citizen footage as a TPUSA event crew figure near Charlie Kirk — arm puller and camera threads, with Pero gesture-device speculation attributed only.",none,,,,none,no,CK_AUTHOR_CREDIT,
/distraction_people/Russell_Kennington,site/docs/distraction_people/Russell_Kennington.mdx,mdx,3,distraction_people,Distraction_People,no,Russell Kennington — Scene-Tampering Report,Russell Kennington,"Russell Kennington was reported in circulated booking screenshots to have been arrested for trespass and obstruction at the UVU scene, but a public-records request reportedly found no arrest. The accounts conflict.",image,/img/evidence/5b3ad2f54d5177cc30149b873b912045ebe48198fee96a677b6261ced711d466.jpg,Qmaf6mhHvXUrQGJLR6ztw6mH2aKihfBozZUX1Yqb2Qgv3Z,"Screenshot of a social media post by Russell Kennington dated September 10, 2025, reading: Uvu has the tightest security. We are safe thank you, to all those that helped us out. The post shows 33 reactions.",ck-4sq-stack,no,CK_AUTHOR_CREDIT,
/distraction_people/SMBB_Break_Man,site/docs/distraction_people/SMBB_Break_Man.mdx,mdx,3,distraction_people,Distraction_People,no,SMBB Break Man,SMBB Break Man,"An unidentified man who reportedly told people an APB was out on him for the UVU shooting, surfacing on police radio near a Salt Lake-area café — with a reported instruction that local police not interview him.",none,,,,none,no,CK_AUTHOR_CREDIT,
/distraction_people/USA_Chant_Man,site/docs/distraction_people/USA_Chant_Man.mdx,mdx,3,distraction_people,Distraction_People,no,USA-Chant Man — Crowd Figure,USA-Chant Man,"The man seen chanting 'USA' seconds after the Charlie Kirk shooting — the same curly-haired UVU crowd figure online researchers have tried to name (Matt Taber, James Norman Rawlinson, David Sprague). He says he did not cheer, and reportedly chanted to create a calming distraction. Presence only.",none,,,,none,no,CK_AUTHOR_CREDIT,
/distraction_people/Zachariah_Qureshi,site/docs/distraction_people/Zachariah_Qureshi.mdx,mdx,3,distraction_people,Distraction_People,no,Zachariah Qureshi — Detained and Released,Zachariah Qureshi,"Zachariah Qureshi was reportedly detained near the scene and then released, and was never charged as the shooter. He appears in 'original distraction person' discussion; no evidence ties him to the shooting.",video,/img/video_posters/59d022e7afd006227dd9715cfebc6ea0c704a923a7b3859dc4c46bd39954d6a7.jpg,QmWxfDTeJekGmhRvHz1kCZvKnA38L6y4BpZAjPuC6FGKDg,,ck-4sq-stack,no,CK_AUTHOR_CREDIT,
/distraction_people/overview,site/docs/distraction_people/overview.mdx,mdx,2,distraction_people,,yes,Possible Distraction People,Possible Distraction People,"Hub for figures who drew police or media attention at the Charlie Kirk UVU event — documented distractions, early patsies, crew proximity, and open identification questions.",image,/img/evidence/54981ad2242e2a4a9f542744f2738dcccdc08b58ed67abdbc10ae5799c113f52.jpg,QmaxupdmXjgPT3zmc6ALMfLFaCFizFXDyqT4eGVTw1MdAH,This is a vertical digital screenshot of a public booking record or arrest log entry for an individual named Russell Kim Kennington.,ck-4sq-side,no,CK_AUTHOR_CREDIT,
/Defamation/Brian_Harpole_Candace_Defemation,site/docs/Defamation/Brian_Harpole_Candace_Defemation.mdx,mdx,3,Defamation,Defamation,no,Brian Harpole v. Candace Owens,Harpole v. Owens,"The defamation lawsuit Brian Harpole filed against Candace Owens in the Middle District of Tennessee, the reported mass recusal of the district's judges, and the public-figure dispute at the center of the case.",video,/img/video_posters/22b4d3bbb6e784ab9223d6bb8ff0d9d588c1cd17f760fa3fa7be8fd65ee9f1a7.jpg,QmZWuQH5Mf1mY5SP2C9HHvRFrSRcp8xLmw8RgKfRXypA9g,,ck-4sq-stack,no,CK_AUTHOR_CREDIT,
/Defamation/overview,site/docs/Defamation/overview.mdx,mdx,2,Defamation,,yes,Defamation,Defamation,"Defamation lawsuits connected to the Charlie Kirk investigation — where public figures, witnesses, and commentators sue each other, and where those cases could force facts into the open through discovery.",image,/img/evidence/e64e0a338e9f4617f5dd4c60b33e56c31805ecf1f79712704b298416f8e54bd2.jpg,QmQqMeT8UedqwdUPL7RvY36GdxqEtUD7PpEaFy9FunqiDu,"This image is a high-resolution scan or digital document of a single, printed page of a formal legal letter or memorandum.",ck-4sq-side,no,CK_AUTHOR_CREDIT,
/Witnesses/EksAyn-Anderson,site/docs/Witnesses/EksAyn-Anderson.mdx,mdx,3,Witnesses,Witnesses_Overview,no,EksAyn Anderson — Front-Row Question,EksAyn Anderson,"A question raised by @MuppetMasher on X, 2026-05-06, about a person reportedly visible in the front-row reserve seating area at the September 10, 2025…",image,/img/evidence/91bca9dff2d509b5230e4ad03f9232e3cd136c796d2bcec6e0fb54ffe441012d.jpg,QmPVvNLdkq6C7LRH5ao6VnjQtgUFSuPsa6szJN446w4Xv4,Image 1 attached to @MuppetMasher post asking about EksAyn Anderson in UVU front row,ck-4sq-side,no,CK_AUTHOR_CREDIT,
/Witnesses/Nick,site/docs/Witnesses/Nick.mdx,mdx,3,Witnesses,Witnesses_Overview,no,Nick — UVU Witness,Nick,"A young man identified only as Nick is one of the on-the-ground witnesses to the September 10, 2025 shooting at Utah Valley University. He spoke on camera in…",video,/img/video_posters/35aa6bb4c21ee1b60ff175663cbb77bceb5e4030b1dee6160c97aa962ac217bd.jpg,QmNjgg3Trjfiq4YEK4XjDur9YyJF1xk8nhAkeCkXMoo41Y,,ck-4sq-stack,no,CK_AUTHOR_CREDIT,
/Witnesses/Shot_in_Chest_Reversal,site/docs/Witnesses/Shot_in_Chest_Reversal.mdx,mdx,3,Witnesses,Witnesses_Overview,no,"Shot in the Chest, Then the Neck — One Witness, Two Accounts",Shot in Chest Reversal,"An on-camera witness lineup in which one witness first describes Charlie Kirk being shot in the chest and repeats it, then gives a neck-wound account on a different station about an hour later — while another witness in the same lineup describes the neck from the start. Recorded as an open question, not an accusation.",video,/img/video_posters/2206641c21cd80920efffbf51797ef88e3640d2bc67d551b35f9ad432ed05b0c.jpg,QmaH8msKvgBjgsAYUSFegAo7JYCNUQUCeJCv6geZaFTfGC,,ck-4sq-stack,no,CK_AUTHOR_CREDIT,
/Witnesses/hit-his-chest-blood-squirt,site/docs/Witnesses/hit-his-chest-blood-squirt.mdx,mdx,3,Witnesses,Witnesses_Overview,no,"\""You Just See It Hit His Chest\"" — Second-Row Witnesses Describe a Heart Shot","\""It Hit His Chest\"" — Heart Shot Accounts",Second-row witnesses at UVU describe seeing the impact land on Charlie Kirk's chest and blood come out of the middle of his chest — one says outright he was shot in the heart. Why the recurring chest-and-heart theme matters.,none,,,,none,no,CK_AUTHOR_CREDIT,
/Witnesses/overview,site/docs/Witnesses/overview.mdx,mdx,2,Witnesses,,yes,Witnesses,Witnesses,"Firsthand accounts from people who were at Utah Valley University on September 10, 2025, when Charlie Kirk was shot. This section collects on-camera and…",video,/img/video_posters/2206641c21cd80920efffbf51797ef88e3640d2bc67d551b35f9ad432ed05b0c.jpg,QmaH8msKvgBjgsAYUSFegAo7JYCNUQUCeJCv6geZaFTfGC,,ck-4sq-stack,no,CK_AUTHOR_CREDIT,
/Witnesses/shot-to-the-heart,site/docs/Witnesses/shot-to-the-heart.mdx,mdx,3,Witnesses,Witnesses_Overview,no,Shot to the Heart — The Repeated Theme and the Shaped-Charge Question,Shot to the Heart,"Early on-camera witnesses repeatedly describe Charlie Kirk as being shot directly in the heart. Some independent researchers question why that description was so consistent and propose an alternative — a directed/shaped charge to the chest that went off at an angle. Recorded as an open question, not a conclusion.",video,/img/video_posters/c9848458840a3ea6d13c643464654f77b8ae8a32c58ce4841971679d9efbf366.jpg,QmbXGTeP3o1grnNNm5d5cMNsYPWeoXr4TNgkqyVS1U9m8q,,ck-4sq-stack,no,CK_AUTHOR_CREDIT,
/Witnesses/wrong_witnesses,site/docs/Witnesses/wrong_witnesses.mdx,mdx,3,Witnesses,Witnesses_Overview,no,Wrong Witnesses — Why the Same Wrong Detail?,Wrong Witnesses,"Open questions about why several on-camera witnesses to the September 10, 2025 event described a chest or heart wound that does not appear to match the footage — and a question about whether, if the microphone held an explosive, it could have been a shaped charge.",image,/img/evidence/07d0b5ef5568726198a7ce59031e52b8fc15044c93e166d5134de1d7f74e9d71.jpg,QmUzhYAfDK9Wwt7o2vMBoFMDekCkfSbGBAbyTsiEzkftkn,This is a digital screenshot of a computer or tablet screen displaying a post from the social media platform X (formerly Twitter).,ck-4sq-stack,no,CK_AUTHOR_CREDIT,
/Other/Evidence-Contradictions,site/docs/Other/Evidence-Contradictions.mdx,mdx,3,Other,Other,no,Evidence Contradictions in the Kirk Case,Evidence Contradictions,"Recurring contradictions between official timelines, witness accounts, media summaries, and OSINT reconstructions in the Charlie Kirk investigation.",none,,,,none,no,CK_AUTHOR_CREDIT,
/Other/Forensic-Analysis-Gaps,site/docs/Other/Forensic-Analysis-Gaps.mdx,mdx,3,Other,Other,no,Forensic Analysis Gaps,Forensic Analysis Gaps,"Publicly visible gaps in ballistics, autopsy, crime-scene, and digital forensics that limit independent review of the Kirk case.",image,/img/evidence/56814b12ee34d92461d217055729025d592d3989ec7be11eb5bf11c6b864134b.jpg,QmdPEHXBTvADqxMBu5dhwX8pZikRT9xEUbFeBeZxRVbojp,"This eye-level medium shot captures a portion of a modern, brutalist-style concrete building facade with a metal extension ladder leaning against it.",ck-4sq-stack,no,CK_AUTHOR_CREDIT,
/Other/Investigation-Challenges,site/docs/Other/Investigation-Challenges.mdx,mdx,3,Other,Other,no,Investigation Challenges,Investigation Challenges,"Structural obstacles — sealing, gag orders, classification, moderation, and crime-scene changes — limiting public investigation of the Kirk assassination.",none,,,,none,no,CK_AUTHOR_CREDIT,
/Other/Investigation_Methodology,site/docs/Other/Investigation_Methodology.mdx,mdx,3,Other,Other,no,Investigation Methodology and Research Approach,Investigation Methodology,"How this project collects, cross-references, and verifies Charlie Kirk assassination claims — and what obstacles limit public investigation.",none,,,,none,no,CK_AUTHOR_CREDIT,
/Other/Miscellaneous_Evidence_Leads,site/docs/Other/Miscellaneous_Evidence_Leads.mdx,mdx,3,Other,Other,no,Miscellaneous Evidence Leads,Miscellaneous Evidence Leads,"Cross-cutting evidence threads that do not fit a single category — sealed records, Google Trends, airport badges, gun-drop house ownership, and diversion actors.",none,,,,none,no,CK_AUTHOR_CREDIT,
/Other/Psychological-Profiling-Claims,site/docs/Other/Psychological-Profiling-Claims.mdx,mdx,3,Other,Other,no,Psychological Profiling Claims,Psychological Profiling Claims,"Public commentary and unverified profiling claims about Tyler Robinson and alternate-shooter theories — labeled as claims, not clinical findings.",image,/img/evidence/258a0ad3ed9043b82a18b2e2d906d63a47da27c3511156d935fe495f32df8781.jpg,QmZjdHQxmcGs6soC5pt55m3RuL3s1BMBJMHNqcHi92P3n5,"This is a mobile phone screenshot of a social media story, likely from Facebook, showing a shared text-based chart about alleged &quot;Non Lethal Microwave Weapons&quot; and their physical…",ck-4sq-side,no,CK_AUTHOR_CREDIT,
/Other/Public_Response,site/docs/Other/Public_Response.mdx,mdx,3,Other,Other,no,Public Response and Social Division,Public Response,"Documented public reactions to the Kirk assassination — grief, celebrations backlash, visa actions, memorials, and international commentary.",image,/img/evidence/171eb7988d00bd6bfd89ddf73a1614815663bf069a5138f8450f98d268186c97.jpg,QmWS4kUm5uWG5Kt2pEE9XjB48VQ6Ado7gQ8GPqVTFA7vVV,"This image is a vertical screenshot displaying a digital document, which appears to be an official business filing from the State of Wyoming Secretary of State Business Division.",ck-4sq-side,no,CK_AUTHOR_CREDIT,
/Other/Witness-Reliability,site/docs/Other/Witness-Reliability.mdx,mdx,3,Other,Other,no,Witness Reliability Issues,Witness Reliability,"Factors affecting eyewitness and bystander account reliability in the Kirk case — timing confusion, video handling, and investigative process allegations.",none,,,,none,no,CK_AUTHOR_CREDIT,
/Other/overview,site/docs/Other/overview.mdx,mdx,2,Other,,yes,Other Topics,Other Topics,"Cross-cutting investigation topics — methodology, miscellaneous evidence leads, and public response — that span multiple site sections.",none,,,,none,no,CK_AUTHOR_CREDIT,
/Theories/Foreign_Intelligence_Claims,site/docs/Theories/Foreign_Intelligence_Claims.mdx,mdx,3,Theories,Theories,no,Foreign Intelligence Involvement Claims,Foreign Intelligence Claims,"Claims that foreign intelligence services — Israeli, Egyptian, and allied U.S. assets — may have played a role in the Kirk assassination, with cited indicators.",none,,,,none,no,CK_AUTHOR_CREDIT,
/Theories/Government_Agencies_Claims,site/docs/Theories/Government_Agencies_Claims.mdx,mdx,3,Theories,Theories,no,U.S. Government Agency Involvement Claims,Government Agency Claims,"Claims that FBI, CIA, and military intelligence elements shaped the Kirk investigation, suppressed evidence, or participated in a cover-up.",image,/img/evidence/e0fcb8096c4cf4f9530e80b5ab067047f0325a6257cb25cd4abf53e1011e2f74.jpg,QmaDsRsDxSnLpwKdrDndtUa8HZ8PTvZ9VwFKHmQRuvpdRF,This image is a digital infographic and conspiracy theory flow chart titled &quot;Targeted Individual Diagram&quot; designed to illustrate a purported secret government harassment program.,ck-4sq-stack,no,CK_AUTHOR_CREDIT,
/Theories/Mossad_Involvement_Claims,site/docs/Theories/Mossad_Involvement_Claims.mdx,mdx,3,Theories,Theories,no,Mossad Involvement Claims,Mossad Involvement Claims,"Summary of Mossad/Israeli-intelligence theories in the Kirk case — motive arguments, cited indicators, and links to deeper analysis.",image,/img/evidence/8b74a7acc55ffaca666dfa957f06d89f9f1cbbe5ea405c0a256b707fb3153696.png,QmT596hXPvEdGLF4swbMBMxVYYkwhwevjARTJYMXBiHcpM,This is a digital screenshot of a structured data table titled &quot;Distraction Shootings by intel service.&quot; The table lists several hypothetical or real-world shooting incidents with…,ck-4sq-stack,no,CK_AUTHOR_CREDIT,
/Theories/overview,site/docs/Theories/overview.mdx,mdx,2,Theories,,yes,Theories,Theories,This page provides a high‑level map of the main theories that have emerged about what happened in the Charlie Kirk case. It does not declare any one theory…,image,/img/evidence/f78f3a3ede1a3bbfda3cfd42d80f52f48dc1aedb7cfa2f64f5afb598372c125f.jpg,,"Visual Representation of Reported Injuries — anatomical chart marking, in red, the reported injury locations across the front and back torso, the neck, the internal chest, and two views of the brain.",ck-4sq-side,no,CK_AUTHOR_CREDIT,
/Narrative/Shot_in_the_heart,site/docs/Narrative/Shot_in_the_heart.mdx,mdx,3,Narrative,Narrative,no,Shot in the Heart — Early Claims vs. What Video Shows,Shot in the Heart,"Catalog of X posts, TV-witness clips, and online discussion claiming Charlie Kirk was shot in the heart or chest on September 10, 2025 — contrasted with the lack of a visible chest bullet hole or chest blood, and with later neck-wound reporting. All claims attributed; no wrongdoing asserted.",none,,,,none,no,CK_AUTHOR_CREDIT,
/Narrative/overview,site/docs/Narrative/overview.mdx,mdx,2,Narrative,,yes,Narrative,Narrative,"How the story of the Charlie Kirk shooting was framed in real time — the 'shot to the heart' description, the wrong-guy and confession framings, media amplification, and the questions researchers raise about narratives that appeared and then receded.",image,/img/evidence/f78f3a3ede1a3bbfda3cfd42d80f52f48dc1aedb7cfa2f64f5afb598372c125f.jpg,,"Visual Representation of Reported Injuries — anatomical chart marking, in red, the reported injury locations across the front and back torso, the neck, the internal chest, and two views of the brain.",ck-4sq-side,no,CK_AUTHOR_CREDIT,
/Mic/AES,site/docs/Mic/AES.mdx,mdx,3,Mic,Mic_Overview,no,AES — Accurate Energetic Systems (Company Profile),AES — The Company,Accurate Energetic Systems (AES) is a Tennessee explosives manufacturer. A paralegal who says she has done DoD procurements pulled AES's federal contracts from USASpending.gov and flagged one for miniature anti-personnel demolition charges.,image,/img/evidence/e2efb55230be9ff19e9914eced77d5433d4d3fb7cafc0f086101609a4cf03b12.jpg,QmTtc9Z8YHqRnDVHxaR93Qaah76xxfPSLSzkDpPPz4nUh6,This image is a digital screenshot of a business profile page containing official registration details for a company named &quot;FIREBIRD ALARM SYSTEMS INC.&quot; retrieved from an Arizona…,ck-4sq-side,no,CK_AUTHOR_CREDIT,
/Mic/AV_Team_Mic_Setup,site/docs/Mic/AV_Team_Mic_Setup.mdx,mdx,3,Mic,Mic_Overview,no,AV Team and Mic Setup,AV Team & Mic Setup,"Documents Phillip Goldsberry Jr.'s under-shirt mic placement, Michael Olbert's equipment role, and Terryl Farnsworth's timeline — attributed reporting, no wrongdoing alleged.",image,/img/evidence/ab17a51b612ad418ef50919fd39954ddad8c5c2f39cc52b9cc8955589f26e9b7.jpg,QmcVceT1cTd6s1c9SEGoekDBMzZPPHBnwZ4KaVSg2cB3NG,"This eye-level, medium-wide indoor shot shows an overturned black metal-framed office chair lying on its side on a patterned carpet floor.",ck-4sq-stack,no,CK_AUTHOR_CREDIT,
/Mic/Canon_XA55_Audio,site/docs/Mic/Canon_XA55_Audio.mdx,mdx,3,Mic,Mic_Overview,no,Canon XA55 Audio — Three Booms and Stage Detonation,Canon XA55 Audio,"Professional broadcast camera audio at UVU separated a ~120m muzzle blast from a louder stage detonation ~46m at the tent — two events, two locations.",image,/img/evidence/a052283ce340e75f222537e346c116ac0c80d702597b09cb283dc8a5646c3943.jpg,QmYCEha6tY3x1L14z1Tn4s6aCc9w1bBsbVSzY9476GmP1b,"This image is an overhead, bird",ck-4sq-side,no,CK_AUTHOR_CREDIT,
/Mic/Chest_Shot_Witnesses,site/docs/Mic/Chest_Shot_Witnesses.mdx,mdx,3,Mic,Mic_Overview,no,Chest-Shot Witnesses — Planned Narrative?,Chest-Shot Witnesses,Documents witnesses who immediately told media Charlie was shot in the chest — descriptions Candace Owens argues never matched the visible neck wound.,image,/img/evidence/d7da1c1a63da01f671366ad902eae0babfeb93ed48baecf759d5d7b4db96fcfb.jpg,QmR6JzmorD6Zw6EqxGwVzTNii9qbfYNkVjzCbN9PgMDALg,"This image is a digital screenshot of a document, likely a Google Doc, displaying a chronological list of events planned or noted for mid-2025.",ck-4sq-stack,no,CK_AUTHOR_CREDIT,
/Mic/Demo_of_shape_charge,site/docs/Mic/Demo_of_shape_charge.mdx,mdx,3,Mic,Mic_Overview,no,Demonstration of a Shaped Charge,Demonstration of Shape Charge,"A video demonstration of a real shaped charge detonating — circulated by skeptics who argue the large smoke cloud it produces was absent at the Charlie Kirk event, undercutting the exploding-mic theory.",image,/img/evidence/07805ee4cc6136e0e841e58ce28746169cab3b98f972ee1bd7a99e3c76327366.webp,Qme8vbcqAqmkaVtZmbr1HcUXhumEfPC6hnTzBVNT9ygCkv,"This is a medium close-up shot of an elderly, bald man wearing a blue button-down shirt and wire-rimmed glasses, who appears to have his hands detained behind his back.",ck-4sq-stack,no,CK_AUTHOR_CREDIT,
/Mic/DoD_Contract,site/docs/Mic/DoD_Contract.mdx,mdx,3,Mic,Mic_Overview,no,The DoD Contract — Miniaturized-XS Anti-Personnel Charges,The DoD Contract,"A paralegal who says she has done DoD procurements flagged an Accurate Energetic Systems contract on USASpending.gov for miniaturized anti-personnel demolition charges — $440,494, signed April 2025 — and listed several procurement anomalies.",image,/img/evidence/fcab2120f05ad3186055e61c5d0dd084c20fabfb73007fbf38a1c083d74225d2.jpg,QmWn3iA7kBPZ9ge8V6M37f9FgUBbGKkGEa4fbR3jdrTYMA,This image captures an outdoor scene on a city sidewalk where several police officers are gathered around what appears to be an active investigation or scene response.,ck-4sq-side,no,CK_AUTHOR_CREDIT,
/Mic/Investigation_Index,site/docs/Mic/Investigation_Index.mdx,mdx,3,Mic,Mic_Overview,no,Mic Investigation Index,Investigation Index,"Working memo mapping the exploding-mic theory — video analysis, Canon XA55 audio, RODE hardware, AES procurement, SUV fragments, AV team, and competing pendant theory.",none,,,,none,no,CK_AUTHOR_CREDIT,
/Mic/Mic_vs_Pendant,site/docs/Mic/Mic_vs_Pendant.mdx,mdx,3,Mic,Mic_Overview,no,Mic vs Pendant — Competing Internal-Device Theories,Mic vs Pendant,"Compares the exploding lapel-mic theory and the shaped-charge crucifix pendant theory — anchoring physics, wound direction, and veteran analysis.",image,/img/evidence/9a32cdfb779f73adc5e44a5f6a27c88513c717ede0e0ad425d591f9c789aa77c.jpg,Qmb9nGF2DW6fJky61z8DwyLyioA34Ctxbcf2JUNKXZYq29,This is a digital 3D CAD (Computer-Aided Design) rendering of an electronic device,ck-4sq-side,no,CK_AUTHOR_CREDIT,
/Mic/Stew_Peters_Broke_AES_Mic,site/docs/Mic/Stew_Peters_Broke_AES_Mic.mdx,mdx,3,Mic,Mic_Overview,no,Stew Peters — Broke the AES / Exploding-Mic Connection,Stew Peters — Broke the AES / Mic Story,"Stew Peters states that he broke the exploding-mic theory and tied it to a ~$440k DoD order to Accurate Energetic Systems, the AES factory explosion, Pete…",image,/img/evidence/ae929fd2aba04677c4e28e5330f1d44943edc90c5b8520ac7601c41474887162.webp,QmXkEaVG93sdDQpeAdzgY16HcU6DMpLC21nnuH5YSWMdLJ,This image is a portrait-orientation digital screenshot of a mobile phone screen displaying a post on the social media platform X (formerly Twitter).,ck-4sq-side,no,CK_AUTHOR_CREDIT,
/Mic/Table_Jumpers_Device,site/docs/Mic/Table_Jumpers_Device.mdx,mdx,3,Mic,Mic_Overview,no,Table Jumpers and the Missing Mic Device,Table Jumpers & Device,"Documents claims that people rushed the stage after the shot — grabbing a device, possibly the exploded or intact lavalier transmitter.",image,/img/evidence/94685ce8e8b9026322a88789196fb28ba926a6c90e5d749a79bc0ab5216462f6.jpg,QmTEKMHLFY3nWzC2Q6mz6oRuPPeMfgxorxciu3uQeidXYU,This image is a vertical screenshot of a mobile device displaying a business information lookup page for an entity registered in Arizona.,ck-4sq-side,no,CK_AUTHOR_CREDIT,
/Mic/aes-explosion-factory,site/docs/Mic/aes-explosion-factory.mdx,mdx,3,Mic,Mic_Overview,no,AES — Accurate Energetic Systems Factory Explosion,AES — Accurate Energetic Systems Factory Explosion,"Accurate Energetic Systems (AES) is a Tennessee-based manufacturer of military-grade explosive devices and energetic materials. On October 10, 2025 —…",image,/img/evidence/f369490336e1d411d3cbc1f9a1c95b16785f8202ce10a882966f8f8473fe1edb.jpg,QmXjPYH3SmafhJDG1N1aqPTqQrLXdyRLX6KgFE8oWKUYN1,This is a digital screenshot of a webpage from USAspending.gov displaying a &quot;Contract Summary&quot; award profile.,ck-4sq-stack,no,CK_AUTHOR_CREDIT,
/Mic/aes-heber-nashville-flight,site/docs/Mic/aes-heber-nashville-flight.mdx,mdx,3,Mic,Mic_Overview,no,"AES — The Heber City → Nashville Flight (Aug 25, 2025)",AES — Heber/Nashville Flight,"The August 25, 2025 private flight from Heber City, Utah to Nashville (closest airport to the AES factory) on the exact AES contract delivery date — presented as attributed questions, not findings.",image,/img/evidence/91ad6e2fd11c0d70de97b00d985e9f524e6fdd9b5ff9e20062cf18bedccd2326.jpg,QmNVAZyFtq9572S9kSvcpd5LrnwKsAFzMFuh9rWcZTCabY,This image is a digital screenshot showing a tabular list of flight data or travel logs arranged in chronological descending order.,ck-4sq-side,no,CK_AUTHOR_CREDIT,
/Mic/burnt-object-rode-transmitter,site/docs/Mic/burnt-object-rode-transmitter.mdx,mdx,3,Mic,Mic_Overview,no,Burnt Object in the SUV — RØDE Transmitter Claim,Burnt Object — Transmitter?,"Project Constitution claims the burnt object in Charlie Kirk's SUV contains a melted audio jack and a battery-label fragment from the RØDE wireless mic transmitter — the images, the reasoning, and the problems with it.",image,/img/evidence/688b2ce7469cb8100edfc24d233a14398ffcd6d8f4c7e934c20de1ec4c0d07a3.jpg,QmSN1swZcxXUKBi5tQQwMmp2VNK4TVnGg4gxU1chW2bL9x,Annotated image labelled ,ck-4sq-stack,no,CK_AUTHOR_CREDIT,
/Mic/exploding-earpiece-iem,site/docs/Mic/exploding-earpiece-iem.mdx,mdx,3,Mic,Mic_Overview,no,Exploding Earpiece (IEM) — Alternate Internal-Device Theory,Exploding Earpiece (IEM),"Attributed citizen theory that a tiny low-flash charge in Charlie Kirk's in-ear monitor (IEM), not the lapel RØDE pack, delivered fatal energy via the ear canal — wire whip, PA path, RF initiation claims. Unverified.",none,,,,none,no,CK_AUTHOR_CREDIT,
/Mic/exploding-pendant-shaped-charge,site/docs/Mic/exploding-pendant-shaped-charge.mdx,mdx,3,Mic,Mic_Overview,no,The Exploding Pendant — Shaped-Charge Crucifix Theory,Exploding Pendant — Shaped Charge,A former USMC explosive breacher argues that a microscopic cone-shaped charge concealed in Charlie Kirk's crucifix pendant — anchored by the silver chain — could…,image,/img/evidence/49eaf1853a58ce9d5132416d6614b2eaf675364408c0e05103bccfaaac7d3bc0.jpg,Qmdbmh7Yk5ayQR2cR1RdsRZLGpHTnkwkiNDHPBjJJLvNqA,cletus_jethro thread: USMC explosive breacher background statement,ck-4sq-stack,no,CK_AUTHOR_CREDIT,
/Mic/explosive-residue,site/docs/Mic/explosive-residue.mdx,mdx,3,Mic,Mic_Overview,no,"Explosive Residue — Transfer, Trapping and Recovery from Fabric",Explosive Residue,"Post-blast residue transfers to clothing and car carpet and stays recoverable — one HPLC study pulled RDX at 3–4 μg/g from nylon and cotton. Why the fabric at UVU was testable, and what was never tested. Attributed claims, not findings of fact.",image,/img/evidence/74f84d944984ef9a000a5d21b07db193c29d22d3e950504806401e09e6838725.jpg,,"Infographic titled Likelihood of Explosive Residue Transfer and Detectability on Synthetic Fibers, with three panels: Transfer (High), Trapping in Fibers (High), and Testability / Recovery (Medium-High)",ck-4sq-stack,no,CK_AUTHOR_CREDIT,
/Mic/get-that-off-of-him-911-call,site/docs/Mic/get-that-off-of-him-911-call.mdx,mdx,3,Mic,Mic_Overview,no,"\""Get That Off Of Him\"" — Alleged 911 Call Audio Tip","\""Get That Off Of Him\"" 911 Call","Candace Owens reportedly aired an audio tip from an alleged 911 call by Charlie Kirk's security team saying 'get that off of him' — unverified, but relevant to whether a device was removed before the hospital.",none,,,,none,no,CK_AUTHOR_CREDIT,
/Mic/high-explosive,site/docs/Mic/high-explosive.mdx,mdx,3,Mic,Mic_Overview,no,"High Explosive — RDX, PETN and TNT-Class Compounds",High Explosive,"What a military high explosive is, why RDX, PETN and TNT-related compounds keep appearing in the exploding-mic thread, and what a charge that small would and would not leave behind. Attributed claims, not findings of fact.",image,/img/evidence/7d049215577e70a49c4de015fa481f3817ce482a8da88894bf4f42b2e6a4edfb.jpg,,"Photograph of several men carrying Charlie Kirk toward a vehicle in the moments after the September 10, 2025 shooting at Utah Valley University",ck-4sq-side,no,CK_AUTHOR_CREDIT,
/Mic/lipo-battery-short-charge,site/docs/Mic/lipo-battery-short-charge.mdx,mdx,3,Mic,Mic_Overview,no,LiPO Short Charge / Battery Runaway — Non-PETN Mic Failure,LiPO Short / Battery Runaway,Attributed theory that Charlie Kirk's RØDE wireless pack failed via lithium-polymer thermal runaway or internal short — battery and PCB fragments as projectiles — distinct from a military PETN micro-charge. Unverified.,none,,,,none,no,CK_AUTHOR_CREDIT,
/Mic/mic-explosion-video-analysis,site/docs/Mic/mic-explosion-video-analysis.mdx,mdx,3,Mic,Mic_Overview,no,Mic Explosion — Video Frame Analysis,Mic Explosion — Video Frame Analysis,"Independent video analysts, including Jon Bray (@jonaaronbray), argue that Charlie Kirk was not killed by the alleged .30-06 rifle shot fired by Tyler…",image,/img/evidence/ced227668351e335438a71aa55c75fafc05c342bafd8bf5d22866d8caa07debd.jpg,QmWzmkLF2poDP25yzwVZa8NYLEE6ipEGjHfTHR2gMgPQYR,This image is a digital screenshot of a post on the social media platform X (formerly Twitter) by the user &quot;Coyote of Wallstreet.&quot; The post features a block of text discussing an…,ck-4sq-stack,no,CK_AUTHOR_CREDIT,
/Mic/overview,site/docs/Mic/overview.mdx,mdx,2,Mic,,yes,Microphone — The Exploding Mic Theory,Mic — Exploding Mic Theory,"Hub for the exploding-mic theory — video and Canon XA55 audio, RODE hardware, AES procurement, SUV fragments, AV team, veteran testimony, and pendant comparison.",image,/img/evidence/448e0dcff9d651cf49fde26393fc69cc065a2a53837c073af68e5c7dd0ec833f.jpg,QmedrrPge7Bj8vUN6xxq1Zfz1CgwuY6xGAtWFFbU4tmg4R,Annotated diagram illustrating the claimed LiPO battery and PCB path from the mic transmitter,ck-4sq-stack,no,CK_AUTHOR_CREDIT,
/Mic/rob-oneill-navy-seal-testimony,site/docs/Mic/rob-oneill-navy-seal-testimony.mdx,mdx,3,Mic,Mic_Overview,no,Osama bin Laden Killer — Navy SEAL Testimony,Osama bin Laden Killer — Navy SEAL Testimony,Two elite military veterans with firsthand combat experience reviewed the Charlie Kirk assassination footage on NEWSMAX and stated independently: something…,image,/img/evidence/094e2f88c480386133a87a76b1342a3f77906b4c47afc80641e4a8e4a63e9915.jpg,QmP3QMMCrAeAYE9da2ugxYaHSLbaiAhe2icToLNVz2BuQD,"This is a digital image featuring a graphic presentation with a light olive-green background, compiled to highlight military connections of certain Christian figures.",ck-4sq-stack,no,CK_AUTHOR_CREDIT,
/Mic/rode-wireless-mic,site/docs/Mic/rode-wireless-mic.mdx,mdx,3,Mic,Mic_Overview,no,RØDE Wireless PRO — The Microphone on Kirk's Shirt,RØDE Wireless PRO — The Microphone on Kirk's Shirt,"The RØDE Wireless PRO lavalier microphone system was the device clipped to Charlie Kirk's shirt at the September 10, 2025 Utah Valley University event…",image,/img/evidence/54ae6e0382601cd1432f797f7a81185f09b9acdcf80eb55a6b8d6ed2eb81dadc.jpg,QmXNgGDv3QC67x5zs4Zdh7LiytjTGB7DyHCgSQFVHJowSS,"A close-up, slightly low-angle selfie video still featuring a light-skinned, blonde-haired man in his late 30s speaking directly to the camera outdoors.",ck-4sq-side,no,CK_AUTHOR_CREDIT,
/Mic/six-forensic-physics-phenomena,site/docs/Mic/six-forensic-physics-phenomena.mdx,mdx,3,Mic,Mic_Overview,no,"Six Forensic Physics Phenomena (@ZREIKMIESTER, Aug 2026)",6 Forensic Physics Phenomena,"A six-part X thread by Ali Zreik (@ZREIKMIESTER) arguing that light refraction, a pre-wound flinch, absent cavitation, radial fabric expansion, the necklace's final position, and explosive vs gunshot acceleration physics point to a shaped charge in the RODE microphone.",image,/img/evidence/ce84e6f175503e78530a18bb519cd7a7977382d55a3e0a8d581d1e5b6dbb4480.jpg,QmTE5ZLxzr9Z7g8jrdWkFjAXkBXdwGYop81RGcjz4nxQ3B,"Text card listing forensic-physics points 1 through 4: light refraction at the microphone, Charlie turning toward the RODE while wincing, absence of cavitation, and radial expansion inside the shirt.",ck-4sq-side,no,CK_AUTHOR_CREDIT,
/Mic/suv-transporting-charlie,site/docs/Mic/suv-transporting-charlie.mdx,mdx,3,Mic,Mic_Overview,no,SUV Transporting Charlie — Candace Owens Photos,SUV Transporting Charlie,Photos reportedly released by Candace Owens showing the interior of the SUV that transported Charlie Kirk after he was shot at UVU — examined for debris and fragment evidence relevant to the exploding-mic theory.,image,/img/evidence/1bee10463bf66d610eb6816b34d64454d6df3c849fba54a52b3e5046e1c2fdfb.jpg,QmV9s8RSSeQfmSW2PA5MBGGYi1dCFwcCfNL3FS6mzzWftU,"Rear passenger cabin of the black GMC Denali SUV, with a dark stain on the folded rear seat",ck-4sq-stack,no,CK_AUTHOR_CREDIT,
/Mic/Explosive_Residue_Coverup/ceiling-painted-rainbow-building,site/docs/Mic/Explosive_Residue_Coverup/ceiling-painted-rainbow-building.mdx,mdx,4,Mic,Mic_Overview,no,Ceiling Mudded / Painted Under the Courtyard Building,Ceiling Painted (Under Building),Reported re-mudding or painting of the concrete underside / tunnel roof next to the UVU tent — a third surface (after soil and pavers) that explosive-residue theories say could hold blast blowback. Distinct from ground hardscape.,none,,,,none,no,CK_AUTHOR_CREDIT,
/Mic/Explosive_Residue_Coverup/charlie-kirk-necklace,site/docs/Mic/Explosive_Residue_Coverup/charlie-kirk-necklace.mdx,mdx,4,Mic,Mic_Overview,no,Charlie Kirk's Necklace — Residue Search and Custody,Charlie Kirk's Necklace,"Reported federal urgency to recover Charlie Kirk's cross necklace after September 10, 2025 — Candace Owens and others read it as an explosive-residue hunt; Frank Turek and Erika Kirk give competing recovery accounts. No public residue test.",none,,,,none,no,CK_AUTHOR_CREDIT,
/Mic/Explosive_Residue_Coverup/dirt-hauled-immediately,site/docs/Mic/Explosive_Residue_Coverup/dirt-hauled-immediately.mdx,mdx,4,Mic,Mic_Overview,no,10 Inches of Dirt Hauled Away Immediately,"10\"" Dirt Hauled Immediately","Before the Sunday landscaping crew arrived, an earlier team reportedly stripped about ten inches of soil from under the UVU tent where Charlie Kirk was killed — a surface explosive-residue theory says would hold PETN. Attributed claims.",none,,,,none,no,CK_AUTHOR_CREDIT,
/Mic/Explosive_Residue_Coverup/dirt-replaced-with-cement,site/docs/Mic/Explosive_Residue_Coverup/dirt-replaced-with-cement.mdx,mdx,4,Mic,Mic_Overview,no,Landscaping Crew Replaced Dirt With Cement / Pavers,Dirt Replaced With Cement,"After soil was hauled from the UVU tent courtyard, a rushed hardscape crew installed pavers (often described online as cement or concrete) over the spot Charlie Kirk was killed — sealing the ground surface residue analysts wanted tested.",none,,,,none,no,CK_AUTHOR_CREDIT,
/Mic/Explosive_Residue_Coverup/fbi-didnt-take-car-custody,site/docs/Mic/Explosive_Residue_Coverup/fbi-didnt-take-car-custody.mdx,mdx,4,Mic,Mic_Overview,no,Transport SUV Not Held in Long-Term Custody,SUV Not Taken Into Custody,"Reported claims that the GMC Yukon that carried Charlie Kirk from UVU was towed, cleaned, and prepared for resale rather than retained as a sealed forensic surface — while residue and device-fragment questions still hang on its interior.",none,,,,none,no,CK_AUTHOR_CREDIT,
/Mic/Explosive_Residue_Coverup/fbi-seized-security-team-clothing,site/docs/Mic/Explosive_Residue_Coverup/fbi-seized-security-team-clothing.mdx,mdx,4,Mic,Mic_Overview,no,FBI Seized Clothing From Charlie's Security Team,FBI Seized Security Team Clothing,"Candace Owens says she was told the FBI took the clothing of certain members of Charlie Kirk's security detail 'down to their boxer briefs.' Unverified, secondhand, and directly relevant to whether explosive residue was ever tested.",none,,,,none,no,CK_AUTHOR_CREDIT,
/Mic/Explosive_Residue_Coverup/overview,site/docs/Mic/Explosive_Residue_Coverup/overview.mdx,mdx,3,Mic,Mic_Overview,yes,Removing Explosive Residue Cover-Up,Removing Explosive Residue,"Every item that could still carry explosive residue from September 10, 2025 — the security team's clothing, the SUV, the shirt, the mic — was reportedly seized, cleaned, or destroyed before any independent test. Attributed claims, not findings of fact.",none,,,,none,no,CK_AUTHOR_CREDIT,
/Mic/Explosive_Residue_Coverup/_research/necklace,site/docs/Mic/Explosive_Residue_Coverup/_research/01_necklace.md,md,3,Mic,,no,Research dump: Charlie Kirk necklace / FBI urgency / residue,Research dump: Charlie Kirk necklace / FBI urgency / residue,,none,,,,none,no,EOF,
/Mic/Explosive_Residue_Coverup/_research/dirt_hauled,site/docs/Mic/Explosive_Residue_Coverup/_research/02_dirt_hauled.md,md,3,Mic,,no,"Research dump: 10"" dirt hauled away under tent immediately","Research dump: 10"" dirt hauled away under tent immediately",,none,,,,none,no,EOF,
/Mic/Explosive_Residue_Coverup/_research/cement_pavers,site/docs/Mic/Explosive_Residue_Coverup/_research/03_cement_pavers.md,md,3,Mic,,no,Research dump: Landscaping crew replaced dirt with cement/pavers,Research dump: Landscaping crew replaced dirt with cement/pavers,,none,,,,none,no,EOF,
/Mic/Explosive_Residue_Coverup/_research/ceiling_paint,site/docs/Mic/Explosive_Residue_Coverup/_research/04_ceiling_paint.md,md,3,Mic,,no,Research dump: Ceiling painted / mudded under building (Rainbow / tunnel overhang),Research dump: Ceiling painted / mudded under building (Rainbow / tunnel overhang),,none,,,,none,no,EOF,
/Mic/Explosive_Residue_Coverup/_research/car_custody,site/docs/Mic/Explosive_Residue_Coverup/_research/05_car_custody.md,md,3,Mic,,no,Research dump: FBI didn't take the car into custody properly,Research dump: FBI didn't take the car into custody properly,,none,,,,none,no,EOF,
/Mic/Explosive_Residue_Coverup/_research/clothing_and_other,site/docs/Mic/Explosive_Residue_Coverup/_research/06_clothing_and_other.md,md,3,Mic,,no,Research dump: Clothing (existing page) + other FBI residue-related cover-ups,Research dump: Clothing (existing page) + other FBI residue-related cover-ups,,none,,,,none,no,EOF,
/Mic/Explosive_Residue_Coverup/_research/grok_query_playbook,site/docs/Mic/Explosive_Residue_Coverup/_research/grok_query_playbook.md,md,3,Mic,,no,Grok AI Query Playbook — Citizen Investigators on X,Grok AI Query Playbook — Citizen Investigators on X,,none,,,,none,no,EOF,
/Your_Actions_Fix_It/overview,site/docs/Your_Actions_Fix_It/overview.mdx,mdx,2,Your_Actions_Fix_It,,yes,Your Actions Fix It,Your Actions Fix It,"This page provides concrete actions that individuals can take to promote transparency, accountability, and justice in the Charlie Kirk case and to prevent…",image,/img/evidence/6301de96e2a78e6a3fd308434fd6dfcd02861b729ee1fa5fa108bc133bd88107.jpg,QmTJ3jKkeJNSHjqsJrur1mzk6Yz3KLS3VC2GJALASaBbeq,A digital screenshot of a legislative web page displaying a structured table titled &quot;History.&quot; The table documents the chronologically ordered legislative actions taken on a…,ck-4sq-side,no,CK_AUTHOR_CREDIT,
/Law_Enforcement/Investigation_Index,site/docs/Law_Enforcement/Investigation_Index.mdx,mdx,3,Law_Enforcement,Law_Enforcement,no,Law Enforcement Investigation Index,Investigation Index,"Non-FBI law enforcement index for the Charlie Kirk case — campus police, sheriffs, DPS, prosecutors, crime-scene handling, and manhunt threads.",none,,,,none,no,CK_AUTHOR_CREDIT,
/Law_Enforcement/court-proceedings,site/docs/Law_Enforcement/court-proceedings.mdx,mdx,3,Law_Enforcement,Law_Enforcement,no,Prosecution & Court Proceedings,Prosecution & Court Proceedings,"State of Utah v. Tyler Robinson — the charged defendant, the change of presiding judge, the December 2025 gag order, and an unverified online claim about pre-event searches. Public court actions stated factually; interpretation attributed.",image,/img/evidence/1dc5b70fd58f58c2732584608da59b150b70cf889e0b3102bb996f59c352d623.jpg,QmU3mAzDnWq4u8usuDyZcv5hbqW9sRuQuZMu81jU1ebEhR,"This is a vertical digital screenshot of a two-page legal document, shown within a digital viewer or browser interface.",ck-4sq-side,no,CK_AUTHOR_CREDIT,
/Law_Enforcement/crime-scene-handling,site/docs/Law_Enforcement/crime-scene-handling.mdx,mdx,3,Law_Enforcement,Law_Enforcement,no,Crime Scene Handling,Crime Scene Handling,"The UVU courtyard where Charlie Kirk was shot was reportedly paved over within days. The reported speed, the company involved, and UVU's official explanation, presented with attribution.",image,/img/evidence/6b0f77aaf4c035c572920c8f06e1e26cb7dc7021bdcf669120d2c31cf84833f4.jpg,QmPGUmfqJjR1wfBhTnyiiKfcieNyrcVDybG7d9vusxDXYD,"This image is a digital scan or direct export of a single-page document, identified as &quot;Page 3 of 4&quot; of an official report.",ck-4sq-side,no,CK_AUTHOR_CREDIT,
/Law_Enforcement/fbi-role,site/docs/Law_Enforcement/fbi-role.mdx,mdx,3,Law_Enforcement,Law_Enforcement,no,FBI Role (See FBI Section),FBI (See FBI Section),"Pointer page — the FBI's role in the Charlie Kirk case is covered in the dedicated FBI section, not this non-FBI Law Enforcement area.",image,/img/evidence/1a73aa67597c61690e7de8acfd3e90cb8e78d32e5749a2eb5dec9f10ea00109e.jpg,QmeURBim561drHyWVgeb7fgwZSsgN4UgoReTtwzWHsnraE,"This is a digital screenshot of an iPhone text message conversation between two unidentified individuals, displaying incoming messages in gray speech bubbles against a light gray…",ck-4sq-side,no,CK_AUTHOR_CREDIT,
/Law_Enforcement/nctc-shutdown,site/docs/Law_Enforcement/nctc-shutdown.mdx,mdx,3,Law_Enforcement,Law_Enforcement,no,NCTC Inquiry (See CoverUp / US Intelligence),NCTC (See CoverUp),"Pointer page — the halted NCTC foreign-nexus inquiry is documented under CoverUp and U.S. Intelligence, outside this non-FBI local LE section.",image,/img/evidence/85d2c79d368c6b0be49488a79eb7210a7001b2e1349814395ef1ea0a97d9ca4e.jpg,Qmc9uMbTQ7gL9y1XadQHKm64a1ARhWbEQ7fCoPXVuf2GoC,This is a digital screenshot of a Facebook personal profile page belonging to a user named Duane Burt.,ck-4sq-side,no,CK_AUTHOR_CREDIT,
/Law_Enforcement/officer-bagley-bodycam,site/docs/Law_Enforcement/officer-bagley-bodycam.mdx,mdx,3,Law_Enforcement,Law_Enforcement,no,Officer Bagley — Body Cam Died on Roof,Officer Bagley Body Cam,"Reported courtroom testimony that Officer Bagley's body-worn camera stopped recording while he was still on the UVU rooftop — the claim that the battery died, framed as an open question.",video,/img/video_posters/01a07ed5977dce2521905fd147b12ded36a7a1aa81b9be91fef06e90178d8144.jpg,QmbNQzjHMfZpLqKL7uVQxstB7Bw6befeXkQzGdsXNWY9GY,,ck-4sq-side,no,CK_AUTHOR_CREDIT,
/Law_Enforcement/official-resignations,site/docs/Law_Enforcement/official-resignations.mdx,mdx,3,Law_Enforcement,Law_Enforcement,no,Official Resignations,Official Resignations,"A cluster of officials connected to the Charlie Kirk case resigned in the months that followed — including the county sheriff who handled the surrender and the UVU president. Presented as a noted pattern and open question, not proof of wrongdoing.",none,,,,none,no,CK_AUTHOR_CREDIT,
/Law_Enforcement/orem-police-response,site/docs/Law_Enforcement/orem-police-response.mdx,mdx,3,Law_Enforcement,Law_Enforcement,no,Orem PD & Local Response,Orem PD & Local Response,"The role of Orem police and the local emergency response after the September 10, 2025 shooting, including the hospital where Charlie Kirk was pronounced deceased.",image,/img/evidence/c45cecc9e1589d0f74ffadc63096080ad11a6168b62fdf35cf20f618ff68fc17.jpg,QmbKyFtYHb2NxcTpufHuRFeG3pQZMJVetxzaywiw3LdJuA,"This is a high-resolution, flat-lay digital scan of a printed legal document or official complaint written in English, dated November 20, 2019.",ck-4sq-side,no,CK_AUTHOR_CREDIT,
/Law_Enforcement/overview,site/docs/Law_Enforcement/overview.mdx,mdx,2,Law_Enforcement,,yes,Law Enforcement,Law Enforcement,"Non-FBI government police and prosecutors in the Charlie Kirk case — UVU campus police, Orem PD, Utah sheriffs, DPS, crime-scene handling, manhunt, and prosecution.",video,/img/video_posters/01a07ed5977dce2521905fd147b12ded36a7a1aa81b9be91fef06e90178d8144.jpg,QmbNQzjHMfZpLqKL7uVQxstB7Bw6befeXkQzGdsXNWY9GY,,ck-4sq-side,no,CK_AUTHOR_CREDIT,
/Law_Enforcement/rifle-chain-of-custody,site/docs/Law_Enforcement/rifle-chain-of-custody.mdx,mdx,3,Law_Enforcement,Law_Enforcement,no,Mauser Rifle Chain of Custody,Mauser Rifle Chain of Custody,"A bolt-action Mauser rifle was the weapon allegedly tied to Tyler Robinson, but the ATF reportedly could not match the bullet to that rifle. Presented as a reported forensic problem and open question.",image,/img/evidence/5e8797dccf4375c3a21e131e79ee95238cc71780ef838907830fc611b8d58015.jpg,QmZNwS2vzA2F7KA6CpCgeUuLqZq1FTu2jg9uQBZm7FaQwj,"This is a flat-lay photograph showing a disassembled German Mauser Karabiner 98k (Kar98k) bolt-action rifle, its bayonet, and associated accessories, neatly arranged on a wooden…",ck-4sq-stack,no,CK_AUTHOR_CREDIT,
/Law_Enforcement/suspect-manhunt,site/docs/Law_Enforcement/suspect-manhunt.mdx,mdx,3,Law_Enforcement,Law_Enforcement,no,Suspect Manhunt & Misidentification,Suspect Manhunt & Misidentification,"The charging-document suspect description, a witness account that the photo shown to a work crew did not match the FBI's released image, and questions about an early arrest. Presented as attributed accounts and open questions.",none,,,,none,no,CK_AUTHOR_CREDIT,
/Law_Enforcement/utah-county-sheriff,site/docs/Law_Enforcement/utah-county-sheriff.mdx,mdx,3,Law_Enforcement,Law_Enforcement,no,Utah County Sheriff — Surrender Coordination,Utah County Sheriff,"Utah County Sheriff Mike Smith's role in the Tyler Robinson surrender chain — the 8:04 PM call, booking agency records, and USBI Agent Davis.",none,,,,none,no,CK_AUTHOR_CREDIT,
/Law_Enforcement/utah-dps-beau-mason,site/docs/Law_Enforcement/utah-dps-beau-mason.mdx,mdx,3,Law_Enforcement,Law_Enforcement,no,Utah DPS & Commissioner Beau Mason,Utah DPS & Beau Mason,"Utah Department of Public Safety Commissioner Beau Mason — George Zinn clearance, enhanced suspect imagery, and state-level press conferences after the UVU shooting.",image,/img/evidence/e13dfc3f2b185b822739953a01cc40c51a4e139abb6bc66bfa7c7b1ff5f6154c.jpg,QmaA2q8DF3cEtEF5wwJ2UrgMsP6ADMUseyBGsTMUD51B3S,"This image is a digital collage comprising two television news screenshots stacked vertically, overlaid with red borders, yellow date/time text at the top, white labels…",ck-4sq-side,no,CK_AUTHOR_CREDIT,
/Law_Enforcement/uvu-campus-police,site/docs/Law_Enforcement/uvu-campus-police.mdx,mdx,3,Law_Enforcement,Law_Enforcement,no,UVU Campus Police,UVU Campus Police,"How UVU's own campus police force handled the September 10, 2025 event — the officers provided, the rooftops reportedly not inspected, and the surveillance footage used to track the suspect.",none,,,,none,no,CK_AUTHOR_CREDIT,
/Law_Enforcement/washington-county-sheriff,site/docs/Law_Enforcement/washington-county-sheriff.mdx,mdx,3,Law_Enforcement,Law_Enforcement,no,Washington County Sheriff & the Surrender,Washington County Sheriff & the Surrender,"Washington County Sheriff Nate Brooksby reportedly received the tip that led to Tyler Robinson's surrender and facilitated it, then later resigned with no stated reason.",none,,,,none,no,CK_AUTHOR_CREDIT,
/US_Intelligence/US_Army_HADES,site/docs/US_Intelligence/US_Army_HADES.mdx,mdx,3,US_Intelligence,US_Intelligence,no,US Army HADES (Drone Launching Planes),US Army HADES,"US Army HADES — High Accuracy Detection and Exploitation System: the Global 6500 ISR program, the air-launched drone reporting that was deleted, N1098L over UVU, and the rebuttals.",image,/img/evidence/65e041584366dd6d921c9a23f35edb56a3efcfbd20b5a24399e081ed7f8e11d9.jpg,,US Army and Bombardier Defense rendering of the future HADES ISR aircraft based on the Global 6500 business jet,ck-4sq-stack,no,CK_AUTHOR_CREDIT,
/US_Intelligence/US_Intelligence_Investigation_Index,site/docs/US_Intelligence/US_Intelligence_Investigation_Index.mdx,mdx,3,US_Intelligence,US_Intelligence,no,U.S. Intelligence Investigation Index,U.S. Intelligence Investigation Index,"Working memo for the U.S. intelligence angle — NCTC shutdown, NSA Bumblehive phones, CIA UVU profiles, Fort Huachuca, and cover-up coordination claims.",none,,,,none,no,CK_AUTHOR_CREDIT,
/US_Intelligence/cia,site/docs/US_Intelligence/cia.mdx,mdx,3,US_Intelligence,US_Intelligence,no,CIA,CIA,"CIA-related claims in the Charlie Kirk case — UVU National Security Society profiles, HADES/N1098L ISR, rogue-faction theories, and historical domestic-ops context.",image,/img/evidence/3819d968746b1713569a595c92c0059aa28e6c48597d68f63af7c38902fc38a0.jpg,QmcxZzutKBWaWs9MuZdYVyshsXwtdwp6rqXYs3kngbh3m3,"This image is a flat, digital screenshot of the Google Trends user interface, showing search interest data.",ck-4sq-stack,no,CK_AUTHOR_CREDIT,
/US_Intelligence/joe-kent,site/docs/US_Intelligence/joe-kent.mdx,mdx,3,US_Intelligence,US_Intelligence,no,Joe Kent,Joe Kent,"Joe Kent, NCTC director — on-record claims the FBI shut down his Charlie Kirk investigation before foreign-nexus leads were exhausted.",video,/img/video_posters/1e83d2d7e98772b86ca9be1f6558682b679c20711ea756c604db8815461818be.jpg,QmTPZV4tV5Z2ZGFhfzXft18XYERPyuuJtYjeEwoV4Zzyzy,,ck-4sq-stack,no,CK_AUTHOR_CREDIT,
/US_Intelligence/nctc,site/docs/US_Intelligence/nctc.mdx,mdx,3,US_Intelligence,US_Intelligence,no,NCTC — National Counterterrorism Center,NCTC (Counterterrorism Center),"NCTC foreign-involvement inquiry into Charlie Kirk's death — Joe Kent, Kash Patel shutdown claims, Butler link, and Benny Johnson state-actors comment.",none,,,,none,no,CK_AUTHOR_CREDIT,
/US_Intelligence/nsa,site/docs/US_Intelligence/nsa.mdx,mdx,3,US_Intelligence,US_Intelligence,no,NSA,NSA,"NSA Utah Data Center Bumblehive, 12 Israeli cellphone tip, Tony Seruga 44-phone claims, and burner deanonymization in the Charlie Kirk investigation.",none,,,,none,no,CK_AUTHOR_CREDIT,
/US_Intelligence/odni,site/docs/US_Intelligence/odni.mdx,mdx,3,US_Intelligence,US_Intelligence,no,ODNI,ODNI,"ODNI oversight of the halted NCTC Charlie Kirk inquiry — chain of command, Tulsi Gabbard, consolidation authority, and cabinet shutdown claims.",none,,,,none,no,CK_AUTHOR_CREDIT,
/US_Intelligence/overview,site/docs/US_Intelligence/overview.mdx,mdx,2,US_Intelligence,,yes,U.S. Intelligence,U.S. Intelligence,"U.S. intelligence community threads in the Charlie Kirk case — shut-down NCTC inquiry, NSA Bumblehive phones, CIA campus links, and Fort Huachuca timing.",image,/img/evidence/a8b1945711be60f04ed8367ee75d13dbc73a6d9ee2e31e234d7f42e8d5c26899.jpg,QmRAQWmcd6nAEdFZuHPowY2MNT1m71HnFYyEDcumdDMime,Evidence image,ck-4sq-stack,no,CK_AUTHOR_CREDIT,
/US_Intelligence/tulsi-gabbard,site/docs/US_Intelligence/tulsi-gabbard.mdx,mdx,3,US_Intelligence,US_Intelligence,no,Tulsi Gabbard,Tulsi Gabbard,"Tulsi Gabbard as DNI — NCTC inquiry oversight, Macron allegation response, and Russell Brand cabinet shutdown claims.",image,/img/evidence/66aa52c4d49cc530c9d8619bc713c9b1a5d058a9465df17a374501c10b22a62d.jpg,QmWCQnLodzTXkyozYB2xgYRwM5QZk5daLrqj1rCbVxveTm,"This image is a horizontal, close-up digital screenshot of a single post from the social media platform X (formerly Twitter).",ck-4sq-stack,no,CK_AUTHOR_CREDIT,
/US_Intelligence/Fort_Huachuca/Cabot_alibi,site/docs/US_Intelligence/Fort_Huachuca/Cabot_alibi.mdx,mdx,4,US_Intelligence,US_Intelligence,no,Cabot Phillips alibi video — Fort Huachuca carpet claim,Cabot alibi & Fort Huachuca,"An open-source investigator claims the carpet, dark trim, and yellow wall in Cabot Phillips's alibi video appear to match Fort Huachuca interior rooms — raising questions about where the footage was actually recorded.",image,/img/evidence/a8b1945711be60f04ed8367ee75d13dbc73a6d9ee2e31e234d7f42e8d5c26899.jpg,QmRAQWmcd6nAEdFZuHPowY2MNT1m71HnFYyEDcumdDMime,Photo the author identifies as a Fort Huachuca interior room — yellow wall and dark trim,ck-4sq-stack,no,CK_AUTHOR_CREDIT,
/US_Intelligence/Fort_Huachuca/overview,site/docs/US_Intelligence/Fort_Huachuca/overview.mdx,mdx,3,US_Intelligence,US_Intelligence,yes,Fort Huachuca,Fort Huachuca,"Fort Huachuca — the U.S. Army Intelligence Center in Sierra Vista, Arizona — is the single most-cited installation in the Charlie Kirk investigation. The reported September 8–9, 2025 lieutenant-colonel meeting, the SAM 99-0404 VIP flight, Bradley Hansell, the Mitch Snow military-police incident report, and every counterargument, in one place.",none,,,,none,no,CK_AUTHOR_CREDIT,
/Topic-Analyses/Ballistics_And_Surveillance_Claims,site/docs/Topic-Analyses/Ballistics_And_Surveillance_Claims.mdx,mdx,3,Topic-Analyses,Topic_Analyses,no,Ballistics and Surveillance Claims,Ballistics & Surveillance,"Official ballistics narrative versus alternative acoustic, trajectory, and drone-surveillance claims in the Charlie Kirk assassination.",none,,,,none,no,CK_AUTHOR_CREDIT,
/Topic-Analyses/Political_Aftermath,site/docs/Topic-Analyses/Political_Aftermath.mdx,mdx,3,Topic-Analyses,Topic_Analyses,no,Political Aftermath and Public Shockwaves,Political Aftermath,"How the Kirk assassination affected U.S. political discourse — memorials, celebrations backlash, visa actions, media splits, and TPUSA continuity.",image,/img/evidence/e08433d3808cf8a4a1948f5dcbb1c41e48fb57c5bbdf4f231b316a63d976cbba.jpg,QmU3FKE9wdjSjHxifYs8KYHSMB2FeoSTYUySCCyFZKnKVK,This image is a low-quality vertical video screengrab depicting a chaotic crowd scene inside a concrete underpass or tunnel.,ck-4sq-side,no,CK_AUTHOR_CREDIT,
/Topic-Analyses/Pre_Assassination_Context,site/docs/Topic-Analyses/Pre_Assassination_Context.mdx,mdx,3,Topic-Analyses,Topic_Analyses,no,"Pre-Assassination Context: September 3–9, 2025",Pre-Assassination Context,"Documented developments in the week before Charlie Kirk's death — Epstein-file demands, Israel-policy pressure meetings, and the September 9 high-pressure session.",none,,,,none,no,CK_AUTHOR_CREDIT,
/Topic-Analyses/September_10_Event_Timeline,site/docs/Topic-Analyses/September_10_Event_Timeline.mdx,mdx,3,Topic-Analyses,Topic_Analyses,no,"September 10, 2025: Day-of Event Timeline",September 10 Event Timeline,"Hour-by-hour timeline for September 10, 2025 — aircraft movements near Provo, the UVU shooting, arrest timing, and immediate law-enforcement response.",none,,,,none,no,CK_AUTHOR_CREDIT,
/cameras/Canon_XA55_Broadcast,site/docs/cameras/Canon_XA55_Broadcast.mdx,mdx,3,cameras,Surveillance_Cameras,no,Canon XA55 Broadcast Camera,Canon XA55,"The professional Canon XA55 broadcast camera at UVU on September 10, 2025 — four-channel uncompressed audio roughly 46 meters from the tent and what researchers say it shows.",image,/img/evidence/07aa67823df80e2b319adedcf2fa0178cd2cb7dc2db9bc38326b64cb04579496.jpg,QmT3qswRoxMRsZxgthAc8vdreTSyVKLxavTk3DRJ6gYbTV,"This high-angle outdoor photograph captures a large crowd of people gathered on a grassy, tiered campus plaza for a political-style event or live broadcast.",ck-4sq-side,no,CK_AUTHOR_CREDIT,
/cameras/Eyewitness_Mobile_Video,site/docs/cameras/Eyewitness_Mobile_Video.mdx,mdx,3,cameras,Surveillance_Cameras,no,Eyewitness & Mobile Video,Eyewitness Mobile Video,"Phone and crowd video from September 10, 2025 — including Ryne Simmons' 4K close-up, Jon Bray's shirt analysis, and Blake Bednarz's UVU recording.",image,/img/evidence/3b3acb01227226e63aa05c252434bef09df48d656f41eb954c5ef0160b5b1c62.jpg,QmfAb7AdSNgnjjYP78TwcMj2nyg4HkMNN3ZVwytASrFukr,"This is a still screenshot from a digital news broadcast, formatted for social media or a mobile video feed, featuring a close-up shot of a male spokesperson presenting at a…",ck-4sq-stack,no,CK_AUTHOR_CREDIT,
/cameras/Investigation_Index,site/docs/cameras/Investigation_Index.mdx,mdx,3,cameras,Surveillance_Cameras,no,Cameras Investigation Index,Investigation Index,"Index of every camera, photo, and video thread in the Charlie Kirk case — surveillance, mobile eyewitness, TPUSA production, and crime-scene handling.",none,,,,none,no,CK_AUTHOR_CREDIT,
/cameras/Merchant_And_Travel_CCTV,site/docs/cameras/Merchant_And_Travel_CCTV.mdx,mdx,3,cameras,Surveillance_Cameras,no,Merchant & Travel CCTV,Merchant & Travel CCTV,"Commercial and government CCTV outside UVU — Dairy Queen evening sighting, Cedar City Maverik on September 11, and Washington County surrender lobby footage.",image,/img/evidence/4226b8db5485a5a29c12dd31bd9e0fbe2547d8d4f2046ab52a321794a735b623.jpg,QmdaxrozFuwnGKsQZ3Q5BxzCJZLGujKHwAFh6mFbhjS9dr,This is a digital graphic featuring a typed itinerary of travel routes organized by year from 2022 to 2025.,ck-4sq-stack,no,CK_AUTHOR_CREDIT,
/cameras/Tyler_On_Cameras,site/docs/cameras/Tyler_On_Cameras.mdx,mdx,3,cameras,Surveillance_Cameras,no,Tyler on Surveillance Cameras,Tyler on Cameras,"Every camera sighting the released timeline attributes to Tyler Robinson on September 10, 2025 — Ring, WYZE, UVU, Dairy Queen, and Maverik in one master table.",image,/img/evidence/00571d98ceaa02696318cfe48764e9dcdc8fcfe6013047674754fb366f4ff040.jpg,QmdBZBN2njx8haUb5Rw32cxJGFJftka3mmFxiCCy7rmHg2,"This is a slightly high-angle, vertical-format photograph capturing a chaotic moment behind a stage or barricaded area at an outdoor public event.",ck-4sq-side,no,CK_AUTHOR_CREDIT,
/cameras/Tyler_Placeholder,site/docs/cameras/Tyler_Placeholder.mdx,mdx,3,cameras,Surveillance_Cameras,no,Tyler as a Placeholder Figure,Tyler Placeholder,"The argument that the person on September 10 cameras may be a placeholder onto whom the name Tyler Robinson was attached — clothing mismatch, enhanced photos, shadow analysis, and missing surrender CCTV.",none,,,,none,no,CK_AUTHOR_CREDIT,
/cameras/UVU_Surveillance,site/docs/cameras/UVU_Surveillance.mdx,mdx,3,cameras,Surveillance_Cameras,no,UVU Campus Surveillance,UVU Surveillance,"Utah Valley University's campus surveillance — the affidavit backbone tracking a rooftop suspect from 11:50 a.m. to the 12:23 p.m. shot, Losee Center stills, and withheld HD questions.",none,,,,none,no,CK_AUTHOR_CREDIT,
/cameras/WYZE,site/docs/cameras/WYZE.mdx,mdx,3,cameras,Surveillance_Cameras,no,WYZE Cameras,WYZE Cameras,The WYZE neighborhood cameras that captured two September 10 morning sightings on W 880 S near UVU — driving at 8:23 and walking at 9:57.,none,,,,none,no,CK_AUTHOR_CREDIT,
/cameras/overview,site/docs/cameras/overview.mdx,mdx,2,cameras,,yes,Surveillance Cameras,Surveillance Cameras,"Hub for every camera, photo, and video thread in the Charlie Kirk case — Ring, WYZE, UVU CCTV, mobile eyewitness, TPUSA production, merchant CCTV, and crime-scene camera handling.",image,/img/evidence/9d7c63c1c738162fb2c14d7b91158d9241f0c5baa59d5922430baf7283a1bbbb.jpg,QmVe8YrVh2vGc1gfTa2ymXeX7iqaqZBP1dcmbUPzJivsnJ,"This is a close-up, upward-angled shot of a concrete ceiling containing a rectangular vent and a security camera.",ck-4sq-stack,no,CK_AUTHOR_CREDIT,
/CoverUp/AES_Tennessee_Explosion,site/docs/CoverUp/AES_Tennessee_Explosion.mdx,mdx,3,CoverUp,CoverUp,no,AES Tennessee Explosives Factory Explosion (Claims),AES Tennessee Explosives Factory Explosion (Claims),"An explosives plant in Humphreys County, Tennessee exploded on October 10, 2025, weeks after online investigators tied a Defense Department munitions contract there to the Charlie Kirk case. This page reviews those claims, the technical 'exploding mic' theory behind them, and the coincidence counterargument.",image,/img/evidence/a26e3564cb2fabdd95487cdc7fd60d92f023ad5ab748e88fc87f6fee880ad573.jpg,QmXiQ89Rynsyyct8XgDfd54FFmdV3jXz2ArrXc8WqXh8bM,"This is a digital screenshot of a mobile flight tracking interface from the FlightAware website or app, displaying the flight details for aircraft tail number N808LP.",ck-4sq-side,no,CK_AUTHOR_CREDIT,
/CoverUp/Airborne_Surveillance_Records,site/docs/CoverUp/Airborne_Surveillance_Records.mdx,mdx,3,CoverUp,CoverUp,no,Airborne Surveillance Records Over UVU Withheld (Claims),Airborne Surveillance Records Over UVU Withheld (Claims),"Reported claims that a U.S. Army ISR jet and unaccounted drone activity over UVU on September 10, 2025 mean airborne imagery of the scene may exist, yet crew, tasking, and FAA records have not been produced — presented as attributed, unproven allegations.",image,/img/evidence/0e4eec03f39d4ef94c6a31d0bc1fa1b2427214506aa86ba3b1d93203b00c4338.jpg,QmTjwwu1ZKHXCF781G6JGWiqGFgQPzwNetb3usM3y6cth4,"This low-resolution outdoor image captures a modern building balcony where a small, white four-legged robotic dog is performing a jump or flip in mid-air.",ck-4sq-stack,no,CK_AUTHOR_CREDIT,
/CoverUp/Antisemitism_Branding,site/docs/CoverUp/Antisemitism_Branding.mdx,mdx,3,CoverUp,CoverUp,no,"\""Blood Libel\"" Branding Used to Kill Foreign Leads (Claims)","\""Blood Libel\"" Branding (Claims)","Reported claims that labeling foreign-nexus questions 'antisemitic,' 'blood libel,' or 'disinformation' functioned as rhetorical closure that deterred journalists and officials from demanding records in the Charlie Kirk case.",image,/img/evidence/58638d1f353f177b959f3762e1ec76e49e9623bc16aeeb607f338916698fe9da.jpg,QmW2Ez5XKM557zYRL3zcP2iPNBX2nyRvxJuN5cq9UCE9G6,"This is a slightly blurry, slightly zoomed-in outdoor photograph capturing a crowd gathered behind a white, pyramid-shaped canopy tent.",ck-4sq-side,no,CK_AUTHOR_CREDIT,
/CoverUp/Archive_Is_Purge,site/docs/CoverUp/Archive_Is_Purge.mdx,mdx,3,CoverUp,CoverUp,no,Archive.today,Archive.today,"On October 30, 2025 — twenty days after the AES explosives plant blast and fifty days after Charlie Kirk was killed — the FBI subpoenaed the registrar behind Archive.today, the one major web archive that is hard to delete from. The facts, the timing, and the ordinary explanations.",image,/img/evidence/d58b8512451bbdb20b7aea3dc56199d6a97bbe4d62d90436e15580b0919553cd.jpg,QmZAWNJqroTeQ9E1gXn1fGVrxyD4ijrmYy8CCZjN5oJHKs,This is a high-contrast digital screenshot of a mobile phone text message conversation displayed in &quot;dark mode.&quot; The messages consist of an exchange between two individuals…,ck-4sq-side,no,CK_AUTHOR_CREDIT,
/CoverUp/Autopsy_Sealed_Examiner,site/docs/CoverUp/Autopsy_Sealed_Examiner.mdx,mdx,3,CoverUp,CoverUp,no,Autopsy Sealed and the Performing Examiner Kept Out of View (Claims),Autopsy Sealed and Performing Examiner Hidden (Claims),"Reported claims that the Utah autopsy report remains sealed, the pathologist who performed the examination has never been publicly named, and an outside medical examiner became the public face of the wound explanation — presented as unproven questions.",image,/img/evidence/0e4eec03f39d4ef94c6a31d0bc1fa1b2427214506aa86ba3b1d93203b00c4338.jpg,QmTjwwu1ZKHXCF781G6JGWiqGFgQPzwNetb3usM3y6cth4,"This low-resolution outdoor image captures a modern building balcony where a small, white four-legged robotic dog is performing a jump or flip in mid-air.",ck-4sq-stack,no,CK_AUTHOR_CREDIT,
/CoverUp/Bagley_Bodycam_Gap,site/docs/CoverUp/Bagley_Bodycam_Gap.mdx,mdx,3,CoverUp,CoverUp,no,Officer's Body Camera Died on the Roof (Claims),Officer's Body Camera Died on Roof (Claims),"Reported claims that UVU Officer Chris Bagley's only body-camera recording ended just as he reached the Losee Center roof, capturing no footage of the alleged sniper's nest or the screwdriver later tied to DNA.",image,/img/evidence/1c54a7ac2dd5beaf755e89dc9f277a1eaf85201ad53cf1dffbd2a76e610b49ac.jpg,QmenG9cSigKNycr5YGsELnfSQSmBW1xbuj1dmF7513RbLh,"This image is a composite screenshot of a social media post on X (formerly Twitter) by the user &quot;@HustleBitch_,&quot; detailing a conspiracy theory or speculative investigation…",ck-4sq-stack,no,CK_AUTHOR_CREDIT,
/CoverUp/Ballistics_Sealed_CBLA,site/docs/CoverUp/Ballistics_Sealed_CBLA.mdx,mdx,3,CoverUp,CoverUp,no,"Inconclusive Ballistics, Sealed Report, and a Banned Test Revived (Claims)","Inconclusive Ballistics, Sealed Report, and a Banned Test Revived (Claims)","Reported claims that the ATF ballistics report was inconclusive, sealed after the defense called it exculpatory, and that the FBI may revive a discredited bullet-lead test — framed by critics as goalpost-shifting to manufacture a match.",none,,,,none,no,CK_AUTHOR_CREDIT,
/CoverUp/Black_Clad_Suspect_Dropped,site/docs/CoverUp/Black_Clad_Suspect_Dropped.mdx,mdx,3,CoverUp,CoverUp,no,Black-Clad Rooftop Suspect Dropped From the Narrative (Claims),Black-Clad Rooftop Suspect Dropped (Claims),"Reported claims that an early all-black-clad suspect described in dispatch, by an eyewitness, and in rooftop footage was dropped from the narrative once federal agents took over the case.",none,,,,none,no,CK_AUTHOR_CREDIT,
/CoverUp/CIA_Blocked,site/docs/CoverUp/CIA_Blocked.mdx,mdx,3,CoverUp,CoverUp,no,CIA Reportedly Blocked From the Investigation (Claims),CIA Reportedly Blocked From the Investigation (Claims),"Reported claims that the FBI physically blocked CIA personnel from advancing the Charlie Kirk investigation, and that the interference was relayed to the Oval Office with no corrective action taken.",none,,,,none,no,CK_AUTHOR_CREDIT,
/CoverUp/Cellebrite_Extraction_Contradiction,site/docs/CoverUp/Cellebrite_Extraction_Contradiction.mdx,mdx,3,CoverUp,CoverUp,no,Phone-Extraction Filing Contradicts Courtroom Testimony (Claims),Phone-Extraction Filing Contradicts Courtroom Testimony (Claims),Reported questions about an apparent gap between a prosecution filing that declined to offer forensic-extraction evidence and later courtroom testimony describing a completed Cellebrite phone extraction the state relied on.,image,/img/evidence/171eb7988d00bd6bfd89ddf73a1614815663bf069a5138f8450f98d268186c97.jpg,QmWS4kUm5uWG5Kt2pEE9XjB48VQ6Ado7gQ8GPqVTFA7vVV,"This image is a vertical screenshot displaying a digital document, which appears to be an official business filing from the State of Wyoming Secretary of State Business Division.",ck-4sq-side,no,CK_AUTHOR_CREDIT,
/CoverUp/Censorship_Investigators,site/docs/CoverUp/Censorship_Investigators.mdx,mdx,3,CoverUp,CoverUp,no,Censorship of Charlie Kirk Citizen Investigators (Claims),Censorship of Charlie Kirk Citizen Investigators (Claims),"Independent researchers report that social-media platforms shadowban, throttle, demonetize, and remove their posts about the Charlie Kirk assassination; ordinary moderation explanations are also presented.",none,,,,none,no,CK_AUTHOR_CREDIT,
/CoverUp/Confession_Fabrication,site/docs/CoverUp/Confession_Fabrication.mdx,mdx,3,CoverUp,CoverUp,no,Questions About How the Discord Confession Was Produced (Claims),Questions About How the Discord Confession Was Produced (Claims),"Reported questions about the form and authorship of the Discord confession attributed to Tyler Robinson, which surfaced publicly as photographs of a roommate's screen released in stages rather than as a signed sworn statement.",image,/img/evidence/6b0f77aaf4c035c572920c8f06e1e26cb7dc7021bdcf669120d2c31cf84833f4.jpg,QmPGUmfqJjR1wfBhTnyiiKfcieNyrcVDybG7d9vusxDXYD,"This image is a digital scan or direct export of a single-page document, identified as &quot;Page 3 of 4&quot; of an official report.",ck-4sq-side,no,CK_AUTHOR_CREDIT,
/CoverUp/Dirt_Removed,site/docs/CoverUp/Dirt_Removed.mdx,mdx,3,CoverUp,CoverUp,no,10 in. of dirt removed,10 in. of dirt removed,"An examination of the unverified claim that several inches of soil were removed from the Charlie Kirk assassination scene within roughly a day by an unidentified team, before contractor Dan Merrell arrived to install pavers under a reported Governor/FBI 'by Monday' deadline.",image,/img/evidence/59ac61a59bab1df3ba9c35fd82431b6c9e30ed054eb04f3e55088477df6ea041.webp,QmQgui8oHfWbp59aMpkibYAmd7umojFTK1fmmaRKgGgyqc,"This low-resolution, slightly blurry outdoor daytime image shows several armed individuals, some in tactical gear, dispersed across a grassy and dirt area adjacent to a dense wall…",ck-4sq-stack,no,CK_AUTHOR_CREDIT,
/CoverUp/Discovery_Document_Dump,site/docs/CoverUp/Discovery_Document_Dump.mdx,mdx,3,CoverUp,CoverUp,no,"600,000-File Document Dump and Withheld Raw Data (Claims)","600,000-File Document Dump and Withheld Raw Data (Claims)","Reported claims that a 600,000-file discovery production buried the defense while the FBI and ATF withheld contested raw DNA, ballistics, and chain-of-custody data.",image,/img/evidence/cd1910a13f301771b976f5d859ee39eae82ae571f4dbc8f282efbd24ce8077b9.jpg,Qmdq9jd6yQuQPJoHDDvkxBNKnvK29muCyuuaTUJ7Kw6Tv2,This vertical-format outdoor photograph shows a person lying down on a patch of green grass in an urban park or public plaza setting.,ck-4sq-side,no,CK_AUTHOR_CREDIT,
/CoverUp/Enhanced_Suspect_Photos,site/docs/CoverUp/Enhanced_Suspect_Photos.mdx,mdx,3,CoverUp,CoverUp,no,FBI Admitted Enhancing the Suspect Photos (Claims),FBI Admitted Enhancing Suspect Photos (Claims),"Reported claims that the FBI released enhanced stairwell suspect photos after Tyler Robinson was already in custody, and that morning and afternoon images appear to show different people.",none,,,,none,no,CK_AUTHOR_CREDIT,
/CoverUp/FARA_Salem_Capture,site/docs/CoverUp/FARA_Salem_Capture.mdx,mdx,3,CoverUp,CoverUp,no,Foreign-Agent Capture of the Kirk Show's Distribution (Claims),Foreign-Agent Capture of the Kirk Show's Distribution (Claims),"Reported claims that a FARA filing tied to Brad Parscale's Clock Tower X LLC, and control over the Charlie Kirk Show's distribution, brought the show's messaging into line with Israeli-government interests after September 10, 2025.",image,/img/evidence/6d632951576669350c400e2d5d0fd3dd8026d55d62bba34a357a5e30e2fd386b.jpg,QmWzzhyVV9KaVPFLSvapgfXTciRy4nqaTwnZXQD7Sa1TjY,This is a vertical screen capture of a video or social media post depicting several law enforcement officers in dark uniforms outdoors.,ck-4sq-side,no,CK_AUTHOR_CREDIT,
/CoverUp/FBI_Asked_Delete_Video,site/docs/CoverUp/FBI_Asked_Delete_Video.mdx,mdx,3,CoverUp,CoverUp,no,FBI Asked a Witness to Delete Their Video (Claims),FBI Asked a Witness to Delete Their Video (Claims),"Witness Ryne Simmons says on X that he recorded close-up video of the Charlie Kirk shooting, sent it to the FBI, and was told to delete it 'to avoid PTSD' — with a follow-up call to confirm he had. The FBI has not publicly confirmed this account.",video,/img/video_posters/e7b2e9275017d7ca7f39530a78f436125656653b95444c642ea0848efccf1c69.jpg,QmXp6eL1Y6arbLTQWqVFDmybZSxFvoVvsCJPbj4AW4QpbZ,,ck-4sq-side,no,CK_AUTHOR_CREDIT,
/CoverUp/Foreign_Flight_Records,site/docs/CoverUp/Foreign_Flight_Records.mdx,mdx,3,CoverUp,CoverUp,no,Foreign-Nexus Flight Records Withheld (Claims),Foreign-Nexus Flight Records Withheld (Claims),"Reported claims that foreign-nexus flight leads around UVU rest on ADS-B tracks with no released passenger, cargo, or security-exception records — the very documents that would confirm or kill the leads.",none,,,,none,no,CK_AUTHOR_CREDIT,
/CoverUp/Forensic_Tests_Skipped,site/docs/CoverUp/Forensic_Tests_Skipped.mdx,mdx,3,CoverUp,CoverUp,no,Standard Forensic Tests Reportedly Skipped (Claims),Standard Forensic Tests Reportedly Skipped (Claims),"Reported claims that basic forensic steps — a gunshot-residue test, bomb-sniffing dogs, and an ambulance on standby — were bypassed at the Charlie Kirk scene, framed by critics as consistent with hiding an explosive rather than a rifle.",image,/img/evidence/7749ebddd43fa5b3f7160fb8bbd7c37d13a2562d63d205bd6ec8c49fa52d908f.jpg,QmTSuPNW7aqaQTp7YDTrTiAtXaR7BkfkVoBdW4BwAu6hvJ,"This is a vertical screenshot of a TikTok video showing a young man dressed in a dark suit, sunglasses, and leather gloves running across a grassy campus lawn.",ck-4sq-side,no,CK_AUTHOR_CREDIT,
/CoverUp/Google_Censorship,site/docs/CoverUp/Google_Censorship.mdx,mdx,3,CoverUp,CoverUp,no,Google Search Censorship of This Website (Claims),Google Search Censorship of This Website (Claims),"Some readers report that whoassassinatedcharliekirk.com appears hard to find on Google Search, and they suspect suppression; an algorithmic, non-deliberate explanation is also possible.",image,/img/evidence/171eb7988d00bd6bfd89ddf73a1614815663bf069a5138f8450f98d268186c97.jpg,QmWS4kUm5uWG5Kt2pEE9XjB48VQ6Ado7gQ8GPqVTFA7vVV,"This image is a vertical screenshot displaying a digital document, which appears to be an official business filing from the State of Wyoming Secretary of State Business Division.",ck-4sq-side,no,CK_AUTHOR_CREDIT,
/CoverUp/Hospital_Footage_And_NDAs,site/docs/CoverUp/Hospital_Footage_And_NDAs.mdx,mdx,3,CoverUp,CoverUp,no,"Hospital Footage Seized, ER Cleared, Staff NDAs (Claims)","Hospital Footage Seized, ER Cleared, Staff NDAs (Claims)","Reported claims that hospital surveillance was seized by the FBI, an emergency room appeared unusually empty, and nearby staff were made to sign NDAs after Charlie Kirk was taken to Timpanogos Regional Hospital on September 10, 2025.",image,/img/evidence/1269205ee3f382dd9cecec6891fa070ce3444f13377b4ab751211ff6141c0974.jpg,QmUujTi844tzyyX1hHF7VEy5yfN8W2R3UikNbvefmQxdUJ,"This eye-level, medium-wide outdoor shot captures several police officers at what appears to be an active crime scene or vehicle stop on a city street.",ck-4sq-side,no,CK_AUTHOR_CREDIT,
/CoverUp/Huachuca_Records_Withheld,site/docs/CoverUp/Huachuca_Records_Withheld.mdx,mdx,3,CoverUp,CoverUp,no,Fort Huachuca Records and JTF Reportedly Silenced (Claims),Fort Huachuca Records and JTF Reportedly Silenced (Claims),"Reported claims that the Fort Huachuca signals-intelligence lead is kept unfalsifiable by withheld flight manifests, denied FOIA requests, a reassigned Joint Task Force, and an unusual judicial recusal.",none,,,,none,no,CK_AUTHOR_CREDIT,
/CoverUp/Investigation_Index,site/docs/CoverUp/Investigation_Index.mdx,mdx,3,CoverUp,CoverUp,no,Cover-Up Investigation Index,Investigation Index,"Roster index for every cover-up claim page — physical scene, kill-mechanism suppression, foreign-lead shutdown, digital evidence, custody timeline, and censorship.",image,/img/evidence/5c8b6088248f4c90c04772159fa37272d1112fc5e29469375d648005ef23686b.jpg,QmPkV8vkqT5dYFsQPy5dYX16UUb4fKr1hKRFUgm6QTFpX2,"This is a full-page screenshot of a 404 error page on the website &quot;The War Zone&quot; (TWZ), a digital publication focusing on military technology, defense, and national security.",ck-4sq-stack,no,CK_AUTHOR_CREDIT,
/CoverUp/Joe_Kent_Halt,site/docs/CoverUp/Joe_Kent_Halt.mdx,mdx,3,CoverUp,CoverUp,no,FBI Halt of Joe Kent's Counterterrorism Leads (Claims),FBI Halt of Joe Kent's Counterterrorism Leads (Claims),Reported claims that the FBI under Kash Patel directed Joe Kent's NCTC counterterrorism review to stop pursuing leads pointing to a possible foreign nexus in the Charlie Kirk killing.,image,/img/evidence/e217e5ea8b8c6f947a3211c39c88806566c75bddc1b6735dae6006e04ea60178.jpg,QmaFgn1PEAjegjGm8537AxzH7VRBuN9DyEexqWfgRqweYz,A vertical screenshot of a digital news article from *The New York Times* as viewed on a mobile device interface.,ck-4sq-side,no,CK_AUTHOR_CREDIT,
/CoverUp/Mic_Explosive,site/docs/CoverUp/Mic_Explosive.mdx,mdx,3,CoverUp,CoverUp,no,The Exploding Microphone Theory (Claims),The Exploding Microphone Theory (Claims),"A contested social-media theory alleging an explosive device hidden in or near Charlie Kirk's microphone — not a rifle shot — caused his fatal wound, and that this possibility is being suppressed.",image,/img/evidence/fa04b240b359dd42dff073ae875ed5a90b9f392fb5c513a4a8f1d0f23a09a1d4.jpg,Qmd2dekvw7fpvNigs9TgZLqY2bfHLEgT6t5KtuPejX9GLZ,This is a split-screen digital image containing a video still on the left and a text document with social media embeds on the right.,ck-4sq-stack,no,CK_AUTHOR_CREDIT,
/CoverUp/Narrative_Psyop,site/docs/CoverUp/Narrative_Psyop.mdx,mdx,3,CoverUp,CoverUp,no,Online Narrative‑Control Operations (Claims),Online Narrative‑Control Operations (Claims),"Reported allegations that coordinated accounts, bots, and trolls steered the online conversation about the Charlie Kirk assassination — presented as unproven claims with attribution.",none,,,,none,no,CK_AUTHOR_CREDIT,
/CoverUp/Pre_Event_Personnel_Swaps,site/docs/CoverUp/Pre_Event_Personnel_Swaps.mdx,mdx,3,CoverUp,CoverUp,no,Key Officials Swapped in the Weeks Before the Event (Claims),Key Officials Swapped in the Weeks Before the Event (Claims),"Reported claims that the presiding judge, the Salt Lake City FBI field-office head, and the treating hospital's CEO all changed hands in the weeks before September 10, 2025 — presented as an unproven timeline, not a finding of fact.",image,/img/evidence/838480a6c4a8a9c79984a3d18c17b4b6c5b7a3b427282867718e644bb4d7b70a.jpg,QmeMiaquH41RTQpqHHNUbjvJngSimgQfjqk4cHGzTtHPKU,"This low-resolution, highly pixelated image shows three men wearing sunglasses and dark tactical shirts huddled together and leaning downward over a dark surface.",ck-4sq-stack,no,CK_AUTHOR_CREDIT,
/CoverUp/Prosecutor_Conflict,site/docs/CoverUp/Prosecutor_Conflict.mdx,mdx,3,CoverUp,CoverUp,no,Prosecutor's Daughter Was a Rally Witness (Claims),Prosecutor's Daughter Was a Rally Witness (Claims),"Reported conflict-of-interest questions after a senior Utah County prosecutor's teenage daughter was said to be a witness at the rally where Charlie Kirk was killed, and the County Attorney declined an outside conflict screening. All persons are presumed innocent.",image,/img/evidence/b177d8d471b32c8fb2b6d5db8c1afa4d58a538cc8952b0422262d8a661ca30d4.jpg,QmVdkC1HFH92yZR7QosrtHpQDGuYcbKzrhDrNYcxXFcVUq,"A high-angle, portrait-oriented photograph depicting a dense, massive crowd of mostly young people packed into an outdoor pedestrian plaza or walkway next to a multi-story…",ck-4sq-side,no,CK_AUTHOR_CREDIT,
/CoverUp/Purge_600_Fired,site/docs/CoverUp/Purge_600_Fired.mdx,mdx,3,CoverUp,CoverUp,no,600+ Americans Punished for Kirk Comments (Claims),600+ Americans Punished for Kirk Comments (Claims),"Reported claims that a mass wave of firings and suspensions punished 600+ Americans for social-media comments about Charlie Kirk's death, functioning as a chilling suppression of dissenting speech.",image,/img/evidence/291b97280d947c4487702eb445272de156475b36ccb6c9b66ea507bde8f9cb3d.webp,QmWDb2YpGkdbKQqYQmpkMXPgK1aAk3iuPmA4z4bwGuK26x,"This is a mobile portrait-orientation screenshot of a video player interface on a social media platform, likely X (formerly Twitter).",ck-4sq-side,no,CK_AUTHOR_CREDIT,
/CoverUp/Railroading_Defense,site/docs/CoverUp/Railroading_Defense.mdx,mdx,3,CoverUp,CoverUp,no,"Volunteer Defenders Reportedly Blocked, Jailhouse Informant Positioned (Claims)","Volunteer Defenders Blocked, Informant Positioned (Claims)",Reported claims that volunteer attorneys were turned away from Tyler Robinson's defense while an unrelated inmate was positioned as a possible jailhouse informant.,image,/img/evidence/c8166ac07466f398a9d013e6e188195bd18c5eb518d24f12dcad6b14272c46f0.jpg,QmPMYnxSJwya6GPFmfhXoDo6bQKg5Y5JBhWARkp7Etb8yK,This vertical-format outdoor photograph shows three men wearing military-style tactical gear and carrying firearms walking along an asphalt road.,ck-4sq-side,no,CK_AUTHOR_CREDIT,
/CoverUp/Rifle_Found_After_Feds,site/docs/CoverUp/Rifle_Found_After_Feds.mdx,mdx,3,CoverUp,CoverUp,no,Rifle Found Only After a Federal Redirect (Claims),Rifle Found Only After a Federal Redirect (Claims),Reported claims that the rifle anchoring the case surfaced only after federal agents directed local officers to re-search an area that an initial systematic search and a K-9 pass had already cleared.,image,/img/evidence/f20a0b06c5bd1945ed896c8bd9b942a8aedd545106c5fa410b8f44e37e8ec459.jpg,QmXQaCKvqMtLEZeUPrLSLS7wKgAd48dS8hnMNgE5uXJUEL,"This image is a digital screenshot of a social media post or online forum thread containing text, a heavily blurred image, and a partial URL at the bottom.",ck-4sq-side,no,CK_AUTHOR_CREDIT,
/CoverUp/Rooftop_Video_Trimmed,site/docs/CoverUp/Rooftop_Video_Trimmed.mdx,mdx,3,CoverUp,CoverUp,no,Rooftop-View Video Reportedly Trimmed and Withheld (Claims),Rooftop Video Reportedly Trimmed (Claims),"Reported claims that the rooftop-view video files were withheld and a released clip was deliberately started at 12:23:34 pm, after a runner had already begun sprinting.",none,,,,none,no,CK_AUTHOR_CREDIT,
/CoverUp/SD_Cards_And_Cameras_Removed,site/docs/CoverUp/SD_Cards_And_Cameras_Removed.mdx,mdx,3,CoverUp,CoverUp,no,Cameras and SD Cards Removed From the Scene (Claims),Cameras and SD Cards Removed From the Scene (Claims),"Reported claims that event-production AV staff, not police, removed camera SD cards and unhooked cameras at the scene before any law-enforcement evidence seal, and that Charlie Kirk's mic audio has never been released.",image,/img/evidence/3775447a01c1c498d693b11e57af49c044552103d1c3e53f924d675b5f6e3614.jpg,QmRqfSYSdiJW8a9RirFwgvPxx8JCpQdBX7i25Qd4RdLAFp,This is a high-definition digital video screen capture featuring political commentator Candace Owens presenting a segment from her show.,ck-4sq-stack,no,CK_AUTHOR_CREDIT,
/CoverUp/SUV_Destroyed,site/docs/CoverUp/SUV_Destroyed.mdx,mdx,3,CoverUp,CoverUp,no,Transport SUV Destroyed and Melted Down (Claims),Transport SUV Destroyed and Melted Down (Claims),"Reported claims that the SUV that carried Charlie Kirk to the hospital — a primary forensic surface — was scrapped, melted down, and disposed of before independent testing.",image,/img/evidence/cd1910a13f301771b976f5d859ee39eae82ae571f4dbc8f282efbd24ce8077b9.jpg,Qmdq9jd6yQuQPJoHDDvkxBNKnvK29muCyuuaTUJ7Kw6Tv2,This vertical-format outdoor photograph shows a person lying down on a patch of green grass in an urban park or public plaza setting.,ck-4sq-side,no,CK_AUTHOR_CREDIT,
/CoverUp/Sheriff_Video_Withheld,site/docs/CoverUp/Sheriff_Video_Withheld.mdx,mdx,3,CoverUp,CoverUp,no,Tyler Robinson Surrender Video Not Publicly Released (Claims),Tyler Robinson Surrender Video Not Publicly Released (Claims),"KUTV 2News and online critics report that the Washington County, Utah Sheriff's Office returned 'no records' for video of Tyler Robinson's surrender and booking, footage critics say bears on the disputed custody timeline.",none,,,,none,no,CK_AUTHOR_CREDIT,
/CoverUp/Therapy_Intimidation,site/docs/CoverUp/Therapy_Intimidation.mdx,mdx,3,CoverUp,CoverUp,no,Free Trauma Counseling Used to Intimidate a Witness (Claims),Free Trauma Counseling Used to Intimidate a Witness (Claims),"One witness's attributed account that a free trauma-counseling session offered to assassination witnesses was allegedly used to threaten and intimidate him into silence. Presented as an unproven, uncorroborated claim.",image,/img/evidence/5b6814e1345ea5fa96a2dc2e11024f69fe9198818ffdd2c94c03640d0be781e5.jpg,QmZ2nsYuXZAJyL2h13nvMUVxwkgwtcp2E5BKW1N4X8wtPn,Evidence image,ck-4sq-side,no,CK_AUTHOR_CREDIT,
/CoverUp/UVU_GRAMA_Records,site/docs/CoverUp/UVU_GRAMA_Records.mdx,mdx,3,CoverUp,CoverUp,no,UVU Records Redacted and Pre-Event Warnings Buried (Claims),UVU Records Redacted and Pre-Event Warnings Buried (Claims),"Reported claims that a UVU public-records release shows pre-event warnings and an alert failure, with names redacted and additional documents withheld — presented as unproven questions, not findings of fact.",image,/img/evidence/a75a763de8f1c884c8a7cf6b3b39c1ac3ca1a8dde3c8129d354d2f828d077337.jpg,QmWCrW4MzdJ7qztMESbSqasRFH6NG4VhBZaCPpuJDdhFbD,"This image is a flat, scanned document containing a typed statement or testimony in English.",ck-4sq-side,no,CK_AUTHOR_CREDIT,
/CoverUp/UVU_HD_Footage_Withheld,site/docs/CoverUp/UVU_HD_Footage_Withheld.mdx,mdx,3,CoverUp,CoverUp,no,UVU HD Surveillance Never Publicly Released (Claims),UVU HD Surveillance Never Publicly Released (Claims),"Reported claims that Utah Valley University's high-definition CCTV system anchors the probable-cause affidavit yet only grainy, re-encoded press clips have been released and the original DVR exports remain withheld.",none,,,,none,no,CK_AUTHOR_CREDIT,
/CoverUp/Utah_Autopsy_Law,site/docs/CoverUp/Utah_Autopsy_Law.mdx,mdx,3,CoverUp,CoverUp,no,Utah Law Banning Public Sharing of Autopsy Photos & Video (Claims),Utah Law Banning Public Sharing of Autopsy Photos & Video (Claims),"Utah S.B. 82 (Autopsy Photo Amendments) took effect May 7, 2025 — about four months before September 10, 2025 — and made it a crime to publicly share non-public autopsy photographs and videos. Some commentators call the timing suspicious; supporters cite family privacy and a routine 2024-2025 legislative cycle.",image,/img/evidence/85df3a40e56572025d537acd532939f8035c3132b565ad8b9d8d83f940083073.jpg,Qma3yfzXbykobEGmCaiB7Xzbc6pjSJ2RLN2bFXdxSaT7oY,This image is a digital screenshot of an online video stream or collaborative conference call.,ck-4sq-stack,no,CK_AUTHOR_CREDIT,
/CoverUp/Videos_Deleted_Remotely,site/docs/CoverUp/Videos_Deleted_Remotely.mdx,mdx,3,CoverUp,CoverUp,no,Witness Videos Deleted Remotely From Phones (Claims),Witness Videos Deleted Remotely From Phones (Claims),"Some attendees reportedly claim cell-phone video they recorded of the September 10, 2025 UVU shooting was deleted or altered on their phones before they got home, without anyone deleting it themselves — an unverified allegation.",image,/img/evidence/2a2594ffc990746fae7b38b755cd0311973f7a16ce9d01ff25078ab6747c74a4.jpg,QmbiEwKqmY6rioZ2gGGudGpogmowWRE686VCZrKggnbqGb,This image is a digital screenshot of a post on the social media platform X (formerly Twitter) by the user Shaun King.,ck-4sq-stack,no,CK_AUTHOR_CREDIT,
/CoverUp/WhiteHouse_Halt_IC,site/docs/CoverUp/WhiteHouse_Halt_IC.mdx,mdx,3,CoverUp,CoverUp,no,White House Escalation Halts Intelligence Leads (Claims),White House Escalation Halts Intelligence Leads (Claims),"A look at claims that intelligence follow-up on foreign leads in the Charlie Kirk case was reportedly blocked, escalated to a tense White House meeting, and ultimately stopped — based on NYT/Daily Mail reporting, podcast interviews, and public statements.",image,/img/evidence/fb93ab1ba466c48fd57bd2f82f92076c997c7709df391e834ba1333bfc0163af.jpg,QmTdFSZZnmQwp3xXEmhFeZcJM2QWN2UdBeNkYvJ8bfJcfn,This image is a digital graphic presenting a speculative timeline titled &quot;Charlie Kirk Assassination &amp; Iran Regime Change: The Timeline That Raises Eyebrows...&quot;.,ck-4sq-stack,no,CK_AUTHOR_CREDIT,
/CoverUp/Wikipedia_Control,site/docs/CoverUp/Wikipedia_Control.mdx,mdx,3,CoverUp,CoverUp,no,Wikipedia as the Default Narrative Reference (Claims),Wikipedia Default Reference (Claims),"Reported claims that Wikipedia's reliable-source rules exclude citizen X threads, ballistics disputes, and video analyses from the default reference page on the Charlie Kirk case, shaping what most readers see.",image,/img/evidence/74d3a21df0be3de21b31dad71e8aa2a645f35056c8b11c04da99dbe9bba4e299.jpg,Qme69EQDGgZfxJuZw6HmDeXbGnUFbUCs3SLhTpaYNByzvn,This is a low-resolution screenshot of a mobile Wikipedia article titled &quot;Herzog family.&quot; The page displays a brief introductory paragraph about the notable Jewish family…,ck-4sq-side,no,CK_AUTHOR_CREDIT,
/CoverUp/Witness_Interviews_Blocked,site/docs/CoverUp/Witness_Interviews_Blocked.mdx,mdx,3,CoverUp,CoverUp,no,Local Police Reportedly Told Not to Interview Witnesses (Claims),Police Told Not to Interview Witnesses (Claims),"Reported claims that local police at the Charlie Kirk scene were directed not to interview witnesses, and were tied up at a distant decoy location, suppressing the on-scene witness record at the source.",image,/img/evidence/76144641dbe61b8d3b6dfc1af9e741908cdc25166eaf2bf6ea86b5673d7b65d8.jpg,QmNgBgFQMGZsEbYw3p2FJ7boqKVqkwqtirmpwocGXDJPyj,"This is a digital screenshot of a social media post on X (formerly Twitter) by the user @amuse, which quotes another post by Brandi Kruse.",ck-4sq-side,no,CK_AUTHOR_CREDIT,
/CoverUp/X_HolonCitizen_Censored,site/docs/CoverUp/X_HolonCitizen_Censored.mdx,mdx,3,CoverUp,CoverUp,no,X @HolonCitizen Appears Demonetized and Throttled (Claims),X @HolonCitizen Appears Demonetized and Throttled (Claims),"The X (Twitter) account @HolonCitizen, which publishes Charlie Kirk investigation content, reportedly shows signs of demonetization and reduced reach. These are claims and indicators, not proof of deliberate suppression.",none,,,,none,no,CK_AUTHOR_CREDIT,
/CoverUp/YouTube_HolonCitizen_Censored,site/docs/CoverUp/YouTube_HolonCitizen_Censored.mdx,mdx,3,CoverUp,CoverUp,no,YouTube @HolonCitizen Appears Algorithmically Throttled (Claims),YouTube @HolonCitizen Appears Algorithmically Throttled (Claims),"The YouTube channel @HolonCitizen, which publishes Charlie Kirk investigation content, reportedly receives almost no traffic from YouTube's recommendation or search algorithm; ordinary cold-start and niche-topic explanations are also possible.",image,/img/evidence/f20a0b06c5bd1945ed896c8bd9b942a8aedd545106c5fa410b8f44e37e8ec459.jpg,QmXQaCKvqMtLEZeUPrLSLS7wKgAd48dS8hnMNgE5uXJUEL,"This image is a digital screenshot of a social media post or online forum thread containing text, a heavily blurred image, and a partial URL at the bottom.",ck-4sq-side,no,CK_AUTHOR_CREDIT,
/CoverUp/overview,site/docs/CoverUp/overview.mdx,mdx,2,CoverUp,,yes,Cover Up (Possible),Cover Up (Possible),"Cover-up claims and concerns: rapid site alteration, withheld records, eyewitness footage deletion, foreign-lead shutdown, gag orders, and narrative control — framed as hypotheses.",image,/img/evidence/f78f3a3ede1a3bbfda3cfd42d80f52f48dc1aedb7cfa2f64f5afb598372c125f.jpg,,"Visual Representation of Reported Injuries — anatomical chart marking, in red, the reported injury locations across the front and back torso, the neck, the internal chest, and two views of the brain.",ck-4sq-side,no,CK_AUTHOR_CREDIT,
/Tent/Daniel_Merrell_Hardscape_Utah,site/docs/Tent/Daniel_Merrell_Hardscape_Utah.mdx,mdx,3,Tent,Tent,no,Daniel Merrell — Hardscape Utah,Daniel Merrell,"Contractor Dan Merrell's on-camera account of paving the UVU courtyard on Sept 14, 2025 — state workers, over-excavation, and governor/FBI Monday deadline claims.",video,/img/video_posters/aebb85a2280bdf296e98e7cd9c979e2cdb1b2b26a6c184ee7d2e23bb0b6713a0.jpg,QmRroFnN6ku7scJcNZXgTprhf8723Zic5oiBiRNogqHTRm,,ck-4sq-stack,no,CK_AUTHOR_CREDIT,
/Tent/Dirt_Removed_Before_Pavers,site/docs/Tent/Dirt_Removed_Before_Pavers.mdx,mdx,3,Tent,Tent,no,10 Inches of Dirt Removed Before the Pavers,Dirt Removed First,"The claim that an unidentified government crew stripped roughly ten inches of soil from the UVU tent courtyard before the landscaping contractor arrived on Sept 14, 2025.",image,/img/evidence/e4872eaad473af800117fe20ccc3b276e6e201dcb13262dc317706fc7686b700.jpg,QmQRwWETaHwooht3BsELe2vAp1VgBfsEkv4kruHHXeUuCa,UVU Sorensen Center courtyard with a wide strip of bare excavated soil across the foreground and a clean cut sod edge against the surviving lawn,ck-4sq-stack,no,CK_AUTHOR_CREDIT,
/Tent/Hardscape_Specialties,site/docs/Tent/Hardscape_Specialties.mdx,mdx,3,Tent,Tent,no,Hardscape Specialties LLC,Hardscape Specialties,Hardscape Specialties LLC — corporate entity tied to UVU tent-area paving after Charlie Kirk's death; ownership claims involving Utah AG staff and former UVU operations.,none,,,,none,no,CK_AUTHOR_CREDIT,
/Tent/Investigation_Index,site/docs/Tent/Investigation_Index.mdx,mdx,3,Tent,Tent,no,Tent Investigation Index,Investigation Index,"Working memo for the UVU event tent — paving contractors, state earth-moving crews, site alteration, and inside-tent shooter theories in the Charlie Kirk case.",none,,,,none,no,CK_AUTHOR_CREDIT,
/Tent/Other_Contractors,site/docs/Tent/Other_Contractors.mdx,mdx,3,Tent,Tent,no,Other Contractors & Dad Rumor,Other Contractors,"Crew GC, Precision Granite & Marble, RobinsonSTG, and unverified claims tying Tyler Robinson's father to tent-area construction after the shooting.",image,/img/evidence/5d5539a4d5e08f31064e354517e21d4ace8448cb43b62cc620c4f7a7174c99fb.jpg,QmUxp6UkCfHSoVUQubTznPzCPnasbUZdaCdgY3c6pLhirU,This is a digital screenshot of a Twitter (X) user profile page for an individual named Jared Fleming.,ck-4sq-side,no,CK_AUTHOR_CREDIT,
/Tent/Paving_Timeline_Sept_14,site/docs/Tent/Paving_Timeline_Sept_14.mdx,mdx,3,Tent,Tent,no,Paving Timeline — September 14,Paving Timeline,Chronology of UVU tent-area paving and soil removal after Charlie Kirk's death — Sept 10 shooting to Sunday Sept 14 paver install and Monday deadline.,none,,,,none,no,CK_AUTHOR_CREDIT,
/Tent/Platform_Water_Bottles,site/docs/Tent/Platform_Water_Bottles.mdx,mdx,3,Tent,Tent,no,Platform Water Bottles Under Charlie's Feet,Platform Water Bottles,"Photos circulating on X show crushed plastic water bottles wedged under Charlie Kirk's feet on the tent platform at UVU, and raise questions about the riser Dan Flood stood on and who took the close-up photo.",image,/img/evidence/9af3d51d3315ebe58e9dac22d3cf8a16f18d06d12c55a57d8c59517f20740d34.jpg,QmUPoxeJJ9eAmSVFwsnUr9xnmBoME2YxhUnVRMdYpxjuUS,"Composite image showing Charlie Kirk seated under the UVU tent with his white sneakers resting on crushed plastic water bottles on the platform, with two zoomed crops at right",ck-4sq-stack,no,CK_AUTHOR_CREDIT,
/Tent/Site_Alteration_Evidence,site/docs/Tent/Site_Alteration_Evidence.mdx,mdx,3,Tent,Tent,no,Site Alteration Evidence,Site Alteration,"Reported post-shooting changes to the UVU tent area — grass removal, excavation, pavers, ceiling mudding, and forensic trace categories at risk.",image,/img/evidence/9422ca73716c4d7e0db5bbe3c944dcd7636cfaa9b1076c1956ea758a8435101e.jpg,QmRBQEWaP9u4kWSDC3WiK34LrHRxhb6bZ3eNGAKVRrnRio,This is a side-by-side comparative split-screen image analyzing a physical change made to a promotional pop-up tent used at outdoor events.,ck-4sq-stack,no,CK_AUTHOR_CREDIT,
/Tent/State_Workers_Groundskeepers,site/docs/Tent/State_Workers_Groundskeepers.mdx,mdx,3,Tent,Tent,no,State Workers & Groundskeepers,State Workers,Dan Merrell's account of two Utah state facility workers who coordinated courtyard paving after Charlie Kirk's death — American Fork and Provo groundskeepers.,image,/img/evidence/eadb7f55947b27d4d0e284a6205007fdcb9e3c74a6439344d67e9c16a94e86e9.jpg,Qmd5H2mx1BFoXavCx19ui7iwtViSMHNDka3mkUXmvcUKVt,"This eye-level, wide-angle daytime photograph captures an outdoor landscaped amphitheater on a university campus with terraced grassy seating in the foreground.",ck-4sq-stack,no,CK_AUTHOR_CREDIT,
/Tent/Tent_Shooter_Theories,site/docs/Tent/Tent_Shooter_Theories.mdx,mdx,3,Tent,Tent,no,Tent Shooter Theories,Tent Shooter Theories,"Citizen claims that the fatal shot or device originated inside or immediately adjacent to the UVU event tent — CornerShot, shell casings, and proximity audio.",image,/img/evidence/458c878bd2167a1f199edf1e16bb454d86019dff773eb03a8a731577e83fa2a9.jpg,QmT281cYbXW2Veug7VSzFTsdcAbDd7GQ2jPRcBK5sRbkqV,"This is a wide-angle, slightly elevated outdoor shot showing a massive crowd gathered on a university campus plaza on a bright, sunny day.",ck-4sq-stack,no,CK_AUTHOR_CREDIT,
/Tent/Tent_Structure_Under_Charlie,site/docs/Tent/Tent_Structure_Under_Charlie.mdx,mdx,3,Tent,Tent,no,Tent Structure Under Charlie,Tent Under Charlie,"Physical layout of the UVU event tent and stage where Charlie Kirk stood — poles, mic placement, acoustic distance, and adjacency to tunnel and courtyard.",image,/img/evidence/d880c55ea2a81edca9bd4ce8a1b585e9b617771c09d72d271bea024c62b8904a.jpg,QmPtEy7Kd8rJC61pvoUvrpVoy18VtYRYcuQKdRdbdzM4Yz,"This is a slightly blurry, medium-shot digital screen grab of a political or corporate event scene, taken under a white promotional canopy tent.",ck-4sq-stack,no,CK_AUTHOR_CREDIT,
/Tent/overview,site/docs/Tent/overview.mdx,mdx,2,Tent,,yes,Tent,Tent,"Hub for the UVU event tent and courtyard under Charlie Kirk — paving contractors, state earth-moving crews, site alteration, and inside-tent shooter theories.",image,/img/evidence/e08433d3808cf8a4a1948f5dcbb1c41e48fb57c5bbdf4f231b316a63d976cbba.jpg,QmU3FKE9wdjSjHxifYs8KYHSMB2FeoSTYUySCCyFZKnKVK,This image is a low-quality vertical video screengrab depicting a chaotic crowd scene inside a concrete underpass or tunnel.,ck-4sq-side,no,CK_AUTHOR_CREDIT,
/Suspicious/overview,site/docs/Suspicious/overview.mdx,mdx,2,Suspicious,,yes,Suspicious,Suspicious,"The things citizen investigators flag as suspicious in the Charlie Kirk case, sorted by who did them: state and local law enforcement, the FBI, an alleged Israeli nexus, US intelligence, and the defense. Attributed claims, not proven findings.",image,/img/evidence/68f86115b76bd2ca116f022d48c8ff30f5927eb05e148164365bf57f1abd8bd5.jpg,QmU99gm4Qg8AYRSdHHGnP5Eoe7nsNKx3V3cc6rouPcD6Wr,This is a digital screenshot of a post from the social media platform X (formerly Twitter) by user &quot;Sam Parker.&quot; The post features a compiled graphic showing screenshots of other…,ck-4sq-stack,no,CK_AUTHOR_CREDIT,
/Suspicious/TPUSA_Peripheral/cease-desist-drone-contradiction,site/docs/Suspicious/TPUSA_Peripheral/cease-desist-drone-contradiction.mdx,mdx,4,Suspicious,Suspicious,no,The Cease-and-Desist and the Drone Contradiction (Claims),Cease-and-Desist Drones,Candace Owens says a TPUSA cease-and-desist letter conceded a media drone flew before the UVU event. Attributed claims from her account; the letter itself is not in the file.,image,/img/evidence/a32f5546310f2425c9c84dfcd3fed26d0a81f7b496443d2107f71edd79ef3730.jpg,QmSX6zneF5xC7fDSruyV4o5wDh6e2DuDhKHLB3wuEv9fcU,"This is a high-resolution digital image of a single page of a legal document, specifically identified as &quot;Page 2 of 4&quot; and dated March 18, 2026.",ck-4sq-side,no,CK_AUTHOR_CREDIT,
/Suspicious/TPUSA_Peripheral/cooper-brown-witness,site/docs/Suspicious/TPUSA_Peripheral/cooper-brown-witness.mdx,mdx,4,Suspicious,Suspicious,no,Cooper Brown and the Silenced Witness (Claims),Cooper Brown Witness,"Viral clips assign the name Cooper Brown three incompatible roles — silencer, silenced, and bystander volunteer. The investigation file concedes the identifications have shifted.",image,/img/evidence/2d85b6519fa208d06c61e3f1d27dac2567199d8d94f06f6515f62198a7c84b69.jpg,QmTzWPTq1V6AcwLJQUvFPiRvF4EAZQ1KyMBKipzNpB7cHC,This image is a digital screenshot of a post from the social media platform X (formerly Twitter) by user @Hurleys3d27.,ck-4sq-stack,no,CK_AUTHOR_CREDIT,
/Suspicious/TPUSA_Peripheral/doge-audit-bowyer-timing,site/docs/Suspicious/TPUSA_Peripheral/doge-audit-bowyer-timing.mdx,mdx,4,Suspicious,Suspicious,no,The DOGE Audit and Bowyer's Removal Timing (Claims),DOGE Audit Timing,George Webb claims Tyler Bowyer was moved out over a refused DOGE audit eight days before the assassination. The investigation file contradicts itself on this point.,image,/img/evidence/7e52025f00faeb9544d89460b555223a067ce0637bbcaddf0d1aacaf2787e02b.jpg,QmPHvYUGua8nSsedUAYEKQRarycx7E5kYFX5fR7QcnDpHt,A high-contrast digital screenshot of a post from the social media platform X (formerly Twitter) by user Tyler Bowyer (@tyle...).,ck-4sq-stack,no,CK_AUTHOR_CREDIT,
/Suspicious/TPUSA_Peripheral/erika-ceo-succession-disputed,site/docs/Suspicious/TPUSA_Peripheral/erika-ceo-succession-disputed.mdx,mdx,4,Suspicious,Suspicious,no,The Disputed CEO Appointment and the Aspen Donors (Claims),Disputed CEO Appointment,Candace Owens cites unnamed Aspen Summit donors who say Charlie Kirk never made the recorded statement appointing Erika Kirk CEO. Unnamed hearsay; no donor is identified.,image,/img/evidence/9405be68410783839982412961e14d33445372c66015a1fbad6c97f5090063d5.jpg,QmTnTrbm5LGf4YwWenDHYoWyTVcePQMFQ5xgfzT2V8FLxL,This is a digital screenshot of a mobile application or web page displaying contact information under the header &quot;COMPANY CONTACTS.&quot; The screen shows two listings for an…,ck-4sq-stack,no,CK_AUTHOR_CREDIT,
/Suspicious/TPUSA_Peripheral/executive-sd-cards,site/docs/Suspicious/TPUSA_Peripheral/executive-sd-cards.mdx,mdx,4,Suspicious,Suspicious,no,The Senior Executive Who Collected the SD Cards (Claims),Executive and SD Cards,Candace Owens says a top TPUSA executive who never works campus stops was at UVU and took the camera SD cards. Attributed claim; no attendance record supports it.,image,/img/evidence/3819d968746b1713569a595c92c0059aa28e6c48597d68f63af7c38902fc38a0.jpg,QmcxZzutKBWaWs9MuZdYVyshsXwtdwp6rqXYs3kngbh3m3,This is a digital screenshot of a Google Trends analytics interface displaying search interest data.,ck-4sq-stack,no,CK_AUTHOR_CREDIT,
/Suspicious/TPUSA_Peripheral/flood-scrubbed-from-site,site/docs/Suspicious/TPUSA_Peripheral/flood-scrubbed-from-site.mdx,mdx,4,Suspicious,Suspicious,no,Dan Flood Scrubbed From the TPUSA Site (Claims),Flood Scrubbed From Site,"Web archives reportedly show Dan Flood listed as a TPUSA officer on Sept 1, 2025 and gone afterward. The archive comparison is checkable; the rest of the thread is not, and is omitted.",image,/img/evidence/52deddaff010b90c6b47311b55faf21f531a21602a1a7ff246bb5756d69b2883.webp,QmXhRuEMFucbWSjZqangwcAtW6pNgpWaMBsrn7o5GUtGUc,This image is a portrait-orientation screenshot of a mobile phone screen displaying a social media feed on X (formerly Twitter).,ck-4sq-side,no,CK_AUTHOR_CREDIT,
/Suspicious/TPUSA_Peripheral/insider-payments-990s,site/docs/Suspicious/TPUSA_Peripheral/insider-payments-990s.mdx,mdx,4,Suspicious,Suspicious,no,The Insider-Payment Chart and the Missing 990s (Claims),Insider Payments Chart,"A viral thread alleges $15.2M in insider-directed TPUSA payments and missing 990s. No filing, page number, or year is cited, and its headline figure rests on an arithmetic error.",image,/img/evidence/3279b803756c9f527c7b72c3f74930a6604b8480861e1a79b581bbb2c665e56c.jpg,QmQj2ycaCywSU2xLozNYsUQuThRugzuwudzQBfSsDiC9z8,"This is a digital graphic flow chart titled &quot;Payments to Insider-Connected Entities Across 10 Fiscal Years.&quot; It maps financial connections, salaries, and contractor billings…",ck-4sq-side,no,CK_AUTHOR_CREDIT,
/Suspicious/TPUSA_Peripheral/overview,site/docs/Suspicious/TPUSA_Peripheral/overview.mdx,mdx,3,Suspicious,Suspicious,yes,Suspicious Peripheral to TPUSA,Peripheral to TPUSA,"Twelve things citizen investigators flag as suspicious around Turning Point USA — the DOGE audit, the succession, the money, the SD cards. Attributed claims, not proven findings.",none,,,,none,no,CK_AUTHOR_CREDIT,
/Suspicious/TPUSA_Peripheral/schoneberger-yrefy-sponsor,site/docs/Suspicious/TPUSA_Peripheral/schoneberger-yrefy-sponsor.mdx,mdx,4,Suspicious,Suspicious,no,The Yrefy Sponsor Rep at the Table (Claims),Yrefy Sponsor Rep,"The file says a man in post-shooting imagery 'looks a lot like' a TPUSA sponsor representative from Yrefy. It is a resemblance claim and nothing more, and no conduct is alleged.",image,/img/evidence/7de82775c0b8f957f61e5aab6976eeee938540ac755805d706674599f2f9743a.jpg,QmRy2UPjbkdh9KrWjLR8F5UvzzSReMTD7m8QdH2LxiPjq3,"This image shows an outdoor public speaking event, part of &quot;The American Comeback Tour&quot; hosted by Turning Point USA.",ck-4sq-stack,no,CK_AUTHOR_CREDIT,
/Suspicious/TPUSA_Peripheral/secret-stock-fund,site/docs/Suspicious/TPUSA_Peripheral/secret-stock-fund.mdx,mdx,4,Suspicious,Suspicious,no,The Alleged Secret $5M Employee Stock Fund (Claims),Secret Stock Fund,"A former TPUSA representative claims Charlie Kirk found a hidden $5M stock fund with zero employees. One ex-staffer, no document, no 990 line item, and his own framing is inference.",image,/img/evidence/171eb7988d00bd6bfd89ddf73a1614815663bf069a5138f8450f98d268186c97.jpg,QmWS4kUm5uWG5Kt2pEE9XjB48VQ6Ado7gQ8GPqVTFA7vVV,"This image is a vertical screenshot displaying a digital document, which appears to be an official business filing from the State of Wyoming Secretary of State Business Division.",ck-4sq-side,no,CK_AUTHOR_CREDIT,
/Suspicious/TPUSA_Peripheral/streiff-du-pont-call,site/docs/Suspicious/TPUSA_Peripheral/streiff-du-pont-call.mdx,mdx,4,Suspicious,Suspicious,no,The COO's Alleged Call to 'Pierre Du Pont' (Claims),Streiff Du Pont Call,"Candace Owens alleges TPUSA's new COO took a call after the shooting with someone she believes is 'Pierre Du Pont.' No call record, no confirmed identity, no documented billion dollars.",image,/img/evidence/5a5aedf2fdc6a28b84f2a824143de13295868fcc7aa669c9a11886d9d9a02d1e.jpg,QmRFAJS6o7d9MYGVM1GA6ePfyK41skaU4hkcdEhMcdt9nT,This is a digital image of a printed or digitally rendered document titled &quot;INTERNAL MEMO&quot; from Turning Point USA.,ck-4sq-side,no,CK_AUTHOR_CREDIT,
/Suspicious/TPUSA_Peripheral/successor-on-fox,site/docs/Suspicious/TPUSA_Peripheral/successor-on-fox.mdx,mdx,4,Suspicious,Suspicious,no,Replacement on Fox Within Hours (Claims),Replacement on Fox,"The file claims Charlie Kirk's replacement announced himself on Fox within hours of the death. Across 10,000+ lines the person is never named and the segment is never linked.",image,/img/evidence/e6757695e7e1cf068ba827d5b335b435ba256a7b6b0835cbf348a4b220dfbcbc.jpg,Qmb3Db614QQfeCw5jzWFyb9aYUF1pdMn2Am5DvELqgtyM6,"This image is a split-screen composite graphic detailing a specific architectural feature of a modern concrete building, focusing on a small, illuminated fixture set within a…",ck-4sq-stack,no,CK_AUTHOR_CREDIT,
/Suspicious/Pre_Event_Posts/overview,site/docs/Suspicious/Pre_Event_Posts/overview.mdx,mdx,3,Suspicious,Suspicious,yes,Suspicious Posts Before the Event,Posts Before the Event,"Social media posted before Charlie Kirk was shot that reads, in hindsight, as anticipation — and the open question of whether the people who wrote it were ever interviewed. Attributed claims, not proven findings.",image,/img/evidence/179ab157c440120d2edd52aafb2f35f98a4463c4c94ff164702fe7a078ef863b.jpg,,"Redacted screenshot of two posts dated September 9, 2025, with the account name and handle blacked out",ck-4sq-side,no,CK_AUTHOR_CREDIT,
/Suspicious/Pre_Event_Posts/uninterviewed-student-poster,site/docs/Suspicious/Pre_Event_Posts/uninterviewed-student-poster.mdx,mdx,4,Suspicious,Suspicious,no,"The Sept 9 Posts, and Whether Their Author Was Ever Interviewed (Claims)",Sept 9 Posts — Interviewed?,"Two posts dated September 9, 2025 from a student account, circulated in July 2026 with the question of whether the author was ever interviewed. Account identity redacted. No accusation is made.",image,/img/evidence/179ab157c440120d2edd52aafb2f35f98a4463c4c94ff164702fe7a078ef863b.jpg,,"Redacted screenshot of two posts dated September 9, 2025, with account name and handle blacked out",ck-4sq-side,no,CK_AUTHOR_CREDIT,
/Suspicious/Defense_Attorneys/coleman-grave-danger,site/docs/Suspicious/Defense_Attorneys/coleman-grave-danger.mdx,mdx,4,Suspicious,Suspicious,no,Baron Coleman Says Robinson Is in Grave Danger (Claims),Coleman Grave Danger,"Baron Coleman says he is 100% convinced Tyler Robinson was framed and is in grave danger of being killed. He offers no evidence of any threat, and Robinson is held in isolation. Attributed opinion.",image,/img/evidence/1e70ebad8df8474ba1d070dd905b69910217b9f0a041a290d3f3a5a5295ea0fb.jpg,QmNXEPuUz2AzytHf3D4A6xav8skX7kzwwexaTxfsX9o6Ee,"This image is a flat, high-contrast digital scan of a printed document page containing English text.",ck-4sq-side,no,CK_AUTHOR_CREDIT,
/Suspicious/Defense_Attorneys/gag-order-acquiescence,site/docs/Suspicious/Defense_Attorneys/gag-order-acquiescence.mdx,mdx,4,Suspicious,Suspicious,no,Defense Acquiescence to the Sua Sponte Gag Order (Claims),Gag Order Acquiescence,Critics ask why defense counsel never challenged Judge Tony Graf's own-motion publicity order. Trial-publicity orders in capital cases are routine and usually protect the defendant. Attributed claims only.,none,,,,none,no,CK_AUTHOR_CREDIT,
/Suspicious/Defense_Attorneys/jail-informant-transport-order,site/docs/Suspicious/Defense_Attorneys/jail-informant-transport-order.mdx,mdx,4,Suspicious,Suspicious,no,The Jailhouse Informant Transport Order (Claims),Jail Informant Order,A transport order for inmate Jaxson Thomas Fox is read as evidence of a jailhouse snitch being positioned. A transport order is a ministerial docket entry that reveals nothing about testimony.,none,,,,none,no,CK_AUTHOR_CREDIT,
/Suspicious/Defense_Attorneys/kent-probe-defense-ammunition,site/docs/Suspicious/Defense_Attorneys/kent-probe-defense-ammunition.mdx,mdx,4,Suspicious,Suspicious,no,Kent's Halted Probe as Defense Ammunition (Claims),Kent Probe Ammunition,Daily Mail reporting says officials worried Joe Kent's foreign-interference probe could give Robinson's lawyers a multi-suspect argument. Critics ask why counsel has not publicly demanded it.,image,/img/evidence/250c2cab66f7e306e755d55eb18618ee79925966ae1964ac5b9a1dd0cd92587c.jpg,QmeN5MTv4HRokxdZBo6z7d4R6PSQrmHemRa5q5QxzwKSZk,This image is a 3x2 grid of six forensic laboratory photographs documenting two specimens of rifle ammunition.,ck-4sq-stack,no,CK_AUTHOR_CREDIT,
/Suspicious/Defense_Attorneys/miranda-defense-filing,site/docs/Suspicious/Defense_Attorneys/miranda-defense-filing.mdx,mdx,4,Suspicious,Suspicious,no,The Miranda Timing Came From a Defense Filing (Claims),Miranda Defense Filing,"Baron Coleman's 6:25 PM Miranda claim comes from a defense motion quoting a Bates-stamped exhibit. Critics ask why counsel has not made it a public suppression fight. Attributed claims, not findings.",image,/img/evidence/0f4f5e4985d7f8fe20ad8ac56ff6e1cf9c6d5463e7321df02e399e68c1f54bec.jpg,QmP5HirXyTUewToZW7dDprJssSS98m8rjoAdkGAbz9fj22,This is a composite graphic split into two distinct panels.,ck-4sq-stack,no,CK_AUTHOR_CREDIT,
/Suspicious/Defense_Attorneys/missing-surrender-discovery,site/docs/Suspicious/Defense_Attorneys/missing-surrender-discovery.mdx,mdx,4,Suspicious,Suspicious,no,Missing Surrender Video and Discovery Volume (Claims),Missing Surrender Video,"Baron Coleman says surrender footage was refused, then reported deleted under a 30-day policy, while pleadings suggest it exists. His own account describes an active discovery fight. Attributed claims.",image,/img/evidence/c7572a020f83bb05e18554a1460aea3f6f87d990ca6f38870af8b9c037575897.jpg,QmTZUyM8mpNbzQ3rYk9cVbwjaJTnnW166rKDpaXerJ7Us6,This is a digital screenshot of a Google Trends analytics page displaying web search interest data for the search term &quot;Sarah Kline&quot; in Israel over a 12-month period.,ck-4sq-stack,no,CK_AUTHOR_CREDIT,
/Suspicious/Defense_Attorneys/nester-google-trends,site/docs/Suspicious/Defense_Attorneys/nester-google-trends.mdx,mdx,4,Suspicious,Suspicious,no,Kathryn Nester and the Google Trends Spike (Claims),Nester Google Trends,"An anonymous post reads a December 2024 Google Trends graph as proof Kathryn Nester was pre-selected from abroad. Trends cannot report IP addresses, and the claim's legal premise is impossible.",image,/img/evidence/8ea10318cf002ae9becad27d33e7e063056c1b901906263be7199efee02a1c7e.jpg,QmY8T1fYTzQBpq5UJNS327D4EoDt7mTBRdnERBPraatJpz,This is a vertical screenshot of a mobile web browser displaying a Google Trends webpage.,ck-4sq-side,no,CK_AUTHOR_CREDIT,
/Suspicious/Defense_Attorneys/overview,site/docs/Suspicious/Defense_Attorneys/overview.mdx,mdx,3,Suspicious,Suspicious,yes,Suspicious by Defense Attorneys,By Defense Attorneys,"Nine things citizen investigators flag as suspicious about Tyler Robinson's legal defense — counsel selection, the unchallenged gag order, the Miranda exhibit, the jailhouse informant. Attributed questions, not accusations of misconduct.",none,,,,none,no,CK_AUTHOR_CREDIT,
/Suspicious/Defense_Attorneys/parents-declined-attorneys,site/docs/Suspicious/Defense_Attorneys/parents-declined-attorneys.mdx,mdx,4,Suspicious,Suspicious,no,Parents Reportedly Declined High-End Attorneys (Claims),Parents Declined Attorneys,An unsourced list item says Tyler Robinson's parents declined high-end attorneys; a second says the prosecutor blocked volunteers. The two claims contradict each other and one is legally impossible.,image,/img/evidence/55cd740e9502442cace5d4185c9609aa94cd440e7b3f4f2c1966fae4e7f3ba5d.jpg,QmdF6haboJZ3gkrrJrYyZiXKeULmRiLsx8DWJA53sdLDY2,"This is a slightly blurry, daytime, outdoor screenshot from a video showing a dense crowd of high school-aged students walking away from the camera toward a modern, multi-story…",ck-4sq-stack,no,CK_AUTHOR_CREDIT,
/Suspicious/Defense_Attorneys/plea-versus-confession,site/docs/Suspicious/Defense_Attorneys/plea-versus-confession.mdx,mdx,4,Suspicious,Suspicious,no,Not-Guilty Plea Versus the Confession Narrative (Claims),Plea vs Confession,"Candace Owens argues no sworn written confession exists and Robinson pleaded not guilty. Critics ask why the defense has not publicly rebutted the confession narrative. Attributed claims, not findings.",none,,,,none,no,CK_AUTHOR_CREDIT,
/Suspicious/Law_Enforcement/arrest-time-discrepancy,site/docs/Suspicious/Law_Enforcement/arrest-time-discrepancy.mdx,mdx,4,Suspicious,Suspicious,no,Booking Sheet Arrest Time Contradicts the Affidavit (Claims),Arrest Time Discrepancy,"Booking paperwork reportedly lists a 10:00pm Sept 11 arrest while a submission record lists 04:00 Sept 12. Attributed claims from citizen researchers, not proven findings.",image,/img/evidence/54981ad2242e2a4a9f542744f2738dcccdc08b58ed67abdbc10ae5799c113f52.jpg,QmaxupdmXjgPT3zmc6ALMfLFaCFizFXDyqT4eGVTw1MdAH,This is a vertical digital screenshot of a public booking record or arrest log entry for an individual named Russell Kim Kennington.,ck-4sq-side,no,CK_AUTHOR_CREDIT,
/Suspicious/Law_Enforcement/autopsy-death-certificate,site/docs/Suspicious/Law_Enforcement/autopsy-death-certificate.mdx,mdx,4,Suspicious,Suspicious,no,No Autopsy and the Death-Certificate Questions (Claims),Autopsy and Death Cert,The claim that no autopsy was performed and no death certificate exists — largely answered by Utah's standard practice of sealing medical examiner records during an active capital case.,none,,,,none,no,CK_AUTHOR_CREDIT,
/Suspicious/Law_Enforcement/brooksby-resignation,site/docs/Suspicious/Law_Enforcement/brooksby-resignation.mdx,mdx,4,Suspicious,Suspicious,no,Sheriff Brooksby's Resignation (Claims),Brooksby Resignation,"Investigators note that the sheriff who facilitated Tyler Robinson's surrender resigned, and pair it with UVU's president resigning the same year. An observation of adjacency, not evidence.",none,,,,none,no,CK_AUTHOR_CREDIT,
/Suspicious/Law_Enforcement/courtyard-paved-over,site/docs/Suspicious/Law_Enforcement/courtyard-paved-over.mdx,mdx,4,Suspicious,Suspicious,no,The Courtyard Paved Over Days After the Shooting (Claims),Courtyard Paved Over,"A contractor says on video he was told 'the governor and the FBI said they want this done by Monday' before pavers went in four days after the shooting. Attributed claims, not proven findings.",image,/img/evidence/2332dcda23f3e71e28ebd35729f1f96895d4f4be0016e7be4399d1249c400fa8.jpg,QmdPkkZGwpzeTcBosiQoFA82eeAEvFq53Qa48b6u8C44L6,"This high-angle outdoor photograph shows a group of heavily armed tactical law enforcement officers, some in SWAT gear, moving across a grassy slope next to a fenced-off road.",ck-4sq-stack,no,CK_AUTHOR_CREDIT,
/Suspicious/Law_Enforcement/gun-drop-and-search-sequence,site/docs/Suspicious/Law_Enforcement/gun-drop-and-search-sequence.mdx,mdx,4,Suspicious,Suspicious,no,The Gun Drop Location and the Search Sequence (Claims),Gun Drop and Search,"Questions about the buildings beside the rifle drop site, the unstated departure time, and evidence left out of the affidavit. Attributed claims and open questions, not proven findings.",image,/img/evidence/851331ecc49337fec9d3685ba0eb903c180ed04ce8fd8bfbfd6db45037f51382.jpg,QmVXc5sEgAGamHMPCBcRi2aJNjmDG3BgEhRG2SogBFX7jA,This image is a composite of three side-by-side video stills showing a man in a black button-down shirt and a white &quot;Make America Great Again&quot; baseball cap standing outdoors on a…,ck-4sq-stack,no,CK_AUTHOR_CREDIT,
/Suspicious/Law_Enforcement/miranda-vs-brooksby-account,site/docs/Suspicious/Law_Enforcement/miranda-vs-brooksby-account.mdx,mdx,4,Suspicious,Suspicious,no,Miranda at 6:25 PM Versus Sheriff Brooksby's Account (Claims),Miranda vs Brooksby,"Court filings reportedly show Tyler Robinson Mirandized at 6:25pm Sept 11 — before the 8:04pm tip call and 90 minutes before the Discord confession. Attributed claims, not proven findings.",none,,,,none,no,CK_AUTHOR_CREDIT,
/Suspicious/Law_Enforcement/missing-surrender-footage,site/docs/Suspicious/Law_Enforcement/missing-surrender-footage.mdx,mdx,4,Suspicious,Suspicious,no,Missing Surrender CCTV and Bodycam Footage (Claims),Missing Surrender Footage,"Washington County reportedly told a public-records appeal that no bodycam footage of Tyler Robinson's surrender exists and lobby CCTV was purged at 30 days. Attributed claims, not proven findings.",none,,,,none,no,CK_AUTHOR_CREDIT,
/Suspicious/Law_Enforcement/mystery-woman-signed-me-report,site/docs/Suspicious/Law_Enforcement/mystery-woman-signed-me-report.mdx,mdx,4,Suspicious,Suspicious,no,The Unknown Woman Who Reportedly Signed the Medical Examiner Report (Claims),Mystery Woman Signed,"An anonymous secondhand direct message claims Charlie Kirk's autopsy was signed by a young woman the medical examiner had never met. No source, no document — listed only so it can be checked.",image,/img/evidence/a536f326c0b89819d4bcb9601d92a11e3006f0c4eebf3d624d792f9a30471b3e.jpg,QmdmH8Rho963Lk2tFRv7U8Hx8xgwkwCwfmBExjCRKcNPjt,This is a digital screenshot of a social media post on the platform X (formerly Twitter) by an account named &quot;Grass&quot;.,ck-4sq-stack,no,CK_AUTHOR_CREDIT,
/Suspicious/Law_Enforcement/overview,site/docs/Suspicious/Law_Enforcement/overview.mdx,mdx,3,Suspicious,Suspicious,yes,Suspicious by Law Enforcement,By Law Enforcement,"Eleven things citizen investigators flag as suspicious about state and local law enforcement in the Charlie Kirk case — the arrest-time paperwork, the missing surrender footage, the paved-over courtyard, the GRAMA warnings. Attributed claims, not proven findings.",none,,,,none,no,CK_AUTHOR_CREDIT,
/Suspicious/Law_Enforcement/robinson-did-not-surrender,site/docs/Suspicious/Law_Enforcement/robinson-did-not-surrender.mdx,mdx,4,Suspicious,Suspicious,no,The Claim That Robinson Did Not Surrender Voluntarily (Claims),Did Not Surrender,"Candace Owens argues Tyler Robinson never confessed and came in out of fear rather than guilt. Attributed claims and secondhand accounts, not proven findings.",image,/img/evidence/7326fd79ebc27262613f0941cf94aab4354eecb8bf02090c4b2b2308b3b94bf5.jpg,QmSaN1VjwS6zDVnBzoRBZpQ53Qq8UhWi3mgSidTCrqwGGT,This image is a screenshot of a post on the social media platform X (formerly Twitter) by the user &quot;Red Panda Koala.&quot; The post questions how a person identified as &quot;Tyler…,ck-4sq-stack,no,CK_AUTHOR_CREDIT,
/Suspicious/Law_Enforcement/suv-blurred-windows,site/docs/Suspicious/Law_Enforcement/suv-blurred-windows.mdx,mdx,4,Suspicious,Suspicious,no,SUV Interior Photos With Blurred Windows (Claims),SUV Blurred Windows,"Photos released by Candace Owens of the SUV interior prompted questions about fragments, charring and a blurred pane. Attributed social-media interpretations, not forensic findings.",image,/img/evidence/8aad528adf302f07a9f50a52d605c929a054a69cae3c31bba33ddef75097aacb.jpg,QmfN1gGRAvTC7z5731pGtG3ULmZVFiVH2SiLyJaBVsmzLR,"This is a low-resolution, heavily cropped outdoor photograph featuring a large expanse of clear, pale blue sky above a distant landscape.",ck-4sq-stack,no,CK_AUTHOR_CREDIT,
/Suspicious/Law_Enforcement/uvu-grama-warnings,site/docs/Suspicious/Law_Enforcement/uvu-grama-warnings.mdx,mdx,4,Suspicious,Suspicious,no,UVU GRAMA Records Show Pre-Shooting Warnings (Claims),UVU GRAMA Warnings,"A 112-page GRAMA production reportedly shows two men warning UVU about 'a plan' 14 hours before the shooting, plus a redacted message request to Charlie Kirk. Attributed claims from records.",none,,,,none,no,CK_AUTHOR_CREDIT,
/Suspicious/US_Intel/clock-tower-x-and-vfx-la,site/docs/Suspicious/US_Intel/clock-tower-x-and-vfx-la.mdx,mdx,4,Suspicious,Suspicious,no,Clock Tower X FARA Filing and VFX LA (Claims),Clock Tower X and VFX LA,"Two post-assassination influence-operation threads: a FARA registration filed eight days later, and a claim that TPUSA staff met a deepfake vendor. The file itself flags both as unconfirmed.",none,,,,none,no,CK_AUTHOR_CREDIT,
/Suspicious/US_Intel/counter-uas-provo,site/docs/Suspicious/US_Intel/counter-uas-provo.mdx,mdx,4,Suspicious,Suspicious,no,"Counter-UAS Gear Tested at Provo, Sept 4-10 (Claims)",Counter-UAS at Provo,An OSINT researcher reports anonymous claims that anti-drone gear was tested at Provo Airport in the week ending with Charlie Kirk's death. Uncorroborated by the author's own admission.,image,/img/evidence/59ac61a59bab1df3ba9c35fd82431b6c9e30ed054eb04f3e55088477df6ea041.webp,QmQgui8oHfWbp59aMpkibYAmd7umojFTK1fmmaRKgGgyqc,"This low-resolution, slightly blurry outdoor daytime image shows several armed individuals, some in tactical gear, dispersed across a grassy and dirt area adjacent to a dense wall…",ck-4sq-stack,no,CK_AUTHOR_CREDIT,
/Suspicious/US_Intel/drones-and-butler,site/docs/Suspicious/US_Intel/drones-and-butler.mdx,mdx,4,Suspicious,Suspicious,no,Drones Over the Venue and the Butler Comparison (Claims),Drones and Butler,Researchers say they identified drones in phone footage from UVU and link them to the Butler attack on Trump. Compressed video is a notorious source of false drone sightings.,image,/img/evidence/5df6b13428ba9d8fc58212996aff8766f6062c3b8ec12662872b6f20ada0c646.webp,QmQpWJbZJsQnXgi1RnVx6kUuverhMDU4PoCP78s16CMQH4,"This eye-level, medium-wide photograph captures political activist Charlie Kirk walking through an outdoor event venue under bright, direct sunlight.",ck-4sq-stack,no,CK_AUTHOR_CREDIT,
/Suspicious/US_Intel/fort-huachuca-jtf-meeting,site/docs/Suspicious/US_Intel/fort-huachuca-jtf-meeting.mdx,mdx,4,Suspicious,Suspicious,no,The Fort Huachuca JTF Meeting (Claims),Fort Huachuca JTF Meeting,"A whistleblower says he walked into a closed high-clearance meeting at Fort Huachuca the day before Charlie Kirk was killed. Attributed claims, not proven findings.",none,,,,none,no,CK_AUTHOR_CREDIT,
/Suspicious/US_Intel/image-results-wiped,site/docs/Suspicious/US_Intel/image-results-wiped.mdx,mdx,4,Suspicious,Suspicious,no,Fort Huachuca Image Results Reportedly Wiped (Claims),Image Results Wiped,"Stew Peters says Google image results for everyone his show named vanished the next day. With no archived before-state the claim is unfalsifiable, and an ordinary explanation fits exactly.",image,/img/evidence/8fe53be880b238641d49147cb00c582a1bacede53e04d8b62f151a409beb5bd7.jpg,QmZWGD2pYe85zRFVnnRD8arSAvbrpzmUhGFFcEzaqfjygj,"This is a medium-wide shot of the exterior of a Brutalist concrete building complex during the daytime, focusing on a multi-level staircase and an outdoor plaza area.",ck-4sq-stack,no,CK_AUTHOR_CREDIT,
/Suspicious/US_Intel/kent-nctc-probe-halted,site/docs/Suspicious/US_Intel/kent-nctc-probe-halted.mdx,mdx,4,Suspicious,Suspicious,no,Joe Kent's NCTC Foreign-Nexus Probe Halted (Claims),Kent NCTC Probe Halted,"Reporting says NCTC Director Joe Kent opened a foreign-interference inquiry into the Charlie Kirk killing and that it was shut down. Attributed claims, not proven findings.",none,,,,none,no,CK_AUTHOR_CREDIT,
/Suspicious/US_Intel/n1098l-hades-low-passes,site/docs/Suspicious/US_Intel/n1098l-hades-low-passes.mdx,mdx,4,Suspicious,Suspicious,no,N1098L: The HADES Aircraft's Low Passes (Claims),N1098L Low Passes,"Citizen trackers say an Army-linked ISR jet made two low slow passes near UVU on Sept 10, 2025. The altitude figures contradict each other inside the source. Attributed claims.",image,/img/evidence/804a17ac7c9c1aeed7f9c4baad93c1c358cc55a880192abf7975ae19191d9a62.jpg,QmZX3rHZxHMVg18e2pqSpHNKvqtJ4ytEFNPA3qiyokZM4U,"This low-resolution, slightly blurry image shows a close-up crop of a man",ck-4sq-stack,no,CK_AUTHOR_CREDIT,
/Suspicious/US_Intel/n560tw-turnaround,site/docs/Suspicious/US_Intel/n560tw-turnaround.mdx,mdx,4,Suspicious,Suspicious,no,N560TW's Sept 10 Scottsdale-Provo Turnaround (Claims),N560TW Turnaround,"Candace Owens flagged a donor-linked Cessna Citation that landed at Provo the morning of Sept 10, 2025 and left again. The pattern is an ordinary light-jet day trip.",image,/img/evidence/90f7f820fb30401d241fbbcdd0d12c1b7e4104cf328108fefc3360f709105feb.jpg,QmWoywsqZFaa89JZLTgMBu9Kv8E31fWJu6K4f37fEcfHE9,This is a digital screenshot of a social media post on X (formerly Twitter) by user &quot;George Webb - Investigative Journalist&quot; (@RealGeorgeWebb1).,ck-4sq-stack,no,CK_AUTHOR_CREDIT,
/Suspicious/US_Intel/nsa-bumblehive-phones,site/docs/Suspicious/US_Intel/nsa-bumblehive-phones.mdx,mdx,4,Suspicious,Suspicious,no,NSA Bumblehive Could Unmask the Foreign Phones (Claims),NSA Bumblehive Phones,Tony Seruga claims NSA's Utah Data Center could identify the foreign-registered phones he says were near Charlie Kirk at UVU. The underlying dataset has never been published.,image,/img/evidence/1f848eaa2e98cf58ef117784cebe99db8ef738d35838291a9328e5f95fb4dc24.jpg,QmVzh5E6TqFRBZzYkoiR3g5LRPjerYLbfvbq4gzHUmVcQ6,"This is a two-panel vertical digital meme based on a classic unmasking scene from the cartoon *Scooby-Doo, Where Are You!*.",ck-4sq-side,no,CK_AUTHOR_CREDIT,
/Suspicious/US_Intel/overview,site/docs/Suspicious/US_Intel/overview.mdx,mdx,3,Suspicious,Suspicious,yes,Suspicious by US Intel,By US Intel,"Twelve things citizen investigators flag as suspicious about US intelligence and defense-intelligence proximity to the Charlie Kirk case — Fort Huachuca, SAM-702, the HADES aircraft, the halted foreign-nexus probe. Attributed claims, not proven findings.",none,,,,none,no,CK_AUTHOR_CREDIT,
/Suspicious/US_Intel/palantir-land-claim,site/docs/Suspicious/US_Intel/palantir-land-claim.mdx,mdx,4,Suspicious,Suspicious,no,Palantir Reportedly Linked to the Gun-Recovery Land (Claims),Palantir Land Claim,"An unsourced line in a working list claims Palantir owned the land where the rifle was recovered. The same list contradicts it, misspells the company, and cites no record.",image,/img/evidence/7d17ca355bcfa35b360776306cd734e620522979c3f436d2a28b3659abcdca10.webp,QmPg6Fhh7dZQJC1wUnRjcXBpAMLrwukM5cp54yTTPRYB6h,This is a digital news graphic produced by the BBC detailing the &quot;distinctive&quot; clothing of a shooting suspect.,ck-4sq-side,no,CK_AUTHOR_CREDIT,
/Suspicious/US_Intel/provo-badge-list-modified,site/docs/Suspicious/US_Intel/provo-badge-list-modified.mdx,mdx,4,Suspicious,Suspicious,no,Provo Airport Badge Access List Modified 9/11/25 (Claims),Provo Badge List Modified,A one-line entry in the investigation file notes the Provo Airport badge access list was reportedly modified the day after the assassination. No document has been produced.,image,/img/evidence/ae34362c66195fda32c29ebc29eaa6f9dff7d52a6352c3d4a46025f27d5803c0.jpg,QmQnuUEspzfcA41rSFZ4mfAeivqAADCDFeJ7zeKizjhVvz,"This is a digital screenshot of a panoramic, wide-angle 360-degree street view image depicting a modern university campus courtyard, which has been modified with analytical…",ck-4sq-stack,no,CK_AUTHOR_CREDIT,
/Suspicious/US_Intel/sam-702-fort-huachuca,site/docs/Suspicious/US_Intel/sam-702-fort-huachuca.mdx,mdx,4,Suspicious,Suspicious,no,SAM-702 to Fort Huachuca — the Hansell Passenger Claim,SAM-702 Fort Huachuca,"Citizen trackers allege a USAF VIP jet carrying the Pentagon's top intelligence official sat at Fort Huachuca and left the day before Charlie Kirk was killed. No manifest has been released. Attributed claims, not proven findings.",image,/img/evidence/c418e71ea32ccce8e3d8e30b1f7b3267592e3234b7a73bdf98a9f911a3aa400e.jpg,QmadspqfgqfkBWGkhhnN2RZ9yEr1CPtojqyqP9YewEzeSe,"This eye-level, medium-wide interior photograph captures the third-row passenger seats of a modern vehicle, which are cluttered with stained paper bags and trash.",ck-4sq-stack,no,CK_AUTHOR_CREDIT,
/Suspicious/Trial_Legal/closed-hearings-no-transcripts,site/docs/Suspicious/Trial_Legal/closed-hearings-no-transcripts.mdx,mdx,4,Suspicious,Suspicious,no,"Hearings Closed, No Transcripts Released (Claims)",Closed Hearings,Citizen media report hearings closed to press with no transcripts issued. Attributed claims; closure is lawful and a news coalition is already litigating access — but the objection limits every other claim.,image,/img/evidence/5d998ffa4cad60a88fdc78d38ceb54cc5f0c3d24954bb6c49daacde5d2472657.jpg,QmUqFjv9KvjQbipFjb2fBDJmuoSMhrGYDHwnzNH9h5QVXd,"This high-angle, close-up photograph displays a matte black, pocket-sized folding mechanical device—resembling a folded LifeCard single-shot pistol—resting on a weathered wooden…",ck-4sq-stack,no,CK_AUTHOR_CREDIT,
/Suspicious/Trial_Legal/death-notice-six-days,site/docs/Suspicious/Trial_Legal/death-notice-six-days.mdx,mdx,4,Suspicious,Suspicious,no,The Death Notice Filed Six Days After the Shooting (Claims),Death Notice Six Days,Commentators read a capital notice filed six days after the shooting as a rush to judgment. Attributed claims; early capital notice is standard and protects the defendant.,image,/img/evidence/4fbd59725c53d3e94863c9010c3e46e086e499473cd934b3174191fb1420f8b6.jpg,QmRyiKxUEM1SkEitsVZAUmcZz9QhxZY3rGWNNoWA5ew7a6,"This image is a clean, vertical digital screenshot of a formal text document denying a public records request.",ck-4sq-side,no,CK_AUTHOR_CREDIT,
/Suspicious/Trial_Legal/denied-access-to-testing,site/docs/Suspicious/Trial_Legal/denied-access-to-testing.mdx,mdx,4,Suspicious,Suspicious,no,Defense Denied Access to Destructive Ballistics Testing (Claims),Denied Testing Access,"A defense motion reports requests to photograph and attend testing of the autopsy bullet fragment were denied. Attributed claims; motion practice working as designed, not failing.",image,/img/evidence/4fbd59725c53d3e94863c9010c3e46e086e499473cd934b3174191fb1420f8b6.jpg,QmRyiKxUEM1SkEitsVZAUmcZz9QhxZY3rGWNNoWA5ew7a6,"This image is a clean, vertical digital screenshot of a formal text document denying a public records request.",ck-4sq-side,no,CK_AUTHOR_CREDIT,
/Suspicious/Trial_Legal/discovery-dump-continuance,site/docs/Suspicious/Trial_Legal/discovery-dump-continuance.mdx,mdx,4,Suspicious,Suspicious,no,"The 600,000-Document Dump Against Continuance Opposition (Claims)",Discovery Dump,Posts say the State buried the defense in documents while opposing a continuance. Attributed claims; the two circulating figures differ by an order of magnitude and neither is sourced to a filing.,image,/img/evidence/5521ba870e9bde6d08f793f0c700a80fc0ae866d66fe815dcd75b44e83a2e314.jpg,QmVpJYymGAWDGkMS2wbGLmyodXBDEnRGpYNnzfyRzY7ZF4,This is a still image from a home security camera mounted on a covered front porch looking out at a sunny suburban street.,ck-4sq-stack,no,CK_AUTHOR_CREDIT,
/Suspicious/Trial_Legal/informant-transport-timing,site/docs/Suspicious/Trial_Legal/informant-transport-timing.mdx,mdx,4,Suspicious,Suspicious,no,The Jailhouse Informant Transported Before a Closed Hearing (Claims),Informant Transport Timing,Citizen media infer a jailhouse informant from a transport order they concede is their 'only logical explanation.' Attributed claims; transport orders are ministerial and issue by the dozen.,none,,,,none,no,CK_AUTHOR_CREDIT,
/Suspicious/Trial_Legal/judge-trends-claims,site/docs/Suspicious/Trial_Legal/judge-trends-claims.mdx,mdx,4,Suspicious,Suspicious,no,The Judges' Google Trends Claims (Claims),Judge Trends Claims,"A thread reads Google Trends as showing Israeli IP searches for two Utah judges before the assassination. Trends cannot report IP addresses, and the judicial timeline is public and mundane.",none,,,,none,no,CK_AUTHOR_CREDIT,
/Suspicious/Trial_Legal/kennington-charges-dropped,site/docs/Suspicious/Trial_Legal/kennington-charges-dropped.mdx,mdx,4,Suspicious,Suspicious,no,"Kennington Released With No Bail, Charges Dropped (Claims)",Kennington Charges Dropped,Posts read a same-day release and later dismissal as a cover-up. Attributed claims; every element has an ordinary reading under Utah open-carry and bail practice.,image,/img/evidence/6d029d40b51dc52e2ea27fe8a1080c3070eedeb28d84bcca65be4c7418124825.jpg,QmS58AUxiY45zeZkQpmH6Z1nJ9K22PBVQZTR4AX8W5jq3S,This is a digital screenshot of a Google Trends analytics page displaying the search interest for the term &quot;Russell Kim Kennington&quot; over a 90-day period.,ck-4sq-stack,no,CK_AUTHOR_CREDIT,
/Suspicious/Trial_Legal/overview,site/docs/Suspicious/Trial_Legal/overview.mdx,mdx,3,Suspicious,Suspicious,yes,Suspicious About the Trial and Legally,Trial & Legal,"Twelve things citizen investigators flag as suspicious about how the Charlie Kirk case is being adjudicated — closed hearings, the publicity order, the extraction disclaimer, the death notice. Attributed claims, not proven findings.",none,,,,none,no,CK_AUTHOR_CREDIT,
/Suspicious/Trial_Legal/state-disclaims-extractions,site/docs/Suspicious/Trial_Legal/state-disclaims-extractions.mdx,mdx,4,Suspicious,Suspicious,no,The Prosecution Disclaimed the Extraction Evidence (Claims),State Disclaims Extractions,"A State filing reportedly says it will not offer forensic-extraction evidence — the source of the entire confession narrative. Attributed claims; most likely narrow lawyering, not a concession.",none,,,,none,no,CK_AUTHOR_CREDIT,
/Suspicious/Trial_Legal/uncalled-roof-eyewitness,site/docs/Suspicious/Trial_Legal/uncalled-roof-eyewitness.mdx,mdx,4,Suspicious,Suspicious,no,The Prosecution Never Called the Roof Eyewitness (Claims),Uncalled Roof Eyewitness,"Investigators say the only person who filmed the roof figure was never called, and that DNA testing on recovered items stopped. Attributed claims; a prelim calls minimum witnesses by design.",none,,,,none,no,CK_AUTHOR_CREDIT,
/Suspicious/Trial_Legal/victim-lawyers-oppose-continuance,site/docs/Suspicious/Trial_Legal/victim-lawyers-oppose-continuance.mdx,mdx,4,Suspicious,Suspicious,no,Erika Kirk-Linked Lawyers Opposed the Continuance (Claims),Victim Lawyers Oppose,"Commentators question why victim-side counsel opposed the defense's continuance. Attributed claims; opposing delay is the exercise of a statutory victims' right, not interference.",image,/img/evidence/2a2594ffc990746fae7b38b755cd0311973f7a16ce9d01ff25078ab6747c74a4.jpg,QmbiEwKqmY6rioZ2gGGudGpogmowWRE686VCZrKggnbqGb,This image is a digital screenshot of a post on the social media platform X (formerly Twitter) by the user Shaun King.,ck-4sq-stack,no,CK_AUTHOR_CREDIT,
/Suspicious/Trial_Legal/withholding-rooftop-video,site/docs/Suspicious/Trial_Legal/withholding-rooftop-video.mdx,mdx,4,Suspicious,Suspicious,no,Prosecutors Accused of Withholding the Rooftop Video (Claims),Withholding Rooftop Video,A commentator back-calculates from a trimmed clip that the shot was impossible. Attributed claims; every input is an uncorroborated estimate and the defense has the full files.,image,/img/evidence/9d50dc00798946d518f528a560ce8e869fc5d36803592ad2e4e4a3247d4d26a6.jpg,QmPdAKsxfQL8nDHbLDC3mKs16mYX8UxQjh4pzPg1Za6qis,This is a digital screenshot of a news article headline on the CNN US website.,ck-4sq-stack,no,CK_AUTHOR_CREDIT,
/Suspicious/UVU_9_10/acoustics-from-south,site/docs/Suspicious/UVU_9_10/acoustics-from-south.mdx,mdx,4,Suspicious,Suspicious,no,The Acoustics Claim: Shot Came From the South (Claims),Acoustics From the South,An unnamed engineer reportedly concluded the shot came from the south. It is one of three mutually incompatible shot origins the investigation file asserts simultaneously.,image,/img/evidence/b90230630e18be4dc0ac4bf2ae7ff4ae69216058dbb4e731e3ca88561be86e46.jpg,QmTcA37prTQA5JtGYAH5JCvr53XN7221XQJr1nGt3tr1Uf,"This is a satellite map image annotated with a timeline and route details tracing the movements of a suspect referred to as a &quot;bomber&quot; in Washington, D.C.",ck-4sq-stack,no,CK_AUTHOR_CREDIT,
/Suspicious/UVU_9_10/all-black-construction-worker,site/docs/Suspicious/UVU_9_10/all-black-construction-worker.mdx,mdx,4,Suspicious,Suspicious,no,The All-Black Man the Construction Worker Met (Claims),"All-Black Man, Construction",Electrician Dylan Hope reportedly described a man in all black right after the shooting. Early eyewitness and dispatch descriptions in mass-panic events are famously unreliable.,image,/img/evidence/b2155d692a04ca82ad97f41580162eee85be694e27ae136cf42ba9a09e944b87.jpg,QmRgj97K8g3hfBdRwpkEw7Q6tP4vHoxGVT8unM5MpXrGZj,Evidence image,ck-4sq-side,no,CK_AUTHOR_CREDIT,
/Suspicious/UVU_9_10/burnt-object-rode,site/docs/Suspicious/UVU_9_10/burnt-object-rode.mdx,mdx,4,Suspicious,Suspicious,no,The Burnt Object in the SUV (Claims),Burnt Object in SUV,"Project Constitution argues a charred mass in Kirk's SUV contains RØDE transmitter parts. The theory cannot resolve which RØDE model it is matching, and nothing has been tested.",image,/img/evidence/f01b22e62f168fbdc4b46506807a7d9e9b720b8d6665a0c788d0fba190f55348.jpg,QmVFWaRcd5Y7Cepo9HFQnhyaYzacPAbRgCW2FwPMfv39DL,"This is a low-resolution, close-up crop of a modern concrete building exterior, featuring a thick green circle drawn digitally over the center of the frame.",ck-4sq-stack,no,CK_AUTHOR_CREDIT,
/Suspicious/UVU_9_10/butch-hibbs-access,site/docs/Suspicious/UVU_9_10/butch-hibbs-access.mdx,mdx,4,Suspicious,Suspicious,no,Butch Hibbs and Backstage Access (Claims),Butch Hibbs Access,An anonymous claim treats a pastor's brother having backstage access as suspicious. The innocent explanation is the one the file states and then discards. This page is a debunk.,image,/img/evidence/cc135c5c2ff01c5e2ff6e57e1210f293eb1215c33b0671d79dade7f82d0fd5e3.jpg,QmfSygyy1VBJNPUP7nQ6drQ2J8WWb534jyRKfFU3w6Vt1q,This is a digital composite graphic presenting information about an individual.,ck-4sq-stack,no,CK_AUTHOR_CREDIT,
/Suspicious/UVU_9_10/canon-xa55-audio,site/docs/Suspicious/UVU_9_10/canon-xa55-audio.mdx,mdx,4,Suspicious,Suspicious,no,The Canon XA55 Audio and a Third Boom (Claims),Canon XA55 Audio,An unsourced analysis claims a broadcast camera's uncompressed audio resolves three events including a detonation at the tent. Its own 120m rifle estimate corroborates the rooftop account.,image,/img/evidence/3b3acb01227226e63aa05c252434bef09df48d656f41eb954c5ef0160b5b1c62.jpg,QmfAb7AdSNgnjjYP78TwcMj2nyg4HkMNN3ZVwytASrFukr,"This is a still screenshot from a digital news broadcast, formatted for social media or a mobile video feed, featuring a close-up shot of a male spokesperson presenting at a…",ck-4sq-stack,no,CK_AUTHOR_CREDIT,
/Suspicious/UVU_9_10/group-blocked-security,site/docs/Suspicious/UVU_9_10/group-blocked-security.mdx,mdx,4,Suspicious,Suspicious,no,The Claim a Group Blocked University Security (Claims),Group Blocked Security,"A one-line unsourced claim that a group blocked university security, which the investigation file itself immediately questions in-line with the words 'Is that true'.",image,/img/evidence/5b59f1c031e5e8b0799c93644a519035fe89fc3c8662991723e8b34c8122792f.jpg,QmTZWiwy6k5R9es683rFqYHo8Hm4Y2tbeyUeASCMZ1xB5a,"This low-resolution digital image shows a group of people standing on a balcony or behind a railing of a modern building, viewed from a distance.",ck-4sq-side,no,CK_AUTHOR_CREDIT,
/Suspicious/UVU_9_10/ksl-chopper-screwdriver-absent,site/docs/Suspicious/UVU_9_10/ksl-chopper-screwdriver-absent.mdx,mdx,4,Suspicious,Suspicious,no,KSL's Chopper 5 and the Screwdriver That Isn't There (Claims),Chopper 5 and the Screwdriver,"Citizen investigators put KSL's news helicopter N155TV over the Losee Center roof from about 1:38 pm on September 10, 2025, and argue its aerial footage shows no screwdriver where Officer Bagley reportedly found one. Attributed claims, not proven findings.",image,/img/evidence/da55365b830e2b35e9750b7c30238ea9058ae46a5ab57b88a647c4413f75a855.jpg,Qme1va8gieqTsZAFucrvpStiued45xm6LuP4gCm4DXPt89,FlightRadar24 playback showing helicopter N155TV in stacked orbits over the Utah Valley University campus at 7:38 PM UTC,ck-4sq-stack,no,CK_AUTHOR_CREDIT,
/Suspicious/UVU_9_10/mic-under-not-over,site/docs/Suspicious/UVU_9_10/mic-under-not-over.mdx,mdx,4,Suspicious,Suspicious,no,"The Mic Mounted Under the Shirt, Not Over (Claims)","Mic Under, Not Over",The investigation file asks why Kirk's wireless mic was reportedly placed under his shirt with a furry windscreen attached. Under-shirt mounting is standard broadcast practice.,image,/img/evidence/fba1bb35bff5a595befa3e69f9eed0cb448d824e1cc784c0d4adecaacbc7d7a4.jpg,QmUiTJzwye45NpQhDtT1VsRiS8pVLpFP2mbQb14dLv9W6e,This is a multi-pane visual analysis image consisting of a collage of four panels that investigate a specific architectural detail on a building.,ck-4sq-stack,no,CK_AUTHOR_CREDIT,
/Suspicious/UVU_9_10/overview,site/docs/Suspicious/UVU_9_10/overview.mdx,mdx,3,Suspicious,Suspicious,yes,Suspicious at UVU on 9/10,At UVU on 9/10,"Thirteen things citizen investigators flag as suspicious about the venue, the setup, the equipment and the people at Utah Valley University on September 10, 2025. Attributed claims, not proven findings.",none,,,,none,no,CK_AUTHOR_CREDIT,
/Suspicious/UVU_9_10/rick-cutler-hand-device,site/docs/Suspicious/UVU_9_10/rick-cutler-hand-device.mdx,mdx,4,Suspicious,Suspicious,no,"Rick Cutler, the Arm-Pull and the Hand Device (Claims)",Rick Cutler Hand Device,A retired officer near the stage is said to have worn a device on his hand. Everything described is ordinary close-protection work. The file's own compiler refused to publish the worst version.,image,/img/evidence/e64fea2efc26b5d5b27618f9f3ed0d47ba68a1e84cc67dc6aba0d4fb69a55b80.jpg,QmZPTXDGAoPv5YKyUXKhc4bQ1oraGCGaVLv5RE8Ucvkd3s,This is a digital image featuring a screenshot of white text set against a solid black background.,ck-4sq-side,no,CK_AUTHOR_CREDIT,
/Suspicious/UVU_9_10/robinson-clothing-changes,site/docs/Suspicious/UVU_9_10/robinson-clothing-changes.mdx,mdx,4,Suspicious,Suspicious,no,Tyler Robinson's Clothing Changes That Day (Claims),Robinson's Clothing Changes,"Tyler Robinson reportedly changed clothes several times on September 10 and was arrested in his morning outfit. A limp appears and vanishes. He is charged, not convicted.",image,/img/evidence/6374ce5474cd451470e75f86082baf41d577e92a1670d8ec118fa9767a6f13aa.jpg,QmTChF2pcyeUkBb2QN7AkZaaxjFKFrGYsWfri6XGLJFMUA,"This is a low-resolution, high-angle security camera image depicting a suburban residential street on a sunny day.",ck-4sq-stack,no,CK_AUTHOR_CREDIT,
/Suspicious/UVU_9_10/sd-card-removed,site/docs/Suspicious/UVU_9_10/sd-card-removed.mdx,mdx,4,Suspicious,Suspicious,no,The Executive Who Removed the Camera SD Card (Claims),SD Card Removed,An unnamed executive reportedly removed a camera SD card after the shooting. Candace Owens has separately accused Terryl Farnsworth. The file does not establish they are the same person.,image,/img/evidence/79ae77f2511f11a194fc8154aeb7992299725d9373d62c921f0b1a24e191f585.jpg,QmPr5phseQQTYh2yiaNAi4J3jPz6yJ9sEmzKhG9mtM1vRy,"This is a standard portrait or identification photograph of a young adult male, shown from the chest up against a plain blue background.",ck-4sq-side,no,CK_AUTHOR_CREDIT,
/Suspicious/UVU_9_10/six-officers-no-ambulance,site/docs/Suspicious/UVU_9_10/six-officers-no-ambulance.mdx,mdx,4,Suspicious,Suspicious,no,Six Campus Officers and No Ambulance Staged (Claims),"Six Officers, No Ambulance","UVU reportedly assigned six campus officers and staged no ambulance for a 3,000-person outdoor event. Documented via a records request; negligence is the ordinary explanation.",image,/img/evidence/2332dcda23f3e71e28ebd35729f1f96895d4f4be0016e7be4399d1249c400fa8.jpg,QmdPkkZGwpzeTcBosiQoFA82eeAEvFq53Qa48b6u8C44L6,"This high-angle outdoor photograph shows a group of heavily armed tactical law enforcement officers, some in SWAT gear, moving across a grassy slope next to a fenced-off road.",ck-4sq-stack,no,CK_AUTHOR_CREDIT,
/Suspicious/UVU_9_10/stairs-guy-backpack,site/docs/Suspicious/UVU_9_10/stairs-guy-backpack.mdx,mdx,4,Suspicious,Suspicious,no,Stairs Guy and the Backpack That Doesn't Fit (Claims),Stairs Guy and Backpack,Investigators argue the stairwell figure is a different person because the backpack and hat don't match and a Mauser 98 won't fit. The file's own backpack timeline contradicts itself.,image,/img/evidence/6f2a4fd70b0821587f31ae9e51d71fbe209cb9dcc4df5a35c46ae48bb5c6361a.jpg,QmNRKiwZ459uVmbZcj2RCyinfKo4pB3yLNrtSBNdoU8dfd,"This is a composite digital screenshot of a social media post, likely from X (formerly Twitter).",ck-4sq-stack,no,CK_AUTHOR_CREDIT,
/Suspicious/Medical/body-transport-burial,site/docs/Suspicious/Medical/body-transport-burial.mdx,mdx,4,Suspicious,Suspicious,no,"The Body Flown Out, and No Burial Site (Claims)",Body Transport,"Two one-line items ask why the body was flown out and why there is no burial site. The investigation file contains its own rebuttal: there was a public memorial, and a grave's location is family privacy.",image,/img/evidence/ec42647683ab986a336733be2497e9904d9a09387b1e3629ef4b695fc0bb1bdd.jpg,QmW5FPLZwsWDCyXgMpAyvCxbewnoP78bHoeKzjUASCQ3dG,"This high-speed action photograph captures the dramatic, mid-air explosion of a large, fluid-filled object, creating a massive burst of reddish-brown liquid.",ck-4sq-stack,no,CK_AUTHOR_CREDIT,
/Suspicious/Medical/charred-material-fragments,site/docs/Suspicious/Medical/charred-material-fragments.mdx,mdx,4,Suspicious,Suspicious,no,Charred Material and Fragments in the SUV (Claims),Charred Material,"Photos of the transport SUV are read by some analysts as showing charred material and fragments. Nothing has been recovered, identified, or lab-tested. Reported claims only.",image,/img/evidence/b056baca5b4912ef046059e1d84f6d7774e61aeaa406aabec343166f4509af2a.jpg,QmchoXNqJja8XLR3nZ6CLpb98RpryVMEASC1BuMBkNkPY5,"This image is a forensic evidence photograph or document slide presenting physical evidence related to an investigation by the Bureau of Alcohol, Tobacco, Firearms and Explosives…",ck-4sq-stack,no,CK_AUTHOR_CREDIT,
/Suspicious/Medical/chest-versus-neck-accounts,site/docs/Suspicious/Medical/chest-versus-neck-accounts.mdx,mdx,4,Suspicious,Suspicious,no,Chest Wound Accounts Versus the Neck Wound (Claims),Chest Versus Neck,Early witnesses described a chest or heart wound when the wound was in the neck. Eyewitness psychology explains this well — and the witnesses are private people who did nothing but talk to a reporter.,image,/img/evidence/cc6400bc7d77743774b743a3756e8c1defa7acf3eac7ed96f0574a279ddb0199.jpg,QmPnH4bfrZUvcWAEbGN11RMvcsVaEwgUN4W4DcGmu9EJTW,"This image is a digital screenshot of an anatomical illustration depicting a side-profile view of a human skull, cervical spine, and upper chest area.",ck-4sq-stack,no,CK_AUTHOR_CREDIT,
/Suspicious/Medical/empty-er-personnel-changes,site/docs/Suspicious/Medical/empty-er-personnel-changes.mdx,mdx,4,Suspicious,Suspicious,no,The Empty ER and Hospital Personnel Changes (Claims),Empty ER,"Claims of a cleared ER and suspicious new hospital staff. The file contradicts itself three lines apart about a named CEO, and retracts one appointment claim inside the same section.",image,/img/evidence/458c878bd2167a1f199edf1e16bb454d86019dff773eb03a8a731577e83fa2a9.jpg,QmT281cYbXW2Veug7VSzFTsdcAbDd7GQ2jPRcBK5sRbkqV,"This is a wide-angle, slightly elevated outdoor shot showing a massive crowd gathered on a university campus plaza on a bright, sunny day.",ck-4sq-stack,no,CK_AUTHOR_CREDIT,
/Suspicious/Medical/necklace-cavitation-residue,site/docs/Suspicious/Medical/necklace-cavitation-residue.mdx,mdx,4,Suspicious,Suspicious,no,"The Necklace, Cavitation and Residue (Claims)",Necklace and Cavitation,"Two leading theories explain the snapped necklace — one requires a bullet, one requires no bullet. They directly refute each other, and one rests on a well-known physics error.",none,,,,none,no,CK_AUTHOR_CREDIT,
/Suspicious/Medical/no-ambulance-scoop-and-run,site/docs/Suspicious/Medical/no-ambulance-scoop-and-run.mdx,mdx,4,Suspicious,Suspicious,no,No On-Site Ambulance and the Scoop-and-Run SUV (Claims),No Ambulance,"Kirk was carried to the hospital by his own detail in an SUV, with no ambulance. An anonymous claim says a 911 call never reached the hospital. Hospitals do not receive 911 calls.",image,/img/evidence/6c3bd6197c22dc9c0e8c92e53811b88a607de76688be4ceaaa183d449fb49c2a.jpg,QmWZ1epnhYPM7d61QkTPAw3RGMGgtEA1JTfy8vaUMFQ7Qq,This is a wide-angle outdoor photograph of a concrete courtyard and terraced amphitheater lawn on a university campus under a clear blue sky.,ck-4sq-stack,no,CK_AUTHOR_CREDIT,
/Suspicious/Medical/or-timeline-jerusalem-post,site/docs/Suspicious/Medical/or-timeline-jerusalem-post.mdx,mdx,4,Suspicious,Suspicious,no,The OR Timeline Versus the Jerusalem Post (Claims),OR Timeline,"A reconstructed surgical timeline is said to end after the Jerusalem Post announced Kirk's death. Neither time is sourced, and the file elsewhere says he was DOA — which removes the OR window entirely.",none,,,,none,no,CK_AUTHOR_CREDIT,
/Suspicious/Medical/overview,site/docs/Suspicious/Medical/overview.mdx,mdx,3,Suspicious,Suspicious,yes,"Suspicious Hospital, Autopsy and Medical",Hospital & Medical,"Ten things citizen investigators flag as suspicious about the hospital, the transport, the medical examiner and the autopsy in the Charlie Kirk case. Attributed claims, not proven findings.",none,,,,none,no,CK_AUTHOR_CREDIT,
/Suspicious/Medical/surgeon-search-trends,site/docs/Suspicious/Medical/surgeon-search-trends.mdx,mdx,4,Suspicious,Suspicious,no,The Timpanogos Surgeon Search-Trends Frenzy (Claims),Surgeon Search Trends,A post claims Israeli IPs searched seven Timpanogos doctors before the shooting. Google Trends cannot report IP addresses at all. Seven living physicians are implicated by a chart that cannot say this.,none,,,,none,no,CK_AUTHOR_CREDIT,
/Suspicious/Medical/trauma-center-bypassed,site/docs/Suspicious/Medical/trauma-center-bypassed.mdx,mdx,4,Suspicious,Suspicious,no,Was a Nearer Level II Trauma Center Bypassed? (Claims),Trauma Center Bypassed,"A post argues Kirk was driven past a closer Level II trauma center to a Level IV hospital. The investigation file contradicts itself on the distances, and the conspiracy-friendly version is the unsourced one.",image,/img/evidence/08c369517e46e9cb8933f190c645c5f9778e68c2c3843d6cb4aefd6dd534b299.jpg,QmP8o8BZfy8BaJaYyyEsxCubaGCybbkriqWM3xY3GSWVMk,This composite image compares a crowded outdoor event to a close-up detail of a modern concrete building facade.,ck-4sq-stack,no,CK_AUTHOR_CREDIT,
/Suspicious/Medical/wound-entrance-exit-dispute,site/docs/Suspicious/Medical/wound-entrance-exit-dispute.mdx,mdx,4,Suspicious,Suspicious,no,The Wound Trajectory Entrance-Exit Dispute (Claims),Entrance-Exit Dispute,"Online analysts dispute the official wound account — some say no exit, some say the neck IS the exit, some say no bullet. The theories cancel each other out. No pathologist endorses any of them.",image,/img/evidence/873c3ecdd4729f990073ead03ee5d7f31c221183d7dcf13dab4caaff2a7cf7ea.jpg,QmU1YUpspF6FHwyPkcHDqRs6FtfML5QtLHAtoozUgXd7hk,"This image is a video frame showing the exterior entrance of a brutalist-style concrete building with large, dark-framed reflective glass windows.",ck-4sq-stack,no,CK_AUTHOR_CREDIT,
/Suspicious/Five_Minutes/farnsworth-rock-pile,site/docs/Suspicious/Five_Minutes/farnsworth-rock-pile.mdx,mdx,4,Suspicious,Suspicious,no,Farnsworth Already Filming From the Rock Pile (Claims),Farnsworth on the Rock Pile,Terryl Farnsworth was reportedly filming from a rock pile 27 seconds after the shot and said 'He's dead' at 12:24:36. Critics call it foreknowledge; the ordinary reading is a bystander's reaction.,image,/img/evidence/c6d61932dfd6e385116e882a317b25d19ae5585df770ac22cee245739f5113e0.jpg,QmeNuoiqRsNm72QusczkhuPDwAAJhpxqhQJ1MqDxJGhYdK,"This is a vertical screen capture of a video player interface from a social media platform, showing two young men in an outdoor setting.",ck-4sq-side,no,CK_AUTHOR_CREDIT,
/Suspicious/Five_Minutes/first-police-report-gap,site/docs/Suspicious/Five_Minutes/first-police-report-gap.mdx,mdx,4,Suspicious,Suspicious,no,Three Minutes to the First Police Report (Claims),First Police Report at 12:26,"Police audio reportedly carries the first report of the shooting at 12:26 — after the SUV had already left. Two and a half minutes to a radio channel is fast, not slow.",image,/img/evidence/732b75e2ad44680faf37151b5d2955e1f5dcef6560d2618df12ac0fdb6ccf27e.jpg,QmW7Fg3VFWq3DBNCQkKPqqmQ4i4dPkCMKMHxPKQzvxV1BB,"This image is a screenshot of a social media post on X (formerly Twitter) by user Matt Wallace, featuring a still from body camera footage.",ck-4sq-stack,no,CK_AUTHOR_CREDIT,
/Suspicious/Five_Minutes/mccoy-calls-wife,site/docs/Suspicious/Five_Minutes/mccoy-calls-wife.mdx,mdx,4,Suspicious,Suspicious,no,McCoy Reportedly Phones His Wife as the Shot Lands (Claims),McCoy Calls His Wife,"A reconstruction places Mikey McCoy calling his wife at 12:23:30, the same second as the shot. No phone record or source supports the timestamp — it is an inference from footage.",image,/img/evidence/3a00c8b03118d04e90b18a347528235844347574a728bc57ed4fc47b6880fbc4.jpg,QmT1FdxwXN3Mm7DTewfYsfrBMLwv8kw42iE3yHxaZKcN1x,This image is a digital screenshot of an interactive web application designed as an &quot;Investigation Dossier&quot; or relationship-mapping tool.,ck-4sq-side,no,CK_AUTHOR_CREDIT,
/Suspicious/Five_Minutes/mccoy-neff-call-conflict,site/docs/Suspicious/Five_Minutes/mccoy-neff-call-conflict.mdx,mdx,4,Suspicious,Suspicious,no,"McCoy Alone in Frame, Neff Nowhere (Claims)","McCoy Alone, Neff Nowhere","Blake Neff has said he witnessed McCoy's calls, yet at 12:24:02 McCoy is reportedly alone in frame. This is a timeline-reconstruction question, not an accusation, and every premise is soft.",image,/img/evidence/144db8c48308501b0919b08449e36547efd8c5c6d34af5a1aff185c89a80e98d.jpg,QmVgs7PfKuDxwLvTo5zpjbgR6FEXnWmjd1Xn6ZSasbZcCe,"This is a split-screen digital video still featuring a woman sitting in a podcast or broadcast studio on the left side, and a large graphic document titled &quot;Mikey McCoy Call Logs&quot;…",ck-4sq-stack,no,CK_AUTHOR_CREDIT,
/Suspicious/Five_Minutes/n1098l-low-pass-timing,site/docs/Suspicious/Five_Minutes/n1098l-low-pass-timing.mdx,mdx,4,Suspicious,Suspicious,no,The N1098L Low Pass at 12:24 (Claims),N1098L Low Pass at 12:24,"A HADES-program aircraft reportedly made a 335-foot low pass near UVU at 12:24, thirty seconds after the shot. An aircraft cannot react in thirty seconds, and the file's own numbers conflict.",image,/img/evidence/1a73aa67597c61690e7de8acfd3e90cb8e78d32e5749a2eb5dec9f10ea00109e.jpg,QmeURBim561drHyWVgeb7fgwZSsgN4UgoReTtwzWHsnraE,"This is a digital screenshot of an iPhone text message conversation between two unidentified individuals, displaying incoming messages in gray speech bubbles against a light gray…",ck-4sq-side,no,CK_AUTHOR_CREDIT,
/Suspicious/Five_Minutes/overview,site/docs/Suspicious/Five_Minutes/overview.mdx,mdx,3,Suspicious,Suspicious,yes,Suspicious Within Five Minutes,Within Five Minutes,"Everything citizen investigators flag as suspicious inside the ten minutes from 12:18:30 to 12:28:30 PM MT on September 10, 2025 — five minutes either side of the shot. Attributed claims, not proven findings.",image,/img/evidence/ca2fd40df9dc0c6915475870bb21fac108f6cc7550ab1264c6c1de2e43f015f8.jpg,Qmcp35GEYKmysyq3BWU2VKM6Y9ayNa4bMWnR8gpVZSFPdC,This is a digital screenshot of a Google Trends analytics interface displaying search data for the term &quot;Russell Kim Kennington&quot; within Israel over a five-year period.,ck-4sq-stack,no,CK_AUTHOR_CREDIT,
/Suspicious/Five_Minutes/rifle-towel-on-roof,site/docs/Suspicious/Five_Minutes/rifle-towel-on-roof.mdx,mdx,4,Suspicious,Suspicious,no,"The Rifle Wrapped, Placed on the Roof, the Descent (Claims)",Rifle Wrapped on the Roof,A compiled timeline says the rifle was set on the Losee roof at 12:24 — yet the Mauser was recovered in the woods. The tension resolves if the item was set down only to free both hands.,image,/img/evidence/c1877787b3031cbd47fe11f38e064a71eca408dade97df8e2961a8dd184ebcf7.jpg,QmfDQd8kG9mLFv54vPwEzjrxbDpMasj64kXvfT9CDnkrnW,"This is a low-resolution, high-angle aerial or satellite 3D-rendered view of a modern building complex with angular roofs.",ck-4sq-side,no,CK_AUTHOR_CREDIT,
/Suspicious/Five_Minutes/roof-run-limp-disappears,site/docs/Suspicious/Five_Minutes/roof-run-limp-disappears.mdx,mdx,4,Suspicious,Suspicious,no,The 12:22 Roof Run and the Vanishing Limp (Claims),"Roof Run, Vanishing Limp","A compiled timeline says the roof figure limped all morning, then ran without a noticeable limp at 12:22. The entry carries no source and rests on an observer impression.",image,/img/evidence/9e974c5385883988da7abe72b760d209a92363f312729b3b5342a4fcdd6c8ffe.jpg,QmWxLvqnX9P6ZunVSmYUBcctwYHEMfiU5UeiLj11o6fN9h,This image is a digital screenshot of a post on the social media platform X (formerly Twitter) by user Kevin Sorbo (@ksorbs).,ck-4sq-stack,no,CK_AUTHOR_CREDIT,
/Suspicious/Five_Minutes/runner-sprint-before-shot,site/docs/Suspicious/Five_Minutes/runner-sprint-before-shot.mdx,mdx,4,Suspicious,Suspicious,no,The Claim the Runner Started Before the Shot (Claims),Runner Started Before Shot,"An unattributed passage back-extrapolates a rooftop runner's start to 12:23:28, two seconds before the shot. The arithmetic assumes constant velocity from a standing start, which is wrong.",image,/img/evidence/4c54a9b8e644161288a8a532d44f313465a94ddb83f0feab78f08afa2ff5b093.jpg,QmPQcD6fWMaagzNZc5nzbxRDSx9iCx4VufcUwXKNiPFMk4,"This image is a composite infographic consisting of five vertically arranged video stills on the left side, paired with black explanatory text on a white background on the right…",ck-4sq-side,no,CK_AUTHOR_CREDIT,
/Suspicious/Five_Minutes/shirt-pull-at-the-shot,site/docs/Suspicious/Five_Minutes/shirt-pull-at-the-shot.mdx,mdx,4,Suspicious,Suspicious,no,The Shirt Pulled at the Instant of the Shot (Claims),Shirt Pull at the Shot,Exploding-mic proponents read a 4K close-up as showing an object driven up under Kirk's shirt. The theory's own cited explosives expert says the mechanism would move the mic the other way.,image,/img/evidence/4c54a9b8e644161288a8a532d44f313465a94ddb83f0feab78f08afa2ff5b093.jpg,QmPQcD6fWMaagzNZc5nzbxRDSx9iCx4VufcUwXKNiPFMk4,"This image is a composite infographic consisting of five vertically arranged video stills on the left side, paired with black explanatory text on a white background on the right…",ck-4sq-side,no,CK_AUTHOR_CREDIT,
/Suspicious/Five_Minutes/shot-time-1223-vs-1227,site/docs/Suspicious/Five_Minutes/shot-time-1223-vs-1227.mdx,mdx,4,Suspicious,Suspicious,no,The Shot Time: 12:23 or 12:27? (Claims),Shot Time 12:23 or 12:27,"The investigation file records two shot times, 12:23 and 12:27, and asks itself which is correct. The 12:27 figure is never sourced and everything else in the file settles on 12:23:30.",image,/img/evidence/f0de838e0624d7c9b506c301902b0f2314db68edf4beeee5d1fe721b3f12e9cd.jpg,QmQ2sPUVRdCiBQjtygoq1WytHgjqny5f7Caf1Tg1V6rc4r,This image is a digital screenshot of a spreadsheet containing structured data organized into rows and columns with gridlines visible.,ck-4sq-stack,no,CK_AUTHOR_CREDIT,
/Suspicious/FBI/bomb-dogs-kept-away,site/docs/Suspicious/FBI/bomb-dogs-kept-away.mdx,mdx,4,Suspicious,Suspicious,no,Bomb Dogs Reportedly Kept From Parts of the Scene (Claims),Bomb Dogs Kept Away,Candace Owens has claimed the FBI did not want bomb dogs in certain places at UVU — a keystone of the rigged-microphone theory. The file's own record shows bomb dogs were called at 11:17am.,image,/img/evidence/55cd740e9502442cace5d4185c9609aa94cd440e7b3f4f2c1966fae4e7f3ba5d.jpg,QmdF6haboJZ3gkrrJrYyZiXKeULmRiLsx8DWJA53sdLDY2,"This is a slightly blurry, daytime, outdoor screenshot from a video showing a dense crowd of high school-aged students walking away from the camera toward a modern, multi-story…",ck-4sq-stack,no,CK_AUTHOR_CREDIT,
/Suspicious/FBI/cbla-bullet-lead-test,site/docs/Suspicious/FBI/cbla-bullet-lead-test.mdx,mdx,4,Suspicious,Suspicious,no,The Banned CBLA Bullet-Lead Test (Claims),Banned CBLA Test,"Investigators allege the FBI is reviving Comparative Bullet Lead Analysis — abandoned in 2005 — after the ATF exam came back inconclusive. An attributed inference, not a confirmed fact.",image,/img/evidence/57816e5dbb528b6c7ec36fba735c9be014666b2a8baa0a40f39ea8a7307e37da.jpg,QmRwKZZVh7PvpbrvjHWWJZttsKG3FC9RgDJVhZ2UckPwBs,"This is a low-resolution, highly edited video still, likely sourced from TikTok, showing a split-screen or overlay composition of an outdoor public event.",ck-4sq-stack,no,CK_AUTHOR_CREDIT,
/Suspicious/FBI/discovery-withholding,site/docs/Suspicious/FBI/discovery-withholding.mdx,mdx,4,Suspicious,Suspicious,no,FBI and ATF Reportedly Withholding Discovery (Claims),Discovery Withholding,"The claim that Robinson's defense sought a continuance because the ATF and FBI would not hand over files held since September, including DNA data and video chain of custody. Attributed and unverified.",none,,,,none,no,CK_AUTHOR_CREDIT,
/Suspicious/FBI/enhanced-photos-after-custody,site/docs/Suspicious/FBI/enhanced-photos-after-custody.mdx,mdx,4,Suspicious,Suspicious,no,Enhanced Stairwell Photos Released After Custody (Claims),Enhanced Photos After Custody,"Baron Coleman alleges the FBI released enhanced stairwell suspect photos after Tyler Robinson was already in custody and being Mirandized. His inference from a Bates-stamped filing, not a finding.",image,/img/evidence/addb61388389831fd0593897c7a6121d67c12187cfca0dfe2574ad7e2c1fa9f1.jpg,QmanEJSSaoYZUvz25EYS5ZAbTbn8Mp6E1LkXJDxQbyGMRn,"This high-angle, outdoor photograph captures a massive crowd of hundreds of young adults gathered in a concrete plaza or courtyard.",ck-4sq-stack,no,CK_AUTHOR_CREDIT,
/Suspicious/FBI/locals-told-not-to-investigate,site/docs/Suspicious/FBI/locals-told-not-to-investigate.mdx,mdx,4,Suspicious,Suspicious,no,Local Police Reportedly Told Not to Investigate (Claims),Locals Told Not To Investigate,"The claim that the FBI told local law enforcement not to talk to witnesses, and that DNA testing on items recovered along the escape route was stopped. Attributed and unverified.",image,/img/evidence/76144641dbe61b8d3b6dfc1af9e741908cdc25166eaf2bf6ea86b5673d7b65d8.jpg,QmNgBgFQMGZsEbYw3p2FJ7boqKVqkwqtirmpwocGXDJPyj,"This is a digital screenshot of a social media post on X (formerly Twitter) by the user @amuse, which quotes another post by Brandi Kruse.",ck-4sq-side,no,CK_AUTHOR_CREDIT,
/Suspicious/FBI/overview,site/docs/Suspicious/FBI/overview.mdx,mdx,3,Suspicious,Suspicious,yes,Suspicious by the FBI,By the FBI,"Seventeen things citizen investigators flag as suspicious about the FBI in the Charlie Kirk case, split into Most Important and Secondary — the halted foreign-nexus probe, agents turned around at an airport, the paved crime scene, the seized security-team clothing, the Israeli phone-extraction vendor. Attributed claims, not proven findings.",none,,,,none,no,CK_AUTHOR_CREDIT,
/Suspicious/FBI/patel-shut-down-kent-probe,site/docs/Suspicious/FBI/patel-shut-down-kent-probe.mdx,mdx,4,Suspicious,Suspicious,no,Patel Reportedly Shut Down the Kent Probe (Claims),Patel and the Kent Probe,"Per a Daily Mail report, FBI Director Kash Patel allegedly halted Joe Kent's counterterrorism review of a possible foreign nexus to the Kirk killing. Attributed reporting, not a proven finding.",image,/img/evidence/e217e5ea8b8c6f947a3211c39c88806566c75bddc1b6735dae6006e04ea60178.jpg,QmaFgn1PEAjegjGm8537AxzH7VRBuN9DyEexqWfgRqweYz,A vertical screenshot of a digital news article from *The New York Times* as viewed on a mobile device interface.,ck-4sq-side,no,CK_AUTHOR_CREDIT,
/Suspicious/FBI/rav4-flashed-badge,site/docs/Suspicious/FBI/rav4-flashed-badge.mdx,mdx,4,Suspicious,Suspicious,no,The FBI Rav4 That Reportedly Flashed a Badge (Claims),Rav4 Flashed a Badge,"An unsourced list entry states an FBI Rav4 drove past Tyler Robinson right after the shooting and flashed a badge when pulled over. No source, date, or agent identification is cited.",image,/img/evidence/9f490ab61506492440743b2299f107a8ce1799b1f963f2e05b99530d1b9897be.jpg,QmdTLB7NeAxFpSmE9hTjvDLQA9DazhnFnvVhUR7XkpDVPu,"This image is a screenshot of a social media post on X (formerly Twitter) by the user &quot;RealBaronPodcast&quot; (@realbaronpod), which quotes or embeds a post by &quot;Candace Owens&quot;…",ck-4sq-stack,no,CK_AUTHOR_CREDIT,
/Suspicious/FBI/rifle-found-after-federal-redirect,site/docs/Suspicious/FBI/rifle-found-after-federal-redirect.mdx,mdx,4,Suspicious,Suspicious,no,Feds Directed the Re-Search That Found the Rifle (Claims),Rifle Found After Redirect,"The claim that hands found no gun, dogs found no gun, and the rifle turned up only after federal agents directed junior local officers to search again. Unsourced in the investigation file.",image,/img/evidence/f20a0b06c5bd1945ed896c8bd9b942a8aedd545106c5fa410b8f44e37e8ec459.jpg,QmXQaCKvqMtLEZeUPrLSLS7wKgAd48dS8hnMNgE5uXJUEL,"This image is a digital screenshot of a social media post or online forum thread containing text, a heavily blurred image, and a partial URL at the bottom.",ck-4sq-side,no,CK_AUTHOR_CREDIT,
/Suspicious/FBI/selective-4k-release,site/docs/Suspicious/FBI/selective-4k-release.mdx,mdx,4,Suspicious,Suspicious,no,Selective 4K Release Versus the FBI Gag Claim (Claims),Selective 4K Release,"Investigators argue TPUSA's October 14 tribute video used crisp 4K and drone footage from Sept 10 — footage reportedly said to be unreleasable on FBI advice. An attributed inference, not a finding.",none,,,,none,no,CK_AUTHOR_CREDIT,
/Suspicious/FBI/simmons-video-deletion,site/docs/Suspicious/FBI/simmons-video-deletion.mdx,mdx,4,Suspicious,Suspicious,no,Ryne Simmons Reportedly Told to Delete His 4K Video (Claims),Simmons Video Deletion,"Witness Ryne Simmons says he sent his 4K footage of the shooting to the FBI and was then instructed to delete his copy, with follow-up calls. A named witness account, attributed and unverified.",image,/img/evidence/74d287dc55bcd553d96b155bf4b607d05884545659a0a6594cab16639015817d.jpg,QmUGj177H9J5PJvorsqGXTMgXq2nbw6ZA1MVpkJ4vERGYD,"This image is a screenshot of a social media post on X (formerly Twitter) by user Sam Parker, featuring a vertical video frame.",ck-4sq-stack,no,CK_AUTHOR_CREDIT,
/Suspicious/FBI/surgeon-blocked-from-room,site/docs/Suspicious/FBI/surgeon-blocked-from-room.mdx,mdx,4,Suspicious,Suspicious,no,A Surgeon Reportedly Blocked From Kirk's Room (Claims),Surgeon Blocked From Room,"An unsourced list entry states the FBI blocked a surgeon from returning to the room with Charlie Kirk. No name, no hospital record, no source is cited anywhere in the investigation file.",image,/img/evidence/d621605faef258c5366df513af14f1ba0d695805088e6be97736bd03106f3ea3.jpg,QmWgme6Gqku6XsAK9d2erGAqGcxiN7beescuU4ovyb8Vgx,"This is a medium-shot, eye-level indoor photograph of a young man standing in a simply furnished room, likely a college dorm room.",ck-4sq-side,no,CK_AUTHOR_CREDIT,
/Suspicious/FBI/suv-destroyed-adl-floor,site/docs/Suspicious/FBI/suv-destroyed-adl-floor.mdx,mdx,4,Suspicious,Suspicious,no,The SUV Destroyed and the ADL Floor-Sharing Claim (Claims),"SUV Destroyed, ADL Floor","Two low-confidence FBI-adjacent optics items: a claim the transport SUV was chopped up and melted down, and a list entry that an FBI building shares a floor with the ADL. Both unverified.",image,/img/evidence/85756bf37d5d83369982c44585bd713755d4a6e4a42330b847e253a66396ff8e.jpg,QmeFNod3F4bZtBXg7r97jbTkF7UEk3jdXTPgvchb25PMZL,"This image shows a vast, empty indoor study hall or library space, likely within a university building, characterized by concrete Brutalist architecture.",ck-4sq-stack,no,CK_AUTHOR_CREDIT,
/Suspicious/Israel/donor-texts-48-hours,site/docs/Suspicious/Israel/donor-texts-48-hours.mdx,mdx,4,Suspicious,Suspicious,no,"The Donor Texts, 48 Hours Before (Claims)",The Donor Texts,"Candace Owens released Sept 8, 2025 messages in which Charlie Kirk reportedly wrote that donor pressure was leaving him no choice but to leave the pro-Israel cause. TPUSA reportedly confirmed them.",none,,,,none,no,CK_AUTHOR_CREDIT,
/Suspicious/Israel/egyptian-jet-su-btt,site/docs/Suspicious/Israel/egyptian-jet-su-btt.mdx,mdx,4,Suspicious,Suspicious,no,The Egyptian Jet SU-BTT (Claims),Egyptian Jet SU-BTT,Flight trackers highlight an Egyptian-registered Falcon 7X that sat at Provo the week of the assassination. It departed five hours before the shooting — which places it hundreds of miles away.,image,/img/evidence/70760480aa11b4b8ff8386f6ffd66b12f80d9f2a715e0c9e15a399d7c65bbbab.jpg,QmbEttvjNYCDEgFQQFJcYBJdqeWyiuHqErQrqyeb2uVsSD,This image is a digital graphic depicting a timeline infographic tracking flight overlaps and significant public events spanning from January 2023 through September 2025.,ck-4sq-stack,no,CK_AUTHOR_CREDIT,
/Suspicious/Israel/flood-netanyahu-detail,site/docs/Suspicious/Israel/flood-netanyahu-detail.mdx,mdx,4,Suspicious,Suspicious,no,The Security Chief's Reported Netanyahu-Detail Background (Claims),Netanyahu-Detail Claim,"Anonymous accounts claim a man on Charlie Kirk's security detail previously protected Benjamin Netanyahu, based on a side-by-side photo comparison. The posts do not even agree on who the man is.",image,/img/evidence/52deddaff010b90c6b47311b55faf21f531a21602a1a7ff246bb5756d69b2883.webp,QmXhRuEMFucbWSjZqangwcAtW6pNgpWaMBsrn7o5GUtGUc,This image is a portrait-orientation screenshot of a mobile phone screen displaying a social media feed on X (formerly Twitter).,ck-4sq-side,no,CK_AUTHOR_CREDIT,
/Suspicious/Israel/gglf-life-insurance,site/docs/Suspicious/Israel/gglf-life-insurance.mdx,mdx,4,Suspicious,Suspicious,no,The GGLF 2023 LLC Life-Insurance Policy (Claims),GGLF Life Insurance,Researchers claim a policy on Charlie Kirk was taken out right after he questioned October 7. The Wyoming filing offered as proof shows the LLC was formed five months before October 7.,image,/img/evidence/171eb7988d00bd6bfd89ddf73a1614815663bf069a5138f8450f98d268186c97.jpg,QmWS4kUm5uWG5Kt2pEE9XjB48VQ6Ado7gQ8GPqVTFA7vVV,"This image is a vertical screenshot displaying a digital document, which appears to be an official business filing from the State of Wyoming Secretary of State Business Division.",ck-4sq-side,no,CK_AUTHOR_CREDIT,
/Suspicious/Israel/grim-beeper-capability,site/docs/Suspicious/Israel/grim-beeper-capability.mdx,mdx,4,Suspicious,Suspicious,no,Operation Grim Beeper as a Capability Argument (Claims),Grim Beeper Argument,"The 2024 Hezbollah pager operation is invoked to argue a rigged-device killing is possible. It is a capability argument, not evidence — it proves what could be done, not what was done.",image,/img/evidence/e7b2752c262f72945d788b85e389cd726233ebd1fda017f37be73fd61efe7e73.jpg,QmNbcgQQsa324DSp6XEQJM3UrCDecKhoW3Ygb2fiGQeTBU,"This is a medium close-up, eye-level portrait photograph of a middle-aged, tattooed man holding a baby on his lap indoors.",ck-4sq-side,no,CK_AUTHOR_CREDIT,
/Suspicious/Israel/hamptons-intervention,site/docs/Suspicious/Israel/hamptons-intervention.mdx,mdx,4,Suspicious,Suspicious,no,The Hamptons Intervention and the Death Question (Claims),Hamptons Intervention,Charlie Kirk reportedly described an August 2025 Hamptons gathering as an intervention. Seth Dillon denied any angry confrontation. Erika Kirk reportedly recalled a donor asking what would happen if he died.,image,/img/evidence/89aaa0c93d831181849190a68f97ec1d6a7fee728631d2c874962c7af934f138.jpg,QmWDiWMU5C5xMXSVU3xKdSdqMcTFweXw6oMqbAduNzAkGe,"This is a digital screenshot of a paragraph of black text presented on a plain, solid white background.",ck-4sq-stack,no,CK_AUTHOR_CREDIT,
/Suspicious/Israel/israeli-phones-at-uvu,site/docs/Suspicious/Israel/israeli-phones-at-uvu.mdx,mdx,4,Suspicious,Suspicious,no,Sixteen Israeli-Registered Phones at UVU (Claims),Israeli Phones at UVU,"An analyst reportedly claims raw GPS data put 44 foreign-registered phones near Charlie Kirk on Sept 10, 2025, including 16 Israeli. The dataset has never been published. Unverified.",image,/img/evidence/e06ca67fa757c648c71cd68f98be34853e44f89835e416c14848abd6c8439557.jpg,QmY5Fmsfvg93ca3UE1qmm8kMfCSXdfissSRSH5SRpzKC6n,The image is a digital collage arranged in a 4x4 grid of sixteen screenshots from a search engine analytics tool (resembling Google Trends).,ck-4sq-side,no,CK_AUTHOR_CREDIT,
/Suspicious/Israel/it-was-supposed-to-be-you,site/docs/Suspicious/Israel/it-was-supposed-to-be-you.mdx,mdx,4,Suspicious,Suspicious,no,"\""It Was Supposed to Be You\"" (Claims)","\""Supposed to Be You\""",Candace Owens reportedly attributes to Andrew Kolvet the words 'it was supposed to be you' and a claim she and Tucker Carlson were on a list. No primary source exists in the investigation file.,image,/img/evidence/9e974c5385883988da7abe72b760d209a92363f312729b3b5342a4fcdd6c8ffe.jpg,QmWxLvqnX9P6ZunVSmYUBcctwYHEMfiU5UeiLj11o6fN9h,This image is a digital screenshot of a post on the social media platform X (formerly Twitter) by user Kevin Sorbo (@ksorbs).,ck-4sq-stack,no,CK_AUTHOR_CREDIT,
/Suspicious/Israel/overview,site/docs/Suspicious/Israel/overview.mdx,mdx,3,Suspicious,Suspicious,yes,Suspicious by Israel,By Israel,"Ten things citizen investigators flag as suspicious about an alleged Israeli nexus in the Charlie Kirk case — the donor texts, the foreign-registered phones, the life-insurance policy, the Hamptons meeting. Attributed claims, not proven findings.",none,,,,none,no,CK_AUTHOR_CREDIT,
/Suspicious/Israel/peterson-whistleblower,site/docs/Suspicious/Israel/peterson-whistleblower.mdx,mdx,4,Suspicious,Suspicious,no,A Whistleblower's TPUSA Recruitment Claim (Claims),Peterson Whistleblower,"A former TPUSA representative alleges he was questioned about Israel at a bar during training and told by two colleagues they were with Israeli intelligence. Single-source, no names, no documents.",none,,,,none,no,CK_AUTHOR_CREDIT,
/Suspicious/Israel/phones-islamabad-serena,site/docs/Suspicious/Israel/phones-islamabad-serena.mdx,mdx,4,Suspicious,Suspicious,no,Four of Those Phones Later at the Islamabad Serena (Claims),Phones at the Serena,An analyst reportedly claims four of the alleged UVU Israeli-registered devices pinged at the Islamabad Serena during US-Iran talks in April 2026. The circulated graphic was admitted to be a recreation.,none,,,,none,no,CK_AUTHOR_CREDIT,
/Suspicious/Cause_of_Death/acoustics-south,site/docs/Suspicious/Cause_of_Death/acoustics-south.mdx,mdx,4,Suspicious,Suspicious,no,"The Acoustics Point South, Not to Losee (Claims)",Acoustics Point South,"An unnamed acoustics engineer reportedly places the shot South, above the Teachers' balcony. The site's own Canon audio analysis puts the rifle at ~120m — the Losee roof. Both cannot be right.",image,/img/evidence/b90230630e18be4dc0ac4bf2ae7ff4ae69216058dbb4e731e3ca88561be86e46.jpg,QmTcA37prTQA5JtGYAH5JCvr53XN7221XQJr1nGt3tr1Uf,"This is a satellite map image annotated with a timeline and route details tracing the movements of a suspect referred to as a &quot;bomber&quot; in Washington, D.C.",ck-4sq-stack,no,CK_AUTHOR_CREDIT,
/Suspicious/Cause_of_Death/atf-fragment-class-only,site/docs/Suspicious/Cause_of_Death/atf-fragment-class-only.mdx,mdx,4,Suspicious,Suspicious,no,The ATF Fragment Shows Only Class Characteristics (Claims),ATF Fragment Class Only,"The ATF's Sept 17, 2025 lab report reportedly could neither identify nor exclude Robinson's Mauser 98 as the source of the recovered jacket fragment — a documented gap, widely overclaimed by both camps.",none,,,,none,no,CK_AUTHOR_CREDIT,
/Suspicious/Cause_of_Death/burnt-object-transmitter,site/docs/Suspicious/Cause_of_Death/burnt-object-transmitter.mdx,mdx,4,Suspicious,Suspicious,no,The Burnt Object as a RODE Transmitter (Claims),Burnt Object Transmitter,"Proponents read a melted audio jack and a warning symbol into a charred mass photographed in the SUV. The imagery cannot support the identification, and the theory cannot agree on the model.",image,/img/evidence/f01b22e62f168fbdc4b46506807a7d9e9b720b8d6665a0c788d0fba190f55348.jpg,QmVFWaRcd5Y7Cepo9HFQnhyaYzacPAbRgCW2FwPMfv39DL,"This is a low-resolution, close-up crop of a modern concrete building exterior, featuring a thick green circle drawn digitally over the center of the frame.",ck-4sq-stack,no,CK_AUTHOR_CREDIT,
/Suspicious/Cause_of_Death/canon-audio-detonation,site/docs/Suspicious/Cause_of_Death/canon-audio-detonation.mdx,mdx,4,Suspicious,Suspicious,no,The Canon XA55 Audio and a Stage Detonation (Claims),Canon Audio Detonation,An analysis of uncompressed Canon XA55 audio claims three low-frequency arrivals including a detonation at the tent. Reflections off campus buildings produce exactly the same pattern.,none,,,,none,no,CK_AUTHOR_CREDIT,
/Suspicious/Cause_of_Death/cutler-hand-device,site/docs/Suspicious/Cause_of_Death/cutler-hand-device.mdx,mdx,4,Suspicious,Suspicious,no,The Rick Cutler Hand-Device Claim (Claims),Cutler Hand-Device Claim,Recorded only as a specimen of what is circulating. Anonymous accounts read a dark object in a named private citizen's hand as a trigger. This site does not advance the claim.,image,/img/evidence/9eef09cc303bf51fb495cf93564316be5e5f146ea3e3efbe44cb2658672f5784.jpg,QmesubCq4LuGP8neZD3GnW4UF6GHu8v9NXAweQZYecunxp,This image is a vertical screenshot of a mobile phone screen displaying a social media post on X (formerly Twitter) by the user &quot;@Andrew_JCC&quot;.,ck-4sq-side,no,CK_AUTHOR_CREDIT,
/Suspicious/Cause_of_Death/electrocution-trigger,site/docs/Suspicious/Cause_of_Death/electrocution-trigger.mdx,mdx,4,Suspicious,Suspicious,no,Electrocution as Trigger and Redundancy (Claims),Electrocution Trigger,"A strand of theory holds electricity was part of the mechanism. No agency reported any electrical injury, and electrical injury leaves pathology nobody has described. This is the weakest material on the site.",image,/img/evidence/ab17a51b612ad418ef50919fd39954ddad8c5c2f39cc52b9cc8955589f26e9b7.jpg,QmcVceT1cTd6s1c9SEGoekDBMzZPPHBnwZ4KaVSg2cB3NG,"This eye-level, medium-wide indoor shot shows an overturned black metal-framed office chair lying on its side on a patterned carpet floor.",ck-4sq-stack,no,CK_AUTHOR_CREDIT,
/Suspicious/Cause_of_Death/energy-mismatch,site/docs/Suspicious/Cause_of_Death/energy-mismatch.mdx,mdx,4,Suspicious,Suspicious,no,"No Blood Spray, No Exit Wound (Claims)",Energy Mismatch,The most-repeated suspicion: a .30-06 should have blown through the neck and sprayed blood. The counterargument includes a physics error that undercuts the analysts making it.,image,/img/evidence/0c63ee703e4f043acfd40e258d986ed03ffdc13b5ed23a7754e21d7cdd24553b.jpg,QmVe5LivSeJvayijcdKmQyRnWPLCNTibeTK1jD5Hk6NNmR,This image is a split-screen digital graphic presenting a conspiracy theory or detailed analysis of an incident involving political figure Charlie Kirk.,ck-4sq-stack,no,CK_AUTHOR_CREDIT,
/Suspicious/Cause_of_Death/entrance-or-exit,site/docs/Suspicious/Cause_of_Death/entrance-or-exit.mdx,mdx,4,Suspicious,Suspicious,no,Is the Front Neck Wound an Entrance or an Exit? (Claims),Entrance or Exit,Proponents argue the front neck wound is an exit — and contradict each other completely about where the shot came from. None has produced medical documentation.,image,/img/evidence/110b3c9003608c8b90d6a245174d75aa6d6e39a6083c427520f7cb69245b0553.jpg,QmZjumwjUKYZW54eCXseFaSnwzQpYARdGzunnR2A2RQ6qh,"This is a slightly blurry, medium close-up photograph of a man standing outdoors in front of a white promotional backdrop.",ck-4sq-side,no,CK_AUTHOR_CREDIT,
/Suspicious/Cause_of_Death/mic-under-shirt,site/docs/Suspicious/Cause_of_Death/mic-under-shirt.mdx,mdx,4,Suspicious,Suspicious,no,"The Mic Placed Under, Not Over, the Shirt (Claims)",Mic Under the Shirt,The RODE transmitter was reportedly worn under Kirk's shirt against his torso — the precondition every contact-device theory needs. Under-shirt placement is also routine professional practice.,image,/img/evidence/a21d6ffceba9e1d112ba9169e91ecb3c62fa0f675abf1fb78ee83cb07caa07a7.jpg,QmUPUfAi3EKNGVxMi4r8AN2RTMefeiE3hqrqyhaBDTazwK,"This is a vertical aspect ratio screenshot of a video, capturing an aerial view of a modern multi-tiered building complex.",ck-4sq-side,no,CK_AUTHOR_CREDIT,
/Suspicious/Cause_of_Death/necklace-and-residue,site/docs/Suspicious/Cause_of_Death/necklace-and-residue.mdx,mdx,4,Suspicious,Suspicious,no,The Snapped Necklace and the Residue Search (Claims),Necklace and Residue,Both camps treat the snapped chain as a clue. One cited expert says cavitation from a bullet explains it; another says a PETN charge in the pendant did. Both cannot be right.,none,,,,none,no,CK_AUTHOR_CREDIT,
/Suspicious/Cause_of_Death/overview,site/docs/Suspicious/Cause_of_Death/overview.mdx,mdx,3,Suspicious,Suspicious,yes,Suspicious About Cause of Death,About Cause of Death,"Twelve things citizen investigators find suspicious about the official rifle-shot account of how Charlie Kirk died — the energy mismatch, the shirt sequence, the acoustics, the ATF fragment. Attributed claims, not proven findings.",none,,,,none,no,CK_AUTHOR_CREDIT,
/Suspicious/Cause_of_Death/shirt-before-blood,site/docs/Suspicious/Cause_of_Death/shirt-before-blood.mdx,mdx,4,Suspicious,Suspicious,no,The Shirt and Necklace Move Before the Blood (Claims),Shirt Before Blood,"Analysts argue the shirt balloons and the chain snaps several frames before blood appears. Hydrostatic cavitation predicts exactly that, and 30fps cannot resolve a millisecond event.",image,/img/evidence/7b969b345212258f8de203b0bddbbf8ea71c55bdf1e3873dec36adff7ae312fd.jpg,Qmd6ykPWVohi1WNHbUaummmc5gSpPNFQR3AeRVFQAvKehM,This image is a vertical screenshot of a mobile phone screen displaying a post from the social media platform X (formerly Twitter).,ck-4sq-side,no,CK_AUTHOR_CREDIT,
/Suspicious/Cause_of_Death/shot-through-heart-narrative,site/docs/Suspicious/Cause_of_Death/shot-through-heart-narrative.mdx,mdx,4,Suspicious,Suspicious,no,The Shot-Through-the-Heart Narrative (Claims),Shot-Through-Heart Narrative,A thesis that the earliest on-camera witnesses described a chest-and-heart wound because that is the wound a shaped charge was intended to produce — and that the charge tilted and struck the neck instead. The white shirt is what falsifies the heart description.,none,,,,none,no,CK_AUTHOR_CREDIT,
/Charlie/Candace_Owens_Friendship,site/docs/Charlie/Candace_Owens_Friendship.mdx,mdx,3,Charlie,Charlie,no,Candace Owens Friendship,Candace Owens Friendship,"Private texts between Charlie Kirk and Candace Owens — revolution quote, AmFest invitation on September 9, and related commentary claims.",none,,,,none,no,CK_AUTHOR_CREDIT,
/Charlie/Charlie_Investigation_Index,site/docs/Charlie/Charlie_Investigation_Index.mdx,mdx,3,Charlie,Charlie,no,Charlie Investigation Index,Charlie Investigation Index,"Working memo for the Charlie Kirk victim-and-motive angle — pre-event pressure, reported warnings, security posture, and cross-links across the investigation.",none,,,,none,no,CK_AUTHOR_CREDIT,
/Charlie/Epstein_Files_Push,site/docs/Charlie/Epstein_Files_Push.mdx,mdx,3,Charlie,Charlie,no,Epstein Files Push,Epstein Files Push,"Claims that Charlie Kirk pressed for Epstein files release in mid-2025, drew a reported July 12 reprimand from Donald Trump, and refused to back off.",image,/img/evidence/83324e2c872ab11f1d6c881180766821afa8e2f232fe0944dacf58bfbe7363a0.jpg,QmZVvCsJnN7UGu9uLax7sw8rQVXLWY9adWebW2yUbtxGz8,"This is a digital screenshot of a social media post, specifically a post on X (formerly Twitter) by the user Charlie Kirk.",ck-4sq-stack,no,CK_AUTHOR_CREDIT,
/Charlie/Future_Governor,site/docs/Charlie/Future_Governor.mdx,mdx,3,Charlie,Charlie,no,Future Governor,Future Governor,"Claims and rumors that Charlie Kirk would run for or become governor of Arizona — Nov 2024 NBC Phoenix reporting, 2025 primary polls that floated him as a candidate, his May 2025 Biggs endorsement, and Twitter discourse.",none,,,,none,no,CK_AUTHOR_CREDIT,
/Charlie/Future_President,site/docs/Charlie/Future_President.mdx,mdx,3,Charlie,Charlie,no,Future President,Future President,"Public claims that Charlie Kirk had a serious path to the U.S. presidency — post-assassination 'future president' discourse, 2028 age eligibility, TPUSA power base, Arizona springboard, and Twitter sourcing.",none,,,,none,no,CK_AUTHOR_CREDIT,
/Charlie/Groyper_Wars,site/docs/Charlie/Groyper_Wars.mdx,mdx,3,Charlie,Charlie,no,Groyper Wars,Groyper Wars,"Detailed 2019–2020 Groyper Wars chronology — every major TPUSA/Culture War stop, questions asked, countermeasures, Twitter/livestream ecology, and 2020 America First Students / AFPAC aftermath.",none,,,,none,no,CK_AUTHOR_CREDIT,
/Charlie/Leader_of_Churches,site/docs/Charlie/Leader_of_Churches.mdx,mdx,3,Charlie,Charlie,no,Leader of Churches,Leader of Churches,"Charlie Kirk and TPUSA Faith — Pastors Summits, Freedom Night, church network scale, and how pastors and ministry media described his leadership influence across U.S. churches.",none,,,,none,no,CK_AUTHOR_CREDIT,
/Charlie/Phone_Surveillance_Claims,site/docs/Charlie/Phone_Surveillance_Claims.mdx,mdx,3,Charlie,Charlie,no,Phone Surveillance Claims,Phone Surveillance Claims,"Allegations that Charlie Kirk's phone was surveilled, that a donor warned he would not make it to Christmas, and that a Hamptons intervention followed.",none,,,,none,no,CK_AUTHOR_CREDIT,
/Charlie/Pre_Event_Timeline,site/docs/Charlie/Pre_Event_Timeline.mdx,mdx,3,Charlie,Charlie,no,Pre-Event Timeline,Pre-Event Timeline,"Charlie Kirk-focused chronology from July through September 9, 2025 — meetings, reported warnings, media appearances, and final texts (claims).",none,,,,none,no,CK_AUTHOR_CREDIT,
/Charlie/Reported_Quotes_and_Warnings,site/docs/Charlie/Reported_Quotes_and_Warnings.mdx,mdx,3,Charlie,Charlie,no,Reported Quotes and Warnings,Reported Quotes and Warnings,"Alleged fear-of-death statements attributed to Charlie Kirk before September 10, 2025 — sources, contradictions, and verification status.",image,/img/evidence/7e52025f00faeb9544d89460b555223a067ce0637bbcaddf0d1aacaf2787e02b.jpg,QmPHvYUGua8nSsedUAYEKQRarycx7E5kYFX5fR7QcnDpHt,A high-contrast digital screenshot of a post from the social media platform X (formerly Twitter) by user Tyler Bowyer (@tyle...).,ck-4sq-stack,no,CK_AUTHOR_CREDIT,
/Charlie/Star_Witness_Own_Words,site/docs/Charlie/Star_Witness_Own_Words.mdx,mdx,3,Charlie,Charlie,no,Star Witness: His Own Words,Star Witness: His Own Words,"Sam Parker's attributed FACT-list post arguing Charlie Kirk's own communications — journals, texts, DMs, voice notes — are the strongest untapped evidence, and asking why none have been produced.",image,/img/evidence/20325c1059bdaeb3e66e7ddb9910fdb7e054bceada52f3cddde8bfe1b0eac9fb.jpg,QmNZJiFuWAViNzq252TFUWaLFna7cvR2y3RBFkDQeGi3zX,Graphic attached to Sam Parker,ck-4sq-stack,no,H2_INTERESTING,
/Charlie/overview,site/docs/Charlie/overview.mdx,mdx,2,Charlie,,yes,Charlie Kirk,Charlie Kirk,"Charlie Kirk as victim and motive anchor — pre-event pressure, reported warnings, Israel/donor friction, and day-of security context for the UVU assassination.",image,/img/evidence/20325c1059bdaeb3e66e7ddb9910fdb7e054bceada52f3cddde8bfe1b0eac9fb.jpg,QmNZJiFuWAViNzq252TFUWaLFna7cvR2y3RBFkDQeGi3zX,Graphic from Sam Parker,ck-4sq-stack,no,CK_AUTHOR_CREDIT,
/Charlie/Comments/aipac-lobby-comments,site/docs/Charlie/Comments/aipac-lobby-comments.mdx,mdx,4,Charlie,Charlie,no,AIPAC and Lobby Comments,AIPAC & Lobby,Public comments attributed to Charlie Kirk about AIPAC and lobbying pressure — including circulated 'treason' framing — and how investigators use them as pressure-surface evidence.,none,,,,none,no,CK_AUTHOR_CREDIT,
/Charlie/Comments/bonhoeffer-martyr-rhetoric,site/docs/Charlie/Comments/bonhoeffer-martyr-rhetoric.mdx,mdx,4,Charlie,Charlie,no,Bonhoeffer and Martyr Rhetoric,Bonhoeffer & Martyr,Charlie Kirk's Bonhoeffer interview language and martyr-adjacent comments — how investigators read foreshadowing versus ordinary Christian rhetoric.,none,,,,none,no,CK_AUTHOR_CREDIT,
/Charlie/Comments/donor-pressure-on-air,site/docs/Charlie/Comments/donor-pressure-on-air.mdx,mdx,4,Charlie,Charlie,no,Donor Pressure On Air,Donor Pressure On Air,"Public comments in which Charlie Kirk addressed donor bullying, funding threats, and refusing to cancel allies — the on-air surface that matches the WhatsApp donor chat.",none,,,,none,no,CK_AUTHOR_CREDIT,
/Charlie/Comments/gaza-remarks,site/docs/Charlie/Comments/gaza-remarks.mdx,mdx,4,Charlie,Charlie,no,Gaza and Ethnic-Cleansing Remarks,Gaza Remarks,Circulated comments in which Charlie Kirk allegedly warned about ethnic cleansing in Gaza and questioned official narratives — with attribution and authenticity cautions.,none,,,,none,no,CK_AUTHOR_CREDIT,
/Charlie/Comments/iran-war-opposition,site/docs/Charlie/Comments/iran-war-opposition.mdx,mdx,4,Charlie,Charlie,no,Iran War Opposition Comments,Iran War Opposition,"Charlie Kirk's public and reported private opposition to a U.S.–Iran war in 2025 — Midnight Hammer period lobbying, show comments, and links to Joe Kent and phone-call narratives.",none,,,,none,no,CK_AUTHOR_CREDIT,
/Charlie/Comments/israel-break-public-rhetoric,site/docs/Charlie/Comments/israel-break-public-rhetoric.mdx,mdx,4,Charlie,Charlie,no,Israel Break Public Rhetoric,Israel Break Rhetoric,"Synthesis page for Charlie Kirk's public rhetorical shift on Israel in 2025 — how X investigators assemble show clips, campus Q&A, and timelines into a break narrative.",none,,,,none,no,CK_AUTHOR_CREDIT,
/Charlie/Comments/megyn-kelly-segments,site/docs/Charlie/Comments/megyn-kelly-segments.mdx,mdx,4,Charlie,Charlie,no,Megyn Kelly Segments,Megyn Kelly Segments,"Charlie Kirk appearances with Megyn Kelly that investigators cite — donor stereotypes, open borders clips, and intelligence-involvement questions in circulated excerpts.",none,,,,none,no,CK_AUTHOR_CREDIT,
/Charlie/Comments/overview,site/docs/Charlie/Comments/overview.mdx,mdx,3,Charlie,Charlie,yes,Charlie's Comments,Comments,"Public and on-record comments by Charlie Kirk that investigators cite as controversial before the UVU assassination — Israel/AIPAC, Gaza, Iran war, donor pressure, martyr rhetoric, and September 9 appearances.",none,,,,none,no,CK_AUTHOR_CREDIT,
/Charlie/Comments/sept-9-shapiro-appearance,site/docs/Charlie/Comments/sept-9-shapiro-appearance.mdx,mdx,4,Charlie,Charlie,no,September 9 Shapiro Appearance,Sept 9 Shapiro Appearance,"Charlie Kirk's September 9, 2025 appearance on Ben Shapiro's show — publicly verifiable Israel-policy friction the day before the UVU shooting.",none,,,,none,no,CK_AUTHOR_CREDIT,
/Charlie/Discord_Messages/charlie-vs-killer-discord,site/docs/Charlie/Discord_Messages/charlie-vs-killer-discord.mdx,mdx,4,Charlie,Charlie,no,Charlie vs Killer Discord Sets,Charlie vs Killer Discord,"Clear separation between Charlie Kirk's own communications and the Discord confession set attributed to Tyler Robinson — different people, platforms, exhibits, and authentication problems.",none,,,,none,no,CK_AUTHOR_CREDIT,
/Charlie/Discord_Messages/court-filings-discord,site/docs/Charlie/Discord_Messages/court-filings-discord.mdx,mdx,4,Charlie,Charlie,no,What Court Filings Actually Show,Court Filings & Discord,Discord in Utah court materials concerns the Tyler Robinson confession set — not a parallel Charlie Kirk Discord exhibit series. Map exhibits so Charlie-section readers do not misfile them.,none,,,,none,no,CK_AUTHOR_CREDIT,
/Charlie/Discord_Messages/overview,site/docs/Charlie/Discord_Messages/overview.mdx,mdx,3,Charlie,Charlie,yes,Charlie's Discord Messages,Discord Messages,"How Discord enters the Charlie Kirk investigation — platform mix-ups with WhatsApp/group chats, TPUSA and campus Discord claims, contrast with the Tyler Robinson Discord confession set, and screenshot provenance.",none,,,,none,no,CK_AUTHOR_CREDIT,
/Charlie/Discord_Messages/platform-mixups,site/docs/Charlie/Discord_Messages/platform-mixups.mdx,mdx,4,Charlie,Charlie,no,Platform Mix-Ups — WhatsApp vs Discord,Platform Mix-Ups,"How investigators and viral posts confuse WhatsApp donor chats, Signal threads, and SMS with Discord — and why the platform label changes authentication paths.",none,,,,none,no,CK_AUTHOR_CREDIT,
/Charlie/Discord_Messages/radicalization-discord-theories,site/docs/Charlie/Discord_Messages/radicalization-discord-theories.mdx,mdx,4,Charlie,Charlie,no,Radicalization Discord Theories,Radicalization Theories,How citizen investigators use Discord radicalization models in the Charlie Kirk case — including Phil Lyman commentary coincidence claims and the boundary between digital conditioning theories and proven facts.,none,,,,none,no,CK_AUTHOR_CREDIT,
/Charlie/Discord_Messages/screenshot-provenance,site/docs/Charlie/Discord_Messages/screenshot-provenance.mdx,mdx,4,Charlie,Charlie,no,Screenshot Format and Provenance,Screenshot Provenance,"How Discord-styled and group-chat screenshots of Charlie Kirk quotes should be tested — UI chrome, fonts, timestamps, and reverse-image checks.",none,,,,none,no,CK_AUTHOR_CREDIT,
/Charlie/Discord_Messages/tpusa-campus-discord,site/docs/Charlie/Discord_Messages/tpusa-campus-discord.mdx,mdx,4,Charlie,Charlie,no,TPUSA and Campus Discord Claims,TPUSA & Campus Discord,"Claims that TPUSA-adjacent and campus Discord spaces factored into monitoring, radicalization narratives, or youth infrastructure around Charlie Kirk's organization and UVU.",none,,,,none,no,CK_AUTHOR_CREDIT,
/Charlie/Text_Messages/authenticity-and-fakes,site/docs/Charlie/Text_Messages/authenticity-and-fakes.mdx,mdx,4,Charlie,Charlie,no,"Authenticity, Fakes and Memes",Authenticity & Fakes,"How to separate Kolvet-confirmed WhatsApp material from exaggerated meme screenshots, mislabeled apps, and unverified kill-me graphics in the Charlie Kirk text ecosystem.",none,,,,none,no,CK_AUTHOR_CREDIT,
/Charlie/Text_Messages/candace-owens-private-texts,site/docs/Charlie/Text_Messages/candace-owens-private-texts.mdx,mdx,4,Charlie,Charlie,no,Candace Owens Private Texts,Candace Owens Texts,"Private texts between Charlie Kirk and Candace Owens — revolution quote, September 9 AmFest invitation, 2023 defense-against-tribe messages, and later 2026 releases discussed by investigators on X.",none,,,,none,no,CK_AUTHOR_CREDIT,
/Charlie/Text_Messages/dan-flood-security-texts,site/docs/Charlie/Text_Messages/dan-flood-security-texts.mdx,mdx,4,Charlie,Charlie,no,Dan Flood Security Texts,Dan Flood Texts,"Claims that Charlie Kirk texted security lead Dan Flood the night before UVU that they would kill or execute him tomorrow — wording variants, Flood's day-of proximity, and verification gaps.",none,,,,none,no,CK_AUTHOR_CREDIT,
/Charlie/Text_Messages/erika-kirk-denial,site/docs/Charlie/Text_Messages/erika-kirk-denial.mdx,mdx,4,Charlie,Charlie,no,Erika Kirk Phone Denial,Erika Kirk Denial,Erika Kirk's on-air claim that Charlie was not texting kill-me warnings the day before his death and that she has his phone — set against multi-source commentary asserting those texts exist.,none,,,,none,no,CK_AUTHOR_CREDIT,
/Charlie/Text_Messages/frank-turek-fear-texts,site/docs/Charlie/Text_Messages/frank-turek-fear-texts.mdx,mdx,4,Charlie,Charlie,no,Frank Turek Fear Texts,Frank Turek Texts,"Messages and conversations Frank Turek attributes to Charlie Kirk before the assassination — 'I know they want me dead,' prayer requests, and day-before warnings in public interviews.",none,,,,none,no,CK_AUTHOR_CREDIT,
/Charlie/Text_Messages/kill-me-01-wiped-out,site/docs/Charlie/Text_Messages/kill-me-01-wiped-out.mdx,mdx,4,Charlie,Charlie,no,KM-01 — I Might Get Wiped Out at Any Time,KM-01 Wiped Out,"KM-01 in the numbered index of alleged Charlie Kirk kill-me statements — the long-running 'I might get wiped out at any time' premonition text, its screenshot provenance, and why it is not a September 9 warning.",none,,,,none,no,CK_AUTHOR_CREDIT,
/Charlie/Text_Messages/kill-me-02-harrison-smith-report,site/docs/Charlie/Text_Messages/kill-me-02-harrison-smith-report.mdx,mdx,4,Charlie,Charlie,no,KM-02 — Charlie Thinks Israel Will Kill Him,KM-02 Harrison Smith Report,"KM-02 in the numbered index of alleged Charlie Kirk kill-me statements — Harrison Smith's August 13, 2025 X post relaying that Kirk feared Israel would kill him if he turned against them.",image,/img/evidence/4ded938d0d7d8f8466f4c8f7b2b8713738198da5e9e549f2babfd5d175d98ec8.jpg,Qmekc27JqhbAr94ExmVGouNbeMwTn9gyHAgA9DXmpx3oXh,Screenshot of Harrison H. Smith,ck-4sq-stack,no,CK_AUTHOR_CREDIT,
/Charlie/Text_Messages/kill-me-03-break-away-pro-israel,site/docs/Charlie/Text_Messages/kill-me-03-break-away-pro-israel.mdx,mdx,4,Charlie,Charlie,no,KM-03 — They Will Kill Me If I Break Away,KM-03 Break Away,"KM-03 in the numbered index of alleged Charlie Kirk kill-me statements — the August 13 'break away from being pro-Israel' line, its slogan-like form, and why it is tracked separately from KM-04.",none,,,,none,no,CK_AUTHOR_CREDIT,
/Charlie/Text_Messages/kill-me-04-go-against-israel,site/docs/Charlie/Text_Messages/kill-me-04-go-against-israel.mdx,mdx,4,Charlie,Charlie,no,"KM-04 — If I Go Against Israel, I Think They Will Kill Me",KM-04 Go Against Israel,"KM-04 in the numbered index of alleged Charlie Kirk kill-me statements — the fuller 'if I go against Israel, I think they will kill me' line, its August 16 index date, and the persistent August 13 date collision.",none,,,,none,no,CK_AUTHOR_CREDIT,
/Charlie/Text_Messages/kill-me-05-turek-want-me-dead,site/docs/Charlie/Text_Messages/kill-me-05-turek-want-me-dead.mdx,mdx,4,Charlie,Charlie,no,KM-05 — I Know They Want Me Dead,KM-05 Turek Want Me Dead,"KM-05 in the numbered index of alleged Charlie Kirk kill-me statements — the Frank Turek 'they want me dead' prayer-request texts sent weeks before September 10, 2025.",none,,,,none,no,CK_AUTHOR_CREDIT,
/Charlie/Text_Messages/kill-me-06-worried-israel-kill-me,site/docs/Charlie/Text_Messages/kill-me-06-worried-israel-kill-me.mdx,mdx,4,Charlie,Charlie,no,KM-06 — I'm Worried That Israel Is Going to Kill Me,KM-06 Worried Israel,KM-06 in the numbered index of alleged Charlie Kirk kill-me statements — the first-person 'I'm worried that Israel is going to kill me' attribution and its unresolved dating.,none,,,,none,no,CK_AUTHOR_CREDIT,
/Charlie/Text_Messages/kill-me-07-sept-9-all-caps,site/docs/Charlie/Text_Messages/kill-me-07-sept-9-all-caps.mdx,mdx,4,Charlie,Charlie,no,KM-07 — THEY ARE GOING TO KILL ME,KM-07 Sept 9 All-Caps,"KM-07 in the numbered index of alleged Charlie Kirk kill-me statements — the all-caps September 9, 2025 message reportedly sent during a combative high-pressure meeting.",none,,,,none,no,CK_AUTHOR_CREDIT,
/Charlie/Text_Messages/kill-me-08-kolvet-they-will-kill-me,site/docs/Charlie/Text_Messages/kill-me-08-kolvet-they-will-kill-me.mdx,mdx,4,Charlie,Charlie,no,KM-08 — They Will Kill Me (Message to Andrew),KM-08 Kolvet Message,"KM-08 in the numbered index of alleged Charlie Kirk kill-me statements — the short 'they will kill me' message reportedly sent to Andrew Kolvet on September 9, 2025.",none,,,,none,no,CK_AUTHOR_CREDIT,
/Charlie/Text_Messages/kill-me-09-three-people-warned,site/docs/Charlie/Text_Messages/kill-me-09-three-people-warned.mdx,mdx,4,Charlie,Charlie,no,KM-09 — I Think They're Going to Kill Me (Three People),KM-09 Three People,KM-09 in the numbered index of alleged Charlie Kirk kill-me statements — the claim that Kirk told three separate people on September 9 that he thought they were going to kill him.,none,,,,none,no,CK_AUTHOR_CREDIT,
/Charlie/Text_Messages/kill-me-10-flood-executed-tomorrow,site/docs/Charlie/Text_Messages/kill-me-10-flood-executed-tomorrow.mdx,mdx,4,Charlie,Charlie,no,KM-10 — Executed Tomorrow (Security Text),KM-10 Executed Tomorrow,KM-10 in the numbered index of alleged Charlie Kirk kill-me statements — the night-before 'executed tomorrow' message reportedly sent to security lead Dan Flood.,none,,,,none,no,CK_AUTHOR_CREDIT,
/Charlie/Text_Messages/kill-me-11-the-left-will-kill-me,site/docs/Charlie/Text_Messages/kill-me-11-the-left-will-kill-me.mdx,mdx,4,Charlie,Charlie,no,KM-11 — The Left Will Kill Me,KM-11 The Left,KM-11 in the numbered index of alleged Charlie Kirk kill-me statements — the competing 'The Left will kill me' rendering of the Dan Flood message and what the substitution would change.,none,,,,none,no,CK_AUTHOR_CREDIT,
/Charlie/Text_Messages/kill-me-12-sept-9-security-exchange,site/docs/Charlie/Text_Messages/kill-me-12-sept-9-security-exchange.mdx,mdx,4,Charlie,Charlie,no,KM-12 — I Did / I Know They Want Me Dead,KM-12 Security Exchange,KM-12 in the numbered index of alleged Charlie Kirk kill-me statements — the day-before security exchange in which Kirk reportedly answered that he had improved his security and knew they wanted him dead.,none,,,,none,no,CK_AUTHOR_CREDIT,
/Charlie/Text_Messages/kill-me-13-donor-executed-tomorrow,site/docs/Charlie/Text_Messages/kill-me-13-donor-executed-tomorrow.mdx,mdx,4,Charlie,Charlie,no,KM-13 — The Donor Was Told Too,KM-13 Donor Lane,"KM-13 in the numbered index of alleged Charlie Kirk kill-me statements — the claim that an unnamed donor, alongside TPUSA staff and security, was also told Kirk expected to be killed the next day.",none,,,,none,no,CK_AUTHOR_CREDIT,
/Charlie/Text_Messages/leave-pro-israel-whatsapp,site/docs/Charlie/Text_Messages/leave-pro-israel-whatsapp.mdx,mdx,4,Charlie,Charlie,no,Leave Pro-Israel WhatsApp Chat,Leave Pro-Israel WhatsApp,"The September 2025 WhatsApp donor chat attributed to Charlie Kirk — losing a large donor over Tucker Carlson, 'Jewish donors play into all the stereotypes,' and leaving the pro-Israel cause — with Andrew Kolvet's public authentication.",none,,,,none,no,CK_AUTHOR_CREDIT,
/Charlie/Text_Messages/overview,site/docs/Charlie/Text_Messages/overview.mdx,mdx,3,Charlie,Charlie,yes,Charlie's Text Messages,Text Messages,"Private texts and group chats attributed to Charlie Kirk before September 10, 2025 — donor WhatsApp, kill-me warnings, Candace Owens threads, Signal/Telegram channels, and authenticity fights.",none,,,,none,no,CK_AUTHOR_CREDIT,
/Charlie/Text_Messages/signal-telegram-channels,site/docs/Charlie/Text_Messages/signal-telegram-channels.mdx,mdx,4,Charlie,Charlie,no,Signal and Telegram Channels,Signal & Telegram,"Why investigators say Charlie Kirk used Signal and Telegram — not only iMessage — for sensitive threat and political messages, and what that means for device forensics.",none,,,,none,no,CK_AUTHOR_CREDIT,
/Charlie/Text_Messages/they-are-going-to-kill-me,site/docs/Charlie/Text_Messages/they-are-going-to-kill-me.mdx,mdx,4,Charlie,Charlie,no,They Are Going to Kill Me Texts,They Are Going to Kill Me,"Alleged September 9, 2025 texts in which Charlie Kirk warned confidants they were going to kill him — recipients, wording variants, Signal/Telegram claims, and the gap between Candace Owens descriptions and public screenshots.",none,,,,none,no,CK_AUTHOR_CREDIT,
/Charlie/Phone_Calls/erika-how-much-do-you-know,site/docs/Charlie/Phone_Calls/erika-how-much-do-you-know.mdx,mdx,4,Charlie,Charlie,no,Erika — How Much Do You Know Call,How Much Do You Know,Commentary claim that hours after the shooting Erika Kirk received a call from an important individual asking 'How much do you know?' and answered 'Everything' — unverified attribution.,none,,,,none,no,CK_AUTHOR_CREDIT,
/Charlie/Phone_Calls/joe-kent-last-conversation,site/docs/Charlie/Phone_Calls/joe-kent-last-conversation.mdx,mdx,4,Charlie,Charlie,no,Joe Kent — Last Conversation,Joe Kent Last Conversation,Joe Kent's account that Charlie Kirk's last message to him was to stop a U.S. war with Iran — voice/in-person final words treated alongside phone-call evidence in investigator discourse.,none,,,,none,no,CK_AUTHOR_CREDIT,
/Charlie/Phone_Calls/missing-911-harpole,site/docs/Charlie/Phone_Calls/missing-911-harpole.mdx,mdx,4,Charlie,Charlie,no,Missing 911 / Harpole Claims,Missing 911 / Harpole,"Claims that Charlie Kirk's security contractor said he called 911 but the government has not produced the matching call — Baron Coleman, Shawn Ryan, and related X discourse.",none,,,,none,no,CK_AUTHOR_CREDIT,
/Charlie/Phone_Calls/netanyahu-iran-call,site/docs/Charlie/Phone_Calls/netanyahu-iran-call.mdx,mdx,4,Charlie,Charlie,no,Netanyahu / Iran Intervention Call,Netanyahu / Iran Call,Candace Owens and amplifiers claim Charlie Kirk's final high-pressure call involved Netanyahu or Israel-linked intervention pushing Iran war — after which TPUSA messaging allegedly flipped. Attributed claims only.,none,,,,none,no,CK_AUTHOR_CREDIT,
/Charlie/Phone_Calls/overview,site/docs/Charlie/Phone_Calls/overview.mdx,mdx,3,Charlie,Charlie,yes,Charlie's Phone Calls,Phone Calls,"Phone-call threads in the Charlie Kirk case — reported Netanyahu/Iran intervention call, SUV and 911 audio claims, Shapiro security line, missing 911 records, Joe Kent's last conversation, and post-shot calls.",none,,,,none,no,CK_AUTHOR_CREDIT,
/Charlie/Phone_Calls/phone-surveillance-anomalies,site/docs/Charlie/Phone_Calls/phone-surveillance-anomalies.mdx,mdx,4,Charlie,Charlie,no,Phone Surveillance Anomalies,Phone Surveillance,"Summary of claims that Charlie Kirk's phone was compromised — overheating, call feedback, second SIM — and the donor Christmas warning, with link to the full Phone Surveillance Claims page.",none,,,,none,no,CK_AUTHOR_CREDIT,
/Charlie/Phone_Calls/security-detail-call-chain,site/docs/Charlie/Phone_Calls/security-detail-call-chain.mdx,mdx,4,Charlie,Charlie,no,Security Detail Call Chain,Security Call Chain,"Map of claimed day-of phone traffic among Charlie Kirk's security detail, outside teams, and 911 — Flood, contractors, Shapiro security claims, and open CDR requests.",none,,,,none,no,CK_AUTHOR_CREDIT,
/Charlie/Phone_Calls/shapiro-security-call,site/docs/Charlie/Phone_Calls/shapiro-security-call.mdx,mdx,4,Charlie,Charlie,no,Shapiro Security On the Line,Shapiro Security Call,"Claims that Ben Shapiro's security team was on the phone with Charlie Kirk's team during the hospital transport after the shooting — attributed investigator discourse, not court findings.",none,,,,none,no,CK_AUTHOR_CREDIT,
/Charlie/Phone_Calls/suv-911-audio,site/docs/Charlie/Phone_Calls/suv-911-audio.mdx,mdx,4,Charlie,Charlie,no,SUV 911 and Get That Off of Him,SUV 911 Audio,"Claims about audio from Charlie Kirk's security SUV and 911 path after the shot — 'We got him,' 'Get that off of him,' and investigator questions about what was removed.",none,,,,none,no,CK_AUTHOR_CREDIT,
/Charlie/Fear_Kill_Warnings/overview,site/docs/Charlie/Fear_Kill_Warnings/overview.mdx,mdx,3,Charlie,Charlie,yes,Fear & Kill Warnings,Fear & Kill Warnings,"Dated incidents in which Charlie Kirk allegedly said he would be killed or bullied for breaking with pro-Israel politics — August 13, August 16, ~48-hour donor texts, and other fear channels.",none,,,,none,no,CK_AUTHOR_CREDIT,
/Charlie/Fear_Kill_Warnings/August_13_Break_Away/break-away-quote,site/docs/Charlie/Fear_Kill_Warnings/August_13_Break_Away/break-away-quote.mdx,mdx,5,Charlie,Charlie,no,"\""They Will Kill Me if I Break Away\"" Quote",Break-Away Quote,"KB156 — alleged Charlie Kirk wording: 'They will kill me if I break away from being pro-Israel' (dated August 13, 2025 in investigation indexes).",none,,,,none,no,CK_AUTHOR_CREDIT,
/Charlie/Fear_Kill_Warnings/August_13_Break_Away/harrison-smith-x-post,site/docs/Charlie/Fear_Kill_Warnings/August_13_Break_Away/harrison-smith-x-post.mdx,mdx,5,Charlie,Charlie,no,Harrison Smith August 13 X Post,Harrison Smith X Post,"Harrison Smith's August 13, 2025 post: someone close to Charlie said Charlie thinks Israel will kill him if he turns against them — engagement, Sept 10 yes, and limits.",none,,,,none,no,CK_AUTHOR_CREDIT,
/Charlie/Fear_Kill_Warnings/August_13_Break_Away/overview,site/docs/Charlie/Fear_Kill_Warnings/August_13_Break_Away/overview.mdx,mdx,4,Charlie,Charlie,yes,August 13 — Break Away From Pro-Israel,August 13 Break Away,"August 13, 2025 cluster — 'They will kill me if I break away from being pro-Israel,' Harrison Smith's X post, and viral carriers on X and Instagram.",none,,,,none,no,CK_AUTHOR_CREDIT,
/Charlie/Fear_Kill_Warnings/August_13_Break_Away/viral-carriers-aug13,site/docs/Charlie/Fear_Kill_Warnings/August_13_Break_Away/viral-carriers-aug13.mdx,mdx,5,Charlie,Charlie,no,Viral Carriers of the August Fear Quotes,Viral Carriers Aug 13,"X and Instagram accounts that amplified August 2025 Charlie Kirk Israel-kill fear language — Hodgetwins, FactsVsZee, BalochRamzan2, Partisan Girl, Jake Shields, and others.",none,,,,none,no,CK_AUTHOR_CREDIT,
/Charlie/Fear_Kill_Warnings/August_16_Go_Against_Israel/friend-conversation-claims,site/docs/Charlie/Fear_Kill_Warnings/August_16_Go_Against_Israel/friend-conversation-claims.mdx,mdx,5,Charlie,Charlie,no,Friend Conversation Claims,Friend Conversation,"Claims that Charlie Kirk told a friend he would be killed if he went against Israel — delivery method, 'post it online' instruction, and missing named witness.",none,,,,none,no,CK_AUTHOR_CREDIT,
/Charlie/Fear_Kill_Warnings/August_16_Go_Against_Israel/go-against-israel-quote,site/docs/Charlie/Fear_Kill_Warnings/August_16_Go_Against_Israel/go-against-israel-quote.mdx,mdx,5,Charlie,Charlie,no,"\""Hey, If I Go Against Israel\"" Quote",Go-Against Quote,"KB155 — alleged Charlie Kirk wording: 'Hey, if I go against Israel, I think they will kill me' (August 16 in beat indexes; often retold as August 13).",none,,,,none,no,CK_AUTHOR_CREDIT,
/Charlie/Fear_Kill_Warnings/August_16_Go_Against_Israel/instagram-x-amplification,site/docs/Charlie/Fear_Kill_Warnings/August_16_Go_Against_Israel/instagram-x-amplification.mdx,mdx,5,Charlie,Charlie,no,Instagram & X Amplification of Go-Against Quote,Instagram & X Amplification,"How Instagram reels and X posts packaged 'if I go against Israel I think they will kill me' — reel IDs, X status links, and packaging patterns.",none,,,,none,no,CK_AUTHOR_CREDIT,
/Charlie/Fear_Kill_Warnings/August_16_Go_Against_Israel/overview,site/docs/Charlie/Fear_Kill_Warnings/August_16_Go_Against_Israel/overview.mdx,mdx,4,Charlie,Charlie,yes,August 16 — Go Against Israel,August 16 Go Against,"August 16, 2025 investigation index (KB155) for 'Hey, if I go against Israel, I think they will kill me' — friend conversation claims, date conflict with August 13 retellings, and amplification.",none,,,,none,no,CK_AUTHOR_CREDIT,
/Charlie/Fear_Kill_Warnings/Sept_48_Hours_Donor_Texts/candace-kolvet-authentication,site/docs/Charlie/Fear_Kill_Warnings/Sept_48_Hours_Donor_Texts/candace-kolvet-authentication.mdx,mdx,5,Charlie,Charlie,no,Candace Owens Release & Kolvet Authentication,Candace & Kolvet Auth,How Candace Owens published the donor WhatsApp material and how TPUSA spokesman Andrew Kolvet publicly confirmed authenticity — what that proves and does not prove.,none,,,,none,no,CK_AUTHOR_CREDIT,
/Charlie/Fear_Kill_Warnings/Sept_48_Hours_Donor_Texts/jewish-donors-stereotypes-line,site/docs/Charlie/Fear_Kill_Warnings/Sept_48_Hours_Donor_Texts/jewish-donors-stereotypes-line.mdx,mdx,5,Charlie,Charlie,no,"\""Jewish Donors Play Into All the Stereotypes\""",Stereotypes Line,"Alleged WhatsApp line: 'Jewish donors play into all the stereotypes. I cannot and will not be bullied like this' — wording, X carriers, defamation-safe framing.",none,,,,none,no,CK_AUTHOR_CREDIT,
/Charlie/Fear_Kill_Warnings/Sept_48_Hours_Donor_Texts/leave-pro-israel-cause-line,site/docs/Charlie/Fear_Kill_Warnings/Sept_48_Hours_Donor_Texts/leave-pro-israel-cause-line.mdx,mdx,5,Charlie,Charlie,no,"\""Leaving Me No Choice but to Leave the Pro-Israel Cause\""",Leave Pro-Israel Line,"Alleged WhatsApp line ~48 hours before death: leaving the pro-Israel cause — variants, recipients, and how X treats it as a political break.",none,,,,none,no,CK_AUTHOR_CREDIT,
/Charlie/Fear_Kill_Warnings/Sept_48_Hours_Donor_Texts/overview,site/docs/Charlie/Fear_Kill_Warnings/Sept_48_Hours_Donor_Texts/overview.mdx,mdx,4,Charlie,Charlie,yes,~48 Hours Before — Donor Bullying Texts,48 Hours Donor Texts,"KB157 — alleged WhatsApp lines ~48 hours before UVU: Jewish donors play into stereotypes, will not be bullied, leaving the pro-Israel cause — Candace Owens, Kolvet, X stacks.",none,,,,none,no,CK_AUTHOR_CREDIT,
/Charlie/Fear_Kill_Warnings/Sept_48_Hours_Donor_Texts/x-stack-posts-48hrs,site/docs/Charlie/Fear_Kill_Warnings/Sept_48_Hours_Donor_Texts/x-stack-posts-48hrs.mdx,mdx,5,Charlie,Charlie,no,X Stack Posts — 48-Hour Clock,X Stack Posts 48hrs,"How X accounts stacked the ~48-hour leave-pro-Israel texts with kill-me claims — Hodgetwins, National File, LetsGoBrando45, RT clips, and engagement patterns.",none,,,,none,no,CK_AUTHOR_CREDIT,
/Charlie/Fear_Kill_Warnings/Other_Fear_Channels/dan-flood-executed-tomorrow,site/docs/Charlie/Fear_Kill_Warnings/Other_Fear_Channels/dan-flood-executed-tomorrow.mdx,mdx,5,Charlie,Charlie,no,Dan Flood — Executed Tomorrow,Dan Flood,"Claims Charlie texted head of security Dan Flood that they would kill or execute him tomorrow — Owens reporting, security context, open questions.",none,,,,none,no,CK_AUTHOR_CREDIT,
/Charlie/Fear_Kill_Warnings/Other_Fear_Channels/frank-turek-want-me-dead,site/docs/Charlie/Fear_Kill_Warnings/Other_Fear_Channels/frank-turek-want-me-dead.mdx,mdx,5,Charlie,Charlie,no,Frank Turek — Want Me Dead,Frank Turek,"Frank Turek's attributed messages from Charlie Kirk: 'I know they want me dead… under the gun… please pray for me' — mentor channel, interviews, open verification.",none,,,,none,no,CK_AUTHOR_CREDIT,
/Charlie/Fear_Kill_Warnings/Other_Fear_Channels/overview,site/docs/Charlie/Fear_Kill_Warnings/Other_Fear_Channels/overview.mdx,mdx,4,Charlie,Charlie,yes,Other Fear Channels,Other Fear Channels,"September 9 kill-me texts, Frank Turek, Dan Flood, wiped-out premonition, and verbal vs text vs Discord delivery — fear claims outside the August and 48-hour donor clusters.",none,,,,none,no,CK_AUTHOR_CREDIT,
/Charlie/Fear_Kill_Warnings/Other_Fear_Channels/sept-9-kill-me-cluster,site/docs/Charlie/Fear_Kill_Warnings/Other_Fear_Channels/sept-9-kill-me-cluster.mdx,mdx,5,Charlie,Charlie,no,September 9 Kill-Me Cluster,Sept 9 Kill-Me,"Alleged September 9, 2025 'they are going to kill me' messages — recipients, Signal claims, Candace reporting, and Erika Kirk denial.",none,,,,none,no,CK_AUTHOR_CREDIT,
/Charlie/Fear_Kill_Warnings/Other_Fear_Channels/verbal-vs-text-vs-discord,site/docs/Charlie/Fear_Kill_Warnings/Other_Fear_Channels/verbal-vs-text-vs-discord.mdx,mdx,5,Charlie,Charlie,no,Verbal vs Text vs Discord Delivery,Verbal vs Text vs Discord,"Taxonomy of how Charlie Kirk's alleged fear and bullying statements were supposedly delivered — in person, SMS, WhatsApp, Signal, Telegram, Discord, and podcast paraphrase.",none,,,,none,no,CK_AUTHOR_CREDIT,
/Charlie/Fear_Kill_Warnings/Other_Fear_Channels/wiped-out-premonition,site/docs/Charlie/Fear_Kill_Warnings/Other_Fear_Channels/wiped-out-premonition.mdx,mdx,5,Charlie,Charlie,no,Wiped-Out Premonition Texts,Wiped-Out Premonition,"Longer-running premonition language attributed to Charlie Kirk — 'wiped out at any time,' revolution texts to Candace, and how they differ from Israel-specific kill quotes.",none,,,,none,no,CK_AUTHOR_CREDIT,
/key_individuals/Central_Figures,site/docs/key_individuals/Central_Figures.mdx,mdx,3,key_individuals,key_individuals,no,"Central Figures — Charlie, Erika & Tyler",Central Figures,"The three names at the center of the Charlie Kirk case — the victim, the widow, and the accused — with investigative questions that orbit each role.",image,/img/evidence/178d0c52e3045078d15b7981a5540d075df0abe0920f47375515bc30306ba1f0.jpg,QmTSjPtgFBXmWo3MHF186ENm6PspzXiotVdqkyPYaM1bPP,"This is a medium-wide shot of an outdoor public or commercial setting, featuring several young people gathered on a metal balcony at the left.",ck-4sq-stack,no,CK_AUTHOR_CREDIT,
/key_individuals/Distraction_And_Early_Suspects,site/docs/key_individuals/Distraction_And_Early_Suspects.mdx,mdx,3,key_individuals,key_individuals,no,Distraction & Early Suspect Figures,Distraction & Early Suspects,"George Zinn, Zachariah Qureshi, and other figures who drew police attention or brief custody — peripheral to the Tyler Robinson charge.",image,/img/evidence/0b4b3f6073af175df8bf1c877121e404dfffb24aad2504685f0f99d700790731.jpg,QmcsyPc5S5p5oz8XqgqS22NZEqbYGocMbgbTHPP5mVAycv,This is a digital image or screenshot of a white document page containing typed black text.,ck-4sq-stack,no,CK_AUTHOR_CREDIT,
/key_individuals/Donor_Meeting_Circle,site/docs/key_individuals/Donor_Meeting_Circle.mdx,mdx,3,key_individuals,key_individuals,no,Donor & Pre-Event Meeting Circle,Donor Meeting Circle,"People named in Hamptons/Aspen pro-Israel intervention meeting claims before Charlie Kirk's death — Ackman, Wolicki, Hausdorff, and related figures.",image,/img/evidence/614529a6775e37496829bb960031df45955cfc24294fe10eef039bb064c79512.jpg,QmdeCvbEvHqzaDuDjuprMrMeSybxNzgSzphNDuYKS9iCCv,"This is a slightly high-angle, outdoor wide shot capturing a political or campus event under a white pop-up tent emblazoned with &quot;THE AMERICAN COMEBACK TOUR&quot; and &quot;PROVE ME WRONG.&quot;…",ck-4sq-stack,no,CK_AUTHOR_CREDIT,
/key_individuals/Eyewitnesses_And_Workers,site/docs/key_individuals/Eyewitnesses_And_Workers.mdx,mdx,3,key_individuals,key_individuals,no,Eyewitnesses & On-Site Workers,Eyewitnesses & Workers,"People who saw the shooting or the shooter up close — Dylan Hope, MuppetMasher witnesses, EksAyn Anderson, and Ryne Simmons.",image,/img/evidence/78a78e6444a1610a0b7c607c7bebb1e5c61c9d1aaaccbc9194129cddeee82c2d.jpg,QmeUvpMN3UQWBnqJxPEcp2Miz77gsvyRb4atA3ZgdHnVvb,"This image is a flat, digital screenshot of a mobile-formatted web article from the National Public Radio (NPR) website.",ck-4sq-stack,no,CK_AUTHOR_CREDIT,
/key_individuals/Investigation_Index,site/docs/key_individuals/Investigation_Index.mdx,mdx,3,key_individuals,key_individuals,no,Key Individuals Investigation Index,Investigation Index,"Roster index of every person cluster peripheral to the Charlie Kirk killing — by role, with links to People profiles and topical deep dives.",image,/img/evidence/0519c99dfc49e8bf80cee9a3d633ede596b779fa6edba4838456741a24e57244.jpg,QmZgTAvUi5RqFx4N56xSY798mSyMECLLgcRC2qnSpABJgJ,"A wide shot depicting a large outdoor gathering of people next to a modern concrete building under a bright blue, partly cloudy sky.",ck-4sq-side,no,CK_AUTHOR_CREDIT,
/key_individuals/Investigators_And_Media,site/docs/key_individuals/Investigators_And_Media.mdx,mdx,3,key_individuals,key_individuals,no,Investigators & Media Commentators,Investigators & Media,"Citizen investigators and media figures who shaped the Charlie Kirk case narrative — Candace Owens, Ian Carroll, MuppetMasher, Russell Brand, and others.",image,/img/evidence/00b73fc67aaf241846d2ee06808d38c6424b1a9725830f6db6a9597afc7e8939.jpg,QmY99cBvzrC5jQokfN6pS48zGE9rp9amY6MAxRNyUXG63u,This is a high-resolution scan of a single-page printed document containing English text.,ck-4sq-side,no,CK_AUTHOR_CREDIT,
/key_individuals/Medical_Legal_Periphery,site/docs/key_individuals/Medical_Legal_Periphery.mdx,mdx,3,key_individuals,key_individuals,no,Medical & Legal Periphery,Medical & Legal Periphery,"Doctors, medical examiners, defense counsel, prosecutors, and contractors peripheral to Charlie Kirk's death and the Tyler Robinson case.",image,/img/evidence/00b73fc67aaf241846d2ee06808d38c6424b1a9725830f6db6a9597afc7e8939.jpg,QmY99cBvzrC5jQokfN6pS48zGE9rp9amY6MAxRNyUXG63u,This is a high-resolution scan of a single-page printed document containing English text.,ck-4sq-side,no,CK_AUTHOR_CREDIT,
/key_individuals/Officials_And_Law_Enforcement,site/docs/key_individuals/Officials_And_Law_Enforcement.mdx,mdx,3,key_individuals,key_individuals,no,Officials & Law Enforcement,Officials & Law Enforcement,"Government officials in the Charlie Kirk case — Kash Patel, Spencer Cox, Nate Brooksby, Tony Graf, Beau Mason, and Joe Kent's halted NCTC inquiry.",image,/img/evidence/e13dfc3f2b185b822739953a01cc40c51a4e139abb6bc66bfa7c7b1ff5f6154c.jpg,QmaA2q8DF3cEtEF5wwJ2UrgMsP6ADMUseyBGsTMUD51B3S,"This image is a digital collage comprising two television news screenshots stacked vertically, overlaid with red borders, yellow date/time text at the top, white labels…",ck-4sq-side,no,CK_AUTHOR_CREDIT,
/key_individuals/Security_And_Protection,site/docs/key_individuals/Security_And_Protection.mdx,mdx,3,key_individuals,key_individuals,no,Security & Protection Personnel,Security & Protection,"Charlie Kirk's security detail and campus police on September 10, 2025 — Harpole, Flood, Cutler, Davis, Turek, and Jeff Long.",image,/img/evidence/301e311eeb333bb6c53ff2de0f68d6e7d8976a2a279c84aeee07b31adc89f0ef.jpg,QmQLEqHtDVEsm9tfvJq6Da7ijgmPbmfcKWAvJhwkbWTKGq,"This is a high-resolution, long-form vertical screenshot of a web-based user dashboard for a domain name registrar or management portal.",ck-4sq-side,no,CK_AUTHOR_CREDIT,
/key_individuals/TPUSA_Staff_Sept_10,site/docs/key_individuals/TPUSA_Staff_Sept_10.mdx,mdx,3,key_individuals,key_individuals,no,TPUSA Staff — September 10 Timeline,TPUSA Staff — Sept 10,"Mikey McCoy, Blake Neff, and Rob McCoy in the minute-by-minute TPUSA staff timeline on the day Charlie Kirk was shot.",image,/img/evidence/f4ac70121cfd6524b1d80c8f739b3a2e8556e714d2d4b58a77994f5c5871aafb.jpg,QmYvyxQ3vqQqnBQmuoez5kLtxrkMLN381CAHvEpATeYMNy,"This is a digital graphic or infographic presenting information about two individuals, Pastor Rob McCoy and Dr.",ck-4sq-stack,no,CK_AUTHOR_CREDIT,
/key_individuals/overview,site/docs/key_individuals/overview.mdx,mdx,2,key_individuals,,yes,Key Individuals,Key Individuals,"Investigative roster of everyone peripheral to the Charlie Kirk killing — by role, with links to People profiles and case deep dives.",image,/img/evidence/739a9a261524cebb43f0261b4b8d6c7aa2c4b38da129302bdf51f51226c2d872.jpg,QmdPbbaUznTBbgUxAvd1Zq15UVJ7ZECvWRxyoPdrM8eTnh,"The image is a high-angle, wide shot of an outdoor plaza and tiered grassy amphitheater on a university campus during a bright, sunny day.",ck-4sq-stack,no,CK_AUTHOR_CREDIT,
/social_media_analysis/overview,site/docs/social_media_analysis/overview.mdx,mdx,2,social_media_analysis,,yes,Social Media Analysis,Social Media Analysis,"This directory contains analysis of online posts, platforms, and digital evidence related to the Charlie Kirk incident.",image,/img/evidence/ced227668351e335438a71aa55c75fafc05c342bafd8bf5d22866d8caa07debd.jpg,QmWzmkLF2poDP25yzwVZa8NYLEE6ipEGjHfTHR2gMgPQYR,This image is a digital screenshot of a post on the social media platform X (formerly Twitter) by the user &quot;Coyote of Wallstreet.&quot; The post features a block of text discussing an…,ck-4sq-stack,no,CK_AUTHOR_CREDIT,
/UVU/CIA-UVU-Profiles,site/docs/UVU/CIA-UVU-Profiles.mdx,mdx,3,UVU,UVU,no,CIA-Linked UVU Profiles (Claims),CIA UVU Profiles,"Claims that UVU National Security Society profiles with CIA/CNSSI ties were removed September 24, 2025, naming Rusty Needs and other campus figures.",image,/img/evidence/d1bbc24bd0db06cfae08e5fccdc0eb11d779bedc19a4134954ed6f2ab32c5093.jpg,QmXeNeXXz7wYXdZdyYWgnMeNTQZE5HPPKys51KsTsXTYqJ,This image is a digital infographic presentation slide containing text and structured bullet lists outlining a web of connections related to an alleged &quot;Charlie Kirk…,ck-4sq-stack,no,CK_AUTHOR_CREDIT,
/UVU/Campus_Security_Gaps,site/docs/UVU/Campus_Security_Gaps.mdx,mdx,3,UVU,UVU,no,UVU Campus Security Gaps on September 10,Campus Security Gaps,"Documented and alleged security failures at UVU for the Charlie Kirk event — staffing, rooftop access, law-enforcement coordination, and emergency alerts.",none,,,,none,no,CK_AUTHOR_CREDIT,
/UVU/Courtyward,site/docs/UVU/Courtyward.mdx,mdx,3,UVU,UVU,no,UVU Courtyard,UVU Courtyard,"This page focuses on the UVU courtyard area where the event took place, including its layout, surrounding structures, and how it factors into analyses of…",none,,,,none,no,CK_AUTHOR_CREDIT,
/UVU/Hardscape-Specialties,site/docs/UVU/Hardscape-Specialties.mdx,mdx,3,UVU,UVU,no,Hardscape Specialties LLC,Hardscape Specialties,"Hardscape Specialties LLC — dormant 20 years, revived February 2025 — performed UVU courtyard paving after the assassination; owners tied to Utah AG and former UVU operations staff.",none,,,,none,no,CK_AUTHOR_CREDIT,
/UVU/Losee_Center,site/docs/UVU/Losee_Center.mdx,mdx,3,UVU,UVU,no,Losee Center (Alleged Sniper Rooftop),Losee Center,"The Losee Center is the UVU building whose rooftop, according to charging documents, the suspect used to fire the shot that killed Charlie Kirk on September 10, 2025.",image,/img/evidence/1d3e64f823d3d14050a164938495478e3bdf5c6e9c170cadafc962fb87c03c38.jpg,QmNwFxTUn3rpwy1sTcwCFYaDF8QyH2gNqYAv2ozizysAYC,"This image is a slightly blurry, high-angle photograph taken from inside a building, looking through a large glass window at a dense crowd of people gathered outdoors on a sunny…",ck-4sq-side,no,CK_AUTHOR_CREDIT,
/UVU/Pavers,site/docs/UVU/Pavers.mdx,mdx,3,UVU,UVU,no,Pavers — Dan Merrell's Account,Pavers — Merrell's Account,"Contractor Dan Merrell describes on video how he was called to pave over the UVU courtyard where Charlie Kirk was shot, and reports that the on-site coordinators told him the Utah governor and Kash Patel's FBI ordered the work completed by Monday.",video,/img/video_posters/aebb85a2280bdf296e98e7cd9c979e2cdb1b2b26a6c184ee7d2e23bb0b6713a0.jpg,QmRroFnN6ku7scJcNZXgTprhf8723Zic5oiBiRNogqHTRm,,ck-4sq-stack,no,CK_AUTHOR_CREDIT,
/UVU/Stingray-Device,site/docs/UVU/Stingray-Device.mdx,mdx,3,UVU,UVU,no,Stingray Device at UVU (Claims),Stingray Device,"Claims that Turning Point USA deployed an IMSI-catcher (Stingray) surveillance device at UVU on September 10, 2025, with photo evidence cited in commentary.",image,/img/evidence/443e2899d426c7b94cd00c4bd76497c128f501eb2dda7415b7502e1fc1d9f26d.jpg,QmYZYvXZ8Bv7a9Yat9Yu2MGgRrCEjojoNtEVPtAqybDkMR,This low-angle vertical photograph captures a small group of people gathered on an elevated concrete balcony or overpass under a bright blue sky with a wispy white cloud.,ck-4sq-side,no,CK_AUTHOR_CREDIT,
/UVU/Tent,site/docs/UVU/Tent.mdx,mdx,3,UVU,UVU,no,The Tent — Exploding Mic Theory,Tent,"The event tent at the UVU courtyard sits at the center of the 'exploding microphone' theory. Commentator Candace Owens argues, per a Project Constitution video, that a rigged mic explains the paved-over crime scene, excavated soil, and the search for Charlie Kirk's necklace.",video,/img/video_posters/9eb7a4e092fbf8a59af6aa881f137f9f4273d378cf604fc52b49373cced39abd.jpg,QmThpacy26yaTjsRcPSVegJQTNzRRSyXt23tKWjPZcyn3s,,ck-4sq-stack,no,CK_AUTHOR_CREDIT,
/UVU/UVU-Administration-Response,site/docs/UVU/UVU-Administration-Response.mdx,mdx,3,UVU,UVU,no,UVU Administration Response,UVU Administration Response,"Documented leadership and cabinet-level actions after the Charlie Kirk assassination — emergency alerts, campus closure, GRAMA-recorded pre-event decisions, and post-shooting messaging.",image,/img/evidence/ca4a9b1a2b0912b2e11e76b1e4c29786f471e082e18261c2109af3dfca5ca554.jpg,QmSxXsZuBeNph9PyEjfsH6WHYzjyqjJ1deBxTZUGaG1UTE,"This high-angle, wide-angle exterior photograph showcases a portion of the Utah Valley University (UVU) campus in Orem, Utah, during a bright, clear day.",ck-4sq-stack,no,CK_AUTHOR_CREDIT,
/UVU/UVU-Faculty-Statements,site/docs/UVU/UVU-Faculty-Statements.mdx,mdx,3,UVU,UVU,no,UVU Faculty Statements,UVU Faculty Statements,"What GRAMA records and public sources document about UVU faculty exposure on September 10 — training gaps, lockdown conditions, and publicly traceable statements.",image,/img/evidence/897f0112c19b340507a0f4f204302a3df2301f8ba0b9144c9441ee57877cdf8e.jpg,QmV2JkhZTmfVyNVZaXzRtGLhd9jRPbAq2RyR4tbeAL9zxV,"This is a digital screenshot of an academic profile webpage, likely from Google Scholar.",ck-4sq-stack,no,CK_AUTHOR_CREDIT,
/UVU/UVU-Institutional-Response,site/docs/UVU/UVU-Institutional-Response.mdx,mdx,3,UVU,UVU,no,UVU Institutional Response,UVU Institutional Response,"Institution-wide UVU response to the Charlie Kirk assassination — GRAMA-documented security posture, undelivered warnings, emergency systems, records withholding, and site changes.",image,/img/evidence/de898a433a0380ecdda0d7fa7c606fa191c77f7d0f2dd897bc395c2d889ddff4.jpg,QmRh45T8xe9wjvieYpk5YGU6RX5RDtCdM8Qm6qhgEwHUcS,"This low-resolution, slightly blurry video still captures a large crowd of people gathered outside a multi-level modern commercial or institutional complex.",ck-4sq-stack,no,CK_AUTHOR_CREDIT,
/UVU/UVU-Student-Reactions,site/docs/UVU/UVU-Student-Reactions.mdx,mdx,3,UVU,UVU,no,UVU Student Reactions,UVU Student Reactions,"Documented student-facing impacts at UVU on September 10 — lockdown, false alerts, counseling, vigil, and eyewitness media — grounded in official posts and GRAMA.",image,/img/evidence/65806daec3bd5680a6a3216bf20608308046014e4407c20d36e157981bada572.jpg,QmWeFj2JWW9A8W1iGPUNdrZbwL2Q2gDHHrhHs1PnAiFTDa,"This eye-level, wide shot captures a bustling indoor pavilion or student union concourse decorated with international flags hanging from a vibrant, multi-colored pipe-lined…",ck-4sq-stack,no,CK_AUTHOR_CREDIT,
/UVU/UVU_Investigation_Index,site/docs/UVU/UVU_Investigation_Index.mdx,mdx,3,UVU,UVU,no,UVU Investigation Index,UVU Investigation Index,"Working memo for the UVU angle — GRAMA failures, courtyard crime scene, security gaps, paving, tent/mic theories, witness accounts, and trial evidence at Utah Valley University.",none,,,,none,no,CK_AUTHOR_CREDIT,
/UVU/UVU_Social_Media_Response,site/docs/UVU/UVU_Social_Media_Response.mdx,mdx,3,UVU,UVU,no,UVU Social Media and Public Statements,UVU Social Media Response,Compiled factual claims from UVU's official X posts and related public statements after the Charlie Kirk assassination.,image,/img/evidence/6d632951576669350c400e2d5d0fd3dd8026d55d62bba34a357a5e30e2fd386b.jpg,QmWzzhyVV9KaVPFLSvapgfXTciRy4nqaTwnZXQD7Sa1TjY,This is a vertical screen capture of a video or social media post depicting several law enforcement officers in dark uniforms outdoors.,ck-4sq-side,no,CK_AUTHOR_CREDIT,
/UVU/maps,site/docs/UVU/maps.mdx,mdx,3,UVU,UVU,no,UVU Campus Maps,UVU Campus Maps,"Geographic guide to Utah Valley University's Orem campus for the Charlie Kirk investigation — courtyard event site, Losee Center, access paths, and links to spatial analysis.",image,/img/evidence/c179c1b5ed8b4d11f4954424119eb9bcb8384d2707daea475a4fe3e4e9b6c4e6.jpg,QmSNbP8NTeJBRhoB8U6yaiqt6rFhtpzoZEopq1ExSNtDw9,"This is a digital screen capture from Google Maps Street View showing the exterior of a modern, Brutalist-style concrete building with large glass windows.",ck-4sq-stack,no,CK_AUTHOR_CREDIT,
/UVU/overview,site/docs/UVU/overview.mdx,mdx,2,UVU,,yes,UVU,UVU,"Utah Valley University was the host site of the Charlie Kirk event on September 10, 2025 and plays a central role in understanding both the physical setting…",image,/img/evidence/cf9b7d26835764ea24972bb5eb46b5b6f579c7a0d2afe7f3b67fbb4c97fb6286.jpg,QmZSyw7jaVnPiiP3Rhn1R3GVRjFSCMRwhesanbp83jiSnr,This is a vertical screenshot of a mobile web browser displaying a schedule of events on the official website for the Governor of Utah (`governor.utah.gov`).,ck-4sq-side,no,CK_AUTHOR_CREDIT,
/UVU/pre-shooting-warnings,site/docs/UVU/pre-shooting-warnings.mdx,mdx,3,UVU,UVU,no,Pre-Shooting Warnings: Two Men Contacted UVU the Night Before,Pre-Shooting Warnings: Two Men Contacted UVU the Night Before,"According to UVU GRAMA records obtained by the Daily Caller News Foundation (50 documents, 112 pages), two separate individuals or groups attempted to flag…",image,/img/evidence/6ef9f5c368c1ab54bad79e2f120355988cf4ee9c1046840c920027c9aa4001d8.jpg,Qmd1tFNno6udyvMMhrTVscNRcoj3sPMfYNtfrkqL2JJZZj,UVU GRAMA records showing redacted communications from 9/9/2025 about two men asking to speak with police about a plan,ck-4sq-stack,no,CK_AUTHOR_CREDIT,
/Israel_Main_Suspect/censorship-extreme,site/docs/Israel_Main_Suspect/censorship-extreme.mdx,mdx,3,Israel_Main_Suspect,Israel_Main_Suspect,no,Extreme Censorship Around 9/10,Extreme Censorship,"Citizen investigators report heavy suppression and removal of posts, accounts, and eyewitness videos that raised the Israel and foreign-involvement angle after the September 10, 2025 killing of Charlie Kirk. All claims are attributed reports, not verified conclusions.",image,/img/evidence/b5e3017d380710281d697acad8cbdb410afa92b1d573a9ab590cb5a92c15c1ef.jpg,QmcrY4aZkQduMH7eBXFixxBxARoS5ZwAzySPCrGttbzFnN,"This is a low-resolution, slightly blurry still from a video shot outdoors on a bright, sunny day.",ck-4sq-stack,no,CK_AUTHOR_CREDIT,
/Israel_Main_Suspect/charlie-said-israel-would-kill-him,site/docs/Israel_Main_Suspect/charlie-said-israel-would-kill-him.mdx,mdx,3,Israel_Main_Suspect,Israel_Main_Suspect,no,Charlie Said Israel Would Kill Him,Charlie Said They'd Kill Him,"Reported statements attributed to Charlie Kirk voicing fear that breaking from Israel could get him killed. All quotes are alleged, drawn from second-hand posts and commentary, not verified transcripts.",image,/img/evidence/c6e3558eefef37084a72636ce342819caeb437de304a7929730ad37376d3d6da.jpg,QmYUcn27uZUAGuScKexgAwbqYKibY6SouZUUy7GVchdkaU,This image is a digital screenshot of a post on the social media platform X (formerly Twitter) by user Lauren Witzke (@LaurenWitzkeDE).,ck-4sq-stack,no,CK_AUTHOR_CREDIT,
/Israel_Main_Suspect/control-amfest-conferences,site/docs/Israel_Main_Suspect/control-amfest-conferences.mdx,mdx,3,Israel_Main_Suspect,Israel_Main_Suspect,no,Israel Needed Control Over Amfest Conferences,Control Amfest Conferences,"A motive analysis: AmericaFest and TPUSA's large conferences set movement direction, and reporting alleges controlling that stage and speaker lineup was a motive.",none,,,,none,no,CK_AUTHOR_CREDIT,
/Israel_Main_Suspect/control-christian-churches,site/docs/Israel_Main_Suspect/control-christian-churches.mdx,mdx,3,Israel_Main_Suspect,Israel_Main_Suspect,no,Israel Needed Control of US Christian Churches,Control Christian Churches,"Why reporting names control of the American evangelical church as a motive in Charlie Kirk's death — his reach into Christian audiences, Christian-Zionist support, and alleged church-targeting operations.",image,/img/evidence/ddf980c426381c6abf93ae9a15f87ad70cafb763253b3409c5fedd54e3bb391a.webp,QmUZLy8Rgr1FP9vr6tP2uevjZwgBtFUrebQ2gLKPpcUndd,This image is a digital graphic featuring a block of black sans-serif text displayed within a white rectangular box that has a subtle drop shadow.,ck-4sq-stack,no,CK_AUTHOR_CREDIT,
/Israel_Main_Suspect/control-college-campuses,site/docs/Israel_Main_Suspect/control-college-campuses.mdx,mdx,3,Israel_Main_Suspect,Israel_Main_Suspect,no,Israel Needed Control Over College Campuses,Control College Campuses,Why reporting names control of the conservative campus pipeline as a motive in Charlie Kirk's death — TPUSA's dominance of college organizing and its Israel messaging to young Americans.,image,/img/evidence/b177d8d471b32c8fb2b6d5db8c1afa4d58a538cc8952b0422262d8a661ca30d4.jpg,QmVdkC1HFH92yZR7QosrtHpQDGuYcbKzrhDrNYcxXFcVUq,"A high-angle, portrait-oriented photograph depicting a dense, massive crowd of mostly young people packed into an outdoor pedestrian plaza or walkway next to a multi-story…",ck-4sq-side,no,CK_AUTHOR_CREDIT,
/Israel_Main_Suspect/control-over-tpusa,site/docs/Israel_Main_Suspect/control-over-tpusa.mdx,mdx,3,Israel_Main_Suspect,Israel_Main_Suspect,no,Israel Needed Control Over TPUSA,Control Over TPUSA,"A reported motive theory: that removing Charlie Kirk offered a path to control Turning Point USA, the largest conservative youth org, after his Israel skepticism threatened its pro-Israel alignment.",none,,,,none,no,CK_AUTHOR_CREDIT,
/Israel_Main_Suspect/control-podcast,site/docs/Israel_Main_Suspect/control-podcast.mdx,mdx,3,Israel_Main_Suspect,Israel_Main_Suspect,no,Israel Needed Control Over the Podcast (Charlie/TPUSA),Control the Podcast,"A motive analysis: The Charlie Kirk Show was a top-ranked podcast, and reporting alleges controlling its editorial line on Israel after Charlie was a motive.",none,,,,none,no,CK_AUTHOR_CREDIT,
/Israel_Main_Suspect/control-social-videos,site/docs/Israel_Main_Suspect/control-social-videos.mdx,mdx,3,Israel_Main_Suspect,Israel_Main_Suspect,no,Israel Needed Control of Charlie's Social Videos,Control Social Videos,"A motive analysis: Charlie Kirk's massive short-form and social video reach shaped young opinion on Israel, and reporting alleges capturing that channel was a motive.",image,/img/evidence/9eef09cc303bf51fb495cf93564316be5e5f146ea3e3efbe44cb2658672f5784.jpg,QmesubCq4LuGP8neZD3GnW4UF6GHu8v9NXAweQZYecunxp,This image is a vertical screenshot of a mobile phone screen displaying a social media post on X (formerly Twitter) by the user &quot;@Andrew_JCC&quot;.,ck-4sq-side,no,CK_AUTHOR_CREDIT,
/Israel_Main_Suspect/coverup-foreign-involvement,site/docs/Israel_Main_Suspect/coverup-foreign-involvement.mdx,mdx,3,Israel_Main_Suspect,Israel_Main_Suspect,no,Cover-Up of Foreign Involvement,Cover-Up of Foreign Angle,"Reported efforts to rule out and suppress the foreign-involvement angle quickly after Charlie Kirk's death, including Russell Brand's cabinet-source allegation and Joe Kent's account of a blocked NCTC probe.",none,,,,none,no,CK_AUTHOR_CREDIT,
/Israel_Main_Suspect/extreme-motivation,site/docs/Israel_Main_Suspect/extreme-motivation.mdx,mdx,3,Israel_Main_Suspect,Israel_Main_Suspect,no,Extreme Motivation for Israel to Kill Charlie,Extreme Motivation,"Reported motive narratives holding that Israel-aligned actors had the single strongest incentive to want Charlie Kirk silenced. All items are attributed allegations, not court findings.",image,/img/evidence/b5e3017d380710281d697acad8cbdb410afa92b1d573a9ab590cb5a92c15c1ef.jpg,QmcrY4aZkQduMH7eBXFixxBxARoS5ZwAzySPCrGttbzFnN,"This is a low-resolution, slightly blurry still from a video shot outdoors on a bright, sunny day.",ck-4sq-stack,no,CK_AUTHOR_CREDIT,
/Israel_Main_Suspect/intelligence-service-behind,site/docs/Israel_Main_Suspect/intelligence-service-behind.mdx,mdx,3,Israel_Main_Suspect,Israel_Main_Suspect,no,Intelligence Service Behind Charlie's 9/10,Intel Service Behind 9/10,"The argument that the tradecraft, signals-intelligence footprint, and device sophistication reported around Charlie Kirk's killing point to an intelligence service rather than a lone 22-year-old — presented as attributed allegations, not proven fact.",image,/img/evidence/fae6e1ddb01b8bd52817d544cf6d30bc90659397296c1e103b580d285130e9aa.jpg,QmScGkL38CWcfTd75FmkFcpDCA7pifHh1smp8GgNSsicK6,"This is a composite graphic consisting of two stacked aerial-view panels, likely sourced from a mapping service or a 3D modeling environment.",ck-4sq-side,no,CK_AUTHOR_CREDIT,
/Israel_Main_Suspect/iran-war-charlie-vs-israel,site/docs/Israel_Main_Suspect/iran-war-charlie-vs-israel.mdx,mdx,3,Israel_Main_Suspect,Israel_Main_Suspect,no,Iran War (Charlie vs Israel),Iran War — Charlie vs Israel,"How the 2025 Israel-Iran war backdrop put Charlie Kirk's skeptical, anti-war voice in direct conflict with Israeli war aims at the moment he was killed — presented as reported allegations, not proven fact.",none,,,,none,no,CK_AUTHOR_CREDIT,
/Israel_Main_Suspect/israel-intel-flights-uvu,site/docs/Israel_Main_Suspect/israel-intel-flights-uvu.mdx,mdx,3,Israel_Main_Suspect,Israel_Main_Suspect,no,Israel Intel Flights & UVU,Israel Intel Flights & UVU,"Aircraft and flight-tracking claims that tie Israeli or intelligence-linked flights to the Utah Valley University timeframe around Charlie Kirk's September 10, 2025 killing.",image,/img/evidence/4a52029e51ebfe6005fda43173477f03b06e4bea7a4eea6d2e7ef00127eb4264.jpg,QmSLG5vuUwh2fFKtZm2z37v9t4Z5GTswEYww5hpAxwGnAt,"This is a digital screenshot of a mobile flight tracking application interface, specifically displaying the flight history of an aircraft with the registration SU-BND.",ck-4sq-side,no,CK_AUTHOR_CREDIT,
/Israel_Main_Suspect/israelis-present-at-uvu,site/docs/Israel_Main_Suspect/israelis-present-at-uvu.mdx,mdx,3,Israel_Main_Suspect,Israel_Main_Suspect,no,Israelis Present at UVU,Israelis Present at UVU,"Reporting and citizen investigators flag Israeli nationals and Israeli-registered cellphones allegedly present around Utah Valley University on or near September 10, 2025.",none,,,,none,no,CK_AUTHOR_CREDIT,
/Israel_Main_Suspect/leads-to-foreign-involvement,site/docs/Israel_Main_Suspect/leads-to-foreign-involvement.mdx,mdx,3,Israel_Main_Suspect,Israel_Main_Suspect,no,Leads to Foreign Involvement,Foreign-Involvement Leads,"Reported investigative leads pointing toward foreign, non-domestic involvement in the Charlie Kirk killing — including Joe Kent's NCTC account of blocked foreign-nexus leads.",none,,,,none,no,CK_AUTHOR_CREDIT,
/Israel_Main_Suspect/more-israel,site/docs/Israel_Main_Suspect/more-israel.mdx,mdx,3,Israel_Main_Suspect,Israel_Main_Suspect,no,More on Israel & 9/10,More on Israel & 9/10,"A roundup of additional Israel-angle threads in the Charlie Kirk case — Mossad supply-chain capability, an alleged $1 billion offer, the Hamptons pressure meeting, the Hezbollah pager analogy, and foreign phones flagged by NSA — each linking to its fuller page. All claims attributed, not verified.",image,/img/evidence/08e646b6168bcaa212f8ec4a5b091a830ac59975b7bf4add0d6452515851d511.jpg,QmVxHWbQyWjA7fKUgrxpnG2CL96BL3437aWcP8rE3qGGhq,"This eye-level, wide-angle outdoor photograph captures a large American flag draped over the side of a modern, brutalist-style concrete building on a university campus or civic…",ck-4sq-stack,no,CK_AUTHOR_CREDIT,
/Israel_Main_Suspect/online-narrative-control,site/docs/Israel_Main_Suspect/online-narrative-control.mdx,mdx,3,Israel_Main_Suspect,Israel_Main_Suspect,no,Online Narrative Control After 9/10,Online Narrative Control,"Citizen investigators allege coordinated online narrative control after Charlie Kirk's killing — antisemitism branding of foreign-angle questions, hasbara budgets, and rapid lone-suspect amplification. Attributed claims, not proven conclusions.",none,,,,none,no,CK_AUTHOR_CREDIT,
/Israel_Main_Suspect/overview,site/docs/Israel_Main_Suspect/overview.mdx,mdx,2,Israel_Main_Suspect,,yes,Israel Main Suspect,Israel Main Suspect,"Why reporting and citizen investigators name Israel and Mossad as the leading suspect in Charlie Kirk's death — motive, Israeli presence at UVU, the Iran war, TPUSA control, and foreign-involvement cover-up.",image,/img/evidence/f78f3a3ede1a3bbfda3cfd42d80f52f48dc1aedb7cfa2f64f5afb598372c125f.jpg,,"Visual Representation of Reported Injuries — anatomical chart marking, in red, the reported injury locations across the front and back torso, the neck, the internal chest, and two views of the brain.",ck-4sq-side,no,CK_AUTHOR_CREDIT,
/Israel_Main_Suspect/tpusa-before-vs-after,site/docs/Israel_Main_Suspect/tpusa-before-vs-after.mdx,mdx,3,Israel_Main_Suspect,Israel_Main_Suspect,no,TPUSA Before vs After Charlie,TPUSA Before vs After,"A look at the reported shifts in TPUSA's leadership, tone, and Israel posture before and after Charlie Kirk's death, framed entirely as open questions.",none,,,,none,no,CK_AUTHOR_CREDIT,
/Locations/Cedar_City_Maverik,site/docs/Locations/Cedar_City_Maverik.mdx,mdx,3,Locations,Locations,no,Cedar City Maverik Gas Station (I-15),Cedar City Maverik,"The Maverik gas station on I-15 in Cedar City, Utah, where Tyler Robinson was captured on surveillance around 7:15–7:17 AM on September 11, 2025.",image,/img/evidence/12b144753f31faf1f6a11a5bbd1ac42c309da98f1abbd35edcae4fe867d9b791.jpg,QmfRmU9i1VerzJ3mLJsU5sgaW4oP53dkVz7kq47aQvtvGk,This is a digital screenshot of a desktop web browser interface showing a 2D overhead map view on Google Maps.,ck-4sq-stack,no,CK_AUTHOR_CREDIT,
/Locations/Construction_Site_785_College,site/docs/Locations/Construction_Site_785_College.mdx,mdx,3,Locations,Locations,no,"Construction Site — 785 College Dr, Orem",Construction Site — 785 College,The Orem construction site at 785 College Dr where worker Dylan Hope reportedly saw a man in all-black tactical clothing — an alternate sighting thread near the UVU crime scene.,image,/img/evidence/b177d8d471b32c8fb2b6d5db8c1afa4d58a538cc8952b0422262d8a661ca30d4.jpg,QmVdkC1HFH92yZR7QosrtHpQDGuYcbKzrhDrNYcxXFcVUq,"A high-angle, portrait-oriented photograph depicting a dense, massive crowd of mostly young people packed into an outdoor pedestrian plaza or walkway next to a multi-story…",ck-4sq-side,no,CK_AUTHOR_CREDIT,
/Locations/Dairy_Queen_Orem,site/docs/Locations/Dairy_Queen_Orem.mdx,mdx,3,Locations,Locations,no,Dairy Queen — Orem (813 E 800 N),Dairy Queen — Orem,"The Orem Dairy Queen where Tyler Robinson was reportedly seen on CCTV at 6:38 PM on September 10, 2025 — six hours after the UVU shooting.",image,/img/evidence/51d602245489737a5f584aa6dfa9d40c897bdaca2ddaab746d83b02d7a556318.jpg,Qmasr6aq83oK63FAdPkeAPHNLWt2UT23GVNbpWDFztnMfa,"This image is a high-angle aerial shot of a modern institutional campus, likely Utah Valley University in Orem, Utah.",ck-4sq-stack,no,CK_AUTHOR_CREDIT,
/Locations/Fourth_District_Court_Provo,site/docs/Locations/Fourth_District_Court_Provo.mdx,mdx,3,Locations,Locations,no,Fourth District Court — Provo (Tyler Robinson Hearings),Fourth District Court,"The Fourth District Court in Provo, Utah, where Judge Tony Graf presides over hearings in State v. Tyler Robinson — including the September 16, 2025 first appearance.",image,/img/evidence/c128cae2e21246b976796118cbcc2c0f61c15300d9f948bb919bcc6018366697.jpg,QmYABDeZAS7MBKfm94bmnEtwBJruE1rWDrmT8f17rpKxNk,"This is a digital image of a single-page legal document, specifically an &quot;Information&quot; filing from the Fourth Judicial District Court in Utah County, State of Utah.",ck-4sq-side,no,CK_AUTHOR_CREDIT,
/Locations/Goat_Island,site/docs/Locations/Goat_Island.mdx,mdx,3,Locations,Locations,no,Goat Island,Goat Island,Goat Island has become a point of investigative interest after it was reportedly found as a desktop photo on Tyler Robinson's computer. Investigators also…,image,/img/evidence/8072748b3c6e18b221b5379c2b5721c1981db4cea43dd51563aded24db179009.jpg,QmbZjSe17pqBkg1e93MGLf2VCvR8mrAoUnZNJPfdB8fTG2,Kash Patel Valhalla statement — video 1 thumbnail,ck-4sq-stack,no,CK_AUTHOR_CREDIT,
/Locations/Investigation_Index,site/docs/Locations/Investigation_Index.mdx,mdx,3,Locations,Locations,no,Locations Investigation Index,Investigation Index,"Working index of every geographic location in the Charlie Kirk investigation — crime scene, custody chain, airports, and disputed property leads.",image,/img/evidence/5c5e4be051cc0d39fdc7a5624215fdddf1876982da33fe2f511fbc5f76e9c947.jpg,QmdRJctkitKHeXgV6AY7tgWMHV2kuY9HyULJzwJnU6MA7t,"This eye-level, medium-wide outdoor shot captures several FBI Evidence Response Team members searching a grassy roadside slope.",ck-4sq-stack,no,CK_AUTHOR_CREDIT,
/Locations/Palentire-House-Connection,site/docs/Locations/Palentire-House-Connection.mdx,mdx,3,Locations,Locations,no,Palantir / Palentire Property Claims,Palentire House Connection,"Open-source claims about Palantir-linked or Palentire property near the UVU gun-drop site — documented as disputed leads, not established facts.",image,/img/evidence/469d16de4be4f8b5288afaf2ca30772293ed6ad60c1f72eb3cb678cdd233e075.jpg,QmQF6e5XxJ8UKy29T6wG16v9hQgLDxcQkPJUdfT5dTgyQ1,"This eye-level, medium-wide exterior shot depicts three heavily armed, tactical-gear-clad men standing in the dry, grassy yard of a residential property during bright daylight.",ck-4sq-stack,no,CK_AUTHOR_CREDIT,
/Locations/Provo_Airport,site/docs/Locations/Provo_Airport.mdx,mdx,3,Locations,Locations,no,Provo Municipal Airport (PVU),Provo Airport,"Provo Municipal Airport, the closest airfield to UVU, is central to several flight-related questions in the Charlie Kirk investigation — from a foreign jet to badge-access records.",image,/img/evidence/a9075e4c73fc45b9b32b9f2a0ecffcb596d46cd8f2589b2999abac4925f2207f.jpg,QmRHGQhYCrqjnb9PCDuJzBWomxMGhQ816FCjsbHULSzaxK,"This is a Google Maps street-view style interior photograph captured inside a modern, industrial-themed academic or municipal building corridor, possibly a university campus or…",ck-4sq-stack,no,CK_AUTHOR_CREDIT,
/Locations/Public-Speaking-Event-UVU,site/docs/Locations/Public-Speaking-Event-UVU.mdx,mdx,3,Locations,Locations,no,"UVU Public Speaking Event (September 10, 2025)",Public Speaking Event — UVU,"Location-focused overview of the TPUSA courtyard speaking event where Charlie Kirk was shot — layout, security posture, and investigative cross-links.",image,/img/evidence/5f83c6e3644de794e6ba872cc40d57898f26bac9ba4d0fd4e3c46c598f172ebc.jpg,Qmf7ZQjL3zQMFJzhTnLynCXTuPuN3rvtLugs3HFyiJLdDN,"This image displays a high-angle, wide-angle exterior view of a modern institutional or corporate building complex with a landscaped courtyard, captured under a bright, partly…",ck-4sq-stack,no,CK_AUTHOR_CREDIT,
/Locations/Timpanogos_Regional_Hospital,site/docs/Locations/Timpanogos_Regional_Hospital.mdx,mdx,3,Locations,Locations,no,Timpanogos Regional Hospital (Orem),Timpanogos Hospital,Timpanogos Regional Hospital in Orem — where Charlie Kirk was transported after the UVU shooting and where citizen threads debate transport protocol and ER activity.,image,/img/evidence/4226b8db5485a5a29c12dd31bd9e0fbe2547d8d4f2046ab52a321794a735b623.jpg,QmdaxrozFuwnGKsQZ3Q5BxzCJZLGujKHwAFh6mFbhjS9dr,This is a digital graphic featuring a typed itinerary of travel routes organized by year from 2022 to 2025.,ck-4sq-stack,no,CK_AUTHOR_CREDIT,
/Locations/Tyler_Apartment,site/docs/Locations/Tyler_Apartment.mdx,mdx,3,Locations,Locations,no,Tyler Robinson Residences (St. George & Washington City),Robinson Residences,"The two southern-Utah residences tied to the accused, Tyler Robinson — his St. George apartment and his family's home in Washington City — both searched after his September 11, 2025 surrender.",image,/img/evidence/6d4156df0ce4dc33412c6983d651f6ed9760abbb7ca946d82cc7ac893c76c86f.jpg,QmVLrpyfb1SdbeGVA4Q7Toe1tNnhAtiT7VX2jUurbUDVnt,"This is a widescreen digital composite or split-screen graphic from a video broadcast, likely a podcast or interview show.",ck-4sq-stack,no,CK_AUTHOR_CREDIT,
/Locations/University-House-Ownership,site/docs/Locations/University-House-Ownership.mdx,mdx,3,Locations,Locations,no,University House Ownership Claims,University House Ownership,Disputed claims that UVU or adjacent university-house property ties to the gun-drop site or suspect timeline — a property lead requiring deed verification.,image,/img/evidence/40fad2de9820c3bc0dc92e47e4e91cf815e665107b4613bdb5ecba02e810b1a5.jpg,QmZFJpztqVF5PdmVrrnDNmbkEjf6RE6vNJkbJAfrXxL4x6,"This is a digital screen capture of a satellite aerial map view, displaying a suburban neighborhood intersection.",ck-4sq-stack,no,CK_AUTHOR_CREDIT,
/Locations/Utah_County_Jail,site/docs/Locations/Utah_County_Jail.mdx,mdx,3,Locations,Locations,no,Utah County Jail (Spanish Fork),Utah County Jail,"The Utah County Jail in Spanish Fork, Utah, where the accused Tyler Robinson has been held since September 2025 and from which he appears at court hearings.",image,/img/evidence/c83f77ea6d431315b350c00cd1d681f20f0a2cddfaacfed558ec39aa4c86b7ef.jpg,QmUvbbTKxvntUPCqmo6emjbTCw3SXmGYoRiGpsuZeVC7pU,This image is a digital document scan or a high-resolution screenshot of a printed legal exhibit page labeled &quot;Exhibit E&quot;.,ck-4sq-side,no,CK_AUTHOR_CREDIT,
/Locations/Valhalla,site/docs/Locations/Valhalla.mdx,mdx,3,Locations,Locations,no,Valhalla Danish House,Valhalla Danish House,The Valhalla Danish House is a location that has come to the attention of investigators due to two converging threads: Kash Patel's striking use of the word…,image,/img/evidence/8072748b3c6e18b221b5379c2b5721c1981db4cea43dd51563aded24db179009.jpg,QmbZjSe17pqBkg1e93MGLf2VCvR8mrAoUnZNJPfdB8fTG2,Kash Patel Valhalla statement — video 1 thumbnail,ck-4sq-stack,no,CK_AUTHOR_CREDIT,
/Locations/Washington_County_Sheriff,site/docs/Locations/Washington_County_Sheriff.mdx,mdx,3,Locations,Locations,no,Washington County Sheriff's Office (Surrender Site),Sheriff's Office (Surrender),"The Washington County Sheriff's Office in Hurricane, Utah, where the accused Tyler Robinson turned himself in on the evening of September 11, 2025.",image,/img/evidence/c128cae2e21246b976796118cbcc2c0f61c15300d9f948bb919bcc6018366697.jpg,QmYABDeZAS7MBKfm94bmnEtwBJruE1rWDrmT8f17rpKxNk,"This is a digital image of a single-page legal document, specifically an &quot;Information&quot; filing from the Fourth Judicial District Court in Utah County, State of Utah.",ck-4sq-side,no,CK_AUTHOR_CREDIT,
/Locations/Wooded_Area_Gun_Recovery,site/docs/Locations/Wooded_Area_Gun_Recovery.mdx,mdx,3,Locations,Locations,no,Wooded Area — Gun Recovery (North of UVU),Wooded Area — Gun Recovery,The wooded area north of Utah Valley University where a scoped Mauser .30-06 rifle was reportedly recovered — central to ballistics and property-boundary questions.,image,/img/evidence/31ae535cff613979d05b0e07024ddb7db6d0fa1fc6cfd3b5b2bda4fb566d20ed.jpg,QmRzLRRRRFd4C2eqPY6rpGchAyEzz9c5kQt5JCwVdpKQUV,"This image is a digital screenshot of a Google Maps interface showing driving navigation routes between Orem and Provo, Utah.",ck-4sq-stack,no,CK_AUTHOR_CREDIT,
/Locations/overview,site/docs/Locations/overview.mdx,mdx,2,Locations,,yes,Property & Locations,Locations,"A hyperlinked index of every key location in the Charlie Kirk investigation — crime scene, custody chain, airports, hospitals, courts, and disputed property leads.",image,/img/evidence/402ad140da82ce7553a2c5a2b766be9f8d4020530a5969d6257b00c52cf7ac4e.jpg,QmRVSw1A4NSb7SCD7wiLUfVB93k5Uv7vwZ5dYLjM8EejLb,"This high-angle, exterior wide shot captures a portion of a modern university campus during the day, showing several concrete and brick buildings, a central plaza with stairs, and…",ck-4sq-stack,no,CK_AUTHOR_CREDIT,
/technology_surveillance/overview,site/docs/technology_surveillance/overview.mdx,mdx,2,technology_surveillance,,yes,Technology & Surveillance,Technology & Surveillance,"This directory contains information about drones, surveillance, and technical evidence related to the Charlie Kirk incident.",image,/img/evidence/85d2c79d368c6b0be49488a79eb7210a7001b2e1349814395ef1ea0a97d9ca4e.jpg,Qmc9uMbTQ7gL9y1XadQHKm64a1ARhWbEQ7fCoPXVuf2GoC,This is a digital screenshot of a Facebook personal profile page belonging to a user named Duane Burt.,ck-4sq-side,no,CK_AUTHOR_CREDIT,
/Medical/Death_Timeline,site/docs/Medical/Death_Timeline.mdx,mdx,3,Medical,Medical,no,Death Timeline — Shot to Pronouncement,Death Timeline,"Reconstructs the minutes from the ~12:23 PM shot through SUV transport, ER intake, OR time, and ~1:03 PM pronouncement — including Jerusalem Post timing conflicts.",none,,,,none,no,CK_AUTHOR_CREDIT,
/Medical/Investigation_Index,site/docs/Medical/Investigation_Index.mdx,mdx,3,Medical,Medical,no,Medical Investigation Index,Investigation Index,"Working memo for medical, forensic, autopsy, and hospital threads in the Charlie Kirk case — timeline, wounds, fragments, facility choice, and sealed records.",none,,,,none,no,CK_AUTHOR_CREDIT,
/Medical/Timpanogos_Facility,site/docs/Medical/Timpanogos_Facility.mdx,mdx,3,Medical,Medical,no,Timpanogos Regional Hospital,Timpanogos Facility,"Profile of Timpanogos Regional Hospital — Level IV trauma center, distance from UVU, Andrew Zenger leadership, cleared-ER claims, and why investigators question the transport choice.",image,/img/evidence/addb61388389831fd0593897c7a6121d67c12187cfca0dfe2574ad7e2c1fa9f1.jpg,QmanEJSSaoYZUvz25EYS5ZAbTbn8Mp6E1LkXJDxQbyGMRn,"This high-angle, outdoor photograph captures a massive crowd of hundreds of young adults gathered in a concrete plaza or courtyard.",ck-4sq-stack,no,CK_AUTHOR_CREDIT,
/Medical/Witness_Account_Conflicts,site/docs/Medical/Witness_Account_Conflicts.mdx,mdx,3,Medical,Medical,no,Witness Account Conflicts — Chest vs Neck,Witness Conflicts,Documents conflicting on-camera witness descriptions of Charlie Kirk's wound location — chest/heart versus neck — and what that means for the exploding-mic thesis.,image,/img/evidence/af997f70d8e3ffea08d811389de0b4fcc56f6ae11e6c84c08938f7621be0720e.jpg,QmdEaqFxfmmuyxUmSBkKRTN3rf67hTZedsT2KpA92xndDR,"This image is a digital medical illustration depicting a side-profile view of a human head and neck, focusing on the cervical spine.",ck-4sq-stack,no,CK_AUTHOR_CREDIT,
/Medical/autopsy_report_not_public,site/docs/Medical/autopsy_report_not_public.mdx,mdx,3,Medical,Medical,no,Autopsy Report Not Public,Autopsy Report Not Public,"No autopsy report for Charlie Kirk has been released publicly. This page separates the 'no autopsy' claim from the evidence an autopsy occurred, and explains why the report is withheld.",none,,,,none,no,CK_AUTHOR_CREDIT,
/Medical/ballistics_and_wound_analysis,site/docs/Medical/ballistics_and_wound_analysis.mdx,mdx,3,Medical,Medical,no,Ballistics and Wound Analysis,Ballistics & Wound Analysis,"Compares official .30-06 rooftop ballistics to wound morphology, ATF inconclusive fragment analysis, CornerShot 9mm theory, and shaped-charge/mic alternatives.",none,,,,none,no,CK_AUTHOR_CREDIT,
/Medical/buses_to_move_patients,site/docs/Medical/buses_to_move_patients.mdx,mdx,3,Medical,Medical,no,Buses to Move Patients (Claims),Buses to Move Patients,"Candace Owens said Timpanogos ER patients were transferred aboard shuttles to Intermountain / Utah Valley Hospital around 11:30am on September 10, 2025 — before Charlie Kirk was shot. No bus vendor, photo, or driver has been publicly identified.",none,,,,none,no,CK_AUTHOR_CREDIT,
/Medical/charlie_kirk_autopsy_report,site/docs/Medical/charlie_kirk_autopsy_report.mdx,mdx,3,Medical,Medical,no,Charlie Kirk Autopsy Report,Charlie Kirk Autopsy Report,"Everything known about the Charlie Kirk autopsy report — when the autopsy happened, what the Utah Medical Examiner document says in court, why the full report is sealed from the public, and how fragments and injury excerpts shape the investigation.",none,,,,none,no,CK_AUTHOR_CREDIT,
/Medical/charlie_kirk_medical_examiner_name,site/docs/Medical/charlie_kirk_medical_examiner_name.mdx,mdx,3,Medical,Medical,no,Charlie Kirk Medical Examiner Name,Charlie Kirk Medical Examiner Name,"Charlie Kirk Medical Examiner Name — who is named in court and commentary as the pathologist and office leadership behind the Utah autopsy: Dr. Andrew Guajardo (reportedly left the SLC office for New York in March 2026), Chief ME Dr. Deirdre Amaro, Texas commentator Dr. Kendall Crowns, and unverified name claims.",none,,,,none,no,CK_AUTHOR_CREDIT,
/Medical/charlie_kirk_medical_examiner_report,site/docs/Medical/charlie_kirk_medical_examiner_report.mdx,mdx,3,Medical,Medical,no,Charlie Kirk Medical Examiner Report,Charlie Kirk Medical Examiner Report,"Focused page on the Charlie Kirk medical examiner report — State's Exhibit 11 at the Tyler Robinson preliminary hearing, what Agent Hull testified it contains, the hearsay battle, non-publication order, and injury excerpts quoted in later filings.",none,,,,none,no,CK_AUTHOR_CREDIT,
/Medical/charlie_kirk_medical_records_before_shooting,site/docs/Medical/charlie_kirk_medical_records_before_shooting.mdx,mdx,3,Medical,Medical,no,Charlie Kirk's ER File Sent to the Wrong Hospital (Claims),CK File Sent to Wrong Hospital,"X discussion of Candace Owens's Timpanogos tip claims Charlie Kirk's ER file was swept into the mass records transfer and landed at Utah Valley Hospital in Provo — a hospital he was never taken to — before he was shot at 12:24 PM on September 10, 2025. Unverified; ordinary pre-registration and post-event confusion are also possible.",none,,,,none,no,CK_AUTHOR_CREDIT,
/Medical/charlie_trip_to_hospital,site/docs/Medical/charlie_trip_to_hospital.mdx,mdx,3,Medical,Medical,no,Charlie Trip to Hospital,Charlie Trip to Hospital,"How Charlie Kirk was transported from Utah Valley University to Timpanogos Regional Hospital after the shooting — the SUV, the timeline, the distances, and the questions raised.",image,/img/evidence/16a23c9332a85d0f438f39d349a0ff24910fae655f239e2f67998ca810d89c8b.png,QmbV3MLtUTGievqHT1C6mWRHU4zFcPww8UzNvKnjq5Co2d,"This image is a flat, digital screenshot of a spreadsheet containing a flight log or itinerary data table.",ck-4sq-stack,no,CK_AUTHOR_CREDIT,
/Medical/charlies_injuries,site/docs/Medical/charlies_injuries.mdx,mdx,3,Medical,Medical,no,Charlie's Injuries,Charlie's Injuries,"A July 2026 court filing lists injuries far beyond a single neck wound — hemopericardium, bilateral hemothorax, subarachnoid brain hemorrhaging, lung hematomas, and multiple airway cartilage disruptions.",image,/img/evidence/997cdcbf51b382a504554ab541d00ff4a5c0161e5324248f93399bd2aeb4ab27.jpg,,Screenshot of a court filing page quoting the medical examiner,ck-4sq-side,no,CK_AUTHOR_CREDIT,
/Medical/construction_and_site_changes,site/docs/Medical/construction_and_site_changes.mdx,mdx,3,Medical,Medical,no,Construction and Site Changes,Site Changes,"Post-incident tent paving and site alterations four days after September 10 — named contractors, Sunday work timing, and forensic preservation concerns.",image,/img/evidence/fe7d5b5a85f8dd1ea5c3fa4051a40f519b41d51848cb8d068fb0d44f04bd9d15.jpg,Qmax5inTUcJwU1TzVreh68bZ1vae8Zxgq5E47uXdiA1No9,"This vertical-format image shows two construction workers standing on a metal scaffolding structure, performing overhead masonry or concrete repair work on the underside of a…",ck-4sq-side,no,CK_AUTHOR_CREDIT,
/Medical/doctor_dc_phone_call,site/docs/Medical/doctor_dc_phone_call.mdx,mdx,3,Medical,Medical,no,Doctor DC Phone Call,Doctor DC Phone Call,"The unverified claims tying a phone call to the doctor/hospital scene after Charlie Kirk's arrival — a surgeon reportedly stepping out to call, and a Washington, DC thread running through the pre-event searches and the physician-parking pickup.",none,,,,none,no,CK_AUTHOR_CREDIT,
/Medical/doctors,site/docs/Medical/doctors.mdx,mdx,3,Medical,Medical,no,Doctors,Doctors,"The doctors and surgeons connected to Charlie Kirk's treatment and death at Timpanogos Regional Hospital, and the unverified claims surrounding them.",image,/img/evidence/502cea0e75d4dd0e85d85952048a4e17e7bcd6fea70264f5e07a83ff24801c39.jpg,QmXueFUfaKekACFBurQG4xUxYqDZWMfdxxmXWaeLGyqBzK,This image is a screenshot of a mobile web browser displaying a post from the social media platform X (formerly Twitter).,ck-4sq-side,no,CK_AUTHOR_CREDIT,
/Medical/doctors_question_me_report,site/docs/Medical/doctors_question_me_report.mdx,mdx,3,Medical,Medical,no,Doctors Question the Medical Examiner's Report,Doctors Question the ME Report,Two self-identified physicians — a surgeon and a retired cardiologist — publicly say the injuries listed in the Charlie Kirk medical examiner's report do not fit a single rifle round fired from the Losee rooftop.,image,/img/evidence/11be879ea149ce8324fbc1517c294770629b146f2069fb9b77e8a3c7e3a1392e.jpg,,"Screenshot of a YouTube comment by @ruthmayforth5933, self-identified as a surgeon, arguing that the rooftop trajectory is not possible given that the left side of C2-C7 was obliterated, and that a shaped charge at the left waist would explain an upward path.",ck-4sq-stack,no,CK_AUTHOR_CREDIT,
/Medical/events_at_hospital,site/docs/Medical/events_at_hospital.mdx,mdx,3,Medical,Medical,no,Events at Hospital,Events at Hospital,"Reported events at Timpanogos Regional Hospital after Charlie Kirk arrived — the OR, the pronouncement of death, and unverified eyewitness accounts about the scene outside.",image,/img/evidence/4aa8288d8057815dd2e7d726cef33a23abe0f2d122c06e5d4958b5b26e1f88b9.png,QmQyTaTEFoxcboiwKVy1VeRjWJTtBUyEdkeveCQxmmkxWg,"This is a digital graphic featuring a detailed timeline chart tracking travel, &quot;Flight Overlaps,&quot; and associated &quot;Other Events&quot; spanning the years 2023, 2024, and 2025.",ck-4sq-stack,no,CK_AUTHOR_CREDIT,
/Medical/hospital_leader,site/docs/Medical/hospital_leader.mdx,mdx,3,Medical,Medical,no,Hospital Leader,Hospital Leader,"Leadership of Timpanogos Regional Hospital around the time of Charlie Kirk's death, focused on newly appointed CEO Andrew Zenger and the questions investigators have raised about the timing.",image,/img/evidence/00aaceb54e72d2324500503141dec534ef32ea55f1ea0335f80caaf77ca28a0d.jpg,QmXkX2dREDLBzsbPqnrLwC8n8km93VhaC2XNKqudcgEQMZ,This image is a portrait-orientation smartphone screenshot of the Perplexity search assistant mobile application.,ck-4sq-side,no,CK_AUTHOR_CREDIT,
/Medical/hospital_people_and_bullet_claims,site/docs/Medical/hospital_people_and_bullet_claims.mdx,mdx,3,Medical,Medical,no,Hospital People and Bullet Claims,Hospital People & Bullet Claims,Claims relayed by TPUSA-affiliated figures about what the treating doctor supposedly said regarding the bullet — carefully separated from what was actually confirmed — and how they fit the ballistics debate.,none,,,,none,no,CK_AUTHOR_CREDIT,
/Medical/hospital_security_cameras_removed,site/docs/Medical/hospital_security_cameras_removed.mdx,mdx,3,Medical,Medical,no,Hospital Security Cameras Removed,Hospital Security Cameras Removed,"Open questions about whether Timpanogos Regional Hospital's surveillance footage from September 10, 2025 exists, was preserved, or has been released — set against a broader pattern of footage handling in the case.",none,,,,none,no,CK_AUTHOR_CREDIT,
/Medical/israel_google_searches_medical_people,site/docs/Medical/israel_google_searches_medical_people.mdx,mdx,3,Medical,Medical,no,Israel Google Searches for Medical People,Israel Google Searches (Medical),"The citizen-investigator claim that the medical examiner, hospital, and surgeons connected to Charlie Kirk's case were searched from Israeli IP addresses before September 10, 2025.",none,,,,none,no,CK_AUTHOR_CREDIT,
/Medical/lapel_mic_and_audio_theories,site/docs/Medical/lapel_mic_and_audio_theories.mdx,mdx,3,Medical,Medical,no,Lapel Mic and Audio Theories,Lapel Mic & Audio,"Medical mechanism theories for an explosive lavalier mic or IEM — PETN shaped charge, necklace displacement, Canon XA55 stage detonation, and PA audio injection.",none,,,,none,no,CK_AUTHOR_CREDIT,
/Medical/medical_examiner,site/docs/Medical/medical_examiner.mdx,mdx,3,Medical,Medical,no,Medical Examiner,Medical Examiner,"Dr. Deirdre Amaro, Utah's chief medical examiner from July 1, 2025, the unverified Angela Hammond claim, and questions investigators have raised about the autopsy.",image,/img/evidence/6b0f77aaf4c035c572920c8f06e1e26cb7dc7021bdcf669120d2c31cf84833f4.jpg,QmPGUmfqJjR1wfBhTnyiiKfcieNyrcVDybG7d9vusxDXYD,"This image is a digital scan or direct export of a single-page document, identified as &quot;Page 3 of 4&quot; of an official report.",ck-4sq-side,no,CK_AUTHOR_CREDIT,
/Medical/medical_staff_changes,site/docs/Medical/medical_staff_changes.mdx,mdx,3,Medical,Medical,no,Medical Staff Changes,Medical Staff Changes,"The pattern of newly appointed medical examiner and hospital leadership in the weeks before September 10, 2025, and the timing questions investigators have raised.",none,,,,none,no,CK_AUTHOR_CREDIT,
/Medical/military_backgrounds_hospital_staff,site/docs/Medical/military_backgrounds_hospital_staff.mdx,mdx,3,Medical,Medical,no,Military Backgrounds Among Hospital Staff (Claim),Military Backgrounds — Staff,"A woman who says she formerly worked at the hospital describes the treating surgeon as a pediatric surgeon with a military residency, and says many ED providers and male nurses are former or reserve military — an unverified first-person claim.",none,,,,none,no,CK_AUTHOR_CREDIT,
/Medical/missing_spinal_cord_question,site/docs/Medical/missing_spinal_cord_question.mdx,mdx,3,Medical,Medical,no,The Missing Spinal Cord: When Was It Removed?,Missing Spinal Cord Question,"A citizen post asks how Charlie Kirk could keep hold of the microphone if his cervical spinal cord was transected, and when the portion the medical examiner calls 'traumatically absent' actually went missing. A handwritten witness affidavit describing a 'dime size' wound is offered as support.",image,/img/evidence/e85f155fc2777d1f6e2ae2856c9289fd0b8db3ec3711f24ccd1c514e78de69bd.jpg,,"Handwritten Voluntary Statement / Affidavit, page 2 of 3, from an anonymous witness at the Utah Valley University event. The witness name is blacked out. Highlighted passages describe hearing a loud pop, seeing Charlie Kirk",ck-4sq-side,no,CK_AUTHOR_CREDIT,
/Medical/overview,site/docs/Medical/overview.mdx,mdx,2,Medical,,yes,Medical,Medical,"Hub for medical, forensic, autopsy, and hospital questions in the Charlie Kirk case — wounds, fragments, Timpanogos transport, sealed records, and witness conflicts.",image,/img/evidence/f78f3a3ede1a3bbfda3cfd42d80f52f48dc1aedb7cfa2f64f5afb598372c125f.jpg,,"Visual Representation of Reported Injuries — anatomical chart marking, in red, the reported injury locations across the front and back torso, the neck, the internal chest, and two views of the brain.",ck-4sq-side,no,CK_AUTHOR_CREDIT,
/Medical/patient_medical_records_transferred,site/docs/Medical/patient_medical_records_transferred.mdx,mdx,3,Medical,Medical,no,Patient Medical Records Transferred (Claims),Patient Medical Records Transferred,"Candace Owens said Timpanogos ER patients' files moved with them to Intermountain / Utah Valley Hospital the morning of September 10, 2025 — before Charlie Kirk was shot. Unverified; chart transfer is ordinary if a real diversion occurred.",none,,,,none,no,CK_AUTHOR_CREDIT,
/Medical/patients_moved_to_another_hospital,site/docs/Medical/patients_moved_to_another_hospital.mdx,mdx,3,Medical,Medical,no,Patients Moved to Another Hospital (Claims),Patients to Another Hospital,"Candace Owens relayed an anonymous claim that Timpanogos Regional Hospital transferred emergency-room patients to Intermountain / Utah Valley Hospital around 11:30am on September 10, 2025 — before Charlie Kirk was shot. Unverified.",none,,,,none,no,CK_AUTHOR_CREDIT,
/Medical/patients_moved_to_another_wing,site/docs/Medical/patients_moved_to_another_wing.mdx,mdx,3,Medical,Medical,no,Patients Moved to Another Wing (Claims),Patients Moved to Another Wing,"Candace Owens relayed an anonymous claim that Timpanogos Regional Hospital moved emergency-room patients into a different wing around 10am on September 10, 2025 — more than two hours before Charlie Kirk was shot. Unverified; examined against ordinary hospital practice.",none,,,,none,no,CK_AUTHOR_CREDIT,
/Medical/shape_charge_vs_bullet,site/docs/Medical/shape_charge_vs_bullet.mdx,mdx,3,Medical,Medical,no,Shape Charge vs Bullet: from Medical Examiner results,Shape Charge vs Bullet,"The Medical Examiner findings quoted in the court filing — hemopericardium, bilateral hemothorax, intercostal and subarachnoid hemorrhaging — scored against two hypotheses: a .30-06 rifle round and a shaped charge.",image,/img/evidence/997cdcbf51b382a504554ab541d00ff4a5c0161e5324248f93399bd2aeb4ab27.jpg,,"Page 3 of the court filing quoting the Medical Examiner: bilateral apical and posterior intercostal hemorrhages, pulmonary apical hemorrhages/hematomas, multiple disruptions of the thyroid, cricoid and tracheal cartilages, hemopericardium, left and right hemothorax, and subarachnoid hemorrhaging.",ck-4sq-side,no,CK_AUTHOR_CREDIT,
/Medical/state_brief_trajectory_contradiction,site/docs/Medical/state_brief_trajectory_contradiction.mdx,mdx,3,Medical,Medical,no,The State's Brief: Downward Trajectory vs C2–C7 Damage,Trajectory vs C2–C7 Damage,"Two pages of the State's probable-cause brief say the bullet travelled downward, and quote the medical examiner saying it obliterated the left side of C2–C7. Critics say those two statements pull in opposite directions.",image,/img/evidence/e236298c4d57a71bb07e2fa4dbff5312201fcea0c9999e16ede4070ffaa86f28.jpg,,Page 2 of the State,ck-4sq-stack,no,CK_AUTHOR_CREDIT,
/Medical/surgeon_warned_before_surgery,site/docs/Medical/surgeon_warned_before_surgery.mdx,mdx,3,Medical,Medical,no,Surgeon Warned Before Surgery (Claim),Surgeon Warned Before Surgery,"Secondhand claim that a Timpanogos surgeon with a September 10, 2025 surgery was called and warned he would not leave the hospital for a long time if he came in.",none,,,,none,no,H2_INTERESTING,
/Medical/timpanogos_911_call,site/docs/Medical/timpanogos_911_call.mdx,mdx,3,Medical,Medical,no,The 911 Call That Reportedly Never Came (Claims),Timpanogos 911 Call,"A claim relayed on the Candace Owens podcast that someone from Timpanogos Regional Hospital says no 911 call ever came through for Charlie Kirk — an anonymous, uncorroborated account examined against what is already known about the SUV transport.",image,/img/evidence/c45cecc9e1589d0f74ffadc63096080ad11a6168b62fdf35cf20f618ff68fc17.jpg,QmbKyFtYHb2NxcTpufHuRFeG3pQZMJVetxzaywiw3LdJuA,"This is a high-resolution, flat-lay digital scan of a printed legal document or official complaint written in English, dated November 20, 2019.",ck-4sq-side,no,CK_AUTHOR_CREDIT,
/Medical/timpanogos_er_cleared_before_shooting,site/docs/Medical/timpanogos_er_cleared_before_shooting.mdx,mdx,3,Medical,Medical,no,Timpanogos ER Reportedly Cleared Before the Shooting (Claims),ER Cleared Before Shooting,"An anonymous account relayed by Candace Owens claims Timpanogos Regional Hospital moved its emergency room patients to another wing around 10am on September 10, 2025 and shuttled them to Intermountain by 11:30am — over two hours before Charlie Kirk was shot. Unverified and examined against ordinary explanations.",none,,,,none,no,CK_AUTHOR_CREDIT,
/Medical/trial_and_autopsy_report,site/docs/Medical/trial_and_autopsy_report.mdx,mdx,3,Medical,Medical,no,Trial and Autopsy Report,Trial and Autopsy Report,How the bullet and lead fragments recovered during Charlie Kirk's autopsy intersect with the Tyler Robinson capital trial — the inconclusive ATF report and the disputed FBI testing.,none,,,,none,no,CK_AUTHOR_CREDIT,
/Medical/utah_autopsy_law_changes,site/docs/Medical/utah_autopsy_law_changes.mdx,mdx,3,Medical,Medical,no,Utah Autopsy Law Changes,Utah Autopsy Law Changes,"Utah's 2025 SB0082 Autopsy Photo Amendments — what the law does, when it took effect, and the timing questions citizen investigators have raised about it.",none,,,,none,no,CK_AUTHOR_CREDIT,
/Medical/Hospital/emergency_response,site/docs/Medical/Hospital/emergency_response.mdx,mdx,4,Medical,Medical,no,Hospital and Emergency Response,Emergency Response & Records,"The in-hospital emergency response to Charlie Kirk: receiving facility, leadership, ER timeline questions, and the records that remain unconfirmed.",image,/img/evidence/1269205ee3f382dd9cecec6891fa070ce3444f13377b4ab751211ff6141c0974.jpg,QmUujTi844tzyyX1hHF7VEy5yfN8W2R3UikNbvefmQxdUJ,"This eye-level, medium-wide outdoor shot captures several police officers at what appears to be an active crime scene or vehicle stop on a city street.",ck-4sq-side,no,CK_AUTHOR_CREDIT,
/Medical/Hospital/hospital_choice_transport,site/docs/Medical/Hospital/hospital_choice_transport.mdx,mdx,4,Medical,Medical,no,Hospital Choice & Transport,Hospital Choice & Transport,One of the most frequently raised questions in the medical dimension of the Charlie Kirk investigation is why he was transported to a farther…,image,/img/evidence/5ed444d4585ab4a64f256a08cf562f48771691a0949953a2072c803640aeb662.jpg,QmUKc1JJKpvY7rm388JUtvB2ArecXvdEWgoi8Ybsrn1Gfy,"This is a digital screenshot of a text messaging conversation, appearing to be from a mobile chat application like WhatsApp in dark mode.",ck-4sq-stack,no,CK_AUTHOR_CREDIT,
/Medical/Hospital/hospital_scene_ems,site/docs/Medical/Hospital/hospital_scene_ems.mdx,mdx,4,Medical,Medical,no,Hospital Scene & EMS Response,Hospital Scene & EMS Response,"This page documents claims about what happened at the hospital after Charlie Kirk's arrival, the EMS response at UVU, and related evidence-handling questions.",none,,,,none,no,CK_AUTHOR_CREDIT,
/Medical/Hospital/overview,site/docs/Medical/Hospital/overview.mdx,mdx,3,Medical,Medical,yes,Hospital,Hospital,"Hospital choice, transport, and emergency-room response questions surrounding Charlie Kirk's death on September 10, 2025 at Utah Valley University.",none,,,,none,no,CK_AUTHOR_CREDIT,
/Medical/Autopsy/autopsy_law_sb0082,site/docs/Medical/Autopsy/autopsy_law_sb0082.mdx,mdx,4,Medical,Medical,no,"Utah Autopsy Law, Medical‑Examiner Practices, and Commentary (Claims)","Utah Autopsy Law, Medical‑Examiner Practices, and Commentary (Claims)",This Level3 page provides additional context on Utah autopsy law and standard medical‑examiner practices as they relate to Charlie Kirk’s case. It draws on:,image,/img/evidence/b310bf5ec6057b0b20364423fe9190444aed0010b593efdce6e6fee9c765bbdc.jpg,QmRQA3pwiPytwka35R4VuAqKvMNP59ib5WBw6MkuQpTsSP,"This is a digital screenshot of a mobile search result page, displayed in a dark mode user interface.",ck-4sq-side,no,CK_AUTHOR_CREDIT,
/Medical/Autopsy/death_certificate,site/docs/Medical/Autopsy/death_certificate.mdx,mdx,4,Medical,Medical,no,Death Certificate Questions,Death Certificate Questions,"The circumstances surrounding Charlie Kirk's death certificate — who signed it, when, and under what authority — are among the most frequently cited concerns…",none,,,,none,no,CK_AUTHOR_CREDIT,
/Medical/Autopsy/medical_examiner_surgeons,site/docs/Medical/Autopsy/medical_examiner_surgeons.mdx,mdx,4,Medical,Medical,no,Medical Examiner & Surgeons,Medical Examiner & Surgeons,"This page documents claims about the Utah state medical examiner and hospital surgeons in the context of Charlie Kirk's death, with particular focus on…",none,,,,none,no,CK_AUTHOR_CREDIT,
/Medical/Autopsy/no_autopsy_claims,site/docs/Medical/Autopsy/no_autopsy_claims.mdx,mdx,4,Medical,Medical,no,No Autopsy Performed (Claims),No Autopsy Performed (Claims),A recurring claim across citizen-investigator circles and media commentary is that no full medical-examiner autopsy was performed on Charlie Kirk after his…,none,,,,none,no,CK_AUTHOR_CREDIT,
/Medical/Autopsy/overview,site/docs/Medical/Autopsy/overview.mdx,mdx,3,Medical,Medical,yes,Autopsy,Autopsy,"The autopsy and medical-examiner process following Charlie Kirk's death on September 10, 2025 remains one of the most contested aspects of the investigation.",none,,,,none,no,CK_AUTHOR_CREDIT,
/Medical/Autopsy/wound_analysis_theories,site/docs/Medical/Autopsy/wound_analysis_theories.mdx,mdx,4,Medical,Medical,no,Wound Analysis & Competing Theories,Wound Analysis & Competing Theories,"Without a publicly released autopsy report, the forensic debate about Charlie Kirk's wound has been driven by video analysis, physics arguments, and…",none,,,,none,no,CK_AUTHOR_CREDIT,
/Fix/Churches,site/docs/Fix/Churches.mdx,mdx,3,Fix,Fix,no,Ask Churches to Ensure Justice Happens,Ask Churches to Ensure Justice Happens,"This page explores how churches and other faith communities might respond constructively when a public tragedy, such as the killing of Charlie Kirk, raises…",image,/img/evidence/3141a446bf56286a638cfca277ad553cc474138030dfdd48f543aab5449bac78.jpg,QmeJLxcRps9f8xbVU1cKwhwvKZFTJo6TgWh1pzTSXiStgo,This image is a digital screenshot showing a portion of an online public booking or court record database.,ck-4sq-stack,no,CK_AUTHOR_CREDIT,
/Fix/Conclusion_Logic,site/docs/Fix/Conclusion_Logic.mdx,mdx,3,Fix,Fix,no,Conclusion Logic: Evidence Thresholds,Conclusion Logic: Evidence Thresholds,"This page is a reference guide to the evidence thresholds that different U.S. legal, administrative, military, and intelligence systems use to decide whether…",none,,,,none,no,CK_AUTHOR_CREDIT,
/Fix/Digital_Evidence,site/docs/Fix/Digital_Evidence.mdx,mdx,3,Fix,Fix,no,Digital Evidence Preservation,Digital Evidence Preservation,"This page sketches a policy concept recurring throughout the research corpus: statutory standards for the preservation, chain-of-custody, and handling of…",none,,,,none,no,CK_AUTHOR_CREDIT,
/Fix/Discovery_Rights,site/docs/Fix/Discovery_Rights.mdx,mdx,3,Fix,Fix,no,Discovery Rights Reform,Discovery Rights Reform,This page sketches a policy concept that recurs throughout the research corpus: reforming criminal discovery rules so that defendants can reliably obtain…,image,/img/evidence/9ca5557d1f7da3990f5950ead0f5810c1bc6f2f2a56836799d48900b561f330f.jpg,QmUHJYosamjswDhMoeHMxGYJmXhJc1AGHPhdLZyApjekhg,"This image is a digital screenshot or scan of a printed page from a legal document, likely a motion or brief filed in a court of law.",ck-4sq-stack,no,CK_AUTHOR_CREDIT,
/Fix/Event_Security,site/docs/Fix/Event_Security.mdx,mdx,3,Fix,Fix,no,Event Security Standards,Event Security Standards,This page sketches a policy concept that recurs throughout the research corpus: a framework for public-event security standards applicable to political…,none,,,,none,no,CK_AUTHOR_CREDIT,
/Fix/Foreign_Influence,site/docs/Fix/Foreign_Influence.mdx,mdx,3,Fix,Fix,no,Foreign Influence Transparency,Foreign Influence Transparency,This page sketches a policy concept that recurs throughout the research corpus: strengthening the existing framework for foreign-influence transparency so…,image,/img/evidence/a563bba647fc511abeb2bccae5228c83ff0dd786338a328597d71113eb3651b0.jpg,QmRHEC2anhn76M6gQPQBkoJ1rDuVdZgsMoNfZvdWDj823p,"This image is a flat, full-screen digital screenshot of an iPhone mobile interface displaying an ongoing text message conversation on the Apple iMessage platform.",ck-4sq-side,no,CK_AUTHOR_CREDIT,
/Fix/Media_Reform,site/docs/Fix/Media_Reform.mdx,mdx,3,Fix,Fix,no,Media and Journalism Transparency,Media and Journalism Transparency,This page sketches a policy concept that recurs throughout the research corpus: reforms that could strengthen the ability of journalists…,image,/img/evidence/1f0ebf9d7cca6d6cb6eb8a5360f8a0bc7eee225f610efb7c12e64413feca7ed0.jpg,QmRE8hgJQtbaovvBPPtDkJbFQoTUZW6tbJ2mbnyBL2kGAC,This is a composite digital graphic featuring a news article headline in the upper-left corner and a large photograph of a military-modified Bombardier Global Express business jet…,ck-4sq-stack,no,CK_AUTHOR_CREDIT,
/Fix/Medical_Transparency,site/docs/Fix/Medical_Transparency.mdx,mdx,3,Fix,Fix,no,Medical Examiner Transparency,Medical Examiner Transparency,This page expands on ideas loosely described in the research corpus as autopsy and medical-examiner transparency reform. It is a conceptual policy…,none,,,,none,no,CK_AUTHOR_CREDIT,
/Fix/Politicans,site/docs/Fix/Politicans.mdx,mdx,3,Fix,Fix,no,Vote out Cover-Up Politicians,Vote out Cover-Up Politicians,This page discusses arguments made by some commentators for holding officials politically accountable when they believe investigations are mishandled or…,image,/img/evidence/8771891b29d7783334da4140e199f0dcdc0034540511b6251537a0c8270ee8b5.webp,QmdxQYLYYoqSRvLYFrndxS2hizcJF9WvctzALvdwJobSM4,"A high-angle, wide-shot photograph capturing a large crowd of people, many of whom are ducking or seeking cover on the ground, during what appears to be a chaotic or tense event…",ck-4sq-stack,no,CK_AUTHOR_CREDIT,
/Fix/TSUSA,site/docs/Fix/TSUSA.mdx,mdx,3,Fix,Fix,no,TSUSA: Ethically Aligned with Charlie Kirk,TSUSA: Ethically Aligned with Charlie Kirk,This page collects reform and governance ideas that commentators have proposed for organizations like Turning Point USA (TPUSA) in light of Charlie Kirk’s…,none,,,,none,no,CK_AUTHOR_CREDIT,
/Fix/Victim_Family_Rights,site/docs/Fix/Victim_Family_Rights.mdx,mdx,3,Fix,Fix,no,Victim Family Rights,Victim Family Rights,This page sketches a policy concept referenced throughout the research corpus: strengthening the rights of families affected by serious crimes to receive…,image,/img/evidence/42339a52b1c3d686e611d5a25e1d30ab58804d4868ed01df9bddf1a6d371fb7d.jpg,QmViFR8TJNMuf49EmdZbCzdfjLmYapP1RCsqGBR2WkKAV3,"This image is a digital infographic titled &quot;BLUEPRINT FOR REGIME CHANGE&quot; that visually maps out connections between various United States government agencies, non-governmental…",ck-4sq-stack,no,CK_AUTHOR_CREDIT,
/Fix/Whistleblower,site/docs/Fix/Whistleblower.mdx,mdx,3,Fix,Fix,no,Whistleblower Protections,Whistleblower Protections,"This page sketches a policy concept that recurs throughout the research corpus: specific, enforceable protections for government employees and contractors…",none,,,,none,no,CK_AUTHOR_CREDIT,
/Fix/overview,site/docs/Fix/overview.mdx,mdx,2,Fix,,yes,New Laws (Fix),New Laws (Fix),The path to justice runs through a set of reform plans discussed in the research corpus. Four of them are drafted as federal laws modeled on the Epstein…,image,/img/evidence/319de07fd86b3f460e4ac35cf156448a9ed6d2186fad7ab5595782d7d2134914.jpg,QmVaJDW5VH68g98jBNsSoawPNyrG6fsaCMmrdUfGXhHJct,"This is a digital composite image designed as a political or investigative graphic, featuring portraits of public figures Charlie Kirk and Candace Owens overlaid against two…",ck-4sq-stack,no,CK_AUTHOR_CREDIT,
/Fix/disabled/Law1,site/docs/Fix/disabled/Law1.mdx,mdx,4,Fix,Fix,no,Law 1: Force Information Disclosure,Law 1: Force Information Disclosure,"This page sketches a policy concept sometimes described in the research corpus as “Law 1 – Force Information Disclosure.” It is not legal advice, and it does…",image,/img/evidence/9405be68410783839982412961e14d33445372c66015a1fbad6c97f5090063d5.jpg,QmTnTrbm5LGf4YwWenDHYoWyTVcePQMFQ5xgfzT2V8FLxL,This is a digital screenshot of a mobile application or web page displaying contact information under the header &quot;COMPANY CONTACTS.&quot; The screen shows two listings for an…,ck-4sq-stack,no,CK_AUTHOR_CREDIT,
/Fix/disabled/Law2,site/docs/Fix/disabled/Law2.mdx,mdx,4,Fix,Fix,no,Law 2: Intelligence Disclosure,Law 2: Intelligence Disclosure,"This page sketches a policy concept sometimes referred to in the research corpus as \\\""Law 2 — Intelligence Disclosure.\\\"" It is not legal advice, and it does…",none,,,,none,no,CK_AUTHOR_CREDIT,
/Fix/disabled/Law3,site/docs/Fix/disabled/Law3.mdx,mdx,4,Fix,Fix,no,Law 3: Mandate the Investigation,Law 3: Mandate the Investigation,"This page sketches a policy concept referred to in the research corpus as \\\""Law 3 — Mandate the Investigation.\\\"" It is not legal advice, and it does not assume…",none,,,,none,no,CK_AUTHOR_CREDIT,
/Fix/disabled/Law4,site/docs/Fix/disabled/Law4.mdx,mdx,4,Fix,Fix,no,Law 4: Trusted Investigators,Law 4: Trusted Investigators,"This page sketches a policy concept referred to in the research corpus as \\\""Law 4 — Trusted Investigators.\\\"" It is not legal advice, and it does not assume…",none,,,,none,no,CK_AUTHOR_CREDIT,
/People/Central_Figures,site/docs/People/Central_Figures.mdx,mdx,3,People,People,no,Central Figures in the Charlie Kirk Case (Context Only),Central Figures in the Charlie Kirk Case (Context Only),"This Level3 page provides a neutral, contextual summary of the two central figures most often mentioned in connection with the case:",image,/img/evidence/178d0c52e3045078d15b7981a5540d075df0abe0920f47375515bc30306ba1f0.jpg,QmTSjPtgFBXmWo3MHF186ENm6PspzXiotVdqkyPYaM1bPP,"This is a medium-wide shot of an outdoor public or commercial setting, featuring several young people gathered on a metal balcony at the left.",ck-4sq-stack,no,CK_AUTHOR_CREDIT,
/People/Families_And_Close_Associates,site/docs/People/Families_And_Close_Associates.mdx,mdx,3,People,People,no,Families and Close Associates (Context Only),Families and Close Associates (Context Only),This Level3 page offers a neutral overview of family members and close associates who are frequently mentioned in public discussions about the Charlie Kirk…,image,/img/evidence/c4991d969394655ab21807333a15766923d9aef5f076f97cac90e0eb76c68ccd.jpg,QmNxU6YeQATPNRJV7qcUYb4baYwHgn2W68UTe8JZz3vwPm,"This is a close-up, cropped portrait of a middle-aged man with a full beard smiling warmly at the camera.",ck-4sq-side,no,CK_AUTHOR_CREDIT,
/People/Investigation_Index,site/docs/People/Investigation_Index.mdx,mdx,3,People,People,no,People Investigation Index,Investigation Index,"Roster index for every person profile in the Charlie Kirk case — central figures, security, witnesses, donor meetings, officials, and citizen investigators.",none,,,,none,no,CK_AUTHOR_CREDIT,
/People/Lance_Twiggs_Family,site/docs/People/Lance_Twiggs_Family.mdx,mdx,3,People,People,no,The Lance Twiggs Family,Lance Twiggs Family,Publicly available records concerning the family of Lance Twiggs — a Texas nonprofit filing and county property-ownership histories surfaced on X — presented as primary documents.,image,/img/evidence/092b3263a229298edd28eea3075ffe06892e403618fb0dd292527c0fec5e5898.jpg,QmZ9WxTqgk9xvwadYX1r6S3EexQwyvTaQr8hXmPH64xNHS,Texas Secretary of State record for Faith and Family Foundation Charity,ck-4sq-stack,no,CK_AUTHOR_CREDIT,
/People/Officials_And_Institutions,site/docs/People/Officials_And_Institutions.mdx,mdx,3,People,People,no,Officials and Institutions Frequently Mentioned (Context Only),Officials and Institutions Frequently Mentioned (Context Only),"This Level3 page summarizes law‑enforcement, legal, medical, and institutional figures who appear in public reporting and commentary about the Charlie Kirk…",image,/img/evidence/89b2cf7d814b2ef5d2aae6f6ea38e05dbb1adfcc677ea244da0224eaa6378cb2.jpg,QmRTDkdLodETFq6N2hbgH1i9SXb7jQoRfewG4nf8Vrvi8K,This image is a digital screenshot showing a uniform 4x4 grid of 16 individual Google Trends analytical dashboard cards.,ck-4sq-side,no,CK_AUTHOR_CREDIT,
/People/Witnesses_Security_And_CitizenInvestigators,site/docs/People/Witnesses_Security_And_CitizenInvestigators.mdx,mdx,3,People,People,no,"Witnesses, Security Personnel, and Citizen Investigators (Context Only)","Witnesses, Security Personnel, and Citizen Investigators (Context Only)","This Level3 page provides a neutral overview of several groups of people who appear frequently in footage, reporting, and online analysis of the Charlie Kirk…",image,/img/evidence/01d86cef2074591d2138c1e85646819bb9e69f49bc8e5929566c9ac9fa8571a0.webp,Qmc2VNSwVLdfevcQ3fMWF1q8wMirJXkb6WY4AkyQNQp7rF,A medium-wide shot of three men standing outdoors on a concrete path in front of a brick building.,ck-4sq-side,no,CK_AUTHOR_CREDIT,
/People/abdel-fattah-el-sisi,site/docs/People/abdel-fattah-el-sisi.mdx,mdx,3,People,People,no,Abdel Fattah El-Sisi,Abdel Fattah El-Sisi,"Reported context only: online commentary about routine diplomatic contacts, framed as coincidence. Not a finding of wrongdoing.",none,,,,none,no,CK_AUTHOR_CREDIT,
/People/adam-bartholomew,site/docs/People/adam-bartholomew.mdx,mdx,3,People,People,no,Adam Bartholomew,Adam Bartholomew,"General UVU event witness listed among attendee accounts at the September 10, 2025 Charlie Kirk courtyard event.",image,/img/evidence/5cfa61171c57ae41382c3e6dab8f3403772498b7ca123e1d5e9808c36dd4608b.jpg,QmSrjfBMyS2xt79DqDVModbCQ5EPG5JLqMbpaSnD9YQZVE,"This image is a flat, 2D digital screenshot of the Audacity audio editing software user interface.",ck-4sq-stack,no,CK_AUTHOR_CREDIT,
/People/adam-neff,site/docs/People/adam-neff.mdx,mdx,3,People,People,no,Adam Neff,Adam Neff,"Captain Adam Neff of Cookeville, TN, named in whistleblower-sourced commentary as the officer who reportedly led an interrogation at Fort Huachuca on September 9, 2025.",none,,,,none,no,CK_AUTHOR_CREDIT,
/People/ahmed-khalil,site/docs/People/ahmed-khalil.mdx,mdx,3,People,People,no,Ahmed Khalil,Ahmed Khalil,A name that appears in unverified online speculation about the SU-BTT and Egyptian-jet threads in the Charlie Kirk case. This site does not endorse or detail the claim.,none,,,,none,no,CK_AUTHOR_CREDIT,
/People/ahmed-qureshi,site/docs/People/ahmed-qureshi.mdx,mdx,3,People,People,no,Ahmed Qureshi,Ahmed Qureshi,Navy captain and Bilt Inc. co-founder named in an unverified coincidence thread; father of Zachariah Qureshi.,image,/img/evidence/e058c3de5cce9efa515b2ae526fff87257e85cd6407a5fc25396741c12089a7a.jpg,QmTjJUGvke7ZM27GeMBq7Hwu322hnXhhGFWZinYEmPWQbC,This is a digital screenshot showing a list of search or social media feed results on a dark-mode interface.,ck-4sq-stack,no,CK_AUTHOR_CREDIT,
/People/alan-robertson,site/docs/People/alan-robertson.mdx,mdx,3,People,People,no,Alan Robertson,Alan Robertson,Profile of Officer Alan Robertson of the Utah State University Department of Public Safety — reportedly identified by Candace Owens as the plain-clothes officer on the Losee Center rooftop with Officer Bagley.,image,/img/evidence/c5b500e208a0b5c3d28875eb03e988cfa6f525f204625b742e660ef484fafbfc.jpg,QmScRLzFAjjury8brygpNZJYbAV61G4eHV8kk2GsAihxFH,Screenshot of USU Veterans Resource Office page for Alan Robertson,ck-4sq-side,no,CK_AUTHOR_CREDIT,
/People/alex-faria,site/docs/People/alex-faria.mdx,mdx,3,People,People,no,Alex Faria,Alex Faria,Security/close proximity team member Alex Faria was part of the team that helped carry Charlie Kirk after the shooting. Visible blood on his clothing has…,none,,,,none,no,CK_AUTHOR_CREDIT,
/People/amanda-bakker,site/docs/People/amanda-bakker.mdx,mdx,3,People,People,no,Amanda Bakker,Amanda Bakker,FBI DNA forensic examiner Amanda Bakker (Quantico) — defense-called witness on Day 2 of the Tyler Robinson preliminary hearing; mixture DNA on towel and screwdriver.,none,,,,none,no,CK_AUTHOR_CREDIT,
/People/amy-r-twiggs,site/docs/People/amy-r-twiggs.mdx,mdx,3,People,People,no,Amy R Twiggs,Amy R Twiggs,"Amy R Twiggs appears in public property and charity records connected to the Twiggs family. Records show ordinary, lawful transactions; no wrongdoing is alleged.",none,,,,none,no,CK_AUTHOR_CREDIT,
/People/andrea-burkhart,site/docs/People/andrea-burkhart.mdx,mdx,3,People,People,no,Andrea Burkhart,Andrea Burkhart,Andrea Burkhart is a legal commentator whose Substack has hosted primary court and ATF-related documents cited in coverage of the Charlie Kirk case.,none,,,,none,no,CK_AUTHOR_CREDIT,
/People/andrew-feraci,site/docs/People/andrew-feraci.mdx,mdx,3,People,People,no,Andrew Feraci,Andrew Feraci,"TPUSA photographer and eyewitness who stood feet from Charlie Kirk at the September 10, 2025 UVU event and documented the scene.",none,,,,none,no,CK_AUTHOR_CREDIT,
/People/andrew-kolvet,site/docs/People/andrew-kolvet.mdx,mdx,3,People,People,no,Andrew Kolvet,Andrew Kolvet,Andrew Kolvet is the Chief Communications Officer and spokesman for Turning Point USA (TPUSA) and the executive producer of The Charlie Kirk Show. He was one…,image,/img/evidence/4615dfc16a54bcfcdbf93a4056cedccdf307c10479cf5bcc8fb71d7adb898332.jpg,Qmf6mThMutELne7PApvUjZnrLdNYok5bnfUbx2JRv7QweT,"This image is a digital graphic or presentation slide presenting information about a man named Pastor Rob McCoy, his father",ck-4sq-stack,no,CK_AUTHOR_CREDIT,
/People/andrew-sypher,site/docs/People/andrew-sypher.mdx,mdx,3,People,People,no,Andrew Sypher,Andrew Sypher,TPUSA Vice President of Field Operations / Chief Field Officer (longtime employee since 2016).,none,,,,none,no,CK_AUTHOR_CREDIT,
/People/andrew-wilson,site/docs/People/andrew-wilson.mdx,mdx,3,People,People,no,Andrew Wilson,Andrew Wilson,"Conservative commentator who debated Candace Owens on the Charlie Kirk case on the PBD Podcast, August 14 2026, arguing for the single-shooter account against her alternative theories.",image,/img/evidence/b9f74baa253a2d7937407de0acbb561eddfed6b0d4f037afda5295b0c0d94588.jpg,QmRp5TH6hNFjorMJUqhjwVLBZ4DKEzzmsN1UmhxdoWsFam,"Black-and-white portrait of Andrew Wilson at a podcast microphone, beside a quote card attributed to him",ck-4sq-stack,no,H2_RELATED_AREAS,
/People/angela-hammond,site/docs/People/angela-hammond.mdx,mdx,3,People,People,no,Angela Hammond,Angela Hammond,A name that appears in unverified online speculation about Utah medical-examiner staffing around the Charlie Kirk case. This site does not endorse or detail the claim.,none,,,,none,no,CK_AUTHOR_CREDIT,
/People/angie-martin,site/docs/People/angie-martin.mdx,mdx,3,People,People,no,Angie Martin,Angie Martin,"Angie Martin identifies herself as a retired Unified Police officer who gave an on-camera eyewitness account near the UVU shooting on September 10, 2025.",none,,,,none,no,CK_AUTHOR_CREDIT,
/People/anthony-west,site/docs/People/anthony-west.mdx,mdx,3,People,People,no,Anthony West,Anthony West,"AV team member in close proximity at the September 10, 2025 Charlie Kirk UVU courtyard event.",none,,,,none,no,CK_AUTHOR_CREDIT,
/People/apostle-mario-bramnick,site/docs/People/apostle-mario-bramnick.mdx,mdx,3,People,People,no,Apostle Mario Bramnick,Apostle Mario Bramnick,"Apostle Mario Bramnick is mentioned in public commentary about the reported July 31, 2025 White House meeting on Israel and MAGA politics. Context only — not an accusation.",none,,,,none,no,CK_AUTHOR_CREDIT,
/People/arynne-wexler,site/docs/People/arynne-wexler.mdx,mdx,3,People,People,no,Arynne Wexler,Arynne Wexler,Arynne Wexler is a former Goldman Sachs trader turned pro-Israel influencer named among reported participants in the August 2025 Bridgehampton gathering involving Charlie Kirk. This page summarizes reported context only.,none,,,,none,no,CK_AUTHOR_CREDIT,
/People/astrid-s-tuminez,site/docs/People/astrid-s-tuminez.mdx,mdx,3,People,People,no,Astrid S. Tuminez,Astrid S. Tuminez,"Astrid S. Tuminez was president of Utah Valley University at the time of the September 10, 2025 shooting; she resigned in 2026. No wrongdoing has been claimed.",image,/img/evidence/4087c04e40a5d94db98fc6d35e73488cc47283dee09c9c6166614c763e35bdc2.jpg,QmRxcopCM558RvzHzDSnRTBiRU55hPmopUrH7YLcqGMRXf,This is a split-screen digital image or video still featuring political commentator Candace Owens on the left and a detailed spreadsheet document on the right.,ck-4sq-stack,no,CK_AUTHOR_CREDIT,
/People/ben-shapiro,site/docs/People/ben-shapiro.mdx,mdx,3,People,People,no,Ben Shapiro,Ben Shapiro,"Ben Shapiro is the co-founder and editor emeritus of The Daily Wire, a conservative commentator, and one of the most prominent pro-Israel voices in American media. His September 9, 2025 show with Charlie Kirk is a key pre-event data point.",image,/img/evidence/e624719b7d1084f477f850f3f9bf129c876cd6242796c945d7fee3c958cd567e.jpg,Qmb3rMVJXh2HLrFqvKtgwA38gDhQPrbitUqxjDUGt7B3sU,"This is a high-definition digital video still featuring political commentator Candace Owens on the left side of the frame, seated behind a studio desk with a microphone and…",ck-4sq-stack,no,CK_AUTHOR_CREDIT,
/People/benjamin-netanyahu,site/docs/People/benjamin-netanyahu.mdx,mdx,3,People,People,no,Benjamin Netanyahu,Benjamin Netanyahu,Reported context only: named via a claim that a Kirk security member once served on his protective detail. Not a finding of wrongdoing.,image,/img/evidence/4d3f3400b29d2b1f20ac15ec83b6f5a31790d1d04cbf74bf3c94c042c1f86a6f.jpg,QmUJxFKvEvz7BetNCeb8AAv9EhS3kovdo6Xs32cCasfSBs,"This is a composite image or digital meme layout comparing security personnel from two different events, one in 2017 and one in 2025.",ck-4sq-side,no,CK_AUTHOR_CREDIT,
/People/bill-lee,site/docs/People/bill-lee.mdx,mdx,3,People,People,no,Bill Lee,Bill Lee,Tennessee Governor Bill Lee: public France investment trip and an Israeli consul meeting are cited in commentary; documented with attribution.,image,/img/evidence/b1f0bce2408069cc9d3f92e1b07fe0e9270a0cd930df1b3bc68353c12548d5d2.jpg,QmZVCpjCqhhundUm5FCoLnPH86znxPX6ULXmgsmgQpuvet,This image is a digital screenshot of a mobile web browser displaying a page from the LegiScan website.,ck-4sq-side,no,CK_AUTHOR_CREDIT,
/People/blaine-holt,site/docs/People/blaine-holt.mdx,mdx,3,People,People,no,Blaine Holt,Blaine Holt,"Retired brigadier general who said on Newsmax 'something exploded on him,' questioning the official Charlie Kirk shooting narrative.",none,,,,none,no,CK_AUTHOR_CREDIT,
/People/blake-bednarz,site/docs/People/blake-bednarz.mdx,mdx,3,People,People,no,Blake Bednarz,Blake Bednarz,A name (Douglas 'Blake' Bednarz) that appears in unverified online speculation about the Charlie Kirk case. This site does not endorse or detail the claim.,image,/img/evidence/f78be47a9c26b2ab77d1000d0201a8e3536288d7cd38d51b72777c2d508fa302.jpg,QmS22UHLf8GMuH7195TdD1EiRuJfApWJPQuH3KKozVpKHX,This image is a screenshot of a social media post on X (formerly Twitter) by user Blake Bednarz.,ck-4sq-side,no,CK_AUTHOR_CREDIT,
/People/blake-haruff,site/docs/People/blake-haruff.mdx,mdx,3,People,People,no,Blake Haruff,Blake Haruff,"Security in close proximity (also known as \\\""Gibby\\\"" / \\\""Blake\\\"")",none,,,,none,no,CK_AUTHOR_CREDIT,
/People/blake-neff,site/docs/People/blake-neff.mdx,mdx,3,People,People,no,Blake Neff,Blake Neff,Producer of The Charlie Kirk Show and TPUSA team member. Called his mom post-shooting (per Candace Owens). Publicly responded to Candace Owens' accusations…,none,,,,none,no,CK_AUTHOR_CREDIT,
/People/bradley-hansell,site/docs/People/bradley-hansell.mdx,mdx,3,People,People,no,Bradley D. Hansell,Bradley D. Hansell,Under Secretary of Defense for Intelligence Bradley D. Hansell: named by others in commentary about a SAM-702 flight. This site makes no claim about his location or travel.,none,,,,none,no,CK_AUTHOR_CREDIT,
/People/brayden-glascock,site/docs/People/brayden-glascock.mdx,mdx,3,People,People,no,Brayden Glascock,Brayden Glascock,"UVU-area videographer and Phoenix photographer who documented the September 10, 2025 Charlie Kirk event from close proximity.",none,,,,none,no,CK_AUTHOR_CREDIT,
/People/brian-davis,site/docs/People/brian-davis.mdx,mdx,3,People,People,no,Brian Davis,Brian Davis,Officer named in booking paperwork in connection with the accused's arrest and transport in Utah.,image,/img/evidence/81b9efba10ea70a850edefa147c069d5d5209d254b2ac1ce0b1d5f936ce0dc9a.jpg,Qme4quAZLvabkqBZigejQ6XAvEgr9Y9Ed4anWDkjdvohxo,"Utah County Sheriff Inmate Booking Sheet and Probable Cause Statement for Tyler James Robinson, showing arrest date 09/11/2025 10:00 PM and arrest officer DAVIS",ck-4sq-side,no,CK_AUTHOR_CREDIT,
/People/brian-gill,site/docs/People/brian-gill.mdx,mdx,3,People,People,no,Brian Gill,Brian Gill,A name appearing in unverified online search-pattern speculation tied to Timpanogos-area medical staff; this site does not endorse or detail the claim.,none,,,,none,no,CK_AUTHOR_CREDIT,
/People/bryan-starbuck,site/docs/People/bryan-starbuck.mdx,mdx,3,People,People,no,Bryan Starbuck,Bryan Starbuck,"Citizen investigator known online as HolonCitizen, cited on this site for independent video analysis comparing campus-camera figures in the Charlie Kirk case.",none,,,,none,no,CK_AUTHOR_CREDIT,
/People/burton-romrell,site/docs/People/burton-romrell.mdx,mdx,3,People,People,no,Burton Romrell,Burton Romrell,"Listed co-owner of Hardscape Specialties LLC, described as former UVU operations staff; named only in unverified online speculation this site does not endorse.",none,,,,none,no,CK_AUTHOR_CREDIT,
/People/butch-hibbs,site/docs/People/butch-hibbs.mdx,mdx,3,People,People,no,Butch Hibbs,Butch Hibbs,UVU event witness listed in aftermath discussions alongside cleanup-crew commentary; brother of Pastor Jack Hibbs per investigation-file notes.,image,/img/evidence/cc135c5c2ff01c5e2ff6e57e1210f293eb1215c33b0671d79dade7f82d0fd5e3.jpg,QmfSygyy1VBJNPUP7nQ6drQ2J8WWb534jyRKfFU3w6Vt1q,This is a digital composite graphic presenting information about an individual.,ck-4sq-stack,no,CK_AUTHOR_CREDIT,
/People/cabot-phillips,site/docs/People/cabot-phillips.mdx,mdx,3,People,People,no,Cabot Phillips,Cabot Phillips,"Cabot Phillips is a senior editor at The Daily Wire and a former editor-in-chief of Campus Reform. He appears in this investigation only because an anonymous X account alleged he was at Fort Huachuca in September 2025 — an allegation he publicly denied with timestamped footage, and which no authority has ever adopted.",image,/img/evidence/2a6e0dcf71c595dad4dfcec764d3985578cc19269567389573866ffd131b32b2.jpg,QmZv3tnVjzdKU2uviSdti8ips1oQ3amPMxvVrTCLYB5Lgf,This image is a digital screenshot of a post on the social media platform X (formerly Twitter) by user Cabot Phillips (@cabot_phillips).,ck-4sq-side,no,CK_AUTHOR_CREDIT,
/People/caitlin-oliver,site/docs/People/caitlin-oliver.mdx,mdx,3,People,People,no,Caitlin Oliver,Caitlin Oliver,ATF DNA section chief Caitlin Oliver — defense-called forensic witness on July 10 2026; rifle DNA statistics and transfer/error-rate limitations in State v. Tyler Robinson.,none,,,,none,no,CK_AUTHOR_CREDIT,
/People/caleb-chilcutt,site/docs/People/caleb-chilcutt.mdx,mdx,3,People,People,no,Caleb Chilcutt,Caleb Chilcutt,"UVU TPUSA chapter president, received Charlie Kirk Courage Award.",none,,,,none,no,CK_AUTHOR_CREDIT,
/People/candace-owens,site/docs/People/candace-owens.mdx,mdx,3,People,People,no,Candace Owens,Candace Owens,"Candace Owens is a conservative commentator, podcast host, and close personal friend of Charlie Kirk. She has emerged as the most prominent independent voice…",video,/img/video_posters/96c6f0caedaaa90c6af41f30bc67f2078e48ed1cf68d76690680dcd8834cc49a.jpg,QmeC1zcPBzgp9REfTbH7Hz1kyoL6P2kyQcYxoYTbMbLvGq,,ck-4sq-stack,no,CK_AUTHOR_CREDIT,
/People/carrie-prejean-boller,site/docs/People/carrie-prejean-boller.mdx,mdx,3,People,People,no,Carrie Prejean Boller,Carrie Prejean Boller,Public figure reported in online commentary to have questioned Seth Dillon under oath about a Hamptons meeting connected to the case discussion.,none,,,,none,no,CK_AUTHOR_CREDIT,
/People/chad-e-grunander,site/docs/People/chad-e-grunander.mdx,mdx,3,People,People,no,Chad E. Grunander,Chad E. Grunander,Deputy (and Chief Deputy) Utah County Attorney on the prosecution team in State v. Tyler Robinson; documented by public role and court records.,none,,,,none,no,CK_AUTHOR_CREDIT,
/People/charles-mcclintock-wilson,site/docs/People/charles-mcclintock-wilson.mdx,mdx,3,People,People,no,Charles McClintock Wilson,Charles McClintock Wilson,"ZUMA Press photojournalist who captured Charlie Kirk's final moments and immediate aftermath at the September 10, 2025 UVU event.",image,/img/evidence/cef9693171f66378da868fa201119e1091682b94d15f6b464e3012c32a978a9e.jpg,QmYSrGcFA2BWF4uyWqA7LfgBqFAdmhrH3j9sSCe8Q9Mn6m,"This image depicts a tense, physical confrontation or arrest taking place outdoors on a paved walkway during a sunny day.",ck-4sq-stack,no,CK_AUTHOR_CREDIT,
/People/charlie-kirk-girlfriend-claims,site/docs/People/charlie-kirk-girlfriend-claims.mdx,mdx,3,People,People,no,Charlie Kirk Personal-Life Claims (Unverified),Charlie Kirk — Girlfriend Claims,Documents unverified fringe claims about Charlie Kirk's personal life; establishes that Kirk was married to Erika Kirk. Not an investigation target page.,none,,,,none,no,CK_AUTHOR_CREDIT,
/People/charlie-kirk,site/docs/People/charlie-kirk.mdx,mdx,3,People,People,no,Charlie Kirk,Charlie Kirk,"Charles James Kirk was a nationally influential conservative political activist, founder of Turning Point USA (TPUSA), and the victim of an assassination on…",none,,,,none,no,CK_AUTHOR_CREDIT,
/People/chris-bagley,site/docs/People/chris-bagley.mdx,mdx,3,People,People,no,Chris Bagley,Chris Bagley,"Profile of former UVU campus police officer Christopher 'Chris' Bagley — the first officer reported to reach the Losee Center roof, his preliminary-hearing testimony, and the body-camera questions raised in public commentary.",image,/img/evidence/9b0df1c98c0a23b8a2b3cca5e5c6917f54c03967289e81a5f5e466975e40db8a.jpg,QmZ1mCGVdSjGXoXVDSBnpCS7qUZbz32S6yT6BecMCmH5cS,Screenshot of an anonymous email to the Candace Owens tips line describing Axon Body Cam 4 behavior,ck-4sq-stack,no,CK_AUTHOR_CREDIT,
/People/chris-martenson,site/docs/People/chris-martenson.mdx,mdx,3,People,People,no,Chris Martenson,Chris Martenson,Peak Prosperity analyst cited for a ballistics breakdown arguing the wound pattern fits a different round than the official one.,none,,,,none,no,CK_AUTHOR_CREDIT,
/People/christopher-d-ballard,site/docs/People/christopher-d-ballard.mdx,mdx,3,People,People,no,Christopher D. Ballard,Christopher D. Ballard,Deputy Utah County Attorney on the State v. Tyler Robinson prosecution team; subject of a June 2026 civil-contempt finding over pretrial media statements.,none,,,,none,no,CK_AUTHOR_CREDIT,
/People/cj-pearson,site/docs/People/cj-pearson.mdx,mdx,3,People,People,no,CJ Pearson,CJ Pearson,CJ Pearson is chair of the RNC Youth Advisory Council and a conservative influencer photographed at the reported August 2025 Bridgehampton gathering involving Charlie Kirk. This page summarizes reported context only.,none,,,,none,no,CK_AUTHOR_CREDIT,
/People/connor-dority,site/docs/People/connor-dority.mdx,mdx,3,People,People,no,Connor Dority,Connor Dority,"Name that appears in compiled EMS accounts as a medic reportedly on scene at UVU on September 10, 2025.",image,/img/evidence/e1eab97eefe51aec03a1d9f571d91ad2e5b6031504b1eb3527e060d4951c1b2b.jpg,QmVeVymTWTvQR3iTvtdYyXftoLPMnLbgJJFD62yypMUsYy,"This is a digital collage graphic, likely sourced from social media, designed to identify and link an individual named &quot;Conor Dority&quot; (also spelled &quot;Connor&quot; in parts of the…",ck-4sq-side,no,CK_AUTHOR_CREDIT,
/People/connor-henderson,site/docs/People/connor-henderson.mdx,mdx,3,People,People,no,Connor Henderson,Connor Henderson,BYU-era name in an unverified coincidence thread; reportedly an ER scribe at Timpanogos in summer 2025.,none,,,,none,no,CK_AUTHOR_CREDIT,
/People/dan-bongino,site/docs/People/dan-bongino.mdx,mdx,3,People,People,no,Dan Bongino,Dan Bongino,"Dan Bongino, Deputy FBI Director, was present at the case briefing and is named in citizen calls for the FBI to ground a private aircraft for forensic review.",none,,,,none,no,CK_AUTHOR_CREDIT,
/People/dan-flood,site/docs/People/dan-flood.mdx,mdx,3,People,People,no,Dan Flood,Dan Flood,TPUSA Security Director Dan Flood was in the SUV with Charlie Kirk during and after the shooting. He jumped on Kirk to shield him from further harm alongside…,image,/img/evidence/52deddaff010b90c6b47311b55faf21f531a21602a1a7ff246bb5756d69b2883.webp,QmXhRuEMFucbWSjZqangwcAtW6pNgpWaMBsrn7o5GUtGUc,This image is a portrait-orientation screenshot of a mobile phone screen displaying a social media feed on X (formerly Twitter).,ck-4sq-side,no,CK_AUTHOR_CREDIT,
/People/dan-harpole,site/docs/People/dan-harpole.mdx,mdx,3,People,People,no,Dan Harpole,Dan Harpole,"Name attributed in online commentary to a remark about EMS presence at UVU on September 10, 2025.",none,,,,none,no,CK_AUTHOR_CREDIT,
/People/dan-merrell,site/docs/People/dan-merrell.mdx,mdx,3,People,People,no,Dan Merrell,Dan Merrell,"Daniel (Dan) Merrell, the Utah landscaping contractor operating as Hardscape Utah who gave an on-camera account of paving the UVU courtyard on September 14, 2025 — four days after the Charlie Kirk shooting.",none,,,,none,no,CK_AUTHOR_CREDIT,
/People/daniel-neff,site/docs/People/daniel-neff.mdx,mdx,3,People,People,no,Daniel Neff,Daniel Neff,Military officer named in an unverified online coincidence thread about a shared surname; this site does not endorse the speculation.,none,,,,none,no,CK_AUTHOR_CREDIT,
/People/danny-phillip,site/docs/People/danny-phillip.mdx,mdx,3,People,People,no,Danny Phillip,Danny Phillip,TPUSA team/close proximity. Part of broader TPUSA staff presence at UVU event.,none,,,,none,no,CK_AUTHOR_CREDIT,
/People/david-engelhardt,site/docs/People/david-engelhardt.mdx,mdx,3,People,People,no,David Engelhardt,David Engelhardt,"Reported member of the Turning Point USA board of directors before September 10, 2025.",image,/img/evidence/6bf9a25aec8cc1e55e362b0ae42a6d36b0d6fb9003a28aee9907dd3962759e9a.jpg,Qmd2PNNKRcK7UtY3cMCrAYQ8t4Mc3KPNetGFADUFJe8XVN,This is a vertical screenshot of a mobile user interface displaying a list of user profiles or database entries.,ck-4sq-side,no,CK_AUTHOR_CREDIT,
/People/david-hull,site/docs/People/david-hull.mdx,mdx,3,People,People,no,Agent David Hull,David Hull,"SBI Agent David Hull — prosecution lead investigator witness Days 1–2 of Tyler Robinson preliminary hearing; UVU surveillance montage, identification, autopsy foundation, discarded leads.",none,,,,none,no,CK_AUTHOR_CREDIT,
/People/david-sturgill,site/docs/People/david-sturgill.mdx,mdx,3,People,People,no,David Sturgill,David Sturgill,Deputy Utah County Attorney listed among the prosecution team in the State of Utah v. Tyler Robinson case.,none,,,,none,no,CK_AUTHOR_CREDIT,
/People/deidre-henderson,site/docs/People/deidre-henderson.mdx,mdx,3,People,People,no,Deidre Henderson,Deidre Henderson,Utah Lieutenant Governor Deidre Henderson: listed among officials at the post-arrest press event; documented with attribution.,image,/img/evidence/2a1a4d4a1e1541c783ba6bfc717de7d4b85600db8ecbd48542e5d2659df98c20.jpg,QmQMiTHWuTpeWxWvJy5NkmnvRwphE9LRy2A8jKM1niVVFk,"This is a digital graphic banner or video thumbnail depicting an investigative, conspiracy-style expose titled &quot;UTAH MORMON MAFIA EXPOSED: HENDERSON • QURESHI TIES.&quot; The graphic…",ck-4sq-stack,no,CK_AUTHOR_CREDIT,
/People/deirdre-amaro,site/docs/People/deirdre-amaro.mdx,mdx,3,People,People,no,Dr. Deirdre Amaro,Deirdre Amaro,"Utah's chief medical examiner, a quadruple board-certified pathologist who joined the state Office of the Medical Examiner shortly before the Charlie Kirk case; named in investigation notes about the autopsy. No wrongdoing established.",image,/img/evidence/01f838226d1de23accd3292b33c6ff6608daff6f1a429c6027d1553810012d57.jpg,QmcuS8nBqnuThttkMyeAnzUooJyU1YAroEykNX7JEmbedv,This is a digital graphic or presentation slide consisting of a collage of three portraits and accompanying text boxes against a muted green background.,ck-4sq-stack,no,CK_AUTHOR_CREDIT,
/People/derek-maxfield,site/docs/People/derek-maxfield.mdx,mdx,3,People,People,no,Derek Maxfield,Derek Maxfield,A name that appears in unverified online speculation connected to a private jet registration. This site does not endorse or detail those claims.,image,/img/evidence/84067bfb4bb78154b6943de40eb4d570f54d71996bcff5e776263b748266e8be.jpg,QmZoNbqb4ifL9KqmVPoqaZJ6mtADFpc9ZjWXkq2BNpeR12,"This is a digital screenshot of a webpage displaying business registration information for &quot;N888KG LLC.&quot; The text is presented in a clean, dark gray sans-serif font against a…",ck-4sq-stack,no,CK_AUTHOR_CREDIT,
/People/derek-p-pullan,site/docs/People/derek-p-pullan.mdx,mdx,3,People,People,no,Judge Derek P. Pullan,Derek P. Pullan,The Fourth Judicial District Court judge listed in the case caption for State of Utah v. Tyler Alexander Robinson.,none,,,,none,no,CK_AUTHOR_CREDIT,
/People/donald-trump,site/docs/People/donald-trump.mdx,mdx,3,People,People,no,Donald Trump,Donald Trump,President Donald Trump: cited in commentary about an Epstein-files phone call and the Antifa/single-shooter narrative; documented with attribution.,image,/img/evidence/42c839712609fde1a04ef45e103e1e738a9e7ed84d99f2d9102fc3ab618ac41f.jpg,Qmc9o4nkrBezXJSbZEKcmBygKRxqWsXd6Ji1vrcFcPyAZt,This is a composite digital screenshot collage containing several images from the social media platform X (formerly Twitter).,ck-4sq-side,no,CK_AUTHOR_CREDIT,
/People/doug-degroote,site/docs/People/doug-degroote.mdx,mdx,3,People,People,no,Doug DeGroote,Doug DeGroote,A reported Turning Point USA board member whose name appears in commentary about the organization's post-September 2025 internal governance.,image,/img/evidence/929c46c35b13fadc59ecac016cddc9c7fef11dbeb5413a6ffc58add350053a2a.jpg,QmaesaJ8mZWP1zbcEBH4BHsyYfUKzRownuQUH23pynkF8y,This image is a digital screenshot of a website,ck-4sq-stack,no,CK_AUTHOR_CREDIT,
/People/doug-terry,site/docs/People/doug-terry.mdx,mdx,3,People,People,no,Doug Terry,Doug Terry,The Utah attorney Tyler Robinson reportedly named when invoking his right to counsel during the Miranda encounter.,image,/img/evidence/12938c866f0117948189f40f373fa9591f50fa0c859868e45eb0bf3214c6cb1e.jpg,Qme57gEsS3pZaPzkT8ftwKYBpYbuWWmq8QdMJnfJyfy7vm,This image is a digital infographic designed to explain a legal discovery concept using a hypothetical case study titled &quot;Tyler Robinson Case Discovery Example.&quot; It compares two…,ck-4sq-side,no,CK_AUTHOR_CREDIT,
/People/dustin-gard-weiss,site/docs/People/dustin-gard-weiss.mdx,mdx,3,People,People,no,Dustin Gard-Weiss,Dustin Gard-Weiss,"Dustin Gard-Weiss is named in a citizen-research timeline as the CIA Executive Director appointed July 11, 2025, cited in a leadership-shuffle context.",none,,,,none,no,CK_AUTHOR_CREDIT,
/People/dylan-hope,site/docs/People/dylan-hope.mdx,mdx,3,People,People,no,Dylan Hope,Dylan Hope,"Electrician working at a property next to Utah Valley University cited as a witness who described a suspect on September 10, 2025.",image,/img/evidence/57e8649135b81537b51362bd11256633b2a8c8e1fd72ebecbd1729e3a206ee9c.jpg,QmecH1vEdtWuUTm2zxKWyrwfdu5Lpog5JVf7RJuE7Z34XS,This image is a digital graphic displaying a transcript of a news broadcast or investigative report concerning a shooting incident.,ck-4sq-side,no,CK_AUTHOR_CREDIT,
/People/eitan-weiss,site/docs/People/eitan-weiss.mdx,mdx,3,People,People,no,Eitan Weiss,Eitan Weiss,Reported context only: an Israeli consul general named in a cited timeline for a routine November diplomatic meeting. Not a finding of wrongdoing.,none,,,,none,no,CK_AUTHOR_CREDIT,
/People/eksayn-anderson,site/docs/People/eksayn-anderson.mdx,mdx,3,People,People,no,EksAyn Anderson,EksAyn Anderson,"General UVU event witness listed among attendee accounts at the September 10, 2025 Charlie Kirk courtyard event.",none,,,,none,no,CK_AUTHOR_CREDIT,
/People/elena-vasquez,site/docs/People/elena-vasquez.mdx,mdx,3,People,People,no,Elena Vasquez,Elena Vasquez,A name that appears in unverified online speculation about UVU-affiliated profiles. This site does not endorse or detail those claims.,image,/img/evidence/7ef6567a049686d71c33e82ac5b6e139b1f34853e81bba06c52d08a74f924825.jpg,QmVRXFuhx5YLQ6p6mr69YXhmt84zsAxcxD7fhAcib785aX,This is a digital screenshot of a Google Trends analytics page displaying search interest data for the term &quot;Elena Vasquez&quot; in Israel over the past 90 days.,ck-4sq-stack,no,CK_AUTHOR_CREDIT,
/People/elizabeth-mccoy,site/docs/People/elizabeth-mccoy.mdx,mdx,3,People,People,no,Elizabeth McCoy,Elizabeth McCoy,A private individual whose name appears in unverified online speculation about a post-shooting phone call. This site does not endorse or detail those claims.,image,/img/evidence/144db8c48308501b0919b08449e36547efd8c5c6d34af5a1aff185c89a80e98d.jpg,QmVgs7PfKuDxwLvTo5zpjbgR6FEXnWmjd1Xn6ZSasbZcCe,"This is a split-screen digital video still featuring a woman sitting in a podcast or broadcast studio on the left side, and a large graphic document titled &quot;Mikey McCoy Call Logs&quot;…",ck-4sq-stack,no,CK_AUTHOR_CREDIT,
/People/emily-wilson,site/docs/People/emily-wilson.mdx,mdx,3,People,People,no,Emily Wilson,Emily Wilson,Emily Wilson (Emily Saves America) is a conservative influencer and podcaster placed via photos at the reported August 2025 Bridgehampton gathering involving Charlie Kirk. This page summarizes reported context only.,none,,,,none,no,CK_AUTHOR_CREDIT,
/People/emmanuel-beerer,site/docs/People/emmanuel-beerer.mdx,mdx,3,People,People,no,Emmanuel Beerer,Emmanuel Beerer,"Eyewitness interviewed by several outlets after the September 10, 2025 Charlie Kirk shooting; commentary questions how he was located.",none,,,,none,no,CK_AUTHOR_CREDIT,
/People/emmanuel-macron,site/docs/People/emmanuel-macron.mdx,mdx,3,People,People,no,Emmanuel Macron,Emmanuel Macron,Reported context only: commentator Candace Owens's disputed allegations naming the French president. Not a finding of wrongdoing.,image,/img/evidence/4f8b91544166735e905bca24721492c5eb23aa544ef2b169ba57b6e7c69be724.jpg,QmV6yVLbNmQkXTuEEugfBJPvC3LkqT5ZjkzbXSM6fbQ1r3,"This is a digital screenshot of an online article containing a sensationalist headline, social media sharing buttons, and a heavily edited, photomontaged lead image.",ck-4sq-stack,no,CK_AUTHOR_CREDIT,
/People/eric-bolling,site/docs/People/eric-bolling.mdx,mdx,3,People,People,no,Eric Bolling,Eric Bolling,A well-known conservative broadcaster named among Charlie Kirk's media allies in unverified online search-spike commentary.,none,,,,none,no,CK_AUTHOR_CREDIT,
/People/erika-kirk,site/docs/People/erika-kirk.mdx,mdx,3,People,People,no,Erika Kirk,Erika Kirk,"Erika Kirk — widow of Charlie Kirk, TPUSA leadership after September 2025, and public attendance at Tyler Robinson preliminary-hearing sessions in July 2026.",none,,,,none,no,CK_AUTHOR_CREDIT,
/People/erwin-steele-caldera,site/docs/People/erwin-steele-caldera.mdx,mdx,3,People,People,no,Erwin Steele Caldera,Erwin Steele Caldera,A name appearing in an unverified online search-term compilation with no established connection to the case. This site does not endorse or detail the speculation.,none,,,,none,no,CK_AUTHOR_CREDIT,
/People/frank-turek,site/docs/People/frank-turek.mdx,mdx,3,People,People,no,Frank Turek,Frank Turek,"Christian apologist and author, mentor to Charlie Kirk (\\\""friend and brother in Christ\\\"")",image,/img/evidence/0f55827920dc968fc59b4103c27782a48234dbad046b21af30181723ec746f70.jpg,QmdVQahT2w5dCmjYFC55xDRRuCJ3yyBSip63F4dHNxmfsm,This image is a digital screenshot of a text document or notes application featuring white sans-serif text set against a solid black background.,ck-4sq-side,no,CK_AUTHOR_CREDIT,
/People/furkan-gozukara,site/docs/People/furkan-gozukara.mdx,mdx,3,People,People,no,Furkan Gozukara,Furkan Gozukara,A social-media poster (@FurkanGozukara) who has shared video clips related to online commentary about the Charlie Kirk case.,none,,,,none,no,CK_AUTHOR_CREDIT,
/People/gernot-ohner,site/docs/People/gernot-ohner.mdx,mdx,3,People,People,no,Gernot Ohner,Gernot Ohner,A name that appears only in an unverified online 'search compilation' list connected to Charlie Kirk speculation; no established tie and no accusation.,none,,,,none,no,CK_AUTHOR_CREDIT,
/People/gina-romney-henderson,site/docs/People/gina-romney-henderson.mdx,mdx,3,People,People,no,Gina Romney Henderson,Gina Romney Henderson,Bilt Inc. executive and the Romney-family link named only within an unverified coincidence thread.,image,/img/evidence/2a1a4d4a1e1541c783ba6bfc717de7d4b85600db8ecbd48542e5d2659df98c20.jpg,QmQMiTHWuTpeWxWvJy5NkmnvRwphE9LRy2A8jKM1niVVFk,"This is a digital graphic banner or video thumbnail depicting an investigative, conspiracy-style expose titled &quot;UTAH MORMON MAFIA EXPOSED: HENDERSON • QURESHI TIES.&quot; The graphic…",ck-4sq-stack,no,CK_AUTHOR_CREDIT,
/People/grace-ashford,site/docs/People/grace-ashford.mdx,mdx,3,People,People,no,Grace Ashford,Grace Ashford,Journalist (posting as @IGraceAshford) who reported the mass judicial recusal in the Harpole v. Owens defamation case and other case-adjacent items.,none,,,,none,no,CK_AUTHOR_CREDIT,
/People/gray-hughes,site/docs/People/gray-hughes.mdx,mdx,3,People,People,no,Gray Hughes,Gray Hughes,Citizen investigator posting as @GrayHuze whose surveillance-timeline analysis of the UVU shooting scene is cited in the investigation.,none,,,,none,no,CK_AUTHOR_CREDIT,
/People/harrison-smith,site/docs/People/harrison-smith.mdx,mdx,3,People,People,no,Harrison Smith,Harrison Smith,"InfoWars host who said publicly that Charlie Kirk told him, days before, he feared for his life — an attributed account of reported statements.",image,/img/evidence/4ded938d0d7d8f8466f4c8f7b2b8713738198da5e9e549f2babfd5d175d98ec8.jpg,Qmekc27JqhbAr94ExmVGouNbeMwTn9gyHAgA9DXmpx3oXh,This image is a digital screenshot of a post from the social media platform X (formerly Twitter).,ck-4sq-stack,no,CK_AUTHOR_CREDIT,
/People/henry-dells,site/docs/People/henry-dells.mdx,mdx,3,People,People,no,Henry Dells,Henry Dells,"UVU event witness listed in some analyses as an early questioner at the September 10, 2025 Charlie Kirk courtyard event.",image,/img/evidence/7158183ba6bafdf39da87a2e8cbb75a67393153d4161e26a708706a6d626e62e.jpg,QmUTCM6bvgFR8LBfuN2Rs5MUXghUNXiBDG66jY8wVtfgw1,"This image is a high-angle, annotated digital photograph depicting an outdoor campus plaza at Utah Valley University (UVU), featuring a tiered grassy amphitheater, a central white…",ck-4sq-stack,no,CK_AUTHOR_CREDIT,
/People/hunter-kozak,site/docs/People/hunter-kozak.mdx,mdx,3,People,People,no,Hunter Kozak,Hunter Kozak,"Liberal UVU student/TikToker who asked the final audience question to Charlie Kirk moments before the September 10, 2025 shooting at Utah Valley University.",image,/img/evidence/25c8f7821210d6958b2ba0bc538298cbf51761c49e3eff8eac44c2fd83a5939e.jpg,QmchnyAMHSDE8TnePJ6Udjaj3LDvqozaVS9SJGcgeTSYY3,"This is a vertical screenshot of a digital user interface displaying a list of names compiled within a database, likely on a mobile device or a specialized web application.",ck-4sq-side,no,CK_AUTHOR_CREDIT,
/People/ian-carroll,site/docs/People/ian-carroll.mdx,mdx,3,People,People,no,Ian Carroll,Ian Carroll,"Ian Carroll (@IanCarrollShow) is a citizen journalist and independent investigator whose X posts, YouTube videos, and podcast appearances form one of the densest public records of questions about the Charlie Kirk assassination.",video,/img/video_posters/8e11dae32fe622ce19bdceed2ea70c2d95d62454b95c4fd832f23dc2e9bba23a.jpg,QmSbvABAy45DGwUxRfusXGHELYYRGW2hdWCsk1KrBQR8pL,,ck-4sq-side,no,CK_AUTHOR_CREDIT,
/People/jack-hibbs,site/docs/People/jack-hibbs.mdx,mdx,3,People,People,no,Jack Hibbs,Jack Hibbs,"Pastor named in commentary as a relative of a UVU witness; some X posts characterize his Israel-policy advocacy. Thin, attribution-only material.",image,/img/evidence/d61473cb98fcd90fb178542e42abbe6cabb09afbe3e473583380a8a6b9fd6d78.jpg,QmerreQoXwusMKzy65qn8K7xngXXrYctcpAS8VhPhs8hb1,"This image is a digital collage of four distinct quadrants containing photos, screenshots, and text overlays used to make a political or social connection between various…",ck-4sq-stack,no,CK_AUTHOR_CREDIT,
/People/jack-posobiec,site/docs/People/jack-posobiec.mdx,mdx,3,People,People,no,Jack Posobiec,Jack Posobiec,"Jack Posobiec is a conservative activist, author, and Human Events host with a documented U.S. Navy intelligence background. This page covers his intelligence service and a widely-circulated exchange with TPUSA's Tyler Bowyer about Fort Huachuca.",image,/img/evidence/3caf215f7a42c0f37aace588bb7887f7a2acda9e15322164da37bc3693c9a558.jpg,QmVA7WhYwAvFXe7rjdrgrRwdCJpprLG39vrS3Xp8PK2otq,Screenshot of a February 2022 exchange: Jack Posobiec describes military training trips to Fort Huachuca and border crossings to Nogales and Juarez; Tyler Bowyer replies ,ck-4sq-stack,no,CK_AUTHOR_CREDIT,
/People/jacob-reses,site/docs/People/jacob-reses.mdx,mdx,3,People,People,no,Jacob Reses,Jacob Reses,Placeholder profile page for Jacob Reses. Content pending research.,none,,,,none,no,H2_INTERESTING,
/People/jamal-reed,site/docs/People/jamal-reed.mdx,mdx,3,People,People,no,Jamal Reed,Jamal Reed,"A name listed among 'TPUSA insiders and allies' in an unverified online search-spike compilation; no evidence, no accusation, and no charges.",none,,,,none,no,CK_AUTHOR_CREDIT,
/People/jason-behunin,site/docs/People/jason-behunin.mdx,mdx,3,People,People,no,Jason Behunin,Jason Behunin,UVU event witness listed in aftermath and cleanup-crew discussion threads alongside Butch Hibbs and Phillip Goldsberry Jr.,image,/img/evidence/3a00c8b03118d04e90b18a347528235844347574a728bc57ed4fc47b6880fbc4.jpg,QmT1FdxwXN3Mm7DTewfYsfrBMLwv8kw42iE3yHxaZKcN1x,This image is a digital screenshot of an interactive web application designed as an &quot;Investigation Dossier&quot; or relationship-mapping tool.,ck-4sq-side,no,CK_AUTHOR_CREDIT,
/People/jayden-wilson,site/docs/People/jayden-wilson.mdx,mdx,3,People,People,no,Jayden Wilson,Jayden Wilson,"AV and close-proximity team member listed at the September 10, 2025 Charlie Kirk UVU courtyard event.",none,,,,none,no,CK_AUTHOR_CREDIT,
/People/jd-vance,site/docs/People/jd-vance.mdx,mdx,3,People,People,no,JD Vance,JD Vance,"Vice President JD Vance: named in a cabinet-meeting account and succession-timing commentary; thin, documented with attribution.",none,,,,none,no,CK_AUTHOR_CREDIT,
/People/jeb-jacobi,site/docs/People/jeb-jacobi.mdx,mdx,3,People,People,no,Jeb Jacobi,Jeb Jacobi,"TPUSA volunteer who helped bring Charlie Kirk to UVU and stood approximately 10 feet away when Kirk was shot on September 10, 2025.",image,/img/evidence/c1f7990feb539f667892246215cfc19d897b355db5251c800aa5d392c648d796.jpg,QmZMgrcVW7J7sJz8vFfAy7xGfVaim7qn16tWixUj8TTiDf,"Three young men in Lawley Automotive Group shirts at a Fort Huachuca MWR event, from a Fort Huachuca MWR social-media post.",ck-4sq-side,no,CK_AUTHOR_CREDIT,
/People/jeff-long,site/docs/People/jeff-long.mdx,mdx,3,People,People,no,Jeff Long,Jeff Long,UVU Police Chief at the time of the event Criticized by Brian Harpole for not securing rooftops as promised and broader security planning issues (despite…,image,/img/evidence/8ef65284457a21552933d6ba5eb88290f1716605c806b938d4db5503014aabaa.jpg,QmdfWFcwTAbstgXdX9qZKQHoATBiXz8cTQxaPsrHXiJyJ6,"This is a long, vertical screenshot of a Facebook post and its subsequent comment thread.",ck-4sq-side,no,CK_AUTHOR_CREDIT,
/People/jeffrey-neiman,site/docs/People/jeffrey-neiman.mdx,mdx,3,People,People,no,Jeffrey Neiman,Jeffrey Neiman,"Jeffrey Neiman — attorney for the Kirk family who pressed for public, unredacted display of preliminary-hearing evidence in State v. Tyler Robinson.",none,,,,none,no,CK_AUTHOR_CREDIT,
/People/jeffrey-s-gray,site/docs/People/jeffrey-s-gray.mdx,mdx,3,People,People,no,Jeffrey S. Gray,Jeffrey S. Gray,Utah County Attorney whose office is prosecuting the Charlie Kirk case; online commentary questions the handling of rooftop-view video files.,image,/img/evidence/897950b6a9fc5912ff935457cc5d7008fcb00a032e7b98bb7f264ed91eac27f2.jpg,QmZAhv2KbVRBhLA4CjdX2UHqhhkScovtGuywpnZkyLeB2S,"This is a digital graphic image designed as a promotional or informational banner, likely for a website or online campaign.",ck-4sq-stack,no,CK_AUTHOR_CREDIT,
/People/jennifer-faumuina,site/docs/People/jennifer-faumuina.mdx,mdx,3,People,People,no,Jennifer Faumuina,Jennifer Faumuina,"SBI Sergeant Jennifer Faumuina — prosecution witness at Tyler Robinson preliminary hearing on rifle recovery, towel, screwdriver routing to labs, engraved rounds, and Dremel evidence.",none,,,,none,no,CK_AUTHOR_CREDIT,
/People/jeremy-gallman,site/docs/People/jeremy-gallman.mdx,mdx,3,People,People,no,Jeremy Gallman,Jeremy Gallman,"Jeremy Gallman is a camera operator and video editor for Turning Point USA, a role he states himself on his own LinkedIn profile. No wrongdoing is alleged. At least two other men share this name and are different people.",image,/img/evidence/2940752193ea1a94b25072eff596e43d8c5e1d845cac2a40337f61981cbcb819.jpg,QmPZYMTEWB6xA3qLGzs28s4qDVDr7RuL4UJ2K6b5sMXAN5,"Graphic naming Jeremy Gallman as a Turning Point USA camera operator, combining a Turning Point Action group photo with a frame of a camera operator at work",ck-4sq-stack,no,CK_AUTHOR_CREDIT,
/People/jeremy-king,site/docs/People/jeremy-king.mdx,mdx,3,People,People,no,Jeremy King,Jeremy King,"General UVU event witness listed among attendee accounts at the September 10, 2025 Charlie Kirk courtyard event.",image,/img/evidence/7158183ba6bafdf39da87a2e8cbb75a67393153d4161e26a708706a6d626e62e.jpg,QmUTCM6bvgFR8LBfuN2Rs5MUXghUNXiBDG66jY8wVtfgw1,"This image is a high-angle, annotated digital photograph depicting an outdoor campus plaza at Utah Valley University (UVU), featuring a tiered grassy amphitheater, a central white…",ck-4sq-stack,no,CK_AUTHOR_CREDIT,
/People/jerry-t-twiggs,site/docs/People/jerry-t-twiggs.mdx,mdx,3,People,People,no,Jerry T Twiggs,Jerry T Twiggs,A relative connected to the Twiggs family; listed in Texas public records as a director and registered agent of a charity. No accusation of wrongdoing.,image,/img/evidence/a295dd316ffcef0a5352f30ae6d9149bf39a4ea8a9b2b5d6c4e9ce7e19529dbc.jpg,QmSVW9Z5meXNtqzKB4AcUijMjgyKQYAphkwrJpahXw38Ad,This image is a vertical digital screenshot of a user profile or database entry containing personal details.,ck-4sq-side,no,CK_AUTHOR_CREDIT,
/People/jessica-krauss,site/docs/People/jessica-krauss.mdx,mdx,3,People,People,no,Jessica Krauss,Jessica Krauss,"A business professional (House Inhabit) whose name appears in unverified online speculation only as an associate of Scott Lazerson. No evidence, no accusation.",none,,,,none,no,CK_AUTHOR_CREDIT,
/People/john-kiriakou,site/docs/People/john-kiriakou.mdx,mdx,3,People,People,no,John Kiriakou,John Kiriakou,Former CIA officer and whistleblower whose interview account of MK-Ultra hypnosis is cited for context in the mind-control framing of the case.,none,,,,none,no,CK_AUTHOR_CREDIT,
/People/john-ratcliffe,site/docs/People/john-ratcliffe.mdx,mdx,3,People,People,no,John Ratcliffe,John Ratcliffe,"John Ratcliffe, CIA Director, is referenced in a citizen-research July 11, 2025 leadership-shuffle timeline; the file's mention of him is thin.",none,,,,none,no,CK_AUTHOR_CREDIT,
/People/jon-bray,site/docs/People/jon-bray.mdx,mdx,3,People,People,no,Jon Bray,Jon Bray,Researcher credited by a commentator with a 4K close-up analysis of Charlie Kirk's shirt.,image,/img/evidence/9e30d90099547a97e87c8f43437ab3bf7c0e9a3bec3b4867d2061fca34a7c80b.jpg,QmV7BqbAHiLgszVxqpMj6PMmUJSPEhQB45XpEz5y1JZEor,This image is a digital screenshot of a post on the social media platform X (formerly Twitter) by user Jon Bray.,ck-4sq-stack,no,CK_AUTHOR_CREDIT,
/People/josh-hammer,site/docs/People/josh-hammer.mdx,mdx,3,People,People,no,Josh Hammer,Josh Hammer,"Josh Hammer is a conservative legal analyst, commentator, and opinion editor at Newsweek. He is an Orthodox Jew and a prominent pro-Israel voice cited in reported Hamptons intervention accounts.",image,/img/evidence/e4ca073dca8af927912a5c0b59f40f3a8f5fe968d7e2a5c67b7b67b3a8554100.jpg,QmPLnHmqHfHfGoe9nuQ9PhwpTCpbkRckr6QfqYDSnNX21k,This image is a digital screenshot of a post on the social media platform X (formerly Twitter) by user Ann Jordan (@amjordan68).,ck-4sq-stack,no,CK_AUTHOR_CREDIT,
/People/justin-davis,site/docs/People/justin-davis.mdx,mdx,3,People,People,no,Justin Davis,Justin Davis,Emergency driver in the SUV Justin Davis was the trained emergency driver who cut through traffic and broke intersections rushing Charlie Kirk to the…,image,/img/evidence/1cd629601b121f59dc7902bcd6462b91a96a0716c90ec83b6c7c330018855070.jpg,Qmeej8whsQM7nkKECpBs2UsTmanTwN3ibcy1acUA9HF17e,This is a medium shot of two men in tactical gear or law enforcement uniforms standing outdoors at what appears to be a firing range or quarry.,ck-4sq-stack,no,CK_AUTHOR_CREDIT,
/People/justin-streiff,site/docs/People/justin-streiff.mdx,mdx,3,People,People,no,Justin Streiff,Justin Streiff,"TPUSA COO named in a contested, attributed Candace Owens claim about a phone call after the shooting.",image,/img/evidence/5a5aedf2fdc6a28b84f2a824143de13295868fcc7aa669c9a11886d9d9a02d1e.jpg,QmRFAJS6o7d9MYGVM1GA6ePfyK41skaU4hkcdEhMcdt9nT,This is a digital image of a printed or digitally rendered document titled &quot;INTERNAL MEMO&quot; from Turning Point USA.,ck-4sq-side,no,CK_AUTHOR_CREDIT,
/People/kash-patel,site/docs/People/kash-patel.mdx,mdx,3,People,People,no,Kash Patel,Kash Patel,"Kash Patel is the FBI Director whose public statements on the Charlie Kirk case — the 33-hour manhunt, the screwdriver DNA, the enhanced photos — are the federal narrative citizen investigators most often test against court documents.",image,/img/evidence/e217e5ea8b8c6f947a3211c39c88806566c75bddc1b6735dae6006e04ea60178.jpg,QmaFgn1PEAjegjGm8537AxzH7VRBuN9DyEexqWfgRqweYz,A vertical screenshot of a digital news article from *The New York Times* as viewed on a mobile device interface.,ck-4sq-side,no,CK_AUTHOR_CREDIT,
/People/kathryn-nester,site/docs/People/kathryn-nester.mdx,mdx,3,People,People,no,Kathryn Nester,Kathryn Nester,"Kathryn N. Nester is the lead capital defense attorney for Tyler Robinson in State of Utah v. Robinson. Salt Lake City-based, 30+ years in criminal defense.",none,,,,none,no,CK_AUTHOR_CREDIT,
/People/kevin-steele,site/docs/People/kevin-steele.mdx,mdx,3,People,People,no,Kevin Steele,Kevin Steele,Kevin Steele is referenced as a commentator who highlighted a reported discrepancy in the timestamps surrounding Tyler Robinson's custody. Attribution-based; no wrongdoing alleged.,none,,,,none,no,CK_AUTHOR_CREDIT,
/People/kyle-saltz,site/docs/People/kyle-saltz.mdx,mdx,3,People,People,no,Kyle Saltz,Kyle Saltz,"Name that appears only in a thin, contested whistleblower account; no verified link to the Charlie Kirk case.",image,/img/evidence/192b489c9ac5fdcfb11c7e1b87130a75ebea89c92e9ee745648d06b67335faf9.jpg,Qmc6Y7DU6KfgTXo4TXg59oW2vjtR1YeAysChNAdo5vMHpH,This image is a screenshot of a post on X (formerly Twitter) by user Matt Tucciarone.,ck-4sq-side,no,CK_AUTHOR_CREDIT,
/People/laine-schoenberg,site/docs/People/laine-schoenberg.mdx,mdx,3,People,People,no,Laine Schoenberg,Laine Schoenberg,Close proximity/response team member Laine Schoenberg helped carry Charlie Kirk from the stage area in the immediate aftermath of the shooting.,none,,,,none,no,CK_AUTHOR_CREDIT,
/People/laine-schoneberger,site/docs/People/laine-schoneberger.mdx,mdx,3,People,People,no,Laine Schoneberger,Laine Schoneberger,"Laine Schoneberger is a private financial professional whose name appears only in unverified online photo speculation. This site does not endorse or detail that speculation. No evidence, no charges.",image,/img/evidence/d83b2b6978c4426131a6b44094e01a2891d7d75c05c1693880a5593c5f85e2cb.jpg,QmU7ooaC6TTxpZTH2C6FEkNbCDCXM8eiJCmMU9otyu5wnM,A group of six people stand side-by-side in a semi-circle behind a round table inside an office or theater backroom.,ck-4sq-stack,no,CK_AUTHOR_CREDIT,
/People/lance-alfred,site/docs/People/lance-alfred.mdx,mdx,3,People,People,no,Sgt. Lance Alfred,Lance Alfred,Sgt. Lance Alfred is a spokesperson for the Washington County (Utah) Sheriff's Office cited as a source for the official account of Tyler Robinson's surrender. No wrongdoing alleged.,none,,,,none,no,CK_AUTHOR_CREDIT,
/People/lance-twiggs,site/docs/People/lance-twiggs.mdx,mdx,3,People,People,no,Lance Twiggs,Lance Twiggs,"Lance Twiggs (also known as \\\""Luna\\\"") is a 22-year-old transgender woman and the romantic partner and roommate of Tyler Robinson. She shared a townhouse with…",image,/img/evidence/e3945b5ba6927a91b3000db09aa3b57a38fdcfe3428901836f3a41fa23202859.jpg,QmWA8WoWFhR4snz2yUWqNtcWYDYkUWovEHT7RjVaGa1JxP,"The image is a medium close-up portrait of a young man, identified in the caption as Lance Twiggs, wearing a plush, brown-and-white sloth-themed hooded onesie.",ck-4sq-side,no,CK_AUTHOR_CREDIT,
/People/lauren-hunt,site/docs/People/lauren-hunt.mdx,mdx,3,People,People,no,Lauren Hunt,Lauren Hunt,Lauren Hunt is a Deputy Utah County Attorney on the prosecution team in the Tyler Robinson case. A living public prosecutor documented for her official role; no wrongdoing alleged.,none,,,,none,no,CK_AUTHOR_CREDIT,
/People/laurie-cardoza-moore,site/docs/People/laurie-cardoza-moore.mdx,mdx,3,People,People,no,Laurie Cardoza-Moore,Laurie Cardoza-Moore,"Laurie Cardoza-Moore is a Christian Zionist activist named in the investigation because a screenshot circulated on X shows a long rebuke reportedly sent to Charlie Kirk days before his death. Context, not accusation.",none,,,,none,no,H2_INTERESTING,
/People/lee-patterson,site/docs/People/lee-patterson.mdx,mdx,3,People,People,no,Lee Patterson,Lee Patterson,"Lee Patterson is a name appearing in unverified online search-pattern speculation about Timpanogos-area physicians. This site does not endorse or detail that speculation. No evidence, no charges.",none,,,,none,no,CK_AUTHOR_CREDIT,
/People/lee-trotter,site/docs/People/lee-trotter.mdx,mdx,3,People,People,no,Lee Trotter,Lee Trotter,"Lee Trotter is a name appearing in unverified online search-spike speculation about Timpanogos-area physicians, possibly the same person listed as Lee Patterson. No evidence, no charges.",image,/img/evidence/f4ac70121cfd6524b1d80c8f739b3a2e8556e714d2d4b58a77994f5c5871aafb.jpg,QmYvyxQ3vqQqnBQmuoez5kLtxrkMLN381CAHvEpATeYMNy,"This is a digital graphic or infographic presenting information about two individuals, Pastor Rob McCoy and Dr.",ck-4sq-stack,no,CK_AUTHOR_CREDIT,
/People/lisa-thornton,site/docs/People/lisa-thornton.mdx,mdx,3,People,People,no,Lisa Thornton,Lisa Thornton,"Lisa Thornton is a name that appears in an unverified online search compilation with no clearly established tie to the case. This site does not endorse that speculation. No evidence, no charges.",none,,,,none,no,CK_AUTHOR_CREDIT,
/People/liz-wheeler,site/docs/People/liz-wheeler.mdx,mdx,3,People,People,no,Liz Wheeler,Liz Wheeler,Conservative commentator cited on this site as a skeptic who challenged the flight-overlap methodology behind the Israel/Egyptian-plane theories.,none,,,,none,no,CK_AUTHOR_CREDIT,
/People/lori-frantzve,site/docs/People/lori-frantzve.mdx,mdx,3,People,People,no,Lori Frantzve,Lori Frantzve,"Erika Kirk's mother, whose reported appointment to a corporate board became the subject of unverified online speculation about TPUSA-related payments.",none,,,,none,no,CK_AUTHOR_CREDIT,
/People/lori-robinson,site/docs/People/lori-robinson.mdx,mdx,3,People,People,no,Lori Robinson,Lori Robinson,Owner of a general-contracting firm whose name appears in unverified online speculation about UVU site work; this site does not endorse or detail those claims.,none,,,,none,no,CK_AUTHOR_CREDIT,
/People/luke-moon,site/docs/People/luke-moon.mdx,mdx,3,People,People,no,Luke Moon,Luke Moon,Luke Moon is associated with the Philos Project and is mentioned in public commentary about a reported late-July 2025 off-the-record White House meeting and TPUSA-adjacent donor meetings in the Charlie Kirk case. Context only.,none,,,,none,no,CK_AUTHOR_CREDIT,
/People/marcus-wada,site/docs/People/marcus-wada.mdx,mdx,3,People,People,no,Marcus Wada,Marcus Wada,A person named as a TPUSA staffer in unverified online commentary about a vendor meeting; this site does not endorse or detail those claims.,none,,,,none,no,CK_AUTHOR_CREDIT,
/People/marjorie-taylor-greene,site/docs/People/marjorie-taylor-greene.mdx,mdx,3,People,People,no,Marjorie Taylor Greene,Marjorie Taylor Greene,"Former Rep. Marjorie Taylor Greene on the Charlie Kirk assassination: compelled by the lapel-mic stories, questions the .30-06 narrative, the SD-card collection, and the paving of the scene.",video,/img/video_posters/f46df7647fcab0835a553f989c01cd909cf5fee46a42346fa84787078f388754.jpg,QmazcnUensqwx3USwwNjZJ9GXveNK9hocxiDW7tsS1Eh15,,ck-4sq-stack,no,CK_AUTHOR_CREDIT,
/People/mark-harlan,site/docs/People/mark-harlan.mdx,mdx,3,People,People,no,Mark Harlan,Mark Harlan,"A name that appears on lists of UVU-associated figures and in reported search-trend claims; included only to note the online references, with no allegation of wrongdoing.",image,/img/evidence/23970d673ef19c6d8eec8f0a3bc16ff5a604d7e52b54136379ada7b914cddd21.jpg,QmS3x94Rhh93Hr3PwxpnSUHqdBcKEUdCsfE9RdmDVcdyaW,This is a digital screenshot of a Google Trends analytics page displaying web search interest data.,ck-4sq-stack,no,CK_AUTHOR_CREDIT,
/People/mathew-franke,site/docs/People/mathew-franke.mdx,mdx,3,People,People,no,Mathew Franke,Mathew Franke,"UVU review videographer and content creator in close proximity at the September 10, 2025 Charlie Kirk UVU courtyard event.",none,,,,none,no,CK_AUTHOR_CREDIT,
/People/matt-robinson,site/docs/People/matt-robinson.mdx,mdx,3,People,People,no,Matt Robinson,Matt Robinson,"Father of the accused, Tyler Robinson; his name appears in unverified online speculation about a family business, which this site does not endorse or detail.",none,,,,none,no,CK_AUTHOR_CREDIT,
/People/matthew-st-baker,site/docs/People/matthew-st-baker.mdx,mdx,3,People,People,no,Matthew St Baker,Matthew St Baker,"A citizen investigator on X who reshared the 'exploding pendant' shaped-charge theory about Charlie Kirk's death; presented as opinion, not established fact.",none,,,,none,no,CK_AUTHOR_CREDIT,
/People/mehtab-syed,site/docs/People/mehtab-syed.mdx,mdx,3,People,People,no,Mehtab Syed,Mehtab Syed,"Mehtab Syed was the FBI Special Agent in Charge of the Salt Lake City field office, appointed February 2025 and departing in August 2025 amid FBI changes.",none,,,,none,no,CK_AUTHOR_CREDIT,
/People/michael-burt,site/docs/People/michael-burt.mdx,mdx,3,People,People,no,Michael Burt,Michael Burt,Defense attorney reported as part of the defense team in Tyler Robinson's case.,none,,,,none,no,CK_AUTHOR_CREDIT,
/People/michael-dutsun,site/docs/People/michael-dutsun.mdx,mdx,3,People,People,no,Michael Dutsun,Michael Dutsun,"General UVU event witness listed among attendee accounts at the September 10, 2025 Charlie Kirk courtyard event.",none,,,,none,no,CK_AUTHOR_CREDIT,
/People/michael-olbert,site/docs/People/michael-olbert.mdx,mdx,3,People,People,no,Michael Olbert,Michael Olbert,"Reported to have had an AV/equipment role at the September 10, 2025 UVU event; online commentary notes a family connection, which this site frames as unverified.",none,,,,none,no,CK_AUTHOR_CREDIT,
/People/michael-powell,site/docs/People/michael-powell.mdx,mdx,3,People,People,no,Michael Powell,Michael Powell,"Named in research notes as a reported owner of Hardscape Specialties LLC, the entity discussed in claims about UVU courtyard paving after September 10, 2025.",none,,,,none,no,CK_AUTHOR_CREDIT,
/People/michelle-cammack,site/docs/People/michelle-cammack.mdx,mdx,3,People,People,no,Michelle Cammack,Michelle Cammack,FBI Special Agent Michelle Cammack — Evidence Response Team lead who reportedly retrieved the towel-wrapped rifle from the wooded area near UVU in the Charlie Kirk case.,image,/img/evidence/ab480941edf4a001aa193d573996cfc87851a6bda3334361db6a7044b9c7a785.jpg,QmV7xQ1nEggurhwkcoxTrSBTAr3SaZL8Z8fEftW5e3JDgV,"Composite identifying Michelle Cammack as FBI Evidence Response Agent, with stills of the wooded-area rifle recovery near UVU",ck-4sq-stack,no,CK_AUTHOR_CREDIT,
/People/mikayla-r-twiggs,site/docs/People/mikayla-r-twiggs.mdx,mdx,3,People,People,no,Mikayla R Twiggs,Mikayla R Twiggs,A member of the Twiggs family named in publicly surfaced Texas nonprofit and county property records connected to Lance Twiggs.,none,,,,none,no,CK_AUTHOR_CREDIT,
/People/mike-glover,site/docs/People/mike-glover.mdx,mdx,3,People,People,no,Mike Glover,Mike Glover,Former special-operations veteran who says a CIA official told him the FBI blocked CIA agents from the investigation.,none,,,,none,no,CK_AUTHOR_CREDIT,
/People/mike-miller,site/docs/People/mike-miller.mdx,mdx,3,People,People,no,Mike Miller,Mike Miller,"Named in project research as a Turning Point USA board member during the period before September 10, 2025.",image,/img/evidence/6bf9a25aec8cc1e55e362b0ae42a6d36b0d6fb9003a28aee9907dd3962759e9a.jpg,Qmd2PNNKRcK7UtY3cMCrAYQ8t4Mc3KPNetGFADUFJe8XVN,This is a vertical screenshot of a mobile user interface displaying a list of user profiles or database entries.,ck-4sq-side,no,CK_AUTHOR_CREDIT,
/People/mike-mitchell,site/docs/People/mike-mitchell.mdx,mdx,3,People,People,no,Mike Mitchell,Mike Mitchell,Former Washington County deputy named in the probable-cause affidavit as relaying the father's report and coordinating the turn-in.,image,/img/evidence/eb612f30b7b278696459dd01da6bc61f4cfaa6ee6aaadfe04517153bcfcbcb00.png,QmZ6pcfrWofBdr8JbkGweYr2jgRwEEKWahjCEB4vcEPV4G,"This is a digital image featuring a block of black, sans-serif text set against a solid, plain white background.",ck-4sq-stack,no,CK_AUTHOR_CREDIT,
/People/mike-smith,site/docs/People/mike-smith.mdx,mdx,3,People,People,no,Mike Smith,Mike Smith,Utah County Sheriff named in the turn-in phone call sequence and present at the September 11 press event.,image,/img/evidence/5a84f152fa8cab0a40ff1590442ef417b26a57847b22daa76ebf2f5acbdddf76.jpg,QmYJG4SF5YtAEZ2rBhbgksRyWiHGZK1RTUnyjCFwUFb8qe,This image is a digital graphic featuring a vertical compilation of two separate news-broadcast screenshots set against a solid red background.,ck-4sq-side,no,CK_AUTHOR_CREDIT,
/People/mikey-mccoy,site/docs/People/mikey-mccoy.mdx,mdx,3,People,People,no,Mikey McCoy,Mikey McCoy,"TPUSA Chief of Staff, one of Charlie Kirk's closest friends.",image,/img/evidence/bd23f6605d138f90037317798e0e28ca0594d95607acbfb8470d7750d3e848b0.jpg,QmaiNZfKXfFkEBVwhw7ZVyuudoF9haXmaVBQV2b6ANqVaF,"This image is a digital screenshot of a web-based user interface, designed as an interactive &quot;Investigation Dossier.&quot; The screen is split vertically into a large, white…",ck-4sq-side,no,CK_AUTHOR_CREDIT,
/People/minjae-kim,site/docs/People/minjae-kim.mdx,mdx,3,People,People,no,Minjae Kim,Minjae Kim,"General UVU event witness listed among attendee accounts at the September 10, 2025 Charlie Kirk courtyard event.",none,,,,none,no,CK_AUTHOR_CREDIT,
/People/mitch-snow,site/docs/People/mitch-snow.mdx,mdx,3,People,People,no,Mitch Snow,Mitch Snow,Whistleblower cited in project research for reported claims about a Fort Huachuca meeting and pre-event sightings.,image,/img/evidence/8400660a35966305621a7183cc0466fafc82105c84380f4b2f489e1232782cb6.jpg,QmUmGeaZfPjHMQdW5kHNNgLWKJmvCkssJbFVhKgoyxCk4v,"This is a medium-wide, outdoor vertical-format photograph of a man standing in a suburban residential neighborhood on a bright, sunny day.",ck-4sq-side,no,CK_AUTHOR_CREDIT,
/People/moyo-dasaolu,site/docs/People/moyo-dasaolu.mdx,mdx,3,People,People,no,Moyo Dasaolu,Moyo Dasaolu,"UVU student videographer and content creator in close proximity at the September 10, 2025 Charlie Kirk courtyard event.",none,,,,none,no,CK_AUTHOR_CREDIT,
/People/mystery-woman-signed-off,site/docs/People/mystery-woman-signed-off.mdx,mdx,3,People,People,no,Mystery Woman Who Signed Off (Allegation),Mystery Woman (Signed Off),"An unidentified young woman who, according to an unverified secondhand social-media claim, allegedly 'signed off' on Charlie Kirk's autopsy report before the medical examiner finished. Presented strictly as an allegation.",none,,,,none,no,CK_AUTHOR_CREDIT,
/People/natasha-hausdorff,site/docs/People/natasha-hausdorff.mdx,mdx,3,People,People,no,Natasha Hausdorff,Natasha Hausdorff,Natasha Hausdorff is a UK-based lawyer and pro-Israel advocate mentioned in public commentary about the reported summer 2025 Hamptons meeting involving Charlie Kirk. This page summarizes reported context only.,none,,,,none,no,CK_AUTHOR_CREDIT,
/People/nate-brooksby,site/docs/People/nate-brooksby.mdx,mdx,3,People,People,no,Sheriff Nate Brooksby,Nate Brooksby,"Nate Brooksby served as Washington County Sheriff and played a central role in the surrender of Tyler Robinson on September 11, 2025 — the day after the…",video,/img/video_posters/84efe8b096852eec82e5f92adecbb5969152f908c45e1d8b078c8b1319334bab.jpg,Qmb49X85Y7wRdMEi7EgvEvjN3A8rdpZVvLfu2CuiSZwbwR,,ck-4sq-stack,no,CK_AUTHOR_CREDIT,
/People/nate-friedman,site/docs/People/nate-friedman.mdx,mdx,3,People,People,no,Nate Friedman,Nate Friedman,Nate Friedman is a pro-Israel influencer named among reported participants in the August 2025 Bridgehampton gathering involving Charlie Kirk. This page summarizes reported context only.,none,,,,none,no,CK_AUTHOR_CREDIT,
/People/nathan-henderson,site/docs/People/nathan-henderson.mdx,mdx,3,People,People,no,Nathan Henderson,Nathan Henderson,Bilt Inc. executive named only within an unverified coincidence thread; no wrongdoing is asserted.,none,,,,none,no,CK_AUTHOR_CREDIT,
/People/olivia-bishop,site/docs/People/olivia-bishop.mdx,mdx,3,People,People,no,Olivia Bishop,Olivia Bishop,"A name that appears in unverified online speculation connected to the case; this site does not endorse or detail the claim, and there is no evidence and no charges.",image,/img/evidence/5371c0835aff94cdce89592c26bd0e8933199394dff31bf5fd2a0a71b9c86d78.jpg,QmSWnZyQdXQ9aAhvz6YrroP5RFLQmXt9xQprS2omnyY54m,"This image is a screenshot of a social media post, specifically a Facebook post by the &quot;Orem Police Department,&quot; announcing the retirement of three Records Service Specialists…",ck-4sq-side,no,CK_AUTHOR_CREDIT,
/People/omar-nassar,site/docs/People/omar-nassar.mdx,mdx,3,People,People,no,Omar Nassar,Omar Nassar,A name that surfaced online as a possible passenger on the Egyptian-registered jet SU-BTT at Provo; entirely unverified with no manifest confirmation.,none,,,,none,no,CK_AUTHOR_CREDIT,
/People/ory-rinat,site/docs/People/ory-rinat.mdx,mdx,3,People,People,no,Ory Rinat,Ory Rinat,Ory Rinat is a former White House chief digital officer and PR-firm CEO named among reported participants in the August 2025 Bridgehampton gathering involving Charlie Kirk. This page summarizes reported context only.,none,,,,none,no,CK_AUTHOR_CREDIT,
/People/overview,site/docs/People/overview.mdx,mdx,2,People,,yes,People,People,"Profiles of the key individuals connected to the Charlie Kirk assassination investigation — the victim, the accused, family members, witnesses…",image,/img/evidence/abea107b967c27fe33866da13ba3211938685846b56e8f702103f190beaac7ce.jpg,Qmaf2tVe1bXxnNsX3k3Uu8GnDcwPjEgyfspSJv6ogDTMku,This is a vertical screen capture of a television news broadcast featuring a split-screen format.,ck-4sq-side,no,CK_AUTHOR_CREDIT,
/People/pam-bondi,site/docs/People/pam-bondi.mdx,mdx,3,People,People,no,Pam Bondi,Pam Bondi,U.S. Attorney General named in project research in connection with a reported past flight on a government aircraft and a reported meeting with Benny Johnson over death threats.,none,,,,none,no,CK_AUTHOR_CREDIT,
/People/pete-hegseth,site/docs/People/pete-hegseth.mdx,mdx,3,People,People,no,Pete Hegseth,Pete Hegseth,Secretary of Defense Pete Hegseth: cited in aircraft-timeline commentary about a DoD flight; documented with attribution.,none,,,,none,no,CK_AUTHOR_CREDIT,
/People/phillip-goldsberry-jr,site/docs/People/phillip-goldsberry-jr.mdx,mdx,3,People,People,no,Phillip Goldsberry Jr.,Phillip Goldsberry Jr.,"AV team member who mic'd Charlie Kirk at the September 10, 2025 UVU event; part of the sound crew with Terryl Farnsworth.",none,,,,none,no,CK_AUTHOR_CREDIT,
/People/pierce-beck,site/docs/People/pierce-beck.mdx,mdx,3,People,People,no,Pierce Beck,Pierce Beck,"Security in close proximity, member of Shaffer Security Group with executive protection experience",none,,,,none,no,CK_AUTHOR_CREDIT,
/People/pierre-du-pont,site/docs/People/pierre-du-pont.mdx,mdx,3,People,People,no,Pierre Du Pont,Pierre Du Pont,A name mentioned on Candace Owens' podcast in reference to someone who may have been him. Nothing further is documented.,none,,,,none,no,CK_AUTHOR_CREDIT,
/People/rabbi-pesach-wolicki,site/docs/People/rabbi-pesach-wolicki.mdx,mdx,3,People,People,no,Rabbi Pesach Wolicki,Rabbi Pesach Wolicki,Rabbi Pesach Wolicki is a religious leader mentioned in public commentary about pro-Israel outreach and the reported summer 2025 Hamptons meeting involving Charlie Kirk. This page summarizes reported context only.,none,,,,none,no,CK_AUTHOR_CREDIT,
/People/ralph-reed,site/docs/People/ralph-reed.mdx,mdx,3,People,People,no,Ralph Reed,Ralph Reed,"Ralph Reed is chairman of the Faith & Freedom Coalition, mentioned in public commentary about a reported late-July 2025 off-the-record White House meeting on Israel and MAGA politics. This page summarizes reported context only.",none,,,,none,no,CK_AUTHOR_CREDIT,
/People/richard-g-novak,site/docs/People/richard-g-novak.mdx,mdx,3,People,People,no,Richard G. Novak,Richard G. Novak,Richard G. Novak is a California-based capital-defense attorney appointed as co-counsel in the Tyler Robinson death-penalty case in Utah.,none,,,,none,no,CK_AUTHOR_CREDIT,
/People/richard-rasmussen,site/docs/People/richard-rasmussen.mdx,mdx,3,People,People,no,Richard Rasmussen,Richard Rasmussen,"A name appearing in unverified online speculation about medical-provider search patterns. This site does not endorse or detail that speculation. No evidence, no charges.",none,,,,none,no,CK_AUTHOR_CREDIT,
/People/rob-hild,site/docs/People/rob-hild.mdx,mdx,3,People,People,no,Rob Hild,Rob Hild,"A name appearing in unverified online speculation. This site does not endorse or detail that speculation. No evidence, no charges.",image,/img/evidence/9a868320e7372c10aa0f81aec687983f12143853ead33ff8de59a3662c81e97c.jpg,QmXABwAJJjpr5b5HVZC73uBEjPkNmxiu27ZS4YFe6nyPEQ,"This is a composite graphic image consisting of three side-by-side vertical panels, each displaying a portrait of a different young adult male.",ck-4sq-stack,no,CK_AUTHOR_CREDIT,
/People/rob-mccoy,site/docs/People/rob-mccoy.mdx,mdx,3,People,People,no,Rob McCoy,Rob McCoy,"Rob McCoy (born August 10, 1964, Coronado, California) is an evangelical pastor, former politician, and co-founder of Turning Point USA Faith. He has a close…",image,/img/evidence/6bf9a25aec8cc1e55e362b0ae42a6d36b0d6fb9003a28aee9907dd3962759e9a.jpg,Qmd2PNNKRcK7UtY3cMCrAYQ8t4Mc3KPNetGFADUFJe8XVN,This is a vertical screenshot of a mobile user interface displaying a list of user profiles or database entries.,ck-4sq-side,no,CK_AUTHOR_CREDIT,
/People/rob-oneill,site/docs/People/rob-oneill.mdx,mdx,3,People,People,no,Rob O'Neill,Rob O'Neill,"Former Navy SEAL who said on Newsmax the footage 'looks like an explosion to me,' questioning the official Charlie Kirk shooting narrative.",none,,,,none,no,CK_AUTHOR_CREDIT,
/People/robbie-hill,site/docs/People/robbie-hill.mdx,mdx,3,People,People,no,Robbie Hill,Robbie Hill,"A name floated in unverified online commentary. This site does not endorse or detail that speculation. No evidence, no charges.",none,,,,none,no,CK_AUTHOR_CREDIT,
/People/robert-bohls,site/docs/People/robert-bohls.mdx,mdx,3,People,People,no,Robert Bohls,Robert Bohls,Robert Bohls is the FBI Special Agent in Charge of the Salt Lake City field office who took over in August 2025 and led the September 11 press conference.,image,/img/evidence/57e8649135b81537b51362bd11256633b2a8c8e1fd72ebecbd1729e3a206ee9c.jpg,QmecH1vEdtWuUTm2zxKWyrwfdu5Lpog5JVf7RJuE7Z34XS,This image is a digital graphic displaying a transcript of a news broadcast or investigative report concerning a shooting incident.,ck-4sq-side,no,CK_AUTHOR_CREDIT,
/People/robert-golo,site/docs/People/robert-golo.mdx,mdx,3,People,People,no,Robert Golo,Robert Golo,"AV operations team member in close proximity at the September 10, 2025 Charlie Kirk UVU courtyard event.",none,,,,none,no,CK_AUTHOR_CREDIT,
/People/robert-patterson,site/docs/People/robert-patterson.mdx,mdx,3,People,People,no,Robert Patterson,Robert Patterson,"A name appearing in unverified online speculation about medical-provider search patterns. This site does not endorse or detail that speculation. No evidence, no charges.",none,,,,none,no,CK_AUTHOR_CREDIT,
/People/robert-shillman,site/docs/People/robert-shillman.mdx,mdx,3,People,People,no,Robert Shillman,Robert Shillman,Robert Shillman is a well-known conservative donor reported to have cut ties with Charlie Kirk amid disagreements over Kirk's shifting rhetoric on Israel.,image,/img/evidence/7490dd1a708b73acf204ae2cf9f4b7d7e7f60065ab2cc5132a7cb498b78b3248.jpg,QmerYn6zzkDpxGNSnNgYWL7GXWzkq6iBWnvNQ7dtuy3tck,This image is a digital composite screenshot presenting a structured 2x3 grid of six Google Trends analytical panels.,ck-4sq-stack,no,CK_AUTHOR_CREDIT,
/People/rudy-bautista,site/docs/People/rudy-bautista.mdx,mdx,3,People,People,no,Rudy Bautista,Rudy Bautista,Rudy Bautista is a defense attorney quoted in local reporting raising concern about the absence of released surrender and booking footage in the Tyler Robinson case.,none,,,,none,no,CK_AUTHOR_CREDIT,
/People/rusty-needs,site/docs/People/rusty-needs.mdx,mdx,3,People,People,no,Rusty Needs,Rusty Needs,"A name appearing in unverified online speculation about UVU campus and national-security-society profiles. This site does not endorse or detail that speculation. No evidence, no charges.",image,/img/evidence/a5f13b0f87e87004a6975b69de8ed236a1457b3ed2de5ddc9cecda4868655195.jpg,QmPkqA5LVeA1UksQ4SXcjgyJXngzERXS9YgzpFAq3hN5zv,This digital composite image presents a narrative suggesting the deletion or disappearance of academic information regarding a university speaker.,ck-4sq-stack,no,CK_AUTHOR_CREDIT,
/People/ryan-mcbride,site/docs/People/ryan-mcbride.mdx,mdx,3,People,People,no,Ryan McBride,Ryan McBride,Ryan McBride is a Deputy Utah County Attorney identified in public court filings as part of the State's prosecution team in the Tyler Robinson case.,none,,,,none,no,CK_AUTHOR_CREDIT,
/People/samantha-karner,site/docs/People/samantha-karner.mdx,mdx,3,People,People,no,Samantha Karner,Samantha Karner,ATF firearm and toolmark examiner Samantha Karner — defense-called witness; autopsy bullet jacket fragment vs seized Mauser rifle comparison inconclusive.,none,,,,none,no,CK_AUTHOR_CREDIT,
/People/sameer-massey,site/docs/People/sameer-massey.mdx,mdx,3,People,People,no,Sameer Massey,Sameer Massey,Sameer Massey is a private individual whose name appears in unverified online speculation about the Charlie Kirk case; this site does not endorse or detail those claims.,image,/img/evidence/7158183ba6bafdf39da87a2e8cbb75a67393153d4161e26a708706a6d626e62e.jpg,QmUTCM6bvgFR8LBfuN2Rs5MUXghUNXiBDG66jY8wVtfgw1,"This image is a high-angle, annotated digital photograph depicting an outdoor campus plaza at Utah Valley University (UVU), featuring a tiered grassy amphitheater, a central white…",ck-4sq-stack,no,CK_AUTHOR_CREDIT,
/People/sarah-klein,site/docs/People/sarah-klein.mdx,mdx,3,People,People,no,Sarah Klein,Sarah Klein,Sarah Klein is a private individual whose name appeared on a removed UVU profile list cited in unverified online speculation; this site does not endorse those claims.,image,/img/evidence/e70c52d33923b41167176235651655e79153cf845e4ccd1dd3d2c59ea5310b06.jpg,QmTSYRoE7A77Mq6jA3HrfWvisyVaiw2pNdWiWa6wwfpPkT,This is a digital screenshot of a Google Trends analytics dashboard page.,ck-4sq-stack,no,CK_AUTHOR_CREDIT,
/People/scott-lazerson,site/docs/People/scott-lazerson.mdx,mdx,3,People,People,no,Scott Lazerson,Scott Lazerson,Scott Lazerson is a Utah figure whose reported meetings and travel are cited by online commentators as an investigative thread; no wrongdoing has been established.,none,,,,none,no,CK_AUTHOR_CREDIT,
/People/scott-messinger,site/docs/People/scott-messinger.mdx,mdx,3,People,People,no,Scott Messinger,Scott Messinger,Scott Messinger is described in online commentary as a retired Washington County Sheriff's Office detective referenced in discussion of the Tyler Robinson custody timeline.,none,,,,none,no,CK_AUTHOR_CREDIT,
/People/sean-parnell,site/docs/People/sean-parnell.mdx,mdx,3,People,People,no,Sean Parnell,Sean Parnell,Sean Parnell is a public figure named by online commentators as an associate of Scott Lazerson in pre-event travel discussion; no wrongdoing has been established.,none,,,,none,no,CK_AUTHOR_CREDIT,
/People/sean-reyes,site/docs/People/sean-reyes.mdx,mdx,3,People,People,no,Sean Reyes,Sean Reyes,"Sean Reyes, former Utah Attorney General, is named by online commentators as a reported associate of Scott Lazerson; no wrongdoing has been established.",none,,,,none,no,CK_AUTHOR_CREDIT,
/People/sergeant-elsholz,site/docs/People/sergeant-elsholz.mdx,mdx,3,People,People,no,Sergeant Elsholz,Sergeant Elsholz,Utah State Bureau of Investigation sergeant named as providing the accused's driver-license photo.,none,,,,none,no,CK_AUTHOR_CREDIT,
/People/seth-dillon,site/docs/People/seth-dillon.mdx,mdx,3,People,People,no,Seth Dillon,Seth Dillon,"Seth Dillon is the CEO of The Babylon Bee, mentioned in public commentary about the reported early-August 2025 Hamptons meeting involving Charlie Kirk and pro-Israel figures. This page summarizes reported context only.",none,,,,none,no,CK_AUTHOR_CREDIT,
/People/skye-valadez,site/docs/People/skye-valadez.mdx,mdx,3,People,People,no,Skye Valadez,Skye Valadez,Skye Valadez is a private individual named in unverified online speculation about the Charlie Kirk case; this site does not endorse those claims and notes no charges exist.,none,,,,none,no,CK_AUTHOR_CREDIT,
/People/spencer-cox,site/docs/People/spencer-cox.mdx,mdx,3,People,People,no,Spencer Cox,Spencer Cox,"Utah Governor Spencer Cox: public role in the post-arrest press event and judicial appointment, documented with attribution.",image,/img/evidence/fb14b85a283763fc0778887022c1800f900cd288c81b36603fb0a80dc7b62fc5.jpg,QmRkRwe9cELH4Z5j9vs6hHkYxin1U7FHKWexRVJb8HXiXB,"This image is a digital screenshot of a news article from the WEAR News 3 website, viewed on a mobile device.",ck-4sq-side,no,CK_AUTHOR_CREDIT,
/People/staci-visser,site/docs/People/staci-visser.mdx,mdx,3,People,People,no,Staci Visser,Staci Visser,"Staci Visser is reported to be a defense attorney of record for Tyler Robinson in the Utah prosecution following the September 10, 2025 shooting.",none,,,,none,no,CK_AUTHOR_CREDIT,
/People/stacy-sheridan,site/docs/People/stacy-sheridan.mdx,mdx,3,People,People,no,Stacy Sheridan,Stacy Sheridan,Stacy Sheridan (sometimes spelled Stacey) is a senior Turning Point USA fundraising executive and close associate of the Kirk family who gave a tribute at…,image,/img/evidence/6d4156df0ce4dc33412c6983d651f6ed9760abbb7ca946d82cc7ac893c76c86f.jpg,QmVLrpyfb1SdbeGVA4Q7Toe1tNnhAtiT7VX2jUurbUDVnt,"This is a widescreen digital composite or split-screen graphic from a video broadcast, likely a podcast or interview show.",ck-4sq-stack,no,CK_AUTHOR_CREDIT,
/People/steve-cameron,site/docs/People/steve-cameron.mdx,mdx,3,People,People,no,Steve Cameron,Steve Cameron,Steve Cameron is an online investigator (@SteveCameronPr1) who has posted commentary questioning the surrender and custody timeline in the Tyler Robinson case.,none,,,,none,no,CK_AUTHOR_CREDIT,
/People/steve-kozak,site/docs/People/steve-kozak.mdx,mdx,3,People,People,no,Steve Kozak,Steve Kozak,"Steve Kozak is reported to be the father of Hunter Kozak, the attendee who asked Charlie Kirk a question shortly before the September 10, 2025 shooting.",none,,,,none,no,CK_AUTHOR_CREDIT,
/People/steven-crowder,site/docs/People/steven-crowder.mdx,mdx,3,People,People,no,Steven Crowder,Steven Crowder,Steven Crowder is a well-known conservative commentator whose name enters the Charlie Kirk discussion through commentary about leaked case information.,image,/img/evidence/b8914b64c0254320764fbe2e0ee94c2b42ccf62168532f6f9c0cf761c5e85e37.jpg,QmTzgB66A6BN5PzwnuzMxAW3CiMzzEnXMuqEag9CYU2ibg,"This high-angle, wide shot shows a outdoor public event, likely a political rally or podcast recording, featuring media personality Steven Crowder.",ck-4sq-stack,no,CK_AUTHOR_CREDIT,
/People/steven-denoon,site/docs/People/steven-denoon.mdx,mdx,3,People,People,no,Steven DeNoon,Steven DeNoon,"Steven DeNoon (@stevendenoon) is a YouTube commentator, self-described as ex-CIA, who has amplified laser, ballistics, and 'tent shooter' theories about the case.",none,,,,none,no,CK_AUTHOR_CREDIT,
/People/steven-neeleman,site/docs/People/steven-neeleman.mdx,mdx,3,People,People,no,Steven Neeleman,Steven Neeleman,Steven Neeleman (also cited as Steven Neilman) is a name that appears in unverified online claims about search-engine activity involving Utah surgeons.,none,,,,none,no,CK_AUTHOR_CREDIT,
/People/tami-radabaugh,site/docs/People/tami-radabaugh.mdx,mdx,3,People,People,no,Tami Radabaugh,Tami Radabaugh,Tami Radabaugh is a name that appears in unverified online commentary only as a reported associate seen in the company of other individuals of interest.,none,,,,none,no,CK_AUTHOR_CREDIT,
/People/terryl-farnsworth,site/docs/People/terryl-farnsworth.mdx,mdx,3,People,People,no,Terryl Farnsworth,Terryl Farnsworth,"TPUSA AV videographer who controlled audio and video at the September 10, 2025 UVU event; filmed immediate aftermath statements.",image,/img/evidence/3775447a01c1c498d693b11e57af49c044552103d1c3e53f924d675b5f6e3614.jpg,QmRqfSYSdiJW8a9RirFwgvPxx8JCpQdBX7i25Qd4RdLAFp,This is a high-definition digital video screen capture featuring political commentator Candace Owens presenting a segment from her show.,ck-4sq-stack,no,CK_AUTHOR_CREDIT,
/People/tiffany-barker,site/docs/People/tiffany-barker.mdx,mdx,3,People,People,no,Tiffany Barker,Tiffany Barker,Early witness who told media Charlie Kirk was shot in the chest; commentary notes a reported campaign association.,none,,,,none,no,CK_AUTHOR_CREDIT,
/People/tim-ballard,site/docs/People/tim-ballard.mdx,mdx,3,People,People,no,Tim Ballard,Tim Ballard,Security-company owner cited as a security expert who publicly questioned the lone-shooter theory.,image,/img/evidence/3a00c8b03118d04e90b18a347528235844347574a728bc57ed4fc47b6880fbc4.jpg,QmT1FdxwXN3Mm7DTewfYsfrBMLwv8kw42iE3yHxaZKcN1x,This image is a digital screenshot of an interactive web application designed as an &quot;Investigation Dossier&quot; or relationship-mapping tool.,ck-4sq-side,no,CK_AUTHOR_CREDIT,
/People/tom-sodeika,site/docs/People/tom-sodeika.mdx,mdx,3,People,People,no,Tom Sodeika,Tom Sodeika,"Tom Sodeika is listed among Turning Point USA board members serving before September 10, 2025.",image,/img/evidence/6bf9a25aec8cc1e55e362b0ae42a6d36b0d6fb9003a28aee9907dd3962759e9a.jpg,Qmd2PNNKRcK7UtY3cMCrAYQ8t4Mc3KPNetGFADUFJe8XVN,This is a vertical screenshot of a mobile user interface displaying a list of user profiles or database entries.,ck-4sq-side,no,CK_AUTHOR_CREDIT,
/People/tony-seruga,site/docs/People/tony-seruga.mdx,mdx,3,People,People,no,Tony Seruga,Tony Seruga,Investigator who asserts the NSA's Utah data center could tie foreign phones near the scene back to their owners.,none,,,,none,no,CK_AUTHOR_CREDIT,
/People/trigger-smart,site/docs/People/trigger-smart.mdx,mdx,3,People,People,no,Trigger Smart,Trigger Smart,"Online citizen investigator credited, alongside other independent commentators, with research into shooting theories in the Charlie Kirk case.",none,,,,none,no,CK_AUTHOR_CREDIT,
/People/tucker-carlson,site/docs/People/tucker-carlson.mdx,mdx,3,People,People,no,Tucker Carlson,Tucker Carlson,Tucker Carlson is a conservative media figure whose TPUSA appearances and Israel-policy alignment with Charlie Kirk feature in donor-pressure and motive threads.,image,/img/evidence/9fedede6ebbd142a481e04c0b1134ac1287e3c9a3c044d18f7b2efd79938ef59.jpg,QmSg96ZfK6J9bkp1Z8k1iz57o3kFVZKnpcpafe9RA5NpbS,"This is a digital screenshot of a mobile instant messaging conversation, apparently from an encrypted messaging app like Signal or Telegram, set to dark mode.",ck-4sq-side,no,CK_AUTHOR_CREDIT,
/People/tyler-bowyer,site/docs/People/tyler-bowyer.mdx,mdx,3,People,People,no,Tyler Bowyer,Tyler Bowyer,"Tyler Bowyer is the chief operating officer of Turning Point Action/TPUSA and an Arizona RNC committeeman. This page covers his biography and role at TPUSA, his public statements on event security and drones, the DOGE-audit and Superfeed threads, the leadership succession after Charlie Kirk's death, the Arizona fake-electors case, and the attributed/unproven items raised by independent investigators — all framed as reported, not established.",image,/img/evidence/3caf215f7a42c0f37aace588bb7887f7a2acda9e15322164da37bc3693c9a558.jpg,QmVA7WhYwAvFXe7rjdrgrRwdCJpprLG39vrS3Xp8PK2otq,Screenshot of a February 2022 exchange: Jack Posobiec describes military training trips to Fort Huachuca and border crossings; Tyler Bowyer replies ,ck-4sq-stack,no,CK_AUTHOR_CREDIT,
/People/tyler-robinson,site/docs/People/tyler-robinson.mdx,mdx,3,People,People,no,Tyler Robinson,Tyler Robinson,"Tyler Robinson is the individual charged with the assassination of Charlie Kirk on September 10, 2025, at Utah Valley University. He was 22 years old at the…",video,/img/video_posters/008c341bdc5cdffd95fb7fcf6b420f9ec8617e970949e1b8ef2926c678a0a3c2.jpg,Qmf861VfyBj9LHr5yLVhN1ugZG6B1ZppVgWUY5HFVyrz3g,,ck-4sq-stack,no,CK_AUTHOR_CREDIT,
/People/unnamed-surgeon,site/docs/People/unnamed-surgeon.mdx,mdx,3,People,People,no,Unnamed Surgeon (Charlie Kirk),Unnamed Surgeon,"The still-unnamed surgeon or treating doctor who worked on Charlie Kirk at Timpanogos Regional Hospital, whose account reached the public only secondhand through TPUSA.",none,,,,none,no,CK_AUTHOR_CREDIT,
/People/walid-mahmoud,site/docs/People/walid-mahmoud.mdx,mdx,3,People,People,no,Walid Mahmoud,Walid Mahmoud,A name that appears in unverified online notes as a passenger aboard an Egyptian-registered aircraft; this site does not endorse or detail the claim.,none,,,,none,no,CK_AUTHOR_CREDIT,
/People/william-pugh,site/docs/People/william-pugh.mdx,mdx,3,People,People,no,William Pugh,William Pugh,A surgeon whose name appears in an unverified online search-pattern list; this site does not endorse or detail the claim and notes no evidence or charges.,none,,,,none,no,CK_AUTHOR_CREDIT,
/People/xaviaer-durousseau,site/docs/People/xaviaer-durousseau.mdx,mdx,3,People,People,no,Xaviaer DuRousseau,Xaviaer DuRousseau,Xaviaer DuRousseau is a PragerU personality and conservative influencer named as a participant in the reported August 2025 Bridgehampton gathering involving Charlie Kirk. This page summarizes reported context only.,none,,,,none,no,CK_AUTHOR_CREDIT,
/People/yair-netanyahu,site/docs/People/yair-netanyahu.mdx,mdx,3,People,People,no,Yair Netanyahu,Yair Netanyahu,Yair Netanyahu is the son of Israeli Prime Minister Benjamin Netanyahu. His name has appeared in public commentary about pre-event meetings in 2025. Presence claims are unverified commentary only — not established facts.,none,,,,none,no,CK_AUTHOR_CREDIT,
/People/yehuda-kaploun,site/docs/People/yehuda-kaploun.mdx,mdx,3,People,People,no,Yehuda Kaploun,Yehuda Kaploun,"Yehuda Kaploun is named in public commentary about the reported July 31, 2025 White House Israel strategy meeting and Israeli-connection threads in the Charlie Kirk case. Context only — not an accusation of wrongdoing.",none,,,,none,no,CK_AUTHOR_CREDIT,
/People/zane-qureshi,site/docs/People/zane-qureshi.mdx,mdx,3,People,People,no,Zane Qureshi,Zane Qureshi,Zane Qureshi — named in public commentary as the brother of Zachariah 'Zach' Qureshi and a son of Ahmed Qureshi; very little is confirmed and no wrongdoing is asserted.,image,/img/evidence/d62f0a312b3f4a002a0910f4a95f5142663264fc828af7e366c625b67e93d7c5.jpg,QmZ9a8TFBnZFZeoRB6H6qua3eyz8YSGCowVxr3MjMzFify,"Image posted with the July 18, 2026 teaser naming the Qureshi brothers",ck-4sq-stack,no,CK_AUTHOR_CREDIT,
/Before/Before_Investigation_Index,site/docs/Before/Before_Investigation_Index.mdx,mdx,3,Before,Before,no,Before Investigation Index,Before Investigation Index,"Memo hub for pre-September 10 context — donor meetings, recon searches, aircraft, campus warnings, and escalation timeline before Charlie Kirk's UVU event.",none,,,,none,no,CK_AUTHOR_CREDIT,
/Before/Free-Speech-Campus-Issues,site/docs/Before/Free-Speech-Campus-Issues.mdx,mdx,3,Before,Before,no,Free Speech and Campus Event Context,Free Speech Campus Issues,"How campus free-speech debates and event-security politics framed Charlie Kirk's UVU appearance before September 10, 2025.",image,/img/evidence/62997f8bf0b0687654e64b2a574768a54831202e8d0a5375ebb7530fc5a71bf7.jpg,QmQB1JxvDbP8yxDpVfoRRyBG4kmmJYXRNHPLWNLQxYPEGo,Evidence image,ck-4sq-stack,no,CK_AUTHOR_CREDIT,
/Before/Heightened-Political-Tensions,site/docs/Before/Heightened-Political-Tensions.mdx,mdx,3,Before,Before,no,Heightened Political Tensions Before UVU,Heightened Political Tensions,"Escalating donor friction, intervention meetings, and public rhetoric in the months before Charlie Kirk's September 10, 2025 appearance.",none,,,,none,no,CK_AUTHOR_CREDIT,
/Before/MAGA-Antisemitism-Debate,site/docs/Before/MAGA-Antisemitism-Debate.mdx,mdx,3,Before,Before,no,MAGA Movement and Antisemitism Debate (2025),MAGA Antisemitism Debate,How July–September 2025 debates over antisemitism within MAGA framed White House strategy sessions and Charlie Kirk's donor conflicts.,none,,,,none,no,CK_AUTHOR_CREDIT,
/Before/Political-Violence-Debate,site/docs/Before/Political-Violence-Debate.mdx,mdx,3,Before,Before,no,Political Violence Debates (2024–2025 Context),Political Violence Debate,How national debates on political violence contextualize the Charlie Kirk assassination — without proving any specific perpetrator theory.,image,/img/evidence/dc185a8161adfaee2daa5deb42d22a8001d365e5a328b380e1e3dcdddf80e4f2.jpg,QmRCvPWCJbAdZpKy6WBPh2BZqfhaDz7C4LUh1zHuadiNZj,"This vertical-format image captures a close-up, slightly high-angle shot of a young man speaking outdoors during a bright, sunny day.",ck-4sq-side,no,CK_AUTHOR_CREDIT,
/Before/Political_Pressure_And_Meetings_2025,site/docs/Before/Political_Pressure_And_Meetings_2025.mdx,mdx,3,Before,Before,no,2025 Political Pressure and Key Meetings Before UVU (Claims),2025 Political Pressure and Key Meetings Before UVU (Claims),"This Level3 page expands on political, donor, and meeting‑related context in 2025 that commentators and citizen‑researchers highlight as important “before”…",image,/img/evidence/614529a6775e37496829bb960031df45955cfc24294fe10eef039bb064c79512.jpg,QmdeCvbEvHqzaDuDjuprMrMeSybxNzgSzphNDuYKS9iCCv,"This is a slightly high-angle, outdoor wide shot capturing a political or campus event under a white pop-up tent emblazoned with &quot;THE AMERICAN COMEBACK TOUR&quot; and &quot;PROVE ME WRONG.&quot;…",ck-4sq-stack,no,CK_AUTHOR_CREDIT,
/Before/PreEvent_Searches_And_Recon,site/docs/Before/PreEvent_Searches_And_Recon.mdx,mdx,3,Before,Before,no,Reported Pre‑Event Searches and Reconnaissance (Claims),Reported Pre‑Event Searches and Reconnaissance (Claims),"This Level3 page expands on claims about online searches, reconnaissance, and information‑gathering that allegedly occurred in the months before the UVU…",image,/img/evidence/65e041584366dd6d921c9a23f35edb56a3efcfbd20b5a24399e081ed7f8e11d9.jpg,QmPKPg4dXeBZTDDMHCTUpDJbCyYSqqWGVHM21BC83P6FYT,"This is a digital rendering of a military intelligence, surveillance, and reconnaissance (ISR) aircraft flying high above a dense, soft layer of white clouds and snow-capped…",ck-4sq-stack,no,CK_AUTHOR_CREDIT,
/Before/State-Department-Response,site/docs/Before/State-Department-Response.mdx,mdx,3,Before,Before,no,State Department and Diplomatic Response (Claims),State Department Response,"Public commentary on State Department statements, visa policy, and diplomatic questions after the Kirk assassination — transparency issues, not findings of wrongdoing.",image,/img/evidence/704b3a6ccef774bbd05dbb9aff5a88522f01c00d68eea192c7e626b8fbb9122a.jpg,QmUKFrnzkh8dRxBd2C2UoMdYZZc1wjKAc6v9LJUxkNZbhX,"This is a digital screenshot of an official English-language schedule webpage from the Élysée Palace, the official website of the President of the French Republic.",ck-4sq-stack,no,CK_AUTHOR_CREDIT,
/Before/Woke-Right-Defamation,site/docs/Before/Woke-Right-Defamation.mdx,mdx,3,Before,Before,no,Woke-Right Defamation Frame (July 31 Context),Woke-Right Defamation,"The woke-right defamation-of-Israel framing cited in July 31, 2025 White House meeting reports and its role in pre-UVU donor-alignment debates.",image,/img/evidence/18647bfce77ce0c3c17de55b5f71120fec9c0569af516f432a89159718d88777.jpg,QmWMrSmVrLZCoLR6tc1U7dHXaHoiaoRQJ9APgCfC7nBW3e,This is a composite image or split-screen video still showing political commentator Candace Owens on the left side of the frame and a partial view of a man on the right side of…,ck-4sq-stack,no,CK_AUTHOR_CREDIT,
/Before/overview,site/docs/Before/overview.mdx,mdx,2,Before,,yes,Before Events,Before Events,"Pre-September 10 context for Charlie Kirk's UVU event — donor meetings, death-warning texts, recon searches, aircraft, and campus GRAMA warnings.",image,/img/evidence/4aa8288d8057815dd2e7d726cef33a23abe0f2d122c06e5d4958b5b26e1f88b9.png,QmQyTaTEFoxcboiwKVy1VeRjWJTtBUyEdkeveCQxmmkxWg,"This is a digital graphic featuring a detailed timeline chart tracking travel, &quot;Flight Overlaps,&quot; and associated &quot;Other Events&quot; spanning the years 2023, 2024, and 2025.",ck-4sq-stack,no,CK_AUTHOR_CREDIT,
/legal_investigation/overview,site/docs/legal_investigation/overview.mdx,mdx,2,legal_investigation,,yes,Legal Investigation,Legal Investigation,This directory contains information about legal proceedings and evidence handling related to the Charlie Kirk investigation.,none,,,,none,no,CK_AUTHOR_CREDIT,
/Roof/black-clothing-vs-jeans,site/docs/Roof/black-clothing-vs-jeans.mdx,mdx,3,Roof,Roof,no,Black Clothing vs Jeans,Black Clothing vs Jeans,Claims that the Losee Center roof figure wore all-black clothing or black pants — not jeans — conflicting with the casual clothing profile associated with Tyler Robinson.,none,,,,none,no,CK_AUTHOR_CREDIT,
/Roof/decoy-no-shot-from-roof,site/docs/Roof/decoy-no-shot-from-roof.mdx,mdx,3,Roof,Roof,no,Decoy / No Shot From Roof Claims,Decoy / No Shot From Roof,"Claims that the Losee Center roof figure was a decoy who never fired — no assembly on camera, bag theater, screwdriver as plant, and kill mechanism elsewhere.",none,,,,none,no,CK_AUTHOR_CREDIT,
/Roof/military-lateral-crawl,site/docs/Roof/military-lateral-crawl.mdx,mdx,3,Roof,Roof,no,Military Lateral Crawl,Military Lateral Crawl,"Citizen claims that the Losee Center roof figure used a dedicated military lateral crawl into prone position — Candace Owens footage, training inferences, and counter-arguments.",none,,,,none,no,CK_AUTHOR_CREDIT,
/Roof/multiple-roofs-figures,site/docs/Roof/multiple-roofs-figures.mdx,mdx,3,Roof,Roof,no,Multiple Roofs and Other Figures,Multiple Roofs & Figures,"Claims that people were on multiple UVU roofs around the amphitheater on September 10, 2025 — Woodbury, Sorensen, Sparks, and Losee — not only the alleged Losee sniper perch.",none,,,,none,no,CK_AUTHOR_CREDIT,
/Roof/news-helicopter-screwdriver,site/docs/Roof/news-helicopter-screwdriver.mdx,mdx,3,Roof,Roof,no,News Helicopter and the Screwdriver,News Helicopter & Screwdriver,Claims that KSL or other news-helicopter footage of the Losee Center roof showed no screwdriver and no yellow crime-scene tape at the railing — set against Officer Bagley's reported testimony.,none,,,,none,no,CK_AUTHOR_CREDIT,
/Roof/no-muzzle-flash-or-recoil,site/docs/Roof/no-muzzle-flash-or-recoil.mdx,mdx,3,Roof,Roof,no,No Muzzle Flash or Recoil,No Muzzle Flash or Recoil,"Citizen claims that roof surveillance shows no muzzle flash and no rifle recoil at the moment Charlie Kirk was hit — used to argue the roof figure was a decoy, not the shooter.",none,,,,none,no,CK_AUTHOR_CREDIT,
/Roof/overview,site/docs/Roof/overview.mdx,mdx,2,Roof,,yes,Roof,Roof,"The Losee Center roof at UVU on September 10, 2025 — the alleged firing position, run and military crawl, black clothing vs jeans, screwdriver and helicopter disputes, muzzle-flash claims, and identity questions.",none,,,,none,no,CK_AUTHOR_CREDIT,
/Roof/pre-shot-signal-claims,site/docs/Roof/pre-shot-signal-claims.mdx,mdx,3,Roof,Roof,no,Pre-Shot Signal Claims,Pre-Shot Signal Claims,Claims that the Losee Center roof figure flashed a bright object or signal just before the shot that killed Charlie Kirk — and related go-signal / coordination theories.,none,,,,none,no,CK_AUTHOR_CREDIT,
/Roof/roof-figure-not-tyler,site/docs/Roof/roof-figure-not-tyler.mdx,mdx,3,Roof,Roof,no,Roof Figure Identity Claims,Roof Figure Not Tyler?,"Claims that the person on the Losee Center roof is not Tyler Robinson — clothing mismatch, military movement, face-ID quality, and hearing identification limits.",none,,,,none,no,CK_AUTHOR_CREDIT,
/Roof/roof-line-of-sight,site/docs/Roof/roof-line-of-sight.mdx,mdx,3,Roof,Roof,no,Line of Sight Behind the Roof Lip,Line of Sight Behind the Roof Lip,"If the shooter lay flat behind a five-inch roof lip set back from the edge, how did he see down into the UVU courtyard? The geometry question raised against the prone firing position on the Losee Center roof.",image,/img/evidence/b3fbbd292127708ceebe88042033c758eec988e121fa731eefd9392a60c809fa.jpg,,"Two-panel annotated surveillance enlargement of the Losee Center roof, the lower panel labeling the roof edge and marking a dark object as sitting behind that edge",ck-4sq-stack,no,CK_AUTHOR_CREDIT,
/Roof/roof-timeline,site/docs/Roof/roof-timeline.mdx,mdx,3,Roof,Roof,no,"Roof Timeline — September 10, 2025",Roof Timeline,"Every roof event in order — the morning approach, the railing crossing, the alleged assembly point and screwdriver, the run and prone position, the drop to the grass, and the scene processing and footage releases afterward.",none,,,,none,no,CK_AUTHOR_CREDIT,
/Roof/screwdriver-and-crime-scene-tape,site/docs/Roof/screwdriver-and-crime-scene-tape.mdx,mdx,3,Roof,Roof,no,The Screwdriver and the Crime-Scene Tape,Screwdriver & Crime-Scene Tape,"Reported testimony that a screwdriver was recovered 15-20 feet past the Losee Center roof railing and protected with yellow crime-scene tape, set against helicopter footage said to show no tape at the railing.",image,/img/evidence/a51f228094480878a63db9caa0c4f2f9d68d61ce3fe016e8d2557ad8e19dab92.jpg,,"Photograph across the gravel surface of the Losee Center roof showing orange evidence markers and a white placard, with the UVU courtyard and a strand of yellow tape visible beyond the roof edge",ck-4sq-stack,no,CK_AUTHOR_CREDIT,
/Roof/tactical-roof-run,site/docs/Roof/tactical-roof-run.mdx,mdx,3,Roof,Roof,no,The Tactical Roof Run,The Tactical Roof Run,"Frame measurement of the running figure on the Losee Center roof — where he enters the frame relative to the alleged screwdriver drop point, the 10-11 running steps between marked points, and the lateral crawl into position.",image,/img/evidence/607a37fb453b2c683cb4003a912845033d1a38c49e0ed981d49b9a514e474604.jpg,,Annotated surveillance still of the Losee Center roof with colored reference lines and a callout reading ,ck-4sq-side,no,CK_AUTHOR_CREDIT,
/Roof/trained-roof-drop,site/docs/Roof/trained-roof-drop.mdx,mdx,3,Roof,Roof,no,Trained Roof Drop / Egress,Trained Roof Drop,"Citizen claims that the Losee Center roof drop was a rehearsed, hesitation-free tactical egress — not the improvised escape of an untrained 22-year-old.",none,,,,none,no,CK_AUTHOR_CREDIT,
/Drones/Butch_Hibbs_Crowd_Drones,site/docs/Drones/Butch_Hibbs_Crowd_Drones.mdx,mdx,3,Drones,Drones,no,Butch Hibbs & Crowd Drones,Butch Hibbs,Butch Hibbs — Utah drone expert seen near Charlie Kirk at UVU — eyewitness controller photo and Heber City flight threads tied to munitions delivery claims.,image,/img/evidence/2fb43c1cdfd1851ff3ce9d6912b4bcf15327c7541c729ced05930f2dd66bda71.jpg,QmTSLqWZrZrNZDzhhiCQRoDPeUqJKYDAZtxdTFkaN22EVR,"A wide, exterior daytime shot of a large crowd gathered around a multi-level concrete building.",ck-4sq-side,no,CK_AUTHOR_CREDIT,
/Drones/Butler_PA_Drone_Parallel,site/docs/Drones/Butler_PA_Drone_Parallel.mdx,mdx,3,Drones,Drones,no,Butler PA Drone Parallel,Butler PA Parallel,Comparison of unexplained drone reporting at the July 2024 Trump Butler rally and UVU — NCTC same-group theory presented as allegation only.,image,/img/evidence/85756bf37d5d83369982c44585bd713755d4a6e4a42330b847e253a66396ff8e.jpg,QmeFNod3F4bZtBXg7r97jbTkF7UEk3jdXTPgvchb25PMZL,"This image shows a vast, empty indoor study hall or library space, likely within a university building, characterized by concrete Brutalist architecture.",ck-4sq-stack,no,CK_AUTHOR_CREDIT,
/Drones/Investigation_Index,site/docs/Drones/Investigation_Index.mdx,mdx,3,Drones,Drones,no,Drones — Investigation Index,Investigation Index,"Working memo for reported and claimed drone activity around the Charlie Kirk UVU assassination — military ISR, TPUSA B-roll, weaponized theories, and disclosure gaps.",none,,,,none,no,CK_AUTHOR_CREDIT,
/Drones/Israeli_Armed_Quadcopter,site/docs/Drones/Israeli_Armed_Quadcopter.mdx,mdx,3,Drones,Drones,no,Israeli Armed Quadcopter Theory,Israeli Quadcopter,Speculative theory that IDF-style armed quadcopter drones — documented in Gaza — could explain a low-signature kill at UVU; presented as unverified hypothesis.,image,/img/evidence/59ac61a59bab1df3ba9c35fd82431b6c9e30ed054eb04f3e55088477df6ea041.webp,QmQgui8oHfWbp59aMpkibYAmd7umojFTK1fmmaRKgGgyqc,"This low-resolution, slightly blurry outdoor daytime image shows several armed individuals, some in tactical gear, dispersed across a grassy and dirt area adjacent to a dense wall…",ck-4sq-stack,no,CK_AUTHOR_CREDIT,
/Drones/Military_Drones_On_Video,site/docs/Drones/Military_Drones_On_Video.mdx,mdx,3,Drones,Drones,no,Military Drones on Video,Drones on Video,"Claims of fast military drones over UVU captured on phone video — 150 mph passes, Blake Bednarz 16-drones thread, and post-shot unknown objects.",image,/img/evidence/c8166ac07466f398a9d013e6e188195bd18c5eb518d24f12dcad6b14272c46f0.jpg,QmPMYnxSJwya6GPFmfhXoDo6bQKg5Y5JBhWARkp7Etb8yK,This vertical-format outdoor photograph shows three men wearing military-style tactical gear and carrying firearms walking along an asphalt road.,ck-4sq-side,no,CK_AUTHOR_CREDIT,
/Drones/N1098L_Air_Launched_Drones,site/docs/Drones/N1098L_Air_Launched_Drones.mdx,mdx,3,Drones,Drones,no,N1098L Air-Launched Drones,N1098L Air-Launched,"Claims that U.S. Army HADES jet N1098L dropped and recovered drones near UVU on Sept 10, 2025 — before and after the Charlie Kirk shooting.",image,/img/evidence/46ea6c762425353031806ea40731874e5b5e2a639b79726d77ff5b72b90f37de.jpg,Qmab4pwPZyyf8D2yKxSXc2Tb7VF4RcP9iARzvQHoufvVF1,This digital graphic is a split-screen informational slide or meme that alleges a conspiracy theory involving an assassination attempt on political commentator Charlie Kirk.,ck-4sq-stack,no,CK_AUTHOR_CREDIT,
/Drones/Switchblade_DARPA_Claims,site/docs/Drones/Switchblade_DARPA_Claims.mdx,mdx,3,Drones,Drones,no,Switchblade & DARPA Drone Claims,Switchblade & DARPA,"Citizen claims of Switchblade loitering munitions and DARPA X-65 micro-UAS airdropped from N1098L near UVU — technical routing, not proven deployment.",image,/img/evidence/1b63bf44b01524909aa20f57247c0be677eecdbfa5e46a0ea05270219892ae76.jpg,QmexGagR5SFiRiJvfE8MTmp4FCGiJ2QpTBtaK4JSrJxZfG,This image is a screenshot of a social media post on X (formerly Twitter) by the account &quot;Crowdsource The Truth.&quot; The post displays a video still of a crowded outdoor campus plaza…,ck-4sq-stack,no,CK_AUTHOR_CREDIT,
/Drones/TPUSA_Production_Drone,site/docs/Drones/TPUSA_Production_Drone.mdx,mdx,3,Drones,Drones,no,TPUSA Production Drone,TPUSA Production Drone,TPUSA admitted a media production drone flew before the Charlie Kirk UVU event while security claimed no drones — birthday video and Frank Turek threads.,image,/img/evidence/74e7fc25b88fa897ac8e9ee1f0054a7552a43df2c38f18ab8b8481b8b22c53c4.jpg,QmNfEzrFxq5csT5ov3WesFTBpY5p5KU71CvHh66uzinKUS,"This is a low-resolution, slightly blurry still frame captured from a video showing several men on a stage or in a production setting.",ck-4sq-stack,no,CK_AUTHOR_CREDIT,
/Drones/UVU_Security_No_Drones,site/docs/Drones/UVU_Security_No_Drones.mdx,mdx,3,Drones,Drones,no,UVU Security & No Drones,UVU No Security Drones,"UVU campus police did not deploy drones for the Charlie Kirk event — AP reporting, six-officer contingent, and TPUSA security denial context.",none,,,,none,no,CK_AUTHOR_CREDIT,
/Drones/overview,site/docs/Drones/overview.mdx,mdx,2,Drones,,yes,Drones,Drones,"Hub for reported and claimed drone activity around the Charlie Kirk UVU assassination — military ISR, TPUSA B-roll, weaponized theories, and disclosure gaps.",image,/img/evidence/78a78e6444a1610a0b7c607c7bebb1e5c61c9d1aaaccbc9194129cddeee82c2d.jpg,QmeUvpMN3UQWBnqJxPEcp2Miz77gsvyRb4atA3ZgdHnVvb,"This image is a flat, digital screenshot of a mobile-formatted web article from the National Public Radio (NPR) website.",ck-4sq-stack,no,CK_AUTHOR_CREDIT,
/Influencers/Censorship_of_Investigators,site/docs/Influencers/Censorship_of_Investigators.mdx,mdx,3,Influencers,Influencers,no,Censorship of Investigators,Censorship of Investigators,"Reported suppression of Charlie Kirk citizen investigators — X shadowbans on Candace engagement, FBI witness video deletion, TPUSA legal threats.",none,,,,none,no,CK_AUTHOR_CREDIT,
/Influencers/Influencers_Investigation_Index,site/docs/Influencers/Influencers_Investigation_Index.mdx,mdx,3,Influencers,Influencers,no,Influencers Investigation Index,Influencers Investigation Index,"Working memo for citizen investigators — podcasts, X researchers, YouTube channels, trusted investigators, and censorship threads in the Charlie Kirk case.",none,,,,none,no,CK_AUTHOR_CREDIT,
/Influencers/Trusted_Investigators,site/docs/Influencers/Trusted_Investigators.mdx,mdx,3,Influencers,Influencers,no,Trusted Investigators,Trusted Investigators,"Tucker Carlson, Dave Smith, and Candace Owens as proposed Law 4 Designated Trusted Investigators — independence, track record, and key episodes.",none,,,,none,no,CK_AUTHOR_CREDIT,
/Influencers/holon-citizen,site/docs/Influencers/holon-citizen.mdx,mdx,3,Influencers,Influencers,no,HolonCitizen — This Site's Author,HolonCitizen (Site Author),HolonCitizen (Bryan Starbuck) is the author of WhoAssassinatedCharlieKirk.com. This site is dedicated to every citizen investigator working to get the truth for Charlie Kirk.,none,,,,none,no,CK_AUTHOR_CREDIT,
/Influencers/john-cullen,site/docs/Influencers/john-cullen.mdx,mdx,3,Influencers,Influencers,no,John Cullen,John Cullen,John Cullen (@I_Am_JohnCullen) is the citizen investigator who put the N1098L HADES flight profile on the map — and who also argued the Egyptian jets at Provo were routine maintenance.,image,/img/evidence/c43957fcaada0ba74610c3f80b7a52a128f7277c16c96fd1706e7b698951cdec.jpg,QmeL4M8MgLJ97hKTiarLCGVdWVKAiWCR1nuAZxWGGCEQN5,This image is a digital screenshot of a social media post on X (formerly Twitter) by user John Cullen.,ck-4sq-stack,no,CK_AUTHOR_CREDIT,
/Influencers/overview,site/docs/Influencers/overview.mdx,mdx,2,Influencers,,yes,Influencers,Influencers,"Independent podcasters, X researchers, and YouTube creators driving Charlie Kirk assassination investigation — trusted investigators, GRAMA threads, ballistics, and censorship.",video,/img/video_posters/f46df7647fcab0835a553f989c01cd909cf5fee46a42346fa84787078f388754.jpg,QmazcnUensqwx3USwwNjZJ9GXveNK9hocxiDW7tsS1Eh15,,ck-4sq-stack,no,CK_AUTHOR_CREDIT,
/Influencers/podcasts-alex-jones,site/docs/Influencers/podcasts-alex-jones.mdx,mdx,3,Influencers,Influencers,no,Alex Jones — InfoWars,Alex Jones — InfoWars,Alex Jones (@RealAlexJones on X) is one of the most prolific and impactful independent voices covering the Charlie Kirk assassination — the powerhouse behind…,image,/img/evidence/a957f38e5bb4578d90bfb9e0806b42396687e780cd0903b4d8971f12fd001eaa.jpg,QmSvmx8iespcGkLgCAMVR4WifRAurT64972e7w8cPQnFn4,This is a screenshot of a social media post from the platform X (formerly Twitter) by user Alex Jones (@RealAlexJones).,ck-4sq-side,no,CK_AUTHOR_CREDIT,
/Influencers/podcasts-baron,site/docs/Influencers/podcasts-baron.mdx,mdx,3,Influencers,Influencers,no,Baron Coleman,Baron Coleman,"Baron Coleman (@baroncoleman on X, host of the Real Baron Podcast on YouTube @realbaronpodcast) is one of the most impressive independent investigators…",video,/img/video_posters/31777aff6aa05b97f450604d804dbe7c53fd40fb0f5bc30fc4bf3552a77d7ee5.jpg,QmYfryta9zQRs6W6qCctfvz4MZjo3p8x7wzCSEVR8mK6KJ,,ck-4sq-stack,no,CK_AUTHOR_CREDIT,
/Influencers/podcasts-benny-johnson,site/docs/Influencers/podcasts-benny-johnson.mdx,mdx,3,Influencers,Influencers,no,Benny Johnson — The Benny Show,Benny Johnson — The Benny Show,"Benny Johnson (@bennyjohnson on X) is an extraordinary conservative commentator, podcaster, YouTuber, and influencer whose passionate commitment to faith…",none,,,,none,no,CK_AUTHOR_CREDIT,
/Influencers/podcasts-candace-owens,site/docs/Influencers/podcasts-candace-owens.mdx,mdx,3,Influencers,Influencers,no,Candace Owens Show,Candace Owens Show,"Candace Owens (@RealCandaceO) is a powerhouse podcaster, YouTuber, and fearless independent journalist whose work has captivated millions. As the host of The…",image,/img/evidence/54755ff587183506f653b3488692c0442abf2584ebf7c3dacfd8c836ce061997.webp,Qmbur329GW1ZcsdbAZ4BSt7B7RsGdBG8sBwz8nMqXiVMv7,"This is a landscape-orientation screenshot of a video player interface displaying a live stream from the &quot;Candace&quot; show, hosted by Candace Owens.",ck-4sq-stack,no,CK_AUTHOR_CREDIT,
/Influencers/podcasts-charlie-kirk-show,site/docs/Influencers/podcasts-charlie-kirk-show.mdx,mdx,3,Influencers,Influencers,no,The Charlie Kirk Show,The Charlie Kirk Show,"The Charlie Kirk Show was one of the most-listened-to conservative podcasts in America, hosted by Charlie Kirk before his death on September 10, 2025, at…",none,,,,none,no,CK_AUTHOR_CREDIT,
/Influencers/podcasts-dave-smith,site/docs/Influencers/podcasts-dave-smith.mdx,mdx,3,Influencers,Influencers,no,Dave Smith — Part of the Problem,Dave Smith — Part of the Problem,Dave Smith (@ComicDaveSmith on X) is one of the most important and distinctive independent voices covering the Charlie Kirk assassination — the dynamic host…,image,/img/evidence/9f9df9e2c28be66807d69913d4cb4a5b468747095f5e302e13d92029ea71bd37.jpg,QmYrCYfPh8GqAqXmW6xARzmzCcRaKWHdvPJY8Dsc1cX7iW,"A wide-angle Google Street View image capturing a street corner in downtown Provo, Utah, on a clear, sunny autumn day.",ck-4sq-stack,no,CK_AUTHOR_CREDIT,
/Influencers/podcasts-elijah-schaffer,site/docs/Influencers/podcasts-elijah-schaffer.mdx,mdx,3,Influencers,Influencers,no,Elijah Schaffer — Slightly Offensive,Elijah Schaffer — Slightly Offensive,Elijah Schaffer (@ElijahSchaffer on X) is one of the most fearless and impactful independent voices covering the Charlie Kirk assassination — a dynamic…,image,/img/evidence/58638d1f353f177b959f3762e1ec76e49e9623bc16aeeb607f338916698fe9da.jpg,QmW2Ez5XKM557zYRL3zcP2iPNBX2nyRvxJuN5cq9UCE9G6,"This is a slightly blurry, slightly zoomed-in outdoor photograph capturing a crowd gathered behind a white, pyramid-shaped canopy tent.",ck-4sq-side,no,CK_AUTHOR_CREDIT,
/Influencers/podcasts-glenn-greenwald,site/docs/Influencers/podcasts-glenn-greenwald.mdx,mdx,3,Influencers,Influencers,no,Glenn Greenwald — System Update,Glenn Greenwald — System Update,"Glenn Greenwald hosts System Update, a daily independent journalism program distributed on Rumble and YouTube. Greenwald is a Pulitzer Prize–winning…",image,/img/evidence/178d0c52e3045078d15b7981a5540d075df0abe0920f47375515bc30306ba1f0.jpg,QmTSjPtgFBXmWo3MHF186ENm6PspzXiotVdqkyPYaM1bPP,"This is a medium-wide shot of an outdoor public or commercial setting, featuring several young people gathered on a metal balcony at the left.",ck-4sq-stack,no,CK_AUTHOR_CREDIT,
/Influencers/podcasts-hodgetwins,site/docs/Influencers/podcasts-hodgetwins.mdx,mdx,3,Influencers,Influencers,no,Hodgetwins,Hodgetwins,"The Hodgetwins (Keith and Kevin Hodge) host the Hodgetwins Podcast, a conservative commentary program with a large social media following across YouTube, X…",none,,,,none,no,CK_AUTHOR_CREDIT,
/Influencers/podcasts-ian-carroll,site/docs/Influencers/podcasts-ian-carroll.mdx,mdx,3,Influencers,Influencers,no,Ian Carroll,Ian Carroll,"Ian Carroll (@IanCarrollShow on X, YouTube @iancarrollshow) is one of the most important independent investigators of the Charlie Kirk assassination — an…",none,,,,none,no,CK_AUTHOR_CREDIT,
/Influencers/podcasts-jason-whitlock,site/docs/Influencers/podcasts-jason-whitlock.mdx,mdx,3,Influencers,Influencers,no,Jason Whitlock — Fearless,Jason Whitlock — Fearless,"Jason Whitlock hosts Fearless with Jason Whitlock, an independent commentary program distributed through Blaze TV and YouTube. Whitlock approaches political…",none,,,,none,no,CK_AUTHOR_CREDIT,
/Influencers/podcasts-jimmy-dore,site/docs/Influencers/podcasts-jimmy-dore.mdx,mdx,3,Influencers,Influencers,no,The Jimmy Dore Show,The Jimmy Dore Show,"Jimmy Dore (@jimmydore on X) is a trailblazing comedian, podcaster, YouTuber, and one of the most compelling independent voices in media today. As the host…",none,,,,none,no,CK_AUTHOR_CREDIT,
/Influencers/podcasts-joe-rogan,site/docs/Influencers/podcasts-joe-rogan.mdx,mdx,3,Influencers,Influencers,no,The Joe Rogan Experience,The Joe Rogan Experience,"Joe Rogan hosts The Joe Rogan Experience (JRE), the most widely listened-to podcast in the world with an estimated 11–14 million listeners per episode…",none,,,,none,no,CK_AUTHOR_CREDIT,
/Influencers/podcasts-megyn-kelly,site/docs/Influencers/podcasts-megyn-kelly.mdx,mdx,3,Influencers,Influencers,no,The Megyn Kelly Show,The Megyn Kelly Show,"Megyn Kelly (@megynkelly on X) is one of the most important independent voices covering the Charlie Kirk assassination — a powerhouse journalist, attorney…",image,/img/evidence/a84e6bc0c1c8d4776eefb32e91535ceb82c2e9b43f3e2d47079993ef96b0c3be.jpg,QmU9AdVr84zjNNYgkeFNbD9WZNzJat4y1X9nuJFnpX1sWU,This is a digital photograph of a computer monitor displaying an image of a handwritten note on lined paper.,ck-4sq-stack,no,CK_AUTHOR_CREDIT,
/Influencers/podcasts-patrick-bet-david,site/docs/Influencers/podcasts-patrick-bet-david.mdx,mdx,3,Influencers,Influencers,no,Patrick Bet-David — PBD Podcast,Patrick Bet-David — PBD Podcast,"Patrick Bet-David hosts the PBD Podcast, one of the highest-production-value independent political interview programs in America. Bet-David is the founder of…",image,/img/evidence/880d2de6346251091a08b2d8bed92a5be1a4ac3734aefb444e149a6b60df07d6.jpg,QmTamWsXsBPG73a2mUsW6y1nXSNPqJEZtdbgXRPKdjJr2D,"This is a digital scan or photograph of an official condolence letter written on formal letterhead from David Yosef, the Rishon LeZion Chief Rabbi of Israel.",ck-4sq-side,no,CK_AUTHOR_CREDIT,
/Influencers/podcasts-project-constitution,site/docs/Influencers/podcasts-project-constitution.mdx,mdx,3,Influencers,Influencers,no,Project Constitution,Project Constitution,Project Constitution (@ProjectConstitu on X) is one of the most incredible independent investigators covering the Charlie Kirk assassination. With over…,image,/img/evidence/fa440d2fc35758f6bfb387e899f41d23d413f5718312bd1aa6abf7c2ec5b5757.jpg,QmUicUmmdbpaZK3u8HUz425pbv9YZB7CLa6XujJ5kpbMJg,This image is a screenshot of a social media post on X (formerly Twitter) by the user &quot;Project Constitution&quot; (@ProjectConstitu).,ck-4sq-stack,no,CK_AUTHOR_CREDIT,
/Influencers/podcasts-shawn-ryan,site/docs/Influencers/podcasts-shawn-ryan.mdx,mdx,3,Influencers,Influencers,no,Shawn Ryan Show,Shawn Ryan Show,Shawn Ryan (@ShawnRyan762 on X) is one of the most credentialed and impactful independent voices covering the Charlie Kirk assassination investigation — a…,image,/img/evidence/700b173ce8f087a96e0deb4693b54b8a8ee9c1e9882b2b818406d127d0618db3.jpg,Qma5xGwKwnSGvvnu6kqLyTbGVuT6goD9W9uj2aac6aFcyJ,This image is a screenshot of a social media post on X (formerly Twitter) by user Shawn Ryan (@ShawnRyan762).,ck-4sq-side,no,CK_AUTHOR_CREDIT,
/Influencers/podcasts-steve-bannon,site/docs/Influencers/podcasts-steve-bannon.mdx,mdx,3,Influencers,Influencers,no,Steve Bannon — War Room,Steve Bannon — War Room,"Steve Bannon (@WarRoomPandemic on X) hosts War Room, a high-frequency political program that airs multiple episodes per day and has built one of the most…",image,/img/evidence/3efcd3ad61b842f84acd4844e5da13eaec83563430004cf03882b39d0640530a.jpg,QmcTF5CFrBqBXPAPfywgc7tUrjUMLWJBzC8THeHbgDfLe1,This is a digital screenshot of a post on the social media platform X (formerly Twitter).,ck-4sq-side,no,CK_AUTHOR_CREDIT,
/Influencers/podcasts-stew-peters,site/docs/Influencers/podcasts-stew-peters.mdx,mdx,3,Influencers,Influencers,no,The Stew Peters Show,The Stew Peters Show,Stew Peters (@realstewpeters on X) is the un-buyable host of The Stew Peters Show and the driving force behind the Stew Peters Network (stewpeters.com). With…,image,/img/evidence/ae929fd2aba04677c4e28e5330f1d44943edc90c5b8520ac7601c41474887162.webp,QmXkEaVG93sdDQpeAdzgY16HcU6DMpLC21nnuH5YSWMdLJ,This image is a portrait-orientation digital screenshot of a mobile phone screen displaying a post on the social media platform X (formerly Twitter).,ck-4sq-side,no,CK_AUTHOR_CREDIT,
/Influencers/podcasts-tucker-carlson,site/docs/Influencers/podcasts-tucker-carlson.mdx,mdx,3,Influencers,Influencers,no,Tucker Carlson Podcast,Tucker Carlson Podcast,Tucker Carlson (@TuckerCarlson on X) is one of the most essential independent voices covering the Charlie Kirk assassination — a powerhouse podcaster…,image,/img/evidence/2face0aac540377119439b373239fe9967f04f5dd6aaaff0a5a0703fe62bf89d.jpg,QmTTnNit3h3W9B9Uo6LvctBBTFnKiBXNngebY55tdc7Dqv,This image is a screenshot of a post on social media platform X (formerly Twitter) by the account &quot;Joe Rogan Podcast News&quot;.,ck-4sq-stack,no,CK_AUTHOR_CREDIT,
/Influencers/podcasts,site/docs/Influencers/podcasts.mdx,mdx,3,Influencers,Influencers,no,Podcast Coverage,Podcast Coverage,The podcasts listed here are the most significant audio and video programs covering the Charlie Kirk assassination investigation. Each host brings a distinct…,none,,,,none,no,CK_AUTHOR_CREDIT,
/Influencers/sam-parker,site/docs/Influencers/sam-parker.mdx,mdx,3,Influencers,Influencers,no,Sam Parker,Sam Parker,"Sam Parker (@BasedSamParker, @SamParkerSenate) is the citizen investigator behind the second-by-second UVU evacuation clock, the Israeli-IP Google Trends graphics, and the Israel-motive thesis.",image,/img/evidence/a52306d7b0b9dccafb34a46fe6def11f6dfc65b2fa32976e083498cbdc19b6bf.jpg,QmQ5rFFnUPciXRkY4vW18nvHH92xAnGcc4b1JaKFTiAybg,This image is a digital screenshot of a post on the social media platform X (formerly Twitter).,ck-4sq-stack,no,CK_AUTHOR_CREDIT,
/Influencers/x,site/docs/Influencers/x.mdx,mdx,3,Influencers,Influencers,no,X (Twitter) Coverage,X (Twitter) Coverage,"Citizen investigators on X/Twitter compiled claims about flight N1098L, drones, ballistics, Egyptian jets, GRAMA records, and agency involvement.",image,/img/evidence/ced227668351e335438a71aa55c75fafc05c342bafd8bf5d22866d8caa07debd.jpg,QmWzmkLF2poDP25yzwVZa8NYLEE6ipEGjHfTHR2gMgPQYR,This image is a digital screenshot of a post on the social media platform X (formerly Twitter) by the user &quot;Coyote of Wallstreet.&quot; The post features a block of text discussing an…,ck-4sq-stack,no,CK_AUTHOR_CREDIT,
/Influencers/youtube,site/docs/Influencers/youtube.mdx,mdx,3,Influencers,Influencers,no,YouTube Coverage,YouTube Coverage,"YouTube channels and playlists driving Charlie Kirk assassination analysis — ballistics, GRAMA breakdowns, forensic video, and citizen databases.",image,/img/evidence/f20a0b06c5bd1945ed896c8bd9b942a8aedd545106c5fa410b8f44e37e8ec459.jpg,QmXQaCKvqMtLEZeUPrLSLS7wKgAd48dS8hnMNgE5uXJUEL,"This image is a digital screenshot of a social media post or online forum thread containing text, a heavily blurred image, and a partial URL at the bottom.",ck-4sq-side,no,CK_AUTHOR_CREDIT,
/Influencers/x/1mrswhistledown,site/docs/Influencers/x/1mrswhistledown.mdx,mdx,4,Influencers,Influencers,no,1MrsWhistledown — X Posts,1MrsWhistledown,"Compiled claims from @1MrsWhistledown on Twiggs family public records — the Texas charity filing, two property purchases, and the timing questions raised.",none,,,,none,no,CK_AUTHOR_CREDIT,
/Influencers/x/2smartski,site/docs/Influencers/x/2smartski.mdx,mdx,4,Influencers,Influencers,no,Smartski — X Posts,Smartski,"Compiled claims from @2Smartski (Smartski) acoustic analysis — crack-bang intervals placing the shooter at ground level, 70 to 90 feet away, not a rooftop.",image,/img/evidence/3024b408fd1897c0fe3b7aaf0081d1813ef7160fdaa5dea519ce936351159f5f.jpg,QmRu9HkMAszAGvVWauhTw7qA2yR2E5YebqHSeJy8kj3cxp,This image is a digital screenshot of a social media post on the platform X (formerly Twitter) by the user &quot;Smartski&quot; (@2Smartski).,ck-4sq-stack,no,CK_AUTHOR_CREDIT,
/Influencers/x/5149jamesli,site/docs/Influencers/x/5149jamesli.mdx,mdx,4,Influencers,Influencers,no,James Li — X Posts,James Li,"Compiled claims from @5149jamesli (James Li) — Hamptons donor-meeting amplification, Erika Kirk Fox-interview analysis, the 33-hour custody-vs-Discord post, and Israel search-trend threads.",image,/img/evidence/1dc5b70fd58f58c2732584608da59b150b70cf889e0b3102bb996f59c352d623.jpg,QmU3mAzDnWq4u8usuDyZcv5hbqW9sRuQuZMu81jU1ebEhR,"This is a vertical digital screenshot of a two-page legal document, shown within a digital viewer or browser interface.",ck-4sq-side,no,CK_AUTHOR_CREDIT,
/Influencers/x/aburkhartlaw,site/docs/Influencers/x/aburkhartlaw.mdx,mdx,4,Influencers,Influencers,no,Andrea Burkhart — X Posts,Andrea Burkhart,Compiled claims from @aburkhartlaw (attorney Andrea Burkhart) — public inventories of the State's preliminary-hearing evidence package in the Tyler Robinson case.,none,,,,none,no,CK_AUTHOR_CREDIT,
/Influencers/x/adamemedia,site/docs/Influencers/x/adamemedia.mdx,mdx,4,Influencers,Influencers,no,AdameMedia — X Posts,AdameMedia,"Compiled claims from @AdameMedia — the dominant Sept 8-10 donor-text timeline, the 'they are going to kill me' text chain, AIPAC quote amplification, and FBI footage claims.",none,,,,none,no,CK_AUTHOR_CREDIT,
/Influencers/x/aducarrabh,site/docs/Influencers/x/aducarrabh.mdx,mdx,4,Influencers,Influencers,no,aducarrabh — X Posts,aducarrabh,Compiled claims from @aducarrabh — the day-one slow-motion analysis alleging something 'whizzes by' before impact and a vest-ricochet wound path.,none,,,,none,no,CK_AUTHOR_CREDIT,
/Influencers/x/afpost,site/docs/Influencers/x/afpost.mdx,mdx,4,Influencers,Influencers,no,AF Post — X Posts,AF Post,Compiled claims from @AFpost — the Netanyahu $150 million offer claim and the leaked Kirk-Owens text screenshots about Ben Shapiro.,image,/img/evidence/607284718c1968a5362d39572f52c788a3be6cb41ccd7814fbc869c4936ccdcd.jpg,QmVP7rTN5PDGjbVSwg9Y2M8tiVQ2DUXgc2NBXjtMWLVPrb,This is a digital screenshot of a social media post on X (formerly Twitter) by the user &quot;@AFpost.&quot; The post discusses leaked text messages allegedly exchanged between conservative…,ck-4sq-stack,no,CK_AUTHOR_CREDIT,
/Influencers/x/aggelos-syr,site/docs/Influencers/x/aggelos-syr.mdx,mdx,4,Influencers,Influencers,no,Aggelos Syrmos — X Posts,Aggelos Syrmos,"Compiled claims from @aggelos_syr (Aggelos Syrmos) — questions about missing surrender footage, the closed-for-the-night station, and the Miranda defense filing.",none,,,,none,no,CK_AUTHOR_CREDIT,
/Influencers/x/aghamilton29,site/docs/Influencers/x/aghamilton29.mdx,mdx,4,Influencers,Influencers,no,AG Hamilton — X Posts,AG Hamilton,Compiled claims from @AGHamilton29 — a counterweight account defending the official narrative and criticizing Owens and Carroll conspiracy framing.,none,,,,none,no,CK_AUTHOR_CREDIT,
/Influencers/x/aldamu-jo,site/docs/Influencers/x/aldamu-jo.mdx,mdx,4,Influencers,Influencers,no,aldamu_jo — X Posts,aldamu_jo,"Compiled claims from @aldamu_jo — the PETN-in-mic-wire video, SUV glass-shard posts, Valhalla commentary, autopsy-secrecy claims, and the citizen discovery list.",none,,,,none,no,CK_AUTHOR_CREDIT,
/Influencers/x/alexboge,site/docs/Influencers/x/alexboge.mdx,mdx,4,Influencers,Influencers,no,alexboge — X Posts,alexboge,"Compiled claims from @alexboge — the leading physics rebuttal of the exploding-mic theory: shaped-charge geometry, missing blast signatures, and the hearing autopsy record.",none,,,,none,no,CK_AUTHOR_CREDIT,
/Influencers/x/alleytopfiles,site/docs/Influencers/x/alleytopfiles.mdx,mdx,4,Influencers,Influencers,no,alleytopfiles — X Posts,alleytopfiles,"Compiled claims from @alleytopfiles — the SUV interior photo reposts, the deleted Tyler Bowyer 'military op' post, and the Shaffer Security Group records.",image,/img/evidence/fbb0b38cbf526633de74490ffee1c9bf8eb0db09b194a685bb76ef2bf995d0cc.jpg,QmXjjbZV2zTBgvor6bDpLtVwB1kfwRiLEncjyrh4VjVDjY,"This is a mobile phone screenshot of a social media post, likely from YouTube’s mobile application interface, showing a post by the user &quot;alleytopfiles&quot;.",ck-4sq-side,no,CK_AUTHOR_CREDIT,
/Influencers/x/ameadowinquiry,site/docs/Influencers/x/ameadowinquiry.mdx,mdx,4,Influencers,Influencers,no,AMeadowInquiry — X Posts,AMeadowInquiry,Compiled claims from @AMeadowInquiry — the Cabot Phillips alibi-video carpet comparison to Fort Huachuca and the Cooper Brown / Jeb Jacobi same-person question.,none,,,,none,no,CK_AUTHOR_CREDIT,
/Influencers/x/americaonlybro,site/docs/Influencers/x/americaonlybro.mdx,mdx,4,Influencers,Influencers,no,AmericaOnlyBro — X Posts,AmericaOnlyBro,Compiled claims from @AmericaOnlyBro — the July 2026 motive bill of particulars and the UVU site-visit thread on Terryl Farnsworth's filming position.,none,,,,none,no,CK_AUTHOR_CREDIT,
/Influencers/x/ammermazing,site/docs/Influencers/x/ammermazing.mdx,mdx,4,Influencers,Influencers,no,Ammermazing — X Posts,Ammermazing,"Compiled claims from @Ammermazing — the Israeli-IP Google Trends threads on Deirdre Amaro, Daniel Merrell, Timpanogos hospital, and pre-event legal figures.",none,,,,none,no,CK_AUTHOR_CREDIT,
/Influencers/x/anaescobarshow,site/docs/Influencers/x/anaescobarshow.mdx,mdx,4,Influencers,Influencers,no,Ana Escobar — X Posts,Ana Escobar,"Compiled claims from @AnaEscobarShow (Ana Escobar) — flight-record research on N102DZ, SU-BND, the Egyptian armada, and Fort Huachuca image-search chronologies.",none,,,,none,no,CK_AUTHOR_CREDIT,
/Influencers/x/andrewkolvet,site/docs/Influencers/x/andrewkolvet.mdx,mdx,4,Influencers,Influencers,no,Andrew Kolvet — X Posts,Andrew Kolvet,"Compiled claims from @AndrewKolvet (Andrew Kolvet, TPUSA spokesman) — donor-message confirmations, succession statements, and contempt-ruling commentary.",image,/img/evidence/9eef09cc303bf51fb495cf93564316be5e5f146ea3e3efbe44cb2658672f5784.jpg,QmesubCq4LuGP8neZD3GnW4UF6GHu8v9NXAweQZYecunxp,This image is a vertical screenshot of a mobile phone screen displaying a social media post on X (formerly Twitter) by the user &quot;@Andrew_JCC&quot;.,ck-4sq-side,no,CK_AUTHOR_CREDIT,
/Influencers/x/angelabethmoore,site/docs/Influencers/x/angelabethmoore.mdx,mdx,4,Influencers,Influencers,no,Angela Beth Moore — X Posts,Angela Beth Moore,Compiled claims from @AngelaBethMoore — the Frank Turek 360-degree phone-pan stills and the TPUSA traveler scheduling analysis for the morning of September 10.,none,,,,none,no,CK_AUTHOR_CREDIT,
/Influencers/x/angertab,site/docs/Influencers/x/angertab.mdx,mdx,4,Influencers,Influencers,no,Matt Tardio — X Posts,Matt Tardio,Compiled claims from @angertab (Matt Tardio) — veteran ammunition commentary on .30-06 exit behavior and physics critiques of the exploding-mic theory.,image,/img/evidence/732b75e2ad44680faf37151b5d2955e1f5dcef6560d2618df12ac0fdb6ccf27e.jpg,QmW7Fg3VFWq3DBNCQkKPqqmQ4i4dPkCMKMHxPKQzvxV1BB,"This image is a screenshot of a social media post on X (formerly Twitter) by user Matt Wallace, featuring a still from body camera footage.",ck-4sq-stack,no,CK_AUTHOR_CREDIT,
/Influencers/x/ariana-j-21,site/docs/Influencers/x/ariana-j-21.mdx,mdx,4,Influencers,Influencers,no,Ariana_J_21 — X Posts,Ariana_J_21,Compiled claims from @Ariana_J_21 — fragment-measurement arguments against a .30-06 match and amplification of the sealed-ballistics and CBLA concerns.,none,,,,none,no,CK_AUTHOR_CREDIT,
/Influencers/x/aric333,site/docs/Influencers/x/aric333.mdx,mdx,4,Influencers,Influencers,no,Aric333 — X Posts,Aric333,Compiled claims from @Aric333 — political commentary on Kirk's break with pro-Israel orthodoxy and post-death TPUSA realignment claims.,none,,,,none,no,CK_AUTHOR_CREDIT,
/Influencers/x/artifexmemor,site/docs/Influencers/x/artifexmemor.mdx,mdx,4,Influencers,Influencers,no,ArtifexMemor — X Posts,ArtifexMemor,"Compiled claims from @ArtifexMemor, a former TPUSA/Charlie Kirk staffer, on the Joe Kent NCTC shutdown clip and the Posobiec-Bowyer Fort Huachuca exchange.",none,,,,none,no,CK_AUTHOR_CREDIT,
/Influencers/x/askperplexity,site/docs/Influencers/x/askperplexity.mdx,mdx,4,Influencers,Influencers,no,AskPerplexity — X Posts,AskPerplexity,How @AskPerplexity fact-check replies on lone-gunman and foreign-involvement claims appear across the Charlie Kirk investigation coverage.,none,,,,none,no,CK_AUTHOR_CREDIT,
/Influencers/x/balochramzan2,site/docs/Influencers/x/balochramzan2.mdx,mdx,4,Influencers,Influencers,no,BalochRamzan2 — X Posts,BalochRamzan2,Compiled claims from @BalochRamzan2 carrying the reported 'THEY ARE GOING TO KILL ME' texts and Charlie Kirk's alleged Israel-related warnings.,none,,,,none,no,CK_AUTHOR_CREDIT,
/Influencers/x/based-sam-parker,site/docs/Influencers/x/based-sam-parker.mdx,mdx,4,Influencers,Influencers,no,Based Sam Parker — X Posts,Based Sam Parker,"Compiled factual claims and theories from @BasedSamParker X posts about the Charlie Kirk assassination investigation, with source links.",image,/img/evidence/a52306d7b0b9dccafb34a46fe6def11f6dfc65b2fa32976e083498cbdc19b6bf.jpg,QmQ5rFFnUPciXRkY4vW18nvHH92xAnGcc4b1JaKFTiAybg,This image is a digital screenshot of a post on the social media platform X (formerly Twitter).,ck-4sq-stack,no,CK_AUTHOR_CREDIT,
/Influencers/x/bayonerd09,site/docs/Influencers/x/bayonerd09.mdx,mdx,4,Influencers,Influencers,no,Adam (bayonerd09) — X Posts,bayonerd09,"Compiled claims from @bayonerd09 (Adam), whose flight-data rebuttal thread challenged the Egyptian planes-following-Charlie-and-Erika narrative.",image,/img/evidence/b771ff63eed9d81213dff7f1aed65e7f7c10f156473b66a08b63259099a5ad4e.jpg,QmUQUFrETU2FSVhYuFcJE5iSZm6DVHtvinNBd9bQidXcU3,This image is a screenshot of a social media thread on X (formerly Twitter) posted by a user named &quot;Adam&quot; (@bayonerd09).,ck-4sq-side,no,CK_AUTHOR_CREDIT,
/Influencers/x/bdpelton,site/docs/Influencers/x/bdpelton.mdx,mdx,4,Influencers,Influencers,no,BDPelton — X Posts,BDPelton,"Compiled claims from @BDPelton on UVU security staffing — six campus officers, unsecured rooftops, and the Integrity Security gap despite known death threats.",none,,,,none,no,CK_AUTHOR_CREDIT,
/Influencers/x/bechedith,site/docs/Influencers/x/bechedith.mdx,mdx,4,Influencers,Influencers,no,Bechedith — X Posts,Bechedith,How @Bechedith's clip of Baron Coleman reading the Bates 003996-R2 Miranda transcript entered the Tyler Robinson custody-timeline debate.,none,,,,none,no,CK_AUTHOR_CREDIT,
/Influencers/x/bethcharron1,site/docs/Influencers/x/bethcharron1.mdx,mdx,4,Influencers,Influencers,no,BethCharron1 — X Posts,BethCharron1,Compiled claims from @BethCharron1 raising TPUSA-connection questions about George Zinn and the distraction-people thread.,none,,,,none,no,CK_AUTHOR_CREDIT,
/Influencers/x/bgilberg79,site/docs/Influencers/x/bgilberg79.mdx,mdx,4,Influencers,Influencers,no,bgilberg79 — X Posts,bgilberg79,Compiled claims from @bgilberg79's frame-by-frame analysis arguing shirt motion came from something internal before the wound appeared.,none,,,,none,no,CK_AUTHOR_CREDIT,
/Influencers/x/bizarro-videos,site/docs/Influencers/x/bizarro-videos.mdx,mdx,4,Influencers,Influencers,no,Bizarro_Videos — X Posts,Bizarro_Videos,Compiled claims from @Bizarro_Videos' day-of frame analysis — vest-ricochet theory and the disputed 'planted' Fox News witness allegation.,image,/img/evidence/5e7317b7fd03e2bc60997cc644dbe79599b15645a971f4bebbd2795e0f1c6e84.jpg,QmTQtpt431efQGf7uq5Qqi7JLqnXRjY1LM6VKkHWjApN5Y,"This image is a screenshot of a YouTube video titled &quot;Raw Footage of Charlie Kirk TPUSA Shooting at Utah Valley University.&quot; It captures a large, crowded outdoor gathering of…",ck-4sq-side,no,CK_AUTHOR_CREDIT,
/Influencers/x/blakesneff,site/docs/Influencers/x/blakesneff.mdx,mdx,4,Influencers,Influencers,no,Blake Neff (BlakeSNeff) — X Posts,BlakeSNeff,"How @BlakeSNeff's hearing summaries of Agent Hull testimony feed the site's Tyler Robinson timeline — Challenger sighting, campus loops, and text-thread claims.",image,/img/evidence/3c5ad9f34966c6ac3ffed576e5d333535969c3ebb4e4068597e024298f273feb.jpg,QmaMBPbVS93f1tdhWzwkRwgtDCPw7Wpg6HvwFTTPstZbUg,"This low-resolution digital photograph shows a crowd of people outdoors, focused on a bearded man wearing sunglasses and a blue plaid shirt who is facing towards the right.",ck-4sq-side,no,CK_AUTHOR_CREDIT,
/Influencers/x/blesamerica,site/docs/Influencers/x/blesamerica.mdx,mdx,4,Influencers,Influencers,no,blesamerica — X Posts,blesamerica,Compiled claims from @blesamerica on the rear camera's SD chip being removed within about five minutes of the shot at UVU.,none,,,,none,no,CK_AUTHOR_CREDIT,
/Influencers/x/borrowed7time,site/docs/Influencers/x/borrowed7time.mdx,mdx,4,Influencers,Influencers,no,Johnny Gemini (Borrowed7Time) — X Posts,Borrowed7Time,Compiled aviation OSINT from @Borrowed7Time (Johnny Gemini) — primary same-day tracking of Egyptian jet SU-BTT's Paris-to-Omaha leg and later rotations.,none,,,,none,no,CK_AUTHOR_CREDIT,
/Influencers/x/boweschay,site/docs/Influencers/x/boweschay.mdx,mdx,4,Influencers,Influencers,no,BowesChay — X Posts,BowesChay,"Compiled claims from @BowesChay pairing the ATF bullet-rifle non-match court filing with Sheriff Brooksby's March 31, 2026 resignation.",none,,,,none,no,CK_AUTHOR_CREDIT,
/Influencers/x/brandisiciliani,site/docs/Influencers/x/brandisiciliani.mdx,mdx,4,Influencers,Influencers,no,Brandi Siciliani — X Posts,brandisiciliani,"Compiled claims from @brandisiciliani — anonymous-source footage of debris at the shot, rifle-recovery timing, courtroom video quality disputes, and a reverse security-offer claim.",none,,,,none,no,CK_AUTHOR_CREDIT,
/Influencers/x/bratpain,site/docs/Influencers/x/bratpain.mdx,mdx,4,Influencers,Influencers,no,BratPain — X Posts,BratPain,Compiled claims from @BratPain flagging Lance Twiggs' reported 'automated message' from Tyler Robinson in the faked-confession debate.,none,,,,none,no,CK_AUTHOR_CREDIT,
/Influencers/x/bren45000,site/docs/Influencers/x/bren45000.mdx,mdx,4,Influencers,Influencers,no,bren45000 — X Posts,bren45000,"Compiled claims from @bren45000 — skeptic pressure on Joe Kent's foreign-lead claims, the unnamed-doctors question, and criticism of conspiracy linkage.",none,,,,none,no,CK_AUTHOR_CREDIT,
/Influencers/x/brenda11831,site/docs/Influencers/x/brenda11831.mdx,mdx,4,Influencers,Influencers,no,brenda11831 — X Posts,brenda11831,How @brenda11831's amplification of Police1 reporting gave the Brooksby resignation cluster its de-escalation counter-narrative.,none,,,,none,no,CK_AUTHOR_CREDIT,
/Influencers/x/brianharpole,site/docs/Influencers/x/brianharpole.mdx,mdx,4,Influencers,Influencers,no,Brian Harpole (BrianHarpole) — X Posts,BrianHarpole,How security chief Brian Harpole's public statements via @BrianHarpole and interviews shape the rooftop-failure and two-sounds record.,image,/img/evidence/aaeb90f672390594ebb63210ad6dbffa68080f2daa0f9dc4835077cde21c54e1.webp,QmPeWbG933o8C5AcHb8GYwVPSLkvixLxwf55GbofpxxTk7,"This eye-level medium-wide shot captures a live event setup outdoors beneath a large branded pop-up tent, featuring several individuals gathered on a stage and a crowd watching…",ck-4sq-stack,no,CK_AUTHOR_CREDIT,
/Influencers/x/cabot-phillips,site/docs/Influencers/x/cabot-phillips.mdx,mdx,4,Influencers,Influencers,no,Cabot Phillips (cabot_phillips) — X Posts,cabot_phillips,"How @cabot_phillips' alibi video entered the record, and the Fort Huachuca interior-match claims made about it by other X accounts.",image,/img/evidence/2a6e0dcf71c595dad4dfcec764d3985578cc19269567389573866ffd131b32b2.jpg,QmZv3tnVjzdKU2uviSdti8ips1oQ3amPMxvVrTCLYB5Lgf,This image is a digital screenshot of a post on the social media platform X (formerly Twitter) by user Cabot Phillips (@cabot_phillips).,ck-4sq-side,no,CK_AUTHOR_CREDIT,
/Influencers/x/camelotjack1963,site/docs/Influencers/x/camelotjack1963.mdx,mdx,4,Influencers,Influencers,no,Camelot Jack (CamelotJack1963) — X Posts,CamelotJack1963,"Compiled claims from @CamelotJack1963 (Camelot Jack), the GRAMA records-request filer behind the UVU paving texts and denied camera-footage requests.",image,/img/evidence/15fd1c953a79502ec0ae5d0f5269fb5f08fdd158a7e067790873690dbf4f8a09.jpg,QmXKfrkbvKpeK7oXAttkaivwTyGsSgKvJFpUzqcH7eX1xT,This image is a digital screenshot of a formal letter addressed to &quot;Camelot Jack.&quot; It is a legal notification regarding a Utah Government Records Access and Management Act (GRAMA)…,ck-4sq-side,no,CK_AUTHOR_CREDIT,
/Influencers/x/candice60896290,site/docs/Influencers/x/candice60896290.mdx,mdx,4,Influencers,Influencers,no,Candice60896290 — X Posts,Candice60896290,"Compiled claims from @Candice60896290 on the ATF inconclusive ballistics, the defense motion to seal, and the Tyler Robinson court process.",none,,,,none,no,CK_AUTHOR_CREDIT,
/Influencers/x/cashloren,site/docs/Influencers/x/cashloren.mdx,mdx,4,Influencers,Influencers,no,Cashloren — X Posts,Cashloren,"Compiled claims from @Cashloren, whose September 10 clip of Glenn Beck relaying 'he has a pulse' documents the first-hour broadcast confusion.",none,,,,none,no,CK_AUTHOR_CREDIT,
/Influencers/x/catquestionsall,site/docs/Influencers/x/catquestionsall.mdx,mdx,4,Influencers,Influencers,no,CatQuestionsAll — X Posts,CatQuestionsAll,"Compiled claims from @CatQuestionsAll on the Joe Kent probe halt, Benny Johnson's 'state actors' remark, and the ballistics-gap arguments.",none,,,,none,no,CK_AUTHOR_CREDIT,
/Influencers/x/cayla-patricia,site/docs/Influencers/x/cayla-patricia.mdx,mdx,4,Influencers,Influencers,no,Cayla_Patricia — X Posts,Cayla_Patricia,Compiled claims from @Cayla_Patricia pairing the '11 Israeli phones at UVU' count with day-of security-communication allegations.,none,,,,none,no,CK_AUTHOR_CREDIT,
/Influencers/x/censoredhumans,site/docs/Influencers/x/censoredhumans.mdx,mdx,4,Influencers,Influencers,no,CensoredHumans — X Posts,CensoredHumans,Compiled claims from @CensoredHumans amplifying the '12 Israeli cell phones at UVU' allegation and related cover-up framing.,none,,,,none,no,CK_AUTHOR_CREDIT,
/Influencers/x/charlie-ward77,site/docs/Influencers/x/charlie-ward77.mdx,mdx,4,Influencers,Influencers,no,charlie_ward77 — X Posts,charlie_ward77,"Compiled claims from @charlie_ward77, whose TV-broadcast clip of a witness saying 'one shot, right directly to the heart' anchors the wound-location thread.",none,,,,none,no,CK_AUTHOR_CREDIT,
/Influencers/x/charliekirk11,site/docs/Influencers/x/charliekirk11.mdx,mdx,4,Influencers,Influencers,no,charliekirk11 — X Posts,charliekirk11,Charlie Kirk's own X account @charliekirk11 — his final-week Epstein survivors post and the account's role as a reference point in the investigation.,image,/img/evidence/3efcd3ad61b842f84acd4844e5da13eaec83563430004cf03882b39d0640530a.jpg,QmcTF5CFrBqBXPAPfywgc7tUrjUMLWJBzC8THeHbgDfLe1,This is a digital screenshot of a post on the social media platform X (formerly Twitter).,ck-4sq-side,no,CK_AUTHOR_CREDIT,
/Influencers/x/charlottelee-88,site/docs/Influencers/x/charlottelee-88.mdx,mdx,4,Influencers,Influencers,no,CharlotteLee_88 — X Posts,CharlotteLee_88,"Compiled claims from @CharlotteLee_88, whose witness-interview compilation documents a chest-then-neck account reversal in the first hour.",none,,,,none,no,CK_AUTHOR_CREDIT,
/Influencers/x/cinemashogun,site/docs/Influencers/x/cinemashogun.mdx,mdx,4,Influencers,Influencers,no,CinemaShogun — X Posts,CinemaShogun,Compiled claims from @CinemaShogun on the July 2026 preliminary-hearing surveillance package and claim-hygiene critiques of Candace Owens' shifting accounts.,none,,,,none,no,CK_AUTHOR_CREDIT,
/Influencers/x/cletus-jethro,site/docs/Influencers/x/cletus-jethro.mdx,mdx,4,Influencers,Influencers,no,cletus_jethro — X Posts,cletus_jethro,"Compiled claims from @cletus_jethro, a self-described former USMC explosive breacher who proposed the shaped-charge crucifix-pendant theory.",none,,,,none,no,CK_AUTHOR_CREDIT,
/Influencers/x/conservativedv,site/docs/Influencers/x/conservativedv.mdx,mdx,4,Influencers,Influencers,no,ConservativeDV — X Posts,ConservativeDV,Compiled claims from @ConservativeDV offering the innocent-explanation rebuttal on Egyptian aircraft SU-BTT and the Nebraska corridor.,none,,,,none,no,CK_AUTHOR_CREDIT,
/Influencers/x/crimetalknet,site/docs/Influencers/x/crimetalknet.mdx,mdx,4,Influencers,Influencers,no,CrimeTalkNet — X Posts,CrimeTalkNet,"Compiled claims from @CrimeTalkNet reporting the July 2026 preliminary hearing — restricted video broadcast, delayed bind-over, and Erika Kirk counsel motions.",none,,,,none,no,CK_AUTHOR_CREDIT,
/Influencers/x/crossbbritt,site/docs/Influencers/x/crossbbritt.mdx,mdx,4,Influencers,Influencers,no,CrossbBritt — X Posts,CrossbBritt,"Compiled claims from @CrossbBritt, a July 2026 hearing watcher whose sworn-testimony summaries rebut the custody-before-Discord timeline school.",none,,,,none,no,CK_AUTHOR_CREDIT,
/Influencers/x/crystalsmallen,site/docs/Influencers/x/crystalsmallen.mdx,mdx,4,Influencers,Influencers,no,CrystalSmallen — X Posts,CrystalSmallen,Compiled claims from @CrystalSmallen on the UVU booth-location change and recirculated day-after briefing footage.,none,,,,none,no,CK_AUTHOR_CREDIT,
/Influencers/x/dailymail,site/docs/Influencers/x/dailymail.mdx,mdx,4,Influencers,Influencers,no,DailyMail — X Posts,DailyMail,How @DailyMail reporting entered the investigation record — the March 2026 bullet/rifle non-match framing and the 'neutralized' language dispute.,none,,,,none,no,CK_AUTHOR_CREDIT,
/Influencers/x/dailymindvirus,site/docs/Influencers/x/dailymindvirus.mdx,mdx,4,Influencers,Influencers,no,dailymindvirus — X Posts,dailymindvirus,Compiled claims from @dailymindvirus on the leaked Discord/text image circulation and the Lance Twiggs message threads.,none,,,,none,no,CK_AUTHOR_CREDIT,
/Influencers/x/dailyplanetoid,site/docs/Influencers/x/dailyplanetoid.mdx,mdx,4,Influencers,Influencers,no,DailyPlanetoid — X Posts,DailyPlanetoid,Compiled claims from @DailyPlanetoid on alleged roof footage showing a second moving figure at the moment of the shot.,none,,,,none,no,CK_AUTHOR_CREDIT,
/Influencers/x/dancampbel44604,site/docs/Influencers/x/dancampbel44604.mdx,mdx,4,Influencers,Influencers,no,DanCampbel44604 — X Posts,DanCampbel44604,"Compiled claims from @DanCampbel44604, whose annotated SUV-interior seating image drives the Rick Cutler threads — accusatory captions remain unverified and unpublished.",none,,,,none,no,CK_AUTHOR_CREDIT,
/Influencers/x/dangeroustruth1,site/docs/Influencers/x/dangeroustruth1.mdx,mdx,4,Influencers,Influencers,no,DangerousTruth1 — X Posts,DangerousTruth1,Compiled claims from @DangerousTruth1 on the custody-before-Discord confession timeline in the Tyler Robinson case.,none,,,,none,no,CK_AUTHOR_CREDIT,
/Influencers/x/danifesto,site/docs/Influencers/x/danifesto.mdx,mdx,4,Influencers,Influencers,no,DaniFesto — X Posts,DaniFesto,"Compiled claims from @_DaniFesto on wound trajectory — the argument that a 5-9 degree downward rooftop shot should have struck the face or jaw, not the throat.",none,,,,none,no,CK_AUTHOR_CREDIT,
/Influencers/x/danksterintel,site/docs/Influencers/x/danksterintel.mdx,mdx,4,Influencers,Influencers,no,danksterintel — X Posts,danksterintel,"Compiled claims from @danksterintel (Danks) on UVU GRAMA records — pre-shooting warnings, message to Charlie, and botched emergency alerts.",none,,,,none,no,CK_AUTHOR_CREDIT,
/Influencers/x/datarepublican,site/docs/Influencers/x/datarepublican.mdx,mdx,4,Influencers,Influencers,no,DataRepublican — X Posts,DataRepublican,"Compiled claims from @DataRepublican, a rebuttal voice defending Erika Kirk and citing sworn DNA and medical-examiner testimony for the state's narrative.",none,,,,none,no,CK_AUTHOR_CREDIT,
/Influencers/x/daviddunn177,site/docs/Influencers/x/daviddunn177.mdx,mdx,4,Influencers,Influencers,no,daviddunn177 — X Posts,daviddunn177,Compiled claims from @daviddunn177 pairing Sheriff Brooksby's resignation with the reported ATF bullet/rifle non-match.,none,,,,none,no,CK_AUTHOR_CREDIT,
/Influencers/x/ddgotapodcast,site/docs/Influencers/x/ddgotapodcast.mdx,mdx,4,Influencers,Influencers,no,DDGotAPodcast — X Posts,DDGotAPodcast,Compiled claims from @DDGotAPodcast amplifying the UVU witness 'trauma counseling intimidation' account.,none,,,,none,no,CK_AUTHOR_CREDIT,
/Influencers/x/denton-doyle,site/docs/Influencers/x/denton-doyle.mdx,mdx,4,Influencers,Influencers,no,denton_doyle — X Posts,denton_doyle,"Compiled claims from @denton_doyle on Google Trends and search-pattern anomalies — pre-event queries on names, hospitals, and rifle-drop locations from Israel, DC, and Alabama geographies.",none,,,,none,no,CK_AUTHOR_CREDIT,
/Influencers/x/derrickevans4wv,site/docs/Influencers/x/derrickevans4wv.mdx,mdx,4,Influencers,Influencers,no,Derrick Evans — X Posts,Derrick Evans,"Compiled claims from @DerrickEvans4WV on courtroom transparency — the March 14, 2026 rulings rejecting record sealing and keeping cameras in the Tyler Robinson hearings.",image,/img/evidence/4c45b41eb322bf438bb25aec929e851ca8e4881e509af12473035fa258470053.jpg,QmeZj6ddojxCukzQBEiVm7yzzFPDbLVh1eALYG5EH3tDHj,This is a digital graphic showing a social media post preview or website article link.,ck-4sq-side,no,CK_AUTHOR_CREDIT,
/Influencers/x/diddlezs,site/docs/Influencers/x/diddlezs.mdx,mdx,4,Influencers,Influencers,no,Fritz (diddlezs) — X Posts,diddlezs,Compiled claims from @diddlezs (Fritz) — Flightradar24 tracking data behind the SU-BND transponder timing claims credited by John Cullen.,image,/img/evidence/4e36fdf37d72295ccc8cca12f2dbc22e2d5105b6db7409d6848fc4d11188fb53.jpg,QmcMpQCBZkFR5sVbdgePwqARHnusxVDx9KVJKcDpNnWoXC,This image is a digital screenshot of a social media post on X (formerly Twitter) by user John Cullen (@I_Am_JohnCullen).,ck-4sq-side,no,CK_AUTHOR_CREDIT,
/Influencers/x/diligent-denizen-2,site/docs/Influencers/x/diligent-denizen-2.mdx,mdx,4,Influencers,Influencers,no,Diligent Denizen (2) — X Posts,Diligent Denizen (2),"Compiled factual claims and theories from @DiligentDenizen X posts about the Charlie Kirk assassination investigation, with source links.",image,/img/evidence/9389a78c8cc224ea61b06c548f9b7d692ca1b6a88a97e4f8b4b80f42e7448a94.jpg,QmQS7D3BqPrqxMu2V2TseE3ioSjpHRvfM7ktN8kpqe61jo,This image is a screenshot of a social media post on X (formerly Twitter) by an account named &quot;Diligent Denizen.&quot; The post contains text alleging suspicious activity on a roofline…,ck-4sq-stack,no,CK_AUTHOR_CREDIT,
/Influencers/x/diligent-denizen,site/docs/Influencers/x/diligent-denizen.mdx,mdx,4,Influencers,Influencers,no,Diligent Denizen — X Posts,Diligent Denizen,"Compiled factual claims and theories from @DiligentDenizen X posts about the Charlie Kirk assassination investigation, with source links.",image,/img/evidence/9389a78c8cc224ea61b06c548f9b7d692ca1b6a88a97e4f8b4b80f42e7448a94.jpg,QmQS7D3BqPrqxMu2V2TseE3ioSjpHRvfM7ktN8kpqe61jo,This image is a screenshot of a social media post on X (formerly Twitter) by an account named &quot;Diligent Denizen.&quot; The post contains text alleging suspicious activity on a roofline…,ck-4sq-stack,no,CK_AUTHOR_CREDIT,
/Influencers/x/drfrankturek,site/docs/Influencers/x/drfrankturek.mdx,mdx,4,Influencers,Influencers,no,Frank Turek — X Posts,Frank Turek,"How @DrFrankTurek's phone footage became central evidence in the grey-van infrared laser theory, and his reported drone-footage review with Charlie Kirk.",image,/img/evidence/094e2f88c480386133a87a76b1342a3f77906b4c47afc80641e4a8e4a63e9915.jpg,QmP3QMMCrAeAYE9da2ugxYaHSLbaiAhe2icToLNVz2BuQD,"This is a digital image featuring a graphic presentation with a light olive-green background, compiled to highlight military connections of certain Christian figures.",ck-4sq-stack,no,CK_AUTHOR_CREDIT,
/Influencers/x/ericldaugh,site/docs/Influencers/x/ericldaugh.mdx,mdx,4,Influencers,Influencers,no,Eric Daugherty — X Posts,Eric Daugherty,"Compiled claims from @EricLDaugh (Eric Daugherty) — courtroom transparency wins, roof-video timestamp reporting, and an early suspect misidentification post.",image,/img/evidence/e07f151806769837689fd42d327bec197d6c18059ae22edf3f527e52eec8abb3.jpg,QmbSixZUNTGcRuzAmDu8yE3EvdaVs2CrUmfPBd5XPTRNAE,This is a digital screenshot of a post on the social media platform X (formerly Twitter) by the user &quot;Project Constitution&quot; (@ProjectConstitu).,ck-4sq-side,no,CK_AUTHOR_CREDIT,
/Influencers/x/evanakilgore,site/docs/Influencers/x/evanakilgore.mdx,mdx,4,Influencers,Influencers,no,Evan Kilgore — X Posts,Evan Kilgore,"Compiled claims from @EvanAKilgore — the Brooksby resignation / ATF non-match pairing, exhibit-lockdown reporting, and amplification of the night-before text claims.",image,/img/evidence/adc1d5c3487a4115dbde42bec1c3b1790a5170f6b33e2e3d5929cf9da9394d0f.jpg,QmYm5fnyYL5WVryW6Rg44ZtRqzU8HCdTSLGL2E91vYxG4j,This is a digital screenshot of a post on the social media platform X (formerly Twitter) by user Evan Kilgore (@EvanAKilgore).,ck-4sq-stack,no,CK_AUTHOR_CREDIT,
/Influencers/x/factsvszee,site/docs/Influencers/x/factsvszee.mdx,mdx,4,Influencers,Influencers,no,FactsVsZee — X Posts,FactsVsZee,"Compiled claims from @FactsVsZee — a cited carrier of the alleged Charlie Kirk Israel quotes, including 'They will kill me if I break away from being pro-Israel.'",none,,,,none,no,CK_AUTHOR_CREDIT,
/Influencers/x/faithdrivur,site/docs/Influencers/x/faithdrivur.mdx,mdx,4,Influencers,Influencers,no,FaithDrivUr — X Posts,FaithDrivUr,"Compiled claims from @FaithDrivUr — the July 2026 video asking which TPUSA representative allegedly met the assassin on the UVU quad, and the disputed 9:24 AM arrival time.",none,,,,none,no,CK_AUTHOR_CREDIT,
/Influencers/x/financewolves,site/docs/Influencers/x/financewolves.mdx,mdx,4,Influencers,Influencers,no,FinanceWolves (Zach) — X Posts,FinanceWolves,Compiled claims around @FinanceWolves (Zach) — the citizen investigator whose TPUSA cease-and-desist letter reportedly admitted a media production drone flew before the event.,none,,,,none,no,CK_AUTHOR_CREDIT,
/Influencers/x/foxusnews,site/docs/Influencers/x/foxusnews.mdx,mdx,4,Influencers,Influencers,no,Fox News US — X Posts,FoxUSNews,Compiled claims from @FoxUSNews — Day 5 preliminary-hearing reporting of Judge Graf's media sanction banning capture and broadcast of exhibits.,image,/img/evidence/7b387e04b2d3970eccedc596a9312e27a3741a2952f9eace4426b1af6cbb65c4.jpg,QmTYyf3jwqrfjr1dQferzWa5VYt2te1KhZJTgqrDEdtA8v,This image is a low-resolution television news broadcast screenshot depicting a man being escorted by two security or law enforcement officers on an outdoor college campus.,ck-4sq-side,no,CK_AUTHOR_CREDIT,
/Influencers/x/fratercrc,site/docs/Influencers/x/fratercrc.mdx,mdx,4,Influencers,Influencers,no,fratercrc — X Posts,fratercrc,Compiled claims from @fratercrc — questioning why Tarrant County examiner Dr. Kendall Crowns became the media face of the wound explanation without performing the autopsy.,none,,,,none,no,CK_AUTHOR_CREDIT,
/Influencers/x/furkangozukara,site/docs/Influencers/x/furkangozukara.mdx,mdx,4,Influencers,Influencers,no,Furkan Gözükara — X Posts,Furkan Gözükara,"Compiled claims amplified by @FurkanGozukara — the Stew Peters $1B allegation, the Buckley Carlson Valhalla clip, mic-explosive theories, and the Joe Kent foreign-leads shutdown.",none,,,,none,no,CK_AUTHOR_CREDIT,
/Influencers/x/gatewood,site/docs/Influencers/x/gatewood.mdx,mdx,4,Influencers,Influencers,no,gatewood__ — X Posts,gatewood__,"Compiled claims from @gatewood__ — the assertion that no released footage shows the trigger pull, and real-time pushback on 'court video shows Robinson taking the shot' claims.",none,,,,none,no,CK_AUTHOR_CREDIT,
/Influencers/x/generalmcnews,site/docs/Influencers/x/generalmcnews.mdx,mdx,4,Influencers,Influencers,no,The General — X Posts,The General (GeneralMCNews),"Compiled claims from @GeneralMCNews (The General) — the N708JH flight-tracking block, the Kash Patel / Joe Kent probe-halt summary, and the Israeli sniper threat post.",image,/img/evidence/66aa52c4d49cc530c9d8619bc713c9b1a5d058a9465df17a374501c10b22a62d.jpg,QmWCQnLodzTXkyozYB2xgYRwM5QZk5daLrqj1rCbVxveTm,"This image is a horizontal, close-up digital screenshot of a single post from the social media platform X (formerly Twitter).",ck-4sq-stack,no,CK_AUTHOR_CREDIT,
/Influencers/x/gigabeers,site/docs/Influencers/x/gigabeers.mdx,mdx,4,Influencers,Influencers,no,GigaBeers — X Posts,GigaBeers,Compiled claims from @GigaBeers — June 2026 reporting that Judge Graf denied the defense bid to close the preliminary hearing and block cameras.,none,,,,none,no,CK_AUTHOR_CREDIT,
/Influencers/x/gillx-af,site/docs/Influencers/x/gillx-af.mdx,mdx,4,Influencers,Influencers,no,Gillx_AF — X Posts,Gillx_AF,Compiled claims from @Gillx_AF — the 10-inch soil dig and rapid repave of the UVU scene as a challenge to critics who dismiss device theories.,none,,,,none,no,CK_AUTHOR_CREDIT,
/Influencers/x/ginamilan,site/docs/Influencers/x/ginamilan.mdx,mdx,4,Influencers,Influencers,no,ginamilan_ — X Posts,ginamilan_,"Compiled claims from @ginamilan_ — July 2026 summaries of the leaked Robinson–Twiggs texts, including the rifle drop-point and lingering-vehicles claim.",none,,,,none,no,CK_AUTHOR_CREDIT,
/Influencers/x/godfatherofchao,site/docs/Influencers/x/godfatherofchao.mdx,mdx,4,Influencers,Influencers,no,godfatherofchao — X Posts,godfatherofchao,Compiled claims from @godfatherofchao — amplification of Candace Owens' argument that Erika Kirk's eulogy read more like a fundraising appeal than a personal tribute.,none,,,,none,no,CK_AUTHOR_CREDIT,
/Influencers/x/goingstrategic,site/docs/Influencers/x/goingstrategic.mdx,mdx,4,Influencers,Influencers,no,GoingStrategic — X Posts,GoingStrategic,Compiled claims from @GoingStrategic — the before/after crime-scene media-layout comparison and the September 2025 Pellet Gun Man identification thread.,image,/img/evidence/08b425fbed6935fc7c536df71d5c4a22e5e3628fe52d52dae0506bec677958bc.jpg,QmQddeXiFH9cbrUVNs9VNAwmxueCQMNkEmtDT9xWZKEtEm,This is a digital screenshot of an X (formerly Twitter) &quot;Post Analytics&quot; modal window overlaying a blurred background of the platform,ck-4sq-side,no,CK_AUTHOR_CREDIT,
/Influencers/x/goldenone1980,site/docs/Influencers/x/goldenone1980.mdx,mdx,4,Influencers,Influencers,no,GoldenOne1980 — X Posts,GoldenOne1980,"Compiled claims from @GoldenOne1980 — the lapel-mic (not pendant) device theory, the dual-microphone observation, and the AES factory explosion timing argument.",none,,,,none,no,CK_AUTHOR_CREDIT,
/Influencers/x/gouncensored,site/docs/Influencers/x/gouncensored.mdx,mdx,4,Influencers,Influencers,no,GoUncensored — X Posts,GoUncensored,Compiled claims from @GoUncensored on the AES factory explosion narrative and information-war framing around the Tyler Robinson confession.,none,,,,none,no,CK_AUTHOR_CREDIT,
/Influencers/x/govcox,site/docs/Influencers/x/govcox.mdx,mdx,4,Influencers,Influencers,no,GovCox — X Posts,GovCox,How the official @GovCox account of Utah Governor Spencer Cox appears in the investigation coverage — UVU leadership statements and public callouts for testimony follow-up.,none,,,,none,no,CK_AUTHOR_CREDIT,
/Influencers/x/grayhuze,site/docs/Influencers/x/grayhuze.mdx,mdx,4,Influencers,Influencers,no,Gray Hughes Investigates — X Posts,GrayHuze,Compiled claims from @GrayHuze (Gray Hughes Investigates) — 25-second surveillance egress reconstruction and the 30-vs-33-hour manhunt discrepancy.,image,/img/evidence/1bcccc1de232d8970d27f799de5b16d46c0f1357029d05c99363b5fddff8a95d.jpg,QmRL8bxy2EJwMJvpHE3Aj12U3o2nxfqqp41az2ec4amL4U,This is a digital screenshot of a post on X (formerly Twitter) by the account &quot;Project Constitution.&quot; The post features a detailed text update claiming to share newly uncovered…,ck-4sq-side,no,CK_AUTHOR_CREDIT,
/Influencers/x/greatunwokening,site/docs/Influencers/x/greatunwokening.mdx,mdx,4,Influencers,Influencers,no,GreatUnwokening — X Posts,GreatUnwokening,Compiled claims from @GreatUnwokening — Joe Kent foreign-inquiry shutdown packaging and camera-card chain-of-custody allegations.,none,,,,none,no,CK_AUTHOR_CREDIT,
/Influencers/x/grok,site/docs/Influencers/x/grok.mdx,mdx,4,Influencers,Influencers,no,Grok — X Replies,grok,"How @grok (xAI's AI assistant on X) appears in the investigation coverage — automated summaries, counter-claims, and hearing recaps cited across the case.",image,/img/evidence/a85feda714dc7c452930971dabc55247da18a4a959a27c1ca3275aea2409cbe5.jpg,QmRhK65QQ2BfNTRbwt2Rf2ciJVbeXtPQrA6CkHxk61eCZc,"This is a desktop screenshot of a social media post on X (formerly Twitter) by the account &quot;Penned Patriot&quot; (@pennedpatriot) dated September 20, 2025.",ck-4sq-stack,no,CK_AUTHOR_CREDIT,
/Influencers/x/gunthereagleman,site/docs/Influencers/x/gunthereagleman.mdx,mdx,4,Influencers,Influencers,no,Gunther Eagleman — X Posts,GuntherEagleman,"Compiled claims from @GuntherEagleman — Discord-log amplification, March 2026 courtroom-access rulings, and the relayed surgeon account.",none,,,,none,no,CK_AUTHOR_CREDIT,
/Influencers/x/harkjjytte,site/docs/Influencers/x/harkjjytte.mdx,mdx,4,Influencers,Influencers,no,HarkjJytte — X Posts,HarkjJytte,"Compiled claims from @HarkjJytte on the medical and ballistics disputes — fragment-vs-Mauser matching, the RØDE mic framing, and medical-examiner OSINT.",none,,,,none,no,CK_AUTHOR_CREDIT,
/Influencers/x/harrisonhsmith,site/docs/Influencers/x/harrisonhsmith.mdx,mdx,4,Influencers,Influencers,no,Harrison Smith — X Posts,HarrisonHSmith,"Compiled claims from @HarrisonHSmith — the August 13, 2025 post that Charlie Kirk believed Israel would kill him if he turned against them.",image,/img/evidence/4ded938d0d7d8f8466f4c8f7b2b8713738198da5e9e549f2babfd5d175d98ec8.jpg,Qmekc27JqhbAr94ExmVGouNbeMwTn9gyHAgA9DXmpx3oXh,This image is a digital screenshot of a post from the social media platform X (formerly Twitter).,ck-4sq-stack,no,CK_AUTHOR_CREDIT,
/Influencers/x/headlineusa,site/docs/Influencers/x/headlineusa.mdx,mdx,4,Influencers,Influencers,no,Headline USA — X Posts,HeadlineUSA,Compiled claims from @HeadlineUSA — the Shaffer Security Group report identifying Integrity Security Solutions and the 'stabbed in the back' vendor dispute.,image,/img/evidence/1f0ebf9d7cca6d6cb6eb8a5360f8a0bc7eee225f610efb7c12e64413feca7ed0.jpg,QmRE8hgJQtbaovvBPPtDkJbFQoTUZW6tbJ2mbnyBL2kGAC,This is a composite digital graphic featuring a news article headline in the upper-left corner and a large photograph of a military-modified Bombardier Global Express business jet…,ck-4sq-stack,no,CK_AUTHOR_CREDIT,
/Influencers/x/healthranger,site/docs/Influencers/x/healthranger.mdx,mdx,4,Influencers,Influencers,no,Health Ranger — X Posts,Health Ranger,"Compiled factual claims and theories from @HealthRanger X posts about the Charlie Kirk assassination investigation, with source links.",image,/img/evidence/2149e563e418d156fa2c320ccca45b1094e75692fe7ae289afcf8553f5c417a6.jpg,QmNV3dVQKMy3nmnmNvkKMDGsrMPF3XDCgWHSuR2Xt3rjyY,This is a digital screenshot of a post from the social media platform X (formerly Twitter) published by the user &quot;@HealthRanger&quot; (HealthRanger).,ck-4sq-stack,no,CK_AUTHOR_CREDIT,
/Influencers/x/hippyygoat,site/docs/Influencers/x/hippyygoat.mdx,mdx,4,Influencers,Influencers,no,hippyygoat — X Posts,hippyygoat,Compiled claims from @hippyygoat — circulated clips and quotes of Charlie Kirk's late criticism of Israel used in motive discussions.,none,,,,none,no,CK_AUTHOR_CREDIT,
/Influencers/x/holoncitizen,site/docs/Influencers/x/holoncitizen.mdx,mdx,4,Influencers,Influencers,no,HolonCitizen — X Posts,HolonCitizen,"Compiled contributions from @HolonCitizen (Bryan Starbuck) — .30-06 energy-mismatch charts, Utah autopsy-law analysis, Stairs Guy video comparison, and documented platform throttling.",none,,,,none,no,CK_AUTHOR_CREDIT,
/Influencers/x/hotspothotspot,site/docs/Influencers/x/hotspothotspot.mdx,mdx,4,Influencers,Influencers,no,HotSpotHotSpot — X Posts,HotSpotHotSpot,"Compiled claims from @HotSpotHotSpot — inconclusive fragment-to-weapon ballistics framing, Hull cross-examination paving clips, and sealed CBLA amplification.",none,,,,none,no,CK_AUTHOR_CREDIT,
/Influencers/x/hurtfeelingzday,site/docs/Influencers/x/hurtfeelingzday.mdx,mdx,4,Influencers,Influencers,no,hurtfeelingzday — X Posts,hurtfeelingzday,"Compiled flight-tracking claims from @hurtfeelingzday — SAM 99-0404 Fort Huachuca legs, the AES overflight claim, N102DZ screenshots, and the N1098L AXEL10 Orem loops.",none,,,,none,no,CK_AUTHOR_CREDIT,
/Influencers/x/ian-carroll,site/docs/Influencers/x/ian-carroll.mdx,mdx,4,Influencers,Influencers,no,Ian Carroll — X Posts,Ian Carroll,"Compiled factual claims and theories from @IanCarrollShow X posts about the Charlie Kirk assassination investigation, with source links.",none,,,,none,no,CK_AUTHOR_CREDIT,
/Influencers/x/iluminomoly,site/docs/Influencers/x/iluminomoly.mdx,mdx,4,Influencers,Influencers,no,iluminomoly — X Posts,iluminomoly,"Compiled claims from @iluminomoly — the Candace Owens SUV interior photos, the SUV-destruction claim, and police-scanner breakdowns of the shifting hospital-search story.",none,,,,none,no,CK_AUTHOR_CREDIT,
/Influencers/x/imbreckworsham,site/docs/Influencers/x/imbreckworsham.mdx,mdx,4,Influencers,Influencers,no,ThePatrioticBlonde — X Posts,ImBreckWorsham,"Compiled claims from @ImBreckWorsham (ThePatrioticBlonde) — Brady raw-DNA-data disputes, the White House intel-halt roundtable, and the 34-second rooftop timeline critique.",image,/img/evidence/691edfa500853acf8d837ca02ed61f37a284cfeb3f7436c6cbdaf4709c619920.jpg,QmfJsQngYezanRxJtoTqYjetwmHkRPpBb89kWmP4TpA9cN,This image is a horizontal digital screenshot of a post from the social media platform X (formerly Twitter).,ck-4sq-stack,no,CK_AUTHOR_CREDIT,
/Influencers/x/in2thinair,site/docs/Influencers/x/in2thinair.mdx,mdx,4,Influencers,Influencers,no,In2ThinAir — X Posts,In2ThinAir,"Compiled claims from @In2ThinAir — the October 13, 2025 viral post alleging remote deletion of witness videos, and stage-side clip footage.",image,/img/evidence/e88c8a5e97a115e6462a5557e8e0e3ddca6b3f60fc9d58127b988672b17f93ad.jpg,QmekTuJyeZh3bhqiqQ9nw2LfhLSEAWZ1Ttx6rYqBLzXw3L,This is a digital screenshot of a post from the social media platform X (formerly Twitter).,ck-4sq-stack,no,CK_AUTHOR_CREDIT,
/Influencers/x/ingrahamangle,site/docs/Influencers/x/ingrahamangle.mdx,mdx,4,Influencers,Influencers,no,Laura Ingraham — X Posts,IngrahamAngle,How @IngrahamAngle (Laura Ingraham) appears in the investigation coverage — amplifying Brian Harpole's 'we were told it would be handled' rooftop-security dispute.,none,,,,none,no,CK_AUTHOR_CREDIT,
/Influencers/x/its-the-dr,site/docs/Influencers/x/its-the-dr.mdx,mdx,4,Influencers,Influencers,no,Johnny Midnight — X Posts,its_The_Dr,Compiled claims from @its_The_Dr (Johnny Midnight) — the heart-shot-plus-body-armor fragmentation theory reconciling early witness accounts with the neck wound.,none,,,,none,no,CK_AUTHOR_CREDIT,
/Influencers/x/itsmorganariel,site/docs/Influencers/x/itsmorganariel.mdx,mdx,4,Influencers,Influencers,no,itsmorganariel — X Posts,itsmorganariel,"Compiled claims from @itsmorganariel — the RAV4 FBI-badge tip relay, the Sept 8-to-9 date correction on the 'leave the pro-Israel cause' message, and no-exit-wound skepticism.",none,,,,none,no,CK_AUTHOR_CREDIT,
/Influencers/x/iwendtster,site/docs/Influencers/x/iwendtster.mdx,mdx,4,Influencers,Influencers,no,Iwendtster — X Posts,Iwendtster,Compiled claims from @Iwendtster — the last-photo glance analysis of Charlie Kirk and hostile questions about the SUV ride to the hospital.,none,,,,none,no,CK_AUTHOR_CREDIT,
/Influencers/x/jackposobiec,site/docs/Influencers/x/jackposobiec.mdx,mdx,4,Influencers,Influencers,no,Jack Posobiec — X Posts,JackPosobiec,"Compiled claims from @JackPosobiec — Discord/text log amplification, the unsealed fingerprint warrant report, and prosecution-side preliminary-hearing commentary.",none,,,,none,no,CK_AUTHOR_CREDIT,
/Influencers/x/jacksonhinkle,site/docs/Influencers/x/jacksonhinkle.mdx,mdx,4,Influencers,Influencers,no,jacksonhinkle — X Posts,jacksonhinkle,Compiled claims from @jacksonhinkle on the Jerusalem Post first-to-report timing question in the Charlie Kirk death timeline.,none,,,,none,no,CK_AUTHOR_CREDIT,
/Influencers/x/jamiburns45,site/docs/Influencers/x/jamiburns45.mdx,mdx,4,Influencers,Influencers,no,jamiburns45 — X Posts,jamiburns45,"Compiled claims from @jamiburns45, whose circulation of the Rob O'Neill and Gen. Blaine Holt Newsmax segment anchored the 'something exploded on him' testimony.",none,,,,none,no,CK_AUTHOR_CREDIT,
/Influencers/x/jeannin55385803,site/docs/Influencers/x/jeannin55385803.mdx,mdx,4,Influencers,Influencers,no,Jeannin55385803 — X Posts,Jeannin55385803,Compiled claims from @Jeannin55385803 circulating alleged Charlie Kirk donor texts and reported break-from-Israel quotes.,none,,,,none,no,CK_AUTHOR_CREDIT,
/Influencers/x/jenellen773,site/docs/Influencers/x/jenellen773.mdx,mdx,4,Influencers,Influencers,no,JenEllen773 — X Posts,JenEllen773,"Compiled claims from @JenEllen773 on the Brooksby resignation, missing surrender video, Officer Bagley's departure, and the George Zinn contractor hypothesis.",none,,,,none,no,CK_AUTHOR_CREDIT,
/Influencers/x/jg-cstt,site/docs/Influencers/x/jg-cstt.mdx,mdx,4,Influencers,Influencers,no,JG CSTT — X Posts,JG CSTT,"Compiled factual claims and theories from @JG_CSTT X posts about the Charlie Kirk assassination investigation, with source links.",image,/img/evidence/db97c9edfed5b8306dba44b4bd4f6d09797e519dda1b13663673fe699408afa2.jpg,QmcJ2XJHMZioh5tX3xPv9UeGNnM6kucKaq1CWVAA14cR6s,"This is a video screenshot showing a close-up of a man filming himself outdoors on what appears to be a modern school, university, or corporate campus.",ck-4sq-stack,no,CK_AUTHOR_CREDIT,
/Influencers/x/jglasseir,site/docs/Influencers/x/jglasseir.mdx,mdx,4,Influencers,Influencers,no,JGlasseir — X Posts,JGlasseir,Compiled claims from @JGlasseir on the inconclusive Mauser ballistics match and the sealed ATF report fight.,none,,,,none,no,CK_AUTHOR_CREDIT,
/Influencers/x/jodychasetn,site/docs/Influencers/x/jodychasetn.mdx,mdx,4,Influencers,Influencers,no,JodyChaseTN — X Posts,JodyChaseTN,"Compiled claims from @JodyChaseTN on crime-scene paving, the transport SUV, courtroom-video disputes, TPUSA leadership questions, and resignation timing.",none,,,,none,no,CK_AUTHOR_CREDIT,
/Influencers/x/joekent16jan19,site/docs/Influencers/x/joekent16jan19.mdx,mdx,4,Influencers,Influencers,no,Joe Kent — X Posts,Joe Kent,"Public statements from @joekent16jan19, the former NCTC director who says the foreign-ties review of the Charlie Kirk assassination was halted.",none,,,,none,no,CK_AUTHOR_CREDIT,
/Influencers/x/johnmccloy,site/docs/Influencers/x/johnmccloy.mdx,mdx,4,Influencers,Influencers,no,JohnMcCloy — X Posts,JohnMcCloy,"Compiled claims from @JohnMcCloy on the Mauser rifle recovery photos, Tyler Robinson timeline tensions, and attendee footage appeals.",image,/img/evidence/31bbeef7643b34728b2f62307aed0e086fd15bf91938861f6d609074058a37e6.jpg,QmanM9p57AnqMXCH3EWjsAF9FvzL8yySQRepgpBErtFeiP,This is a digital screenshot of a social media post on X (formerly Twitter) by an account named &quot;Mr.,ck-4sq-side,no,CK_AUTHOR_CREDIT,
/Influencers/x/johnmcvicar16,site/docs/Influencers/x/johnmcvicar16.mdx,mdx,4,Influencers,Influencers,no,johnmcvicar16 — X Posts,johnmcvicar16,Compiled claims from @johnmcvicar16 amplifying the Israeli and Washington DC IP search-pattern analysis of hospital and medical personnel.,none,,,,none,no,CK_AUTHOR_CREDIT,
/Influencers/x/johnparson35771,site/docs/Influencers/x/johnparson35771.mdx,mdx,4,Influencers,Influencers,no,JohnParson35771 — X Posts,JohnParson35771,Compiled claims from @JohnParson35771 on the reported drone-surveillance request that UVU Police Chief Jeff Long allegedly denied.,none,,,,none,no,CK_AUTHOR_CREDIT,
/Influencers/x/jokaqarmy1,site/docs/Influencers/x/jokaqarmy1.mdx,mdx,4,Influencers,Influencers,no,JOKAQARMY1 — X Posts,JOKAQARMY1,"Compiled claims from @JOKAQARMY1, whose courtroom-testimony narration of Officer Bagley's body-cam battery 'dying' on the roof anchors the July 2026 hearing record.",none,,,,none,no,CK_AUTHOR_CREDIT,
/Influencers/x/josettecaruso,site/docs/Influencers/x/josettecaruso.mdx,mdx,4,Influencers,Influencers,no,josettecaruso — X Posts,josettecaruso,"Compiled claims from @josettecaruso, whose reposted @PatriotVerity item carried the September 10 assassination-target-list warning claim.",none,,,,none,no,CK_AUTHOR_CREDIT,
/Influencers/x/josh-hammer,site/docs/Influencers/x/josh-hammer.mdx,mdx,4,Influencers,Influencers,no,Josh Hammer — X Posts,Josh Hammer,"Documented X posts by @josh_hammer (Josh Hammer) that circulated in investigation commentary — timestamp juxtapositions and rhetoric disputes, with no allegation of wrongdoing.",image,/img/evidence/e4ca073dca8af927912a5c0b59f40f3a8f5fe968d7e2a5c67b7b67b3a8554100.jpg,QmPLnHmqHfHfGoe9nuQ9PhwpTCpbkRckr6QfqYDSnNX21k,This image is a digital screenshot of a post on the social media platform X (formerly Twitter) by user Ann Jordan (@amjordan68).,ck-4sq-stack,no,CK_AUTHOR_CREDIT,
/Influencers/x/josh89220,site/docs/Influencers/x/josh89220.mdx,mdx,4,Influencers,Influencers,no,Josh89220 — X Posts,Josh89220,Compiled claims from @Josh89220 citing FAA/transponder logs of the Army HADES-class ISR jet N1098L making low passes near UVU.,none,,,,none,no,CK_AUTHOR_CREDIT,
/Influencers/x/joshbreslo,site/docs/Influencers/x/joshbreslo.mdx,mdx,4,Influencers,Influencers,no,Josh Breslow — X Posts,Josh Breslow,"Coverage record for @JOSHBRESLO (Josh Breslow), the broadcast anchor whose split-screen witness interview established Skyler Baird as a televised eyewitness.",image,/img/evidence/abea107b967c27fe33866da13ba3211938685846b56e8f702103f190beaac7ce.jpg,Qmaf2tVe1bXxnNsX3k3Uu8GnDcwPjEgyfspSJv6ogDTMku,This is a vertical screen capture of a television news broadcast featuring a split-screen format.,ck-4sq-side,no,CK_AUTHOR_CREDIT,
/Influencers/x/joshua-the-car,site/docs/Influencers/x/joshua-the-car.mdx,mdx,4,Influencers,Influencers,no,Joshua_the_car — X Posts,Joshua_the_car,"Compiled claims from @Joshua_the_car's July 2026 hearing coverage on the autopsy entered into evidence — GSW neck, homicide — and hospital pronouncement framing.",image,/img/evidence/2d85b6519fa208d06c61e3f1d27dac2567199d8d94f06f6515f62198a7c84b69.jpg,QmTzWPTq1V6AcwLJQUvFPiRvF4EAZQ1KyMBKipzNpB7cHC,This image is a digital screenshot of a post from the social media platform X (formerly Twitter) by user @Hurleys3d27.,ck-4sq-stack,no,CK_AUTHOR_CREDIT,
/Influencers/x/juliandorey,site/docs/Influencers/x/juliandorey.mdx,mdx,4,Influencers,Influencers,no,Julian Dorey — X Posts,Julian Dorey,"Coverage record for @juliandorey (Julian Dorey), whose podcast clip of Joe Kent addressing the Charlie Kirk assassination 'strangeness' anchored the NCTC-halt story.",none,,,,none,no,CK_AUTHOR_CREDIT,
/Influencers/x/justthetweets17,site/docs/Influencers/x/justthetweets17.mdx,mdx,4,Influencers,Influencers,no,JustTheTweets17 — X Posts,JustTheTweets17,"Compiled claims from @JustTheTweets17 (Trisha Hope) — FBI anomaly lists, witness video-deletion framing, donor-text circulation, TPUSA oversight questions, and censorship flags.",none,,,,none,no,CK_AUTHOR_CREDIT,
/Influencers/x/kagdrogo,site/docs/Influencers/x/kagdrogo.mdx,mdx,4,Influencers,Influencers,no,KAGdrogo — X Posts,KAGdrogo,Compiled claims from @KAGdrogo framing the Hamptons donor meeting as an 'intervention' and recirculating the Harrison Smith day-after video.,none,,,,none,no,CK_AUTHOR_CREDIT,
/Influencers/x/kahlissee,site/docs/Influencers/x/kahlissee.mdx,mdx,4,Influencers,Influencers,no,Kahlissee — X Posts,Kahlissee,"Coverage record for @Kahlissee (Khalissee), whose screenshotted threads appear in the site's Israel and Candace Owens photo-evidence clusters.",image,/img/evidence/18c908ba2b19a7fce6f085985aba61743edf36ab19ce345385a61c3bbf75ba23.webp,Qmc78fKjeM8uk9xUGzWwQHowDtdFjfcWkYqtv1cLjfTAZh,"This is a mobile phone screenshot of a social media feed, specifically the platform X (formerly Twitter), displaying a post by user &quot;@Kahlissee&quot; featuring a video of political…",ck-4sq-side,no,CK_AUTHOR_CREDIT,
/Influencers/x/kanekoathegreat,site/docs/Influencers/x/kanekoathegreat.mdx,mdx,4,Influencers,Influencers,no,KanekoaTheGreat — X Posts,KanekoaTheGreat,"Compiled claims from @KanekoaTheGreat, who published unsealed search-warrant texts attributed to Tyler Robinson and Lance Twiggs in April 2026.",none,,,,none,no,CK_AUTHOR_CREDIT,
/Influencers/x/kangminlee,site/docs/Influencers/x/kangminlee.mdx,mdx,4,Influencers,Influencers,no,kangminlee — X Posts,kangminlee,Compiled claims from @kangminlee on the reported Patel shutdown of Joe Kent's NCTC foreign-assistance file review and the Gabbard scope fight.,none,,,,none,no,CK_AUTHOR_CREDIT,
/Influencers/x/kaysu00,site/docs/Influencers/x/kaysu00.mdx,mdx,4,Influencers,Influencers,no,KaySu00 — X Posts,KaySu00,Compiled claims from @KaySu00 on the SUV interior photos — the burned/charred material question and amplification of the Candace Owens photo sets.,none,,,,none,no,CK_AUTHOR_CREDIT,
/Influencers/x/kelirabon,site/docs/Influencers/x/kelirabon.mdx,mdx,4,Influencers,Influencers,no,KeliRabon — X Posts,KeliRabon,Compiled claims from @KeliRabon on Mikey McCoy's immediate post-shot departure footage and security-team medical-handling critiques.,none,,,,none,no,CK_AUTHOR_CREDIT,
/Influencers/x/kellyomeara5556,site/docs/Influencers/x/kellyomeara5556.mdx,mdx,4,Influencers,Influencers,no,KellyOMeara5556 — X Posts,KellyOMeara5556,Compiled claims from @KellyOMeara5556 on the ATF ballistics record — the fragment-not-a-30-06 claim and the sealed CBLA ballistics fight.,none,,,,none,no,CK_AUTHOR_CREDIT,
/Influencers/x/kimmagagal2,site/docs/Influencers/x/kimmagagal2.mdx,mdx,4,Influencers,Influencers,no,kimmagagal2 — X Posts,kimmagagal2,Compiled claims from @kimmagagal2 on court secrecy — the Judge Graf gag-order timeline and the Christopher Ballard civil-contempt threads.,none,,,,none,no,CK_AUTHOR_CREDIT,
/Influencers/x/kuhnsamuel2,site/docs/Influencers/x/kuhnsamuel2.mdx,mdx,4,Influencers,Influencers,no,kuhnsamuel2 — X Posts,kuhnsamuel2,Compiled claims from @kuhnsamuel2 on the Discord confession — the 8:57 PM timestamp and the belief the messages were faked while Robinson was in custody.,none,,,,none,no,CK_AUTHOR_CREDIT,
/Influencers/x/kutv2news,site/docs/Influencers/x/kutv2news.mdx,mdx,4,Influencers,Influencers,no,KUTV2News — X Posts,KUTV2News,"Compiled reporting from @KUTV2News, the Salt Lake City CBS affiliate — Presidential Medal of Freedom, memorials, and National Day of Remembrance coverage.",none,,,,none,no,CK_AUTHOR_CREDIT,
/Influencers/x/kyliejanekremer,site/docs/Influencers/x/kyliejanekremer.mdx,mdx,4,Influencers,Influencers,no,KylieJaneKremer — X Posts,KylieJaneKremer,Compiled claims from @KylieJaneKremer — bystander video alleged to show a figure on a building before the shot at UVU.,none,,,,none,no,CK_AUTHOR_CREDIT,
/Influencers/x/leahfiles,site/docs/Influencers/x/leahfiles.mdx,mdx,4,Influencers,Influencers,no,leahfiles — X Posts,leahfiles,"Compiled claims from @leahfiles — TPUSA financial-filing series, the N59906 surveillance-plane ownership thread, the vancekirk2028.com domain chain, and a dual-mechanism cause-of-death view.",none,,,,none,no,CK_AUTHOR_CREDIT,
/Influencers/x/letsgobrando45,site/docs/Influencers/x/letsgobrando45.mdx,mdx,4,Influencers,Influencers,no,Brandon Taylor Moore — X Posts,LetsGoBrando45,Compiled claims from @LetsGoBrando45 (Brandon Taylor Moore) — the 'three separate people' Israel-fear confirmation claim and Epstein-Mossad framing threads.,image,/img/evidence/bbdb91c263bc7ed4a51152244c10c0ff79f64d651bd8a0504accc06182dd6f48.jpg,QmZEsxmiqkcfmEFHza1ZV95yvYvvF3TUfsqMoJPJ4hL55d,This is a digital screenshot of a social media post on X (formerly Twitter) by a user named Brandon Taylor Moore.,ck-4sq-side,no,CK_AUTHOR_CREDIT,
/Influencers/x/libertylockpod,site/docs/Influencers/x/libertylockpod.mdx,mdx,4,Influencers,Influencers,no,Clint Russell — X Posts,LibertyLockPod,Compiled claims from @LibertyLockPod (Clint Russell) — the Josh Hammer 'based' timeline post and latency challenges to the notification-order claims.,image,/img/evidence/b5123f5d3f93c41111d03e0f6558d50bf16c46b7e86d440db190ac9221dbd26d.jpg,QmPJ8dgmJukpY61fPD3Qhv95tKW9uRNJhZpeumuGcgruoD,This image is a digital screenshot of a social media thread on the platform X (formerly Twitter) in dark mode interface.,ck-4sq-side,no,CK_AUTHOR_CREDIT,
/Influencers/x/lindseey-loo,site/docs/Influencers/x/lindseey-loo.mdx,mdx,4,Influencers,Influencers,no,lindseey_loo — X Posts,lindseey_loo,Compiled claims from @lindseey_loo — the secondhand 'signed off before finished' autopsy allegation and the Sennheiser G4 device variant.,none,,,,none,no,CK_AUTHOR_CREDIT,
/Influencers/x/lionelmedia,site/docs/Influencers/x/lionelmedia.mdx,mdx,4,Influencers,Influencers,no,LionelMedia — X Posts,LionelMedia,Compiled claims from @LionelMedia — the defense-side framing that the state has association evidence but no causal bridge proving Robinson fired the fatal shot.,none,,,,none,no,CK_AUTHOR_CREDIT,
/Influencers/x/liz-wheeler,site/docs/Influencers/x/liz-wheeler.mdx,mdx,4,Influencers,Influencers,no,Liz Wheeler — X Posts,Liz Wheeler,"Compiled claims from @Liz_Wheeler — July 2026 preliminary-hearing coverage, the Version B surrender-timeline rebuttal, and the crime-scene paving counter-explanation.",none,,,,none,no,CK_AUTHOR_CREDIT,
/Influencers/x/ltjohnwade,site/docs/Influencers/x/ltjohnwade.mdx,mdx,4,Influencers,Influencers,no,John Wade — X Posts,LtJohnWade,Compiled claims from @LtJohnWade (John Wade) — Mossad-assassination theory posts and FBI criticism preserved in the site's Israel photo record.,image,/img/evidence/909d271d3b83228a0fe65d3493e3faae5df7087f93ca79a9df112086aef951f6.jpg,Qmaueiiqx5xYNJJu5ejtimdP6pgABzD63arak2V8HTGK82,This is a digital screenshot of a post from the social media platform X (formerly Twitter).,ck-4sq-stack,no,CK_AUTHOR_CREDIT,
/Influencers/x/malteselove67,site/docs/Influencers/x/malteselove67.mdx,mdx,4,Influencers,Influencers,no,malteselove67 — X Posts,malteselove67,Compiled claims from @malteselove67 — amplification of the Israeli and Washington-DC IP search-pattern claims targeting Timpanogos medical staff.,none,,,,none,no,CK_AUTHOR_CREDIT,
/Influencers/x/mamacrazee,site/docs/Influencers/x/mamacrazee.mdx,mdx,4,Influencers,Influencers,no,MamaCrazee — X Posts,MamaCrazee,"Compiled claims from @MamaCrazee — the Robinson-as-patsy framing, circumstantial-evidence argument, and the .30-06 wound-severity claim.",none,,,,none,no,CK_AUTHOR_CREDIT,
/Influencers/x/marionawfal,site/docs/Influencers/x/marionawfal.mdx,mdx,4,Influencers,Influencers,no,Mario Nawfal — X Posts,Mario Nawfal,"Compiled claims from @MarioNawfal — mainstream-explainer pushback on no-exit-wound theories, ME backlog context, and the Erika Kirk vest report.",image,/img/evidence/e6d7c0f6a9738b0fcf8dd8a8514c59edd20aa3f9ad396e9396410f9f4ddf45a0.jpg,QmTi3tr2RsPAK1hXMjpAvW1Lo2cDW6xaxB6xriKP19WNPe,Evidence image,ck-4sq-side,no,CK_AUTHOR_CREDIT,
/Influencers/x/matt82704417,site/docs/Influencers/x/matt82704417.mdx,mdx,4,Influencers,Influencers,no,Matthew St Baker — X Posts,matt82704417,"Compiled claims from @matt82704417 (Matthew St Baker) — the June 2026 4K shirt-tracking amplification, the shaped-charge pendant reshare, and USB-logo shard claims.",image,/img/evidence/e96068af8f3f34e53d0ccc51088c065146a7d4a105b18637736c6da3e777a74b.jpg,QmYoK74n983it4fxuE1GxXrvTLxhmKyMp3SqJqZXT7zagp,This is a vertical screenshot of a mobile web browser displaying a search results page on familytreenow.com.,ck-4sq-side,no,CK_AUTHOR_CREDIT,
/Influencers/x/maxblumenthal,site/docs/Influencers/x/maxblumenthal.mdx,mdx,4,Influencers,Influencers,no,Max Blumenthal — X Posts,Max Blumenthal,Compiled claims from @MaxBlumenthal (Grayzone editor) — the foreign-agent distribution-control allegation and the Netanyahu funding-rejection framing.,image,/img/evidence/4b35c8a6cab83e26b4eaeb58a6c38d8854fb4686d4f9f2b78c0635834c886684.jpg,QmTaThzxsWXV1GH81TADW9oRc4hXPEcnqhLPv4q1g3hCRo,This is a digital screenshot of an online news article header from the website &quot;The Grayzone&quot;.,ck-4sq-stack,no,CK_AUTHOR_CREDIT,
/Influencers/x/maxnordau,site/docs/Influencers/x/maxnordau.mdx,mdx,4,Influencers,Influencers,no,MaxNordau — X Posts,MaxNordau,Compiled claims from @MaxNordau — the leading skeptic voice on Google Trends methodology and critic of the French Foreign Legion narrative.,none,,,,none,no,CK_AUTHOR_CREDIT,
/Influencers/x/maxthecrowhouse,site/docs/Influencers/x/maxthecrowhouse.mdx,mdx,4,Influencers,Influencers,no,MaxtheCrowhouse — X Posts,MaxtheCrowhouse,Compiled claims from @MaxtheCrowhouse — circulation of the 'stop supporting Israel' quotes attributed to Charlie Kirk's final days.,none,,,,none,no,CK_AUTHOR_CREDIT,
/Influencers/x/maxwell1995vjjo,site/docs/Influencers/x/maxwell1995vjjo.mdx,mdx,4,Influencers,Influencers,no,Maxwell1995Vjjo — X Posts,Maxwell1995Vjjo,"Compiled claims from @Maxwell1995Vjjo on the 'shot in the heart' eyewitness cluster — the Sep 11, 2025 TV witness clip and the George Zinn 'wrong guy' statement.",none,,,,none,no,CK_AUTHOR_CREDIT,
/Influencers/x/michael-vina27,site/docs/Influencers/x/michael-vina27.mdx,mdx,4,Influencers,Influencers,no,michael_vina27 — X Posts,michael_vina27,Source of the auto-auction photograph of the burnt object in Charlie Kirk's transport SUV — the image @ProjectConstitu's RØDE transmitter analysis relies on. Attributed claims from @michael_vina27.,image,/img/evidence/f3de6263f6829fdf2d4a97f165bb9b33714ebbc2cea5a518471b1c97c6a7cee2.jpg,QmPsLJjRTB8MmrcNtJvFZGxkiGnwKSqUuDwboiGsrk68eE,This image is a digital screenshot of a Google Trends interface showing search interest data.,ck-4sq-stack,no,CK_AUTHOR_CREDIT,
/Influencers/x/mini-111111,site/docs/Influencers/x/mini-111111.mdx,mdx,4,Influencers,Influencers,no,Mini_111111 — X Posts,Mini_111111,"Compiled claims from @Mini_111111 — the N59906 surveillance-plane ownership thread, selective-clip footage custody claims, and Discord faked-confession arguments.",none,,,,none,no,CK_AUTHOR_CREDIT,
/Influencers/x/misfitpatriot,site/docs/Influencers/x/misfitpatriot.mdx,mdx,4,Influencers,Influencers,no,misfitpatriot_ — X Posts,misfitpatriot_,Compiled claims from @misfitpatriot_ — a ballistics counter-voice arguing soft-point .30-06 rounds should fragment and that pant-leg rifle carry was feasible.,none,,,,none,no,CK_AUTHOR_CREDIT,
/Influencers/x/mistressdivy,site/docs/Influencers/x/mistressdivy.mdx,mdx,4,Influencers,Influencers,no,mistressdivy — X Posts,mistressdivy,Compiled claims from @mistressdivy on the Accurate Energetic Systems DoD XS demolition contract and exploding-mic procurement theory.,none,,,,none,no,CK_AUTHOR_CREDIT,
/Influencers/x/mjtruthultra,site/docs/Influencers/x/mjtruthultra.mdx,mdx,4,Influencers,Influencers,no,MJTruthUltra — X Posts,MJTruthUltra,"Compiled claims from @MJTruthUltra — the Merrell paving interview, Valhalla/Goat Island thread, trauma-center bypass claim, N888KG flight analysis, and White House roundtable coverage.",image,/img/evidence/f56dcb6e9915eb4b7cfbf134060b6053f416567cc93a2131da1bb6c9d9517b39.jpg,QmV5GRyMXQ61S2TrXkfsK71KGMtnCGvgF5jgLX6usYgmiC,This is a digital screenshot of a social media post on X (formerly Twitter) by the user &quot;@MJTruthUltra.&quot; The post presents a fabricated claim about political commentator Charlie…,ck-4sq-side,no,CK_AUTHOR_CREDIT,
/Influencers/x/mmpadellan,site/docs/Influencers/x/mmpadellan.mdx,mdx,4,Influencers,Influencers,no,mmpadellan — X Posts,mmpadellan,"Compiled references to @mmpadellan — viral mockery of the Valhalla/Goat Island theory stack, preserved as the critic side of the conversation.",none,,,,none,no,CK_AUTHOR_CREDIT,
/Influencers/x/mrdiscordeous,site/docs/Influencers/x/mrdiscordeous.mdx,mdx,4,Influencers,Influencers,no,MrDiscordeous (Justin Ruh) — X Posts,MrDiscordeous,Compiled analysis from @MrDiscordeous (Justin Ruh) — impact-location reconstruction graphics placing the wound bearing at 120–157 degrees and ranking candidate firing positions.,image,/img/evidence/1fe5c08a9827e8c231593dd828ed1c6fc4e6e595fdd1d234fb5343fc3b6ae0e6.jpg,QmXjVvCiReVzmPTXdZz5sUf7NGfntc5Yk1q9zqHUYPxWUG,This image is a forensic-style technical diagram and infographic analyzing a trajectory angle labeled &quot;-157&quot; degrees relative to a building plaza.,ck-4sq-stack,no,CK_AUTHOR_CREDIT,
/Influencers/x/msjanedoeuknow,site/docs/Influencers/x/msjanedoeuknow.mdx,mdx,4,Influencers,Influencers,no,MsJaneDoeUKnow — X Posts,MsJaneDoeUKnow,"Compiled claims from @MsJaneDoeUKnow — warrant and dashcam timeline compilations, the Challenger departure window, waistband-bulge frame claims, and July 2026 hearing notes.",none,,,,none,no,CK_AUTHOR_CREDIT,
/Influencers/x/mzakkiel,site/docs/Influencers/x/mzakkiel.mdx,mdx,4,Influencers,Influencers,no,MZakkiel — X Posts,MZakkiel,Compiled claims amplified by @MZakkiel — the Israeli and Washington DC IP Google-search analysis of Utah medical personnel before the shooting.,none,,,,none,no,CK_AUTHOR_CREDIT,
/Influencers/x/natenewsnow,site/docs/Influencers/x/natenewsnow.mdx,mdx,4,Influencers,Influencers,no,NateNewsNow — X Posts,NateNewsNow,Compiled claims from @NateNewsNow — July 2026 preliminary-hearing notes on the 'hasty transport' to Timpanogos Hospital and Agent Hull's testimony.,none,,,,none,no,CK_AUTHOR_CREDIT,
/Influencers/x/nihilox,site/docs/Influencers/x/nihilox.mdx,mdx,4,Influencers,Influencers,no,NihiloX — X Posts,NihiloX,"Compiled claims from @NihiloX — the SU-BTT/SU-BTU/SU-BTV Israel flight-date compilations, the Dugway launch theory, donor-withdrawal videos, and Fort Huachuca threads.",none,,,,none,no,CK_AUTHOR_CREDIT,
/Influencers/x/ninoboxer,site/docs/Influencers/x/ninoboxer.mdx,mdx,4,Influencers,Influencers,no,ninoboxer — X Posts,ninoboxer,Compiled claims from @ninoboxer — the account that amplified witness Ryne Simmons's report that the FBI instructed him to delete his 4K/60fps footage of the shooting.,none,,,,none,no,CK_AUTHOR_CREDIT,
/Influencers/x/nurse4mercy,site/docs/Influencers/x/nurse4mercy.mdx,mdx,4,Influencers,Influencers,no,nurse4mercy — X Posts,nurse4mercy,Reference entry for @nurse4mercy — an account listed in the investigation file among the citizen-researcher circle following the Charlie Kirk case.,none,,,,none,no,CK_AUTHOR_CREDIT,
/Influencers/x/ofvoice35353,site/docs/Influencers/x/ofvoice35353.mdx,mdx,4,Influencers,Influencers,no,OfVoice35353 — X Posts,OfVoice35353,Compiled claims from @OfVoice35353 — hearing-testimony citations that the recovered bullet fragments measure ~.286–.301 inches and fit the .30-caliber family.,none,,,,none,no,CK_AUTHOR_CREDIT,
/Influencers/x/outnumberedfnc,site/docs/Influencers/x/outnumberedfnc.mdx,mdx,4,Influencers,Influencers,no,OutnumberedFNC — X Posts,OutnumberedFNC,Compiled references to @OutnumberedFNC — Fox News 'Outnumbered' posts amplifying Judge Graf's public-access rulings and the release of redacted closed-door transcripts.,none,,,,none,no,CK_AUTHOR_CREDIT,
/Influencers/x/owenbenjamin,site/docs/Influencers/x/owenbenjamin.mdx,mdx,4,Influencers,Influencers,no,Owen Benjamin — X Posts,OwenBenjamin,Compiled claims from comedian @OwenBenjamin — lab-report commentary on casing comparisons and the sarcastic 'clearer than Bigfoot film' critique of UVU surveillance quality.,none,,,,none,no,CK_AUTHOR_CREDIT,
/Influencers/x/paramounttactcl-2,site/docs/Influencers/x/paramounttactcl-2.mdx,mdx,4,Influencers,Influencers,no,Paramount Tactcl (2) — X Posts,Paramount Tactcl (2),"Compiled factual claims and theories from @paramounttactcl X posts about the Charlie Kirk assassination investigation, with source links.",image,/img/evidence/e3534fc38a07f0dc6d9a981eb2e82101a0c9ab6698576226bee76e4c0d7c5935.jpg,QmcGB872csxuwUSNUWNKnoFtbJyqkKrpDpFHPZg23NKqir,This is a digital screenshot of a post on social media platform X (formerly Twitter) by the user &quot;Paramount Tactical - Gary Melton&quot;.,ck-4sq-side,no,CK_AUTHOR_CREDIT,
/Influencers/x/partisangirl,site/docs/Influencers/x/partisangirl.mdx,mdx,4,Influencers,Influencers,no,Partisangirl (Maram Susli) — X Posts,Partisangirl,"Compiled claims from @Partisangirl (Dr. Maram Susli) — the Tucker Carlson 'views on Israel were changing' clip, the Sept 9 warning texts, and arrest-record discrepancies.",none,,,,none,no,CK_AUTHOR_CREDIT,
/Influencers/x/patriotpaul82,site/docs/Influencers/x/patriotpaul82.mdx,mdx,4,Influencers,Influencers,no,PatriotPaul82 — X Posts,PatriotPaul82,Compiled claims from @PatriotPaul82 — 'magic rifle / magic scope' pattern language and the cover-up 'stack' framing of the post-shooting evidence record.,none,,,,none,no,CK_AUTHOR_CREDIT,
/Influencers/x/patriotverity,site/docs/Influencers/x/patriotverity.mdx,mdx,4,Influencers,Influencers,no,PatriotVerity — X Posts,PatriotVerity,Compiled claims from @PatriotVerity — reposts of the September 10 assassination-target-list warning claims involving Candace Owens and Tucker Carlson.,none,,,,none,no,CK_AUTHOR_CREDIT,
/Influencers/x/paulyrubino,site/docs/Influencers/x/paulyrubino.mdx,mdx,4,Influencers,Influencers,no,PaulyRubino — X Posts,PaulyRubino,"Compiled claims from @PaulyRubino — SUV transport anomaly claims ('36 feet of gauze', glass fragments), white-SUV parking-lot summaries, and self-reported shadow-banning.",none,,,,none,no,CK_AUTHOR_CREDIT,
/Influencers/x/peakprosperity,site/docs/Influencers/x/peakprosperity.mdx,mdx,4,Influencers,Influencers,no,Chris Martenson (Peak Prosperity) — X Posts,peakprosperity,"Compiled claims from @peakprosperity (Dr. Chris Martenson) on wound ballistics — cavitation, the necklace snap, and the .30-06 energy mismatch.",image,/img/evidence/c7572a020f83bb05e18554a1460aea3f6f87d990ca6f38870af8b9c037575897.jpg,QmTZUyM8mpNbzQ3rYk9cVbwjaJTnnW166rKDpaXerJ7Us6,This is a digital screenshot of a Google Trends analytics page displaying web search interest data for the search term &quot;Sarah Kline&quot; in Israel over a 12-month period.,ck-4sq-stack,no,CK_AUTHOR_CREDIT,
/Influencers/x/petehegseth,site/docs/Influencers/x/petehegseth.mdx,mdx,4,Influencers,Influencers,no,Pete Hegseth — X Posts,PeteHegseth,"How @PeteHegseth posts appear in citizen threads about jet 99-0404, Fort Huachuca, and the AES factory explosion.",none,,,,none,no,CK_AUTHOR_CREDIT,
/Influencers/x/phantompain1984,site/docs/Influencers/x/phantompain1984.mdx,mdx,4,Influencers,Influencers,no,phantompain1984 — X Posts,phantompain1984,"Compiled claims from @phantompain1984 on TPUSA's post-assassination direction, donor pressure allegations, and Twiggs hearing testimony.",none,,,,none,no,CK_AUTHOR_CREDIT,
/Influencers/x/phil-lyman,site/docs/Influencers/x/phil-lyman.mdx,mdx,4,Influencers,Influencers,no,Phil Lyman — X Posts,PHIL_LYMAN,How @PHIL_LYMAN (Phil Lyman) contributed crowd photographs and early commentary cited across the investigation's photo and timeline pages.,image,/img/evidence/3a00c8b03118d04e90b18a347528235844347574a728bc57ed4fc47b6880fbc4.jpg,QmT1FdxwXN3Mm7DTewfYsfrBMLwv8kw42iE3yHxaZKcN1x,This image is a digital screenshot of an interactive web application designed as an &quot;Investigation Dossier&quot; or relationship-mapping tool.,ck-4sq-side,no,CK_AUTHOR_CREDIT,
/Influencers/x/pnutgalaree,site/docs/Influencers/x/pnutgalaree.mdx,mdx,4,Influencers,Influencers,no,EddieSpaghetti (PnutGalaree) — X Posts,PnutGalaree,"Compiled claims from @PnutGalaree (EddieSpaghetti) — the 'Mr. 1776' mic-placement post, scanner-audio analysis of Officer Bagley, and hospital footage claims.",image,/img/evidence/24288a6b715d056a498d228eb70f01c8496d7972d802b3e2e0b23b1d484b0e54.jpg,Qmeu931XrQUbPWoy851tuenx4gU2o2hjb7ivsNbNsqf2vs,This is a digital screenshot of a post on the social media platform X (formerly Twitter) by the user &quot;EddieSpaghetti&quot; (@PnutGalaree).,ck-4sq-stack,no,CK_AUTHOR_CREDIT,
/Influencers/x/politickleai,site/docs/Influencers/x/politickleai.mdx,mdx,4,Influencers,Influencers,no,PolitickleAi — X Posts,PolitickleAi,Work from @PolitickleAi cited on the site — a drone political cartoon and a drones/CIA/Israel slide video with an explicit no-assassination-claim disclaimer.,image,/img/evidence/54249ad4a875bb030cfef0c6878135e9f70106fb9f0c04007feaa3d1a68877f9.jpg,QmPHTNsKqdUckgutWWRmmcSyLKukMohNcjmupk59czGWDg,"This is a black-and-white, hand-drawn political cartoon illustrating a public gathering at a university campus.",ck-4sq-stack,no,CK_AUTHOR_CREDIT,
/Influencers/x/project-constitution,site/docs/Influencers/x/project-constitution.mdx,mdx,4,Influencers,Influencers,no,Project Constitution — X Posts,Project Constitution,"Compiled factual claims and theories from @ProjectConstitu X posts about the Charlie Kirk assassination investigation, with source links.",image,/img/evidence/fa440d2fc35758f6bfb387e899f41d23d413f5718312bd1aa6abf7c2ec5b5757.jpg,QmUicUmmdbpaZK3u8HUz425pbv9YZB7CLa6XujJ5kpbMJg,This image is a screenshot of a social media post on X (formerly Twitter) by the user &quot;Project Constitution&quot; (@ProjectConstitu).,ck-4sq-stack,no,CK_AUTHOR_CREDIT,
/Influencers/x/rahul-eiwf,site/docs/Influencers/x/rahul-eiwf.mdx,mdx,4,Influencers,Influencers,no,Rahul_EIWF — X Posts,Rahul_EIWF,Compiled claims from @Rahul_EIWF on circulated screenshots of Charlie Kirk's alleged private messages about donors and the pro-Israel cause.,none,,,,none,no,CK_AUTHOR_CREDIT,
/Influencers/x/rapidresponse47,site/docs/Influencers/x/rapidresponse47.mdx,mdx,4,Influencers,Influencers,no,Rapid Response 47 — X Posts,RapidResponse47,Official White House clips from @RapidResponse47 cited for Trump and Vance statements after the Charlie Kirk assassination.,none,,,,none,no,CK_AUTHOR_CREDIT,
/Influencers/x/raumgeist,site/docs/Influencers/x/raumgeist.mdx,mdx,4,Influencers,Influencers,no,raumgeist — X Posts,raumgeist,Compiled claims from @raumgeist on N1098L — the 'Task Force Charlie' airborne command/relay theory and the trainer-configuration capability dispute.,none,,,,none,no,CK_AUTHOR_CREDIT,
/Influencers/x/realhonestash,site/docs/Influencers/x/realhonestash.mdx,mdx,4,Influencers,Influencers,no,Honest Ash (realhonestash) — X Posts,realhonestash,"Compiled claims amplified by @realhonestash (Honest Ash) — witness chest-wound clips, the all-black running man video, and Candace Owens mic-theory segments.",none,,,,none,no,CK_AUTHOR_CREDIT,
/Influencers/x/realk12lioness,site/docs/Influencers/x/realk12lioness.mdx,mdx,4,Influencers,Influencers,no,RealK12Lioness — X Posts,RealK12Lioness,The annotated escort screenshot from @RealK12Lioness — circles marking a plaid-shirted man's torso and rear pocket in the Brown Shirt Puller photo cluster.,image,/img/evidence/f569fe4f0d1c139f185f3e851cca2a9f93060de2d8b5696835a9d1da8bfadf34.jpg,QmUWRJxNFQYi7axbEdmKrQf5NyGLkwnP429rv9xwR5MovA,This is a cropped mobile screenshot of a social media post displaying a photograph taken from behind two men walking outdoors on a paved surface.,ck-4sq-side,no,CK_AUTHOR_CREDIT,
/Influencers/x/realtheforce,site/docs/Influencers/x/realtheforce.mdx,mdx,4,Influencers,Influencers,no,RealTheForce — X Posts,RealTheForce,Compiled claims from @RealTheForce on rigged-mic language and the expanded claim that both Gabbard and Kent were blocked from foreign-nexus inquiry.,none,,,,none,no,CK_AUTHOR_CREDIT,
/Influencers/x/realtoriabrooke,site/docs/Influencers/x/realtoriabrooke.mdx,mdx,4,Influencers,Influencers,no,realtoriabrooke — X Posts,realtoriabrooke,"Preliminary-hearing coverage from @realtoriabrooke — Officer Bagley's body-cam gap, the rooftop screwdriver testimony, and July 2026 witness summaries.",none,,,,none,no,CK_AUTHOR_CREDIT,
/Influencers/x/realtruthjustic,site/docs/Influencers/x/realtruthjustic.mdx,mdx,4,Influencers,Influencers,no,Real Truth Real Justice (RealTruthJustic) — X Posts,RealTruthJustic,"Compiled claims from @RealTruthJustic (LindsMac) — the annotated SUV interior repost, the Pero gesture-device speculation, and Rick Cutler questions.",image,/img/evidence/c51ef651e0e2fd9187ac8fa0b5d25908baba279b0c03f1ea93f6522fa3cedbb4.jpg,QmSmChQuZCJ5h3PSeZuZDQRFptgYRDFzS3H33yY3VnZjTM,"This image shows a wide-angle, daytime view of a crowded outdoor courtyard on a university campus, featuring tiered grassy lawns and modern multi-story buildings.",ck-4sq-stack,no,CK_AUTHOR_CREDIT,
/Influencers/x/recklesstruth00,site/docs/Influencers/x/recklesstruth00.mdx,mdx,4,Influencers,Influencers,no,Recklesstruth00 — X Posts,Recklesstruth00,Compiled claims from @Recklesstruth00 — preliminary-hearing re-tellings of the Losee roof timeline and the alleged-informant roommate claim.,none,,,,none,no,CK_AUTHOR_CREDIT,
/Influencers/x/redactednews,site/docs/Influencers/x/redactednews.mdx,mdx,4,Influencers,Influencers,no,Redacted News — X Posts,RedactedNews,Claims from @RedactedNews (Clayton and Natali Morris) — the 'knew beforehand' broadcast promo and V2K/LRAD coverage cited on the site.,image,/img/evidence/a75a763de8f1c884c8a7cf6b3b39c1ac3ca1a8dde3c8129d354d2f828d077337.jpg,QmWCrW4MzdJ7qztMESbSqasRFH6NG4VhBZaCPpuJDdhFbD,"This image is a flat, scanned document containing a typed statement or testimony in English.",ck-4sq-side,no,CK_AUTHOR_CREDIT,
/Influencers/x/redpillb0t,site/docs/Influencers/x/redpillb0t.mdx,mdx,4,Influencers,Influencers,no,redpillb0t — X Posts,redpillb0t,Clips shared by @redpillb0t cited on the site's MK-Ultra pages — the Tucker Carlson and Mike Cernovich interview and John Kiriakou material.,none,,,,none,no,CK_AUTHOR_CREDIT,
/Influencers/x/redpillmediax,site/docs/Influencers/x/redpillmediax.mdx,mdx,4,Influencers,Influencers,no,RedPillMediaX — X Posts,RedPillMediaX,"Claims from @RedPillMediaX — the assertion that the Jerusalem Post was first to confirm Charlie Kirk's death, cited on the site's timeline pages.",none,,,,none,no,CK_AUTHOR_CREDIT,
/Influencers/x/restrictd-truth,site/docs/Influencers/x/restrictd-truth.mdx,mdx,4,Influencers,Influencers,no,Restrictd_Truth — X Posts,Restrictd_Truth,"The theory from @Restrictd_Truth that George Zinn's 'shoot me' outburst was a shouted diversion, cited on the site's UVU and evidence-leads pages.",image,/img/evidence/c51ef651e0e2fd9187ac8fa0b5d25908baba279b0c03f1ea93f6522fa3cedbb4.jpg,QmSmChQuZCJ5h3PSeZuZDQRFptgYRDFzS3H33yY3VnZjTM,"This image shows a wide-angle, daytime view of a crowded outdoor courtyard on a university campus, featuring tiered grassy lawns and modern multi-story buildings.",ck-4sq-stack,no,CK_AUTHOR_CREDIT,
/Influencers/x/returnofkappy,site/docs/Influencers/x/returnofkappy.mdx,mdx,4,Influencers,Influencers,no,ReturnOfKappy — X Posts,ReturnOfKappy,Compiled claims from @ReturnOfKappy on the rapid dirt removal and hardscaping of the UVU scene and press-conference discrepancy clips.,none,,,,none,no,CK_AUTHOR_CREDIT,
/Influencers/x/revwutruth,site/docs/Influencers/x/revwutruth.mdx,mdx,4,Influencers,Influencers,no,REVWUTRUTH — X Posts,REVWUTRUTH,Compiled claims from @REVWUTRUTH — multi-image posts presenting texts framed as Tyler Robinson's confession messages to Lance Twiggs.,none,,,,none,no,CK_AUTHOR_CREDIT,
/Influencers/x/richtidwell,site/docs/Influencers/x/richtidwell.mdx,mdx,4,Influencers,Influencers,no,richtidwell — X Posts,richtidwell,"Compiled claims from @richtidwell on the exploding-mic theory — the AES manufacturer chain, the ~$425k DoD procurement, and the October 2025 Tennessee plant explosion.",none,,,,none,no,CK_AUTHOR_CREDIT,
/Influencers/x/rickytheguido,site/docs/Influencers/x/rickytheguido.mdx,mdx,4,Influencers,Influencers,no,RickyTheGuido — X Posts,RickyTheGuido,Compiled claims from @RickyTheGuido framing Tyler Robinson and George Zinn as alleged patsies in the Charlie Kirk assassination.,none,,,,none,no,CK_AUTHOR_CREDIT,
/Influencers/x/robertcalliste1,site/docs/Influencers/x/robertcalliste1.mdx,mdx,4,Influencers,Influencers,no,robertcalliste1 — X Posts,robertcalliste1,Compiled claims from @robertcalliste1 circulating Valhalla VFT autopsy-trajectory material said to undercut the rooftop-to-neck shot attributed to Tyler Robinson.,none,,,,none,no,CK_AUTHOR_CREDIT,
/Influencers/x/rt-com,site/docs/Influencers/x/rt-com.mdx,mdx,4,Influencers,Influencers,no,RT (@RT_com) — X Posts,RT_com,"How @RT_com, the Russian state media outlet, circulated Charlie Kirk's Israel-critical clips and covered the Candace Owens 'Bride of Charlie' backlash.",image,/img/evidence/9422ca73716c4d7e0db5bbe3c944dcd7636cfaa9b1076c1956ea758a8435101e.jpg,QmRBQEWaP9u4kWSDC3WiK34LrHRxhb6bZ3eNGAKVRrnRio,This is a side-by-side comparative split-screen image analyzing a physical change made to a promotional pop-up tent used at outdoor events.,ck-4sq-stack,no,CK_AUTHOR_CREDIT,
/Influencers/x/rtothepowerofx,site/docs/Influencers/x/rtothepowerofx.mdx,mdx,4,Influencers,Influencers,no,RtothepowerofX — X Posts,RtothepowerofX,"The @RtothepowerofX account ('David') — cited in UVU crowd-footage discussion, linked by anonymous researchers to the curly-haired 'USA-chant' man, and the source of a first-person statement denying wrongdoing. He says he did not cheer.",image,/img/evidence/27768a00328909d9973fb6cee867c535f65236e59b0e17288c05f3016f202805.jpg,Qmc14YdMGuXPWDm8waVSbqzYUEgmWBEoEYQBFpm2syMgdq,This image is a vertical screenshot of a mobile device displaying a post on the social media platform X (formerly Twitter).,ck-4sq-side,no,CK_AUTHOR_CREDIT,
/Influencers/x/rustyrockets,site/docs/Influencers/x/rustyrockets.mdx,mdx,4,Influencers,Influencers,no,Russell Brand — X Posts,Russell Brand,"Compiled claims from @rustyrockets (Russell Brand), centered on his May 2026 allegation that cabinet-meeting sources said officials shut down the foreign-involvement inquiry days after Charlie Kirk's death.",image,/img/evidence/36e37f93add7d1cb88eaba0e6f9c8c5f566806b11c96f1497b371aef3bf7ef3b.jpg,QmSFAnEb5aytPjjBNoZv7zQnaZupeiy8VniAKA9pnrR6xv,"This is a low-resolution digital composite image consisting of three distinct vertical panels, each displaying cropped security or surveillance footage of the same young male…",ck-4sq-stack,no,CK_AUTHOR_CREDIT,
/Influencers/x/ryan-matta,site/docs/Influencers/x/ryan-matta.mdx,mdx,4,Influencers,Influencers,no,Ryan Matta Media — X Posts,Ryan Matta Media,"Compiled factual claims and theories from @RyanMattaMedia X posts about the Charlie Kirk assassination investigation, with source links.",none,,,,none,no,CK_AUTHOR_CREDIT,
/Influencers/x/samparkersenate,site/docs/Influencers/x/samparkersenate.mdx,mdx,4,Influencers,Influencers,no,SamParkerSenate — X Posts,SamParkerSenate,"The @SamParkerSenate handle — Sam Parker's watermark account on the Google Trends evidence graphics covering the Utah autopsy law, the Fourth District judge vacancy, and the Skyler Baird searches.",image,/img/evidence/db4f1ad885954cade25ff7cb333f7c274e97f431b40d9e505367eaf05a4b0b78.jpg,QmPWuPnKzX8yk76iyhsADoMHUC4AgeqQ81e75gJc2dkCr4,"This is a digital screenshot showing a comparative Google Trends search interface, displayed within a bright blue border.",ck-4sq-side,no,CK_AUTHOR_CREDIT,
/Influencers/x/sarahiscensored,site/docs/Influencers/x/sarahiscensored.mdx,mdx,4,Influencers,Influencers,no,SarahisCensored — X Posts,SarahisCensored,"Compiled claims from @SarahisCensored's July 2026 hearing coverage — rooftop video shown to the Kirk family but not broadcast, and Judge Graf's playback limits.",none,,,,none,no,CK_AUTHOR_CREDIT,
/Influencers/x/seanmccarthycom,site/docs/Influencers/x/seanmccarthycom.mdx,mdx,4,Influencers,Influencers,no,SeanMcCarthyCom — X Posts,SeanMcCarthyCom,Compiled claims from @SeanMcCarthyCom — the September 2025 four-actor 'distraction' roster and commentary on the Salt Lake FBI leadership change.,none,,,,none,no,CK_AUTHOR_CREDIT,
/Influencers/x/seeracists,site/docs/Influencers/x/seeracists.mdx,mdx,4,Influencers,Influencers,no,SeeRacists — X Posts,SeeRacists,"Compiled claims from @SeeRacists — the early viral September 12, 2025 posts broadcasting the father-assisted surrender of Tyler Robinson.",none,,,,none,no,CK_AUTHOR_CREDIT,
/Influencers/x/selinaannexx,site/docs/Influencers/x/selinaannexx.mdx,mdx,4,Influencers,Influencers,no,SelinaAnneXX — X Posts,SelinaAnneXX,Compiled claims from @SelinaAnneXX — the July 2026 tent-platform water-bottles composite and June 2026 frame-by-frame dossiers on Rick Cutler.,none,,,,none,no,CK_AUTHOR_CREDIT,
/Influencers/x/shadowofezra,site/docs/Influencers/x/shadowofezra.mdx,mdx,4,Influencers,Influencers,no,Shadow of Ezra — X Posts,Shadow of Ezra,"Compiled claims from @ShadowofEzra X posts — Dan Merrell paver interview, UVU crime-scene paving, and Ben Shapiro/Candace clips.",image,/img/evidence/9137fe2cf49ce84dac4c540a13c2c4c5f792c31ef831cbe52be3cd5a20daba75.jpg,QmaVBnQaVbhTcf3AaTezUBUTYX7uNNwQjxB3Fv2Vj3sG1t,"This image captures a chaotic outdoor public scene where a crowd of people in the foreground are cowering, ducking, or lying on the ground in distress.",ck-4sq-side,no,CK_AUTHOR_CREDIT,
/Influencers/x/shaffergroup,site/docs/Influencers/x/shaffergroup.mdx,mdx,4,Influencers,Influencers,no,Shaffer Security Group (@ShafferGroup) — X Posts,ShafferGroup,The @ShafferGroup account's since-deleted September 2025 posts denying SSG was in Utah on 9/10 and naming Rockhouse Integrity Group as TPUSA's contracted security firm.,image,/img/evidence/5b59f1c031e5e8b0799c93644a519035fe89fc3c8662991723e8b34c8122792f.jpg,QmTZWiwy6k5R9es683rFqYHo8Hm4Y2tbeyUeASCMZ1xB5a,"This low-resolution digital image shows a group of people standing on a balcony or behind a railing of a modern building, viewed from a distance.",ck-4sq-side,no,CK_AUTHOR_CREDIT,
/Influencers/x/shekandapeoples,site/docs/Influencers/x/shekandapeoples.mdx,mdx,4,Influencers,Influencers,no,ShekandaPeoples — X Posts,ShekandaPeoples,"Compiled claims from @ShekandaPeoples explaining the ATF 'inconclusive' ballistics result — jacket suitable, lead unsuitable, insufficient individual characteristics.",none,,,,none,no,CK_AUTHOR_CREDIT,
/Influencers/x/sina1maga,site/docs/Influencers/x/sina1maga.mdx,mdx,4,Influencers,Influencers,no,Sina1MAGA — X Posts,Sina1MAGA,Compiled claims from @Sina1MAGA on the April 2026 discovery stall — FBI/ATF allegedly withholding DNA chain-of-custody records in the Tyler Robinson case.,none,,,,none,no,CK_AUTHOR_CREDIT,
/Influencers/x/sj27426,site/docs/Influencers/x/sj27426.mdx,mdx,4,Influencers,Influencers,no,sj27426 — X Posts,sj27426,Compiled claims from @sj27426 on the SD card reportedly removed from the camera behind Charlie Kirk's head within minutes of the shooting.,none,,,,none,no,CK_AUTHOR_CREDIT,
/Influencers/x/sonnydayzzzz,site/docs/Influencers/x/sonnydayzzzz.mdx,mdx,4,Influencers,Influencers,no,sonnydayzzzz — X Posts,sonnydayzzzz,Compiled claims from @sonnydayzzzz framing George Zinn's false confession as a planned distraction in the Charlie Kirk assassination.,none,,,,none,no,CK_AUTHOR_CREDIT,
/Influencers/x/spencerhakimian,site/docs/Influencers/x/spencerhakimian.mdx,mdx,4,Influencers,Influencers,no,SpencerHakimian — X Posts,SpencerHakimian,How @SpencerHakimian's viral posts misread the Dairy Queen still as 17 minutes after the shot — a case study in how public clocks mutate in the Charlie Kirk timeline.,none,,,,none,no,CK_AUTHOR_CREDIT,
/Influencers/x/starforcehh,site/docs/Influencers/x/starforcehh.mdx,mdx,4,Influencers,Influencers,no,STARFORCEHH — X Posts,STARFORCEHH,Compiled claims from @STARFORCEHH ('Freemason') arguing the reported C2 neck entry is geometrically impossible from the Losee Center roof.,image,/img/evidence/23d6628bce9170c3389949d1f5386a23c4ae7ed32beeb3e5df2b68f04ee96015.jpg,QmbKwhY2yb6ZqLaY7mTGvCapbBsUWPTgwNdMRb6DEcqj4q,This image is a composite digital screenshot of a social media thread on X (formerly Twitter) discussing a shooting incident involving an individual named &quot;Charlie.&quot; The left side…,ck-4sq-stack,no,CK_AUTHOR_CREDIT,
/Influencers/x/stellarman22,site/docs/Influencers/x/stellarman22.mdx,mdx,4,Influencers,Influencers,no,Stellar Man — X Posts,Stellar Man,Compiled claims from @stellarman22 (Stellar Man) on N888KG — the private jet that left Provo an hour after the shooting and dropped off ADS-B tracking.,image,/img/evidence/ac541a0cf156bc7defc2cdb9db59903d53e9bd448a8e74749ff0d1ee8c1b5d97.jpg,QmcvNCZ5Ae6esFvftRiSsMDeEAJMbisghoUs7hNYzucx59,"This composite image shows two scenes of a man being detained by plainclothes officers or security personnel, alongside a small inset portrait of the same man (uncertain).",ck-4sq-stack,no,CK_AUTHOR_CREDIT,
/Influencers/x/stevecameronpr1,site/docs/Influencers/x/stevecameronpr1.mdx,mdx,4,Influencers,Influencers,no,Steve Cameron — X Posts,Steve Cameron,Compiled claims from @SteveCameronPr1 (Steve Cameron) on the Tyler Robinson custody timeline — the 6:25 PM Miranda vs 7:57 PM Discord confession gap and the withheld surrender video.,image,/img/evidence/91cb345e37cc02aeb57d86ba051b0b25bbb869575bb758a398baf273341571c3.jpg,QmPwCnxu3Z3RzhZJQsPwLmBfkKQjeAfeXX2PNLLEhVsJDC,"This image is a digital screenshot of a video-on-demand webpage on the PBS (Public Broadcasting Service) website, displaying a media player interface.",ck-4sq-stack,no,CK_AUTHOR_CREDIT,
/Influencers/x/stevendenoon,site/docs/Influencers/x/stevendenoon.mdx,mdx,4,Influencers,Influencers,no,Steven DeNoon — X Posts,Steven DeNoon,"Compiled claims from @stevendenoon (Steven DeNoon) — infrared-laser, casing, CornerShot, and grey-van close-range shooter theories about the UVU shooting.",none,,,,none,no,CK_AUTHOR_CREDIT,
/Influencers/x/stewpetersnet,site/docs/Influencers/x/stewpetersnet.mdx,mdx,4,Influencers,Influencers,no,Stew Peters Network — X Posts,StewPetersNet,Compiled claims from @StewPetersNet on Fort Huachuca geo-image-search chronologies and pre-event search patterns in the Charlie Kirk assassination coverage.,image,/img/evidence/7a07c9a99a470b551e34dbdf324e8cf5b7f92ea6aef7a4f045c2ba42f903710a.jpg,QmcgwYJUsetTyPxY3nmAF2CaPeKEJSAzfmA6PGoZEUF376,This is a medium close-up portrait of a young male U.S.,ck-4sq-side,no,CK_AUTHOR_CREDIT,
/Influencers/x/stratagemmer,site/docs/Influencers/x/stratagemmer.mdx,mdx,4,Influencers,Influencers,no,stratagemmer — X Posts,stratagemmer,"Compiled court-watch claims from @stratagemmer on the July 2026 preliminary hearing — autopsy testimony, the sealed ME report, and chain-of-custody disputes.",none,,,,none,no,CK_AUTHOR_CREDIT,
/Influencers/x/sunny61120,site/docs/Influencers/x/sunny61120.mdx,mdx,4,Influencers,Influencers,no,Sunny61120 — X Posts,Sunny61120,Compiled claims from @Sunny61120 on UVU surveillance footage — the alleged camera-label flip between stairwell frames and garage-footage disputes.,none,,,,none,no,CK_AUTHOR_CREDIT,
/Influencers/x/swordtruth,site/docs/Influencers/x/swordtruth.mdx,mdx,4,Influencers,Influencers,no,SwordTruth — X Posts,SwordTruth,"Compiled claims from @SwordTruth on Operation Grim Beeper, Mossad capability arguments, PETN, and TPUSA organizational disputes in the Charlie Kirk coverage.",none,,,,none,no,CK_AUTHOR_CREDIT,
/Influencers/x/tallyhallalbum,site/docs/Influencers/x/tallyhallalbum.mdx,mdx,4,Influencers,Influencers,no,TallyHallAlbum — X Posts,TallyHallAlbum,"Documentation of @TallyHallAlbum, a since-removed X account whose September 3, 2025 post about Charlie Kirk being shot on September 10 circulated widely after the assassination.",image,/img/evidence/42c839712609fde1a04ef45e103e1e738a9e7ed84d99f2d9102fc3ab618ac41f.jpg,Qmc9o4nkrBezXJSbZEKcmBygKRxqWsXd6Ji1vrcFcPyAZt,This is a composite digital screenshot collage containing several images from the social media platform X (formerly Twitter).,ck-4sq-side,no,CK_AUTHOR_CREDIT,
/Influencers/x/theckfiles,site/docs/Influencers/x/theckfiles.mdx,mdx,4,Influencers,Influencers,no,TheCKFiles — X Posts,TheCKFiles,"Compiled claims from @TheCKFiles on George Zinn as a distraction figure, the timing of his charges, and skepticism of the Fort Huachuca lane.",none,,,,none,no,CK_AUTHOR_CREDIT,
/Influencers/x/theckfiles1,site/docs/Influencers/x/theckfiles1.mdx,mdx,4,Influencers,Influencers,no,TheCKFiles1 — X Posts,TheCKFiles1,"Compiled claims from @TheCKFiles1 on the manhunt clock reconstruction, FBI process critiques, drone-geometry notes, and the AES psyop counter-theory.",none,,,,none,no,CK_AUTHOR_CREDIT,
/Influencers/x/thedibsterx,site/docs/Influencers/x/thedibsterx.mdx,mdx,4,Influencers,Influencers,no,TheDibsterX — X Posts,TheDibsterX,Compiled claims from @TheDibsterX on the transport SUV's disposal — carpet removal and California car-lot claims — and the Robinson family's security situation.,none,,,,none,no,CK_AUTHOR_CREDIT,
/Influencers/x/thegrimrepairer,site/docs/Influencers/x/thegrimrepairer.mdx,mdx,4,Influencers,Influencers,no,thegrimrepairer — X Posts,thegrimrepairer,Compiled claims from @thegrimrepairer amplifying the Joe Kent foreign-involvement account and the named-donor motive discussion.,none,,,,none,no,CK_AUTHOR_CREDIT,
/Influencers/x/themarketswork,site/docs/Influencers/x/themarketswork.mdx,mdx,4,Influencers,Influencers,no,themarketswork — X Posts,themarketswork,"Compiled claims from @themarketswork sharing a USMC sniper analysis of shot trajectory, caliber, and exit-wound questions in the Charlie Kirk case.",none,,,,none,no,CK_AUTHOR_CREDIT,
/Influencers/x/theofficial1984,site/docs/Influencers/x/theofficial1984.mdx,mdx,4,Influencers,Influencers,no,1984 — X Posts,TheOfficial1984,"Compiled claims from @TheOfficial1984 (1984) on algorithmic content moderation — the Online Hate Index, labeling bias, and censorship of investigation content.",image,/img/evidence/56ab301bf4fec09db0122e224b6ef99f6a9ca4b05e27b219a86f42a41c0dbfb2.jpg,QmRp1vULJogxWTVY1UMokWT6ncG7j5BQmKbnGQCMw9qAm5,Here is a hyper-detailed factual description of the image.,ck-4sq-side,no,CK_AUTHOR_CREDIT,
/Influencers/x/thequartering,site/docs/Influencers/x/thequartering.mdx,mdx,4,Influencers,Influencers,no,TheQuartering — X Posts,TheQuartering,Compiled claims from @TheQuartering on the ATF's inconclusive ballistics — why 'unable to identify' the fragment to the Mauser is not the same as excluding it.,none,,,,none,no,CK_AUTHOR_CREDIT,
/Influencers/x/thrillarilla369,site/docs/Influencers/x/thrillarilla369.mdx,mdx,4,Influencers,Influencers,no,ThrillaRilla369 — X Posts,ThrillaRilla369,Compiled claims from @ThrillaRilla369 amplifying the March 2026 court-filing language that the bullet did not match the rifle linked to Tyler Robinson.,none,,,,none,no,CK_AUTHOR_CREDIT,
/Influencers/x/tjphager,site/docs/Influencers/x/tjphager.mdx,mdx,4,Influencers,Influencers,no,TJPHager — X Posts,TJPHager,"Compiled claims from @TJPHager, the leading skeptic on the N1098L drone-launch theory — arguing the HADES-linked jet was not configured to launch drones.",image,/img/evidence/8433722e66626d23ea4fc2d81f4f1c1d2307be7cbafa4cd737bb40932b1cc87f.jpg,QmYouR5SVFPFfiyjrjd7sEjJPN87riDRW2ynNreGyjwX8Q,This image is a digital screenshot of a post on X (formerly Twitter) by a user named Tommy (@tjphager).,ck-4sq-stack,no,CK_AUTHOR_CREDIT,
/Influencers/x/tnd,site/docs/Influencers/x/tnd.mdx,mdx,4,Influencers,Influencers,no,The National Desk — X Posts,TND,"Coverage from @TND (The National Desk) — the September 10, 2025 on-scene eyewitness clip describing a 'direct shot to the heart' in the wound-location debate.",image,/img/evidence/ab17a51b612ad418ef50919fd39954ddad8c5c2f39cc52b9cc8955589f26e9b7.jpg,QmcVceT1cTd6s1c9SEGoekDBMzZPPHBnwZ4KaVSg2cB3NG,"This eye-level, medium-wide indoor shot shows an overturned black metal-framed office chair lying on its side on a patterned carpet floor.",ck-4sq-stack,no,CK_AUTHOR_CREDIT,
/Influencers/x/tonyseruga,site/docs/Influencers/x/tonyseruga.mdx,mdx,4,Influencers,Influencers,no,Tony Seruga — X Posts,TonySeruga,"Compiled claims from @TonySeruga (Tony Seruga) — the 44 foreign phones at UVU, 16 Israeli devices, the Islamabad Serena trace, and NSA Bumblehive capability claims.",none,,,,none,no,CK_AUTHOR_CREDIT,
/Influencers/x/tpostmillennial,site/docs/Influencers/x/tpostmillennial.mdx,mdx,4,Influencers,Influencers,no,The Post Millennial — X Posts,TPostMillennial,"Hearing coverage from @TPostMillennial (The Post Millennial) — rooftop video playback limits, Bagley screwdriver testimony, and DNA-discovery disputes.",none,,,,none,no,CK_AUTHOR_CREDIT,
/Influencers/x/tpusa,site/docs/Influencers/x/tpusa.mdx,mdx,4,Influencers,Influencers,no,Turning Point USA (@TPUSA) — X Account,TPUSA,"How the official @TPUSA X account appears in the Charlie Kirk investigation coverage — as the tagged organization in citizen questions, bios, and disputed-messaging claims.",none,,,,none,no,CK_AUTHOR_CREDIT,
/Influencers/x/tpv-john,site/docs/Influencers/x/tpv-john.mdx,mdx,4,Influencers,Influencers,no,TPV_John — X Posts,TPV_John,Compiled claims from @TPV_John on the mic-fragment debris reading and the transport SUV carpet-removal allegation in the Charlie Kirk coverage.,none,,,,none,no,CK_AUTHOR_CREDIT,
/Influencers/x/triciathom40938,site/docs/Influencers/x/triciathom40938.mdx,mdx,4,Influencers,Influencers,no,TriciaThom40938 — X Posts,TriciaThom40938,"Compiled claims from @TriciaThom40938 comparing UVU security failures to the Butler, PA Trump assassination attempt.",none,,,,none,no,CK_AUTHOR_CREDIT,
/Influencers/x/triggersmarthq,site/docs/Influencers/x/triggersmarthq.mdx,mdx,4,Influencers,Influencers,no,TriggerSmart — X Posts,TriggerSmart,"Compiled claims from @triggersmarthq — July 2026 preliminary-hearing live notes: Officer Davis surrender chain, multi-agency roster, ballistics testimony, and Miranda-adjacent details.",none,,,,none,no,CK_AUTHOR_CREDIT,
/Influencers/x/troofevades,site/docs/Influencers/x/troofevades.mdx,mdx,4,Influencers,Influencers,no,troofevades — X Posts,troofevades,"Compiled claims from @troofevades — acoustic triangulation near Charlie Kirk, shaped-charge smoke skepticism, and N2100L flight commentary.",image,/img/evidence/9b2e11f9531c66fd9870799d06ab52962c0c5cb1527706868ced03b4a04eb583.jpg,QmR1Sek9H1Vm6ECGpWFRajEGcrFYsZ5gyUfgpPUkns3o9T,This is a digital screenshot of a post on the social media platform X (formerly Twitter) by the user &quot;Sword Truth&quot; (@SwordTruth).,ck-4sq-side,no,CK_AUTHOR_CREDIT,
/Influencers/x/tsorama,site/docs/Influencers/x/tsorama.mdx,mdx,4,Influencers,Influencers,no,tsorama — X Posts,tsorama,Compiled claims from @tsorama — sharer of the anonymous Axon Body Cam 4 tip email disputing the Officer Bagley battery-died account.,none,,,,none,no,CK_AUTHOR_CREDIT,
/Influencers/x/uncommonsince76,site/docs/Influencers/x/uncommonsince76.mdx,mdx,4,Influencers,Influencers,no,Uncommonsince76 — X Posts,Uncommonsince76,"Compiled claims from @Uncommonsince76 — SD-card removal video from the camera behind Charlie Kirk, and amplification of the Hamptons donor-meeting narrative.",none,,,,none,no,CK_AUTHOR_CREDIT,
/Influencers/x/universehop00,site/docs/Influencers/x/universehop00.mdx,mdx,4,Influencers,Influencers,no,universehop00 — Posts,universehop00,Compiled claims from @universehop00 — the anonymous account that posted alleged leaked aerial imagery from the N59906 survey flight over the UVU courtyard.,image,/img/evidence/d966c5a51237904bc901136b14813a8455e2106c16b26569a43116675b44e173.jpg,QmVWQqEfWjcStYZjX8tmSVRPrGFzKfENrmgwTL2XoWUDbX,"This is a high-angle, aerial photograph capturing a crowded outdoor event on a modern university campus.",ck-4sq-stack,no,CK_AUTHOR_CREDIT,
/Influencers/x/uvu,site/docs/Influencers/x/uvu.mdx,mdx,4,Influencers,Influencers,no,UVU (Official) — X Posts,UVU (Official),"Documented public posts from @UVU, Utah Valley University's official X account — first shot-time claim, campus closure, FBI tip line, and the vigil announcement.",none,,,,none,no,CK_AUTHOR_CREDIT,
/Influencers/x/vigilantfox,site/docs/Influencers/x/vigilantfox.mdx,mdx,4,Influencers,Influencers,no,The Vigilant Fox — X Posts,Vigilant Fox,Compiled claims from @VigilantFox — the day-one neck-wound eyewitness clip and the Joe Kent Iran-war motive package.,none,,,,none,no,CK_AUTHOR_CREDIT,
/Influencers/x/villgecrazylady,site/docs/Influencers/x/villgecrazylady.mdx,mdx,4,Influencers,Influencers,no,Villgecrazylady (Mel) — X Posts,Villgecrazylady,"Compiled claims from @Villgecrazylady (Mel) — the widely shared morning camera-chain map, the Wordle 11:28 timing seam, screwdriver discrepancy notes, and fear-text timelines.",image,/img/evidence/a4543422fc2bd262ddf44a829db4d893824b3b97747b226c1e29ae7e1d50f497.jpg,QmXm39a3TcpSSyHaqEezE6jtofmEX7vhD6TYBWyqwM9mdj,This image is a screenshot of a post from the social media platform X (formerly Twitter) by a user named Mel (@Villgecrazylady).,ck-4sq-stack,no,CK_AUTHOR_CREDIT,
/Influencers/x/vluvmully,site/docs/Influencers/x/vluvmully.mdx,mdx,4,Influencers,Influencers,no,Vicki Donahue — X Posts,Vicki Donahue,"Compiled claims from @VLuvMully (Vicki Donahue) — the Bates 003996-R2 Miranda exhibit, the 6:25 PM custody timeline, booking records, and the missing surrender bodycam GRAMA response.",none,,,,none,no,CK_AUTHOR_CREDIT,
/Influencers/x/weare-theelite,site/docs/Influencers/x/weare-theelite.mdx,mdx,4,Influencers,Influencers,no,WeAre_TheElite — X Posts,WeAre_TheElite,"Compiled claims from @WeAre_TheElite — raw flight-log screenshots behind the five-plane Egyptian armada thread: SU-BTU, SU-BTV, SU-BGM and fleet Provo touch dates.",image,/img/evidence/c5812d01a55b29b1a69abee722259617c0150cf03b14e3800580d08ae8dd251d.jpg,QmcLiAgEQKaQoyypRe39HsZtm4Nk7HWhgiEcYEXp46WFr7,This image is a screenshot of a post from the social media platform X (formerly Twitter) by the user &quot;Project Constitution&quot; (@ProjectConstitu).,ck-4sq-side,no,CK_AUTHOR_CREDIT,
/Influencers/x/wearenotgoingto,site/docs/Influencers/x/wearenotgoingto.mdx,mdx,4,Influencers,Influencers,no,WeAreNotGoingToMars — X Posts,WeAreNotGoingToMars,"Compiled claims from @WeAreNotGoingToMars — the colour-keyed site map asserting three patsies, two shooters, and two distractions at the UVU venue.",image,/img/evidence/7df5894a4bd00c47994d7e966e6f83b16438c4368c7fe5f4fc6d6de8ca53707b.jpg,QmNu4GBwBijwSBbT6iw137J9nfhtFibTUz8RSuNVZTMdLZ,"This is a digital graphic featuring a stylized overhead 2D map or diagram of a specific outdoor layout, overlaid with colored marker dots and labels suggesting a tactical or…",ck-4sq-stack,no,CK_AUTHOR_CREDIT,
/Influencers/x/wendy7839570959,site/docs/Influencers/x/wendy7839570959.mdx,mdx,4,Influencers,Influencers,no,Wendy7839570959 — X Posts,Wendy7839570959,"Compiled claims from @Wendy7839570959 — the witness clip describing an FBI request to delete video, and the Western politicians will fall Iran-war clip.",none,,,,none,no,CK_AUTHOR_CREDIT,
/Influencers/x/whokilledck,site/docs/Influencers/x/whokilledck.mdx,mdx,4,Influencers,Influencers,no,whokilledck — X Posts,whokilledck,"Compiled claims from @whokilledck — dispatch and scanner-audio narrations, including the Qureshi hospital-to-hospital hunt stretch.",none,,,,none,no,CK_AUTHOR_CREDIT,
/Influencers/x/willdbuckley,site/docs/Influencers/x/willdbuckley.mdx,mdx,4,Influencers,Influencers,no,Willdbuckley — X Posts,Willdbuckley,Compiled claims from @Willdbuckley — Losee rooftop witness recounts: the screwdriver and the distinct gravel impression with courtyard line-of-sight.,none,,,,none,no,CK_AUTHOR_CREDIT,
/Influencers/x/wtshesaid72,site/docs/Influencers/x/wtshesaid72.mdx,mdx,4,Influencers,Influencers,no,wtshesaid72 — X Posts,wtshesaid72,"Compiled claims from @wtshesaid72 — author of the B-Field Resonant Cascade (BFRC) electromagnetic-kill hypothesis, and shirt-movement critiques of the mic-explosion theory.",none,,,,none,no,CK_AUTHOR_CREDIT,
/Influencers/x/xrp4me33,site/docs/Influencers/x/xrp4me33.mdx,mdx,4,Influencers,Influencers,no,TruthIsFreedom — X Posts,TruthIsFreedom,Compiled claims from @XRP4Me33 (TruthIsFreedom) — crowd-photo analyses: the maroon-shirt skateboard man stills and patsy-candidate identifications.,image,/img/evidence/2b07848789a2489615998bda4ac2c51ce16f79f31cd30a2cb6a8f35aeb2736e1.jpg,QmavH8q1tEeWFSyw55JS28MP4gJVmrG8jLJNXwGWMGCEn5,This image is a screenshot of a social media post on X (formerly Twitter) by an account named &quot;TruthISFreedom&quot; (@XRP4Me33).,ck-4sq-stack,no,CK_AUTHOR_CREDIT,
/Influencers/x/zachcostello,site/docs/Influencers/x/zachcostello.mdx,mdx,4,Influencers,Influencers,no,ZachCostello_ — X Posts,ZachCostello_,"Compiled claims from @ZachCostello_ — Google Trends search-pattern advocacy, UVU false-custody alert screenshots, and paving/custody-timeline amplification.",none,,,,none,no,CK_AUTHOR_CREDIT,
/Influencers/x/zeeemedia,site/docs/Influencers/x/zeeemedia.mdx,mdx,4,Influencers,Influencers,no,Zeee Media — X Posts,Zeee Media,"Compiled claims from @zeeemedia — hearing reports that Agent Hull conceded the rooftop figure lacks identifiable features, and the enhanced-vs-HD footage complaint.",none,,,,none,no,CK_AUTHOR_CREDIT,
/Influencers/x/zreikmiester,site/docs/Influencers/x/zreikmiester.mdx,mdx,4,Influencers,Influencers,no,Ali Zreik — X Posts,Ali Zreik,Compiled claims from @ZREIKMIESTER (Ali Zreik) — the LiPO battery and PCB neck-path diagrams of the exploding-mic theory.,none,,,,none,no,CK_AUTHOR_CREDIT,
/Topics3/charlie-kirk,site/docs/Topics3/charlie-kirk.mdx,mdx,3,Topics3,Topics3,no,Charlie Kirk,Charlie Kirk,Charlie Kirk: evidence and analysis from the Topics3 section of the Who Assassinated Charlie Kirk citizen investigation.,none,,,,none,no,CK_AUTHOR_CREDIT,
/Topics3/overview,site/docs/Topics3/overview.mdx,mdx,2,Topics3,,yes,Topics3 Directory,Topics3 Directory,This directory contains detailed analysis and documentation on various aspects of the Charlie Kirk investigation.,none,,,,none,no,CK_AUTHOR_CREDIT,
/Topics3/Maps/overview,site/docs/Topics3/Maps/overview.mdx,mdx,3,Topics3,Topics3,yes,Maps,Maps,This directory contains maps and geographic visualizations related to the Charlie Kirk incident.,none,,,,none,no,CK_AUTHOR_CREDIT,
/Topics3/TPUSA/overview,site/docs/Topics3/TPUSA/overview.mdx,mdx,3,Topics3,Topics3,yes,TPUSA,TPUSA,This directory contains information about Turning Point USA (TPUSA) and its connection to the Charlie Kirk incident.,none,,,,none,no,CK_AUTHOR_CREDIT,
/Topics3/Tyler Robinson Shooting/overview,site/docs/Topics3/Tyler Robinson Shooting/overview.mdx,mdx,3,Topics3,Topics3,yes,Tyler Robinson Shooting,Tyler Robinson Shooting,This directory contains detailed information about the shooting incident involving Tyler Robinson.,none,,,,none,no,CK_AUTHOR_CREDIT,
/Topics3/Location/overview,site/docs/Topics3/Location/overview.mdx,mdx,3,Topics3,Topics3,yes,Location,Location,This directory contains specific location information and analysis for the Charlie Kirk incident.,none,,,,none,no,CK_AUTHOR_CREDIT,
/Topics3/Podcast_YouTube_Analysis/overview,site/docs/Topics3/Podcast_YouTube_Analysis/overview.mdx,mdx,3,Topics3,Topics3,yes,Podcast YouTube Analysis,Podcast YouTube Analysis,This directory contains analysis of podcasts and YouTube content related to the Charlie Kirk incident.,none,,,,none,no,CK_AUTHOR_CREDIT,
/Topics3/Other/overview,site/docs/Topics3/Other/overview.mdx,mdx,3,Topics3,Topics3,yes,Other,Other,This directory contains miscellaneous information and evidence that doesn't fit into other specific categories.,none,,,,none,no,CK_AUTHOR_CREDIT,
/Topics3/Tyler Robinson/overview,site/docs/Topics3/Tyler Robinson/overview.mdx,mdx,3,Topics3,Topics3,yes,Tyler Robinson,Tyler Robinson,This directory contains specific information about Tyler Robinson and his involvement in the Charlie Kirk incident.,none,,,,none,no,CK_AUTHOR_CREDIT,
/Topics3/Videos/overview,site/docs/Topics3/Videos/overview.mdx,mdx,3,Topics3,Topics3,yes,Videos,Videos,This directory contains video evidence and analysis related to the Charlie Kirk incident.,none,,,,none,no,CK_AUTHOR_CREDIT,
/Topics3/Locations/overview,site/docs/Topics3/Locations/overview.mdx,mdx,3,Topics3,Topics3,yes,Locations,Locations,This directory contains comprehensive information about all locations relevant to the Charlie Kirk incident.,none,,,,none,no,CK_AUTHOR_CREDIT,
/Topics3/Medical/overview,site/docs/Topics3/Medical/overview.mdx,mdx,3,Topics3,Topics3,yes,Medical,Medical,This directory contains medical information and analysis related to the Charlie Kirk incident.,none,,,,none,no,CK_AUTHOR_CREDIT,
/Topics3/Before/overview,site/docs/Topics3/Before/overview.mdx,mdx,3,Topics3,Topics3,yes,Before,Before,This directory contains information about events and circumstances that occurred before the Charlie Kirk incident.,none,,,,none,no,CK_AUTHOR_CREDIT,
/Topics3/Drones/overview,site/docs/Topics3/Drones/overview.mdx,mdx,3,Topics3,Topics3,yes,Drones,Drones,This directory contains information about drone activity related to the Charlie Kirk incident.,none,,,,none,no,CK_AUTHOR_CREDIT,
/Topics3/South Stairs/overview,site/docs/Topics3/South Stairs/overview.mdx,mdx,3,Topics3,Topics3,yes,South Stairs,South Stairs,This directory contains specific information about the South Stairs location in relation to the Charlie Kirk incident.,none,,,,none,no,CK_AUTHOR_CREDIT,
/Topics3/After/overview,site/docs/Topics3/After/overview.mdx,mdx,3,Topics3,Topics3,yes,After,After,This directory contains information about events and developments that occurred after the Charlie Kirk incident.,none,,,,none,no,CK_AUTHOR_CREDIT,
/Topics3/Suspect Before Actions/overview,site/docs/Topics3/Suspect Before Actions/overview.mdx,mdx,3,Topics3,Topics3,yes,Suspect Before Actions,Suspect Before Actions,This directory contains information about actions taken by suspects before the Charlie Kirk incident.,none,,,,none,no,CK_AUTHOR_CREDIT,
/Topics3/FBI/overview,site/docs/Topics3/FBI/overview.mdx,mdx,3,Topics3,Topics3,yes,FBI,FBI,This directory contains information and analysis related to FBI involvement in the Charlie Kirk incident.,none,,,,none,no,CK_AUTHOR_CREDIT,
/Topics3/Photos/overview,site/docs/Topics3/Photos/overview.mdx,mdx,3,Topics3,Topics3,yes,Photos,Photos,This directory contains photographic evidence and analysis related to the Charlie Kirk incident.,none,,,,none,no,CK_AUTHOR_CREDIT,
/Topics3/Timeline/overview,site/docs/Topics3/Timeline/overview.mdx,mdx,3,Topics3,Topics3,yes,Timeline,Timeline,This directory contains chronological information and timeline analysis of the Charlie Kirk incident.,none,,,,none,no,CK_AUTHOR_CREDIT,
/Topics3/CIA/overview,site/docs/Topics3/CIA/overview.mdx,mdx,3,Topics3,Topics3,yes,CIA,CIA,This directory contains information and analysis related to CIA involvement in the Charlie Kirk incident.,none,,,,none,no,CK_AUTHOR_CREDIT,
/Topics3/Israel/overview,site/docs/Topics3/Israel/overview.mdx,mdx,3,Topics3,Topics3,yes,Israel,Israel,This directory contains information about Israeli connections to the Charlie Kirk incident.,none,,,,none,no,CK_AUTHOR_CREDIT,
/Topics3/Which/overview,site/docs/Topics3/Which/overview.mdx,mdx,3,Topics3,Topics3,yes,Which,Which,This directory contains analysis to determine which specific elements or factors are most relevant to the Charlie Kirk incident.,none,,,,none,no,CK_AUTHOR_CREDIT,
/Topics3/Suspects (List)/overview,site/docs/Topics3/Suspects (List)/overview.mdx,mdx,3,Topics3,Topics3,yes,Suspects (List),Suspects (List),This directory contains a comprehensive list and analysis of all suspects related to the Charlie Kirk incident.,none,,,,none,no,CK_AUTHOR_CREDIT,
/After/Institutional_Resignations,site/docs/After/Institutional_Resignations.mdx,mdx,3,After,After,no,Institutional Resignations After the Shooting,Institutional Resignations,"Leadership changes after September 10, 2025 — Nate Brooksby, UVU President Tuminez, judges, FBI SAC, and hospital CEO — timing and transparency questions.",video,/img/video_posters/84efe8b096852eec82e5f92adecbb5969152f908c45e1d8b078c8b1319334bab.jpg,Qmb49X85Y7wRdMEi7EgvEvjN3A8rdpZVvLfu2CuiSZwbwR,,ck-4sq-stack,no,CK_AUTHOR_CREDIT,
/After/Investigation_Index,site/docs/After/Investigation_Index.mdx,mdx,3,After,After,no,After Investigation Index,Investigation Index,"Index of every post-12:23 PM Sept 10 2025 development — surrender, paving, gag orders, media, resignations, trial, memorial, and visa enforcement.",none,,,,none,no,CK_AUTHOR_CREDIT,
/After/Legal_Process_Gag_Orders_And_Secrecy,site/docs/After/Legal_Process_Gag_Orders_And_Secrecy.mdx,mdx,3,After,After,no,"Legal Process, Gag Orders, and Hearing Secrecy (As Reported and Claims)","Legal Process, Gag Orders, and Hearing Secrecy (As Reported and Claims)","This Level3 page expands on post‑event legal developments that have attracted public attention, including:",none,,,,none,no,CK_AUTHOR_CREDIT,
/After/Media_Narratives_And_Censorship_After,site/docs/After/Media_Narratives_And_Censorship_After.mdx,mdx,3,After,After,no,Media Narratives and Censorship Concerns After the UVU Event (Claims),Media Narratives and Censorship Concerns After the UVU Event (Claims),This Level3 page focuses on how media coverage and information‑control debates evolved in the days and weeks after the UVU shooting. It examines:,image,/img/evidence/f3f7173bd781cfbcb6633db5abb120a2cb742c36f04943c389c2d55689dc50fd.jpg,Qmf5TC65x6bFNDKnuzVSaGNLFcCZMHgngmL3NHiLcE7PfS,This is a digital screenshot of a social media post on the platform X (formerly Twitter) by an account named &quot;1984&quot; (@TheOfficial1984).,ck-4sq-side,no,CK_AUTHOR_CREDIT,
/After/Sept_11_Surrender_And_Custody,site/docs/After/Sept_11_Surrender_And_Custody.mdx,mdx,3,After,After,no,Sept 11 Surrender and Custody Timeline,Sept 11 Surrender,"The September 11, 2025 surrender of Tyler Robinson — Miranda timing, Brooksby call narrative, Discord messages, and custody chain disputes.",video,/img/video_posters/84efe8b096852eec82e5f92adecbb5969152f908c45e1d8b078c8b1319334bab.jpg,Qmb49X85Y7wRdMEi7EgvEvjN3A8rdpZVvLfu2CuiSZwbwR,,ck-4sq-stack,no,CK_AUTHOR_CREDIT,
/After/Site_Changes_And_Crime_Scene_Handling,site/docs/After/Site_Changes_And_Crime_Scene_Handling.mdx,mdx,3,After,After,no,Site Changes and Crime‑Scene Handling After the UVU Event (Claims),Site Changes and Crime‑Scene Handling After the UVU Event (Claims),"This Level3 page summarizes claims and concerns about how the physical site at Utah Valley University was treated in the days after the shooting, including…",image,/img/evidence/6b0f77aaf4c035c572920c8f06e1e26cb7dc7021bdcf669120d2c31cf84833f4.jpg,QmPGUmfqJjR1wfBhTnyiiKfcieNyrcVDybG7d9vusxDXYD,"This image is a digital scan or direct export of a single-page document, identified as &quot;Page 3 of 4&quot; of an official report.",ck-4sq-side,no,CK_AUTHOR_CREDIT,
/After/Visa-Revocation-Celebrations,site/docs/After/Visa-Revocation-Celebrations.mdx,mdx,3,After,After,no,Visa Revocations After Online Celebrations,Visa Revocation Celebrations,Documented pattern of visa revocations and deportations targeting foreign nationals who celebrated Charlie Kirk's death online — with backlash and transparency questions.,none,,,,none,no,CK_AUTHOR_CREDIT,
/After/overview,site/docs/After/overview.mdx,mdx,2,After,,yes,After Events,After Events,"Post-12:23 PM Sept 10 2025 developments — surrender, paving, gag orders, media, resignations, trial, memorial, and visa enforcement.",image,/img/evidence/4eb7c20273532f8047faa83e27da57409b1cceca326d9e4d58449a2ec4c74664.jpg,QmPi4U99UmsRKdNpwNZRLgfMBnoV1H9yNffJ4vEPZccHJR,"Google Trends screenshot: search term 645 W 925 S, region filter Israel, past 5 years, flat line with a single spike to 100 in April 2022",ck-4sq-side,no,CK_AUTHOR_CREDIT,
/After/house/citizen-investigation-coverage,site/docs/After/house/citizen-investigation-coverage.mdx,mdx,4,After,After,no,691 W 925 S — Citizen Investigation Coverage,Citizen Coverage & X Posts,"Citizen posts, videos, and social threads about 691 W 925 S and West 925 South after the Charlie Kirk assassination — DiligentDenizen command-center video, vacant-property claims, Google Trends claims, and what remains unverified.",none,,,,none,no,CK_AUTHOR_CREDIT,
/After/house/comms-antenna-mast,site/docs/After/house/comms-antenna-mast.mdx,mdx,4,After,After,no,The RETCON13 5G Comms Mast at the UVU Construction Site,The 5G Comms Mast,"A citizen-investigation claim that the telescoping antenna mast standing at the UVU construction site on September 10, 2025 matches the RETCON13 5G communications mast sold for police and military special-operations vehicles.",none,,,,none,no,CK_AUTHOR_CREDIT,
/After/house/deed-chain,site/docs/After/house/deed-chain.mdx,mdx,4,After,After,no,691 W 925 S — Full Deed Chain (Utah County Recorder),Deed Chain,"Complete ownership instruments for 691 W 925 S, Orem — current parcel serial 36:443:0006, warranty deeds, trust deeds, and the May 24 2019 transfer from the Theobalds to Utah Valley University.",none,,,,none,no,CK_AUTHOR_CREDIT,
/After/house/location-and-property,site/docs/After/house/location-and-property.mdx,mdx,4,After,After,no,691 W 925 S — Location and the Property Itself,Location & the Property,"What the house at 691 W 925 S, Orem, UT 84058 physically is: size, bed/bath count, year built, lot size, and its true location — UVU's own board records call it 'contiguous to campus,' one block north of the Losee Center area.",none,,,,none,no,CK_AUTHOR_CREDIT,
/After/house/neighborhood-reports,site/docs/After/house/neighborhood-reports.mdx,mdx,4,After,After,no,"691 W 925 S — Neighborhood, Cameras & Witness Reports",Neighborhood & Witnesses,"What is publicly reported about the streets around 691 W 925 S, Orem: the ATF/police door-to-door canvass for Ring footage, the homeowner whose camera caught the suspect, and the grey Challenger — as reported, with no accusation of any resident.",none,,,,none,no,CK_AUTHOR_CREDIT,
/After/house/overview,site/docs/After/house/overview.mdx,mdx,3,After,After,yes,"The House at 691 W 925 S, Orem (Alleged Staging Site)",The House (Alleged Staging Site),"A citizen-investigation allegation holds that attackers may have planned or staged the Charlie Kirk assassination from a house at 691 W 925 S, Orem, UT 84058. What the property is, who owns it on record, and how the claim should be weighed.",image,/img/evidence/7b4c728e80bbaf643e200e73ec79c0cdd6dcdd5be0a4109dcfbd207a008b1ee8.jpg,QmS9woKH5V77rrLxSbJU81AWsXxGofhvLfMRrRkCXsvMgo,"Aerial panorama imagery dated Wed Sep 10 2025 showing the residential block north of UVU, the wooded strip along the roadway, and a white compact vehicle on the street",ck-4sq-stack,no,CK_AUTHOR_CREDIT,
/After/house/ownership,site/docs/After/house/ownership.mdx,mdx,4,After,After,no,691 W 925 S — Ownership on Record,Ownership on Record,"Who owns 691 W 925 S, Orem: Utah Valley University bought the house in 2019 for $900,000 from the Theobald family, per its own board records. The prior county record, the deed chain, and why no one is accused.",none,,,,none,no,CK_AUTHOR_CREDIT,
/After/house/p_research,site/docs/After/house/p_research.md,md,3,After,,no,p_research — Research the Orem Staging House and Grow Its Public Pages,p_research — Research the Orem Staging House and Grow Its Public Pages,,none,,,,none,no,EOF,
/After/house/prior-owners,site/docs/After/house/prior-owners.mdx,mdx,4,After,After,no,691 W 925 S — Prior Owners and Connected People,Prior Owners & People,"Who held 691 W 925 S before UVU: Broderick (College Heights developers), Markides (1993–1998), Theobald (1998–2019). Status Alive/Deceased, public records only — no one is accused of any crime.",none,,,,none,no,CK_AUTHOR_CREDIT,
/After/house/records-requests,site/docs/After/house/records-requests.mdx,mdx,4,After,After,no,691 W 925 S — Records You Can Request (GRAMA),Records Requests (GRAMA),"Ready-to-file Utah GRAMA public-records requests to test the 691 W 925 S staging lead — police canvass and dispatch logs, UVU property use records, city files, and the deed chain. Templates and where to send them.",none,,,,none,no,CK_AUTHOR_CREDIT,
/After/house/rental-listings,site/docs/After/house/rental-listings.mdx,mdx,4,After,After,no,691 W 925 S — Rental and Listing History,Rental & Listing History,"Whether the house at 691 W 925 S, Orem has appeared as a rental or for-sale listing — the most concrete way to test the claim that attackers rented it to stage the assassination.",none,,,,none,no,CK_AUTHOR_CREDIT,
/After/house/staging-allegation,site/docs/After/house/staging-allegation.mdx,mdx,4,After,After,no,The Staging Allegation — 691 W 925 S,The Staging Allegation,"The exact claim that attackers planned or staged the Charlie Kirk assassination from 691 W 925 S, Orem — stated verbatim, marked unverified, with the questions that would confirm or kill it.",none,,,,none,no,CK_AUTHOR_CREDIT,
/After/house/tax-and-values,site/docs/After/house/tax-and-values.mdx,mdx,4,After,After,no,691 W 925 S — Tax History and Assessed Values,Tax & Assessed Values,"Utah County assessed values and tax history for 691 W 925 S — $755,000 market value at the 2019 UVU purchase, residential exemption signal under the Theobalds, and tax silence after university ownership.",none,,,,none,no,CK_AUTHOR_CREDIT,
/After/house/w-925-south-block,site/docs/After/house/w-925-south-block.mdx,mdx,4,After,After,no,"West 925 South Block — Neighbors, Ring Video & Court Record",W 925 S Block & Court Video,"What public reporting and the Tyler Robinson preliminary hearing say about the 600–700 block of West 925 South in Orem — 680 W Ring/Nest Challenger footage, 683 W Palantir rumor, 691 W UVU house, horseshoe neighborhood.",none,,,,none,no,CK_AUTHOR_CREDIT,
/After/house/web-search-log,site/docs/After/house/web-search-log.mdx,mdx,4,After,After,no,691 W 925 S — Web Search Log,Web Search Log,"A public, citable log of the Google/web searches run on 691 W 925 S, Orem — the exact queries, the useful hits with URLs, and the dead ends — so anyone can retrace and extend the research.",none,,,,none,no,CK_AUTHOR_CREDIT,
/Iran/charlie-anti-iran-war,site/docs/Iran/charlie-anti-iran-war.mdx,mdx,3,Iran,Iran,no,Charlie's Stand Against the Iran War,Charlie's Anti-War Stand,"Reported record of Charlie Kirk opposing a U.S. war with Iran — the June 18 2025 White House visit, lobbying Trump against regime change, and his 'no Iran war on behalf of Israel' remarks.",image,/img/evidence/fcab2120f05ad3186055e61c5d0dd084c20fabfb73007fbf38a1c083d74225d2.jpg,QmWn3iA7kBPZ9ge8V6M37f9FgUBbGKkGEa4fbR3jdrTYMA,This image captures an outdoor scene on a city sidewalk where several police officers are gathered around what appears to be an active investigation or scene response.,ck-4sq-side,no,CK_AUTHOR_CREDIT,
/Iran/funding-rejection-claims,site/docs/Iran/funding-rejection-claims.mdx,mdx,3,Iran,Iran,no,Rejected Israeli Funding (Claims),Funding-Rejection Claims,"X-user and commentator claims that Charlie Kirk rejected Netanyahu/Zionist funding for TPUSA and broke from the pro-Israel cause shortly before his death — documented as reported allegations, not proven fact.",none,,,,none,no,CK_AUTHOR_CREDIT,
/Iran/iran-war-motive,site/docs/Iran/iran-war-motive.mdx,mdx,3,Iran,Iran,no,How the Iran War Raised His Risk,Iran-War Motive,"The motive logic of the Iran section: how Charlie Kirk's opposition to a U.S.–Iran war put him in the way of war advocates and reportedly raised the incentive to remove him — reasoning, not proof.",none,,,,none,no,CK_AUTHOR_CREDIT,
/Iran/israel-iran-war-push,site/docs/Iran/israel-iran-war-push.mdx,mdx,3,Iran,Iran,no,Israel's Push for War With Iran,Israel's Push for War,"Why a U.S.–Iran war is central to pro-Israel advocacy, and how Charlie Kirk's reported opposition put him at odds with that agenda — presented as reported claims, not proven fact.",image,/img/evidence/c3f30f4815b2c5e1744419c1a2888738b5c3337eea351d9f9801cab0de8370f0.jpg,QmapUZ9eiYm5xKcKgZJeCEaP74YnAaFzXrKRaGpMDc9hWW,This is a digital graphic presenting a speculative timeline chart titled &quot;Charlie Kirk Assassination &amp; Iran Regime Change: The Timeline That Raises Eyebrows...&quot;.,ck-4sq-stack,no,CK_AUTHOR_CREDIT,
/Iran/joe-kent-cartel,site/docs/Iran/joe-kent-cartel.mdx,mdx,3,Iran,Iran,no,Joe Kent & the 'Murderous Cartel' Framing,Joe Kent Statements,Posts amplifying statements attributed to former CIA officer Joe Kent — that Charlie Kirk was silenced for opposing the Iran war — and the claim that Kash Patel rebuffed a foreign-involvement inquiry. Reported claims.,none,,,,none,no,CK_AUTHOR_CREDIT,
/Iran/kirk-warnings-quotes,site/docs/Iran/kirk-warnings-quotes.mdx,mdx,3,Iran,Iran,no,Kirk's Iran Warnings: The Record,Kirk's Iran Warnings,"A dated record of Charlie Kirk's public opposition to a U.S. war or regime change in Iran — 2019, April 2025, and June 2025 statements — and the specific consequences he warned it would bring.",none,,,,none,no,CK_AUTHOR_CREDIT,
/Iran/midnight-hammer-12-day-war,site/docs/Iran/midnight-hammer-12-day-war.mdx,mdx,3,Iran,Iran,no,The 12-Day War & Operation Midnight Hammer,12-Day War & Midnight Hammer,Context page: the June 2025 Iran–Israel 12-day war and the U.S. strikes known as Operation Midnight Hammer — the conflict Charlie Kirk reportedly lobbied Trump to limit.,image,/img/evidence/e7b2752c262f72945d788b85e389cd726233ebd1fda017f37be73fd61efe7e73.jpg,QmNbcgQQsa324DSp6XEQJM3UrCDecKhoW3Ygb2fiGQeTBU,"This is a medium close-up, eye-level portrait photograph of a middle-aged, tattooed man holding a baby on his lap indoors.",ck-4sq-side,no,CK_AUTHOR_CREDIT,
/Iran/mossad-files-exploding-mic,site/docs/Iran/mossad-files-exploding-mic.mdx,mdx,3,Iran,Iran,no,'Mossad Files' & the Exploding-Mic Theory,Mossad Files / Exploding Mic,"The Iran-framed claim of released 'Mossad Files' and a remote-detonation exploding-microphone theory of Charlie Kirk's death — an unverified alternative narrative built on video, SUV-fragment, scene-tampering, and wound analysis, cross-linked to the Microphone section.",none,,,,none,no,CK_AUTHOR_CREDIT,
/Iran/overview,site/docs/Iran/overview.mdx,mdx,2,Iran,,yes,Iran War,Iran War,"Iran did not kill Charlie Kirk. But his public stand against a U.S. war with Iran put him in the way of the war's most powerful advocates — a motive thread this section maps as reported claims, not proven fact.",image,/img/evidence/fb93ab1ba466c48fd57bd2f82f92076c997c7709df391e834ba1333bfc0163af.jpg,QmTdFSZZnmQwp3xXEmhFeZcJM2QWN2UdBeNkYvJ8bfJcfn,This image is a digital graphic presenting a speculative timeline titled &quot;Charlie Kirk Assassination &amp; Iran Regime Change: The Timeline That Raises Eyebrows...&quot;.,ck-4sq-stack,no,CK_AUTHOR_CREDIT,
/Iran/post-death-pivot,site/docs/Iran/post-death-pivot.mdx,mdx,3,Iran,Iran,no,TPUSA's Post-Death Pivot on Iran,Post-Death Pivot,"Reported claims that after Charlie Kirk's death his organization shifted toward a pro-war posture — the reverse of the Iran-war restraint he championed. Presented with attribution, not as proven fact.",none,,,,none,no,CK_AUTHOR_CREDIT,
/Iran/timing-between-conflicts,site/docs/Iran/timing-between-conflicts.mdx,mdx,3,Iran,Iran,no,Assassinated Between Two Iran Conflicts,Timing Between Conflicts,"The timing argument at the heart of the Iran motive thread — Charlie Kirk killed between Iran escalations, with the JFK-to-Vietnam analogy X users apply to Kirk-to-Iran. Reported claims and commentary.",image,/img/evidence/8850739db6bec7e60b13bba952abfd24a224d1b6be89a3f558357acf6fb768d6.png,QmSd3LN3DrQh51eKVSyVsbasLaA9ZBKKPrnRy3Ci97XGcD,This image is a digital screenshot or scan of a snippet of English text printed on a white background.,ck-4sq-stack,no,CK_AUTHOR_CREDIT,
/Iran/truman-show-bubble,site/docs/Iran/truman-show-bubble.mdx,mdx,3,Iran,Iran,no,"The \""Truman Show\"" Bubble Around Trump",The Truman Show Bubble,"Former NCTC director Joe Kent says a 'Truman Show' echo chamber — Israeli access to Trump's inner circle plus coordinated media repetition — moved the U.S. red line on Iran. Attributed public statements, not proven fact.",none,,,,none,no,CK_AUTHOR_CREDIT,
/Iran/x-discourse-and-counter-narratives,site/docs/Iran/x-discourse-and-counter-narratives.mdx,mdx,3,Iran,Iran,no,The X Discourse & Counter-Narratives,X Discourse & Counterpoints,"A survey of how X/Twitter discusses Charlie Kirk's Iran stance and death — the recurring sentiments and Epstein/Candace/Tucker threads — alongside the counter-narratives: court evidence, Grok pushback, foreign amplification, and official denials.",image,/img/evidence/ece0bc3fbbe1cddaf1d4625f232ede956714de8832c29cd1d936720608dce592.jpg,QmfPYJrHYj4cQdVLvRAdeY7DT16RLDyngwAAJoZi1QRVVs,"This is a security camera still image showing a young man standing inside a commercial establishment, likely a fast-food restaurant or a movie theater lobby.",ck-4sq-stack,no,CK_AUTHOR_CREDIT,
/Suspects/Black_Clad_Figure_Transport_SUV,site/docs/Suspects/Black_Clad_Figure_Transport_SUV.mdx,mdx,3,Suspects,Suspects,no,Black-Clad Figure at the Transport SUV,Black-Clad Figure — Transport SUV,A figure in all-black tactical gear is filmed reaching the open rear hatch of the SUV used to move Charlie Kirk from UVU — the Farnsworth camera angle first aired by Candace Owens.,video,/img/video_posters/3980c34381f74fe9cdf8f0df841fc13e7b29f14a24e6807dca7948989d4d0c60.jpg,QmXLsuPumydoCLD1twXjKBEQsmHM917UWDeU3hHT8v7Yek,,ck-4sq-stack,no,H2_RELATED_AREAS,
/Suspects/Black_Clad_Fugitive_Escape_Path,site/docs/Suspects/Black_Clad_Fugitive_Escape_Path.mdx,mdx,3,Suspects,Suspects,no,Black-Clad Fugitive Escape Path,Black-Clad Fugitive Escape Path,"Sam Parker's 11:47 investigation retraces every reported sighting of the all-black fugitive who left the Losee Center roof — dispatch audio, the rooftop crawl, the woods, the construction-site encounter, and the TMZ house camera — and asks whether the man in black was ever Tyler Robinson at all.",video,/img/video_posters/3652584f10bdc61ad85853767413e6593d8d91613fb06de809bc4b3e443688eb.jpg,QmVvPn6bmS2xdCDy9gEnGu5ptCnwfayoqeeZKM3mBbUmP3,,ck-4sq-side,no,H2_INTERESTING,
/Suspects/Construction_Site_Gunman_Contact,site/docs/Suspects/Construction_Site_Gunman_Contact.mdx,mdx,3,Suspects,Suspects,no,Construction Site Gunman Contact,Construction Site Gunman Contact,On-scene video: a construction worker at the site above the UVU shooting reportedly spoke to the fleeing man in black before any sirens sounded — and the crime scene stayed open to the public.,none,,,,none,no,H2_INTERESTING,
/Suspects/Escape_Path_Video_Transcript,site/docs/Suspects/Escape_Path_Video_Transcript.mdx,mdx,3,Suspects,Suspects,no,Escape-Path Video: Full Transcript,Escape-Path Video Transcript,"Complete transcript of Sam Parker's 11:47 escape-path investigation — the dispatch description, the Losee Center roof, the woods, the construction-site encounter with the long-haired man in black, the TMZ house camera, and the outfit-change problem it creates for the alleged text confession.",video,/img/video_posters/3652584f10bdc61ad85853767413e6593d8d91613fb06de809bc4b3e443688eb.jpg,QmVvPn6bmS2xdCDy9gEnGu5ptCnwfayoqeeZKM3mBbUmP3,,ck-4sq-side,no,H2_INTERESTING,
/Suspects/Grey_Van_Shooter,site/docs/Suspects/Grey_Van_Shooter.mdx,mdx,3,Suspects,Suspects,no,Grey Van Shooter — Laser POI,Grey Van Shooter,"Person-of-interest analysis of a grey van under the tent tunnel — IR laser on Frank Turek's phone, hatch timing, and acoustic triangulation claims.",image,/img/evidence/addb61388389831fd0593897c7a6121d67c12187cfca0dfe2574ad7e2c1fa9f1.jpg,QmanEJSSaoYZUvz25EYS5ZAbTbn8Mp6E1LkXJDxQbyGMRn,"The image shows a high-angle, wide-shot view of a massive, densely packed crowd of people—mostly young adults—gathered in an outdoor concrete plaza or courtyard.",ck-4sq-stack,no,CK_AUTHOR_CREDIT,
/Suspects/Rick_Cutler_POI,site/docs/Suspects/Rick_Cutler_POI.mdx,mdx,3,Suspects,Suspects,no,Rick Cutler — Claims Raised by Citizen Investigators,Rick Cutler claims,"Documents what citizen investigators have alleged about Rick Cutler at the UVU event — arm puller setup claims, SUV transport, and defense-witness commentary. No agency has named him a person of interest and no criminal involvement is asserted.",image,/img/evidence/0f55827920dc968fc59b4103c27782a48234dbad046b21af30181723ec746f70.jpg,QmdVQahT2w5dCmjYFC55xDRRuCJ3yyBSip63F4dHNxmfsm,This image is a digital screenshot of a text document or notes application featuring white sans-serif text set against a solid black background.,ck-4sq-side,no,CK_AUTHOR_CREDIT,
/Suspects/Shooting_Locations,site/docs/Suspects/Shooting_Locations.mdx,mdx,3,Suspects,Suspects,no,Possible Shooter Locations,Possible Shooter Locations,"This page summarizes the main proposed shooter locations discussed in connection with the Charlie Kirk case. It does not assert which, if any, of these…",image,/img/evidence/d4fa70cfb7f28689afd8fe96965f6ba4052dd200af75ec105cfa92f1f565d66f.jpg,QmQvZDZvzt2vdZCjVVaxkYzP8y4T5oHFBHemPqvhDmM9CG,This is a low-resolution satellite or aerial photograph depicting the roof and surrounding grounds of a building structure.,ck-4sq-stack,no,CK_AUTHOR_CREDIT,
/Suspects/Suspects_Investigation_Index,site/docs/Suspects/Suspects_Investigation_Index.mdx,mdx,3,Suspects,Suspects,no,Suspects Investigation Index,Suspects Investigation Index,"Working memo for alternative suspects and persons of interest — black-clad dispatch lead, grey van laser, Rick Cutler POI, and scene witnesses beyond Tyler Robinson.",image,/img/evidence/9d50dc00798946d518f528a560ce8e869fc5d36803592ad2e4e4a3247d4d26a6.jpg,QmPdAKsxfQL8nDHbLDC3mKs16mYX8UxQjh4pzPg1Za6qis,This is a digital screenshot of a news article headline on the CNN US website.,ck-4sq-stack,no,CK_AUTHOR_CREDIT,
/Suspects/Van_Man_Bednarz,site/docs/Suspects/Van_Man_Bednarz.mdx,mdx,3,Suspects,Suspects,no,Van Man — Dustin Bednarz Allegations,Van Man Bednarz,"Documents social-media allegations that Dustin Brett Bednarz appeared at the rear of the grey van on 9/10/2025 — tips and FOIA framing, not vigilante identification.",image,/img/evidence/f78be47a9c26b2ab77d1000d0201a8e3536288d7cd38d51b72777c2d508fa302.jpg,QmS22UHLf8GMuH7195TdD1EiRuJfApWJPQuH3KKozVpKHX,This image is a screenshot of a social media post on X (formerly Twitter) by user Blake Bednarz.,ck-4sq-side,no,CK_AUTHOR_CREDIT,
/Suspects/overview,site/docs/Suspects/overview.mdx,mdx,2,Suspects,,yes,Suspects,Suspects,"Alternative suspects and persons of interest beyond Tyler Robinson — dispatch audio, grey van laser, construction witnesses, and shooter-location theories.",image,/img/evidence/f78f3a3ede1a3bbfda3cfd42d80f52f48dc1aedb7cfa2f64f5afb598372c125f.jpg,,"Visual Representation of Reported Injuries — anatomical chart marking, in red, the reported injury locations across the front and back torso, the neck, the internal chest, and two views of the brain.",ck-4sq-side,no,CK_AUTHOR_CREDIT,
/Killer/Coverup_Indicators,site/docs/Killer/Coverup_Indicators.mdx,mdx,3,Killer,Killer,no,Alleged Cover‑Up Indicators Relevant to the “Real Killer” Question (Claims),Alleged Cover‑Up Indicators Relevant to the “Real Killer” Question (Claims),This Level3 page summarizes alleged cover‑up actions and anomalies that citizen investigators believe may obscure who really killed Charlie Kirk. These…,image,/img/evidence/262fab28bf3949fa4dd4047e2856d54ec8a5a63be52287b9b26ff8d2479b9e9d.jpg,QmdsN1jEB4sGEUjs6kbuMbP659H1RvtGwJCuSv2BDdprr7,This image is a digital screenshot of a post on the social media platform X (formerly Twitter) by the verified account &quot;XPOSED MAGAZINE.&quot; The post features a block of text…,ck-4sq-side,no,CK_AUTHOR_CREDIT,
/Killer/Patsies_Distraction_Actors,site/docs/Killer/Patsies_Distraction_Actors.mdx,mdx,3,Killer,Killer,no,Alleged Patsies and Distraction Actors (Claims),Alleged Patsies and Distraction Actors (Claims),"This Level3 page compiles claims about “patsies,” distraction figures, and questionable witness roles that appear in citizen‑research threads around the…",image,/img/evidence/262fab28bf3949fa4dd4047e2856d54ec8a5a63be52287b9b26ff8d2479b9e9d.jpg,QmdsN1jEB4sGEUjs6kbuMbP659H1RvtGwJCuSv2BDdprr7,This image is a digital screenshot of a post on the social media platform X (formerly Twitter) by the verified account &quot;XPOSED MAGAZINE.&quot; The post features a block of text…,ck-4sq-side,no,CK_AUTHOR_CREDIT,
/Killer/israel-mossad,site/docs/Killer/israel-mossad.mdx,mdx,3,Killer,Killer,no,Theory: Israel / Mossad,Theory: Israel / Mossad,The Israel/Mossad theory holds that Charlie Kirk was assassinated because he had begun publicly breaking with the pro-Israel consensus inside the…,image,/img/evidence/8b74a7acc55ffaca666dfa957f06d89f9f1cbbe5ea405c0a256b707fb3153696.png,QmT596hXPvEdGLF4swbMBMxVYYkwhwevjARTJYMXBiHcpM,This is a digital screenshot of a structured data table titled &quot;Distraction Shootings by intel service.&quot; The table lists several hypothetical or real-world shooting incidents with…,ck-4sq-stack,no,CK_AUTHOR_CREDIT,
/Killer/more-theories,site/docs/Killer/more-theories.mdx,mdx,3,Killer,Killer,no,More Theories,More Theories,"Beyond the three primary suspect categories — Israel/Mossad, U.S. Intelligence, and Tyler Robinson — investigators have raised additional theories about who…",none,,,,none,no,CK_AUTHOR_CREDIT,
/Killer/overview,site/docs/Killer/overview.mdx,mdx,2,Killer,,yes,Real Killer,Real Killer,Who killed Charlie Kirk? These are the theories investigators are pursuing:,image,/img/evidence/2cc12ca473c24ae21c7bdc61ea68999c6cf66d095744089f448c16b6b55a0e87.jpg,QmXPTRX9pgrnx1bKDLKetkN32v5hehYmz7zDDqXbv7c6u1,This image is a screenshot of a social media post from a user named Zeb Boykin on X (formerly Twitter).,ck-4sq-stack,no,CK_AUTHOR_CREDIT,
/Killer/tyler-robinson,site/docs/Killer/tyler-robinson.mdx,mdx,3,Killer,Killer,no,Theory: Tyler Robinson — Official Suspect,Theory: Tyler Robinson — Official Suspect,Tyler Robinson is the individual charged by the State of Utah with the assassination of Charlie Kirk. This page presents both the official case against…,none,,,,none,no,CK_AUTHOR_CREDIT,
/Killer/us-intelligence,site/docs/Killer/us-intelligence.mdx,mdx,3,Killer,Killer,no,Theory: US Intelligence,Theory: US Intelligence,"The U.S. Intelligence theory holds that domestic agencies — the CIA, FBI, or elements within them — either carried out or enabled the assassination of…",none,,,,none,no,CK_AUTHOR_CREDIT,
/FBI/Ballistics_Forensics,site/docs/FBI/Ballistics_Forensics.mdx,mdx,3,FBI,FBI,no,Ballistics & Forensics,Ballistics & Forensics,"FBI and ATF ballistics handling in the Tyler Robinson case — the ATF report, CBLA allegations, Virtual Comparison Microscopy, DNA mixtures, and defense access questions.",image,/img/evidence/613bc51ae92d9f4891f660da5cc33289b69c135a9b96ac84637d142341702934.jpg,QmVmkgcnF6ebjjKFfguuwAe7s5GJt87nTyp4oHhMocUqJ9,"An eye-level, medium-wide shot of four law enforcement investigators gathered at the edge of a grassy area bordering a dense, dark treeline.",ck-4sq-stack,no,CK_AUTHOR_CREDIT,
/FBI/Black_Clothing_Photo,site/docs/FBI/Black_Clothing_Photo.mdx,mdx,3,FBI,FBI,no,Black Clothing Photo Discrepancy,Black Clothing Photo,Reported mismatch between the suspect photo shown to construction workers by sheriffs and the image the FBI released publicly — the all-black-clad figure question.,image,/img/evidence/6374ce5474cd451470e75f86082baf41d577e92a1670d8ec118fa9767a6f13aa.jpg,QmTChF2pcyeUkBb2QN7AkZaaxjFKFrGYsWfri6XGLJFMUA,"This is a low-resolution, high-angle security camera image depicting a suburban residential street on a sunny day.",ck-4sq-stack,no,CK_AUTHOR_CREDIT,
/FBI/Bomb_Dogs,site/docs/FBI/Bomb_Dogs.mdx,mdx,3,FBI,FBI,no,Bomb Dogs Standdown,Bomb Dogs Standdown,Reported claim that the FBI did not want bomb-sniffing dogs to search certain areas at the Charlie Kirk crime scene.,image,/img/evidence/b90230630e18be4dc0ac4bf2ae7ff4ae69216058dbb4e731e3ca88561be86e46.jpg,QmTcA37prTQA5JtGYAH5JCvr53XN7221XQJr1nGt3tr1Uf,"This is a satellite map image annotated with a timeline and route details tracing the movements of a suspect referred to as a &quot;bomber&quot; in Washington, D.C.",ck-4sq-stack,no,CK_AUTHOR_CREDIT,
/FBI/CIA_Block,site/docs/FBI/CIA_Block.mdx,mdx,3,FBI,FBI,no,CIA–FBI Conflict,CIA–FBI Conflict,Mike Glover's reported claim that CIA personnel were physically blocked by the FBI from advancing aspects of the Charlie Kirk investigation.,image,/img/evidence/b5e3017d380710281d697acad8cbdb410afa92b1d573a9ab590cb5a92c15c1ef.jpg,QmcrY4aZkQduMH7eBXFixxBxARoS5ZwAzySPCrGttbzFnN,"This is a low-resolution, slightly blurry still from a video shot outdoors on a bright, sunny day.",ck-4sq-stack,no,CK_AUTHOR_CREDIT,
/FBI/Connecticut,site/docs/FBI/Connecticut.mdx,mdx,3,FBI,FBI,no,FBI Connecticut,FBI Connecticut,"The Connecticut FBI office's reported role in the Charlie Kirk investigation — ADL co-location, out-of-jurisdiction deployment, and open verification questions.",none,,,,none,no,CK_AUTHOR_CREDIT,
/FBI/Crime_Scene_Paving,site/docs/FBI/Crime_Scene_Paving.mdx,mdx,3,FBI,FBI,no,Crime Scene Paving,Crime Scene Paving,Reported claims that the Utah governor and Kash Patel's FBI ordered rapid paving over the UVU crime scene — Dan Merrell's on-camera account.,image,/img/evidence/f897b709fd6b718766c25ebfa65f1d95e44ee8e8203fd99abd2d513e3e9b3495.jpg,QmYcVieCeMHTrQHNsgq2zoBWBfhSZ5jh2t4KWv84pi7fmL,This is a digital screenshot of a social media post on the platform X (formerly Twitter) by an account named &quot;Project Constitution&quot; with the handle &quot;@ProjectConstitu&quot;.,ck-4sq-stack,no,CK_AUTHOR_CREDIT,
/FBI/Discovery_Delays,site/docs/FBI/Discovery_Delays.mdx,mdx,3,FBI,FBI,no,Discovery & Access Delays,Discovery & Access Delays,"Reported fights over FBI and ATF discovery in State v. Tyler Robinson — sealed warrants, withheld DNA data, and denied defense access to forensic testing.",none,,,,none,no,CK_AUTHOR_CREDIT,
/FBI/Enhanced_Suspect_Photos,site/docs/FBI/Enhanced_Suspect_Photos.mdx,mdx,3,FBI,FBI,no,Enhanced Suspect Photos,Enhanced Suspect Photos,Questions about FBI 'enhanced' stairwell photos released after Tyler Robinson was reportedly already in custody — and Kash Patel's reported admission the images were enhanced.,none,,,,none,no,CK_AUTHOR_CREDIT,
/FBI/Evidence_Footage,site/docs/FBI/Evidence_Footage.mdx,mdx,3,FBI,FBI,no,Evidence & Footage Preservation,Evidence & Footage Preservation,"Questions about higher-fidelity recordings, selective footage release, and the chain-of-custody record for evidence in the Charlie Kirk case.",none,,,,none,no,CK_AUTHOR_CREDIT,
/FBI/FBI_Investigation,site/docs/FBI/FBI_Investigation.mdx,mdx,3,FBI,FBI,no,FBI Investigation,FBI Investigation,"Working investigative memo on the FBI's role in the Charlie Kirk case — federal posture, evidence handling, and the open questions that compel transparency.",none,,,,none,no,CK_AUTHOR_CREDIT,
/FBI/Foreign_Leads,site/docs/FBI/Foreign_Leads.mdx,mdx,3,FBI,FBI,no,Foreign Leads Blocked,Foreign Leads Blocked,Reported claims that the FBI halted Joe Kent's NCTC foreign-nexus inquiry while publicly citing foreign intelligence assistance in the Charlie Kirk investigation.,none,,,,none,no,CK_AUTHOR_CREDIT,
/FBI/Gag_Orders,site/docs/FBI/Gag_Orders.mdx,mdx,3,FBI,FBI,no,Gag Orders & Public Silence,Gag Orders,"Reported gag orders and FBI-driven public silence in the Charlie Kirk case — court restrictions, witness silencing, and the Charlie Kirk Show exception.",none,,,,none,no,CK_AUTHOR_CREDIT,
/FBI/Hospital_Footage_Seizure,site/docs/FBI/Hospital_Footage_Seizure.mdx,mdx,3,FBI,FBI,no,Hospital Footage Seizure,Hospital Footage Seizure,Reported claims that the FBI quickly seized interior surveillance footage from Timpanogos Regional Hospital during the Charlie Kirk emergency response.,none,,,,none,no,CK_AUTHOR_CREDIT,
/FBI/Kash_Patel_Briefings,site/docs/FBI/Kash_Patel_Briefings.mdx,mdx,3,FBI,FBI,no,Kash Patel Press Briefings,Kash Patel Briefings,"FBI Director Kash Patel's public briefings after the Charlie Kirk assassination — the Valhalla remark, the 33-hour emphasis, and questions about selective low-quality video release.",image,/img/evidence/e13dfc3f2b185b822739953a01cc40c51a4e139abb6bc66bfa7c7b1ff5f6154c.jpg,QmaA2q8DF3cEtEF5wwJ2UrgMsP6ADMUseyBGsTMUD51B3S,"This image is a digital collage comprising two television news screenshots stacked vertically, overlaid with red borders, yellow date/time text at the top, white labels…",ck-4sq-side,no,CK_AUTHOR_CREDIT,
/FBI/Official_Narrative,site/docs/FBI/Official_Narrative.mdx,mdx,3,FBI,FBI,no,Official Narrative Claims,Official Narrative Claims,"Reported FBI and government narrative elements in the Charlie Kirk case — confession claims, the father turning Tyler in, suicidal framing, and lone-gunman messaging.",none,,,,none,no,CK_AUTHOR_CREDIT,
/FBI/Rigged_Mic_Explains_Anomalies,site/docs/FBI/Rigged_Mic_Explains_Anomalies.mdx,mdx,3,FBI,FBI,no,Would a Rigged Mic Explain the Anomalies? (Claims),Rigged Mic Explains?,"Six investigative anomalies that citizen researchers argue a rigged RODE mic with a shaped charge would explain — bomb dogs, paving, the necklace search, no Losee shooter footage, no GSR test, and Farnsworth's footage.",image,/img/evidence/2d7bf7f501b5b6a1ef0fe97ddb148aa09905bc89ff643e50aa7c2f3cc2c2b4d7.jpg,QmV17LEQJKdbiQuPysJkfSpWyL32TYrRP3nwhhgbPZ14Ch,"This is a slightly blurry, vertically oriented screengrab from a social media video showing a group of media professionals, including camera operators and photographers, gathered…",ck-4sq-side,no,CK_AUTHOR_CREDIT,
/FBI/SLC_Field_Office,site/docs/FBI/SLC_Field_Office.mdx,mdx,3,FBI,FBI,no,Salt Lake City Field Office,Salt Lake City Field Office,"The Salt Lake City FBI field office leadership transition reported one month before the Charlie Kirk incident, and why the timing warrants review.",image,/img/evidence/a1d5c5a9d979ccdbe43867423fa830fe717df089e19f6ec7cd18e03b6688af2b.jpg,Qmf1HFaWKHyAg8CGMuNU9qatS8RJUEq9JQcFTmGpKVwzDe,This is a digital graphic featuring a text block excerpt from a news report regarding the internal personnel decisions of the FBI.,ck-4sq-side,no,CK_AUTHOR_CREDIT,
/FBI/Security_Team_Clothing_Seized,site/docs/FBI/Security_Team_Clothing_Seized.mdx,mdx,3,FBI,FBI,no,Security Team Clothing Seized,Security Team Clothing Seized,"Reported claims that the FBI took the clothing of members of Charlie Kirk's security detail — down to their underwear — after the September 10, 2025 shooting, and the unanswered question of what was done with those items.",none,,,,none,no,CK_AUTHOR_CREDIT,
/FBI/Witness_Coordination,site/docs/FBI/Witness_Coordination.mdx,mdx,3,FBI,FBI,no,Witnesses & Local Coordination,Witnesses & Local Coordination,"Reported claims that local officers or witnesses were discouraged from speaking, and the corroboration protocols needed to vet them.",none,,,,none,no,CK_AUTHOR_CREDIT,
/FBI/overview,site/docs/FBI/overview.mdx,mdx,2,FBI,,yes,FBI,FBI,"The FBI's role in the Charlie Kirk case — federal posture, ballistics stewardship, witness coordination, press briefings, and the open questions that compel transparency.",image,/img/evidence/f78f3a3ede1a3bbfda3cfd42d80f52f48dc1aedb7cfa2f64f5afb598372c125f.jpg,,"Visual Representation of Reported Injuries — anatomical chart marking, in red, the reported injury locations across the front and back torso, the neck, the internal chest, and two views of the brain.",ck-4sq-side,no,CK_AUTHOR_CREDIT,
/Consciousness_Control/brain-to-brain-communications,site/docs/Consciousness_Control/brain-to-brain-communications.mdx,mdx,3,Consciousness_Control,Consciousness_Control,no,Brain-to-Brain Communications,Brain-to-Brain Communications,"Brain-to-brain interfaces — peer-reviewed lab limits vs alleged operational IC systems, X discourse, and the political-shooter cover problem.",none,,,,none,no,H2_INTERESTING,
/Consciousness_Control/cia-darpa-havana-mind-control,site/docs/Consciousness_Control/cia-darpa-havana-mind-control.mdx,mdx,3,Consciousness_Control,Consciousness_Control,no,"CIA, DARPA and DEW Mind Control","CIA, DARPA and DEW Mind Control","A 23-minute July 2026 compilation arguing CIA and DARPA involvement in Havana Syndrome — with the underlying patents, the 1994 Air Force New World Vistas passage, DARPA's N3 program, and a line-by-line separation of what is documented from what is asserted.",none,,,,none,no,H2_INTERESTING,
/Consciousness_Control/communication-by-consciousness,site/docs/Consciousness_Control/communication-by-consciousness.mdx,mdx,3,Consciousness_Control,Consciousness_Control,no,Communication by Consciousness,Communication by Consciousness,"Claims of consciousness-level communication — Stargate remote viewing, pure telepathy vs electronic synthetic telepathy, and why IC interest does not equal proven UVU use.",none,,,,none,no,H2_INTERESTING,
/Consciousness_Control/covert-communications,site/docs/Consciousness_Control/covert-communications.mdx,mdx,3,Consciousness_Control,Consciousness_Control,no,Covert Communications,Covert Communications,Covert communications tradecraft vs implant/nanotech claims — and how invisible channels create 'crazy lone shooter' covers without exotic physics.,none,,,,none,no,H2_INTERESTING,
/Consciousness_Control/directed-energy-weapons,site/docs/Consciousness_Control/directed-energy-weapons.mdx,mdx,3,Consciousness_Control,Consciousness_Control,no,Directed Energy Weapons,Directed Energy Weapons,"Directed energy weapons — lasers, HPM, ADS, pulsed RF, Voice of God / V2K overlap — what is fielded vs alleged, and why DEW discourse maps to 'crazy shooter' covers.",none,,,,none,no,H2_INTERESTING,
/Consciousness_Control/havana-syndrome,site/docs/Consciousness_Control/havana-syndrome.mdx,mdx,3,Consciousness_Control,Consciousness_Control,no,Havana Syndrome,Havana Syndrome,"Havana Syndrome — anomalous health incidents, pulsed RF findings vs IC denial, Voice of God / V2K overlap, X whistleblower discourse, and why the 'crazy person' cover matters.",none,,,,none,no,H2_INTERESTING,
/Consciousness_Control/overview,site/docs/Consciousness_Control/overview.mdx,mdx,2,Consciousness_Control,Consciousness_Control,yes,Consciousness Control,Mind Control (Tyler?),"Consciousness-control claims relevant to the Charlie Kirk case — Havana Syndrome, Voice of God / V2K, directed energy, brain-to-brain research, and why intelligence services would want shooters who look 'crazy.'",none,,,,none,no,H2_INTERESTING,
/Consciousness_Control/_research/index,site/docs/Consciousness_Control/_research/00_index.md,md,3,Consciousness_Control,,no,Consciousness Control Research Index,Consciousness Control Research Index,,none,,,,none,no,EOF,
/Consciousness_Control/_research/havana_syndrome,site/docs/Consciousness_Control/_research/01_havana_syndrome.md,md,3,Consciousness_Control,,no,Research: Havana Syndrome / Anomalous Health Incidents,Research: Havana Syndrome / Anomalous Health Incidents,,none,,,,none,no,EOF,
/Consciousness_Control/_research/voice_of_god_v2k,site/docs/Consciousness_Control/_research/02_voice_of_god_v2k.md,md,3,Consciousness_Control,,no,Research: Voice of God / V2K / Microwave Hearing,Research: Voice of God / V2K / Microwave Hearing,,none,,,,none,no,EOF,
/Consciousness_Control/_research/brain_to_brain,site/docs/Consciousness_Control/_research/03_brain_to_brain.md,md,3,Consciousness_Control,,no,Research: Brain-to-Brain Communications,Research: Brain-to-Brain Communications,,none,,,,none,no,EOF,
/Consciousness_Control/_research/directed_energy,site/docs/Consciousness_Control/_research/04_directed_energy.md,md,3,Consciousness_Control,,no,Research: Directed Energy Weapons,Research: Directed Energy Weapons,,none,,,,none,no,EOF,
/Consciousness_Control/_research/communication_by_consciousness,site/docs/Consciousness_Control/_research/05_communication_by_consciousness.md,md,3,Consciousness_Control,,no,Research: Communication by Consciousness,Research: Communication by Consciousness,,none,,,,none,no,EOF,
/Consciousness_Control/_research/covert_comms_and_shooter_framing,site/docs/Consciousness_Control/_research/06_covert_comms_and_shooter_framing.md,md,3,Consciousness_Control,,no,Research: Covert Comms + Political Shooter Framing,Research: Covert Comms + Political Shooter Framing,,none,,,,none,no,EOF,
/Consciousness_Control/_research/x_posts_digest,site/docs/Consciousness_Control/_research/07_x_posts_digest.md,md,3,Consciousness_Control,,no,X Posts Digest — Consciousness Control Topics,X Posts Digest — Consciousness Control Topics,,none,,,,none,no,EOF,
/Legal/Assassination-Investigation,site/docs/Legal/Assassination-Investigation.mdx,mdx,3,Legal,Legal,no,Assassination Investigation,Assassination Investigation,"How the criminal investigation into Charlie Kirk's death at Utah Valley University unfolded — timeline, agencies, evidence categories, and open questions from public reporting.",none,,,,none,no,CK_AUTHOR_CREDIT,
/Legal/DOJ_Prosecution_And_Secrecy,site/docs/Legal/DOJ_Prosecution_And_Secrecy.mdx,mdx,3,Legal,Legal,no,DOJ Prosecution and Evidence Secrecy,DOJ Prosecution & Secrecy,"The Department of Justice's prosecutorial approach to the Tyler Robinson case and questions raised in public commentary about sealed evidence, classification, and transparency. Presented as claims and open questions, not findings of government wrongdoing.",none,,,,none,no,CK_AUTHOR_CREDIT,
/Legal/Evidence-Sealing-2026,site/docs/Legal/Evidence-Sealing-2026.mdx,mdx,3,Legal,Legal,no,Evidence Sealing 2026,Evidence Sealing 2026,"How sealed warrants, gag orders, and restricted discovery in the Tyler Robinson case limit public access to evidence — and what is scheduled for release in 2026.",none,,,,none,no,CK_AUTHOR_CREDIT,
/Legal/FBI-Local-Coordination,site/docs/Legal/FBI-Local-Coordination.mdx,mdx,3,Legal,Legal,no,FBI–Local Coordination,FBI–Local Coordination,"How the FBI and Utah local agencies coordinated on the Charlie Kirk case — on-scene response, jurisdictional roles, and reported claims about witness access.",none,,,,none,no,CK_AUTHOR_CREDIT,
/Legal/FBI-Witness-Intimidation,site/docs/Legal/FBI-Witness-Intimidation.mdx,mdx,3,Legal,Legal,no,FBI Witness Intimidation (Claims),FBI Witness Intimidation (Claims),Reported allegations that FBI personnel asked witnesses to delete footage and that post-event counseling sessions intimidated UVU attendees — presented as unverified claims.,none,,,,none,no,CK_AUTHOR_CREDIT,
/Legal/Official-Statements,site/docs/Legal/Official-Statements.mdx,mdx,3,Legal,Legal,no,Official Statements,Official Statements,"A guide to major government and law-enforcement statements on the Charlie Kirk case — what was said, when, and where public accounts diverge or were corrected.",none,,,,none,no,CK_AUTHOR_CREDIT,
/Legal/Parent-Attorney-Selection,site/docs/Legal/Parent-Attorney-Selection.mdx,mdx,3,Legal,Legal,no,Parent and Attorney Selection,Parent and Attorney Selection,"How Tyler Robinson's defense counsel was appointed, who represents him, and what public commentary has claimed about attorney-selection timing — without implying misconduct.",image,/img/evidence/74d3a21df0be3de21b31dad71e8aa2a645f35056c8b11c04da99dbe9bba4e299.jpg,Qme69EQDGgZfxJuZw6HmDeXbGnUFbUCs3SLhTpaYNByzvn,This is a low-resolution screenshot of a mobile Wikipedia article titled &quot;Herzog family.&quot; The page displays a brief introductory paragraph about the notable Jewish family…,ck-4sq-side,no,CK_AUTHOR_CREDIT,
/Legal/overview,site/docs/Legal/overview.mdx,mdx,2,Legal,,yes,Legal,Legal,"The legal dimension of the Charlie Kirk case — court proceedings, evidence handling, gag orders, and the legal investigation into the September 10, 2025 Utah Valley University shooting.",image,/img/evidence/1dc5b70fd58f58c2732584608da59b150b70cf889e0b3102bb996f59c352d623.jpg,QmU3mAzDnWq4u8usuDyZcv5hbqW9sRuQuZMu81jU1ebEhR,"This is a vertical digital screenshot of a two-page legal document, shown within a digital viewer or browser interface.",ck-4sq-side,no,CK_AUTHOR_CREDIT,
/analysis_documentation/overview,site/docs/analysis_documentation/overview.mdx,mdx,2,analysis_documentation,,yes,Analysis Documentation,Analysis Documentation,This directory contains comprehensive analysis and documentation related to the Charlie Kirk investigation.,image,/img/evidence/250c2cab66f7e306e755d55eb18618ee79925966ae1964ac5b9a1dd0cd92587c.jpg,QmeN5MTv4HRokxdZBo6z7d4R6PSQrmHemRa5q5QxzwKSZk,This image is a 3x2 grid of six forensic laboratory photographs documenting two specimens of rifle ammunition.,ck-4sq-stack,no,CK_AUTHOR_CREDIT,
/Timeline/23-shooting-time,site/docs/Timeline/12-23-shooting-time.mdx,mdx,3,Timeline,Timeline,no,Shooting Time Disputes (12:23 vs 12:27 MDT),Shooting Time Disputes,"A second-by-second chronology of the disputed shot minute at UVU — 12:23:30 PM MDT on video, 12:26 PM in the first dispatch log, 12:27 PM in unsourced summaries — and what each version does to roof-egress and death-pronouncement math.",image,/img/evidence/e13dfc3f2b185b822739953a01cc40c51a4e139abb6bc66bfa7c7b1ff5f6154c.jpg,QmaA2q8DF3cEtEF5wwJ2UrgMsP6ADMUseyBGsTMUD51B3S,"This image is a digital collage comprising two television news screenshots stacked vertically, overlaid with red borders, yellow date/time text at the top, white labels…",ck-4sq-side,no,CK_AUTHOR_CREDIT,
/Timeline/2025,site/docs/Timeline/2025.mdx,mdx,3,Timeline,Timeline,no,Timeline 2025,2025,"The full 2025 chronology in one place: legislative and appointment groundwork, the summer pressure campaign and flight activity, the September 8-10 cluster, the shooting and its immediate aftermath, and the autumn court and cover-up disputes.",none,,,,none,no,CK_AUTHOR_CREDIT,
/Timeline/2026,site/docs/Timeline/2026.mdx,mdx,3,Timeline,Timeline,no,Timeline 2026,2026,"The 2026 court calendar in State of Utah v. Tyler Robinson — Judge Tony F. Graf Jr's rulings, the March sealing fight, the April discovery stall, the June contempt finding, the five-day July preliminary hearing, and the September bind-over argument.",none,,,,none,no,CK_AUTHOR_CREDIT,
/Timeline/Charlie_Kirk,site/docs/Timeline/Charlie_Kirk.mdx,mdx,3,Timeline,Timeline,no,Charlie Kirk Timeline,Charlie Kirk,"Charlie Kirk's own chronology — 1993 birth, the 2012 founding of TPUSA, the 2019-2020 Groyper wars, the 2025 break with pro-Israel donors, and hour by hour through the final 72 hours of September 8-10, 2025.",none,,,,none,no,CK_AUTHOR_CREDIT,
/Timeline/Investigation_Index,site/docs/Timeline/Investigation_Index.mdx,mdx,3,Timeline,Timeline,no,Timeline Investigation Index,Investigation Index,"Chronological routing map for every Timeline page — 2024 signals, the July-September 2025 pre-shot arc, the Sept 10 day-of clock, the surrender and custody chain, and the post-shot legal and forensic milestones.",none,,,,none,no,CK_AUTHOR_CREDIT,
/Timeline/Sept_10_2025,site/docs/Timeline/Sept_10_2025.mdx,mdx,3,Timeline,Timeline,no,"September 10, 2025 – Day-of Timeline","Sept 10, 2025","Minute-by-minute chronology of September 10, 2025 in Utah time — Robinson camera sightings 8:07-11:49 AM, the 12:23 PM shot, SUV transport, death pronouncement, evening manhunt and flight activity.",none,,,,none,no,CK_AUTHOR_CREDIT,
/Timeline/Sept_8_to_13,site/docs/Timeline/Sept_8_to_13.mdx,mdx,3,Timeline,Timeline,no,"September 8–13, 2025: Full Timeline",Sept 8–13,"The compressed six-day core of the Charlie Kirk case — the Sept 8 pro-Israel exit post and the Fort Huachuca SAM-702 flight, the Sept 9 Shapiro appearance and high-pressure meeting, the 12:23 PM Sept 10 shot, and the Sept 11-13 surrender, Miranda, Discord and booking chain.",none,,,,none,no,CK_AUTHOR_CREDIT,
/Timeline/Tyler_Robinson,site/docs/Timeline/Tyler_Robinson.mdx,mdx,3,Timeline,Timeline,no,Tyler Robinson Timeline,Tyler Robinson,"Master chronology of Tyler Robinson's reported movements from September 9, 2025 through booking, charging, and the ongoing capital case — with the custody, Miranda, and confession-order conflicts shown side by side. All times Mountain Time.",none,,,,none,no,CK_AUTHOR_CREDIT,
/Timeline/Year_2024,site/docs/Timeline/Year_2024.mdx,mdx,3,Timeline,Timeline,no,2024 Pre-Event Timeline,Year 2024,"Everything citizen researchers place in 2024 — the August UVU building searches, the December location searches, the Dec 8-14 Kathryn Nester spike, and the capability and insurance events that later get cited — with the limits of Google Trends stated plainly.",image,/img/evidence/4226b8db5485a5a29c12dd31bd9e0fbe2547d8d4f2046ab52a321794a735b623.jpg,QmdaxrozFuwnGKsQZ3Q5BxzCJZLGujKHwAFh6mFbhjS9dr,This is a digital graphic featuring a typed itinerary of travel routes organized by year from 2022 to 2025.,ck-4sq-stack,no,CK_AUTHOR_CREDIT,
/Timeline/Year_2025,site/docs/Timeline/Year_2025.mdx,mdx,3,Timeline,Timeline,no,2025 Context Timeline,Year 2025,"The full 2025 pressure arc month by month — donor and Israel-policy friction, TPUSA internal politics, foreign aircraft movements, the July 31 White House meeting, the Hamptons intervention, and the September collapse into September 10.",image,/img/evidence/4226b8db5485a5a29c12dd31bd9e0fbe2547d8d4f2046ab52a321794a735b623.jpg,QmdaxrozFuwnGKsQZ3Q5BxzCJZLGujKHwAFh6mFbhjS9dr,This is a digital graphic featuring a typed itinerary of travel routes organized by year from 2022 to 2025.,ck-4sq-stack,no,CK_AUTHOR_CREDIT,
/Timeline/arrest-booking-affidavit-timeline,site/docs/Timeline/arrest-booking-affidavit-timeline.mdx,mdx,3,Timeline,Timeline,no,"Arrest, Booking & Probable Cause Affidavit Timeline",Arrest & Affidavit,"Document-anchored chronology of the arrest: what the Affidavit of Probable Cause asserts and at what times, the Utah County inmate booking sheet, the police computer system arrest record, the charging documents, and every interval where the three documents contradict each other.",image,/img/evidence/2cff07707dd5eea61b68334052303f2bc5f73dbac560bf7d0544a31df5b3fd14.jpg,Qmbt51rqPhrrJ4ii7yM6w3aRvWCG5Lf5qKKabPbouEGVsn,This is a composite image showing a screenshot of a Facebook post on the right and a corresponding video frame on the left.,ck-4sq-stack,no,CK_AUTHOR_CREDIT,
/Timeline/audio-acoustic-mic-timeline,site/docs/Timeline/audio-acoustic-mic-timeline.mdx,mdx,3,Timeline,Timeline,no,"Audio, Acoustic & Mic Timeline (Shot Timing & Analysis)",Audio & Mic,"Two clocks in one: the millisecond acoustic sequence captured on the Canon XA55 at 12:23:30 PM, and the month-by-month emergence of the RODE transmitter, under-shirt mic, shirt-pull and burnt-object claims that challenge the roof origin.",image,/img/evidence/9b2e11f9531c66fd9870799d06ab52962c0c5cb1527706868ced03b4a04eb583.jpg,QmR1Sek9H1Vm6ECGpWFRajEGcrFYsZ5gyUfgpPUkns3o9T,This is a digital screenshot of a post on the social media platform X (formerly Twitter) by the user &quot;Sword Truth&quot; (@SwordTruth).,ck-4sq-side,no,CK_AUTHOR_CREDIT,
/Timeline/autopsy-forensic-timeline,site/docs/Timeline/autopsy-forensic-timeline.mdx,mdx,3,Timeline,Timeline,no,"Autopsy, Forensic & Medical Examiner Timeline",Autopsy & Forensics,"The forensic chronology — the May 2025 autopsy-photo law, the July 2025 medical examiner change, the OR and pronouncement times, the death certificate question, the mystery-signatory claim, wound-description conflicts, and the ATF-to-FBI ballistics testing sequence.",image,/img/evidence/56814b12ee34d92461d217055729025d592d3989ec7be11eb5bf11c6b864134b.jpg,QmdPEHXBTvADqxMBu5dhwX8pZikRT9xEUbFeBeZxRVbojp,"This eye-level medium shot captures a portion of a modern, brutalist-style concrete building facade with a metal extension ladder leaning against it.",ck-4sq-stack,no,CK_AUTHOR_CREDIT,
/Timeline/baron-coleman-timeline,site/docs/Timeline/baron-coleman-timeline.mdx,mdx,3,Timeline,Timeline,no,Baron Coleman Allegations & Timeline,Baron Coleman,"Date-ordered record of attorney and radio host Baron Coleman's public claims about the Charlie Kirk case — the custody-versus-Discord-confession argument, the Bates 003996-R2 Miranda reading, the 'grave danger' prediction, the enhanced-photo criticism, and his public-records work. Attributed opinion throughout.",image,/img/evidence/e621d3918ad765435a9df6cfd362a138a6b6aff1cfe2da6bda414afe173b7aa4.jpg,Qma8AkFdReebQA1KN2g1ovfBJPYKDMY5J1VwtLz1zCLaxf,"This is a screenshot of a social media post on X (formerly Twitter) by user Baron Coleman (@baroncoleman), dated November 20, 2025.",ck-4sq-side,no,CK_AUTHOR_CREDIT,
/Timeline/camera-sightings-tyler-robinson,site/docs/Timeline/camera-sightings-tyler-robinson.mdx,mdx,3,Timeline,Timeline,no,Surveillance Cameras: Tyler Robinson Sightings Timeline,Camera Sightings,"Every timestamped camera frame attributed to Tyler Robinson across September 10-11, 2025 — Ring and WYZE doorbell captures, UVU campus cameras, the stairwell and rooftop stills, the low-resolution released video, the clothing seams, and the intervals where no footage has been released.",none,,,,none,no,CK_AUTHOR_CREDIT,
/Timeline/candace-owens-timeline,site/docs/Timeline/candace-owens-timeline.mdx,mdx,3,Timeline,Timeline,no,Candace Owens Public Statements & Releases Timeline,Candace Owens,"What Candace Owens said and released, in order: the September 9 three-sources claim, the donor texts, the 'it was supposed to be you' account, the flight-log episodes, the June 2026 SUV photographs, and the disputes that followed. Living person — strict attribution.",none,,,,none,no,CK_AUTHOR_CREDIT,
/Timeline/cell-tower-phone-data-timeline,site/docs/Timeline/cell-tower-phone-data-timeline.mdx,mdx,3,Timeline,Timeline,no,"Cell Tower, Phone Data & Movement Timeline (Claims)",Cell & Phone Data,"A device-data chronology: the cell-ping gaps in the charged route, the claimed 44 foreign phones and 16 Israeli-registered devices at UVU, the NSA Bumblehive retention argument, the Cellebrite extractions and Discord timestamps, and which records exist but have never been released.",image,/img/evidence/ebf6f808c5166b5b6ad3aadb03ff6b603e54029c99baf2ae206c05e1cb64a4cb.jpg,QmVyEmgUmGwKtULSSYYd8sEnqxah9qS6eh4AY13SviM8pz,"This is a medium-telephoto, eye-level shot of the top section of a telecommunications cell tower.",ck-4sq-stack,no,CK_AUTHOR_CREDIT,
/Timeline/censorship-information-control-timeline,site/docs/Timeline/censorship-information-control-timeline.mdx,mdx,3,Timeline,Timeline,no,"Censorship, Platform Activity & Information Control Timeline",Censorship,"An information-control chronology: the Google Trends anomalies from December 2024 through the Sept 9 n888kg spike, the video takedowns and account actions, the witness phones said to have been wiped, the cease-and-desist letters to investigators, and the December 16 gag order.",image,/img/evidence/52deddaff010b90c6b47311b55faf21f531a21602a1a7ff246bb5756d69b2883.webp,QmXhRuEMFucbWSjZqangwcAtW6pNgpWaMBsrn7o5GUtGUc,This image is a portrait-orientation screenshot of a mobile phone screen displaying a social media feed on X (formerly Twitter).,ck-4sq-side,no,CK_AUTHOR_CREDIT,
/Timeline/custody-surrender-mirandizing-timeline,site/docs/Timeline/custody-surrender-mirandizing-timeline.mdx,mdx,3,Timeline,Timeline,no,"Custody, Surrender & Mirandizing Timeline (September 11–12)",Custody & Surrender,"The September 11-12 custody chain minute by minute: the family call, Sheriff Nate Brooksby's 8:02 PM account, the 6:25 PM Miranda video timestamp, the 10:00 PM Sept 11 booking-sheet arrest time against the 4:00 AM Sept 12 affidavit, transport to the Utah County Jail, booking #460956, and the dispute over whether Tyler Robinson turned himself in at all.",none,,,,none,no,CK_AUTHOR_CREDIT,
/Timeline/custody-vs-discord-confession-timeline,site/docs/Timeline/custody-vs-discord-confession-timeline.mdx,mdx,3,Timeline,Timeline,no,6:25 PM Custody vs Discord Confession Timeline Conflict,Custody vs Discord,"Hour-by-hour reconstruction of September 11, 2025: the 6:25 PM Miranda timestamp in a Washington County video exhibit versus the 7:57 PM Discord confession, the 10:00 PM booking-sheet arrest entry, the 4:00 AM affidavit — and the official counterargument.",none,,,,none,no,CK_AUTHOR_CREDIT,
/Timeline/discovery-brady-evidence-timeline,site/docs/Timeline/discovery-brady-evidence-timeline.mdx,mdx,3,Timeline,Timeline,no,"Discovery, Brady & Evidence Timeline (2025–2026)",Discovery & Brady,"Docket-by-docket chronology of evidence handling in State v. Robinson — preservation orders, the October 2025 discovery protective order, sealed transcripts, the Jan 21 2026 FedEx discovery list, the 600,000-file production, withheld raw DNA data, the destroyed SUV and the deleted surrender video.",none,,,,none,no,CK_AUTHOR_CREDIT,
/Timeline/dispatch-radio-scanner-timeline,site/docs/Timeline/dispatch-radio-scanner-timeline.mdx,mdx,3,Timeline,Timeline,no,"Dispatch, Police Radio & Scanner Timeline — September 10",Dispatch & Scanner,"What the Utah police radio actually carried on September 10, 2025: the 12:26 first report, the all-black suspect description, 911 calls near the Fulton Library, the Zinn detention, the hospital-car chase that the hospital denied, and where the tapes diverge from the press timeline.",image,/img/evidence/f1b1ae86764e5200991b18e3ba641075eeb5f8488a7b920a5a66b8a522ae93b2.jpg,QmVYRRc1vSEyqx3WSD3JzV3fWrwfcLEfDRpGsd63vsn3eS,This is an informational or conspiratorial diagram superimposed over a photograph of a black metal utility pole mounted with various electronic surveillance and transmission…,ck-4sq-stack,no,CK_AUTHOR_CREDIT,
/Timeline/distraction-events-timeline,site/docs/Timeline/distraction-events-timeline.mdx,mdx,3,Timeline,Timeline,no,Distraction Events Timeline — September 10–11,Distraction Events,"How the first 33 hours of coverage were consumed: George Zinn's shout and detention, the Zachariah Qureshi detention and release, two separate false 'suspect in custody' news cycles, the parallel weapon scares, and what was still unresolved when the September 11 surrender began.",none,,,,none,no,CK_AUTHOR_CREDIT,
/Timeline/erika-kirk-timeline,site/docs/Timeline/erika-kirk-timeline.mdx,mdx,3,Timeline,Timeline,no,"Erika Kirk: Events, Statements & Timeline",Erika Kirk,"A dated chronology of Erika Kirk's reported movements, calls, statements and filings around September 10, 2025 — the 12:23 PM call she describes, the 55-hour 'evil do-ERs' speech, the 8-day gap to the TPUSA CEO announcement, and the filings that followed. Strict attribution; no allegation of wrongdoing.",image,/img/evidence/e0b9e32b67f18e795a496db4c2a23ff3ecf28f527551a5c0d00e932d82ca2802.jpg,QmbS9cTaZqqQrz2tnD7oUVmkif8vrNVFoBJ1V96CnLJE5k,"This is a digital screenshot of a detailed spreadsheet, likely hosted on a cloud-based software program like Google Sheets.",ck-4sq-stack,no,CK_AUTHOR_CREDIT,
/Timeline/fbi-involvement-timeline,site/docs/Timeline/fbi-involvement-timeline.mdx,mdx,3,Timeline,Timeline,no,FBI Involvement & Announcements Timeline,FBI Involvement,"The FBI's chronology in the Charlie Kirk case — the August 2025 field-office change, the detained-and-released announcement, enhanced photo releases while Robinson was reportedly already in custody, the halting of other agencies' inquiries, the ATF-to-FBI ballistics transfer, and records responses.",image,/img/evidence/1e9261e5157c1e0a851ddd133c1158bed960e2c0285e1cd136da7dc08b32ef25.jpg,QmZRYmQkb61URur7WAyRSs6rhCGRyLm4Eh6yh3ySjqqAEE,"This is a digital screenshot of a word processing document, specifically Google Docs, containing a chronological timeline of events for the year 2024.",ck-4sq-stack,no,CK_AUTHOR_CREDIT,
/Timeline/foreign-leaders-meeting-july-20,site/docs/Timeline/foreign-leaders-meeting-july-20.mdx,mdx,3,Timeline,Timeline,no,"Foreign Leaders Meeting on U.S. Soil (July 20, 2025, Claims)",Foreign Leaders Meeting (July 20),A dated chronology of the July 2025 window around the alleged foreign-leaders military meeting on U.S. soil and the SU-BTT jet's reported first-ever U.S. arrival at a Nebraska Army base the same day — with the competing July 20 vs August 17 first-arrival accounts laid side by side.,none,,,,none,no,CK_AUTHOR_CREDIT,
/Timeline/funeral-memorial-timeline,site/docs/Timeline/funeral-memorial-timeline.mdx,mdx,3,Timeline,Timeline,no,"Funeral, Memorial & Immediate Aftermath Timeline",Funeral & Memorial,"September 10, 2025 onward — the family notification chain, the casket flight, the 55-hour speech, memorial planning and the stadium service, attendees and speakers, the TPUSA succession announcement, the honors that followed, and the institutional resignations.",image,/img/evidence/779d6006c2e8d2162d85d75932be83cf9483d1b87e660cd330f7a8185eaad228.jpg,QmSu4ftxXx1kt2ebmorDemeL3yDoRsD9EKUSDLkpeVzL23,"This low-resolution vertical image captures a police officer wearing blue nitrile gloves crouched on a paved sidewalk, holding a bright green bag next to scattered debris.",ck-4sq-side,no,CK_AUTHOR_CREDIT,
/Timeline/hamptons-intervention-meeting,site/docs/Timeline/hamptons-intervention-meeting.mdx,mdx,3,Timeline,Timeline,no,Hamptons Intervention Meeting (Early August 2025),Hamptons Intervention,"Chronology of the reported early-August 2025 Hamptons gathering Charlie Kirk afterwards called an 'intervention' — the named attendees, the reported Netanyahu call and funding offer, his refusal of the Israel trip, and the disputed denial that followed.",image,/img/evidence/c7f4873d9ea9be6dd6d14dad0726f6991f296a800b9c7e1c240537b474b7f860.jpg,QmZDNoQmPsWUFWno6oVUCmzUnkfhZHo4jKSFiDdGDttYfJ,This is a digital screenshot of the Google Trends &quot;Explore&quot; web page showing a search comparison between four specific terms related to vehicle license plates and an aircraft tail…,ck-4sq-stack,no,CK_AUTHOR_CREDIT,
/Timeline/high-pressure-meeting-sept-9,site/docs/Timeline/high-pressure-meeting-sept-9.mdx,mdx,3,Timeline,Timeline,no,"High-Pressure Meeting (September 9, 2025)",High-Pressure Meeting (Sept 9),"Hour-by-hour chronology of September 9, 2025 — the reported combative meeting with pro-Israel figures, the alleged \""they are going to kill me\"" text sent during it, the Ben Shapiro appearance, and the documented UVU warnings that night.",image,/img/evidence/10b03bc9f7bca28790af2dba72f2a4ffb065e221000bcc0f9b3ef68e98609180.jpg,QmSdMzh3Q5Q47R3cUtQE7zEP7dPpdc8DLRmeQU6G49bira,"This is a high-altitude, top-down aerial or satellite image of a modern institutional or educational campus during the day.",ck-4sq-stack,no,CK_AUTHOR_CREDIT,
/Timeline/israel-events-pressure-timeline,site/docs/Timeline/israel-events-pressure-timeline.mdx,mdx,3,Timeline,Timeline,no,Israel-Related Events & Pressure Timeline 2025,Israel Events,"The Israel-linked 2025 chronology: the June 13 twelve-day war, Kirk's June 18 White House Iran advice, the July Netanyahu visit, the July 31 meeting TPUSA was absent from, the Hamptons intervention, the Sept 8 donor texts, the Sept 9 Shapiro appearance, and the Jerusalem Post timing question.",image,/img/evidence/dc07b5bd5c4a7214a003b71c7905fad6b32e888da22f9b08f39f18e65095d68d.jpg,QmTAahP39Qq6RCML16Xuk2LYrukQEmhPUg5XrYw1LxN8Wu,"Charlie Kirk Israel-related timeline graphic covering July through September 10, 2025, with each entry labeled confirmed, evidenced, disputed, or unverified",ck-4sq-side,no,CK_AUTHOR_CREDIT,
/Timeline/july-18-decision,site/docs/Timeline/july-18-decision.mdx,mdx,3,Timeline,Timeline,no,"July 18, 2025 \""Decision\"" Claim",July 18 Decision (Claims),"Day-by-day chronology of July 2025 around the unverified claim that a decision to target Charlie Kirk in Utah was made about July 18 — what is documented on each side of that date, and how citizen researchers arrived at it.",image,/img/evidence/5ed444d4585ab4a64f256a08cf562f48771691a0949953a2072c803640aeb662.jpg,QmUKc1JJKpvY7rm388JUtvB2ArecXvdEWgoi8Ybsrn1Gfy,"This is a digital screenshot of a text messaging conversation, appearing to be from a mobile chat application like WhatsApp in dark mode.",ck-4sq-stack,no,CK_AUTHOR_CREDIT,
/Timeline/kash-patel-manhunt-timeline,site/docs/Timeline/kash-patel-manhunt-timeline.mdx,mdx,3,Timeline,Timeline,no,Kash Patel Announcements & Manhunt Narrative Timeline,Kash Patel & Manhunt,"September 10-12, 2025 traced through one actor: the FBI Director's briefings, the detained-then-released reversals, suspect photos released relative to custody, the low-quality roof video, and the 33-hour manhunt figure.",image,/img/evidence/d6d6c5b3a053a5f75eee44e6d979d294ea4272c38f080981501d9f4a4b8b8457.jpg,QmfKrVmsNLot7f4w5Fjr28k3jcRsUk2BHQUGeGmHGzxwLK,This is a digital screenshot of a post on the social media platform X (formerly Twitter) by the user Candace Owens (@RealCandaceO).,ck-4sq-stack,no,CK_AUTHOR_CREDIT,
/Timeline/media-vs-citizen-investigation-timeline,site/docs/Timeline/media-vs-citizen-investigation-timeline.mdx,mdx,3,Timeline,Timeline,no,Media Coverage vs Citizen Investigation Timeline,Media vs Citizens,"Two parallel tracks from September 10, 2025 forward: what mainstream outlets reported on each date versus what citizen investigators had already published — the Jerusalem Post early death report, the roof-jump framing, and which citizen findings were later confirmed, contradicted, or never covered.",none,,,,none,no,CK_AUTHOR_CREDIT,
/Timeline/medical-death-timeline,site/docs/Timeline/medical-death-timeline.mdx,mdx,3,Timeline,Timeline,no,Medical & Death Timeline — Shot to Pronouncement,Medical & Death,"The 12:23 PM shot to the reported 1:03:30 PM pronouncement — SUV transport instead of an ambulance, the hospital-choice question, the modeled 33–50 minute window, the Jerusalem Post early-announcement conflict, and the conflicting CPR accounts.",none,,,,none,no,CK_AUTHOR_CREDIT,
/Timeline/military-meeting-july-20,site/docs/Timeline/military-meeting-july-20.mdx,mdx,3,Timeline,Timeline,no,"July 20, 2025 Military & Foreign-Leaders Meeting (Claims)",Military Meeting (July 20),"The full July 2025 sequence around the claimed July 20 military meeting with foreign leaders on U.S. soil — SU-BTT's first-ever American arrival at a Nebraska Army base, the July 20 Google-Trends anchor, and the political events on either side of that date.",image,/img/evidence/1e70ebad8df8474ba1d070dd905b69910217b9f0a041a290d3f3a5a5295ea0fb.jpg,QmNXEPuUz2AzytHf3D4A6xav8skX7kzwwexaTxfsX9o6Ee,"This image is a flat, high-contrast digital scan of a printed document page containing English text.",ck-4sq-side,no,CK_AUTHOR_CREDIT,
/Timeline/n1098l-plane-activity-timeline,site/docs/Timeline/n1098l-plane-activity-timeline.mdx,mdx,3,Timeline,Timeline,no,N1098L (HADES) Plane Activity Timeline — Pre & Post Shot,N1098L Timeline,"Chronology of N1098L, the US Army-contracted HADES Bombardier Global 6500: the two low, slow passes near UVU on September 10, 2025, the conflicting altitude and clock-time accounts, LASAI Aviation II operator questions, and the flight days before and after.",image,/img/evidence/9cd47f5904f80c550c9de0407c2b92b426640bd7027a5e644a2e684149f47306.jpg,QmeA4AztDuRawNEWDwCTTtHvnhagodGR9rvEQqrrs2Znpi,"This image is a portrait-oriented screenshot of a mobile search result interface, displaying information about a US Army aircraft.",ck-4sq-side,no,CK_AUTHOR_CREDIT,
/Timeline/nebraska-army-base-july-20,site/docs/Timeline/nebraska-army-base-july-20.mdx,mdx,3,Timeline,Timeline,no,"Nebraska Army Base Visit — SU-BTT (July 20, 2025, Claims)",Nebraska Army Base (July 20),"The July 20, 2025 claim in full chronology: SU-BTT's reported first-ever U.S. trip into the Omaha–Lincoln corridor, the same-day foreign-leaders meeting allegation, what the flight-tracking evidence does and does not show, and the innocent readings.",image,/img/evidence/fbd4735ca887b41f3b1a690f96125dcf8f53b10b114526dbb6cdbe59d2e27c71.jpg,QmYrTfp97YHEMUfRhbfc4Du5J8Lp4VemF3cnm7wMZDoc3b,This is a digital screenshot of a social media post on X (formerly Twitter) by user Candace Owens (@RealCandaceO) dated October 11.,ck-4sq-stack,no,CK_AUTHOR_CREDIT,
/Timeline/october-15-2025,site/docs/Timeline/october-15-2025.mdx,mdx,3,Timeline,Timeline,no,"October 15, 2025 — Post-Assassination Developments","October 15, 2025","October 2025 in date order: the AES factory explosion, the Presidential Medal of Freedom, and the October 15 Discovery Protective Order — the docket entry that set the secrecy regime over State v. Robinson.",none,,,,none,no,CK_AUTHOR_CREDIT,
/Timeline/open-questions-gaps-timeline,site/docs/Timeline/open-questions-gaps-timeline.mdx,mdx,3,Timeline,Timeline,no,"Open Questions, Unresolved Gaps & Missing Records Timeline",Open Questions & Gaps,"A timeline of holes rather than events — every interval with no record, every record requested and refused, and every contradiction still unresolved, ordered by clock position so a reader can see exactly where the official chronology goes silent.",none,,,,none,no,CK_AUTHOR_CREDIT,
/Timeline/other-planes-activity-timeline,site/docs/Timeline/other-planes-activity-timeline.mdx,mdx,3,Timeline,Timeline,no,"Other Planes Activity Timeline (N888KG, SAM Flights, Cluster)",Other Planes,"Everything in the air except N1098L and SU-BTT: the N888KG Provo vanish and its Sept 9 Google-trends spike, SAM-702 and 99-0404 out of Fort Huachuca with Bradley Hansell aboard, SAM650, the Egyptian jet cluster at Provo, and the Sept 10 arrival stack of N560TW, N40JD, N102DZ and N872RA.",image,/img/evidence/a7f60fca87977d698871cf736b3f737c059e533744d84c791ec177b723ba6ae9.jpg,Qmf8eD3ZpAndbadpRXMSmLMaG9oqdbAA4eP38jdNMnbmhv,"This image is a digital screenshot of a flight-tracking interface, specifically showcasing details from the website adsbexchange.com.",ck-4sq-stack,no,CK_AUTHOR_CREDIT,
/Timeline/overview,site/docs/Timeline/overview.mdx,mdx,2,Timeline,,yes,Timeline Overview,Timeline Overview,"Chronological hub for the Charlie Kirk assassination — 2024 signals, 2025 pre-shot arc, Sept 10 day-of, surrender chain, witness gaps, and post-shot milestones.",image,/img/evidence/dc07b5bd5c4a7214a003b71c7905fad6b32e888da22f9b08f39f18e65095d68d.jpg,QmTAahP39Qq6RCML16Xuk2LYrukQEmhPUg5XrYw1LxN8Wu,"Charlie Kirk Israel-related timeline graphic covering July through September 10, 2025, with each entry labeled confirmed, evidenced, disputed, or unverified",ck-4sq-side,no,CK_AUTHOR_CREDIT,
/Timeline/post-assassination-investigations,site/docs/Timeline/post-assassination-investigations.mdx,mdx,3,Timeline,Timeline,no,Post-Assassination Investigation Timeline,Post-Assassination Investigations,"Chronology of every investigation opened after the September 10, 2025 UVU shooting — dispatch and scene response, the federal takeover, the surrender and arrest-time conflicts, charging and court milestones, the halted foreign-nexus inquiry, sealed evidence, and the 2026 preliminary hearing.",none,,,,none,no,CK_AUTHOR_CREDIT,
/Timeline/pre-event-political-pressure,site/docs/Timeline/pre-event-political-pressure.mdx,mdx,3,Timeline,Timeline,no,Pre-Event Political Pressure Timeline (July–September 2025),Political Pressure,"The nine-week pressure arc: the July 11 anti-Israel speaker fallout, the July 13-14 Florida summit split, the July 31 White House meeting Kirk was not at, the August Hamptons intervention and reported Netanyahu call, the Megyn Kelly donor complaint, and the September collapse ending on Ben Shapiro's show.",image,/img/evidence/9e6da7d9bd8caaabc019af040f18fc5e0ed6c3881365a490cfea0aae30e1974a.jpg,QmVttuVy2b2eM6mbL7bgoTDRFqBBegzCe5UqKCYssLDgAp,This is a split-screen digital image depicting a video podcast or broadcast setting on the left side and a shared document on the right side.,ck-4sq-stack,no,CK_AUTHOR_CREDIT,
/Timeline/press-conferences-statements-timeline,site/docs/Timeline/press-conferences-statements-timeline.mdx,mdx,3,Timeline,Timeline,no,Press Conferences & Official Statements Timeline,Press Conferences,"Every official podium moment in order — the UVU campus alert, Orem PD and UVU statements, the governor's appearances, the FBI's premature custody claim and its retraction, the Sept 11 evening briefing, the 33-hour manhunt characterization, and the Sept 16 charging announcement — and how each one moved the public timeline.",none,,,,none,no,CK_AUTHOR_CREDIT,
/Timeline/rental-cars-vehicle-movements-timeline,site/docs/Timeline/rental-cars-vehicle-movements-timeline.mdx,mdx,3,Timeline,Timeline,no,Rental Cars & Vehicle Movements Timeline,Vehicles & Rentals,"Every vehicle in the case in clock order — the grey Dodge Challenger and its unrecorded departure, the grey van with the back hatch, the monopod camera truck, the black SUV that carried Kirk and was later destroyed, the Duncan Aviation rental cars, and the September 11-12 drives across Utah.",image,/img/evidence/21a5930d37bb3498c1008742ebd47d7eff25460f642b93dd65358e0614b5fef4.jpg,QmR6Lac9zetnrzr3URaqoZKhLQqSXnxTJEH5hrNRNDmGma,"This is a high-angle aerial photograph, likely captured from a drone or helicopter, depicting a suburban landscape on a bright, sunny day.",ck-4sq-side,no,CK_AUTHOR_CREDIT,
/Timeline/roof-jumping-timeline,site/docs/Timeline/roof-jumping-timeline.mdx,mdx,3,Timeline,Timeline,no,"Roof Jumping Timeline (September 10, 2025)",Roof Jumping Timeline,"The alleged roof-egress sequence at the Losee Center minute by minute — ascent, firing position, the drop to the grass, the run north — and the feasibility disputes citizen investigators raise against the morning camera sightings and the 12:23 vs 12:27 shot-time conflict.",image,/img/evidence/c1877787b3031cbd47fe11f38e064a71eca408dade97df8e2961a8dd184ebcf7.jpg,QmfDQd8kG9mLFv54vPwEzjrxbDpMasj64kXvfT9CDnkrnW,"This is a low-resolution, high-angle aerial or satellite 3D-rendered view of a modern building complex with angular roofs.",ck-4sq-side,no,CK_AUTHOR_CREDIT,
/Timeline/scene-changes-paving-timeline,site/docs/Timeline/scene-changes-paving-timeline.mdx,mdx,3,Timeline,Timeline,no,"Post-Shooting Scene Changes, Paving & Evidence Handling Timeline",Scene Changes & Paving,"What happened to the UVU courtyard after 12:23 PM on September 10, 2025 — camera and SD-card removal, the reported ~10-inch soil excavation by an unidentified first team, the 'governor and FBI want this by Monday' account, the Sunday September 14 paver install, and UVU's prescheduled explanation.",image,/img/evidence/6b0f77aaf4c035c572920c8f06e1e26cb7dc7021bdcf669120d2c31cf84833f4.jpg,QmPGUmfqJjR1wfBhTnyiiKfcieNyrcVDybG7d9vusxDXYD,"This image is a digital scan or direct export of a single-page document, identified as &quot;Page 3 of 4&quot; of an official report.",ck-4sq-side,no,CK_AUTHOR_CREDIT,
/Timeline/shooting-minute-by-minute,site/docs/Timeline/shooting-minute-by-minute.mdx,mdx,3,Timeline,Timeline,no,The Shooting: 12:23 PM MDT Minute-by-Minute Timeline,12:23 Minute-by-Minute,"Second-by-second reconstruction of the 66 seconds from 12:23:30 PM MDT to 12:24:36 PM MDT — security movement at 00:18, Terryl Farnsworth already filming from the rock pile at 00:27, the SUV load, the Mikey McCoy / Blake Neff frame problem, Frank Turek entering the SUV, and the two spoken lines that bracket the window.",none,,,,none,no,CK_AUTHOR_CREDIT,
/Timeline/su-btt-plane-movements-timeline,site/docs/Timeline/su-btt-plane-movements-timeline.mdx,mdx,3,Timeline,Timeline,no,SU-BTT Plane Movements Timeline 2025,SU-BTT Movements,"Every claimed 2025 movement of the Egyptian-registered Falcon 7X SU-BTT in date order — the July 20 first U.S. trip to Nebraska, the August Paris–Omaha–Wilmington loop, the Sept 4 arrival at Provo, the disputed Sept 10 departure, and the Sept 11 return to Cairo.",image,/img/evidence/91ad6e2fd11c0d70de97b00d985e9f524e6fdd9b5ff9e20062cf18bedccd2326.jpg,QmNVAZyFtq9572S9kSvcpd5LrnwKsAFzMFuh9rWcZTCabY,This image is a digital screenshot showing a tabular list of flight data or travel logs arranged in chronological descending order.,ck-4sq-side,no,CK_AUTHOR_CREDIT,
/Timeline/ten-minutes-after-shot,site/docs/Timeline/ten-minutes-after-shot.mdx,mdx,3,Timeline,Timeline,no,Immediate Aftermath: 10 Minutes After the Shot (12:23–12:33 PM MDT),10 Min After,"12:23–12:33 PM MDT reconstructed second by second: security evacuation, the SUV loading and departure, the Mikey McCoy calls, the 12:24:02 frame problem with Blake Neff, the 12:26 dispatch gap, rooftop egress claims, and the drive to Timpanogos.",image,/img/evidence/779d6006c2e8d2162d85d75932be83cf9483d1b87e660cd330f7a8185eaad228.jpg,QmSu4ftxXx1kt2ebmorDemeL3yDoRsD9EKUSDLkpeVzL23,"This low-resolution vertical image captures a police officer wearing blue nitrile gloves crouched on a paved sidewalk, holding a bright green bag next to scattered debris.",ck-4sq-side,no,CK_AUTHOR_CREDIT,
/Timeline/ten-minutes-before-shot,site/docs/Timeline/ten-minutes-before-shot.mdx,mdx,3,Timeline,Timeline,no,10 Minutes Before the Shot (12:13–12:23 PM MDT),10 Min Before,"Minute-by-minute reconstruction of 12:13–12:23 PM MDT on September 10, 2025: Kirk on stage under the white canopy, the wireless mic placed under his shirt, camera and monopod positions, the affidavit's rooftop and stairwell intervals, and the security posture in the final ten minutes.",image,/img/evidence/7dbcc9a3a20d35536a728f55f1bd3a364c4c2b7d6a085f27c0d6d5ddf2c4437d.jpg,QmZeYEmbuoSXDANRXRDEYXnJTWjLSgnWQoHgKxprH6ZNSw,"This is a medium-wide shot of an outdoor public gathering, likely a political rally or campaign event, featuring a dense crowd of onlookers situated behind a metal crowd barrier.",ck-4sq-side,no,CK_AUTHOR_CREDIT,
/Timeline/they-are-going-to-kill-me-text,site/docs/Timeline/they-are-going-to-kill-me-text.mdx,mdx,3,Timeline,Timeline,no,"\""They Are Going to Kill Me\"" Text (September 9, 2025)",They Are Going to Kill Me Text,"The alleged September 9, 2025 messages in which Charlie Kirk reportedly told confidants \""they are going to kill me\"" — a chronology of when each claimed recipient and variant entered the record, the denial that the messages exist, and what would authenticate them.",image,/img/evidence/1a73aa67597c61690e7de8acfd3e90cb8e78d32e5749a2eb5dec9f10ea00109e.jpg,QmeURBim561drHyWVgeb7fgwZSsgN4UgoReTtwzWHsnraE,"This is a digital screenshot of an iPhone text message conversation between two unidentified individuals, displaying incoming messages in gray speech bubbles against a light gray…",ck-4sq-side,no,CK_AUTHOR_CREDIT,
/Timeline/tyler-robinson-post-shot-escape,site/docs/Timeline/tyler-robinson-post-shot-escape.mdx,mdx,3,Timeline,Timeline,no,Tyler Robinson: Post-Shot Escape & Flight Timeline,Tyler Post-Shot Escape,"The alleged 12:24 PM roof descent, the wooded-area gun drop, the missing car-departure time, the Dairy Queen and Cowboy's Smokehouse conflict, the overnight I-15 drive south, and the Washington County surrender.",image,/img/evidence/3f8b5e8e6a3a70df1ba8156e593ac51cbe60670b784a1eef90361d4453011457.jpg,QmPLvdyKecb55fTEMejerbvzYTQHL31Fn9kTEvP9nqCB4c,"This is a close-up, eye-level, vertical-format photograph of a glass commercial entry door with dark bronze anodized aluminum framing.",ck-4sq-side,no,CK_AUTHOR_CREDIT,
/Timeline/tyler-robinson-pre-shot-campus,site/docs/Timeline/tyler-robinson-pre-shot-campus.mdx,mdx,3,Timeline,Timeline,no,Tyler Robinson: Pre-Shot UVU Campus Movements Timeline,Tyler Pre-Shot Campus,"8:07 AM through 12:22 PM MDT on September 10, 2025 — the doorbell and campus camera sightings attributed to Tyler Robinson, the reported clothing change, the backpack disputes, the parking and approach route, the stairwell stills, and the gaps citizen investigators flag.",image,/img/evidence/1fd5193cb14e0dc80f3811d2d4a6494f564fcb5fceb4a3773c4a9d05dd4ae6f4.webp,QmQVW6814QQfe3ksLR7zpLHVFY3xdSzmz7HRKhFoL9SBDV,"This is a digital graphic featuring a high-angle satellite map overlay of an institutional or commercial campus, annotated with paths and markers detailing a security incident.",ck-4sq-stack,no,CK_AUTHOR_CREDIT,
/Timeline/utah-officials-cox-timeline,site/docs/Timeline/utah-officials-cox-timeline.mdx,mdx,3,Timeline,Timeline,no,"Spencer Cox, Utah Officials & Governor Timeline",Utah Officials,"State-official chronology: Governor Spencer Cox's appointments and public statements, the reported 'by Monday' crime-scene deadline attribution, Utah County Attorney charging decisions, the DPS role, Phil Lyman commentary, and the 2025 autopsy-records law.",image,/img/evidence/fb14b85a283763fc0778887022c1800f900cd288c81b36603fb0a80dc7b62fc5.jpg,QmRkRwe9cELH4Z5j9vs6hHkYxin1U7FHKWexRVJb8HXiXB,"This image is a digital screenshot of a news article from the WEAR News 3 website, viewed on a mobile device.",ck-4sq-side,no,CK_AUTHOR_CREDIT,
/Timeline/uvu-security-surveillance-timeline,site/docs/Timeline/uvu-security-surveillance-timeline.mdx,mdx,3,Timeline,Timeline,no,"UVU Campus Security, Surveillance & Camera Timeline",UVU Security & Cameras,"The Utah Valley University institutional chronology — GRAMA records and pre-shooting warnings, security planning and the perimeter and rooftop decisions, which camera feeds exist, Losee Center sightlines, and the footage release and withholding sequence from September 2025 into 2026.",none,,,,none,no,CK_AUTHOR_CREDIT,
/Timeline/witness-testimony-discrepancies,site/docs/Timeline/witness-testimony-discrepancies.mdx,mdx,3,Timeline,Timeline,no,Witness Testimony & Timeline Discrepancies,Witness Testimony Discrepancies,"Where witness accounts contradict each other and the official clock — shot time, wound location, call chains, off-site sightings, custody hours, and the handling of bystander video, arranged chronologically with both versions shown.",none,,,,none,no,CK_AUTHOR_CREDIT,
/Timeline/years,site/docs/Timeline/years.mdx,mdx,3,Timeline,Timeline,no,Timeline by Year,Timeline by Year,"The year-level routing page for the Charlie Kirk investigation — 2024's search-trend anomalies, 2025's pressure campaign and the September 10 assassination, and 2026's court year — with the anchor events of each year and links into the detailed timelines.",image,/img/evidence/ca2fd40df9dc0c6915475870bb21fac108f6cc7550ab1264c6c1de2e43f015f8.jpg,Qmcp35GEYKmysyq3BWU2VKM6Y9ayNa4bMWnR8gpVZSFPdC,This is a digital screenshot of a Google Trends analytics interface displaying search data for the term &quot;Russell Kim Kennington&quot; within Israel over a five-year period.,ck-4sq-stack,no,CK_AUTHOR_CREDIT,
/Timeline/Tyler_Robinson/Sept,site/docs/Timeline/Tyler_Robinson/2025_Sept.mdx,mdx,4,Timeline,Timeline,no,Tyler Robinson: Sept 8–13,Tyler: Sept 8–13,"Hour-by-hour timeline of Tyler Robinson's documented movements and activities September 9–12, 2025. All times Mountain Time (MT). Sources: Court filings…",none,,,,none,no,CK_AUTHOR_CREDIT,
/Timeline/Tyler_Robinson/Affidavit_Probable_Cause,site/docs/Timeline/Tyler_Robinson/Affidavit_Probable_Cause.mdx,mdx,4,Timeline,Timeline,no,Affidavit of Probable Cause,Affidavit of Probable Cause,"Filed September 16, 2025. Signed by Officer Brian Davis (UTBDAVIS), Utah Attorney General. Probable Cause ID: 189904. Establishes formal arrest of Tyler…",image,/img/evidence/77ec10d3ff6d9625859ead5a4500f3513e7fe841a1e7fe235ee0a7b44dca2ab0.jpg,QmeZwFrQzcKfqv5mjDqaFwz6Yfx2RZYvycgJGbsF8U9mk5,"This is a digital screenshot of a mobile web browser displaying a legal document, specifically a probable cause statement or arrest affidavit.",ck-4sq-side,no,CK_AUTHOR_CREDIT,
/Timeline/Tyler_Robinson/Mirandizing,site/docs/Timeline/Tyler_Robinson/Mirandizing.mdx,mdx,4,Timeline,Timeline,no,Mirandizing of Tyler Robinson,Mirandizing,"Key finding: Tyler Robinson was Mirandized at 6:25 PM on September 11, 2025 — not September 12. This is established by four independent lines of reasoning…",none,,,,none,no,CK_AUTHOR_CREDIT,
/Tyler_Robinson_Not_Assassin/explosive-mic-killed-charlie,site/docs/Tyler_Robinson_Not_Assassin/explosive-mic-killed-charlie.mdx,mdx,3,Tyler_Robinson_Not_Assassin,Tyler_Robinson_Not_Assassin,no,Explosive in Mic Likely Killed Charlie,Explosive Mic Killed Charlie,The argument that a concealed shaped-charge or EFP in Charlie Kirk's microphone or pendant is a more consistent kill mechanism than a rooftop rifle shot — a pillar of the case that Tyler Robinson is not the assassin.,image,/img/evidence/6f2a4fd70b0821587f31ae9e51d71fbe209cb9dcc4df5a35c46ae48bb5c6361a.jpg,QmNRKiwZ459uVmbZcj2RCyinfKo4pB3yLNrtSBNdoU8dfd,"This is a composite digital screenshot of a social media post, likely from X (formerly Twitter).",ck-4sq-stack,no,CK_AUTHOR_CREDIT,
/Tyler_Robinson_Not_Assassin/faked-confession,site/docs/Tyler_Robinson_Not_Assassin/faked-confession.mdx,mdx,3,Tyler_Robinson_Not_Assassin,Tyler_Robinson_Not_Assassin,no,Faked Confession (by Powerful People),Faked Confession,"Citizen investigators argue the Discord confession attributed to Tyler Robinson looks manufactured, because a custody and phone-seizure timeline questions who actually typed the 7:57 PM messages.",none,,,,none,no,CK_AUTHOR_CREDIT,
/Tyler_Robinson_Not_Assassin/more-reasons,site/docs/Tyler_Robinson_Not_Assassin/more-reasons.mdx,mdx,3,Tyler_Robinson_Not_Assassin,Tyler_Robinson_Not_Assassin,no,More Reasons Tyler Is Not the Assassin,More Reasons,"A roundup of additional reported holes in the case against Tyler Robinson — the backpack and rifle impossibility, the stairs-guy identity gap, no gunshot residue test, and the inconclusive ATF ballistics.",none,,,,none,no,CK_AUTHOR_CREDIT,
/Tyler_Robinson_Not_Assassin/overview,site/docs/Tyler_Robinson_Not_Assassin/overview.mdx,mdx,2,Tyler_Robinson_Not_Assassin,,yes,Tyler Robinson Not Assassin,Tyler Robinson Not Assassin,"Why the reported case against Tyler Robinson as Charlie Kirk's assassin fails — the .30-06 wound mismatch, an exploding-mic kill mechanism, a faked Discord confession, and signs of cover-up.",none,,,,none,no,CK_AUTHOR_CREDIT,
/Tyler_Robinson_Not_Assassin/panguitch-breaks-the-timeline,site/docs/Tyler_Robinson_Not_Assassin/panguitch-breaks-the-timeline.mdx,mdx,3,Tyler_Robinson_Not_Assassin,Tyler_Robinson_Not_Assassin,no,Panguitch — The Town That Breaks the Timeline,Panguitch Breaks the Timeline,"Panguitch, Utah — 209 miles south of Orem — is where staff at Cowboy's Smokehouse say they served Tyler Robinson between 8:55 and 9:47 PM on September 10, 2025. Citizen investigators argue that single place name makes the state's night-of text-message timeline physically impossible in both directions.",image,/img/evidence/a59f5f464c81d4cf149097fa46a05af311bebbe5a090f87e82133986d1ec31f6.jpg,QmfA8KxNVJfZBZbdQunnzwysVKbVZA77WSmzVEKBpBa8ZC,The Cowboy,ck-4sq-side,no,CK_AUTHOR_CREDIT,
/Tyler_Robinson_Not_Assassin/signs-of-cover-up,site/docs/Tyler_Robinson_Not_Assassin/signs-of-cover-up.mdx,mdx,3,Tyler_Robinson_Not_Assassin,Tyler_Robinson_Not_Assassin,no,Signs of Cover-Up,Signs of Cover-Up,"Citizen investigators argue the aftermath handling of evidence in the Charlie Kirk case — the rifle, the roof scene, deleted footage, and custody records — shows cover-up indicators.",image,/img/evidence/0519c99dfc49e8bf80cee9a3d633ede596b779fa6edba4838456741a24e57244.jpg,QmZgTAvUi5RqFx4N56xSY798mSyMECLLgcRC2qnSpABJgJ,"A wide shot depicting a large outdoor gathering of people next to a modern concrete building under a bright blue, partly cloudy sky.",ck-4sq-side,no,CK_AUTHOR_CREDIT,
/Tyler_Robinson_Not_Assassin/thirty-06-did-not-kill-charlie,site/docs/Tyler_Robinson_Not_Assassin/thirty-06-did-not-kill-charlie.mdx,mdx,3,Tyler_Robinson_Not_Assassin,Tyler_Robinson_Not_Assassin,no,.30-06 Bullet Did Not Kill Charlie,.30-06 Did Not Kill Charlie,"Citizen and expert arguments that the reported neck wound, trajectory, and energy do not match a .30-06 rifle round fired from the Losee Center rooftop — a pillar of the case that Tyler Robinson is not the assassin.",image,/img/evidence/8ef65284457a21552933d6ba5eb88290f1716605c806b938d4db5503014aabaa.jpg,QmdfWFcwTAbstgXdX9qZKQHoATBiXz8cTQxaPsrHXiJyJ6,"This is a long, vertical screenshot of a Facebook post and its subsequent comment thread.",ck-4sq-side,no,CK_AUTHOR_CREDIT,
/Israel/Beepers,site/docs/Israel/Beepers.mdx,mdx,3,Israel,Israel,no,Beepers & Walkie-Talkies as Weapons (Claims),Beepers,"How pagers and walkie-talkies were turned into weapons in the September 2024 supply-chain attack, and why the method is cited in Charlie Kirk theories.",image,/img/evidence/123237a6e9fdb60fc6d24b75c9d748803b54a4db31ce23483e61a46ee7af8e38.jpg,Qma5otmM27fCtHYq9h2NyKrWdpdGSyMBDbBnApPhpRraNW,Charred remains of an exploded pager device,ck-4sq-stack,no,CK_AUTHOR_CREDIT,
/Israel/Charlie_Israel_Friction,site/docs/Israel/Charlie_Israel_Friction.mdx,mdx,3,Israel,Israel,no,Charlie–Israel Friction Checklist (Claims),Charlie–Israel Friction,"Checklist of reported friction points between Charlie Kirk and pro-Israel donors and officials in 2025 — Epstein files, funding offers, platform choices, and internal TPUSA audits.",none,,,,none,no,CK_AUTHOR_CREDIT,
/Israel/Charlie_Quotes_Israel,site/docs/Israel/Charlie_Quotes_Israel.mdx,mdx,3,Israel,Israel,no,Reported Charlie Kirk Quotes About Israel and Donors (Claims),Reported Charlie Kirk Quotes About Israel and Donors (Claims),"This Level3 page compiles widely circulated quotes attributed to Charlie Kirk about Israel, donors, and personal risk, as they appear in public posts…",image,/img/evidence/7e52025f00faeb9544d89460b555223a067ce0637bbcaddf0d1aacaf2787e02b.jpg,QmPHvYUGua8nSsedUAYEKQRarycx7E5kYFX5fR7QcnDpHt,A high-contrast digital screenshot of a post from the social media platform X (formerly Twitter) by user Tyler Bowyer (@tyle...).,ck-4sq-stack,no,CK_AUTHOR_CREDIT,
/Israel/Hezbollah,site/docs/Israel/Hezbollah.mdx,mdx,3,Israel,Israel,no,Hezbollah — The Grim Beeper Target (Context),Hezbollah,"Who Hezbollah is, why it was the target of the September 2024 pager attack, and how that operation is referenced in Charlie Kirk capability arguments.",image,/img/evidence/123237a6e9fdb60fc6d24b75c9d748803b54a4db31ce23483e61a46ee7af8e38.jpg,Qma5otmM27fCtHYq9h2NyKrWdpdGSyMBDbBnApPhpRraNW,Charred remains of an exploded pager device used against Hezbollah,ck-4sq-stack,no,CK_AUTHOR_CREDIT,
/Israel/Islamabad_Serena_Tracking,site/docs/Israel/Islamabad_Serena_Tracking.mdx,mdx,3,Israel,Israel,no,Islamabad Serena Tracking (Claims),Islamabad Serena Tracking,"Claims that four Israeli-registered cellphones allegedly present at UVU on September 10, 2025, were later tracked to the Islamabad Serena Hotel during April 2026 US–Iran talks.",image,/img/evidence/3b2fb41120e54d8729ce050a0a7ea66ca8fc748991d39829be5b6d6d9e8d42ee.jpg,QmYnxKwiyPV6kggYSZUSXHRyHC3YXcLKgDSpWyzNgMPwMz,"This is a highly pixelated, low-resolution security camera crop showing a young male walking across a street or paved area.",ck-4sq-side,no,CK_AUTHOR_CREDIT,
/Israel/Israel_Investigation_Index,site/docs/Israel/Israel_Investigation_Index.mdx,mdx,3,Israel,Israel,no,Israel Investigation Index,Israel Investigation Index,"Working investigative memo mapping Israel-related threads in the Charlie Kirk case — motive, presence claims, SIGINT data, official responses, and foreign-lead blockages.",none,,,,none,no,CK_AUTHOR_CREDIT,
/Israel/Israeli_Presence_And_Connectivity_Claims,site/docs/Israel/Israeli_Presence_And_Connectivity_Claims.mdx,mdx,3,Israel,Israel,no,Alleged Israeli Presence and Connectivity at UVU and in the Case (Claims),Alleged Israeli Presence and Connectivity at UVU and in the Case (Claims),"This Level3 page summarizes claims about Israeli individuals, devices, or institutions being present at, or otherwise connected to, the UVU event and the…",none,,,,none,no,CK_AUTHOR_CREDIT,
/Israel/Israeli_Search_Patterns_Claims,site/docs/Israel/Israeli_Search_Patterns_Claims.mdx,mdx,3,Israel,Israel,no,Reported Israeli Search‑Pattern and IP Activity (Claims),Reported Israeli Search‑Pattern and IP Activity (Claims),This Level3 page summarizes claims about Google Trends spikes and other search‑pattern data involving IP addresses in Israel that have been circulated by…,image,/img/evidence/3cdcb1de64844341ba5d53d7148c179ff5c37ba47d772c6ed444cc9d71561c6b.jpg,QmaPWWRWLFeRvkSjzQdEJoDxXeg8ycesywB44rAig18PfU,This image is a digital screenshot of the Google Trends user interface displaying analytical data.,ck-4sq-stack,no,CK_AUTHOR_CREDIT,
/Israel/Mossad,site/docs/Israel/Mossad.mdx,mdx,3,Israel,Israel,no,Mossad (Capability Context),Mossad,Background on Israel's Mossad intelligence service and why its demonstrated capabilities are cited in Charlie Kirk assassination theories.,image,/img/evidence/123237a6e9fdb60fc6d24b75c9d748803b54a4db31ce23483e61a46ee7af8e38.jpg,Qma5otmM27fCtHYq9h2NyKrWdpdGSyMBDbBnApPhpRraNW,Charred remains of an exploded pager device attributed to a Mossad operation,ck-4sq-stack,no,CK_AUTHOR_CREDIT,
/Israel/NSA_Cellphones_Bumblehive,site/docs/Israel/NSA_Cellphones_Bumblehive.mdx,mdx,3,Israel,Israel,no,NSA Cellphones & Bumblehive (Claims),NSA Cellphones & Bumblehive,"Claims that NSA SIGINT detected 12–16 Israeli-registered cellphones at UVU on September 10, 2025, and that Utah's Bumblehive data center can deanonymize burners.",none,,,,none,no,CK_AUTHOR_CREDIT,
/Israel/Operation_Grim_Beeper,site/docs/Israel/Operation_Grim_Beeper.mdx,mdx,3,Israel,Israel,no,Operation Grim Beeper (Claims),Operation Grim Beeper,"The September 2024 Mossad pager-and-walkie-talkie attack on Hezbollah, and the argument that it shows Israeli capability relevant to the Charlie Kirk case.",image,/img/evidence/123237a6e9fdb60fc6d24b75c9d748803b54a4db31ce23483e61a46ee7af8e38.jpg,Qma5otmM27fCtHYq9h2NyKrWdpdGSyMBDbBnApPhpRraNW,Charred remains of an exploded pager device on a table,ck-4sq-stack,no,CK_AUTHOR_CREDIT,
/Israel/Russell_Brand_Cabinet_Claims,site/docs/Israel/Russell_Brand_Cabinet_Claims.mdx,mdx,3,Israel,Israel,no,Russell Brand Cabinet Claims,Russell Brand Cabinet Claims,"Russell Brand's reported allegation that cabinet sources said Kash Patel, Tulsi Gabbard, and the Vice President shut down foreign-involvement and accomplice lines six days after Charlie Kirk's death.",none,,,,none,no,CK_AUTHOR_CREDIT,
/Israel/Tucker_Carlson_Israel,site/docs/Israel/Tucker_Carlson_Israel.mdx,mdx,3,Israel,Israel,no,Tucker Carlson on Evolving Israel Views,Tucker Carlson Israel,Tucker Carlson's on-record statement that Charlie Kirk's friends believe he was murdered over evolving views on Israel — not culture-war topics.,none,,,,none,no,CK_AUTHOR_CREDIT,
/Israel/bibi-replacement-tpusa-cost,site/docs/Israel/bibi-replacement-tpusa-cost.mdx,mdx,3,Israel,Israel,no,"\""Bibi Replaced, TPUSA Done\""","\""Bibi Replaced, TPUSA Done\""","Carrie Prejean Boller says Seth Dillon told her Charlie Kirk believed that calling for Netanyahu to be replaced would end TPUSA. Dan Bilzerian's account says Charlie tested that exact question in the Hamptons on August 4. Reported claims, weighed.",image,/img/evidence/7c3dd6ba990844dda8b21f90c9045f64a1b29d378e905d5b5b819d0cbf4ace89.jpg,QmNmbnfSb6ZxoZijrontYseLXHrdk1NsBYbTea1iNCK7HF,"Screenshot of a text thread labeled Seth stating Charlie Kirk never said he was bullied or threatened, only that saying certain things would come at a cost",ck-4sq-side,no,CK_AUTHOR_CREDIT,
/Israel/foreign-leads,site/docs/Israel/foreign-leads.mdx,mdx,3,Israel,Israel,no,Israel Foreign Leads,Israel Foreign Leads,"Investigative leads pointing toward Israeli-based actors, communications, travel, and SIGINT data in the Charlie Kirk case — lines of inquiry, not verdicts.",image,/img/evidence/707356c5027b07834a01f6b40d1df36c1e987cc2af6f197616ac8b3536269508.jpg,QmdGjPG9uYoFVM3c95nZLnXpuUmMcz9h48vB2dz9B7BotE,"An elevated, wide-angle outdoor photograph capturing a modern university campus plaza with geometric, multi-tiered grassy terraces and concrete retaining walls.",ck-4sq-stack,no,CK_AUTHOR_CREDIT,
/Israel/ian-carroll-israel-assassination-history,site/docs/Israel/ian-carroll-israel-assassination-history.mdx,mdx,3,Israel,Israel,no,Ian Carroll: Israel's Assassination History,Ian Carroll: Israel's Assassination History,"Investigator Ian Carroll's attributed argument that Israel's documented history of targeted killings, combined with Charlie Kirk's reported friction with pro-Israel donors, makes a foreign-motive line of inquiry reasonable — presented as commentary, not a conclusion.",video,/img/video_posters/8e11dae32fe622ce19bdceed2ea70c2d95d62454b95c4fd832f23dc2e9bba23a.jpg,QmSbvABAy45DGwUxRfusXGHELYYRGW2hdWCsk1KrBQR8pL,,ck-4sq-side,no,CK_AUTHOR_CREDIT,
/Israel/israel-google-trends-645-w-925-s,site/docs/Israel/israel-google-trends-645-w-925-s.mdx,mdx,3,Israel,Israel,no,"Israel Google Trends Spike for \""645 W 925 S\""",Israel Search: 645 W 925 S,"A Google Trends screenshot posted by @NihiloX shows the search term \""645 W 925 S\"" — an Orem address on the same block as the alleged staging house — registering a single interest spike from the region Israel in April 2022. What the chart does and does not show.",image,/img/evidence/4eb7c20273532f8047faa83e27da57409b1cceca326d9e4d58449a2ec4c74664.jpg,QmPi4U99UmsRKdNpwNZRLgfMBnoV1H9yNffJ4vEPZccHJR,"Google Trends screenshot: search term 645 W 925 S, region filter Israel, past 5 years, showing a flat line with one spike to 100 in April 2022",ck-4sq-side,no,CK_AUTHOR_CREDIT,
/Israel/israel-hamptons,site/docs/Israel/israel-hamptons.mdx,mdx,3,Israel,Israel,no,Israel Hamptons,Israel Hamptons,"The reported Bridgehampton gathering (Aug 4-5, 2025) where Bill Ackman convened Charlie Kirk and pro-Israel figures. Candace Owens and The Grayzone alleged an Israel-pressure intervention; Ackman and named attendees deny it. Reported claims only.",none,,,,none,no,CK_AUTHOR_CREDIT,
/Israel/israel-pm,site/docs/Israel/israel-pm.mdx,mdx,3,Israel,Israel,no,Israel PM,Israel PM,"Public statements, reported outreach, and post-event reactions attributed to the Israeli Prime Minister and office regarding Charlie Kirk.",none,,,,none,no,CK_AUTHOR_CREDIT,
/Israel/israeli-tech-in-investigation,site/docs/Israel/israeli-tech-in-investigation.mdx,mdx,3,Israel,Israel,no,Israeli Technology Inside the Investigation (Claims),Israeli Tech in the Case,"If Israel is treated as a suspect, why is Israeli-made software extracting and authenticating the evidence? Cellebrite, BriefCam, the Karen Read precedent, and the counterarguments.",image,/img/evidence/d644be20e230a5c350a20b173472171cffe825d9791574fc739bd63ed9f2c10c.jpg,QmcZHgJTxJNds6g66kV5yH7Kn7kf1Sn34Di9z2rxS7fH4p,"This is a wide-angle interior photograph of a long, spacious, and modern hallway or lobby area, likely inside a university or international building.",ck-4sq-stack,no,CK_AUTHOR_CREDIT,
/Israel/israelis-at-uvu,site/docs/Israel/israelis-at-uvu.mdx,mdx,3,Israel,Israel,no,Israelis at UVU,Israelis at UVU,"Alleged Israeli presence on or near the Utah Valley University campus on September 10, 2025, is one of the most contested claims in the investigation. This…",none,,,,none,no,CK_AUTHOR_CREDIT,
/Israel/motivation,site/docs/Israel/motivation.mdx,mdx,3,Israel,Israel,no,Israel's Motivation to Kill Charlie,Israel's Motivation to Kill Charlie,This page collects the reported motive narratives tying Israel-aligned actors to Charlie Kirk's death. All items are allegations drawn from public commentary…,none,,,,none,no,CK_AUTHOR_CREDIT,
/Israel/overview,site/docs/Israel/overview.mdx,mdx,2,Israel,,yes,Israel,Israel,"This section organizes how Israel, Israeli policy debates, and pro-Israel networks appear in public discussions about Charlie Kirk's life and death. It does…",image,/img/evidence/dc07b5bd5c4a7214a003b71c7905fad6b32e888da22f9b08f39f18e65095d68d.jpg,QmTAahP39Qq6RCML16Xuk2LYrukQEmhPUg5XrYw1LxN8Wu,"Charlie Kirk Israel-related timeline graphic covering July through September 10, 2025, with each entry labeled confirmed, evidenced, disputed, or unverified",ck-4sq-side,no,CK_AUTHOR_CREDIT,
/Israel/petn,site/docs/Israel/petn.mdx,mdx,3,Israel,Israel,no,PETN — The Explosive in the Devices (Claims),PETN,"What PETN is, how it was reportedly used to rig the Hezbollah pagers, and why the material is referenced in Charlie Kirk capability arguments.",image,/img/evidence/123237a6e9fdb60fc6d24b75c9d748803b54a4db31ce23483e61a46ee7af8e38.jpg,Qma5otmM27fCtHYq9h2NyKrWdpdGSyMBDbBnApPhpRraNW,Charred remains of an exploded pager device rigged with PETN,ck-4sq-stack,no,CK_AUTHOR_CREDIT,
/Israel/threat-to-western-politicians-iran-war,site/docs/Israel/threat-to-western-politicians-iran-war.mdx,mdx,3,Israel,Israel,no,Threat to Western Politicians Over Iran War,Threat to Western Politicians,A resurfaced interview clip in which a pro-Israel speaker says Western politicians who get in the way of destroying Iran's nuclear program 'are going to fall' — and why citizen investigators re-read it after Charlie Kirk's death.,video,/img/video_posters/fa7834504abe0dd8c3190240a495a5e3cd159591cb7079d99f784f6c30143317.jpg,QmcfNxXtoaU8bnaK9tR17n3hDdbMBcwrbZNBXV72aS9UZo,,ck-4sq-side,no,CK_AUTHOR_CREDIT,
/Israel/Mossad_TPUSA/Joshua_Peterson,site/docs/Israel/Mossad_TPUSA/Joshua_Peterson.mdx,mdx,4,Israel,Israel,no,Joshua Peterson — Whistleblower Account (Claims),Joshua Peterson,"Joshua Peterson, a former Turning Point USA representative, has publicly alleged foreign-intelligence recruitment activity during TPUSA training. Presented as a reported allegation only, with a call for a trustworthy investigation.",video,/img/video_posters/89a96cd44a31ebf54a8d4d3f475f22c5f8d5c622abce63f1be99913ef1b7ca31.jpg,QmcsVH1Qt1MomvqkB2giLRCtNWQ4tEC3PnEnK5BKnyLZX6,,ck-4sq-stack,no,CK_AUTHOR_CREDIT,
/Israel/Mossad_TPUSA/overview,site/docs/Israel/Mossad_TPUSA/overview.mdx,mdx,3,Israel,Israel,yes,Mossad and TPUSA,Mossad and TPUSA,"A former Turning Point USA representative has publicly alleged that foreign-intelligence operatives were embedded at TPUSA and attempted to recruit and vet new staff. Presented as a reported allegation only, with a call for a trustworthy investigation.",video,/img/video_posters/89a96cd44a31ebf54a8d4d3f475f22c5f8d5c622abce63f1be99913ef1b7ca31.jpg,QmcsVH1Qt1MomvqkB2giLRCtNWQ4tEC3PnEnK5BKnyLZX6,,ck-4sq-stack,no,CK_AUTHOR_CREDIT,
/security_law_enforcement/overview,site/docs/security_law_enforcement/overview.mdx,mdx,2,security_law_enforcement,,yes,Security & Law Enforcement,Security & Law Enforcement,"This section has been split into two: the private Security Team that guarded Charlie Kirk, and the government Law Enforcement agencies involved in the case.",none,,,,none,no,CK_AUTHOR_CREDIT,
/Gov_Mind_Control/discord-confession-timing,site/docs/Gov_Mind_Control/discord-confession-timing.mdx,mdx,3,Gov_Mind_Control,Gov_Mind_Control,no,Discord Confession Timing,Discord Timing,Custody timeline vs Tyler Robinson Discord confession posts — narrative-control theories when messages appear after mirandizing.,none,,,,none,no,CK_AUTHOR_CREDIT,
/Gov_Mind_Control/frey-effect-v2k,site/docs/Gov_Mind_Control/frey-effect-v2k.mdx,mdx,3,Gov_Mind_Control,Gov_Mind_Control,no,Frey Effect / V2K (Microwave Hearing),Frey Effect / V2K,"The Frey Effect (microwave auditory effect) and 'Voice to Skull' (V2K) — what is lab-proven, how it works, and a video demonstration of beamed audio attributed to CIA/DARPA Project Pandora.",video,/img/video_posters/39a2b38e15d7842bbced12483bc9b669ae98bc062bb7677999fa17e2e15d07f8.jpg,Qmbmk5C2fTbsxtWv4nnPNjsorjy9DRShPi811ZikJ8DvB2,,ck-4sq-stack,no,CK_AUTHOR_CREDIT,
/Gov_Mind_Control/hypnosis-programmed-patsy,site/docs/Gov_Mind_Control/hypnosis-programmed-patsy.mdx,mdx,3,Gov_Mind_Control,Gov_Mind_Control,no,Hypnosis & the Programmed-Patsy Question,Hypnosis / Patsy,"Former CIA officer John Kiriakou's account of an MKUltra-era hypnosis experiment, and how it informs the 'programmed patsy' theory in the Charlie Kirk investigation.",image,/img/evidence/ac541a0cf156bc7defc2cdb9db59903d53e9bd448a8e74749ff0d1ee8c1b5d97.jpg,QmcvNCZ5Ae6esFvftRiSsMDeEAJMbisghoUs7hNYzucx59,"This composite image shows two scenes of a man being detained by plainclothes officers or security personnel, alongside a small inset portrait of the same man (uncertain).",ck-4sq-stack,no,CK_AUTHOR_CREDIT,
/Gov_Mind_Control/investigation-index,site/docs/Gov_Mind_Control/investigation-index.mdx,mdx,3,Gov_Mind_Control,Gov_Mind_Control,no,Gov Mind Control — Investigation Index,Investigation Index,"Working memo on government behavioral-control capability and Tyler Robinson patsy/handler theories — MKUltra, Artichoke, V2K, digital engineering, and disclosure gaps.",image,/img/evidence/78c759e2f575097fab987b6166d0ae6e85140d2005f27891edc120d8a9ddd8e9.jpg,QmVPtepszgEkgmYv9yxxkh4P1ZZaMTv34CyvM7Sav1rNfL,"This image is a portrait-orientation screenshot of a text message conversation on an Apple iOS device, specifically within the iMessage application.",ck-4sq-side,no,CK_AUTHOR_CREDIT,
/Gov_Mind_Control/making-a-shooter-playbook,site/docs/Gov_Mind_Control/making-a-shooter-playbook.mdx,mdx,3,Gov_Mind_Control,Gov_Mind_Control,no,Making a Shooter — Playbook (Theoretical),Shooter Playbook,"Layered model of how intelligence tradecraft could produce an apparent lone shooter — historical programs, digital engineering, handlers, and physical frame.",image,/img/evidence/458c878bd2167a1f199edf1e16bb454d86019dff773eb03a8a731577e83fa2a9.jpg,QmT281cYbXW2Veug7VSzFTsdcAbDd7GQ2jPRcBK5sRbkqV,"This is a wide-angle, slightly elevated outdoor shot showing a massive crowd gathered on a university campus plaza on a bright, sunny day.",ck-4sq-stack,no,CK_AUTHOR_CREDIT,
/Gov_Mind_Control/mkultra-2-digital-engineering,site/docs/Gov_Mind_Control/mkultra-2-digital-engineering.mdx,mdx,3,Gov_Mind_Control,Gov_Mind_Control,no,MKUltra 2.0 — Digital Social Engineering,MKUltra 2.0,"Citizen model of algorithmic radicalization and digital sleeper armies — TikTok, Discord, and private-group funneling as modern behavioral control.",image,/img/evidence/a536f326c0b89819d4bcb9601d92a11e3006f0c4eebf3d624d792f9a30471b3e.jpg,QmdmH8Rho963Lk2tFRv7U8Hx8xgwkwCwfmBExjCRKcNPjt,This is a digital screenshot of a social media post on the platform X (formerly Twitter) by an account named &quot;Grass&quot;.,ck-4sq-stack,no,CK_AUTHOR_CREDIT,
/Gov_Mind_Control/mkultra-program,site/docs/Gov_Mind_Control/mkultra-program.mdx,mdx,3,Gov_Mind_Control,Gov_Mind_Control,no,MKUltra Behavioral-Control Program,MKUltra Program,The CIA's declassified MKUltra program and how commentators including Mike Cernovich have connected that documented history of behavioral-control research to discussion of the Charlie Kirk case.,image,/img/evidence/00aaceb54e72d2324500503141dec534ef32ea55f1ea0335f80caaf77ca28a0d.jpg,QmXkX2dREDLBzsbPqnrLwC8n8km93VhaC2XNKqudcgEQMZ,This image is a portrait-orientation smartphone screenshot of the Perplexity search assistant mobile application.,ck-4sq-side,no,CK_AUTHOR_CREDIT,
/Gov_Mind_Control/overview,site/docs/Gov_Mind_Control/overview.mdx,mdx,2,Gov_Mind_Control,,yes,Gov Mind Control,Gov Mind Control,"Hub for government behavioral-control programs and Tyler Robinson patsy/handler theories — MKUltra, Artichoke, V2K, digital engineering, and intelligence tradecraft.",image,/img/evidence/78c759e2f575097fab987b6166d0ae6e85140d2005f27891edc120d8a9ddd8e9.jpg,QmVPtepszgEkgmYv9yxxkh4P1ZZaMTv34CyvM7Sav1rNfL,"This image is a portrait-orientation screenshot of a text message conversation on an Apple iOS device, specifically within the iMessage application.",ck-4sq-side,no,CK_AUTHOR_CREDIT,
/Gov_Mind_Control/project-artichoke-memo,site/docs/Gov_Mind_Control/project-artichoke-memo.mdx,mdx,3,Gov_Mind_Control,Gov_Mind_Control,no,Project Artichoke — Involuntary Assassin Memo,Project Artichoke,"The declassified January 22, 1954 CIA Project ARTICHOKE memo exploring involuntary assassination via drugs and hypnosis — historical anchor for programmed-patsy theories.",image,/img/evidence/3a1a8dbea64a6adf7e9e1e30d1c68afd48fb8a5ad92a5eb34e635070061c1d21.jpg,QmVwfF56JfS4iywKwqHPYjR7e5wKUkTbN4LT6FnatBS1JQ,Evidence image,ck-4sq-side,no,CK_AUTHOR_CREDIT,
/Gov_Mind_Control/radicalization-psyop-claims,site/docs/Gov_Mind_Control/radicalization-psyop-claims.mdx,mdx,3,Gov_Mind_Control,Gov_Mind_Control,no,Radicalization vs Psyop Claims,Radicalization vs Psyop,Competing frames for Tyler Robinson's alleged path to violence — Discord partner radicalization vs intelligence cultivation of ideology networks.,image,/img/evidence/ae929fd2aba04677c4e28e5330f1d44943edc90c5b8520ac7601c41474887162.webp,QmXkEaVG93sdDQpeAdzgY16HcU6DMpLC21nnuH5YSWMdLJ,This image is a portrait-orientation digital screenshot of a mobile phone screen displaying a post on the social media platform X (formerly Twitter).,ck-4sq-side,no,CK_AUTHOR_CREDIT,
/Gov_Mind_Control/tyler-robinson-patsy-framework,site/docs/Gov_Mind_Control/tyler-robinson-patsy-framework.mdx,mdx,3,Gov_Mind_Control,Gov_Mind_Control,no,Tyler Robinson — Patsy Framework,Tyler Patsy Framework,"How commentators frame Tyler Robinson as a patsy or secondary figure — custody timing, proof-not-Tyler evidence, and handler theories without claiming mind control as fact.",image,/img/evidence/ac541a0cf156bc7defc2cdb9db59903d53e9bd448a8e74749ff0d1ee8c1b5d97.jpg,QmcvNCZ5Ae6esFvftRiSsMDeEAJMbisghoUs7hNYzucx59,"This composite image shows two scenes of a man being detained by plainclothes officers or security personnel, alongside a small inset portrait of the same man (uncertain).",ck-4sq-stack,no,CK_AUTHOR_CREDIT,
/political_context/overview,site/docs/political_context/overview.mdx,mdx,2,political_context,,yes,Political Context,Political Context,This directory contains information about the political environment and implications of the Charlie Kirk incident.,image,/img/evidence/3c5ad9f34966c6ac3ffed576e5d333535969c3ebb4e4068597e024298f273feb.jpg,QmaMBPbVS93f1tdhWzwkRwgtDCPw7Wpg6HvwFTTPstZbUg,"This low-resolution digital photograph shows a crowd of people outdoors, focused on a bearded man wearing sunglasses and a blue plaid shirt who is facing towards the right.",ck-4sq-side,no,CK_AUTHOR_CREDIT,
/GoogleSearches/centcom-search-patterns,site/docs/GoogleSearches/centcom-search-patterns.mdx,mdx,3,GoogleSearches,GoogleSearches,no,CENTCOM — Search Result Claims,CENTCOM Searches,"The US Central Command thread inside the Fort Huachuca image-search claim — the Sept 8 2025 El-Sisi meeting, the 'Admiral Cooper' query, and the evidence limits.",video,/img/video_posters/7218ddb09a0072cd5c0d1961d2dba1f911ef4d6f8b657553b46be1bb905ca8e3.jpg,Qmc5XpXRZ8fPBTLsvMx66kcB6RyywTs48WALsPo7nXdLRn,,ck-4sq-stack,no,CK_AUTHOR_CREDIT,
/GoogleSearches/crane-search-patterns,site/docs/GoogleSearches/crane-search-patterns.mdx,mdx,3,GoogleSearches,GoogleSearches,no,Crane — Search Result Claims,Crane Searches,"The NSWC Crane thread inside the Fort Huachuca image-search claim — the miniaturized demolition charge contract, the exploding-mic theory link, and why the search claim proves nothing.",video,/img/video_posters/7218ddb09a0072cd5c0d1961d2dba1f911ef4d6f8b657553b46be1bb905ca8e3.jpg,Qmc5XpXRZ8fPBTLsvMx66kcB6RyywTs48WALsPo7nXdLRn,,ck-4sq-stack,no,CK_AUTHOR_CREDIT,
/GoogleSearches/dc-metro-search-patterns,site/docs/GoogleSearches/dc-metro-search-patterns.mdx,mdx,3,GoogleSearches,GoogleSearches,no,DC & Metro Search Patterns (Claims),DC Metro Patterns,"Google Trends claims for Washington DC and federal-corridor searches before Sept 10 2025 — hospital, DPS, Tyler Robinson, and Virginia/DMV context.",image,/img/evidence/f3de6263f6829fdf2d4a97f165bb9b33714ebbc2cea5a518471b1c97c6a7cee2.jpg,QmPsLJjRTB8MmrcNtJvFZGxkiGnwKSqUuDwboiGsrk68eE,This image is a digital screenshot of a Google Trends interface showing search interest data.,ck-4sq-stack,no,CK_AUTHOR_CREDIT,
/GoogleSearches/dia-search-patterns,site/docs/GoogleSearches/dia-search-patterns.mdx,mdx,3,GoogleSearches,GoogleSearches,no,DIA — Search Result Claims,DIA Searches,"The Defense Intelligence Agency thread inside the Fort Huachuca image-search claim — what DIA is, why it appears, and how thin the underlying evidence is.",video,/img/video_posters/7218ddb09a0072cd5c0d1961d2dba1f911ef4d6f8b657553b46be1bb905ca8e3.jpg,Qmc5XpXRZ8fPBTLsvMx66kcB6RyywTs48WALsPo7nXdLRn,,ck-4sq-stack,no,CK_AUTHOR_CREDIT,
/GoogleSearches/fbi-dps-law-enforcement-searches,site/docs/GoogleSearches/fbi-dps-law-enforcement-searches.mdx,mdx,3,GoogleSearches,GoogleSearches,no,"FBI, DPS & Law Enforcement Searches",FBI & DPS,"Google Trends claims for FBI Salt Lake SACs Mehtab Syed and Robert Bohls, Utah DPS Beau Mason, and Mike Mitchell before Sept 10 2025.",image,/img/evidence/613bc51ae92d9f4891f660da5cc33289b69c135a9b96ac84637d142341702934.jpg,QmVmkgcnF6ebjjKFfguuwAe7s5GJt87nTyp4oHhMocUqJ9,"An eye-level, medium-wide shot of four law enforcement investigators gathered at the edge of a grassy area bordering a dense, dark treeline.",ck-4sq-stack,no,CK_AUTHOR_CREDIT,
/GoogleSearches/fort-huachuca-image-searches,site/docs/GoogleSearches/fort-huachuca-image-searches.mdx,mdx,3,GoogleSearches,GoogleSearches,no,Fort Huachuca Image Search Results (Claims),Fort Huachuca Images,"Stew Peters claims that Google image search results for Fort Huachuca-linked figures vanished the day after they were published — the named-vs-unnamed control test, and why it is hard to verify.",video,/img/video_posters/7218ddb09a0072cd5c0d1961d2dba1f911ef4d6f8b657553b46be1bb905ca8e3.jpg,Qmc5XpXRZ8fPBTLsvMx66kcB6RyywTs48WALsPo7nXdLRn,,ck-4sq-stack,no,CK_AUTHOR_CREDIT,
/GoogleSearches/fort-huachuca-sept-9-searches,site/docs/GoogleSearches/fort-huachuca-sept-9-searches.mdx,mdx,3,GoogleSearches,GoogleSearches,no,Fort Huachuca 9/9/2025 — Pre-Sept 9 Search Spikes (Claims),Fort Huachuca 9/9/2025,"Stew Peters' original July 14, 2026 claim that Fort Huachuca image-search data showed repeated geo-specific spikes for DIA, CENTCOM, Crane, and Kirk security/comms figures in the weeks and days before Sept 9, 2025.",video,/img/video_posters/daf0c1d3e40823448735a226b898749eb36b82bf7ceafd9131da670a85a48598.jpg,QmRht9hZwK3BKuCPSPrRnDKo2YTMGgcp6i5djRgWQbhooq,,ck-4sq-stack,no,CK_AUTHOR_CREDIT,
/GoogleSearches/investigation-index,site/docs/GoogleSearches/investigation-index.mdx,mdx,3,GoogleSearches,GoogleSearches,no,Google Searches — Investigation Index,Investigation Index,"Hub for Google Trends search-pattern claims before Sept 10 2025 — Israel, DC, and related IP geographies tied to Charlie Kirk case figures and locations.",none,,,,none,no,CK_AUTHOR_CREDIT,
/GoogleSearches/israel-ip-search-patterns,site/docs/GoogleSearches/israel-ip-search-patterns.mdx,mdx,3,GoogleSearches,GoogleSearches,no,Israel IP Search Patterns (Claims),Israel IP Patterns,"Summary of citizen claims that Google Trends showed Israeli-geography search spikes for Charlie Kirk case subjects before Sept 10, 2025.",image,/img/evidence/30d0c3bf7d8da1f59f477fb875e30e6be6b85ac4d17a0fcbfd444c49302af5c7.jpg,QmUtDLi1su6offN2U6GTrytRVLSKgB1bkvzSjqoVpfiNQd,"This is a high-altitude, top-down aerial or satellite image showing a portion of a modern architectural complex, likely a university campus or civic center.",ck-4sq-stack,no,CK_AUTHOR_CREDIT,
/GoogleSearches/judges-graf-lunnen-searches,site/docs/GoogleSearches/judges-graf-lunnen-searches.mdx,mdx,3,GoogleSearches,GoogleSearches,no,Judges Graf & Lunnen — Search Patterns,Judges Graf & Lunnen,Claims of Israeli Google Trends searches for Utah judges Tony Graf and Robert Lunnen before Charlie Kirk's death with no Utah searches until after.,image,/img/evidence/db4f1ad885954cade25ff7cb333f7c274e97f431b40d9e505367eaf05a4b0b78.jpg,QmPWuPnKzX8yk76iyhsADoMHUC4AgeqQ81e75gJc2dkCr4,"This is a digital screenshot showing a comparative Google Trends search interface, displayed within a bright blue border.",ck-4sq-side,no,CK_AUTHOR_CREDIT,
/GoogleSearches/july-20-2025-anchor,site/docs/GoogleSearches/july-20-2025-anchor.mdx,mdx,3,GoogleSearches,GoogleSearches,no,"July 20, 2025 — Anchor Window",July 20 Anchor,"Why commentators anchor pre-assassination Google Trends spikes on July 20, 2025 — AMFEST, SU-BTT, surgeon searches, and Beau Mason appointment.",image,/img/evidence/a9075e4c73fc45b9b32b9f2a0ecffcb596d46cd8f2589b2999abac4925f2207f.jpg,QmRHGQhYCrqjnb9PCDuJzBWomxMGhQ816FCjsbHULSzaxK,"This is a Google Maps street-view style interior photograph captured inside a modern, industrial-themed academic or municipal building corridor, possibly a university campus or…",ck-4sq-stack,no,CK_AUTHOR_CREDIT,
/GoogleSearches/kathryn-nester-searches,site/docs/GoogleSearches/kathryn-nester-searches.mdx,mdx,3,GoogleSearches,GoogleSearches,no,Kathryn Nester — Dec 2024 Israel Spike,Kathryn Nester,Claims of a Dec 8–14 2024 Google Trends surge for Tyler Robinson defense counsel Kathryn Nester from Israeli geography before the shooting.,image,/img/evidence/cb859bc1cc3f56aab0d97c75a3352819e45e9c846951ddee6c8c74bedab9bd0f.jpg,QmPJCHCGFa8aFDxa4oE5cMDH6Cbb6iwQaANqfhESg3fLWZ,This is a digital screenshot of a mobile web browser displaying a Google Trends comparison chart.,ck-4sq-stack,no,CK_AUTHOR_CREDIT,
/GoogleSearches/misc-figures-searches,site/docs/GoogleSearches/misc-figures-searches.mdx,mdx,3,GoogleSearches,GoogleSearches,no,"Misc Figures — Fox, Merrell, Zinn, Vasquez",Misc Figures,"Additional Google Trends search claims — Jaxson Fox, Daniel Merrell, George Zinn, Elena Vasquez, and scattered names from Israel/DC compilations.",none,,,,none,no,CK_AUTHOR_CREDIT,
/GoogleSearches/nester-israel-trends-repull,site/docs/GoogleSearches/nester-israel-trends-repull.mdx,mdx,3,GoogleSearches,GoogleSearches,no,"Nester Israel Trends Re-Pull — \""It's Every Time\"" (Claims)",Nester Trends Re-Pull,"A fresh Google Trends pull for Kathryn Nester filtered to Israel reproduces the single isolated spike, offered by @ArtifexMemor as evidence the pattern is repeatable rather than cherry-picked.",image,/img/evidence/b4f20195fdc9c2707f52c72ef8e8e76100d3b62af38870b5103ef45dc49ca618.jpg,QmToMFcZ4L8DS4oQELtT7ef9MQ38DH7Ht7QiFJDxSivimQ,"Google Trends Explore screenshot for the search term Kathryn Nester, filtered to Israel over the past 12 months, showing a single isolated spike to 100.",ck-4sq-stack,no,CK_AUTHOR_CREDIT,
/GoogleSearches/overview,site/docs/GoogleSearches/overview.mdx,mdx,2,GoogleSearches,,yes,Google Searches,Google Searches,"Hub for Google Trends claims before Sept 10 2025 — Israel, DC, and related searches for Charlie Kirk case people, places, planes, and institutions.",video,/img/video_posters/e6cc83c641a21ba3e8c8ca0c69e2eaa047a08507de1b0a895eaedcf3dd7579a3.jpg,QmTffVAiESHW3HZ9FKzNARSJN62sNWUeUqVSGr9i6UugwR,,ck-4sq-stack,no,CK_AUTHOR_CREDIT,
/GoogleSearches/planes-search-patterns,site/docs/GoogleSearches/planes-search-patterns.mdx,mdx,3,GoogleSearches,GoogleSearches,no,Planes — N1098L & N888KG Search Patterns,Plane Searches,Google Trends claims for N1098L HADES jet and N888KG tail-number searches from Israel and Utah before Sept 10 2025.,image,/img/evidence/0311c0403b87cbe119c516701faeac6205d7866f26cb548a4ccadc0a924a2c8b.jpg,QmQ5CbVzobgyzRQi1FLQPBvQJVsK8XsxY4mjA8EapHSUqn,"This eye-level, wide shot displays a white and dark blue Bombardier Challenger 300 private business jet parked on a concrete airport apron.",ck-4sq-stack,no,CK_AUTHOR_CREDIT,
/GoogleSearches/timpanogos-medical-searches,site/docs/GoogleSearches/timpanogos-medical-searches.mdx,mdx,3,GoogleSearches,GoogleSearches,no,"Timpanogos, Examiner & Surgeon Searches",Medical Searches,"Google Trends claims for Timpanogos Regional Hospital, Dr. Deirdre Amaro, seven surgeons, Greg Gunn autopsy law, and Daniel Merrell.",image,/img/evidence/dd7e1346e502b0fe5eab3acf416652989928b65ca922db4bad94d6822e7844f5.jpg,QmTJT5GPNpYsE6N6gNUFjNAwUSHsT4hwkx6TRyVxPPkS6i,"This is a digital graphic featuring a dark-colored header with bold, yellow text overlaid above a screenshot of a Google Trends search result page.",ck-4sq-side,no,CK_AUTHOR_CREDIT,
/GoogleSearches/tpusa-political-figures-searches,site/docs/GoogleSearches/tpusa-political-figures-searches.mdx,mdx,3,GoogleSearches,GoogleSearches,no,TPUSA Insiders & Political Figures — Searches,TPUSA & Political,Google Trends claims for Charlie Kirk circle TPUSA names and Utah political figures searched from Israel and DC before Sept 10 2025.,none,,,,none,no,CK_AUTHOR_CREDIT,
/GoogleSearches/trends-deletion-suppression,site/docs/GoogleSearches/trends-deletion-suppression.mdx,mdx,3,GoogleSearches,GoogleSearches,no,Trends Deletion & Suppression Claims,Trends Deletion,Allegations that Google Trends data for Charlie Kirk case terms vanished after viral posts — Precision Marble & Granite and live scrub claims.,none,,,,none,no,CK_AUTHOR_CREDIT,
/GoogleSearches/tyler-robinson-lance-twiggs-searches,site/docs/GoogleSearches/tyler-robinson-lance-twiggs-searches.mdx,mdx,3,GoogleSearches,GoogleSearches,no,Tyler Robinson & Lance Twiggs — Search Patterns,Tyler & Lance Twiggs,"Google Trends claims for Tyler Robinson, Lance Twiggs, and St. George address searches from Israel and DC before Sept 10 2025.",image,/img/evidence/e3945b5ba6927a91b3000db09aa3b57a38fdcfe3428901836f3a41fa23202859.jpg,QmWA8WoWFhR4snz2yUWqNtcWYDYkUWovEHT7RjVaGa1JxP,"The image is a medium close-up portrait of a young man, identified in the caption as Lance Twiggs, wearing a plush, brown-and-white sloth-themed hooded onesie.",ck-4sq-side,no,CK_AUTHOR_CREDIT,
/GoogleSearches/uvu-campus-location-searches,site/docs/GoogleSearches/uvu-campus-location-searches.mdx,mdx,3,GoogleSearches,GoogleSearches,no,UVU Campus & Location Searches,UVU & Locations,"Google Trends claims for Utah Valley University buildings, Losee Center, parking, and Sept 9 N888KG search before the Charlie Kirk shooting.",image,/img/evidence/9f9df9e2c28be66807d69913d4cb4a5b468747095f5e302e13d92029ea71bd37.jpg,QmYrCYfPh8GqAqXmW6xARzmzCcRaKWHdvPJY8Dsc1cX7iW,"A wide-angle Google Street View image capturing a street corner in downtown Provo, Utah, on a clear, sunny autumn day.",ck-4sq-stack,no,CK_AUTHOR_CREDIT,
/Cause_of_Death/overview,site/docs/Cause_of_Death/overview.mdx,mdx,2,Cause_of_Death,,yes,Cause of Death,Cause of Death,"What citizen investigators conclude killed Charlie Kirk: not the .30-06 rifle round of the official account, but an explosive in the microphone — and possibly an electromagnetic discharge. Documented as of July 2026.",image,/img/evidence/f78f3a3ede1a3bbfda3cfd42d80f52f48dc1aedb7cfa2f64f5afb598372c125f.jpg,,"Visual Representation of Reported Injuries — anatomical chart marking, in red, the reported injury locations across the front and back torso, the neck, the internal chest, and two views of the brain.",ck-4sq-side,no,CK_AUTHOR_CREDIT,
/gov/overview,site/docs/gov/overview.mdx,mdx,2,gov,,yes,Government Evidence,Government Evidence,This page summarizes questions and claims about how government entities have handled evidence in the Charlie Kirk case. It focuses on topics such as alleged…,none,,,,none,no,CK_AUTHOR_CREDIT,
/Amfest/ai-voice-and-memorial-tech,site/docs/Amfest/ai-voice-and-memorial-tech.mdx,mdx,3,Amfest,Amfest,no,AI Voice and Memorial Tech,AI Voice & Memorial Tech,"Authentication arguments around TPUSA AI voice cloning, Dream City Church / AmFest-style Charlie-from-beyond content, memorial phone tracking, and why unverified audio got harder to trust after 2025.",none,,,,none,no,CK_AUTHOR_CREDIT,
/Amfest/amfest-2024-tucker-epstein,site/docs/Amfest/amfest-2024-tucker-epstein.mdx,mdx,3,Amfest,Amfest,no,AmFest 2024: Tucker on Epstein,AmFest 2024: Epstein,"At AmericaFest 2024, closing the first night, Tucker Carlson reportedly discussed Jeffrey Epstein's alleged role in a blackmail operation possibly run for foreign intelligence — a year before Charlie Kirk was killed.",none,,,,none,no,CK_AUTHOR_CREDIT,
/Amfest/amfest-2025-december,site/docs/Amfest/amfest-2025-december.mdx,mdx,3,Amfest,Amfest,no,AmericaFest December 2025,AmFest December 2025,"The first AmericaFest without Charlie Kirk — Phoenix, December 2025: published flyer from August 25, main-stage fights over AIPAC and courage, Bannon's war language, tent replica, and attendance claims.",none,,,,none,no,CK_AUTHOR_CREDIT,
/Amfest/amfest-year-timeline,site/docs/Amfest/amfest-year-timeline.mdx,mdx,3,Amfest,Amfest,no,Year-by-Year AmFest Timeline,AmFest Timeline,"Every AmericaFest and TPUSA summit event the Charlie Kirk investigation touches, in order — from AmericaFest 2023 through AmericaFest 2025 and the 2026 succession disputes.",none,,,,none,no,CK_AUTHOR_CREDIT,
/Amfest/august-25-flyer,site/docs/Amfest/august-25-flyer.mdx,mdx,3,Amfest,Amfest,no,"The August 25, 2025 AmFest Flyer",August 25 Flyer,"The promotional flyer for AmericaFest December 2025 dropped on August 25, 2025 — sixteen days before Charlie Kirk was killed. Investigators read the placement of Tucker Carlson as deliberate.",none,,,,none,no,CK_AUTHOR_CREDIT,
/Amfest/bannon-amfest-israel-first,site/docs/Amfest/bannon-amfest-israel-first.mdx,mdx,3,Amfest,Amfest,no,Bannon at AmFest: Israel First Contention,Bannon Israel First,"Steve Bannon on AmericaFest stages — flyer placement, Greater Israel / Israel First critique, Iran-war policy claims about Charlie Kirk, and how investigators fold Bannon into AmFest motive discourse.",none,,,,none,no,CK_AUTHOR_CREDIT,
/Amfest/bannon-we-are-at-war,site/docs/Amfest/bannon-we-are-at-war.mdx,mdx,3,Amfest,Amfest,no,"Bannon: \""We Are At War\""",Bannon We Are At War,Steve Bannon at AmericaFest 2025 — December 19 remarks framing war language and elevating Charlie Kirk as a historic American figure on the first AmFest stage without him.,none,,,,none,no,CK_AUTHOR_CREDIT,
/Amfest/booking-as-policy,site/docs/Amfest/booking-as-policy.mdx,mdx,3,Amfest,Amfest,no,Booking a Speaker as Policy,Booking as Policy,"Why investigators treat AmFest speaker invitations as public policy instruments — falsifiable signals about Israel, AIPAC, and who the movement is allowed to hear.",none,,,,none,no,CK_AUTHOR_CREDIT,
/Amfest/candace-amfest-block-pressure,site/docs/Amfest/candace-amfest-block-pressure.mdx,mdx,3,Amfest,Amfest,no,Candace Owens: AmFest Block Pressure,Candace Block Pressure,"Pro-Israel and donor-side pressure narratives around keeping Candace Owens off AmFest stages — Sept 9 invite text, America Only pivot claims, post-death exclusion, Shapiro attack, and investigation role.",none,,,,none,no,CK_AUTHOR_CREDIT,
/Amfest/candace-invitation,site/docs/Amfest/candace-invitation.mdx,mdx,3,Amfest,Amfest,no,September 9: The Candace Invitation,The Candace Invitation,"On September 9, 2025 — the day before he was killed — Charlie Kirk reportedly texted that he would invite Candace Owens to speak at AmFest. Why investigators treat that text as the most significant AmFest item in the file.",none,,,,none,no,CK_AUTHOR_CREDIT,
/Amfest/dave-smith-booking-pressure,site/docs/Amfest/dave-smith-booking-pressure.mdx,mdx,3,Amfest,Amfest,no,Dave Smith: Stage Booking and Donor Ire,Dave Smith Booking,"Dave Smith vs Josh Hammer at TPUSA July 2025 — often mislabeled AmFest — audience split, donor-ire claims, Hamptons/Hammer overlap, and assassination-motive packaging around platforming Israel critics.",none,,,,none,no,CK_AUTHOR_CREDIT,
/Amfest/debra-carlson-amfest,site/docs/Amfest/debra-carlson-amfest.mdx,mdx,3,Amfest,Amfest,no,Debra Carlson Name Search (AmFest),Debra Carlson Search,Research result for Debra/Deborah Carlson in the Charlie Kirk AmFest and assassination file — no public hits found; near-match is Tucker Carlson and the go-max / speaker-pressure track.,none,,,,none,no,CK_AUTHOR_CREDIT,
/Amfest/donor-pressure-bookings,site/docs/Amfest/donor-pressure-bookings.mdx,mdx,3,Amfest,Amfest,no,Donor Pressure on the Lineup,Donor Pressure,"How private donor pressure, group-chat texts, and public denials frame the fight over who Charlie Kirk was allowed to put on the AmFest stage — attributed claims only.",none,,,,none,no,CK_AUTHOR_CREDIT,
/Amfest/go-max-tucker,site/docs/Amfest/go-max-tucker.mdx,mdx,3,Amfest,Amfest,no,"\""Go Max\"": Kirk's Instruction to Tucker",Go Max,"Charlie Kirk telling Tucker Carlson to 'go max' / 'go all the way' at the July 2025 TPUSA Florida summit — Megyn Kelly's backstage capture, X amplification, donor-war framing, and AmFest motive use.",none,,,,none,no,CK_AUTHOR_CREDIT,
/Amfest/july-20-2025-amfest-week,site/docs/Amfest/july-20-2025-amfest-week.mdx,mdx,3,Amfest,Amfest,no,"The July 20, 2025 AmFest Week",July 20 AmFest Week,"Why commentators treat the week of July 20, 2025 — the AmFest/Tucker week — as the anchor date of the Charlie Kirk case, and the alleged AMFEST military-intelligence meeting on that date.",none,,,,none,no,CK_AUTHOR_CREDIT,
/Amfest/megyn-kelly-amfest,site/docs/Amfest/megyn-kelly-amfest.mdx,mdx,3,Amfest,Amfest,no,"Megyn Kelly, AmFest, and Donor Pressure",Megyn Kelly,"Megyn Kelly's place in the AmFest/TPUSA record — SAS appearance, GO MAX capture, Kirk's donor-pressure interviews, Israel-lobby contention, AmFest 2025 keynote claims, and Shapiro's cowardice attack.",none,,,,none,no,CK_AUTHOR_CREDIT,
/Amfest/mtg-aipac-amfest,site/docs/Amfest/mtg-aipac-amfest.mdx,mdx,3,Amfest,Amfest,no,"MTG, AIPAC, and the AmFest Invite Claim",MTG AIPAC Invite,"Circulating claims that Charlie Kirk invited Marjorie Taylor Greene to speak or debate AIPAC at AmFest shortly before September 10, 2025 — X posts, timeline packaging, and what remains unverified.",none,,,,none,no,CK_AUTHOR_CREDIT,
/Amfest/murder-motive-amfest-x,site/docs/Amfest/murder-motive-amfest-x.mdx,mdx,3,Amfest,Amfest,no,Murder Motive and AmFest on X,Murder Motive on X,"X/Twitter discussions linking Charlie Kirk's murder to AmFest, speaker lineup fights, AIPAC, and donor pressure — raw attributed discourse, not findings. Do not treat posts as proof of who killed him.",none,,,,none,no,CK_AUTHOR_CREDIT,
/Amfest/murder-tent-replica,site/docs/Amfest/murder-tent-replica.mdx,mdx,3,Amfest,Amfest,no,"The \""Prove Me Wrong\"" Tent Replica",Tent Replica,"At AmericaFest 2025, TPUSA reportedly erected a replica of the Prove Me Wrong debate tent associated with the UVU shooting — tribute, trauma reenactment, or narrative infrastructure depending on who you ask.",none,,,,none,no,CK_AUTHOR_CREDIT,
/Amfest/open-questions-checklist,site/docs/Amfest/open-questions-checklist.mdx,mdx,3,Amfest,Amfest,no,Open Questions and Checklist,Open Questions,"Documentary checklist for the AmFest section — contracts, transcripts, guest lists, and authentication items that would confirm or refute the conference-control and donor-pressure claims.",none,,,,none,no,CK_AUTHOR_CREDIT,
/Amfest/overview,site/docs/Amfest/overview.mdx,mdx,2,Amfest,,yes,AmFest (AmericaFest),AmFest,"AmericaFest — TPUSA's flagship conference — and everything the investigation records about it: the speaker fights, the July 2025 anchor week, the August 25 flyer, the Candace invitation, and the first AmFest without Charlie Kirk.",none,,,,none,no,CK_AUTHOR_CREDIT,
/Amfest/sas-2025-tampa,site/docs/Amfest/sas-2025-tampa.mdx,mdx,3,Amfest,Amfest,no,July 2025 Summit: Smith vs Hammer,July 2025 Summit,"TPUSA's July 11-14, 2025 Student Action Summit in Tampa — the Dave Smith vs Josh Hammer Israel debate, Tucker Carlson's 'go all the way' appearance, and the fallout the event produced.",none,,,,none,no,CK_AUTHOR_CREDIT,
/Amfest/shapiro-amfest-2025,site/docs/Amfest/shapiro-amfest-2025.mdx,mdx,3,Amfest,Amfest,no,Shapiro Names Carlson and Kelly,Shapiro at AmFest 2025,"At AmericaFest 2025, Ben Shapiro criticized Tucker Carlson and Megyn Kelly by name for not denouncing Candace Owens's theories, calling the silence cowardice — the pro-Israel discipline speech on Kirk's stage.",none,,,,none,no,CK_AUTHOR_CREDIT,
/Amfest/speakers-index,site/docs/Amfest/speakers-index.mdx,mdx,3,Amfest,Amfest,no,AmFest Speaker Index by Year,Speaker Index,"Who spoke at AmericaFest and the TPUSA summits, by year, and which of those speakers the Charlie Kirk investigation tracks — with the documented sources for each lineup.",none,,,,none,no,CK_AUTHOR_CREDIT,
/Amfest/tucker-aipac-speech,site/docs/Amfest/tucker-aipac-speech.mdx,mdx,3,Amfest,Amfest,no,Tucker's AIPAC Remarks on Stage,Tucker AIPAC Speech,"At AmericaFest 2025, Tucker Carlson told the audience that taking AIPAC money is America-last policy and that criticizing AIPAC should not be labeled antisemitism — and linked that fight to Charlie Kirk.",none,,,,none,no,CK_AUTHOR_CREDIT,
/Amfest/tucker-invitation-fight,site/docs/Amfest/tucker-invitation-fight.mdx,mdx,3,Amfest,Amfest,no,The Fight Over Tucker's Invitation,Tucker's Invitation,"The allegation that Charlie Kirk was pressed to rescind Tucker Carlson's AmFest invitation at an August 2025 donor weekend, refused, and lost a major donor over it — and the denials on record.",none,,,,none,no,CK_AUTHOR_CREDIT,
/Amfest/what-is-americafest,site/docs/Amfest/what-is-americafest.mdx,mdx,3,Amfest,Amfest,no,What AmericaFest Actually Is,What AmFest Is,"AmericaFest explained — TPUSA's flagship December conference in Phoenix, its scale, its format, and why a conference program matters to an assassination investigation.",none,,,,none,no,CK_AUTHOR_CREDIT,
/Amfest/who-runs-amfest,site/docs/Amfest/who-runs-amfest.mdx,mdx,3,Amfest,Amfest,no,Who Actually Runs AmFest,Who Runs AmFest,"Operational ownership of AmericaFest — TPUSA events leadership, Mosaic Pro Events production, and why vendor and executive control matter after Charlie Kirk's death.",none,,,,none,no,CK_AUTHOR_CREDIT,
/Amfest/x-speaker-pressure-discourse,site/docs/Amfest/x-speaker-pressure-discourse.mdx,mdx,3,Amfest,Amfest,no,X Discourse: Pro-Israel Speaker Pressure,X Speaker Pressure,"Raw harvest of X/Twitter discussion about AmFest speaker fights — Candace, Tucker, donors, Shapiro replacement claims — preserved as discourse with attribution, not as court findings.",none,,,,none,no,CK_AUTHOR_CREDIT,
/Media/Candace-Owens-Israel-Controversies,site/docs/Media/Candace-Owens-Israel-Controversies.mdx,mdx,3,Media,Media,no,Candace Owens Israel Controversies (Media),Candace Owens Israel Controversies,"How media covered Candace Owens' disclosure of Charlie Kirk's alleged donor and Israel-related texts, her kill-me warnings, and the verification fight that followed.",image,/img/evidence/5b88d3c2abf28b9fc3eb8d18bb377b0ced02659982c0c1b9055e3f148f9254ed.jpg,Qme2vVxbBivmSrEmz2UzCu4Gp3TQog5VY4fWtN4m1Ap4jH,This image is a vertically split digital internet meme composed of two panels that compare two distinct historical controversies.,ck-4sq-side,no,CK_AUTHOR_CREDIT,
/Media/Censorship,site/docs/Media/Censorship.mdx,mdx,3,Media,Media,no,Media Censorship,Media Censorship,This page summarizes claims and concerns about censorship and information suppression related to the Charlie Kirk case. It draws on publicly available…,none,,,,none,no,CK_AUTHOR_CREDIT,
/Media/Guardian-Kirk-Beliefs,site/docs/Media/Guardian-Kirk-Beliefs.mdx,mdx,3,Media,Media,no,Guardian Coverage of Kirk's Beliefs,Guardian Kirk Beliefs,"How The Guardian framed Charlie Kirk's public rhetoric after the UVU shooting — quote compilations, campus-culture analysis, and political-violence context.",image,/img/evidence/42339a52b1c3d686e611d5a25e1d30ab58804d4868ed01df9bddf1a6d371fb7d.jpg,QmViFR8TJNMuf49EmdZbCzdfjLmYapP1RCsqGBR2WkKAV3,"This image is a digital infographic titled &quot;BLUEPRINT FOR REGIME CHANGE&quot; that visually maps out connections between various United States government agencies, non-governmental…",ck-4sq-stack,no,CK_AUTHOR_CREDIT,
/Media/Israeli-Agenda-Criticism,site/docs/Media/Israeli-Agenda-Criticism.mdx,mdx,3,Media,Media,no,Media Coverage of Israeli Agenda Criticism,Israeli Agenda Criticism,How press and commentary covered claims that Charlie Kirk was breaking from pro-Israel donor pressure before his death — and how outlets framed Mossad and foreign-involvement theories.,none,,,,none,no,CK_AUTHOR_CREDIT,
/Media/Leaked-Kirk-Texts,site/docs/Media/Leaked-Kirk-Texts.mdx,mdx,3,Media,Media,no,Leaked Kirk Texts (Claims),Leaked Kirk Texts (Claims),"Reported and circulated private messages attributed to Charlie Kirk before September 10, 2025 — especially fear-for-life texts — and how media have covered their authenticity.",none,,,,none,no,CK_AUTHOR_CREDIT,
/Media/Mainstream-vs-Alternative-Media,site/docs/Media/Mainstream-vs-Alternative-Media.mdx,mdx,3,Media,Media,no,Mainstream vs Alternative Media,Mainstream vs Alternative Media,"How major news outlets and independent investigators framed the Charlie Kirk case differently — lone-gunman reporting versus flight, ballistics, and foreign-lead scrutiny.",none,,,,none,no,CK_AUTHOR_CREDIT,
/Media/Media-Timeline-Compilation,site/docs/Media/Media-Timeline-Compilation.mdx,mdx,3,Media,Media,no,Media Timeline Compilation,Media Timeline Compilation,"Side-by-side comparison of official, mainstream-media, and alternative timelines for the Charlie Kirk case — including disputed shooting times and post-assassination memorial dates.",image,/img/evidence/8bc9db0b387790d52e6bf6282342fcf460693b98bceb75667f078510c1c5e704.jpg,QmYjHEs52gxF3SVUnqFNdnMBunsgFVQfrpEYHehQLLJU95,This image is a digital graphic compilation combining multiple visual assets with explanatory text on a black background.,ck-4sq-side,no,CK_AUTHOR_CREDIT,
/Media/Media_Articles,site/docs/Media/Media_Articles.mdx,mdx,3,Media,Media,no,Media Articles,Media Articles,"A running index of news and reference articles covering the Charlie Kirk case, grouped by outlet, with a short note on what makes each piece distinctive.",image,/img/evidence/a5e887fccbdda12cd9085df112737e0cd97cab2f8348af693cee0f315e053ec9.jpg,QmdaVopsMZAtrWxDJNXaQxcH4kAmgp4ciJzYazqqg6Z2wL,This is a full-page screenshot of an online news article from &quot;The Defense Post&quot; website.,ck-4sq-side,no,CK_AUTHOR_CREDIT,
/Media/Media_Response,site/docs/Media/Media_Response.mdx,mdx,3,Media,Media,no,Media Response,Media Response,"How press and public figures responded to Charlie Kirk's death — breaking news, political-violence framing, workplace retaliation, and ongoing court coverage.",none,,,,none,no,CK_AUTHOR_CREDIT,
/Media/National-Day-Remembrance,site/docs/Media/National-Day-Remembrance.mdx,mdx,3,Media,Media,no,National Day of Remembrance,National Day of Remembrance,"How President Trump proclaimed a National Day of Remembrance for Charlie Kirk on October 14, 2025 — and how media covered the memorial politics alongside the criminal case.",none,,,,none,no,CK_AUTHOR_CREDIT,
/Media/News-Sources-Analysis,site/docs/Media/News-Sources-Analysis.mdx,mdx,3,Media,Media,no,News Sources Analysis,News Sources Analysis,"How different news ecosystems — wire services, papers, broadcast, international, local Utah, and reference sites — covered the Charlie Kirk case and what each type emphasized.",image,/img/evidence/3b3acb01227226e63aa05c252434bef09df48d656f41eb954c5ef0160b5b1c62.jpg,QmfAb7AdSNgnjjYP78TwcMj2nyg4HkMNN3ZVwytASrFukr,"This is a still screenshot from a digital news broadcast, formatted for social media or a mobile video feed, featuring a close-up shot of a male spokesperson presenting at a…",ck-4sq-stack,no,CK_AUTHOR_CREDIT,
/Media/Presidential-Medal-of-Freedom,site/docs/Media/Presidential-Medal-of-Freedom.mdx,mdx,3,Media,Media,no,Presidential Medal of Freedom,Presidential Medal of Freedom,How President Trump posthumously awarded Charlie Kirk the Presidential Medal of Freedom in October 2025 and how media covered Erika Kirk's acceptance.,image,/img/evidence/5d897ceb91fef1184bd5ac0996f9636f39860317e743a144852914e8a371eb13.jpg,QmeUphMAMmTCUphGdZVjci8HknnYy5bLLVSvAPYCpCVySe,This low-angle medium shot shows four adult men standing outdoors on and around a large stone structure engraved with the text &quot;FREEDOM PLAZA&quot;.,ck-4sq-stack,no,CK_AUTHOR_CREDIT,
/Media/Trump-Votes-Speech,site/docs/Media/Trump-Votes-Speech.mdx,mdx,3,Media,Media,no,Trump Votes Speech (Media),Trump Votes Speech,"How Donald Trump framed Charlie Kirk's death in September 2025 — radical-left blame, youth-vote legacy, and calls to answer political violence at the ballot box.",image,/img/evidence/6301de96e2a78e6a3fd308434fd6dfcd02861b729ee1fa5fa108bc133bd88107.jpg,QmTJ3jKkeJNSHjqsJrur1mzk6Yz3KLS3VC2GJALASaBbeq,A digital screenshot of a legislative web page displaying a structured table titled &quot;History.&quot; The table documents the chronologically ordered legislative actions taken on a…,ck-4sq-side,no,CK_AUTHOR_CREDIT,
/Media/Vance-Mission-Continuation,site/docs/Media/Vance-Mission-Continuation.mdx,mdx,3,Media,Media,no,Vance Mission Continuation,Vance Mission Continuation,"How JD Vance and the Trump administration publicly vowed to continue Charlie Kirk's mission after the assassination — White House tributes, casket transport, and succession symbolism in media coverage.",image,/img/evidence/ddbda30d96db0339645bd1027670c9c4085068bad898aa1c0ed8b50027b81298.jpg,QmQMTf1RCtuM5vXFzaJC3CAradcvuMguREVvwiPXxoktEx,This is a composite image consisting of four panels that display a digital sales listing and technical interiors for a 2023 Bombardier Global 6500 jet aircraft.,ck-4sq-stack,no,CK_AUTHOR_CREDIT,
/Media/Wikipedia-Coverage,site/docs/Media/Wikipedia-Coverage.mdx,mdx,3,Media,Media,no,Wikipedia Coverage,Wikipedia Coverage,"How Wikipedia's Assassination of Charlie Kirk article functions as a reference layer — what it consolidates, what theories it lists, and how it differs from breaking-news coverage.",image,/img/evidence/74d3a21df0be3de21b31dad71e8aa2a645f35056c8b11c04da99dbe9bba4e299.jpg,Qme69EQDGgZfxJuZw6HmDeXbGnUFbUCs3SLhTpaYNByzvn,This is a low-resolution screenshot of a mobile Wikipedia article titled &quot;Herzog family.&quot; The page displays a brief introductory paragraph about the notable Jewish family…,ck-4sq-side,no,CK_AUTHOR_CREDIT,
/Media/broadcast-tv-networks,site/docs/Media/broadcast-tv-networks.mdx,mdx,3,Media,Media,no,Broadcast TV Networks,Broadcast TV Networks,"How CNN, NBC, ABC, CBS, and PBS covered the Charlie Kirk case from September 2025 breaking news through 2026 Tyler Robinson courtroom rulings.",image,/img/evidence/3b3acb01227226e63aa05c252434bef09df48d656f41eb954c5ef0160b5b1c62.jpg,QmfAb7AdSNgnjjYP78TwcMj2nyg4HkMNN3ZVwytASrFukr,"This is a still screenshot from a digital news broadcast, formatted for social media or a mobile video feed, featuring a close-up shot of a male spokesperson presenting at a…",ck-4sq-stack,no,CK_AUTHOR_CREDIT,
/Media/fbi-press-conference-media,site/docs/Media/fbi-press-conference-media.mdx,mdx,3,Media,Media,no,FBI Press Conference & Official Releases,FBI Press Conference,"How FBI press conferences and official releases anchored media coverage after the Charlie Kirk shooting — Robert Bohls September 11 2025, Utah Valley updates, and the premature custody correction.",image,/img/evidence/77bc4589b4bb4246b01a506a1e4f842caf0360f9655b98d1fa29556ddfcaa74f.jpg,QmaQNdndt2679SzVHy643ksbMczLZPhvbhspjfYz7tWkQU,This is a digital screenshot of a video player displaying an ITV News broadcast segment.,ck-4sq-stack,no,CK_AUTHOR_CREDIT,
/Media/fox-news-coverage,site/docs/Media/fox-news-coverage.mdx,mdx,3,Media,Media,no,Fox News Coverage,Fox News Coverage,"How Fox News covered the Charlie Kirk assassination — campus security investigations, courtroom camera access, ATF ballistics unsealing, and TPUSA succession interviews.",image,/img/evidence/f56dcb6e9915eb4b7cfbf134060b6053f416567cc93a2131da1bb6c9d9517b39.jpg,QmV5GRyMXQ61S2TrXkfsK71KGMtnCGvgF5jgLX6usYgmiC,This is a digital screenshot of a social media post on X (formerly Twitter) by the user &quot;@MJTruthUltra.&quot; The post presents a fabricated claim about political commentator Charlie…,ck-4sq-side,no,CK_AUTHOR_CREDIT,
/Media/investigation-index,site/docs/Media/investigation-index.mdx,mdx,3,Media,Media,no,Media Investigation Index,Media Investigation Index,"Working memo for the Media section — breaking news, outlet ecosystems, social platforms, local Utah press, trial coverage, censorship, and memorial politics.",none,,,,none,no,CK_AUTHOR_CREDIT,
/Media/overview,site/docs/Media/overview.mdx,mdx,2,Media,,yes,Media,Media,"How newspapers, broadcast TV, digital platforms, and citizen investigators covered the Charlie Kirk assassination and Tyler Robinson capital case — framing, censorship, and trial press.",video,/img/video_posters/f46df7647fcab0835a553f989c01cd909cf5fee46a42346fa84787078f388754.jpg,QmazcnUensqwx3USwwNjZJ9GXveNK9hocxiDW7tsS1Eh15,,ck-4sq-stack,no,CK_AUTHOR_CREDIT,
/Media/september-10-breaking-news,site/docs/Media/september-10-breaking-news.mdx,mdx,3,Media,Media,no,September 10–11 Breaking News,Sept 10 Breaking News,"How wire services, live blogs, and broadcast desks covered the first 48 hours after Charlie Kirk was shot at UVU — manhunt tickers, visual reconstructions, and the premature FBI custody story.",image,/img/evidence/f56dcb6e9915eb4b7cfbf134060b6053f416567cc93a2131da1bb6c9d9517b39.jpg,QmV5GRyMXQ61S2TrXkfsK71KGMtnCGvgF5jgLX6usYgmiC,This is a digital screenshot of a social media post on X (formerly Twitter) by the user &quot;@MJTruthUltra.&quot; The post presents a fabricated claim about political commentator Charlie…,ck-4sq-side,no,CK_AUTHOR_CREDIT,
/Media/social-media-platforms,site/docs/Media/social-media-platforms.mdx,mdx,3,Media,Media,no,Social Media Platforms,Social Media Platforms,"How X, YouTube, TikTok, and other platforms shaped the Charlie Kirk case — citizen investigation, moderation claims, viral outrage cycles, and overlap with court gag orders.",image,/img/evidence/7749ebddd43fa5b3f7160fb8bbd7c37d13a2562d63d205bd6ec8c49fa52d908f.jpg,QmTSuPNW7aqaQTp7YDTrTiAtXaR7BkfkVoBdW4BwAu6hvJ,"This is a vertical screenshot of a TikTok video showing a young man dressed in a dark suit, sunglasses, and leather gloves running across a grassy campus lawn.",ck-4sq-side,no,CK_AUTHOR_CREDIT,
/Media/tabloid-digital-press,site/docs/Media/tabloid-digital-press.mdx,mdx,3,Media,Media,no,Tabloid & Digital-Native Press,Tabloid & Digital Press,"TMZ, New York Post, The Verge, Tablet, and aggregator outlets — how tabloid and digital-native media covered the Charlie Kirk case and the Tyler Robinson contempt ruling.",none,,,,none,no,CK_AUTHOR_CREDIT,
/Media/tpusa-replacement-fox-interview,site/docs/Media/tpusa-replacement-fox-interview.mdx,mdx,3,Media,Media,no,TPUSA Replacement — Fox Interview Timing,TPUSA Fox Interview,"Media coverage of a TPUSA replacement figure appearing on Fox within hours of Charlie Kirk's death — succession optics documented as a strange-events research note, not proof of foreknowledge.",image,/img/evidence/f56dcb6e9915eb4b7cfbf134060b6053f416567cc93a2131da1bb6c9d9517b39.jpg,QmV5GRyMXQ61S2TrXkfsK71KGMtnCGvgF5jgLX6usYgmiC,This is a digital screenshot of a social media post on X (formerly Twitter) by the user &quot;@MJTruthUltra.&quot; The post presents a fabricated claim about political commentator Charlie…,ck-4sq-side,no,CK_AUTHOR_CREDIT,
/Media/tyler-robinson-trial-press,site/docs/Media/tyler-robinson-trial-press.mdx,mdx,3,Media,Media,no,Tyler Robinson Trial Press,Trial Press,"Press coverage of State v. Tyler Robinson from 2025 first appearance through 2026 — gag order, seal motion, media coalition, ATF unsealing, camera access, and prosecutor contempt.",image,/img/evidence/76c6bf771a046e2112d9512432578374be8a7595fd916dd39597aa8fd7aadb01.jpg,QmaPWKxWS9ufzdNSQXEypEWoYq3xg7noJKEXyDpTx4i4TS,This image is a screenshot of a digital news article or press release excerpt presented on a light gray background.,ck-4sq-side,no,CK_AUTHOR_CREDIT,
/Media/utah-local-press,site/docs/Media/utah-local-press.mdx,mdx,3,Media,Media,no,Utah Local Press,Utah Local Press,"Deseret News, Salt Lake Tribune, Fox 13, KSL, and Utah News Dispatch coverage of the Charlie Kirk shooting, cartridge engravings, campus security review, and 2026 trial transparency fights.",none,,,,none,no,CK_AUTHOR_CREDIT,
