tail,utc_date,arrive_utc_date,gap_days,origin,origin_name,origin_km_from_field,depart_after_utc,dest,dest_name,dest_km_from_field,arrive_by_utc,archives,ledger_verdict,arrive_day_verdict,unobserved_days_inside_leg,recovered_from_backup_only,crosses_utc_midnight,confidence,near_sourced_event
N560TW,2022-01-01,2022-01-01,0,KSDL,Scottsdale Airport,0.88,2022-01-01T00:10:07.800000Z,KRIL,Garfield County Regional Airport,0.09,2022-01-01T01:49:22.600000Z,adsbexchange-samples,HELD_BY_ADSBEXCHANGE-SAMPLES,HELD_BY_ADSBEXCHANGE-SAMPLES,0,yes,no,direct,
N560TW,2022-01-01,2022-01-01,0,KRIL,Garfield County Regional Airport,0.63,2022-01-01T03:43:18.800000Z,KSDL,Scottsdale Airport,0.09,2022-01-01T04:43:17.400000Z,adsbexchange-samples,HELD_BY_ADSBEXCHANGE-SAMPLES,HELD_BY_ADSBEXCHANGE-SAMPLES,0,yes,no,direct,
N560TW,2022-02-01,2022-04-01,59,KSDL,Scottsdale Airport,0.98,2022-02-01T00:06:22.200000Z,KJAC,Jackson Hole Airport,0.75,2022-04-01T00:00:00Z,adsbexchange-samples,HELD_BY_ADSBEXCHANGE-SAMPLES,HELD_BY_ADSBEXCHANGE-SAMPLES,58,yes,yes,GAP -- aircraft unobserved for 58 day(s) between these two fields; intermediate stops are possible and are NOT ruled out,
T7-ELL,2022-02-01,2022-08-01,181,KTUS,Tucson International Airport,0.56,2022-02-01T00:38:19.300000Z,KLAX,Los Angeles International Airport,2.01,2022-08-01T00:08:18.570000Z,adsbexchange-samples,HELD_BY_ADSBEXCHANGE-SAMPLES,HELD_BY_ADSBEXCHANGE-SAMPLES,180,yes,yes,GAP -- aircraft unobserved for 180 day(s) between these two fields; intermediate stops are possible and are NOT ruled out,
N888KG,2022-03-01,2022-04-01,31,KTEB,Teterboro Airport,0.67,2022-03-01T00:25:52Z,KPBI,President Donald J. Trump International Airport,0.77,2022-04-01T00:00:00Z,adsbexchange-samples,HELD_BY_ADSBEXCHANGE-SAMPLES,HELD_BY_ADSBEXCHANGE-SAMPLES,30,yes,yes,GAP -- aircraft unobserved for 30 day(s) between these two fields; intermediate stops are possible and are NOT ruled out,
N560TW,2022-04-01,2022-04-01,0,KJAC,Jackson Hole Airport,0.75,2022-04-01T00:00:56.600000Z,KSDL,Scottsdale Airport,0.09,2022-04-01T01:31:23.800000Z,adsbexchange-samples,HELD_BY_ADSBEXCHANGE-SAMPLES,HELD_BY_ADSBEXCHANGE-SAMPLES,0,yes,no,direct,
N582MM,2022-04-01,2022-04-01,0,KVGT,North Las Vegas Airport,0.88,2022-04-01T00:13:40.600000Z,KTUS,Tucson International Airport,1.66,2022-04-01T01:07:25.600000Z,adsbexchange-samples,HELD_BY_ADSBEXCHANGE-SAMPLES,HELD_BY_ADSBEXCHANGE-SAMPLES,0,yes,no,direct,
N582MM,2022-04-01,2022-04-01,0,KTUS,Tucson International Airport,1.66,2022-04-01T01:32:38.900000Z,KMEV,Minden-Tahoe Airport,0.72,2022-04-01T03:13:01.100000Z,adsbexchange-samples,HELD_BY_ADSBEXCHANGE-SAMPLES,HELD_BY_ADSBEXCHANGE-SAMPLES,0,yes,no,direct,
N582MM,2022-04-01,2023-03-08,341,KMEV,Minden-Tahoe Airport,0.72,2022-04-01T03:17:35.300000Z,KIWA,Mesa Gateway Airport,1.32,2023-03-08T13:53:04.790000Z,adsbexchange-samples|airplanes-live,HELD_BY_ADSBEXCHANGE-SAMPLES,BOTH_HAVE_IT,340,yes,yes,GAP -- aircraft unobserved for 340 day(s) between these two fields; intermediate stops are possible and are NOT ruled out,
N872RA,2022-04-01,2022-04-01,0,KAUS,Austin Bergstrom International Airport,1.38,2022-04-01T00:16:52.400000Z,KSNA,John Wayne Orange County International Airport,0.13,2022-04-01T03:23:52.800000Z,adsbexchange-samples,HELD_BY_ADSBEXCHANGE-SAMPLES,HELD_BY_ADSBEXCHANGE-SAMPLES,0,yes,no,direct,
N872RA,2022-04-01,2022-12-01,244,KSNA,John Wayne Orange County International Airport,0.13,2022-04-01T03:25:39.700000Z,KSDL,Scottsdale Airport,1.13,2022-12-01T19:50:30.140000Z,adsbexchange-samples,HELD_BY_ADSBEXCHANGE-SAMPLES,HELD_BY_ADSBEXCHANGE-SAMPLES,243,yes,yes,GAP -- aircraft unobserved for 243 day(s) between these two fields; intermediate stops are possible and are NOT ruled out,
N888KG,2022-04-01,2022-06-01,61,KPBI,President Donald J. Trump International Airport,0.77,2022-04-01T00:01:23.800000Z,KDAL,Dallas Love Field,1.57,2022-06-01T00:00:00Z,adsbexchange-samples,HELD_BY_ADSBEXCHANGE-SAMPLES,HELD_BY_ADSBEXCHANGE-SAMPLES,60,yes,yes,GAP -- aircraft unobserved for 60 day(s) between these two fields; intermediate stops are possible and are NOT ruled out,"dest|Grapevine,TX|2022-06-02|Charlie|13.8"
N560TW,2022-05-01,2022-05-01,0,KSDL,Scottsdale Airport,1.13,2022-05-01T00:21:11.300000Z,KAPA,Centennial Airport,0.64,2022-05-01T01:33:59.900000Z,adsbexchange-samples,HELD_BY_ADSBEXCHANGE-SAMPLES,HELD_BY_ADSBEXCHANGE-SAMPLES,0,yes,no,direct,
N560TW,2022-05-01,2022-05-01,0,KAPA,Centennial Airport,0.64,2022-05-01T02:09:44.800000Z,KSDL,Scottsdale Airport,0.13,2022-05-01T03:43:02.500000Z,adsbexchange-samples,HELD_BY_ADSBEXCHANGE-SAMPLES,HELD_BY_ADSBEXCHANGE-SAMPLES,0,yes,no,direct,
N102DZ,2022-06-01,2022-11-01,153,KTEB,Teterboro Airport,0.61,2022-06-01T01:40:12.900000Z,KBUR,Hollywood Burbank/Bob Hope Airport,0.6,2022-11-01T00:08:08.050000Z,adsbexchange-samples,HELD_BY_ADSBEXCHANGE-SAMPLES,HELD_BY_ADSBEXCHANGE-SAMPLES,152,yes,yes,GAP -- aircraft unobserved for 152 day(s) between these two fields; intermediate stops are possible and are NOT ruled out,
N59906,2022-06-01,2023-06-01,365,KWVI,Watsonville Municipal Airport,0.38,2022-06-01T00:00:00Z,KOSH,Wittman Regional Airport,0.61,2023-06-01T13:20:34.100000Z,adsbexchange-samples,HELD_BY_ADSBEXCHANGE-SAMPLES,HELD_BY_ADSBEXCHANGE-SAMPLES,364,yes,yes,GAP -- aircraft unobserved for 364 day(s) between these two fields; intermediate stops are possible and are NOT ruled out,
N888KG,2022-06-01,2022-06-01,0,KDAL,Dallas Love Field,1.57,2022-06-01T00:03:51.500000Z,KPBI,President Donald J. Trump International Airport,1.02,2022-06-01T02:21:27.900000Z,adsbexchange-samples,HELD_BY_ADSBEXCHANGE-SAMPLES,HELD_BY_ADSBEXCHANGE-SAMPLES,0,yes,no,direct,"origin|Grapevine,TX|2022-06-02|Charlie|13.8"
N888KG,2022-06-01,2022-07-01,30,KPBI,President Donald J. Trump International Airport,1.02,2022-06-01T02:24:24.900000Z,KAPA,Centennial Airport,0.44,2022-07-01T02:37:35.700000Z,adsbexchange-samples,HELD_BY_ADSBEXCHANGE-SAMPLES,HELD_BY_ADSBEXCHANGE-SAMPLES,29,yes,yes,GAP -- aircraft unobserved for 29 day(s) between these two fields; intermediate stops are possible and are NOT ruled out,
SU-BTT,2022-06-01,2022-09-01,92,KILG,Wilmington Airport,0.69,2022-06-01T00:01:25.400000Z,KICT,Wichita Dwight D. Eisenhower National Airport,0.79,2022-09-01T16:33:26.990000Z,adsbexchange-samples,HELD_BY_ADSBEXCHANGE-SAMPLES,HELD_BY_ADSBEXCHANGE-SAMPLES,91,yes,yes,GAP -- aircraft unobserved for 91 day(s) between these two fields; intermediate stops are possible and are NOT ruled out,
N560TW,2022-07-01,2022-07-01,0,KSDL,Scottsdale Airport,0.19,2022-07-01T00:31:06.900000Z,KDAL,Dallas Love Field,0.65,2022-07-01T02:44:09.800000Z,adsbexchange-samples,HELD_BY_ADSBEXCHANGE-SAMPLES,HELD_BY_ADSBEXCHANGE-SAMPLES,0,yes,no,direct,
N560TW,2022-07-01,2022-11-01,123,KDAL,Dallas Love Field,0.65,2022-07-01T03:14:48Z,KSDL,Scottsdale Airport,0.93,2022-11-01T20:18:38.900000Z,adsbexchange-samples,HELD_BY_ADSBEXCHANGE-SAMPLES,HELD_BY_ADSBEXCHANGE-SAMPLES,122,yes,yes,GAP -- aircraft unobserved for 122 day(s) between these two fields; intermediate stops are possible and are NOT ruled out,
N888KG,2022-07-01,2022-12-01,153,KAPA,Centennial Airport,0.44,2022-07-01T02:39:53.100000Z,KPVU,Provo Municipal Airport,0.22,2022-12-01T00:00:05.140000Z,adsbexchange-samples,HELD_BY_ADSBEXCHANGE-SAMPLES,HELD_BY_ADSBEXCHANGE-SAMPLES,152,yes,yes,GAP -- aircraft unobserved for 152 day(s) between these two fields; intermediate stops are possible and are NOT ruled out,
T7-ELL,2022-08-01,2022-08-01,0,KLAX,Los Angeles International Airport,2.01,2022-08-01T00:14:08.500000Z,KTUS,Tucson International Airport,0.69,2022-08-01T01:36:39.570000Z,adsbexchange-samples,HELD_BY_ADSBEXCHANGE-SAMPLES,HELD_BY_ADSBEXCHANGE-SAMPLES,0,yes,no,direct,
T7-ELL,2022-08-01,2022-09-01,31,KTUS,Tucson International Airport,0.69,2022-08-01T01:41:41.010000Z,KLAX,Los Angeles International Airport,2.07,2022-09-01T02:08:02.330000Z,adsbexchange-samples,HELD_BY_ADSBEXCHANGE-SAMPLES,HELD_BY_ADSBEXCHANGE-SAMPLES,30,yes,yes,GAP -- aircraft unobserved for 30 day(s) between these two fields; intermediate stops are possible and are NOT ruled out,
SU-BND,2022-09-01,2023-07-22,324,LFPB,Paris-Le Bourget International Airport,1.65,2022-09-01T09:37:00.230000Z,HEAL,El Alamein International Airport,0.22,2023-07-22T04:52:07.310000Z,adsb-lol|adsbexchange-samples|airplanes-live,HELD_BY_ADSBEXCHANGE-SAMPLES,BOTH_HAVE_IT,323,yes,yes,GAP -- aircraft unobserved for 323 day(s) between these two fields; intermediate stops are possible and are NOT ruled out,
SU-BTT,2022-09-01,2023-03-02,182,KICT,Wichita Dwight D. Eisenhower National Airport,0.79,2022-09-01T16:59:21.900000Z,KILG,Wilmington Airport,0.71,2023-03-02T15:34:06.270000Z,adsb-lol|adsbexchange-samples|airplanes-live,HELD_BY_ADSBEXCHANGE-SAMPLES,BOTH_HAVE_IT,181,yes,yes,GAP -- aircraft unobserved for 181 day(s) between these two fields; intermediate stops are possible and are NOT ruled out,
T7-ELL,2022-09-01,2022-09-01,0,KLAX,Los Angeles International Airport,2.07,2022-09-01T02:16:34.620000Z,EGLF,Farnborough Airport,0.49,2022-09-01T12:19:33.220000Z,adsbexchange-samples,HELD_BY_ADSBEXCHANGE-SAMPLES,HELD_BY_ADSBEXCHANGE-SAMPLES,0,yes,no,direct,
T7-ELL,2022-09-01,2023-02-24,176,EGLF,Farnborough Airport,0.49,2022-09-01T12:24:19.360000Z,EGKB,London Biggin Hill Airport,0.86,2023-02-24T11:55:02.130000Z,adsb-lol|adsbexchange-samples|airplanes-live,HELD_BY_ADSBEXCHANGE-SAMPLES,BOTH_HAVE_IT,175,yes,yes,GAP -- aircraft unobserved for 175 day(s) between these two fields; intermediate stops are possible and are NOT ruled out,
N102DZ,2022-11-01,2023-03-01,120,KBUR,Hollywood Burbank/Bob Hope Airport,0.32,2022-11-01T23:09:22.560000Z,KPDK,DeKalb Peachtree Airport,0.41,2023-03-01T16:46:27.930000Z,adsbexchange-samples,HELD_BY_ADSBEXCHANGE-SAMPLES,BOTH_HAVE_IT,119,yes,yes,GAP -- aircraft unobserved for 119 day(s) between these two fields; intermediate stops are possible and are NOT ruled out,
N560TW,2022-11-01,2022-11-01,0,KSDL,Scottsdale Airport,0.93,2022-11-01T20:24:29.210000Z,KMRY,Monterey Regional Airport,0.81,2022-11-01T22:02:54.900000Z,adsbexchange-samples,HELD_BY_ADSBEXCHANGE-SAMPLES,HELD_BY_ADSBEXCHANGE-SAMPLES,0,yes,no,direct,
N560TW,2022-11-01,2023-04-23,173,KMRY,Monterey Regional Airport,0.81,2022-11-01T22:34:53.780000Z,KSDL,Scottsdale Airport,0.27,2023-04-23T21:25:13.130000Z,adsbexchange-samples|airplanes-live,HELD_BY_ADSBEXCHANGE-SAMPLES,BOTH_HAVE_IT,172,yes,yes,GAP -- aircraft unobserved for 172 day(s) between these two fields; intermediate stops are possible and are NOT ruled out,
N872RA,2022-12-01,2022-12-01,0,KSDL,Scottsdale Airport,1.13,2022-12-01T19:59:06.790000Z,KLAS,Harry Reid International Airport,1.54,2022-12-01T22:23:31.930000Z,adsbexchange-samples,HELD_BY_ADSBEXCHANGE-SAMPLES,HELD_BY_ADSBEXCHANGE-SAMPLES,0,yes,no,direct,
N872RA,2022-12-01,2023-02-06,67,KLAS,Harry Reid International Airport,1.54,2022-12-01T23:27:31.630000Z,KLAX,Los Angeles International Airport,1.48,2023-02-06T00:22:14.110000Z,adsbexchange-samples|airplanes-live,HELD_BY_ADSBEXCHANGE-SAMPLES,ONLY_ON_AIRPLANES_LIVE,66,yes,yes,GAP -- aircraft unobserved for 66 day(s) between these two fields; intermediate stops are possible and are NOT ruled out,
N40JD,2023-02-01,2023-02-01,0,KNEW,Lakefront Airport,0.16,2023-02-01T14:51:20.900000Z,KLBB,Lubbock Preston Smith International Airport,1.29,2023-02-01T17:39:27.110000Z,adsbexchange-samples,HELD_BY_ADSBEXCHANGE-SAMPLES,HELD_BY_ADSBEXCHANGE-SAMPLES,0,yes,no,direct,
N40JD,2023-02-01,2023-02-01,0,KLBB,Lubbock Preston Smith International Airport,1.29,2023-02-01T17:39:28.630000Z,KHND,Henderson Executive Airport,0.34,2023-02-01T19:43:39.070000Z,adsbexchange-samples,HELD_BY_ADSBEXCHANGE-SAMPLES,HELD_BY_ADSBEXCHANGE-SAMPLES,0,yes,no,direct,
N40JD,2023-02-01,2023-04-21,79,KHND,Henderson Executive Airport,0.34,2023-02-01T19:47:01.040000Z,KFLL,Fort Lauderdale Hollywood International Airport,0.17,2023-04-21T15:06:32.080000Z,adsb-lol|adsbexchange-samples|airplanes-live,HELD_BY_ADSBEXCHANGE-SAMPLES,BOTH_HAVE_IT,78,yes,yes,GAP -- aircraft unobserved for 78 day(s) between these two fields; intermediate stops are possible and are NOT ruled out,
N872RA,2023-02-06,2023-02-06,0,KLAX,Los Angeles International Airport,1.48,2023-02-06T00:22:16.270000Z,KSNA,John Wayne Orange County International Airport,0.13,2023-02-06T01:18:55.490000Z,airplanes-live,ONLY_ON_AIRPLANES_LIVE,ONLY_ON_AIRPLANES_LIVE,0,yes,no,direct,
N872RA,2023-02-08,2023-02-09,1,KSNA,John Wayne Orange County International Airport,0.76,2023-02-08T23:15:13.990000Z,KLGB,Long Beach International Airport,0.4,2023-02-09T00:33:51.430000Z,airplanes-live,ONLY_ON_AIRPLANES_LIVE,ONLY_ON_AIRPLANES_LIVE,0,yes,yes,overnight,
N872RA,2023-02-09,2023-02-09,0,KLGB,Long Beach International Airport,0.4,2023-02-09T00:41:08.800000Z,KSAC,Sacramento Executive Airport,0.58,2023-02-09T01:41:05.430000Z,airplanes-live,ONLY_ON_AIRPLANES_LIVE,ONLY_ON_AIRPLANES_LIVE,0,yes,no,direct,
N872RA,2023-02-09,2023-02-09,0,KSAC,Sacramento Executive Airport,0.43,2023-02-09T03:20:14.090000Z,KSFO,San Francisco International Airport,0.78,2023-02-09T05:38:05.650000Z,airplanes-live,ONLY_ON_AIRPLANES_LIVE,ONLY_ON_AIRPLANES_LIVE,0,yes,no,direct,
N872RA,2023-02-09,2023-02-09,0,KSFO,San Francisco International Airport,0.78,2023-02-09T05:42:12.630000Z,KSNA,John Wayne Orange County International Airport,0.19,2023-02-09T06:42:51.220000Z,airplanes-live,ONLY_ON_AIRPLANES_LIVE,ONLY_ON_AIRPLANES_LIVE,0,yes,no,direct,
N872RA,2023-02-10,2023-02-10,0,KSNA,John Wayne Orange County International Airport,0.2,2023-02-10T16:24:53.920000Z,KMRY,Monterey Regional Airport,0.68,2023-02-10T19:12:20.690000Z,airplanes-live,ONLY_ON_AIRPLANES_LIVE,ONLY_ON_AIRPLANES_LIVE,0,yes,no,direct,
N872RA,2023-02-10,2023-02-10,0,KMRY,Monterey Regional Airport,0.68,2023-02-10T19:13:48.810000Z,KSAN,San Diego International Airport,0.51,2023-02-10T21:08:59.730000Z,airplanes-live,ONLY_ON_AIRPLANES_LIVE,ONLY_ON_AIRPLANES_LIVE,0,yes,no,direct,
N872RA,2023-02-10,2023-03-03,21,KSAN,San Diego International Airport,1.08,2023-02-10T23:33:26.110000Z,KSNA,John Wayne Orange County International Airport,0.74,2023-03-03T14:02:05.480000Z,airplanes-live,ONLY_ON_AIRPLANES_LIVE,BOTH_HAVE_IT,20,yes,yes,GAP -- aircraft unobserved for 20 day(s) between these two fields; intermediate stops are possible and are NOT ruled out,
CONTROL-RYANAIR,2023-02-24,2023-02-24,0,LEMD,Adolfo Suárez Madrid–Barajas Airport,0.64,2023-02-24T05:54:16.970000Z,LIME,Il Caravaggio International Airport,1.27,2023-02-24T08:33:20.020000Z,adsb-lol|airplanes-live,BOTH_HAVE_IT,BOTH_HAVE_IT,0,no,no,direct,
CONTROL-RYANAIR,2023-02-24,2023-02-24,0,LIME,Il Caravaggio International Airport,1.27,2023-02-24T08:33:41.240000Z,LEMD,Adolfo Suárez Madrid–Barajas Airport,2.38,2023-02-24T10:33:40.920000Z,adsb-lol|airplanes-live,BOTH_HAVE_IT,BOTH_HAVE_IT,0,no,no,direct,
T7-ELL,2023-02-24,2023-03-29,33,EGKB,London Biggin Hill Airport,0.86,2023-02-24T11:56:22.020000Z,KLAX,Los Angeles International Airport,1.2,2023-03-29T03:41:22.910000Z,adsb-lol|airplanes-live,BOTH_HAVE_IT,BOTH_HAVE_IT,32,no,yes,GAP -- aircraft unobserved for 32 day(s) between these two fields; intermediate stops are possible and are NOT ruled out,
CONTROL-RYANAIR,2023-02-25,2023-02-25,0,LEMD,Adolfo Suárez Madrid–Barajas Airport,1.23,2023-02-25T12:46:40.010000Z,EBBR,Brussels Airport,0.49,2023-02-25T14:44:25.250000Z,adsb-lol|airplanes-live,BOTH_HAVE_IT,BOTH_HAVE_IT,0,no,no,direct,
CONTROL-RYANAIR,2023-02-25,2023-02-25,0,EBBR,Brussels Airport,0.67,2023-02-25T15:39:18.460000Z,LEMD,Adolfo Suárez Madrid–Barajas Airport,1.32,2023-02-25T17:35:30.880000Z,adsb-lol|airplanes-live,BOTH_HAVE_IT,BOTH_HAVE_IT,0,no,no,direct,
CONTROL-RYANAIR,2023-02-26,2023-02-26,0,LEMD,Adolfo Suárez Madrid–Barajas Airport,3.17,2023-02-26T14:41:03.130000Z,EDDH,Hamburg Helmut Schmidt Airport,0.86,2023-02-26T19:26:11.520000Z,airplanes-live,BOTH_HAVE_IT,BOTH_HAVE_IT,0,no,no,direct,
CONTROL-RYANAIR,2023-02-26,2023-03-13,15,EDDH,Hamburg Helmut Schmidt Airport,0.81,2023-02-26T20:30:41.040000Z,EGGD,Bristol Airport,0.79,2023-03-13T00:06:04.940000Z,adsb-lol|airplanes-live,BOTH_HAVE_IT,BOTH_HAVE_IT,14,no,yes,GAP -- aircraft unobserved for 14 day(s) between these two fields; intermediate stops are possible and are NOT ruled out,
N102DZ,2023-03-01,2023-03-01,0,KPDK,DeKalb Peachtree Airport,0.41,2023-03-01T17:36:29.580000Z,KTEB,Teterboro Airport,0.18,2023-03-01T19:16:34.840000Z,adsbexchange-samples|airplanes-live,BOTH_HAVE_IT,BOTH_HAVE_IT,0,no,no,direct,
N102DZ,2023-03-02,2023-03-23,21,KTEB,Teterboro Airport,1.23,2023-03-02T17:54:35.980000Z,KCNO,Chino Airport,1.06,2023-03-23T17:41:30.900000Z,adsb-lol|airplanes-live,BOTH_HAVE_IT,BOTH_HAVE_IT,20,no,yes,GAP -- aircraft unobserved for 20 day(s) between these two fields; intermediate stops are possible and are NOT ruled out,
CONTROL-LUFTHANSA,2023-03-03,2023-03-03,0,EDDH,Hamburg Helmut Schmidt Airport,0.73,2023-03-03T11:07:18.910000Z,EBBR,Brussels Airport,0.54,2023-03-03T14:58:12.520000Z,adsb-lol|airplanes-live,BOTH_HAVE_IT,BOTH_HAVE_IT,0,no,no,direct,
CONTROL-LUFTHANSA,2023-03-03,2023-03-03,0,EBBR,Brussels Airport,0.54,2023-03-03T15:51:40.070000Z,LSZH,Zürich Airport,1.04,2023-03-03T18:24:29.390000Z,adsb-lol|airplanes-live,BOTH_HAVE_IT,BOTH_HAVE_IT,0,no,no,direct,
CONTROL-LUFTHANSA,2023-03-03,2023-03-14,11,LSZH,Zürich Airport,1.63,2023-03-03T19:19:45.320000Z,LBSF,Sofia Airport,0.75,2023-03-14T20:40:32.010000Z,airplanes-live,BOTH_HAVE_IT,BOTH_HAVE_IT,10,no,yes,GAP -- aircraft unobserved for 10 day(s) between these two fields; intermediate stops are possible and are NOT ruled out,
N872RA,2023-03-03,2023-03-03,0,KSNA,John Wayne Orange County International Airport,0.74,2023-03-03T14:07:38.240000Z,KSJC,Mineta San Jose International Airport,0.4,2023-03-03T20:11:00.830000Z,airplanes-live,BOTH_HAVE_IT,BOTH_HAVE_IT,0,no,no,direct,
N872RA,2023-03-03,2023-03-10,7,KSJC,Mineta San Jose International Airport,0.97,2023-03-03T23:17:56.710000Z,KTRM,Jacqueline Cochran Regional Airport,0.34,2023-03-10T19:06:07.480000Z,airplanes-live,BOTH_HAVE_IT,BOTH_HAVE_IT,6,no,yes,GAP -- aircraft unobserved for 6 day(s) between these two fields; intermediate stops are possible and are NOT ruled out,
N582MM,2023-03-08,2023-03-21,13,KIWA,Mesa Gateway Airport,1.63,2023-03-08T18:47:35.180000Z,KTKI,McKinney National Airport,0.5,2023-03-21T17:08:13.630000Z,adsb-lol|airplanes-live,BOTH_HAVE_IT,BOTH_HAVE_IT,12,no,yes,GAP -- aircraft unobserved for 12 day(s) between these two fields; intermediate stops are possible and are NOT ruled out,
N872RA,2023-03-10,2023-03-11,1,KTRM,Jacqueline Cochran Regional Airport,0.34,2023-03-10T19:06:12.460000Z,KOAK,Oakland San Francisco Bay Airport,1.13,2023-03-11T20:43:53.180000Z,adsb-lol|airplanes-live,BOTH_HAVE_IT,BOTH_HAVE_IT,0,no,yes,overnight,
N872RA,2023-03-12,2023-03-14,2,KOAK,Oakland San Francisco Bay Airport,1.99,2023-03-12T00:02:59.740000Z,KSNA,John Wayne Orange County International Airport,0.22,2023-03-14T16:01:23.050000Z,adsb-lol|airplanes-live,BOTH_HAVE_IT,BOTH_HAVE_IT,1,no,yes,GAP -- aircraft unobserved for 1 day(s) between these two fields; intermediate stops are possible and are NOT ruled out,
SU-BGM,2023-03-13,2023-08-01,141,LIRA,Ciampino–G. B. Pastine International Airport,0.23,2023-03-13T10:59:26Z,HEAZ,Almaza Air Force Base,0.62,2023-08-01T06:05:58.270000Z,adsb-lol|adsbexchange-samples,BOTH_HAVE_IT,HELD_BY_ADSBEXCHANGE-SAMPLES,140,yes,yes,GAP -- aircraft unobserved for 140 day(s) between these two fields; intermediate stops are possible and are NOT ruled out,
SU-BTU,2023-03-13,2023-05-01,49,KILG,Wilmington Airport,0.6,2023-03-13T16:40:08.120000Z,KBGR,Bangor International Airport,0.42,2023-05-01T17:49:35.070000Z,adsb-lol|adsbexchange-samples|airplanes-live,BOTH_HAVE_IT,BOTH_HAVE_IT,48,no,yes,GAP -- aircraft unobserved for 48 day(s) between these two fields; intermediate stops are possible and are NOT ruled out,
CONTROL-LUFTHANSA,2023-03-14,2023-03-15,1,LBSF,Sofia Airport,0.75,2023-03-14T20:40:32.010000Z,EDDM,Munich Airport,1.24,2023-03-15T05:56:18.210000Z,adsb-lol|airplanes-live,BOTH_HAVE_IT,BOTH_HAVE_IT,0,no,yes,overnight,
N872RA,2023-03-14,2023-03-15,1,KSNA,John Wayne Orange County International Airport,0.22,2023-03-14T16:28:04.600000Z,KOAK,Oakland San Francisco Bay Airport,0.89,2023-03-15T03:38:07.310000Z,adsb-lol|airplanes-live,BOTH_HAVE_IT,BOTH_HAVE_IT,0,no,yes,overnight,
CONTROL-LUFTHANSA,2023-03-15,2023-03-15,0,EDDM,Munich Airport,1.24,2023-03-15T05:56:18.210000Z,EGBB,Birmingham Airport,0.62,2023-03-15T09:46:09.690000Z,adsb-lol|airplanes-live,BOTH_HAVE_IT,BOTH_HAVE_IT,0,no,no,direct,
CONTROL-LUFTHANSA,2023-03-15,2023-03-15,0,EGBB,Birmingham Airport,0.62,2023-03-15T09:48:13.160000Z,EDDH,Hamburg Helmut Schmidt Airport,0.64,2023-03-15T14:42:02.880000Z,adsb-lol|airplanes-live,BOTH_HAVE_IT,BOTH_HAVE_IT,0,no,no,direct,
CONTROL-LUFTHANSA,2023-03-15,2023-03-16,1,EDDH,Hamburg Helmut Schmidt Airport,0.64,2023-03-15T15:41:59.010000Z,LFBO,Toulouse-Blagnac Airport,0.62,2023-03-16T07:20:59.510000Z,adsb-lol|airplanes-live,BOTH_HAVE_IT,BOTH_HAVE_IT,0,no,yes,overnight,
CONTROL-RYANAIR,2023-03-15,2023-03-15,0,EGGD,Bristol Airport,1.02,2023-03-15T18:51:23.950000Z,LEMD,Adolfo Suárez Madrid–Barajas Airport,3.32,2023-03-15T20:47:35.560000Z,adsb-lol|airplanes-live,BOTH_HAVE_IT,BOTH_HAVE_IT,0,no,no,direct,
CONTROL-RYANAIR,2023-03-15,2023-03-15,0,LEMD,Adolfo Suárez Madrid–Barajas Airport,2.3,2023-03-15T21:54:21.540000Z,EGGD,Bristol Airport,0.83,2023-03-15T23:33:40.130000Z,adsb-lol|airplanes-live,BOTH_HAVE_IT,BOTH_HAVE_IT,0,no,no,direct,
N872RA,2023-03-15,2023-03-15,0,KOAK,Oakland San Francisco Bay Airport,0.89,2023-03-15T04:46:24.580000Z,KSNA,John Wayne Orange County International Airport,0.15,2023-03-15T05:58:31.310000Z,adsb-lol|airplanes-live,BOTH_HAVE_IT,BOTH_HAVE_IT,0,no,no,direct,
CONTROL-LUFTHANSA,2023-03-16,2023-03-16,0,LFBO,Toulouse-Blagnac Airport,0.62,2023-03-16T08:05:53.110000Z,LSZH,Zürich Airport,1.09,2023-03-16T11:48:23.410000Z,adsb-lol|airplanes-live,BOTH_HAVE_IT,BOTH_HAVE_IT,0,no,no,direct,
N872RA,2023-03-16,2023-03-19,3,KSNA,John Wayne Orange County International Airport,0.49,2023-03-16T18:57:11.200000Z,KSLC,Salt Lake City International Airport,1.68,2023-03-19T04:24:32.530000Z,adsb-lol|airplanes-live,BOTH_HAVE_IT,BOTH_HAVE_IT,2,no,yes,GAP -- aircraft unobserved for 2 day(s) between these two fields; intermediate stops are possible and are NOT ruled out,
N872RA,2023-03-19,2023-03-19,0,KSLC,Salt Lake City International Airport,1.68,2023-03-19T04:31:04.130000Z,KSNA,John Wayne Orange County International Airport,0.51,2023-03-19T06:55:14.170000Z,adsb-lol|airplanes-live,BOTH_HAVE_IT,BOTH_HAVE_IT,0,no,no,direct,
N872RA,2023-03-22,2023-03-22,0,KSNA,John Wayne Orange County International Airport,0.67,2023-03-22T16:09:45.710000Z,KMRY,Monterey Regional Airport,1.08,2023-03-22T17:04:04.690000Z,airplanes-live,BOTH_HAVE_IT,BOTH_HAVE_IT,0,no,no,direct,
N872RA,2023-03-22,2023-03-22,0,KMRY,Monterey Regional Airport,1.08,2023-03-22T17:56:09.830000Z,KPSP,Palm Springs International Airport,0.32,2023-03-22T18:49:41.620000Z,airplanes-live,BOTH_HAVE_IT,BOTH_HAVE_IT,0,no,no,direct,
N872RA,2023-03-22,2023-03-22,0,KPSP,Palm Springs International Airport,0.32,2023-03-22T18:50:33.630000Z,KSNA,John Wayne Orange County International Airport,0.13,2023-03-22T22:04:46.350000Z,airplanes-live,BOTH_HAVE_IT,BOTH_HAVE_IT,0,no,no,direct,
CONTROL-LUFTHANSA,2023-03-23,2023-03-28,5,LSZH,Zürich Airport,0.26,2023-03-23T20:48:51.930000Z,EDDH,Hamburg Helmut Schmidt Airport,0.92,2023-03-28T10:42:17.060000Z,airplanes-live,BOTH_HAVE_IT,BOTH_HAVE_IT,4,no,yes,GAP -- aircraft unobserved for 4 day(s) between these two fields; intermediate stops are possible and are NOT ruled out,
CONTROL-RYANAIR,2023-03-23,2023-03-27,4,EGGD,Bristol Airport,0.95,2023-03-23T14:20:12.770000Z,LEAM,Almería Airport,0.9,2023-03-27T20:11:46.300000Z,adsb-lol|airplanes-live,BOTH_HAVE_IT,BOTH_HAVE_IT,3,no,yes,GAP -- aircraft unobserved for 3 day(s) between these two fields; intermediate stops are possible and are NOT ruled out,
N102DZ,2023-03-23,2023-04-01,9,KCNO,Chino Airport,1.06,2023-03-23T17:41:35.570000Z,VHHH,Hong Kong International Airport,2.19,2023-04-01T12:46:27.630000Z,adsb-lol|adsbexchange-samples|airplanes-live,BOTH_HAVE_IT,BOTH_HAVE_IT,8,no,yes,GAP -- aircraft unobserved for 8 day(s) between these two fields; intermediate stops are possible and are NOT ruled out,
N872RA,2023-03-23,2023-03-23,0,KSNA,John Wayne Orange County International Airport,0.58,2023-03-23T18:25:32.790000Z,KOAK,Oakland San Francisco Bay Airport,0.58,2023-03-23T19:30:44.100000Z,airplanes-live,BOTH_HAVE_IT,BOTH_HAVE_IT,0,no,no,direct,
N872RA,2023-03-23,2023-03-23,0,KOAK,Oakland San Francisco Bay Airport,0.75,2023-03-23T20:34:59.780000Z,KSNA,John Wayne Orange County International Airport,0.16,2023-03-23T21:36:35.580000Z,adsb-lol|airplanes-live,BOTH_HAVE_IT,BOTH_HAVE_IT,0,no,no,direct,
N872RA,2023-03-24,2023-03-24,0,KSNA,John Wayne Orange County International Airport,0.59,2023-03-24T18:14:26.460000Z,KSLC,Salt Lake City International Airport,1.57,2023-03-24T21:21:04.490000Z,adsb-lol|airplanes-live,BOTH_HAVE_IT,BOTH_HAVE_IT,0,no,no,direct,
N872RA,2023-03-24,2023-03-25,1,KSLC,Salt Lake City International Airport,1.57,2023-03-24T21:21:05.850000Z,KSNA,John Wayne Orange County International Airport,0.35,2023-03-25T01:37:03.950000Z,adsb-lol|airplanes-live,BOTH_HAVE_IT,BOTH_HAVE_IT,0,no,yes,overnight,
N582MM,2023-03-26,2023-05-11,46,KTKI,McKinney National Airport,0.8,2023-03-26T13:12:54.390000Z,KFFZ,Falcon Field,0.74,2023-05-11T21:12:42.070000Z,adsb-lol|airplanes-live,BOTH_HAVE_IT,BOTH_HAVE_IT,45,no,yes,GAP -- aircraft unobserved for 45 day(s) between these two fields; intermediate stops are possible and are NOT ruled out,
CONTROL-RYANAIR,2023-03-27,2023-04-01,5,LEAM,Almería Airport,0.9,2023-03-27T20:16:50.970000Z,LFBO,Toulouse-Blagnac Airport,0.56,2023-04-01T12:50:11.280000Z,adsb-lol|airplanes-live,BOTH_HAVE_IT,BOTH_HAVE_IT,4,no,yes,GAP -- aircraft unobserved for 4 day(s) between these two fields; intermediate stops are possible and are NOT ruled out,
CONTROL-LUFTHANSA,2023-03-31,2023-04-01,1,EDDH,Hamburg Helmut Schmidt Airport,0.97,2023-03-31T08:32:05.670000Z,EGPH,Edinburgh Airport,0.52,2023-04-01T08:59:20.830000Z,adsb-lol|airplanes-live,BOTH_HAVE_IT,BOTH_HAVE_IT,0,no,yes,overnight,
CONTROL-LUFTHANSA,2023-04-01,2023-04-01,0,EGPH,Edinburgh Airport,0.52,2023-04-01T10:02:41.440000Z,EDDS,Stuttgart Airport,0.66,2023-04-01T14:45:04.300000Z,adsb-lol|airplanes-live,BOTH_HAVE_IT,BOTH_HAVE_IT,0,no,no,direct,
CONTROL-LUFTHANSA,2023-04-01,2023-04-02,1,EDDS,Stuttgart Airport,0.66,2023-04-01T15:37:22.050000Z,LFBO,Toulouse-Blagnac Airport,0.29,2023-04-02T21:20:10.770000Z,adsb-lol|airplanes-live,BOTH_HAVE_IT,BOTH_HAVE_IT,0,no,yes,overnight,
CONTROL-RYANAIR,2023-04-01,2023-04-03,2,LFBO,Toulouse-Blagnac Airport,0.56,2023-04-01T13:29:25.450000Z,LIME,Il Caravaggio International Airport,0.59,2023-04-03T19:45:53.240000Z,adsb-lol|airplanes-live,BOTH_HAVE_IT,BOTH_HAVE_IT,1,no,yes,GAP -- aircraft unobserved for 1 day(s) between these two fields; intermediate stops are possible and are NOT ruled out,
N102DZ,2023-04-01,2023-04-01,0,VHHH,Hong Kong International Airport,2.19,2023-04-01T12:52:02.570000Z,YMML,Melbourne Airport,0.4,2023-04-01T21:28:03.980000Z,adsb-lol|adsbexchange-samples|airplanes-live,BOTH_HAVE_IT,BOTH_HAVE_IT,0,no,no,direct,
CONTROL-LUFTHANSA,2023-04-03,2023-04-03,0,LFBO,Toulouse-Blagnac Airport,0.73,2023-04-03T04:33:01Z,ESSA,Stockholm-Arlanda Airport,1.27,2023-04-03T10:03:43.100000Z,airplanes-live,BOTH_HAVE_IT,BOTH_HAVE_IT,0,no,no,direct,
CONTROL-LUFTHANSA,2023-04-03,2023-04-05,2,ESSA,Stockholm-Arlanda Airport,1.27,2023-04-03T10:03:43.100000Z,EBBR,Brussels Airport,0.74,2023-04-05T05:58:41.470000Z,airplanes-live,BOTH_HAVE_IT,BOTH_HAVE_IT,1,no,yes,GAP -- aircraft unobserved for 1 day(s) between these two fields; intermediate stops are possible and are NOT ruled out,
N102DZ,2023-04-03,2024-01-01,273,YMML,Melbourne Airport,0.22,2023-04-03T06:16:53.150000Z,KAPA,Centennial Airport,1.23,2024-01-01T18:13:03.120000Z,adsbexchange-samples|airplanes-live,BOTH_HAVE_IT,HELD_BY_ADSBEXCHANGE-SAMPLES,272,yes,yes,GAP -- aircraft unobserved for 272 day(s) between these two fields; intermediate stops are possible and are NOT ruled out,
CONTROL-LUFTHANSA,2023-04-05,2023-04-05,0,EBBR,Brussels Airport,0.74,2023-04-05T06:55:37.550000Z,EDDH,Hamburg Helmut Schmidt Airport,0.39,2023-04-05T10:23:12.960000Z,adsb-lol|airplanes-live,BOTH_HAVE_IT,BOTH_HAVE_IT,0,no,no,direct,
CONTROL-LUFTHANSA,2023-04-05,2023-04-07,2,EDDH,Hamburg Helmut Schmidt Airport,1.01,2023-04-05T11:23:03.710000Z,EPKK,Kraków John Paul II International Airport,0.78,2023-04-07T10:49:39.430000Z,adsb-lol|airplanes-live,BOTH_HAVE_IT,BOTH_HAVE_IT,1,no,yes,GAP -- aircraft unobserved for 1 day(s) between these two fields; intermediate stops are possible and are NOT ruled out,
CONTROL-LUFTHANSA,2023-04-07,2023-04-13,6,EPKK,Kraków John Paul II International Airport,1.11,2023-04-07T11:43:33.450000Z,EDDH,Hamburg Helmut Schmidt Airport,0.76,2023-04-13T07:32:22.420000Z,adsb-lol|airplanes-live,BOTH_HAVE_IT,BOTH_HAVE_IT,5,no,yes,GAP -- aircraft unobserved for 5 day(s) between these two fields; intermediate stops are possible and are NOT ruled out,
CONTROL-RYANAIR,2023-04-07,2023-04-14,7,LIME,Il Caravaggio International Airport,0.54,2023-04-07T11:49:10.640000Z,LLBG,Ben Gurion International Airport,0.92,2023-04-14T14:06:54.660000Z,adsb-lol|airplanes-live,BOTH_HAVE_IT,BOTH_HAVE_IT,6,no,yes,GAP -- aircraft unobserved for 6 day(s) between these two fields; intermediate stops are possible and are NOT ruled out,
CONTROL-RYANAIR,2023-04-14,2023-04-21,7,LLBG,Ben Gurion International Airport,1.07,2023-04-14T15:32:19.420000Z,LIME,Il Caravaggio International Airport,0.43,2023-04-21T05:50:19.340000Z,adsb-lol|airplanes-live,BOTH_HAVE_IT,BOTH_HAVE_IT,6,no,yes,GAP -- aircraft unobserved for 6 day(s) between these two fields; intermediate stops are possible and are NOT ruled out,
CONTROL-LUFTHANSA,2023-04-15,2023-04-20,5,EDDH,Hamburg Helmut Schmidt Airport,0.79,2023-04-15T15:17:22.520000Z,LBSF,Sofia Airport,0.17,2023-04-20T09:13:49.360000Z,adsb-lol|airplanes-live,BOTH_HAVE_IT,BOTH_HAVE_IT,4,no,yes,GAP -- aircraft unobserved for 4 day(s) between these two fields; intermediate stops are possible and are NOT ruled out,
T7-ELL,2023-04-16,2023-07-12,87,KLAX,Los Angeles International Airport,2.4,2023-04-16T02:47:00.610000Z,EGLF,Farnborough Airport,1.17,2023-07-12T16:49:22.600000Z,airplanes-live,BOTH_HAVE_IT,BOTH_HAVE_IT,86,no,yes,GAP -- aircraft unobserved for 86 day(s) between these two fields; intermediate stops are possible and are NOT ruled out,
CONTROL-LUFTHANSA,2023-04-20,2023-04-21,1,LBSF,Sofia Airport,0.47,2023-04-20T10:19:01Z,EDDH,Hamburg Helmut Schmidt Airport,0.68,2023-04-21T05:49:28.440000Z,adsb-lol|airplanes-live,BOTH_HAVE_IT,BOTH_HAVE_IT,0,no,yes,overnight,
CONTROL-LUFTHANSA,2023-04-21,2023-04-24,3,EDDH,Hamburg Helmut Schmidt Airport,0.76,2023-04-21T07:09:31.900000Z,EPKK,Kraków John Paul II International Airport,0.05,2023-04-24T21:36:20.540000Z,adsb-lol|airplanes-live,BOTH_HAVE_IT,BOTH_HAVE_IT,2,no,yes,GAP -- aircraft unobserved for 2 day(s) between these two fields; intermediate stops are possible and are NOT ruled out,
CONTROL-RYANAIR,2023-04-21,2023-04-24,3,LIME,Il Caravaggio International Airport,0.43,2023-04-21T06:38:18.440000Z,LMML,Malta International Airport,2.37,2023-04-24T18:07:09.720000Z,adsb-lol|airplanes-live,BOTH_HAVE_IT,BOTH_HAVE_IT,2,no,yes,GAP -- aircraft unobserved for 2 day(s) between these two fields; intermediate stops are possible and are NOT ruled out,
SU-BTT,2023-04-21,2024-02-09,294,KILG,Wilmington Airport,0.8,2023-04-21T11:59:08.940000Z,KLNK,Lincoln Airport,1.22,2024-02-09T18:39:38.690000Z,airplanes-live,BOTH_HAVE_IT,BOTH_HAVE_IT,293,no,yes,GAP -- aircraft unobserved for 293 day(s) between these two fields; intermediate stops are possible and are NOT ruled out,
N40JD,2023-04-22,2023-08-25,125,KFLL,Fort Lauderdale Hollywood International Airport,1.26,2023-04-22T16:00:47.890000Z,KTEB,Teterboro Airport,0.65,2023-08-25T20:00:01.450000Z,adsb-lol|airplanes-live,BOTH_HAVE_IT,BOTH_HAVE_IT,124,no,yes,GAP -- aircraft unobserved for 124 day(s) between these two fields; intermediate stops are possible and are NOT ruled out,
N560TW,2023-04-23,2023-04-23,0,KSDL,Scottsdale Airport,0.27,2023-04-23T21:31:22.600000Z,KBUR,Hollywood Burbank/Bob Hope Airport,0.3,2023-04-23T22:35:01.800000Z,airplanes-live,BOTH_HAVE_IT,BOTH_HAVE_IT,0,no,no,direct,
CONTROL-RYANAIR,2023-04-24,2023-04-25,1,LMML,Malta International Airport,0.66,2023-04-24T19:08:17.560000Z,LIME,Il Caravaggio International Airport,0.34,2023-04-25T18:53:10.130000Z,adsb-lol|airplanes-live,BOTH_HAVE_IT,BOTH_HAVE_IT,0,no,yes,overnight,
N560TW,2023-04-24,2023-04-24,0,KBUR,Hollywood Burbank/Bob Hope Airport,0.1,2023-04-24T05:38:17.480000Z,KSDL,Scottsdale Airport,0.59,2023-04-24T06:46:04.980000Z,airplanes-live,BOTH_HAVE_IT,BOTH_HAVE_IT,0,no,no,direct,
CONTROL-LUFTHANSA,2023-04-25,2023-04-25,0,EPKK,Kraków John Paul II International Airport,1.28,2023-04-25T04:05:43.920000Z,EGCC,Manchester Airport,1.02,2023-04-25T08:59:26.510000Z,airplanes-live,BOTH_HAVE_IT,BOTH_HAVE_IT,0,no,no,direct,
CONTROL-LUFTHANSA,2023-04-25,2023-05-06,11,EGCC,Manchester Airport,1.02,2023-04-25T09:56:37.170000Z,EDDH,Hamburg Helmut Schmidt Airport,0.77,2023-05-06T14:51:03.380000Z,adsb-lol|airplanes-live,BOTH_HAVE_IT,BOTH_HAVE_IT,10,no,yes,GAP -- aircraft unobserved for 10 day(s) between these two fields; intermediate stops are possible and are NOT ruled out,
CONTROL-RYANAIR,2023-04-25,2023-04-26,1,LIME,Il Caravaggio International Airport,0.34,2023-04-25T19:42:41.440000Z,LIRA,Ciampino–G. B. Pastine International Airport,0.37,2023-04-26T06:55:57.510000Z,adsb-lol,BOTH_HAVE_IT,BOTH_HAVE_IT,0,no,yes,overnight,
N560TW,2023-04-25,2023-04-25,0,KSDL,Scottsdale Airport,0.5,2023-04-25T17:23:02.570000Z,KFTW,Fort Worth Meacham International Airport,0.3,2023-04-25T19:15:10.600000Z,airplanes-live,BOTH_HAVE_IT,BOTH_HAVE_IT,0,no,no,direct,
N560TW,2023-04-25,2023-04-29,4,KFTW,Fort Worth Meacham International Airport,0.3,2023-04-25T19:15:19.990000Z,KSDL,Scottsdale Airport,1.02,2023-04-29T13:37:43.710000Z,airplanes-live,BOTH_HAVE_IT,BOTH_HAVE_IT,3,no,yes,GAP -- aircraft unobserved for 3 day(s) between these two fields; intermediate stops are possible and are NOT ruled out,
CONTROL-RYANAIR,2023-04-26,2023-05-03,7,LIRA,Ciampino–G. B. Pastine International Airport,0.49,2023-04-26T07:57:04.070000Z,LIRF,Rome–Fiumicino Leonardo da Vinci International Airport,1.67,2023-05-03T07:43:55.920000Z,adsb-lol,BOTH_HAVE_IT,BOTH_HAVE_IT,6,no,yes,GAP -- aircraft unobserved for 6 day(s) between these two fields; intermediate stops are possible and are NOT ruled out,
N872RA,2023-04-30,2023-05-01,1,KSNA,John Wayne Orange County International Airport,0.29,2023-04-30T23:04:07.890000Z,KPHX,Phoenix Sky Harbor International Airport,0.97,2023-05-01T00:01:24.600000Z,adsbexchange-samples|airplanes-live,BOTH_HAVE_IT,BOTH_HAVE_IT,0,no,yes,overnight,
N872RA,2023-05-01,2023-05-01,0,KPHX,Phoenix Sky Harbor International Airport,0.97,2023-05-01T00:45:10.300000Z,KSNA,John Wayne Orange County International Airport,0.89,2023-05-01T01:40:56.150000Z,adsbexchange-samples|airplanes-live,BOTH_HAVE_IT,BOTH_HAVE_IT,0,no,no,direct,
SU-BTU,2023-05-01,2023-05-06,5,KBGR,Bangor International Airport,1.26,2023-05-01T18:45:23.570000Z,KILG,Wilmington Airport,0.65,2023-05-06T15:18:28.030000Z,adsb-lol|adsbexchange-samples|airplanes-live,BOTH_HAVE_IT,BOTH_HAVE_IT,4,no,yes,GAP -- aircraft unobserved for 4 day(s) between these two fields; intermediate stops are possible and are NOT ruled out,
CONTROL-RYANAIR,2023-05-03,2023-05-03,0,LIRF,Rome–Fiumicino Leonardo da Vinci International Airport,1.46,2023-05-03T09:24:26.710000Z,EGGP,Liverpool John Lennon Airport,0.41,2023-05-03T16:37:55.460000Z,adsb-lol,BOTH_HAVE_IT,BOTH_HAVE_IT,0,no,no,direct,
CONTROL-RYANAIR,2023-05-03,2023-05-03,0,EGGP,Liverpool John Lennon Airport,0.41,2023-05-03T18:03:37.370000Z,EIDW,Dublin Airport,0.76,2023-05-03T18:01:52.020000Z,adsb-lol|airplanes-live,BOTH_HAVE_IT,BOTH_HAVE_IT,0,no,no,direct,
N560TW,2023-05-05,2023-05-11,6,KSDL,Scottsdale Airport,0.13,2023-05-05T22:01:18.820000Z,KBUR,Hollywood Burbank/Bob Hope Airport,0.63,2023-05-11T20:07:32.880000Z,airplanes-live,BOTH_HAVE_IT,BOTH_HAVE_IT,5,no,yes,GAP -- aircraft unobserved for 5 day(s) between these two fields; intermediate stops are possible and are NOT ruled out,
CONTROL-RYANAIR,2023-05-06,2023-05-08,2,EIDW,Dublin Airport,1.13,2023-05-06T21:29:41.960000Z,EGPH,Edinburgh Airport,0.91,2023-05-08T01:27:43.710000Z,adsb-lol|airplanes-live,BOTH_HAVE_IT,BOTH_HAVE_IT,1,no,yes,GAP -- aircraft unobserved for 1 day(s) between these two fields; intermediate stops are possible and are NOT ruled out,
CONTROL-RYANAIR,2023-05-08,2023-05-08,0,EGPH,Edinburgh Airport,0.91,2023-05-08T01:33:46.310000Z,EHAM,Amsterdam Airport Schiphol,4.04,2023-05-08T07:36:42.790000Z,adsb-lol|airplanes-live,BOTH_HAVE_IT,BOTH_HAVE_IT,0,no,no,direct,
CONTROL-RYANAIR,2023-05-08,2023-05-08,0,EHAM,Amsterdam Airport Schiphol,0.45,2023-05-08T08:51:48.930000Z,EIDW,Dublin Airport,1.11,2023-05-08T10:08:08.030000Z,adsb-lol|airplanes-live,BOTH_HAVE_IT,BOTH_HAVE_IT,0,no,no,direct,
CONTROL-RYANAIR,2023-05-08,2023-05-08,0,EIDW,Dublin Airport,1.11,2023-05-08T10:08:08.030000Z,EGGW,London Luton Airport,0.08,2023-05-08T19:49:21.880000Z,adsb-lol,BOTH_HAVE_IT,BOTH_HAVE_IT,0,no,no,direct,
CONTROL-RYANAIR,2023-05-08,2023-05-08,0,EGGW,London Luton Airport,0.08,2023-05-08T19:49:21.880000Z,EIDW,Dublin Airport,1.05,2023-05-08T21:57:58.420000Z,adsb-lol|airplanes-live,BOTH_HAVE_IT,BOTH_HAVE_IT,0,no,no,direct,
CONTROL-LUFTHANSA,2023-05-10,2023-05-11,1,EDDH,Hamburg Helmut Schmidt Airport,1.0,2023-05-10T10:28:06.750000Z,EHAM,Amsterdam Airport Schiphol,0.87,2023-05-11T09:27:06.420000Z,adsb-lol|airplanes-live,BOTH_HAVE_IT,BOTH_HAVE_IT,0,no,yes,overnight,
CONTROL-LUFTHANSA,2023-05-11,2023-05-11,0,EHAM,Amsterdam Airport Schiphol,0.87,2023-05-11T09:30:29.630000Z,EBBR,Brussels Airport,0.6,2023-05-11T13:39:39.030000Z,adsb-lol|airplanes-live,BOTH_HAVE_IT,BOTH_HAVE_IT,0,no,no,direct,
CONTROL-LUFTHANSA,2023-05-11,2023-05-13,2,EBBR,Brussels Airport,0.6,2023-05-11T14:35:35.660000Z,EDDB,Berlin Brandenburg Airport,0.55,2023-05-13T05:58:42.600000Z,adsb-lol|airplanes-live,BOTH_HAVE_IT,BOTH_HAVE_IT,1,no,yes,GAP -- aircraft unobserved for 1 day(s) between these two fields; intermediate stops are possible and are NOT ruled out,
CONTROL-RYANAIR,2023-05-11,2023-05-11,0,EIDW,Dublin Airport,0.88,2023-05-11T04:47:48.370000Z,EBBR,Brussels Airport,0.6,2023-05-11T06:11:19.370000Z,adsb-lol|airplanes-live,BOTH_HAVE_IT,BOTH_HAVE_IT,0,no,no,direct,
CONTROL-RYANAIR,2023-05-11,2023-05-11,0,EBBR,Brussels Airport,0.86,2023-05-11T07:18:56.990000Z,EIDW,Dublin Airport,0.94,2023-05-11T08:36:35.120000Z,adsb-lol|airplanes-live,BOTH_HAVE_IT,BOTH_HAVE_IT,0,no,no,direct,
CONTROL-RYANAIR,2023-05-11,2023-05-11,0,EIDW,Dublin Airport,1.3,2023-05-11T12:29:10.490000Z,EHAM,Amsterdam Airport Schiphol,0.89,2023-05-11T16:11:40.170000Z,adsb-lol|airplanes-live,BOTH_HAVE_IT,BOTH_HAVE_IT,0,no,no,direct,
CONTROL-RYANAIR,2023-05-11,2023-05-11,0,EHAM,Amsterdam Airport Schiphol,2.78,2023-05-11T17:10:42.350000Z,EIDW,Dublin Airport,1.21,2023-05-11T22:29:14.320000Z,adsb-lol|airplanes-live,BOTH_HAVE_IT,BOTH_HAVE_IT,0,no,no,direct,
CONTROL-RYANAIR,2023-05-11,2023-05-12,1,EIDW,Dublin Airport,1.21,2023-05-11T22:29:14.320000Z,EGPH,Edinburgh Airport,0.37,2023-05-12T05:41:13.900000Z,adsb-lol|airplanes-live,BOTH_HAVE_IT,BOTH_HAVE_IT,0,no,yes,overnight,
N560TW,2023-05-11,2023-05-11,0,KBUR,Hollywood Burbank/Bob Hope Airport,0.63,2023-05-11T20:07:32.880000Z,KTUS,Tucson International Airport,0.54,2023-05-11T21:52:19.820000Z,adsb-lol|airplanes-live,BOTH_HAVE_IT,BOTH_HAVE_IT,0,no,no,direct,
N560TW,2023-05-11,2023-05-11,0,KTUS,Tucson International Airport,0.54,2023-05-11T21:52:27.880000Z,KSDL,Scottsdale Airport,0.3,2023-05-11T22:45:59.440000Z,adsb-lol|airplanes-live,BOTH_HAVE_IT,BOTH_HAVE_IT,0,no,no,direct,
N872RA,2023-05-11,2023-05-11,0,KSNA,John Wayne Orange County International Airport,0.65,2023-05-11T15:01:57.190000Z,KSJC,Mineta San Jose International Airport,0.25,2023-05-11T15:56:38.830000Z,airplanes-live,BOTH_HAVE_IT,BOTH_HAVE_IT,0,no,no,direct,
N872RA,2023-05-11,2023-05-11,0,KSJC,Mineta San Jose International Airport,0.25,2023-05-11T16:54:24.750000Z,KAPA,Centennial Airport,0.66,2023-05-11T19:02:56.030000Z,airplanes-live,BOTH_HAVE_IT,BOTH_HAVE_IT,0,no,no,direct,
N872RA,2023-05-11,2023-05-11,0,KAPA,Centennial Airport,0.88,2023-05-11T20:58:34.290000Z,KSNA,John Wayne Orange County International Airport,0.17,2023-05-11T23:00:20.790000Z,airplanes-live,BOTH_HAVE_IT,BOTH_HAVE_IT,0,no,no,direct,
CONTROL-RYANAIR,2023-05-12,2023-05-12,0,EGPH,Edinburgh Airport,0.37,2023-05-12T06:39:17.860000Z,EIDW,Dublin Airport,1.14,2023-05-12T07:27:14.980000Z,adsb-lol|airplanes-live,BOTH_HAVE_IT,BOTH_HAVE_IT,0,no,no,direct,
CONTROL-RYANAIR,2023-05-12,2023-05-12,0,EIDW,Dublin Airport,0.9,2023-05-12T22:26:42.650000Z,EGPH,Edinburgh Airport,0.41,2023-05-12T23:12:28.600000Z,adsb-lol|airplanes-live,BOTH_HAVE_IT,BOTH_HAVE_IT,0,no,no,direct,
CONTROL-RYANAIR,2023-05-12,2023-05-13,1,EGPH,Edinburgh Airport,0.41,2023-05-12T23:59:12.600000Z,EIDW,Dublin Airport,1.01,2023-05-13T00:38:02.780000Z,adsb-lol|airplanes-live,BOTH_HAVE_IT,BOTH_HAVE_IT,0,no,yes,overnight,
CONTROL-RYANAIR,2023-05-13,2023-05-13,0,EIDW,Dublin Airport,0.84,2023-05-13T06:56:38.130000Z,EGNX,East Midlands Airport,0.9,2023-05-13T08:34:47.240000Z,adsb-lol|airplanes-live,BOTH_HAVE_IT,BOTH_HAVE_IT,0,no,no,direct,
CONTROL-RYANAIR,2023-05-13,2023-05-13,0,EGNX,East Midlands Airport,0.9,2023-05-13T08:34:53.110000Z,EIDW,Dublin Airport,0.76,2023-05-13T09:29:21.190000Z,adsb-lol|airplanes-live,BOTH_HAVE_IT,BOTH_HAVE_IT,0,no,no,direct,
CONTROL-RYANAIR,2023-05-13,2023-05-13,0,EIDW,Dublin Airport,0.84,2023-05-13T10:28:10.290000Z,LIME,Il Caravaggio International Airport,0.5,2023-05-13T12:45:50.960000Z,adsb-lol|airplanes-live,BOTH_HAVE_IT,BOTH_HAVE_IT,0,no,no,direct,
CONTROL-RYANAIR,2023-05-13,2023-05-13,0,LIME,Il Caravaggio International Airport,0.5,2023-05-13T13:40:56.710000Z,EIDW,Dublin Airport,1.1,2023-05-13T16:52:16.630000Z,adsb-lol|airplanes-live,BOTH_HAVE_IT,BOTH_HAVE_IT,0,no,no,direct,
CONTROL-RYANAIR,2023-05-13,2023-05-14,1,EIDW,Dublin Airport,1.1,2023-05-13T16:53:40.850000Z,LEMD,Adolfo Suárez Madrid–Barajas Airport,3.05,2023-05-14T07:28:00.600000Z,adsb-lol|airplanes-live,BOTH_HAVE_IT,BOTH_HAVE_IT,0,no,yes,overnight,
CONTROL-RYANAIR,2023-05-14,2023-05-22,8,LEMD,Adolfo Suárez Madrid–Barajas Airport,1.2,2023-05-14T08:46:10.690000Z,LFBO,Toulouse-Blagnac Airport,0.62,2023-05-22T15:25:08.320000Z,adsb-lol|airplanes-live,BOTH_HAVE_IT,BOTH_HAVE_IT,7,no,yes,GAP -- aircraft unobserved for 7 day(s) between these two fields; intermediate stops are possible and are NOT ruled out,
N888KG,2023-05-17,2023-05-24,7,KPVU,Provo Municipal Airport,0.43,2023-05-17T21:26:51.850000Z,KFLL,Fort Lauderdale Hollywood International Airport,0.68,2023-05-24T18:43:51.220000Z,adsb-lol|airplanes-live,BOTH_HAVE_IT,BOTH_HAVE_IT,6,no,yes,GAP -- aircraft unobserved for 6 day(s) between these two fields; intermediate stops are possible and are NOT ruled out,
N560TW,2023-05-20,2023-05-20,0,KSDL,Scottsdale Airport,0.7,2023-05-20T22:20:40.170000Z,KCRQ,McClellan-Palomar Airport,0.33,2023-05-20T23:11:16.830000Z,airplanes-live,BOTH_HAVE_IT,BOTH_HAVE_IT,0,no,no,direct,
N560TW,2023-05-21,2023-05-21,0,KCRQ,McClellan-Palomar Airport,0.34,2023-05-21T00:48:51.130000Z,KSDL,Scottsdale Airport,0.36,2023-05-21T01:39:37.850000Z,airplanes-live,BOTH_HAVE_IT,BOTH_HAVE_IT,0,no,no,direct,
CONTROL-LUFTHANSA,2023-05-22,2023-05-30,8,EDDB,Berlin Brandenburg Airport,0.72,2023-05-22T18:00:59.150000Z,EDDH,Hamburg Helmut Schmidt Airport,0.82,2023-05-30T06:48:30.430000Z,adsb-lol|airplanes-live,BOTH_HAVE_IT,BOTH_HAVE_IT,7,no,yes,GAP -- aircraft unobserved for 7 day(s) between these two fields; intermediate stops are possible and are NOT ruled out,
CONTROL-RYANAIR,2023-05-22,2023-06-07,16,LFBO,Toulouse-Blagnac Airport,0.62,2023-05-22T16:25:30.500000Z,LIBP,Abruzzo Airport,0.19,2023-06-07T19:23:44.820000Z,adsb-lol|airplanes-live,BOTH_HAVE_IT,BOTH_HAVE_IT,15,no,yes,GAP -- aircraft unobserved for 15 day(s) between these two fields; intermediate stops are possible and are NOT ruled out,
N560TW,2023-05-22,2023-05-22,0,KSDL,Scottsdale Airport,0.87,2023-05-22T16:25:48.050000Z,KIAD,Washington Dulles International Airport,1.63,2023-05-22T20:37:54.560000Z,adsb-lol|airplanes-live,BOTH_HAVE_IT,BOTH_HAVE_IT,0,no,no,direct,
N560TW,2023-05-24,2023-05-26,2,KIAD,Washington Dulles International Airport,0.36,2023-05-24T16:24:34.600000Z,KSDL,Scottsdale Airport,0.08,2023-05-26T21:25:36.490000Z,adsb-lol|airplanes-live,BOTH_HAVE_IT,BOTH_HAVE_IT,1,no,yes,GAP -- aircraft unobserved for 1 day(s) between these two fields; intermediate stops are possible and are NOT ruled out,
N582MM,2023-05-24,2023-05-25,1,KFFZ,Falcon Field,0.68,2023-05-24T05:44:23.520000Z,KMSP,Minneapolis–Saint Paul International Airport / Wold–Chamberlain Field,0.48,2023-05-25T16:38:39.200000Z,airplanes-live,BOTH_HAVE_IT,BOTH_HAVE_IT,0,no,yes,overnight,
N582MM,2023-05-25,2023-05-31,6,KMSP,Minneapolis–Saint Paul International Airport / Wold–Chamberlain Field,0.48,2023-05-25T16:38:45.880000Z,KFFZ,Falcon Field,0.74,2023-05-31T22:37:01.110000Z,airplanes-live,BOTH_HAVE_IT,BOTH_HAVE_IT,5,no,yes,GAP -- aircraft unobserved for 5 day(s) between these two fields; intermediate stops are possible and are NOT ruled out,
N888KG,2023-05-25,2023-05-27,2,KFLL,Fort Lauderdale Hollywood International Airport,0.53,2023-05-25T13:18:33.190000Z,KPVU,Provo Municipal Airport,0.32,2023-05-27T18:01:08.370000Z,adsb-lol|airplanes-live,BOTH_HAVE_IT,BOTH_HAVE_IT,1,no,yes,GAP -- aircraft unobserved for 1 day(s) between these two fields; intermediate stops are possible and are NOT ruled out,
N888KG,2023-05-27,2023-06-17,21,KPVU,Provo Municipal Airport,0.32,2023-05-27T18:03:31.900000Z,KSDL,Scottsdale Airport,0.47,2023-06-17T22:49:06.930000Z,adsb-lol|airplanes-live,BOTH_HAVE_IT,BOTH_HAVE_IT,20,no,yes,GAP -- aircraft unobserved for 20 day(s) between these two fields; intermediate stops are possible and are NOT ruled out,
CONTROL-LUFTHANSA,2023-05-30,2023-06-07,8,EDDH,Hamburg Helmut Schmidt Airport,0.79,2023-05-30T07:52:50.880000Z,LBSF,Sofia Airport,0.26,2023-06-07T08:55:57.380000Z,adsb-lol|airplanes-live,BOTH_HAVE_IT,BOTH_HAVE_IT,7,no,yes,GAP -- aircraft unobserved for 7 day(s) between these two fields; intermediate stops are possible and are NOT ruled out,
N582MM,2023-05-31,2023-06-01,1,KFFZ,Falcon Field,0.74,2023-05-31T22:37:01.110000Z,KIWA,Mesa Gateway Airport,0.09,2023-06-01T20:53:15.420000Z,adsbexchange-samples|airplanes-live,BOTH_HAVE_IT,BOTH_HAVE_IT,0,no,yes,overnight,
N59906,2023-06-01,2023-10-01,122,KOSH,Wittman Regional Airport,0.22,2023-06-01T16:16:06.280000Z,KRBD,Dallas Executive Airport,0.94,2023-10-01T14:20:26.470000Z,adsbexchange-samples,HELD_BY_ADSBEXCHANGE-SAMPLES,HELD_BY_ADSBEXCHANGE-SAMPLES,121,yes,yes,GAP -- aircraft unobserved for 121 day(s) between these two fields; intermediate stops are possible and are NOT ruled out,
N560TW,2023-06-02,2023-06-02,0,KSDL,Scottsdale Airport,0.48,2023-06-02T17:48:58.900000Z,KCRQ,McClellan-Palomar Airport,0.13,2023-06-02T18:40:55.520000Z,airplanes-live,BOTH_HAVE_IT,BOTH_HAVE_IT,0,no,no,direct,
N560TW,2023-06-02,2023-06-02,0,KCRQ,McClellan-Palomar Airport,0.32,2023-06-02T20:26:41.380000Z,KSDL,Scottsdale Airport,0.22,2023-06-02T21:23:42.410000Z,airplanes-live,BOTH_HAVE_IT,BOTH_HAVE_IT,0,no,no,direct,
CONTROL-LUFTHANSA,2023-06-07,2023-06-12,5,LBSF,Sofia Airport,0.75,2023-06-07T09:56:19.460000Z,LIRF,Rome–Fiumicino Leonardo da Vinci International Airport,1.36,2023-06-12T09:54:46.580000Z,airplanes-live,BOTH_HAVE_IT,BOTH_HAVE_IT,4,no,yes,GAP -- aircraft unobserved for 4 day(s) between these two fields; intermediate stops are possible and are NOT ruled out,
CONTROL-RYANAIR,2023-06-07,2023-06-08,1,LIBP,Abruzzo Airport,0.19,2023-06-07T19:23:44.820000Z,EBBR,Brussels Airport,0.44,2023-06-08T05:45:10.260000Z,adsb-lol|airplanes-live,BOTH_HAVE_IT,BOTH_HAVE_IT,0,no,yes,overnight,
CONTROL-RYANAIR,2023-06-08,2023-06-11,3,EBBR,Brussels Airport,0.44,2023-06-08T06:46:36.370000Z,LFOB,Beauvais-Tillé airport,1.02,2023-06-11T13:18:53.460000Z,adsb-lol|airplanes-live,BOTH_HAVE_IT,BOTH_HAVE_IT,2,no,yes,GAP -- aircraft unobserved for 2 day(s) between these two fields; intermediate stops are possible and are NOT ruled out,
CONTROL-RYANAIR,2023-06-11,2023-06-12,1,LFOB,Beauvais-Tillé airport,1.02,2023-06-11T14:01:03.550000Z,EFHK,Helsinki Vantaa Airport,0.33,2023-06-12T07:55:24.160000Z,adsb-lol|airplanes-live,BOTH_HAVE_IT,BOTH_HAVE_IT,0,no,yes,overnight,
CONTROL-LUFTHANSA,2023-06-12,2023-06-12,0,LIRF,Rome–Fiumicino Leonardo da Vinci International Airport,0.79,2023-06-12T11:15:25Z,LHBP,Budapest Liszt Ferenc International Airport,1.3,2023-06-12T21:38:25.490000Z,airplanes-live,BOTH_HAVE_IT,BOTH_HAVE_IT,0,no,no,direct,
CONTROL-RYANAIR,2023-06-12,2023-06-12,0,EFHK,Helsinki Vantaa Airport,0.33,2023-06-12T08:45:23.790000Z,EGHH,Bournemouth Airport,0.05,2023-06-12T19:11:51.880000Z,adsb-lol|airplanes-live,BOTH_HAVE_IT,BOTH_HAVE_IT,0,no,no,direct,
CONTROL-RYANAIR,2023-06-12,2023-06-13,1,EGHH,Bournemouth Airport,0.05,2023-06-12T19:17:56.220000Z,EPPO,Poznań-Ławica Airport,0.27,2023-06-13T17:32:26.480000Z,airplanes-live,BOTH_HAVE_IT,BOTH_HAVE_IT,0,no,yes,overnight,
CONTROL-LUFTHANSA,2023-06-13,2023-06-13,0,LHBP,Budapest Liszt Ferenc International Airport,1.12,2023-06-13T04:05:28.370000Z,LFBO,Toulouse-Blagnac Airport,0.41,2023-06-13T10:56:27.890000Z,adsb-lol|airplanes-live,BOTH_HAVE_IT,BOTH_HAVE_IT,0,no,no,direct,
CONTROL-LUFTHANSA,2023-06-13,2023-06-20,7,LFBO,Toulouse-Blagnac Airport,0.78,2023-06-13T11:52:35.400000Z,EGCC,Manchester Airport,0.42,2023-06-20T09:04:54.510000Z,adsb-lol|airplanes-live,BOTH_HAVE_IT,BOTH_HAVE_IT,6,no,yes,GAP -- aircraft unobserved for 6 day(s) between these two fields; intermediate stops are possible and are NOT ruled out,
N582MM,2023-06-13,2023-06-13,0,KIWA,Mesa Gateway Airport,1.16,2023-06-13T15:00:42.890000Z,KAPA,Centennial Airport,0.25,2023-06-13T20:53:19.390000Z,airplanes-live,BOTH_HAVE_IT,BOTH_HAVE_IT,0,no,no,direct,
N560TW,2023-06-15,2023-06-15,0,KSDL,Scottsdale Airport,0.28,2023-06-15T02:54:22.640000Z,,,,2023-06-15T02:11:20Z,adsb-lol|airplanes-live,BOTH_HAVE_IT,BOTH_HAVE_IT,0,no,no,direct,
N560TW,2023-06-15,2023-06-17,2,,,,2023-06-15T02:11:20Z,KSDL,Scottsdale Airport,1.25,2023-06-17T19:49:49.650000Z,adsb-lol|airplanes-live,BOTH_HAVE_IT,BOTH_HAVE_IT,1,no,yes,GAP -- aircraft unobserved for 1 day(s) between these two fields; intermediate stops are possible and are NOT ruled out,
N582MM,2023-06-15,2023-06-17,2,KAPA,Centennial Airport,0.31,2023-06-15T13:17:16.120000Z,KHPN,Westchester County Airport,0.59,2023-06-17T00:12:03.990000Z,airplanes-live,BOTH_HAVE_IT,BOTH_HAVE_IT,1,no,yes,GAP -- aircraft unobserved for 1 day(s) between these two fields; intermediate stops are possible and are NOT ruled out,
N582MM,2023-06-17,2023-06-20,3,KHPN,Westchester County Airport,0.59,2023-06-17T00:12:04.110000Z,KDFW,Dallas Fort Worth International Airport,1.72,2023-06-20T20:02:08.590000Z,airplanes-live,BOTH_HAVE_IT,BOTH_HAVE_IT,2,no,yes,GAP -- aircraft unobserved for 2 day(s) between these two fields; intermediate stops are possible and are NOT ruled out,
N888KG,2023-06-17,2023-07-01,14,KSDL,Scottsdale Airport,0.54,2023-06-17T23:44:22.180000Z,KPVU,Provo Municipal Airport,0.27,2023-07-01T14:09:05.880000Z,adsbexchange-samples|airplanes-live,BOTH_HAVE_IT,HELD_BY_ADSBEXCHANGE-SAMPLES,13,yes,yes,GAP -- aircraft unobserved for 13 day(s) between these two fields; intermediate stops are possible and are NOT ruled out,
CONTROL-LUFTHANSA,2023-06-20,2023-06-20,0,EGCC,Manchester Airport,0.93,2023-06-20T10:04:43.890000Z,EBBR,Brussels Airport,0.38,2023-06-20T18:11:16.550000Z,adsb-lol|airplanes-live,BOTH_HAVE_IT,BOTH_HAVE_IT,0,no,no,direct,
CONTROL-LUFTHANSA,2023-06-20,2023-06-24,4,EBBR,Brussels Airport,0.77,2023-06-20T19:41:29.750000Z,LHBP,Budapest Liszt Ferenc International Airport,0.83,2023-06-24T03:56:15.600000Z,adsb-lol|airplanes-live,BOTH_HAVE_IT,BOTH_HAVE_IT,3,no,yes,GAP -- aircraft unobserved for 3 day(s) between these two fields; intermediate stops are possible and are NOT ruled out,
CONTROL-RYANAIR,2023-06-20,2023-06-24,4,EPPO,Poznań-Ławica Airport,0.49,2023-06-20T16:16:05.710000Z,EGCC,Manchester Airport,1.8,2023-06-24T08:36:54.140000Z,adsb-lol|airplanes-live,BOTH_HAVE_IT,BOTH_HAVE_IT,3,no,yes,GAP -- aircraft unobserved for 3 day(s) between these two fields; intermediate stops are possible and are NOT ruled out,
N582MM,2023-06-21,2023-07-10,19,KDFW,Dallas Fort Worth International Airport,1.77,2023-06-21T23:00:40.900000Z,KPIE,St. Petersburg Clearwater International Airport,0.42,2023-07-10T01:43:29.090000Z,adsb-lol|airplanes-live,BOTH_HAVE_IT,BOTH_HAVE_IT,18,no,yes,GAP -- aircraft unobserved for 18 day(s) between these two fields; intermediate stops are possible and are NOT ruled out,
CONTROL-LUFTHANSA,2023-06-24,2023-06-26,2,LHBP,Budapest Liszt Ferenc International Airport,0.83,2023-06-24T03:59:10.940000Z,EDDL,Düsseldorf Airport,0.66,2023-06-26T20:23:16.510000Z,airplanes-live,BOTH_HAVE_IT,BOTH_HAVE_IT,1,no,yes,GAP -- aircraft unobserved for 1 day(s) between these two fields; intermediate stops are possible and are NOT ruled out,
CONTROL-RYANAIR,2023-06-24,2023-06-24,0,EGCC,Manchester Airport,1.8,2023-06-24T09:29:18.340000Z,EGPK,Glasgow Prestwick Airport,1.04,2023-06-24T19:45:02.390000Z,adsb-lol|airplanes-live,BOTH_HAVE_IT,BOTH_HAVE_IT,0,no,no,direct,
CONTROL-RYANAIR,2023-06-24,2023-06-25,1,EGPK,Glasgow Prestwick Airport,1.04,2023-06-24T19:47:30.190000Z,EGBB,Birmingham Airport,0.85,2023-06-25T06:59:50.650000Z,adsb-lol|airplanes-live,BOTH_HAVE_IT,BOTH_HAVE_IT,0,no,yes,overnight,
CONTROL-RYANAIR,2023-06-25,2023-06-25,0,EGBB,Birmingham Airport,0.85,2023-06-25T07:43:39.170000Z,EGGP,Liverpool John Lennon Airport,0.46,2023-06-25T13:09:57.630000Z,adsb-lol|airplanes-live,BOTH_HAVE_IT,BOTH_HAVE_IT,0,no,no,direct,
CONTROL-RYANAIR,2023-06-25,2023-06-26,1,EGGP,Liverpool John Lennon Airport,0.46,2023-06-25T13:58:03.890000Z,EGBB,Birmingham Airport,0.64,2023-06-26T06:12:52.900000Z,adsb-lol|airplanes-live,BOTH_HAVE_IT,BOTH_HAVE_IT,0,no,yes,overnight,
CONTROL-LUFTHANSA,2023-06-26,2023-07-16,20,EDDL,Düsseldorf Airport,0.66,2023-06-26T20:25:18.640000Z,EHAM,Amsterdam Airport Schiphol,4.01,2023-07-16T08:26:27.540000Z,airplanes-live,BOTH_HAVE_IT,BOTH_HAVE_IT,19,no,yes,GAP -- aircraft unobserved for 19 day(s) between these two fields; intermediate stops are possible and are NOT ruled out,
CONTROL-RYANAIR,2023-06-26,2023-06-26,0,EGBB,Birmingham Airport,0.64,2023-06-26T06:59:40.700000Z,LEAM,Almería Airport,1.47,2023-06-26T14:57:40.690000Z,adsb-lol|airplanes-live,BOTH_HAVE_IT,BOTH_HAVE_IT,0,no,no,direct,
CONTROL-RYANAIR,2023-06-26,2023-06-26,0,LEAM,Almería Airport,1.47,2023-06-26T14:59:36.100000Z,EGBB,Birmingham Airport,0.35,2023-06-26T19:27:03.640000Z,adsb-lol|airplanes-live,BOTH_HAVE_IT,BOTH_HAVE_IT,0,no,no,direct,
CONTROL-RYANAIR,2023-06-26,2023-07-16,20,EGBB,Birmingham Airport,0.35,2023-06-26T20:20:00.870000Z,EBBR,Brussels Airport,0.91,2023-07-16T18:45:39.210000Z,adsb-lol|airplanes-live,BOTH_HAVE_IT,BOTH_HAVE_IT,19,no,yes,GAP -- aircraft unobserved for 19 day(s) between these two fields; intermediate stops are possible and are NOT ruled out,
N560TW,2023-07-01,2023-07-01,0,KSDL,Scottsdale Airport,0.39,2023-07-01T17:04:08.610000Z,KHCR,Heber Valley Airport,0.41,2023-07-01T18:15:37.540000Z,adsbexchange-samples,HELD_BY_ADSBEXCHANGE-SAMPLES,HELD_BY_ADSBEXCHANGE-SAMPLES,0,yes,no,direct,
N560TW,2023-07-01,2023-07-01,0,KHCR,Heber Valley Airport,0.41,2023-07-01T18:41:12.400000Z,KSDL,Scottsdale Airport,0.1,2023-07-01T19:49:32.010000Z,adsbexchange-samples,HELD_BY_ADSBEXCHANGE-SAMPLES,HELD_BY_ADSBEXCHANGE-SAMPLES,0,yes,no,direct,
N560TW,2023-07-01,2023-07-14,13,KSDL,Scottsdale Airport,0.1,2023-07-01T19:52:20.700000Z,KSJC,Mineta San Jose International Airport,0.38,2023-07-14T19:53:21.400000Z,adsbexchange-samples|airplanes-live,HELD_BY_ADSBEXCHANGE-SAMPLES,BOTH_HAVE_IT,12,yes,yes,GAP -- aircraft unobserved for 12 day(s) between these two fields; intermediate stops are possible and are NOT ruled out,
N582MM,2023-07-10,2023-07-10,0,KPIE,St. Petersburg Clearwater International Airport,0.65,2023-07-10T16:19:40.530000Z,KFFZ,Falcon Field,0.6,2023-07-10T23:10:45.860000Z,adsb-lol|airplanes-live,BOTH_HAVE_IT,BOTH_HAVE_IT,0,no,no,direct,
N582MM,2023-07-11,2023-07-13,2,KFFZ,Falcon Field,0.29,2023-07-11T17:35:25.830000Z,KGYR,Phoenix Goodyear Airport,0.07,2023-07-13T18:44:30.810000Z,airplanes-live,BOTH_HAVE_IT,BOTH_HAVE_IT,1,no,yes,GAP -- aircraft unobserved for 1 day(s) between these two fields; intermediate stops are possible and are NOT ruled out,
T7-ELL,2023-07-12,2023-07-22,10,EGLF,Farnborough Airport,1.17,2023-07-12T16:50:02.350000Z,KLAX,Los Angeles International Airport,2.03,2023-07-22T11:17:39.390000Z,airplanes-live,BOTH_HAVE_IT,BOTH_HAVE_IT,9,no,yes,GAP -- aircraft unobserved for 9 day(s) between these two fields; intermediate stops are possible and are NOT ruled out,
N560TW,2023-07-14,2023-07-14,0,KSJC,Mineta San Jose International Airport,0.38,2023-07-14T20:12:40.020000Z,KSNA,John Wayne Orange County International Airport,0.33,2023-07-14T21:15:47.720000Z,airplanes-live,BOTH_HAVE_IT,BOTH_HAVE_IT,0,no,no,direct,
N560TW,2023-07-14,2023-07-14,0,KSNA,John Wayne Orange County International Airport,0.33,2023-07-14T22:08:11.390000Z,KSDL,Scottsdale Airport,0.34,2023-07-14T23:04:51.270000Z,airplanes-live,BOTH_HAVE_IT,BOTH_HAVE_IT,0,no,no,direct,
N560TW,2023-07-14,2023-07-17,3,KSDL,Scottsdale Airport,0.34,2023-07-14T23:05:24.630000Z,KSNA,John Wayne Orange County International Airport,0.43,2023-07-17T16:26:22.060000Z,airplanes-live,BOTH_HAVE_IT,BOTH_HAVE_IT,2,no,yes,GAP -- aircraft unobserved for 2 day(s) between these two fields; intermediate stops are possible and are NOT ruled out,
N582MM,2023-07-14,2023-07-16,2,KGYR,Phoenix Goodyear Airport,0.24,2023-07-14T23:11:49.900000Z,KVNY,Van Nuys Airport,0.64,2023-07-16T20:43:31.070000Z,adsb-lol|airplanes-live,BOTH_HAVE_IT,BOTH_HAVE_IT,1,no,yes,GAP -- aircraft unobserved for 1 day(s) between these two fields; intermediate stops are possible and are NOT ruled out,
CONTROL-LUFTHANSA,2023-07-16,2023-07-24,8,EHAM,Amsterdam Airport Schiphol,0.68,2023-07-16T09:40:59.040000Z,LFBO,Toulouse-Blagnac Airport,0.44,2023-07-24T17:19:49.760000Z,adsb-lol|airplanes-live,BOTH_HAVE_IT,BOTH_HAVE_IT,7,no,yes,GAP -- aircraft unobserved for 7 day(s) between these two fields; intermediate stops are possible and are NOT ruled out,
CONTROL-RYANAIR,2023-07-16,2023-07-24,8,EBBR,Brussels Airport,0.54,2023-07-16T19:51:14.010000Z,EDDB,Berlin Brandenburg Airport,1.01,2023-07-24T06:26:38.150000Z,adsb-lol|airplanes-live,BOTH_HAVE_IT,BOTH_HAVE_IT,7,no,yes,GAP -- aircraft unobserved for 7 day(s) between these two fields; intermediate stops are possible and are NOT ruled out,
N582MM,2023-07-16,2023-07-17,1,KVNY,Van Nuys Airport,0.64,2023-07-16T20:43:34.880000Z,KMSY,Louis Armstrong New Orleans International Airport,0.23,2023-07-17T23:54:43.540000Z,airplanes-live,BOTH_HAVE_IT,BOTH_HAVE_IT,0,no,yes,overnight,
N560TW,2023-07-17,2023-07-17,0,KSNA,John Wayne Orange County International Airport,0.46,2023-07-17T19:48:47.160000Z,KSJC,Mineta San Jose International Airport,0.51,2023-07-17T20:46:36.980000Z,airplanes-live,BOTH_HAVE_IT,BOTH_HAVE_IT,0,no,no,direct,
N560TW,2023-07-17,2023-07-17,0,KSJC,Mineta San Jose International Airport,0.51,2023-07-17T21:15:36.130000Z,KSDL,Scottsdale Airport,0.28,2023-07-17T22:49:48.240000Z,airplanes-live,BOTH_HAVE_IT,BOTH_HAVE_IT,0,no,no,direct,
N582MM,2023-07-17,2023-08-23,37,KMSY,Louis Armstrong New Orleans International Airport,0.23,2023-07-17T23:58:15.930000Z,KFFZ,Falcon Field,0.52,2023-08-23T00:34:38.360000Z,adsb-lol|airplanes-live,BOTH_HAVE_IT,BOTH_HAVE_IT,36,no,yes,GAP -- aircraft unobserved for 36 day(s) between these two fields; intermediate stops are possible and are NOT ruled out,
SU-BND,2023-07-22,2023-07-22,0,HEAL,El Alamein International Airport,0.22,2023-07-22T04:52:48.060000Z,LIRA,Ciampino–G. B. Pastine International Airport,0.72,2023-07-22T08:51:13.420000Z,adsb-lol|airplanes-live,BOTH_HAVE_IT,BOTH_HAVE_IT,0,no,no,direct,
SU-BND,2023-07-22,2024-04-18,271,LIRA,Ciampino–G. B. Pastine International Airport,0.72,2023-07-22T08:54:28.430000Z,LGPZ,Aktion National Airport,3.98,2024-04-18T08:52:06.650000Z,airplanes-live,BOTH_HAVE_IT,BOTH_HAVE_IT,270,no,yes,GAP -- aircraft unobserved for 270 day(s) between these two fields; intermediate stops are possible and are NOT ruled out,
CONTROL-LUFTHANSA,2023-07-24,2023-07-25,1,LFBO,Toulouse-Blagnac Airport,0.65,2023-07-24T19:24:13.190000Z,EDDM,Munich Airport,0.97,2023-07-25T11:45:22.170000Z,adsb-lol|airplanes-live,BOTH_HAVE_IT,BOTH_HAVE_IT,0,no,yes,overnight,
CONTROL-RYANAIR,2023-07-24,2023-07-24,0,EDDB,Berlin Brandenburg Airport,1.4,2023-07-24T08:26:56.510000Z,LEZL,Seville Airport,0.55,2023-07-24T13:41:25.700000Z,airplanes-live,BOTH_HAVE_IT,BOTH_HAVE_IT,0,no,no,direct,
CONTROL-RYANAIR,2023-07-24,2023-07-24,0,LEZL,Seville Airport,0.55,2023-07-24T13:43:09.780000Z,LEBL,Josep Tarradellas Barcelona-El Prat Airport,1.42,2023-07-24T15:30:33.980000Z,airplanes-live,BOTH_HAVE_IT,BOTH_HAVE_IT,0,no,no,direct,
CONTROL-RYANAIR,2023-07-24,2023-07-25,1,LEBL,Josep Tarradellas Barcelona-El Prat Airport,1.5,2023-07-24T20:13:12.010000Z,LIRF,Rome–Fiumicino Leonardo da Vinci International Airport,1.29,2023-07-25T14:04:19.510000Z,adsb-lol|airplanes-live,BOTH_HAVE_IT,BOTH_HAVE_IT,0,no,yes,overnight,
CONTROL-LUFTHANSA,2023-07-25,2023-07-25,0,EDDM,Munich Airport,0.97,2023-07-25T11:45:22.170000Z,EDDL,Düsseldorf Airport,0.94,2023-07-25T12:46:10.380000Z,airplanes-live,BOTH_HAVE_IT,BOTH_HAVE_IT,0,no,no,direct,
CONTROL-LUFTHANSA,2023-07-25,2023-07-25,0,EDDL,Düsseldorf Airport,0.94,2023-07-25T12:51:00.490000Z,EDDM,Munich Airport,1.02,2023-07-25T15:39:16.010000Z,airplanes-live,BOTH_HAVE_IT,BOTH_HAVE_IT,0,no,no,direct,
CONTROL-LUFTHANSA,2023-07-25,2023-08-24,30,EDDM,Munich Airport,1.02,2023-07-25T15:39:16.010000Z,EDDH,Hamburg Helmut Schmidt Airport,0.77,2023-08-24T05:11:19.640000Z,adsb-lol|airplanes-live,BOTH_HAVE_IT,BOTH_HAVE_IT,29,no,yes,GAP -- aircraft unobserved for 29 day(s) between these two fields; intermediate stops are possible and are NOT ruled out,
CONTROL-RYANAIR,2023-07-25,2023-07-26,1,LIRF,Rome–Fiumicino Leonardo da Vinci International Airport,0.65,2023-07-25T15:21:57.480000Z,LEBL,Josep Tarradellas Barcelona-El Prat Airport,0.52,2023-07-26T06:51:14.420000Z,adsb-lol|airplanes-live,BOTH_HAVE_IT,BOTH_HAVE_IT,0,no,yes,overnight,
CONTROL-RYANAIR,2023-07-26,2023-07-26,0,LEBL,Josep Tarradellas Barcelona-El Prat Airport,0.52,2023-07-26T06:53:46.050000Z,LIRF,Rome–Fiumicino Leonardo da Vinci International Airport,1.23,2023-07-26T09:07:56.240000Z,adsb-lol|airplanes-live,BOTH_HAVE_IT,BOTH_HAVE_IT,0,no,no,direct,
CONTROL-RYANAIR,2023-07-26,2023-07-26,0,LIRF,Rome–Fiumicino Leonardo da Vinci International Airport,0.62,2023-07-26T10:46:38.320000Z,LEBL,Josep Tarradellas Barcelona-El Prat Airport,0.61,2023-07-26T12:16:36.220000Z,adsb-lol|airplanes-live,BOTH_HAVE_IT,BOTH_HAVE_IT,0,no,no,direct,
CONTROL-RYANAIR,2023-07-26,2023-08-25,30,LEBL,Josep Tarradellas Barcelona-El Prat Airport,0.77,2023-07-26T22:48:31.910000Z,EGCC,Manchester Airport,0.29,2023-08-25T12:19:25.920000Z,adsb-lol|airplanes-live,BOTH_HAVE_IT,BOTH_HAVE_IT,29,no,yes,GAP -- aircraft unobserved for 29 day(s) between these two fields; intermediate stops are possible and are NOT ruled out,
N560TW,2023-08-01,2023-08-01,0,KSDL,Scottsdale Airport,0.78,2023-08-01T15:20:31.170000Z,KJAC,Jackson Hole Airport,0.48,2023-08-01T16:57:00.510000Z,adsbexchange-samples,HELD_BY_ADSBEXCHANGE-SAMPLES,HELD_BY_ADSBEXCHANGE-SAMPLES,0,yes,no,direct,
N560TW,2023-08-01,2023-08-01,0,KJAC,Jackson Hole Airport,0.48,2023-08-01T17:56:15.260000Z,KSDL,Scottsdale Airport,0.11,2023-08-01T19:33:44.210000Z,adsbexchange-samples,HELD_BY_ADSBEXCHANGE-SAMPLES,HELD_BY_ADSBEXCHANGE-SAMPLES,0,yes,no,direct,
SU-BGM,2023-08-01,2023-10-25,85,HEAZ,Almaza Air Force Base,0.62,2023-08-01T06:06:02.520000Z,HE45,Ras Sedr Airport,3.27,2023-10-25T15:34:12.550000Z,adsbexchange-samples|airplanes-live,HELD_BY_ADSBEXCHANGE-SAMPLES,BOTH_HAVE_IT,84,yes,yes,GAP -- aircraft unobserved for 84 day(s) between these two fields; intermediate stops are possible and are NOT ruled out,
N582MM,2023-08-23,2023-08-23,0,KFFZ,Falcon Field,0.52,2023-08-23T00:39:41.820000Z,KSNA,John Wayne Orange County International Airport,0.48,2023-08-23T01:33:54.840000Z,adsb-lol|airplanes-live,BOTH_HAVE_IT,BOTH_HAVE_IT,0,no,no,direct,
N582MM,2023-08-23,2023-08-24,1,KSNA,John Wayne Orange County International Airport,0.61,2023-08-23T03:06:24.440000Z,KLAS,Harry Reid International Airport,1.72,2023-08-24T17:12:01.180000Z,adsb-lol|airplanes-live,BOTH_HAVE_IT,BOTH_HAVE_IT,0,no,yes,overnight,
CONTROL-LUFTHANSA,2023-08-24,2023-08-24,0,EDDH,Hamburg Helmut Schmidt Airport,0.77,2023-08-24T05:19:33.800000Z,LFBO,Toulouse-Blagnac Airport,0.66,2023-08-24T15:21:13.400000Z,adsb-lol|airplanes-live,BOTH_HAVE_IT,BOTH_HAVE_IT,0,no,no,direct,
CONTROL-LUFTHANSA,2023-08-24,2023-08-25,1,LFBO,Toulouse-Blagnac Airport,0.78,2023-08-24T16:29:01.710000Z,EDDM,Munich Airport,1.07,2023-08-25T05:17:34.940000Z,adsb-lol|airplanes-live,BOTH_HAVE_IT,BOTH_HAVE_IT,0,no,yes,overnight,
N582MM,2023-08-24,2023-08-26,2,KLAS,Harry Reid International Airport,1.76,2023-08-24T19:22:57.300000Z,KMKE,General Mitchell International Airport,0.61,2023-08-26T21:53:03.140000Z,adsb-lol|airplanes-live,BOTH_HAVE_IT,BOTH_HAVE_IT,1,no,yes,GAP -- aircraft unobserved for 1 day(s) between these two fields; intermediate stops are possible and are NOT ruled out,
N888KG,2023-08-24,2023-08-26,2,KPVU,Provo Municipal Airport,1.25,2023-08-24T21:39:32.450000Z,KTUS,Tucson International Airport,0.45,2023-08-26T21:02:10.580000Z,airplanes-live,BOTH_HAVE_IT,BOTH_HAVE_IT,1,no,yes,GAP -- aircraft unobserved for 1 day(s) between these two fields; intermediate stops are possible and are NOT ruled out,
CONTROL-LUFTHANSA,2023-08-25,2023-08-25,0,EDDM,Munich Airport,1.0,2023-08-25T10:46:21.190000Z,EDDV,Hannover Airport,0.68,2023-08-25T11:43:41.780000Z,airplanes-live,BOTH_HAVE_IT,BOTH_HAVE_IT,0,no,no,direct,
CONTROL-LUFTHANSA,2023-08-25,2023-08-25,0,EDDV,Hannover Airport,0.68,2023-08-25T11:44:24.690000Z,EDDM,Munich Airport,0.67,2023-08-25T13:29:26.580000Z,airplanes-live,BOTH_HAVE_IT,BOTH_HAVE_IT,0,no,no,direct,
CONTROL-LUFTHANSA,2023-08-25,2023-08-25,0,EDDM,Munich Airport,1.47,2023-08-25T14:40:09.150000Z,LYBE,Belgrade Nikola Tesla Airport,0.31,2023-08-25T15:43:35.100000Z,airplanes-live,BOTH_HAVE_IT,BOTH_HAVE_IT,0,no,no,direct,
CONTROL-LUFTHANSA,2023-08-25,2023-08-25,0,LYBE,Belgrade Nikola Tesla Airport,0.31,2023-08-25T15:43:35.100000Z,EDDM,Munich Airport,0.98,2023-08-25T17:59:20.010000Z,airplanes-live,BOTH_HAVE_IT,BOTH_HAVE_IT,0,no,no,direct,
CONTROL-LUFTHANSA,2023-08-25,2023-08-25,0,EDDM,Munich Airport,0.98,2023-08-25T18:05:12.110000Z,LKPR,Václav Havel Airport Prague,0.62,2023-08-25T19:40:20.550000Z,airplanes-live,BOTH_HAVE_IT,BOTH_HAVE_IT,0,no,no,direct,
CONTROL-LUFTHANSA,2023-08-25,2023-08-26,1,LKPR,Václav Havel Airport Prague,0.62,2023-08-25T19:40:48.090000Z,LFBO,Toulouse-Blagnac Airport,0.37,2023-08-26T15:25:49.390000Z,adsb-lol|airplanes-live,BOTH_HAVE_IT,BOTH_HAVE_IT,0,no,yes,overnight,
CONTROL-RYANAIR,2023-08-25,2023-08-25,0,EGCC,Manchester Airport,1.7,2023-08-25T18:21:57.290000Z,LEBL,Josep Tarradellas Barcelona-El Prat Airport,0.37,2023-08-25T20:26:19.320000Z,adsb-lol|airplanes-live,BOTH_HAVE_IT,BOTH_HAVE_IT,0,no,no,direct,
CONTROL-RYANAIR,2023-08-25,2023-08-25,0,LEBL,Josep Tarradellas Barcelona-El Prat Airport,0.26,2023-08-25T21:27:06.930000Z,EGCC,Manchester Airport,0.7,2023-08-25T23:27:54.220000Z,adsb-lol|airplanes-live,BOTH_HAVE_IT,BOTH_HAVE_IT,0,no,no,direct,
N40JD,2023-08-25,2023-10-01,37,KTEB,Teterboro Airport,0.65,2023-08-25T20:00:01.450000Z,KTUL,Tulsa International Airport,1.42,2023-10-01T20:14:32.140000Z,adsbexchange-samples|airplanes-live,BOTH_HAVE_IT,BOTH_HAVE_IT,36,no,yes,GAP -- aircraft unobserved for 36 day(s) between these two fields; intermediate stops are possible and are NOT ruled out,
CONTROL-LUFTHANSA,2023-08-26,2023-09-02,7,LFBO,Toulouse-Blagnac Airport,0.61,2023-08-26T16:31:09.610000Z,EDDB,Berlin Brandenburg Airport,0.77,2023-09-02T07:07:34.860000Z,adsb-lol|airplanes-live,BOTH_HAVE_IT,BOTH_HAVE_IT,6,no,yes,GAP -- aircraft unobserved for 6 day(s) between these two fields; intermediate stops are possible and are NOT ruled out,
CONTROL-RYANAIR,2023-08-26,2023-08-26,0,EGCC,Manchester Airport,0.68,2023-08-26T06:18:25.750000Z,EDDB,Berlin Brandenburg Airport,0.79,2023-08-26T07:50:43.670000Z,adsb-lol|airplanes-live,BOTH_HAVE_IT,BOTH_HAVE_IT,0,no,no,direct,
CONTROL-RYANAIR,2023-08-26,2023-08-26,0,EDDB,Berlin Brandenburg Airport,0.79,2023-08-26T08:45:06.930000Z,EGCC,Manchester Airport,0.79,2023-08-26T10:18:13.380000Z,adsb-lol|airplanes-live,BOTH_HAVE_IT,BOTH_HAVE_IT,0,no,no,direct,
CONTROL-RYANAIR,2023-08-26,2023-09-02,7,EGCC,Manchester Airport,0.56,2023-08-26T21:54:58.520000Z,EGSS,London Stansted Airport,0.91,2023-09-02T08:58:56.260000Z,airplanes-live,BOTH_HAVE_IT,BOTH_HAVE_IT,6,no,yes,GAP -- aircraft unobserved for 6 day(s) between these two fields; intermediate stops are possible and are NOT ruled out,
N888KG,2023-08-26,2023-08-26,0,KTUS,Tucson International Airport,0.45,2023-08-26T21:05:35.140000Z,KPVU,Provo Municipal Airport,0.35,2023-08-26T22:51:39.220000Z,airplanes-live,BOTH_HAVE_IT,BOTH_HAVE_IT,0,no,no,direct,
N582MM,2023-08-27,2023-08-27,0,KMKE,General Mitchell International Airport,1.24,2023-08-27T11:59:47.340000Z,KDAL,Dallas Love Field,0.69,2023-08-27T16:03:03.540000Z,adsb-lol|airplanes-live,BOTH_HAVE_IT,BOTH_HAVE_IT,0,no,no,direct,
N582MM,2023-08-27,2023-09-01,5,KDAL,Dallas Love Field,0.69,2023-08-27T16:06:59.390000Z,KMSP,Minneapolis–Saint Paul International Airport / Wold–Chamberlain Field,0.55,2023-09-01T00:00:15.550000Z,adsb-lol|adsbexchange-samples|airplanes-live,BOTH_HAVE_IT,HELD_BY_ADSBEXCHANGE-SAMPLES,4,yes,yes,GAP -- aircraft unobserved for 4 day(s) between these two fields; intermediate stops are possible and are NOT ruled out,
N582MM,2023-09-01,2023-09-01,0,KMSP,Minneapolis–Saint Paul International Airport / Wold–Chamberlain Field,0.55,2023-09-01T00:17:29.420000Z,KMRY,Monterey Regional Airport,0.71,2023-09-01T04:12:48.660000Z,adsbexchange-samples,HELD_BY_ADSBEXCHANGE-SAMPLES,HELD_BY_ADSBEXCHANGE-SAMPLES,0,yes,no,direct,
N582MM,2023-09-01,2023-09-01,0,KMRY,Monterey Regional Airport,0.71,2023-09-01T05:39:19.680000Z,KFFZ,Falcon Field,0.63,2023-09-01T07:18:23.600000Z,adsbexchange-samples,HELD_BY_ADSBEXCHANGE-SAMPLES,HELD_BY_ADSBEXCHANGE-SAMPLES,0,yes,no,direct,
N582MM,2023-09-01,2023-09-14,13,KFFZ,Falcon Field,0.63,2023-09-01T07:21:16.180000Z,KELP,El Paso International Airport,1.07,2023-09-14T01:19:57.700000Z,adsbexchange-samples|airplanes-live,HELD_BY_ADSBEXCHANGE-SAMPLES,BOTH_HAVE_IT,12,yes,yes,GAP -- aircraft unobserved for 12 day(s) between these two fields; intermediate stops are possible and are NOT ruled out,
T7-ELL,2023-09-01,2023-10-18,47,KLAX,Los Angeles International Airport,1.27,2023-09-01T19:05:13.940000Z,EGKB,London Biggin Hill Airport,0.23,2023-10-18T13:51:04.190000Z,adsbexchange-samples|airplanes-live,BOTH_HAVE_IT,BOTH_HAVE_IT,46,no,yes,GAP -- aircraft unobserved for 46 day(s) between these two fields; intermediate stops are possible and are NOT ruled out,
CONTROL-LUFTHANSA,2023-09-02,2023-09-02,0,EDDB,Berlin Brandenburg Airport,0.88,2023-09-02T08:12:44.380000Z,LFBO,Toulouse-Blagnac Airport,0.24,2023-09-02T15:05:00.410000Z,adsb-lol|airplanes-live,BOTH_HAVE_IT,BOTH_HAVE_IT,0,no,no,direct,
CONTROL-LUFTHANSA,2023-09-02,2023-09-03,1,LFBO,Toulouse-Blagnac Airport,0.24,2023-09-02T16:00:08.930000Z,EDDM,Munich Airport,1.14,2023-09-03T07:07:38.800000Z,adsb-lol|airplanes-live,BOTH_HAVE_IT,BOTH_HAVE_IT,0,no,yes,overnight,
CONTROL-RYANAIR,2023-09-02,2023-09-02,0,EGSS,London Stansted Airport,0.91,2023-09-02T09:04:21.700000Z,LKPR,Václav Havel Airport Prague,1.4,2023-09-02T15:56:16.330000Z,airplanes-live,BOTH_HAVE_IT,BOTH_HAVE_IT,0,no,no,direct,
CONTROL-RYANAIR,2023-09-02,2023-09-03,1,LKPR,Václav Havel Airport Prague,1.4,2023-09-02T15:56:16.330000Z,LEMD,Adolfo Suárez Madrid–Barajas Airport,2.94,2023-09-03T06:02:21.470000Z,airplanes-live,BOTH_HAVE_IT,BOTH_HAVE_IT,0,no,yes,overnight,
CONTROL-LUFTHANSA,2023-09-03,2023-09-03,0,EDDM,Munich Airport,1.38,2023-09-03T10:28:58.690000Z,EDDW,Bremen Airport,0.18,2023-09-03T11:22:13.810000Z,airplanes-live,BOTH_HAVE_IT,BOTH_HAVE_IT,0,no,no,direct,
CONTROL-LUFTHANSA,2023-09-03,2023-09-03,0,EDDW,Bremen Airport,0.18,2023-09-03T11:22:55.920000Z,EDDM,Munich Airport,1.2,2023-09-03T13:02:20.890000Z,airplanes-live,BOTH_HAVE_IT,BOTH_HAVE_IT,0,no,no,direct,
CONTROL-LUFTHANSA,2023-09-03,2023-09-03,0,EDDM,Munich Airport,1.2,2023-09-03T13:02:56.100000Z,EDDL,Düsseldorf Airport,0.52,2023-09-03T16:44:05.680000Z,airplanes-live,BOTH_HAVE_IT,BOTH_HAVE_IT,0,no,no,direct,
CONTROL-LUFTHANSA,2023-09-03,2023-09-03,0,EDDL,Düsseldorf Airport,1.17,2023-09-03T17:42:48.580000Z,EDDM,Munich Airport,1.13,2023-09-03T18:34:51.050000Z,airplanes-live,BOTH_HAVE_IT,BOTH_HAVE_IT,0,no,no,direct,
CONTROL-LUFTHANSA,2023-09-03,2023-09-11,8,EDDM,Munich Airport,1.13,2023-09-03T18:35:03.020000Z,EGCC,Manchester Airport,0.53,2023-09-11T16:37:29.230000Z,adsb-lol|airplanes-live,BOTH_HAVE_IT,ONLY_ON_ADSB_LOL,7,yes,yes,GAP -- aircraft unobserved for 7 day(s) between these two fields; intermediate stops are possible and are NOT ruled out,
CONTROL-RYANAIR,2023-09-03,2023-09-03,0,LEMD,Adolfo Suárez Madrid–Barajas Airport,2.94,2023-09-03T08:30:37.850000Z,EGBB,Birmingham Airport,0.57,2023-09-03T14:09:32.710000Z,adsb-lol|airplanes-live,BOTH_HAVE_IT,BOTH_HAVE_IT,0,no,no,direct,
CONTROL-RYANAIR,2023-09-04,2023-09-04,0,EGBB,Birmingham Airport,0.63,2023-09-04T16:55:51.420000Z,LEBL,Josep Tarradellas Barcelona-El Prat Airport,1.42,2023-09-04T18:52:01.860000Z,adsb-lol|airplanes-live,BOTH_HAVE_IT,BOTH_HAVE_IT,0,no,no,direct,
CONTROL-RYANAIR,2023-09-04,2023-09-04,0,LEBL,Josep Tarradellas Barcelona-El Prat Airport,1.42,2023-09-04T18:52:44.890000Z,EGBB,Birmingham Airport,3.56,2023-09-04T21:41:13.120000Z,airplanes-live,BOTH_HAVE_IT,BOTH_HAVE_IT,0,no,no,direct,
CONTROL-LUFTHANSA,2023-09-11,2023-09-19,8,EGCC,Manchester Airport,1.42,2023-09-11T17:44:24.930000Z,LOWW,Vienna International Airport,0.97,2023-09-19T11:08:18.760000Z,adsb-lol|airplanes-live,ONLY_ON_ADSB_LOL,BOTH_HAVE_IT,7,yes,yes,GAP -- aircraft unobserved for 7 day(s) between these two fields; intermediate stops are possible and are NOT ruled out,
CONTROL-RYANAIR,2023-09-11,2023-09-30,19,EGBB,Birmingham Airport,0.84,2023-09-11T14:28:33.160000Z,EDDN,Nuremberg Airport,0.68,2023-09-30T07:52:40.880000Z,adsb-lol|airplanes-live,ONLY_ON_ADSB_LOL,BOTH_HAVE_IT,18,yes,yes,GAP -- aircraft unobserved for 18 day(s) between these two fields; intermediate stops are possible and are NOT ruled out,
N582MM,2023-09-14,2023-09-14,0,KELP,El Paso International Airport,1.48,2023-09-14T18:40:23.500000Z,KSFO,San Francisco International Airport,1.12,2023-09-14T21:02:06.310000Z,adsb-lol|airplanes-live,BOTH_HAVE_IT,BOTH_HAVE_IT,0,no,no,direct,
N582MM,2023-09-14,2023-09-14,0,KSFO,San Francisco International Airport,1.12,2023-09-14T22:15:55.500000Z,KSAN,San Diego International Airport,0.18,2023-09-14T23:22:44.210000Z,adsb-lol|airplanes-live,BOTH_HAVE_IT,BOTH_HAVE_IT,0,no,no,direct,"dest|San Diego,CA|2023-09-15|Charlie|6.5"
N582MM,2023-09-15,2023-09-15,0,KSAN,San Diego International Airport,1.23,2023-09-15T22:16:14.210000Z,KLAS,Harry Reid International Airport,1.41,2023-09-15T23:05:32.120000Z,adsb-lol|airplanes-live,BOTH_HAVE_IT,BOTH_HAVE_IT,0,no,no,direct,"origin|San Diego,CA|2023-09-14|Charlie|6.3"
N582MM,2023-09-17,2023-09-17,0,KLAS,Harry Reid International Airport,1.63,2023-09-17T18:19:01.860000Z,KSAN,San Diego International Airport,0.19,2023-09-17T19:08:53.300000Z,adsb-lol|airplanes-live,BOTH_HAVE_IT,BOTH_HAVE_IT,0,no,no,direct,
N582MM,2023-09-17,2023-09-19,2,KSAN,San Diego International Airport,1.08,2023-09-17T20:56:56.050000Z,KLNS,Lancaster Airport,0.3,2023-09-19T18:46:32.520000Z,adsb-lol|airplanes-live,BOTH_HAVE_IT,BOTH_HAVE_IT,1,no,yes,GAP -- aircraft unobserved for 1 day(s) between these two fields; intermediate stops are possible and are NOT ruled out,
CONTROL-LUFTHANSA,2023-09-19,2023-09-19,0,LOWW,Vienna International Airport,0.97,2023-09-19T11:09:07.360000Z,EDDM,Munich Airport,0.91,2023-09-19T12:46:50.610000Z,airplanes-live,BOTH_HAVE_IT,BOTH_HAVE_IT,0,no,no,direct,
CONTROL-LUFTHANSA,2023-09-19,2023-09-19,0,EDDM,Munich Airport,0.91,2023-09-19T12:48:28.650000Z,EDDL,Düsseldorf Airport,0.65,2023-09-19T14:46:58.440000Z,airplanes-live,BOTH_HAVE_IT,BOTH_HAVE_IT,0,no,no,direct,
CONTROL-LUFTHANSA,2023-09-19,2023-09-30,11,EDDL,Düsseldorf Airport,1.29,2023-09-19T15:44:42.500000Z,LFBO,Toulouse-Blagnac Airport,0.64,2023-09-30T05:40:49.540000Z,adsb-lol|airplanes-live,BOTH_HAVE_IT,BOTH_HAVE_IT,10,no,yes,GAP -- aircraft unobserved for 10 day(s) between these two fields; intermediate stops are possible and are NOT ruled out,
N582MM,2023-09-19,2023-09-20,1,KLNS,Lancaster Airport,0.17,2023-09-19T21:13:45.190000Z,KPHL,Philadelphia International Airport,0.98,2023-09-20T14:45:07.020000Z,adsb-lol|airplanes-live,BOTH_HAVE_IT,BOTH_HAVE_IT,0,no,yes,overnight,
N560TW,2023-09-20,2023-09-21,1,KSDL,Scottsdale Airport,0.73,2023-09-20T13:51:50.450000Z,U45,Graham US Forest Service Airport,1.48,2023-09-21T00:15:39Z,adsb-lol|airplanes-live,BOTH_HAVE_IT,BOTH_HAVE_IT,0,no,yes,overnight,
N582MM,2023-09-20,2023-09-20,0,KPHL,Philadelphia International Airport,0.98,2023-09-20T15:07:36.800000Z,KVRB,Vero Beach Regional Airport,3.89,2023-09-20T20:19:03.370000Z,airplanes-live,BOTH_HAVE_IT,BOTH_HAVE_IT,0,no,no,direct,
N582MM,2023-09-20,2023-09-28,8,KVRB,Vero Beach Regional Airport,3.89,2023-09-20T20:19:03.370000Z,KPHX,Phoenix Sky Harbor International Airport,0.51,2023-09-28T22:43:49.690000Z,airplanes-live,BOTH_HAVE_IT,BOTH_HAVE_IT,7,no,yes,GAP -- aircraft unobserved for 7 day(s) between these two fields; intermediate stops are possible and are NOT ruled out,"dest|Tempe,AZ|2023-09-27|Charlie|5.1"
N560TW,2023-09-21,2023-09-21,0,U45,Graham US Forest Service Airport,1.48,2023-09-21T00:23:16.360000Z,KSDL,Scottsdale Airport,0.12,2023-09-21T01:55:39.520000Z,adsb-lol|airplanes-live,BOTH_HAVE_IT,BOTH_HAVE_IT,0,no,no,direct,
N888KG,2023-09-25,2023-09-25,0,KPVU,Provo Municipal Airport,0.49,2023-09-25T15:41:54.060000Z,KPHL,Philadelphia International Airport,0.87,2023-09-25T19:41:56.220000Z,adsb-lol|airplanes-live,BOTH_HAVE_IT,BOTH_HAVE_IT,0,no,no,direct,
N888KG,2023-09-25,2023-09-26,1,KPHL,Philadelphia International Airport,0.87,2023-09-25T19:42:25.330000Z,KIAD,Washington Dulles International Airport,2.13,2023-09-26T18:39:49.610000Z,adsb-lol|airplanes-live,BOTH_HAVE_IT,BOTH_HAVE_IT,0,no,yes,overnight,
SU-BTV,2023-09-26,2023-10-22,26,KILG,Wilmington Airport,0.56,2023-09-26T11:52:55.360000Z,EGLF,Farnborough Airport,0.76,2023-10-22T07:11:44.590000Z,adsb-lol|airplanes-live,BOTH_HAVE_IT,BOTH_HAVE_IT,25,no,yes,GAP -- aircraft unobserved for 25 day(s) between these two fields; intermediate stops are possible and are NOT ruled out,
N888KG,2023-09-29,2023-09-29,0,KIAD,Washington Dulles International Airport,0.2,2023-09-29T18:22:46.920000Z,KPVU,Provo Municipal Airport,0.13,2023-09-29T22:12:21.010000Z,adsb-lol|airplanes-live,BOTH_HAVE_IT,BOTH_HAVE_IT,0,no,no,direct,
CONTROL-LUFTHANSA,2023-09-30,2023-10-11,11,LFBO,Toulouse-Blagnac Airport,0.64,2023-09-30T05:56:48.220000Z,EDDM,Munich Airport,1.02,2023-10-11T08:32:23.410000Z,adsb-lol|airplanes-live,BOTH_HAVE_IT,BOTH_HAVE_IT,10,no,yes,GAP -- aircraft unobserved for 10 day(s) between these two fields; intermediate stops are possible and are NOT ruled out,
CONTROL-RYANAIR,2023-09-30,2023-09-30,0,EDDN,Nuremberg Airport,0.68,2023-09-30T07:53:45.820000Z,LIRA,Ciampino–G. B. Pastine International Airport,0.36,2023-09-30T12:44:33.870000Z,adsb-lol|airplanes-live,BOTH_HAVE_IT,BOTH_HAVE_IT,0,no,no,direct,
CONTROL-RYANAIR,2023-09-30,2023-09-30,0,LIRA,Ciampino–G. B. Pastine International Airport,0.36,2023-09-30T13:33:05.570000Z,LGTS,Thessaloniki Macedonia International Airport,0.82,2023-09-30T14:58:02.450000Z,adsb-lol|airplanes-live,BOTH_HAVE_IT,BOTH_HAVE_IT,0,no,no,direct,
CONTROL-RYANAIR,2023-09-30,2023-09-30,0,LGTS,Thessaloniki Macedonia International Airport,0.82,2023-09-30T14:58:02.450000Z,LLBG,Ben Gurion International Airport,1.36,2023-09-30T17:56:24.110000Z,airplanes-live,BOTH_HAVE_IT,BOTH_HAVE_IT,0,no,no,direct,
CONTROL-RYANAIR,2023-09-30,2023-09-30,0,LLBG,Ben Gurion International Airport,1.36,2023-09-30T18:04:11.690000Z,LGTS,Thessaloniki Macedonia International Airport,0.51,2023-09-30T22:12:55.180000Z,airplanes-live,BOTH_HAVE_IT,BOTH_HAVE_IT,0,no,no,direct,
CONTROL-RYANAIR,2023-09-30,2023-10-11,11,LGTS,Thessaloniki Macedonia International Airport,0.51,2023-09-30T22:12:55.180000Z,EPWR,Copernicus Wrocław Airport,0.55,2023-10-11T06:48:22.970000Z,airplanes-live,BOTH_HAVE_IT,BOTH_HAVE_IT,10,no,yes,GAP -- aircraft unobserved for 10 day(s) between these two fields; intermediate stops are possible and are NOT ruled out,
N40JD,2023-10-01,2024-10-25,390,KTUL,Tulsa International Airport,1.12,2023-10-01T21:06:55.610000Z,KSDL,Scottsdale Airport,0.2,2024-10-25T19:24:10.010000Z,adsb-lol|adsbexchange-samples|airplanes-live,BOTH_HAVE_IT,BOTH_HAVE_IT,389,no,yes,GAP -- aircraft unobserved for 389 day(s) between these two fields; intermediate stops are possible and are NOT ruled out,
N560TW,2023-10-01,2023-10-01,0,KSDL,Scottsdale Airport,0.61,2023-10-01T14:35:46.700000Z,KVNY,Van Nuys Airport,0.8,2023-10-01T15:45:28.720000Z,adsb-lol|adsbexchange-samples|airplanes-live,BOTH_HAVE_IT,BOTH_HAVE_IT,0,no,no,direct,
N560TW,2023-10-01,2023-10-01,0,KVNY,Van Nuys Airport,0.8,2023-10-01T16:50:46.990000Z,KSDL,Scottsdale Airport,0.11,2023-10-01T17:50:06.530000Z,adsb-lol|adsbexchange-samples|airplanes-live,BOTH_HAVE_IT,BOTH_HAVE_IT,0,no,no,direct,
N59906,2023-10-01,2023-11-01,31,KRBD,Dallas Executive Airport,0.47,2023-10-01T17:57:36.970000Z,KHYI,San Marcos Regional Airport,1.17,2023-11-01T15:40:13.330000Z,adsbexchange-samples,HELD_BY_ADSBEXCHANGE-SAMPLES,HELD_BY_ADSBEXCHANGE-SAMPLES,30,yes,yes,GAP -- aircraft unobserved for 30 day(s) between these two fields; intermediate stops are possible and are NOT ruled out,
N582MM,2023-10-08,2023-10-08,0,KPHX,Phoenix Sky Harbor International Airport,2.11,2023-10-08T15:55:36.450000Z,KSDL,Scottsdale Airport,1.07,2023-10-08T16:47:31.760000Z,adsb-lol|airplanes-live,BOTH_HAVE_IT,BOTH_HAVE_IT,0,no,no,direct,
N582MM,2023-10-08,2023-10-09,1,KSDL,Scottsdale Airport,1.07,2023-10-08T16:49:28.180000Z,KDAL,Dallas Love Field,1.35,2023-10-09T17:47:40.640000Z,adsb-lol|airplanes-live,BOTH_HAVE_IT,BOTH_HAVE_IT,0,no,yes,overnight,
N582MM,2023-10-09,2023-10-09,0,KDAL,Dallas Love Field,1.35,2023-10-09T17:50:29.730000Z,KMSP,Minneapolis–Saint Paul International Airport / Wold–Chamberlain Field,0.48,2023-10-09T19:47:39.870000Z,adsb-lol|airplanes-live,BOTH_HAVE_IT,BOTH_HAVE_IT,0,no,no,direct,
N582MM,2023-10-09,2023-10-14,5,KMSP,Minneapolis–Saint Paul International Airport / Wold–Chamberlain Field,0.48,2023-10-09T21:41:25.550000Z,KFTW,Fort Worth Meacham International Airport,0.32,2023-10-14T02:48:43.620000Z,adsb-lol|airplanes-live,BOTH_HAVE_IT,BOTH_HAVE_IT,4,no,yes,GAP -- aircraft unobserved for 4 day(s) between these two fields; intermediate stops are possible and are NOT ruled out,
CONTROL-LUFTHANSA,2023-10-11,2024-01-09,90,EDDM,Munich Airport,1.02,2023-10-11T08:32:23.410000Z,EDDK,Cologne Bonn Airport,1.91,2024-01-09T08:19:49.200000Z,airplanes-live,BOTH_HAVE_IT,BOTH_HAVE_IT,89,no,yes,GAP -- aircraft unobserved for 89 day(s) between these two fields; intermediate stops are possible and are NOT ruled out,
CONTROL-RYANAIR,2023-10-11,2023-10-11,0,EPWR,Copernicus Wrocław Airport,0.55,2023-10-11T07:24:21.720000Z,EGGD,Bristol Airport,1.03,2023-10-11T12:59:58.820000Z,adsb-lol|airplanes-live,BOTH_HAVE_IT,BOTH_HAVE_IT,0,no,no,direct,
CONTROL-RYANAIR,2023-10-11,2023-10-20,9,EGGD,Bristol Airport,1.03,2023-10-11T13:01:36.690000Z,EGCC,Manchester Airport,1.24,2023-10-20T15:36:24.320000Z,adsb-lol|airplanes-live,BOTH_HAVE_IT,BOTH_HAVE_IT,8,no,yes,GAP -- aircraft unobserved for 8 day(s) between these two fields; intermediate stops are possible and are NOT ruled out,
SU-BTU,2023-10-13,2023-10-19,6,KILG,Wilmington Airport,0.72,2023-10-13T16:29:09.230000Z,LGKR,Corfu Ioannis Kapodistrias International Airport,2.85,2023-10-19T03:43:17.560000Z,adsb-lol|airplanes-live,BOTH_HAVE_IT,BOTH_HAVE_IT,5,no,yes,GAP -- aircraft unobserved for 5 day(s) between these two fields; intermediate stops are possible and are NOT ruled out,
N582MM,2023-10-14,2023-10-14,0,KFTW,Fort Worth Meacham International Airport,0.32,2023-10-14T02:50:52.780000Z,KORL,Orlando Executive Airport,0.44,2023-10-14T07:03:27.060000Z,adsb-lol|airplanes-live,BOTH_HAVE_IT,BOTH_HAVE_IT,0,no,no,direct,
N582MM,2023-10-14,2023-10-18,4,KORL,Orlando Executive Airport,0.44,2023-10-14T07:07:09.170000Z,KFTW,Fort Worth Meacham International Airport,1.14,2023-10-18T15:46:50.550000Z,adsb-lol|airplanes-live,BOTH_HAVE_IT,BOTH_HAVE_IT,3,no,yes,GAP -- aircraft unobserved for 3 day(s) between these two fields; intermediate stops are possible and are NOT ruled out,
N560TW,2023-10-16,2023-10-16,0,KSDL,Scottsdale Airport,0.49,2023-10-16T13:52:30.760000Z,KGTU,Georgetown Executive Airport at Johnny Gantt Field,0.17,2023-10-16T15:45:15.720000Z,adsb-lol|airplanes-live,BOTH_HAVE_IT,BOTH_HAVE_IT,0,no,no,direct,
N560TW,2023-10-16,2023-10-17,1,KGTU,Georgetown Executive Airport at Johnny Gantt Field,0.23,2023-10-16T21:28:07.850000Z,2TA3,Triangle Ranch Private Airport,2.99,2023-10-17T21:36:45.610000Z,adsb-lol|airplanes-live,BOTH_HAVE_IT,BOTH_HAVE_IT,0,no,yes,overnight,
N560TW,2023-10-17,2023-10-17,0,2TA3,Triangle Ranch Private Airport,2.99,2023-10-17T21:37:06.350000Z,KSDL,Scottsdale Airport,0.21,2023-10-17T22:51:05.760000Z,adsb-lol|airplanes-live,BOTH_HAVE_IT,BOTH_HAVE_IT,0,no,no,direct,
N888KG,2023-10-17,2023-10-18,1,KPVU,Provo Municipal Airport,0.41,2023-10-17T14:42:41.680000Z,KXNA,Northwest Arkansas National Airport,1.11,2023-10-18T15:18:44.830000Z,adsb-lol|airplanes-live,BOTH_HAVE_IT,BOTH_HAVE_IT,0,no,yes,overnight,
N582MM,2023-10-18,2023-10-18,0,KFTW,Fort Worth Meacham International Airport,1.14,2023-10-18T15:47:58.470000Z,KMDW,Chicago Midway International Airport,0.71,2023-10-18T17:41:52.010000Z,adsb-lol|airplanes-live,BOTH_HAVE_IT,BOTH_HAVE_IT,0,no,no,direct,
N582MM,2023-10-18,2023-10-19,1,KMDW,Chicago Midway International Airport,0.63,2023-10-18T19:09:49.760000Z,KAPA,Centennial Airport,0.35,2023-10-19T23:35:35.570000Z,adsb-lol|airplanes-live,BOTH_HAVE_IT,BOTH_HAVE_IT,0,no,yes,overnight,
N888KG,2023-10-18,2023-10-18,0,KXNA,Northwest Arkansas National Airport,1.11,2023-10-18T15:22:56.100000Z,KPVU,Provo Municipal Airport,0.25,2023-10-18T17:34:36.580000Z,adsb-lol|airplanes-live,BOTH_HAVE_IT,BOTH_HAVE_IT,0,no,no,direct,
N888KG,2023-10-18,2023-10-18,0,KPVU,Provo Municipal Airport,0.25,2023-10-18T19:09:57.410000Z,MMPR,Puerto Vallarta International Airport,0.24,2023-10-18T22:06:42.490000Z,adsb-lol|airplanes-live,BOTH_HAVE_IT,BOTH_HAVE_IT,0,no,no,direct,
N888KG,2023-10-18,2023-10-26,8,MMPR,Puerto Vallarta International Airport,0.24,2023-10-18T22:10:12.190000Z,KTUS,Tucson International Airport,0.24,2023-10-26T00:36:53.760000Z,adsb-lol|airplanes-live,BOTH_HAVE_IT,BOTH_HAVE_IT,7,no,yes,GAP -- aircraft unobserved for 7 day(s) between these two fields; intermediate stops are possible and are NOT ruled out,
T7-ELL,2023-10-18,2023-10-18,0,EGKB,London Biggin Hill Airport,0.23,2023-10-18T14:15:20.500000Z,LTBA,İstanbul Atatürk Airport,0.18,2023-10-18T17:11:21.150000Z,airplanes-live,BOTH_HAVE_IT,BOTH_HAVE_IT,0,no,no,direct,
N560TW,2023-10-19,2023-10-19,0,KSDL,Scottsdale Airport,0.58,2023-10-19T17:04:51.040000Z,KPIR,Pierre Regional Airport,0.58,2023-10-19T19:49:27.760000Z,adsb-lol|airplanes-live,BOTH_HAVE_IT,BOTH_HAVE_IT,0,no,no,direct,
N560TW,2023-10-19,2023-10-23,4,KPIR,Pierre Regional Airport,0.58,2023-10-19T19:51:08.460000Z,KSDL,Scottsdale Airport,0.19,2023-10-23T15:43:38.020000Z,adsb-lol|airplanes-live,BOTH_HAVE_IT,BOTH_HAVE_IT,3,no,yes,GAP -- aircraft unobserved for 3 day(s) between these two fields; intermediate stops are possible and are NOT ruled out,
SU-BTU,2023-10-19,2023-10-19,0,LGKR,Corfu Ioannis Kapodistrias International Airport,2.85,2023-10-19T03:43:17.560000Z,EGLF,Farnborough Airport,0.91,2023-10-19T06:35:48.890000Z,airplanes-live,BOTH_HAVE_IT,BOTH_HAVE_IT,0,no,no,direct,
SU-BTU,2023-10-19,2024-12-01,409,EGLF,Farnborough Airport,0.91,2023-10-19T06:36:09.790000Z,KLNK,Lincoln Airport,1.25,2024-12-01T14:13:45.120000Z,adsbexchange-samples|airplanes-live,BOTH_HAVE_IT,HELD_BY_ADSBEXCHANGE-SAMPLES,408,yes,yes,GAP -- aircraft unobserved for 408 day(s) between these two fields; intermediate stops are possible and are NOT ruled out,
CONTROL-RYANAIR,2023-10-20,2023-11-08,19,EGCC,Manchester Airport,1.24,2023-10-20T15:37:55.990000Z,EGSS,London Stansted Airport,1.77,2023-11-08T15:42:09.970000Z,adsb-lol|airplanes-live,BOTH_HAVE_IT,BOTH_HAVE_IT,18,no,yes,GAP -- aircraft unobserved for 18 day(s) between these two fields; intermediate stops are possible and are NOT ruled out,
N582MM,2023-10-20,2023-10-20,0,KAPA,Centennial Airport,0.33,2023-10-20T15:57:31.420000Z,KSAN,San Diego International Airport,0.64,2023-10-20T18:05:34.620000Z,adsb-lol|airplanes-live,BOTH_HAVE_IT,BOTH_HAVE_IT,0,no,no,direct,
N582MM,2023-10-20,2023-10-20,0,KSAN,San Diego International Airport,0.64,2023-10-20T19:08:52.770000Z,KDAL,Dallas Love Field,1.02,2023-10-20T21:52:01.710000Z,adsb-lol|airplanes-live,BOTH_HAVE_IT,BOTH_HAVE_IT,0,no,no,direct,
N582MM,2023-10-20,2023-10-21,1,KDAL,Dallas Love Field,1.02,2023-10-20T22:31:32.770000Z,KAPA,Centennial Airport,0.73,2023-10-21T00:08:18.640000Z,adsb-lol|airplanes-live,BOTH_HAVE_IT,BOTH_HAVE_IT,0,no,yes,overnight,
T7-ELL,2023-10-22,2023-11-16,25,LTBA,İstanbul Atatürk Airport,0.77,2023-10-22T15:46:46.550000Z,SWNE,Nelson Saldanha Airport,1.83,2023-11-16T18:44:45.790000Z,airplanes-live,BOTH_HAVE_IT,BOTH_HAVE_IT,24,no,yes,GAP -- aircraft unobserved for 24 day(s) between these two fields; intermediate stops are possible and are NOT ruled out,
N560TW,2023-10-23,2023-10-25,2,KSDL,Scottsdale Airport,0.19,2023-10-23T16:03:59.440000Z,KBLI,Bellingham International Airport,1.01,2023-10-25T18:02:33.500000Z,adsb-lol|airplanes-live,BOTH_HAVE_IT,BOTH_HAVE_IT,1,no,yes,GAP -- aircraft unobserved for 1 day(s) between these two fields; intermediate stops are possible and are NOT ruled out,
N582MM,2023-10-23,2023-10-23,0,KAPA,Centennial Airport,1.28,2023-10-23T02:58:53.570000Z,KPHX,Phoenix Sky Harbor International Airport,1.46,2023-10-23T04:31:13.980000Z,adsb-lol|airplanes-live,BOTH_HAVE_IT,BOTH_HAVE_IT,0,no,no,direct,
SU-BTV,2023-10-24,2024-05-22,211,EGLF,Farnborough Airport,1.12,2023-10-24T13:32:45.820000Z,HEGN,Hurghada International Airport,3.85,2024-05-22T06:32:39.560000Z,airplanes-live,BOTH_HAVE_IT,BOTH_HAVE_IT,210,no,yes,GAP -- aircraft unobserved for 210 day(s) between these two fields; intermediate stops are possible and are NOT ruled out,
N560TW,2023-10-25,2023-10-25,0,KBLI,Bellingham International Airport,1.01,2023-10-25T18:03:10.650000Z,US-6981,Dick Palmer Airport,0.71,2023-10-25T19:55:53.260000Z,adsb-lol|airplanes-live,BOTH_HAVE_IT,BOTH_HAVE_IT,0,no,no,direct,
N560TW,2023-10-25,2023-10-25,0,US-6981,Dick Palmer Airport,0.71,2023-10-25T19:55:53.260000Z,KSDL,Scottsdale Airport,0.11,2023-10-25T20:41:42.430000Z,adsb-lol|airplanes-live,BOTH_HAVE_IT,BOTH_HAVE_IT,0,no,no,direct,
SU-BGM,2023-10-25,2023-12-19,55,HE45,Ras Sedr Airport,3.27,2023-10-25T15:34:18.560000Z,LBSF,Sofia Airport,1.68,2023-12-19T10:59:43.010000Z,airplanes-live,BOTH_HAVE_IT,BOTH_HAVE_IT,54,no,yes,GAP -- aircraft unobserved for 54 day(s) between these two fields; intermediate stops are possible and are NOT ruled out,
N888KG,2023-10-26,2023-10-26,0,KTUS,Tucson International Airport,0.24,2023-10-26T00:39:20.420000Z,KPVU,Provo Municipal Airport,0.27,2023-10-26T01:50:14.790000Z,adsb-lol|airplanes-live,BOTH_HAVE_IT,BOTH_HAVE_IT,0,no,no,direct,
N582MM,2023-10-27,2023-10-27,0,KPHX,Phoenix Sky Harbor International Airport,1.92,2023-10-27T14:53:58Z,KCOU,Columbia Regional Airport,0.74,2023-10-27T19:54:32.350000Z,adsb-lol|airplanes-live,BOTH_HAVE_IT,BOTH_HAVE_IT,0,no,no,direct,
N582MM,2023-10-27,2023-11-07,11,KCOU,Columbia Regional Airport,0.74,2023-10-27T20:44:16.120000Z,KIAD,Washington Dulles International Airport,1.5,2023-11-07T14:43:36.580000Z,adsb-lol|airplanes-live,BOTH_HAVE_IT,BOTH_HAVE_IT,10,no,yes,GAP -- aircraft unobserved for 10 day(s) between these two fields; intermediate stops are possible and are NOT ruled out,
N888KG,2023-10-27,2023-10-27,0,KPVU,Provo Municipal Airport,0.74,2023-10-27T14:56:42.410000Z,CYHZ,Halifax / Stanfield International Airport,2.25,2023-10-27T19:19:21.720000Z,adsb-lol|airplanes-live,BOTH_HAVE_IT,BOTH_HAVE_IT,0,no,no,direct,
N888KG,2023-10-27,2023-12-01,35,CYHZ,Halifax / Stanfield International Airport,1.51,2023-10-27T23:57:16.240000Z,KPVU,Provo Municipal Airport,0.25,2023-12-01T16:40:37.740000Z,adsbexchange-samples|airplanes-live,BOTH_HAVE_IT,HELD_BY_ADSBEXCHANGE-SAMPLES,34,yes,yes,GAP -- aircraft unobserved for 34 day(s) between these two fields; intermediate stops are possible and are NOT ruled out,
N1098L,2023-11-01,2023-11-01,0,KBIF,Biggs Army Air Field (Fort Bliss),1.94,2023-11-01T15:48:28.020000Z,4SD4,Dan's Airport,0.88,2023-11-01T17:36:41.820000Z,adsbexchange-samples,HELD_BY_ADSBEXCHANGE-SAMPLES,HELD_BY_ADSBEXCHANGE-SAMPLES,0,yes,no,direct,
N1098L,2023-11-01,2023-11-01,0,4SD4,Dan's Airport,0.88,2023-11-01T17:51:55.300000Z,KRNO,Reno Tahoe International Airport,0.25,2023-11-01T19:47:42.880000Z,adsbexchange-samples,HELD_BY_ADSBEXCHANGE-SAMPLES,HELD_BY_ADSBEXCHANGE-SAMPLES,0,yes,no,direct,
N1098L,2023-11-01,2023-11-01,0,KRNO,Reno Tahoe International Airport,1.27,2023-11-01T21:27:58.620000Z,KBIF,Biggs Army Air Field (Fort Bliss),1.22,2023-11-01T23:14:01.820000Z,adsbexchange-samples,HELD_BY_ADSBEXCHANGE-SAMPLES,HELD_BY_ADSBEXCHANGE-SAMPLES,0,yes,no,direct,
N2100L,2023-11-01,2023-11-01,0,KBIF,Biggs Army Air Field (Fort Bliss),1.94,2023-11-01T16:20:00.890000Z,KGSO,Piedmont Triad International Airport,0.24,2023-11-01T19:57:50.960000Z,adsbexchange-samples,HELD_BY_ADSBEXCHANGE-SAMPLES,HELD_BY_ADSBEXCHANGE-SAMPLES,0,yes,no,direct,
N2100L,2023-11-01,2023-12-01,30,KGSO,Piedmont Triad International Airport,0.24,2023-11-01T20:21:43.860000Z,KBIF,Biggs Army Air Field (Fort Bliss),0.09,2023-12-01T21:00:27.620000Z,adsbexchange-samples,HELD_BY_ADSBEXCHANGE-SAMPLES,HELD_BY_ADSBEXCHANGE-SAMPLES,29,yes,yes,GAP -- aircraft unobserved for 29 day(s) between these two fields; intermediate stops are possible and are NOT ruled out,
N59906,2023-11-01,2023-11-01,0,KHYI,San Marcos Regional Airport,1.17,2023-11-01T15:40:15.630000Z,KCRP,Corpus Christi International Airport,0.28,2023-11-01T21:15:02.750000Z,adsbexchange-samples,HELD_BY_ADSBEXCHANGE-SAMPLES,HELD_BY_ADSBEXCHANGE-SAMPLES,0,yes,no,direct,
N59906,2023-11-01,2024-11-01,366,KCRP,Corpus Christi International Airport,0.28,2023-11-01T21:20:32.770000Z,KASG,Springdale Municipal Airport,0.3,2024-11-01T15:22:15.680000Z,adsbexchange-samples,HELD_BY_ADSBEXCHANGE-SAMPLES,HELD_BY_ADSBEXCHANGE-SAMPLES,365,yes,yes,GAP -- aircraft unobserved for 365 day(s) between these two fields; intermediate stops are possible and are NOT ruled out,
N582MM,2023-11-07,2023-11-07,0,KIAD,Washington Dulles International Airport,2.04,2023-11-07T16:02:44.990000Z,KSLC,Salt Lake City International Airport,2.07,2023-11-07T21:28:41.060000Z,adsb-lol|airplanes-live,BOTH_HAVE_IT,BOTH_HAVE_IT,0,no,no,direct,
N582MM,2023-11-07,2023-11-08,1,KSLC,Salt Lake City International Airport,1.89,2023-11-07T22:43:21.530000Z,KPHX,Phoenix Sky Harbor International Airport,1.77,2023-11-08T00:06:12.250000Z,adsb-lol|airplanes-live,BOTH_HAVE_IT,BOTH_HAVE_IT,0,no,yes,overnight,
CONTROL-RYANAIR,2023-11-08,2023-12-18,40,EGSS,London Stansted Airport,1.77,2023-11-08T15:42:09.970000Z,LRCL,Avram Iancu Cluj International Airport,0.58,2023-12-18T10:56:35.390000Z,airplanes-live,BOTH_HAVE_IT,BOTH_HAVE_IT,39,no,yes,GAP -- aircraft unobserved for 39 day(s) between these two fields; intermediate stops are possible and are NOT ruled out,
N582MM,2023-11-08,2023-11-10,2,KPHX,Phoenix Sky Harbor International Airport,1.77,2023-11-08T00:09:06.470000Z,KLWM,Lawrence Municipal Airport,0.46,2023-11-10T00:51:07.970000Z,adsb-lol|airplanes-live,BOTH_HAVE_IT,BOTH_HAVE_IT,1,no,yes,GAP -- aircraft unobserved for 1 day(s) between these two fields; intermediate stops are possible and are NOT ruled out,
N582MM,2023-11-10,2023-12-14,34,KLWM,Lawrence Municipal Airport,0.46,2023-11-10T00:51:07.970000Z,KLAS,Harry Reid International Airport,1.15,2023-12-14T05:28:00.750000Z,adsb-lol|airplanes-live,BOTH_HAVE_IT,BOTH_HAVE_IT,33,no,yes,GAP -- aircraft unobserved for 33 day(s) between these two fields; intermediate stops are possible and are NOT ruled out,
T7-ELL,2023-11-16,2024-03-19,124,SWNE,Nelson Saldanha Airport,1.83,2023-11-16T18:44:45.790000Z,LOWW,Vienna International Airport,0.53,2024-03-19T10:35:43.910000Z,adsb-lol|airplanes-live,BOTH_HAVE_IT,BOTH_HAVE_IT,123,no,yes,GAP -- aircraft unobserved for 123 day(s) between these two fields; intermediate stops are possible and are NOT ruled out,
N560TW,2023-12-01,2023-12-01,0,KSDL,Scottsdale Airport,0.33,2023-12-01T16:08:11.920000Z,KCRQ,McClellan-Palomar Airport,0.25,2023-12-01T17:06:28Z,adsbexchange-samples,HELD_BY_ADSBEXCHANGE-SAMPLES,HELD_BY_ADSBEXCHANGE-SAMPLES,0,yes,no,direct,
N560TW,2023-12-01,2023-12-01,0,KCRQ,McClellan-Palomar Airport,0.25,2023-12-01T17:42:25.120000Z,KSDL,Scottsdale Airport,0.11,2023-12-01T18:33:47.910000Z,adsbexchange-samples,HELD_BY_ADSBEXCHANGE-SAMPLES,HELD_BY_ADSBEXCHANGE-SAMPLES,0,yes,no,direct,
N888KG,2023-12-01,2023-12-01,0,KPVU,Provo Municipal Airport,0.25,2023-12-01T17:31:56.960000Z,KRDU,Raleigh-Durham International Airport,0.39,2023-12-01T20:55:26.690000Z,adsbexchange-samples,HELD_BY_ADSBEXCHANGE-SAMPLES,HELD_BY_ADSBEXCHANGE-SAMPLES,0,yes,no,direct,
N888KG,2023-12-01,2023-12-21,20,KRDU,Raleigh-Durham International Airport,0.39,2023-12-01T21:02:15.380000Z,KPVU,Provo Municipal Airport,0.17,2023-12-21T16:28:45.670000Z,adsb-lol|adsbexchange-samples|airplanes-live,HELD_BY_ADSBEXCHANGE-SAMPLES,BOTH_HAVE_IT,19,yes,yes,GAP -- aircraft unobserved for 19 day(s) between these two fields; intermediate stops are possible and are NOT ruled out,
N582MM,2023-12-14,2023-12-14,0,KLAS,Harry Reid International Airport,1.15,2023-12-14T05:30:42.950000Z,KHND,Henderson Executive Airport,0.59,2023-12-14T06:17:09.510000Z,adsb-lol|airplanes-live,BOTH_HAVE_IT,BOTH_HAVE_IT,0,no,no,direct,
N582MM,2023-12-14,2023-12-16,2,KHND,Henderson Executive Airport,0.59,2023-12-14T06:17:42.020000Z,KSDL,Scottsdale Airport,0.42,2023-12-16T16:44:57.860000Z,adsb-lol|airplanes-live,BOTH_HAVE_IT,BOTH_HAVE_IT,1,no,yes,GAP -- aircraft unobserved for 1 day(s) between these two fields; intermediate stops are possible and are NOT ruled out,"dest|Phoenix,AZ|2023-12-16|Charlie|11.1"
N582MM,2023-12-17,2023-12-18,1,KSDL,Scottsdale Airport,0.37,2023-12-17T05:29:30.750000Z,KPHX,Phoenix Sky Harbor International Airport,2.02,2023-12-18T15:13:54.980000Z,adsb-lol|airplanes-live,BOTH_HAVE_IT,BOTH_HAVE_IT,0,no,yes,overnight,"origin|Phoenix,AZ|2023-12-16|Charlie|10.7"
CONTROL-RYANAIR,2023-12-18,2023-12-18,0,LRCL,Avram Iancu Cluj International Airport,0.58,2023-12-18T11:10:28.700000Z,EGSS,London Stansted Airport,0.21,2023-12-18T14:56:53.340000Z,airplanes-live,BOTH_HAVE_IT,BOTH_HAVE_IT,0,no,no,direct,
CONTROL-RYANAIR,2023-12-18,2024-01-10,23,EGSS,London Stansted Airport,0.39,2023-12-18T23:45:17.750000Z,,,,2024-01-10T15:19:07.080000Z,airplanes-live,BOTH_HAVE_IT,BOTH_HAVE_IT,22,no,yes,GAP -- aircraft unobserved for 22 day(s) between these two fields; intermediate stops are possible and are NOT ruled out,
N582MM,2023-12-18,2023-12-18,0,KPHX,Phoenix Sky Harbor International Airport,1.8,2023-12-18T18:49:45.010000Z,KRIF,Richfield Municipal Airport,4.28,2023-12-18T19:36:12.670000Z,adsb-lol|airplanes-live,BOTH_HAVE_IT,BOTH_HAVE_IT,0,no,no,direct,"origin|Phoenix,AZ|2023-12-17|Charlie|10.7"
N582MM,2023-12-18,2023-12-18,0,KRIF,Richfield Municipal Airport,4.28,2023-12-18T19:36:15.840000Z,99MT,Fox Field,1.07,2023-12-18T22:39:31.030000Z,airplanes-live,BOTH_HAVE_IT,BOTH_HAVE_IT,0,no,no,direct,
N582MM,2023-12-18,2023-12-18,0,99MT,Fox Field,1.07,2023-12-18T22:39:31.030000Z,KBFI,King County International Airport - Boeing Field,0.02,2023-12-18T23:53:15.110000Z,adsb-lol|airplanes-live,BOTH_HAVE_IT,BOTH_HAVE_IT,0,no,no,direct,
N582MM,2023-12-19,2023-12-19,0,KBFI,King County International Airport - Boeing Field,1.61,2023-12-19T18:47:35.100000Z,KDVT,Phoenix Deer Valley Airport,0.29,2023-12-19T21:13:57.650000Z,adsb-lol|airplanes-live,BOTH_HAVE_IT,BOTH_HAVE_IT,0,no,no,direct,"dest|Phoenix,AZ|2023-12-18|Charlie|7.9"
N582MM,2023-12-19,2023-12-20,1,KDVT,Phoenix Deer Valley Airport,0.29,2023-12-19T21:13:57.650000Z,KSAT,San Antonio International Airport,0.37,2023-12-20T00:16:44.750000Z,adsb-lol|airplanes-live,BOTH_HAVE_IT,BOTH_HAVE_IT,0,no,yes,overnight,"origin|Phoenix,AZ|2023-12-18|Charlie|7.9"
SU-BGM,2023-12-19,2024-06-03,167,LBSF,Sofia Airport,1.68,2023-12-19T11:04:57.200000Z,LRBS,Bucharest Băneasa Aurel Vlaicu International Airport,0.22,2024-06-03T07:29:40.780000Z,airplanes-live,BOTH_HAVE_IT,BOTH_HAVE_IT,166,no,yes,GAP -- aircraft unobserved for 166 day(s) between these two fields; intermediate stops are possible and are NOT ruled out,
N582MM,2023-12-20,2023-12-20,0,KSAT,San Antonio International Airport,0.37,2023-12-20T00:18:09.760000Z,KDRO,Durango La Plata County Airport,0.72,2023-12-20T03:04:22.600000Z,airplanes-live,BOTH_HAVE_IT,BOTH_HAVE_IT,0,no,no,direct,
N582MM,2023-12-20,2023-12-21,1,KDRO,Durango La Plata County Airport,0.72,2023-12-20T03:06:19.030000Z,KTEB,Teterboro Airport,0.69,2023-12-21T17:29:52.520000Z,airplanes-live,BOTH_HAVE_IT,BOTH_HAVE_IT,0,no,yes,overnight,
N582MM,2023-12-21,2024-01-01,11,KTEB,Teterboro Airport,0.25,2023-12-21T19:14:17.580000Z,KIAD,Washington Dulles International Airport,1.5,2024-01-01T04:11:46.220000Z,adsbexchange-samples|airplanes-live,BOTH_HAVE_IT,HELD_BY_ADSBEXCHANGE-SAMPLES,10,yes,yes,GAP -- aircraft unobserved for 10 day(s) between these two fields; intermediate stops are possible and are NOT ruled out,
N888KG,2023-12-21,2023-12-21,0,KPVU,Provo Municipal Airport,0.17,2023-12-21T16:28:45.670000Z,KSNA,John Wayne Orange County International Airport,0.14,2023-12-21T17:57:07.110000Z,adsb-lol|airplanes-live,BOTH_HAVE_IT,BOTH_HAVE_IT,0,no,no,direct,
N888KG,2023-12-21,2024-03-04,74,KSNA,John Wayne Orange County International Airport,0.14,2023-12-21T17:57:07.110000Z,KPVU,Provo Municipal Airport,0.63,2024-03-04T14:05:59.470000Z,adsb-lol|airplanes-live,BOTH_HAVE_IT,BOTH_HAVE_IT,73,no,yes,GAP -- aircraft unobserved for 73 day(s) between these two fields; intermediate stops are possible and are NOT ruled out,
N102DZ,2024-01-01,2024-01-29,28,KAPA,Centennial Airport,1.23,2024-01-01T18:21:09.520000Z,KVNY,Van Nuys Airport,0.23,2024-01-29T00:42:30.110000Z,adsbexchange-samples|airplanes-live,HELD_BY_ADSBEXCHANGE-SAMPLES,BOTH_HAVE_IT,27,yes,yes,GAP -- aircraft unobserved for 27 day(s) between these two fields; intermediate stops are possible and are NOT ruled out,
N582MM,2024-01-01,2024-01-01,0,KIAD,Washington Dulles International Airport,1.42,2024-01-01T16:14:26.330000Z,KMEM,Frederick W. Smith International Airport,1.36,2024-01-01T18:09:47.160000Z,adsbexchange-samples,HELD_BY_ADSBEXCHANGE-SAMPLES,HELD_BY_ADSBEXCHANGE-SAMPLES,0,yes,no,direct,
N582MM,2024-01-01,2024-01-01,0,KMEM,Frederick W. Smith International Airport,1.36,2024-01-01T18:10:24.770000Z,KRIL,Garfield County Regional Airport,0.33,2024-01-01T21:37:03.350000Z,adsbexchange-samples,HELD_BY_ADSBEXCHANGE-SAMPLES,HELD_BY_ADSBEXCHANGE-SAMPLES,0,yes,no,direct,
N582MM,2024-01-01,2024-01-27,26,KRIL,Garfield County Regional Airport,0.33,2024-01-01T22:30:40.290000Z,KSDL,Scottsdale Airport,0.19,2024-01-27T06:08:13.390000Z,adsb-lol|adsbexchange-samples|airplanes-live,HELD_BY_ADSBEXCHANGE-SAMPLES,BOTH_HAVE_IT,25,yes,yes,GAP -- aircraft unobserved for 25 day(s) between these two fields; intermediate stops are possible and are NOT ruled out,
CONTROL-LUFTHANSA,2024-01-09,2024-01-09,0,EDDK,Cologne Bonn Airport,1.91,2024-01-09T08:19:49.200000Z,EDDM,Munich Airport,0.93,2024-01-09T09:16:26.590000Z,airplanes-live,BOTH_HAVE_IT,BOTH_HAVE_IT,0,no,no,direct,
CONTROL-LUFTHANSA,2024-01-09,2024-01-09,0,EDDM,Munich Airport,0.93,2024-01-09T09:18:31.430000Z,EPKK,Kraków John Paul II International Airport,1.32,2024-01-09T12:08:29.090000Z,airplanes-live,BOTH_HAVE_IT,BOTH_HAVE_IT,0,no,no,direct,
CONTROL-LUFTHANSA,2024-01-09,2024-01-09,0,EPKK,Kraków John Paul II International Airport,1.32,2024-01-09T12:09:30.680000Z,EDDM,Munich Airport,1.29,2024-01-09T15:14:35.120000Z,airplanes-live,BOTH_HAVE_IT,BOTH_HAVE_IT,0,no,no,direct,
CONTROL-LUFTHANSA,2024-01-09,2024-01-09,0,EDDM,Munich Airport,1.29,2024-01-09T15:14:35.120000Z,EDDL,Düsseldorf Airport,0.47,2024-01-09T16:06:41.270000Z,airplanes-live,BOTH_HAVE_IT,BOTH_HAVE_IT,0,no,no,direct,
CONTROL-LUFTHANSA,2024-01-09,2024-01-11,2,EDDL,Düsseldorf Airport,0.47,2024-01-09T16:07:25.460000Z,LFBO,Toulouse-Blagnac Airport,0.6,2024-01-11T07:52:21.610000Z,airplanes-live,BOTH_HAVE_IT,BOTH_HAVE_IT,1,no,yes,GAP -- aircraft unobserved for 1 day(s) between these two fields; intermediate stops are possible and are NOT ruled out,
CONTROL-RYANAIR,2024-01-10,2024-01-10,0,,,,2024-01-10T15:19:35.380000Z,EGSS,London Stansted Airport,1.3,2024-01-10T17:34:52.750000Z,airplanes-live,BOTH_HAVE_IT,BOTH_HAVE_IT,0,no,no,direct,
CONTROL-RYANAIR,2024-01-10,2024-01-11,1,EGSS,London Stansted Airport,1.3,2024-01-10T17:34:55.950000Z,LIMF,Turin Airport,0.72,2024-01-11T08:26:40.420000Z,airplanes-live,BOTH_HAVE_IT,BOTH_HAVE_IT,0,no,yes,overnight,
CONTROL-LUFTHANSA,2024-01-11,2024-01-11,0,LFBO,Toulouse-Blagnac Airport,0.6,2024-01-11T08:29:43.130000Z,EDDM,Munich Airport,0.85,2024-01-11T10:01:51.730000Z,airplanes-live,BOTH_HAVE_IT,BOTH_HAVE_IT,0,no,no,direct,
CONTROL-LUFTHANSA,2024-01-11,2024-01-11,0,EDDM,Munich Airport,1.05,2024-01-11T14:09:54.150000Z,EDDK,Cologne Bonn Airport,1.64,2024-01-11T16:06:42.340000Z,airplanes-live,BOTH_HAVE_IT,BOTH_HAVE_IT,0,no,no,direct,
CONTROL-LUFTHANSA,2024-01-11,2024-01-11,0,EDDK,Cologne Bonn Airport,0.52,2024-01-11T17:13:32.730000Z,LRTR,Timișoara Traian Vuia International Airport,0.91,2024-01-11T22:42:46.970000Z,adsb-lol|airplanes-live,BOTH_HAVE_IT,BOTH_HAVE_IT,0,no,no,direct,
CONTROL-LUFTHANSA,2024-01-11,2024-01-31,20,LRTR,Timișoara Traian Vuia International Airport,0.91,2024-01-11T22:42:46.970000Z,EHAM,Amsterdam Airport Schiphol,1.16,2024-01-31T21:23:03.370000Z,adsb-lol|airplanes-live,BOTH_HAVE_IT,BOTH_HAVE_IT,19,no,yes,GAP -- aircraft unobserved for 19 day(s) between these two fields; intermediate stops are possible and are NOT ruled out,
CONTROL-RYANAIR,2024-01-11,2024-02-08,28,LIMF,Turin Airport,0.72,2024-01-11T08:30:47.720000Z,EDDK,Cologne Bonn Airport,0.71,2024-02-08T07:30:47Z,airplanes-live,BOTH_HAVE_IT,BOTH_HAVE_IT,27,no,yes,GAP -- aircraft unobserved for 27 day(s) between these two fields; intermediate stops are possible and are NOT ruled out,
N560TW,2024-01-27,2024-01-27,0,KSDL,Scottsdale Airport,0.91,2024-01-27T21:20:44.640000Z,KLAS,Harry Reid International Airport,0.75,2024-01-27T22:19:51.220000Z,adsb-lol|airplanes-live,BOTH_HAVE_IT,BOTH_HAVE_IT,0,no,no,direct,
N560TW,2024-01-27,2024-01-28,1,KLAS,Harry Reid International Airport,0.75,2024-01-27T22:21:23.020000Z,KSJC,Mineta San Jose International Airport,0.6,2024-01-28T19:34:55.400000Z,adsb-lol|airplanes-live,BOTH_HAVE_IT,BOTH_HAVE_IT,0,no,yes,overnight,
N872RA,2024-01-27,2024-01-27,0,KSNA,John Wayne Orange County International Airport,0.81,2024-01-27T00:10:44.100000Z,KLAS,Harry Reid International Airport,1.79,2024-01-27T19:55:46.200000Z,adsb-lol|airplanes-live,BOTH_HAVE_IT,BOTH_HAVE_IT,0,no,no,direct,
N872RA,2024-01-27,2024-03-01,34,KLAS,Harry Reid International Airport,1.79,2024-01-27T19:58:58.220000Z,KVNY,Van Nuys Airport,0.61,2024-03-01T20:13:19.320000Z,adsb-lol|adsbexchange-samples|airplanes-live,BOTH_HAVE_IT,HELD_BY_ADSBEXCHANGE-SAMPLES,33,yes,yes,GAP -- aircraft unobserved for 33 day(s) between these two fields; intermediate stops are possible and are NOT ruled out,
N582MM,2024-01-28,2024-01-28,0,KSDL,Scottsdale Airport,0.97,2024-01-28T22:22:22.850000Z,KSBA,Santa Barbara Municipal Airport,0.75,2024-01-28T23:29:48.440000Z,adsb-lol|airplanes-live,BOTH_HAVE_IT,BOTH_HAVE_IT,0,no,no,direct,
N560TW,2024-01-29,2024-01-29,0,KSJC,Mineta San Jose International Airport,1.08,2024-01-29T05:09:40.110000Z,KSDL,Scottsdale Airport,0.06,2024-01-29T06:42:32.850000Z,adsb-lol|airplanes-live,BOTH_HAVE_IT,BOTH_HAVE_IT,0,no,no,direct,
N582MM,2024-01-29,2024-01-29,0,KSBA,Santa Barbara Municipal Airport,0.54,2024-01-29T04:09:03.400000Z,KSDL,Scottsdale Airport,0.55,2024-01-29T05:19:49.970000Z,adsb-lol|airplanes-live,BOTH_HAVE_IT,BOTH_HAVE_IT,0,no,no,direct,
N582MM,2024-01-29,2024-01-29,0,KSDL,Scottsdale Airport,0.55,2024-01-29T05:49:35.590000Z,KAPA,Centennial Airport,0.16,2024-01-29T07:04:10.430000Z,adsb-lol|airplanes-live,BOTH_HAVE_IT,BOTH_HAVE_IT,0,no,no,direct,
N582MM,2024-01-29,2024-01-29,0,KAPA,Centennial Airport,1.36,2024-01-29T22:20:42.480000Z,KPHX,Phoenix Sky Harbor International Airport,1.1,2024-01-29T23:45:52.820000Z,adsb-lol|airplanes-live,BOTH_HAVE_IT,BOTH_HAVE_IT,0,no,no,direct,
N102DZ,2024-01-30,2024-01-30,0,KVNY,Van Nuys Airport,0.81,2024-01-30T18:37:49.880000Z,KFLL,Fort Lauderdale Hollywood International Airport,0.61,2024-01-30T23:36:06.090000Z,airplanes-live,BOTH_HAVE_IT,BOTH_HAVE_IT,0,no,no,direct,
N1098L,2024-02-01,2024-02-01,0,KBIF,Biggs Army Air Field (Fort Bliss),1.98,2024-02-01T17:49:43.680000Z,KHII,Lake Havasu City Airport,0.15,2024-02-01T21:29:11.780000Z,adsbexchange-samples,HELD_BY_ADSBEXCHANGE-SAMPLES,HELD_BY_ADSBEXCHANGE-SAMPLES,0,yes,no,direct,
N1098L,2024-02-01,2024-03-01,29,KHII,Lake Havasu City Airport,1.25,2024-02-01T23:16:36.260000Z,KBIF,Biggs Army Air Field (Fort Bliss),1.61,2024-03-01T00:53:54.770000Z,adsbexchange-samples,HELD_BY_ADSBEXCHANGE-SAMPLES,HELD_BY_ADSBEXCHANGE-SAMPLES,28,yes,yes,GAP -- aircraft unobserved for 28 day(s) between these two fields; intermediate stops are possible and are NOT ruled out,
N560TW,2024-02-01,2024-02-01,0,KSDL,Scottsdale Airport,0.16,2024-02-01T16:44:38.550000Z,KVNY,Van Nuys Airport,0.81,2024-02-01T17:58:59.820000Z,adsb-lol|adsbexchange-samples|airplanes-live,BOTH_HAVE_IT,BOTH_HAVE_IT,0,no,no,direct,
N560TW,2024-02-01,2024-02-02,1,KVNY,Van Nuys Airport,0.25,2024-02-01T23:12:32.590000Z,KSDL,Scottsdale Airport,0.14,2024-02-02T00:13:15.990000Z,adsb-lol|adsbexchange-samples|airplanes-live,BOTH_HAVE_IT,BOTH_HAVE_IT,0,no,yes,overnight,
N102DZ,2024-02-02,2024-02-04,2,KFLL,Fort Lauderdale Hollywood International Airport,0.8,2024-02-02T14:11:51.340000Z,SAEZ,Ezeiza International Airport - Ministro Pistarini,0.96,2024-02-04T00:33:06.360000Z,airplanes-live,BOTH_HAVE_IT,ONLY_ON_AIRPLANES_LIVE,1,yes,yes,GAP -- aircraft unobserved for 1 day(s) between these two fields; intermediate stops are possible and are NOT ruled out,
N560TW,2024-02-02,2024-03-01,28,KSDL,Scottsdale Airport,0.14,2024-02-02T00:14:52.150000Z,KJAC,Jackson Hole Airport,0.5,2024-03-01T19:57:08.440000Z,adsb-lol|adsbexchange-samples|airplanes-live,BOTH_HAVE_IT,HELD_BY_ADSBEXCHANGE-SAMPLES,27,yes,yes,GAP -- aircraft unobserved for 27 day(s) between these two fields; intermediate stops are possible and are NOT ruled out,
N102DZ,2024-02-04,2024-03-07,32,SAEZ,Ezeiza International Airport - Ministro Pistarini,0.96,2024-02-04T00:36:53.180000Z,KTEB,Teterboro Airport,0.59,2024-03-07T01:19:37.310000Z,adsb-lol|airplanes-live,ONLY_ON_AIRPLANES_LIVE,BOTH_HAVE_IT,31,yes,yes,GAP -- aircraft unobserved for 31 day(s) between these two fields; intermediate stops are possible and are NOT ruled out,
N582MM,2024-02-06,2024-02-06,0,KPHX,Phoenix Sky Harbor International Airport,1.94,2024-02-06T15:52:18.120000Z,KBUR,Hollywood Burbank/Bob Hope Airport,0.56,2024-02-06T17:04:15.010000Z,adsb-lol|airplanes-live,BOTH_HAVE_IT,BOTH_HAVE_IT,0,no,no,direct,
N582MM,2024-02-06,2024-03-07,30,KBUR,Hollywood Burbank/Bob Hope Airport,0.48,2024-02-06T18:26:21.850000Z,KPHX,Phoenix Sky Harbor International Airport,1.31,2024-03-07T15:05:32.680000Z,adsb-lol|airplanes-live,BOTH_HAVE_IT,BOTH_HAVE_IT,29,no,yes,GAP -- aircraft unobserved for 29 day(s) between these two fields; intermediate stops are possible and are NOT ruled out,
CONTROL-RYANAIR,2024-02-08,2024-02-09,1,EDDK,Cologne Bonn Airport,0.71,2024-02-08T07:30:53.430000Z,LBSF,Sofia Airport,0.59,2024-02-09T08:26:36.640000Z,airplanes-live,BOTH_HAVE_IT,BOTH_HAVE_IT,0,no,yes,overnight,
CONTROL-LUFTHANSA,2024-02-09,2024-02-09,0,EHAM,Amsterdam Airport Schiphol,0.88,2024-02-09T06:34:25.270000Z,EDDM,Munich Airport,0.81,2024-02-09T07:35:40.480000Z,adsb-lol|airplanes-live,BOTH_HAVE_IT,BOTH_HAVE_IT,0,no,no,direct,
CONTROL-LUFTHANSA,2024-02-09,2024-02-09,0,EDDM,Munich Airport,0.81,2024-02-09T07:36:16.680000Z,EDDV,Hannover Airport,1.3,2024-02-09T11:41:44.780000Z,airplanes-live,BOTH_HAVE_IT,BOTH_HAVE_IT,0,no,no,direct,
CONTROL-LUFTHANSA,2024-02-09,2024-02-09,0,EDDV,Hannover Airport,1.3,2024-02-09T11:43:00.290000Z,EDDM,Munich Airport,1.1,2024-02-09T13:39:43.040000Z,airplanes-live,BOTH_HAVE_IT,BOTH_HAVE_IT,0,no,no,direct,
CONTROL-LUFTHANSA,2024-02-09,2024-02-09,0,EDDM,Munich Airport,1.1,2024-02-09T13:40:13.840000Z,EHAM,Amsterdam Airport Schiphol,1.72,2024-02-09T21:18:41.150000Z,adsb-lol|airplanes-live,BOTH_HAVE_IT,BOTH_HAVE_IT,0,no,no,direct,
CONTROL-RYANAIR,2024-02-09,2024-02-09,0,LBSF,Sofia Airport,1.34,2024-02-09T09:37:45.150000Z,ESSA,Stockholm-Arlanda Airport,0.65,2024-02-09T14:33:23.910000Z,airplanes-live,BOTH_HAVE_IT,BOTH_HAVE_IT,0,no,no,direct,
CONTROL-RYANAIR,2024-02-09,2024-02-10,1,ESSA,Stockholm-Arlanda Airport,0.65,2024-02-09T14:33:27.950000Z,LBSF,Sofia Airport,0.68,2024-02-10T12:51:59.680000Z,airplanes-live,BOTH_HAVE_IT,BOTH_HAVE_IT,0,no,yes,overnight,
SU-BTT,2024-02-09,2024-04-23,74,KLNK,Lincoln Airport,1.22,2024-02-09T18:39:38.690000Z,KPVU,Provo Municipal Airport,0.58,2024-04-23T18:12:52.950000Z,adsb-lol|airplanes-live,BOTH_HAVE_IT,BOTH_HAVE_IT,73,no,yes,GAP -- aircraft unobserved for 73 day(s) between these two fields; intermediate stops are possible and are NOT ruled out,"dest|Salt Lake City,UT|2024-04-23|Charlie|39.7"
CONTROL-LUFTHANSA,2024-02-10,2024-02-11,1,EHAM,Amsterdam Airport Schiphol,0.86,2024-02-10T07:55:33.620000Z,EDDH,Hamburg Helmut Schmidt Airport,0.56,2024-02-11T09:55:54.010000Z,adsb-lol|airplanes-live,BOTH_HAVE_IT,BOTH_HAVE_IT,0,no,yes,overnight,
CONTROL-RYANAIR,2024-02-10,2024-02-10,0,LBSF,Sofia Airport,0.68,2024-02-10T12:56:16.090000Z,LEBL,Josep Tarradellas Barcelona-El Prat Airport,0.24,2024-02-10T21:03:40.060000Z,airplanes-live,BOTH_HAVE_IT,BOTH_HAVE_IT,0,no,no,direct,
CONTROL-RYANAIR,2024-02-10,2024-02-10,0,LEBL,Josep Tarradellas Barcelona-El Prat Airport,0.24,2024-02-10T21:04:17.660000Z,LEZL,Seville Airport,0.87,2024-02-10T23:35:32.230000Z,airplanes-live,BOTH_HAVE_IT,BOTH_HAVE_IT,0,no,no,direct,
CONTROL-RYANAIR,2024-02-10,2024-02-12,2,LEZL,Seville Airport,0.87,2024-02-10T23:37:00.920000Z,LMML,Malta International Airport,0.33,2024-02-12T14:42:08.320000Z,airplanes-live,BOTH_HAVE_IT,BOTH_HAVE_IT,1,no,yes,GAP -- aircraft unobserved for 1 day(s) between these two fields; intermediate stops are possible and are NOT ruled out,
CONTROL-LUFTHANSA,2024-02-11,2024-02-11,0,EDDH,Hamburg Helmut Schmidt Airport,0.56,2024-02-11T10:05:51.690000Z,EBBR,Brussels Airport,0.91,2024-02-11T17:54:50.230000Z,adsb-lol|airplanes-live,BOTH_HAVE_IT,BOTH_HAVE_IT,0,no,no,direct,
CONTROL-LUFTHANSA,2024-02-11,2024-02-12,1,EBBR,Brussels Airport,0.61,2024-02-11T19:08:11.100000Z,EGBB,Birmingham Airport,0.85,2024-02-12T16:57:01.110000Z,adsb-lol|airplanes-live,BOTH_HAVE_IT,BOTH_HAVE_IT,0,no,yes,overnight,
CONTROL-LUFTHANSA,2024-02-12,2024-02-13,1,EGBB,Birmingham Airport,0.85,2024-02-12T16:57:09.740000Z,EDDM,Munich Airport,0.86,2024-02-13T04:50:26.050000Z,airplanes-live,BOTH_HAVE_IT,BOTH_HAVE_IT,0,no,yes,overnight,
CONTROL-RYANAIR,2024-02-12,2024-02-12,0,LMML,Malta International Airport,0.33,2024-02-12T14:45:26.800000Z,LEZL,Seville Airport,0.8,2024-02-12T19:10:10.750000Z,airplanes-live,BOTH_HAVE_IT,BOTH_HAVE_IT,0,no,no,direct,
CONTROL-LUFTHANSA,2024-02-13,2024-02-13,0,EDDM,Munich Airport,0.86,2024-02-13T04:51:03.220000Z,EDDH,Hamburg Helmut Schmidt Airport,0.16,2024-02-13T07:51:51.240000Z,adsb-lol|airplanes-live,BOTH_HAVE_IT,BOTH_HAVE_IT,0,no,no,direct,
CONTROL-LUFTHANSA,2024-02-13,2024-02-13,0,EDDH,Hamburg Helmut Schmidt Airport,0.94,2024-02-13T08:48:04.920000Z,EDDM,Munich Airport,0.97,2024-02-13T18:43:54.050000Z,adsb-lol|airplanes-live,BOTH_HAVE_IT,BOTH_HAVE_IT,0,no,no,direct,
CONTROL-LUFTHANSA,2024-02-13,2024-02-13,0,EDDM,Munich Airport,1.47,2024-02-13T19:56:36.180000Z,LEMD,Adolfo Suárez Madrid–Barajas Airport,1.1,2024-02-13T22:12:27.610000Z,airplanes-live,BOTH_HAVE_IT,BOTH_HAVE_IT,0,no,no,direct,
CONTROL-LUFTHANSA,2024-02-13,2024-02-15,2,LEMD,Adolfo Suárez Madrid–Barajas Airport,1.1,2024-02-13T22:14:04.840000Z,EDDH,Hamburg Helmut Schmidt Airport,0.44,2024-02-15T08:52:36.780000Z,adsb-lol|airplanes-live,BOTH_HAVE_IT,BOTH_HAVE_IT,1,no,yes,GAP -- aircraft unobserved for 1 day(s) between these two fields; intermediate stops are possible and are NOT ruled out,
CONTROL-RYANAIR,2024-02-14,2024-02-14,0,LEZL,Seville Airport,0.14,2024-02-14T12:56:57.780000Z,DABB,Annaba Rabah Bitat Airport,5.75,2024-02-14T17:26:47.660000Z,airplanes-live,BOTH_HAVE_IT,BOTH_HAVE_IT,0,no,no,direct,
CONTROL-RYANAIR,2024-02-14,2024-02-14,0,DABB,Annaba Rabah Bitat Airport,5.75,2024-02-14T17:26:47.660000Z,,,,2024-02-14T20:06:41.370000Z,airplanes-live,BOTH_HAVE_IT,BOTH_HAVE_IT,0,no,no,direct,
CONTROL-RYANAIR,2024-02-14,2024-02-14,0,,,,2024-02-14T20:25:44.730000Z,LEZL,Seville Airport,0.47,2024-02-14T22:15:06.690000Z,airplanes-live,BOTH_HAVE_IT,BOTH_HAVE_IT,0,no,no,direct,
CONTROL-RYANAIR,2024-02-14,2024-02-15,1,LEZL,Seville Airport,0.47,2024-02-14T22:16:30.160000Z,EHEH,Eindhoven Airport,1.07,2024-02-15T15:13:14.750000Z,adsb-lol|airplanes-live,BOTH_HAVE_IT,BOTH_HAVE_IT,0,no,yes,overnight,
CONTROL-LUFTHANSA,2024-02-15,2024-03-05,19,EDDH,Hamburg Helmut Schmidt Airport,0.91,2024-02-15T10:00:20.620000Z,EGBB,Birmingham Airport,0.64,2024-03-05T09:41:55.820000Z,adsb-lol|airplanes-live,BOTH_HAVE_IT,BOTH_HAVE_IT,18,no,yes,GAP -- aircraft unobserved for 18 day(s) between these two fields; intermediate stops are possible and are NOT ruled out,
CONTROL-RYANAIR,2024-02-15,2024-03-05,19,EHEH,Eindhoven Airport,1.4,2024-02-15T16:02:58.020000Z,LIRA,Ciampino–G. B. Pastine International Airport,0.31,2024-03-05T18:21:43.350000Z,adsb-lol|airplanes-live,BOTH_HAVE_IT,BOTH_HAVE_IT,18,no,yes,GAP -- aircraft unobserved for 18 day(s) between these two fields; intermediate stops are possible and are NOT ruled out,
N560TW,2024-03-01,2024-03-01,0,KJAC,Jackson Hole Airport,0.5,2024-03-01T19:57:08.440000Z,KSDL,Scottsdale Airport,0.12,2024-03-01T21:39:59.090000Z,adsbexchange-samples,HELD_BY_ADSBEXCHANGE-SAMPLES,HELD_BY_ADSBEXCHANGE-SAMPLES,0,yes,no,direct,
N872RA,2024-03-01,2024-03-07,6,KVNY,Van Nuys Airport,0.61,2024-03-01T21:41:43.380000Z,KABQ,Albuquerque International Sunport,0.99,2024-03-07T17:59:03.140000Z,adsb-lol|adsbexchange-samples|airplanes-live,HELD_BY_ADSBEXCHANGE-SAMPLES,BOTH_HAVE_IT,5,yes,yes,GAP -- aircraft unobserved for 5 day(s) between these two fields; intermediate stops are possible and are NOT ruled out,
CONTROL-LUFTHANSA,2024-03-05,2024-03-05,0,EGBB,Birmingham Airport,0.71,2024-03-05T10:47:56.350000Z,EBBR,Brussels Airport,0.6,2024-03-05T14:44:46.890000Z,adsb-lol|airplanes-live,BOTH_HAVE_IT,BOTH_HAVE_IT,0,no,no,direct,
CONTROL-LUFTHANSA,2024-03-05,2024-03-05,0,EBBR,Brussels Airport,0.6,2024-03-05T14:49:31.380000Z,EBMB,Melsbroek Air Base,0.61,2024-03-05T15:50:17.290000Z,adsb-lol|airplanes-live,BOTH_HAVE_IT,BOTH_HAVE_IT,0,no,no,direct,
CONTROL-LUFTHANSA,2024-03-05,2024-03-09,4,EBMB,Melsbroek Air Base,0.61,2024-03-05T15:53:17.590000Z,EDDM,Munich Airport,2.92,2024-03-09T14:49:59.900000Z,adsb-lol|airplanes-live,BOTH_HAVE_IT,BOTH_HAVE_IT,3,no,yes,GAP -- aircraft unobserved for 3 day(s) between these two fields; intermediate stops are possible and are NOT ruled out,
CONTROL-RYANAIR,2024-03-05,2024-03-09,4,LIRA,Ciampino–G. B. Pastine International Airport,0.4,2024-03-05T19:09:59.200000Z,EGSS,London Stansted Airport,0.67,2024-03-09T06:59:11.490000Z,adsb-lol,BOTH_HAVE_IT,BOTH_HAVE_IT,3,no,yes,GAP -- aircraft unobserved for 3 day(s) between these two fields; intermediate stops are possible and are NOT ruled out,
N582MM,2024-03-07,2024-03-07,0,KPHX,Phoenix Sky Harbor International Airport,1.31,2024-03-07T16:25:51.640000Z,KSDL,Scottsdale Airport,0.68,2024-03-07T15:05:32.800000Z,adsb-lol|airplanes-live,BOTH_HAVE_IT,BOTH_HAVE_IT,0,no,no,direct,
N582MM,2024-03-07,2024-03-08,1,KSDL,Scottsdale Airport,0.93,2024-03-07T18:17:23.150000Z,KPHX,Phoenix Sky Harbor International Airport,0.73,2024-03-08T00:06:49.020000Z,adsb-lol,BOTH_HAVE_IT,BOTH_HAVE_IT,0,no,yes,overnight,
N872RA,2024-03-07,2024-03-07,0,KABQ,Albuquerque International Sunport,0.99,2024-03-07T18:05:18.110000Z,KSAN,San Diego International Airport,0.27,2024-03-07T19:48:36.710000Z,adsb-lol|airplanes-live,BOTH_HAVE_IT,BOTH_HAVE_IT,0,no,no,direct,
N872RA,2024-03-07,2024-03-08,1,KSAN,San Diego International Airport,1.26,2024-03-07T21:09:28.450000Z,KSDL,Scottsdale Airport,0.54,2024-03-08T01:50:24.260000Z,adsb-lol|airplanes-live,BOTH_HAVE_IT,BOTH_HAVE_IT,0,no,yes,overnight,
N102DZ,2024-03-08,2024-03-09,1,KTEB,Teterboro Airport,1.03,2024-03-08T23:17:25.180000Z,KVNY,Van Nuys Airport,0.43,2024-03-09T04:33:46.700000Z,adsb-lol|airplanes-live,BOTH_HAVE_IT,BOTH_HAVE_IT,0,no,yes,overnight,
N582MM,2024-03-08,2024-03-08,0,KPHX,Phoenix Sky Harbor International Airport,0.73,2024-03-08T00:45:55.100000Z,KSDL,Scottsdale Airport,0.11,2024-03-08T00:06:49.140000Z,adsb-lol|airplanes-live,BOTH_HAVE_IT,BOTH_HAVE_IT,0,no,no,direct,
N582MM,2024-03-08,2024-03-14,6,KSDL,Scottsdale Airport,0.11,2024-03-08T00:46:02.150000Z,KPHX,Phoenix Sky Harbor International Airport,1.93,2024-03-14T14:52:56.740000Z,adsb-lol|airplanes-live,BOTH_HAVE_IT,BOTH_HAVE_IT,5,no,yes,GAP -- aircraft unobserved for 5 day(s) between these two fields; intermediate stops are possible and are NOT ruled out,
N872RA,2024-03-08,2024-03-14,6,KSDL,Scottsdale Airport,0.24,2024-03-08T02:57:53.900000Z,KSBA,Santa Barbara Municipal Airport,0.48,2024-03-14T23:04:08.180000Z,adsb-lol|airplanes-live,BOTH_HAVE_IT,BOTH_HAVE_IT,5,no,yes,GAP -- aircraft unobserved for 5 day(s) between these two fields; intermediate stops are possible and are NOT ruled out,
CONTROL-LUFTHANSA,2024-03-09,2024-03-09,0,EDDM,Munich Airport,2.92,2024-03-09T14:52:31.310000Z,LBSF,Sofia Airport,0.29,2024-03-09T16:15:33.410000Z,airplanes-live,BOTH_HAVE_IT,BOTH_HAVE_IT,0,no,no,direct,
CONTROL-LUFTHANSA,2024-03-09,2024-03-09,0,LBSF,Sofia Airport,1.48,2024-03-09T17:16:30.440000Z,EHAM,Amsterdam Airport Schiphol,1.72,2024-03-09T21:16:32.490000Z,adsb-lol|airplanes-live,BOTH_HAVE_IT,BOTH_HAVE_IT,0,no,no,direct,
CONTROL-RYANAIR,2024-03-09,2024-03-11,2,EGSS,London Stansted Airport,0.56,2024-03-09T18:46:14.350000Z,LOWW,Vienna International Airport,0.71,2024-03-11T06:42:28.240000Z,adsb-lol|airplanes-live,BOTH_HAVE_IT,BOTH_HAVE_IT,1,no,yes,GAP -- aircraft unobserved for 1 day(s) between these two fields; intermediate stops are possible and are NOT ruled out,
N102DZ,2024-03-09,2024-03-18,9,KVNY,Van Nuys Airport,0.43,2024-03-09T05:09:12.720000Z,KTRM,Jacqueline Cochran Regional Airport,1.18,2024-03-18T20:06:41.960000Z,airplanes-live,BOTH_HAVE_IT,BOTH_HAVE_IT,8,no,yes,GAP -- aircraft unobserved for 8 day(s) between these two fields; intermediate stops are possible and are NOT ruled out,
CONTROL-LUFTHANSA,2024-03-10,2024-03-10,0,EHAM,Amsterdam Airport Schiphol,1.25,2024-03-10T08:13:05.950000Z,LOWW,Vienna International Airport,0.8,2024-03-10T11:12:13.060000Z,adsb-lol|airplanes-live,BOTH_HAVE_IT,BOTH_HAVE_IT,0,no,no,direct,
CONTROL-LUFTHANSA,2024-03-10,2024-03-10,0,LOWW,Vienna International Airport,0.97,2024-03-10T12:18:18.160000Z,EHAM,Amsterdam Airport Schiphol,0.77,2024-03-10T15:35:14.120000Z,adsb-lol|airplanes-live,BOTH_HAVE_IT,BOTH_HAVE_IT,0,no,no,direct,
CONTROL-LUFTHANSA,2024-03-10,2024-03-15,5,EHAM,Amsterdam Airport Schiphol,0.98,2024-03-10T16:38:30.950000Z,EDDH,Hamburg Helmut Schmidt Airport,0.98,2024-03-15T07:47:34.690000Z,adsb-lol|airplanes-live,BOTH_HAVE_IT,BOTH_HAVE_IT,4,no,yes,GAP -- aircraft unobserved for 4 day(s) between these two fields; intermediate stops are possible and are NOT ruled out,
CONTROL-RYANAIR,2024-03-11,2024-03-17,6,LOWW,Vienna International Airport,0.32,2024-03-11T07:36:21.030000Z,EIDW,Dublin Airport,1.1,2024-03-17T06:25:39.240000Z,adsb-lol|airplanes-live,BOTH_HAVE_IT,BOTH_HAVE_IT,5,no,yes,GAP -- aircraft unobserved for 5 day(s) between these two fields; intermediate stops are possible and are NOT ruled out,
N582MM,2024-03-14,2024-03-14,0,KPHX,Phoenix Sky Harbor International Airport,1.93,2024-03-14T16:33:40.130000Z,KSDL,Scottsdale Airport,1.22,2024-03-14T18:02:18.260000Z,adsb-lol|airplanes-live,BOTH_HAVE_IT,BOTH_HAVE_IT,0,no,no,direct,
N582MM,2024-03-14,2024-03-14,0,KSDL,Scottsdale Airport,1.22,2024-03-14T18:02:28.240000Z,KSNA,John Wayne Orange County International Airport,0.25,2024-03-14T19:11:34.940000Z,adsb-lol|airplanes-live,BOTH_HAVE_IT,BOTH_HAVE_IT,0,no,no,direct,"dest|Fullerton,CA|2024-03-14|Charlie|14.8"
N582MM,2024-03-14,2024-03-15,1,KSNA,John Wayne Orange County International Airport,0.25,2024-03-14T19:12:45.950000Z,KSDL,Scottsdale Airport,0.71,2024-03-15T04:42:56.270000Z,adsb-lol|airplanes-live,BOTH_HAVE_IT,BOTH_HAVE_IT,0,no,yes,overnight,"origin|Fullerton,CA|2024-03-14|Charlie|14.8"
CONTROL-LUFTHANSA,2024-03-15,2024-03-15,0,EDDH,Hamburg Helmut Schmidt Airport,0.98,2024-03-15T07:50:19.480000Z,EGLL,London Heathrow Airport,0.61,2024-03-15T19:15:55.460000Z,airplanes-live,BOTH_HAVE_IT,BOTH_HAVE_IT,0,no,no,direct,
CONTROL-LUFTHANSA,2024-03-15,2024-03-18,3,EGLL,London Heathrow Airport,1.95,2024-03-15T20:29:40.210000Z,EGCC,Manchester Airport,0.87,2024-03-18T16:49:27.250000Z,adsb-lol|airplanes-live,BOTH_HAVE_IT,BOTH_HAVE_IT,2,no,yes,GAP -- aircraft unobserved for 2 day(s) between these two fields; intermediate stops are possible and are NOT ruled out,
N582MM,2024-03-15,2024-03-17,2,KSDL,Scottsdale Airport,0.71,2024-03-15T05:33:54.860000Z,KPHX,Phoenix Sky Harbor International Airport,1.85,2024-03-17T12:58:04.400000Z,adsb-lol|airplanes-live,BOTH_HAVE_IT,BOTH_HAVE_IT,1,no,yes,GAP -- aircraft unobserved for 1 day(s) between these two fields; intermediate stops are possible and are NOT ruled out,
N872RA,2024-03-15,2024-03-15,0,KSBA,Santa Barbara Municipal Airport,0.52,2024-03-15T01:15:06.400000Z,KSDL,Scottsdale Airport,0.44,2024-03-15T14:55:02.920000Z,adsb-lol|airplanes-live,BOTH_HAVE_IT,BOTH_HAVE_IT,0,no,no,direct,
N872RA,2024-03-15,2024-03-16,1,KSDL,Scottsdale Airport,0.55,2024-03-15T16:40:15.840000Z,KSNA,John Wayne Orange County International Airport,0.2,2024-03-16T19:11:14.880000Z,adsb-lol|airplanes-live,BOTH_HAVE_IT,BOTH_HAVE_IT,0,no,yes,overnight,
CONTROL-RYANAIR,2024-03-17,2024-03-17,0,EIDW,Dublin Airport,1.1,2024-03-17T06:25:39.240000Z,EGBB,Birmingham Airport,0.57,2024-03-17T07:48:35.030000Z,airplanes-live,BOTH_HAVE_IT,BOTH_HAVE_IT,0,no,no,direct,
CONTROL-RYANAIR,2024-03-17,2024-03-17,0,EGBB,Birmingham Airport,0.57,2024-03-17T07:54:13.130000Z,EIDW,Dublin Airport,1.14,2024-03-17T08:40:57.550000Z,adsb-lol|airplanes-live,BOTH_HAVE_IT,BOTH_HAVE_IT,0,no,no,direct,
CONTROL-RYANAIR,2024-03-17,2024-03-17,0,EIDW,Dublin Airport,1.14,2024-03-17T08:41:17.850000Z,LFBO,Toulouse-Blagnac Airport,0.59,2024-03-17T11:35:09.830000Z,adsb-lol|airplanes-live,BOTH_HAVE_IT,BOTH_HAVE_IT,0,no,no,direct,
CONTROL-RYANAIR,2024-03-17,2024-03-17,0,LFBO,Toulouse-Blagnac Airport,0.59,2024-03-17T12:22:40.370000Z,EIDW,Dublin Airport,1.17,2024-03-17T14:28:14.030000Z,adsb-lol|airplanes-live,BOTH_HAVE_IT,BOTH_HAVE_IT,0,no,no,direct,
N582MM,2024-03-17,2024-03-17,0,KPHX,Phoenix Sky Harbor International Airport,1.85,2024-03-17T13:43:47.060000Z,KAPA,Centennial Airport,0.45,2024-03-17T15:03:13.940000Z,adsb-lol|airplanes-live,BOTH_HAVE_IT,BOTH_HAVE_IT,0,no,no,direct,
N582MM,2024-03-17,2024-03-17,0,KAPA,Centennial Airport,1.47,2024-03-17T16:11:48.650000Z,KVNY,Van Nuys Airport,0.92,2024-03-17T18:04:48.960000Z,airplanes-live,BOTH_HAVE_IT,BOTH_HAVE_IT,0,no,no,direct,
N582MM,2024-03-17,2024-03-17,0,KVNY,Van Nuys Airport,0.33,2024-03-17T19:26:17.670000Z,KSDL,Scottsdale Airport,0.73,2024-03-17T20:24:40.900000Z,adsb-lol|airplanes-live,BOTH_HAVE_IT,BOTH_HAVE_IT,0,no,no,direct,
N582MM,2024-03-17,2024-03-17,0,KSDL,Scottsdale Airport,0.72,2024-03-17T22:31:25.130000Z,KSNA,John Wayne Orange County International Airport,0.41,2024-03-17T23:26:25.010000Z,adsb-lol|airplanes-live,BOTH_HAVE_IT,BOTH_HAVE_IT,0,no,no,direct,
CONTROL-LUFTHANSA,2024-03-18,2024-03-23,5,EGCC,Manchester Airport,0.87,2024-03-18T17:49:08.660000Z,EHAM,Amsterdam Airport Schiphol,0.82,2024-03-23T12:11:08.810000Z,adsb-lol|airplanes-live,BOTH_HAVE_IT,BOTH_HAVE_IT,4,no,yes,GAP -- aircraft unobserved for 4 day(s) between these two fields; intermediate stops are possible and are NOT ruled out,
CONTROL-RYANAIR,2024-03-18,2024-03-18,0,EIDW,Dublin Airport,0.59,2024-03-18T06:04:42.420000Z,LIPQ,Trieste Airport,1.07,2024-03-18T08:17:52.700000Z,adsb-lol|airplanes-live,BOTH_HAVE_IT,BOTH_HAVE_IT,0,no,no,direct,
CONTROL-RYANAIR,2024-03-18,2024-03-18,0,LIPQ,Trieste Airport,1.49,2024-03-18T09:13:03.710000Z,EGGP,Liverpool John Lennon Airport,0.56,2024-03-18T13:23:21.200000Z,adsb-lol|airplanes-live,BOTH_HAVE_IT,BOTH_HAVE_IT,0,no,no,direct,
CONTROL-RYANAIR,2024-03-18,2024-03-18,0,EGGP,Liverpool John Lennon Airport,0.56,2024-03-18T14:59:32.970000Z,EIDW,Dublin Airport,0.6,2024-03-18T14:52:39.220000Z,adsb-lol|airplanes-live,BOTH_HAVE_IT,BOTH_HAVE_IT,0,no,no,direct,
CONTROL-RYANAIR,2024-03-18,2024-03-18,0,EIDW,Dublin Airport,0.6,2024-03-18T14:59:32.960000Z,EGHQ,Cornwall Airport Newquay,0.89,2024-03-18T17:07:04.680000Z,adsb-lol|airplanes-live,BOTH_HAVE_IT,BOTH_HAVE_IT,0,no,no,direct,
CONTROL-RYANAIR,2024-03-18,2024-03-18,0,EGHQ,Cornwall Airport Newquay,0.89,2024-03-18T19:27:03.310000Z,EIDW,Dublin Airport,1.15,2024-03-18T19:20:21.630000Z,adsb-lol|airplanes-live,BOTH_HAVE_IT,BOTH_HAVE_IT,0,no,no,direct,
CONTROL-RYANAIR,2024-03-18,2024-03-18,0,EIDW,Dublin Airport,0.77,2024-03-18T20:20:38.110000Z,EGGP,Liverpool John Lennon Airport,0.79,2024-03-18T20:14:17.350000Z,adsb-lol|airplanes-live,BOTH_HAVE_IT,BOTH_HAVE_IT,0,no,no,direct,
CONTROL-RYANAIR,2024-03-18,2024-03-18,0,EGGP,Liverpool John Lennon Airport,0.47,2024-03-18T22:28:59.310000Z,EIDW,Dublin Airport,0.57,2024-03-18T22:23:10.550000Z,adsb-lol|airplanes-live,BOTH_HAVE_IT,BOTH_HAVE_IT,0,no,no,direct,
N102DZ,2024-03-18,2024-03-21,3,KTRM,Jacqueline Cochran Regional Airport,1.18,2024-03-18T20:06:55.370000Z,KTEB,Teterboro Airport,0.89,2024-03-21T05:53:43.440000Z,adsb-lol|airplanes-live,BOTH_HAVE_IT,BOTH_HAVE_IT,2,no,yes,GAP -- aircraft unobserved for 2 day(s) between these two fields; intermediate stops are possible and are NOT ruled out,
N560TW,2024-03-18,2024-03-18,0,KSDL,Scottsdale Airport,0.17,2024-03-18T15:01:16.030000Z,KLAX,Los Angeles International Airport,1.21,2024-03-18T15:58:52.720000Z,adsb-lol|airplanes-live,BOTH_HAVE_IT,BOTH_HAVE_IT,0,no,no,direct,"origin|Phoenix,AZ|2024-03-19|Charlie|11.0"
N560TW,2024-03-18,2024-03-18,0,KLAX,Los Angeles International Airport,1.21,2024-03-18T15:58:54.010000Z,KSDL,Scottsdale Airport,0.73,2024-03-18T17:40:40.510000Z,adsb-lol|airplanes-live,BOTH_HAVE_IT,BOTH_HAVE_IT,0,no,no,direct,"dest|Phoenix,AZ|2024-03-19|Charlie|10.5"
N582MM,2024-03-18,2024-03-19,1,KSNA,John Wayne Orange County International Airport,0.6,2024-03-18T22:29:35.960000Z,KSAN,San Diego International Airport,1.1,2024-03-19T02:53:22.120000Z,adsb-lol|airplanes-live,BOTH_HAVE_IT,BOTH_HAVE_IT,0,no,yes,overnight,"dest|San Diego,CA|2024-03-18|Charlie|6.2"
N872RA,2024-03-18,2024-03-22,4,KSNA,John Wayne Orange County International Airport,0.89,2024-03-18T20:39:13.720000Z,KUDD,Bermuda Dunes Airport,0.25,2024-03-22T13:56:24.240000Z,airplanes-live,ONLY_ON_AIRPLANES_LIVE,BOTH_HAVE_IT,3,yes,yes,GAP -- aircraft unobserved for 3 day(s) between these two fields; intermediate stops are possible and are NOT ruled out,
N582MM,2024-03-19,2024-03-19,0,KSAN,San Diego International Airport,0.97,2024-03-19T04:03:53.990000Z,KSDL,Scottsdale Airport,0.08,2024-03-19T04:59:37.620000Z,adsb-lol|airplanes-live,BOTH_HAVE_IT,BOTH_HAVE_IT,0,no,no,direct,"origin|San Diego,CA|2024-03-18|Charlie|6.2"
N582MM,2024-03-19,2024-03-19,0,KSDL,Scottsdale Airport,0.08,2024-03-19T05:30:38.900000Z,KAGC,Allegheny County Airport,0.44,2024-03-19T20:46:37.110000Z,adsb-lol|airplanes-live,BOTH_HAVE_IT,BOTH_HAVE_IT,0,no,no,direct,"dest|Pittsburgh,PA|2024-03-19|TPUSA|6.5"
N582MM,2024-03-19,2024-03-21,2,KAGC,Allegheny County Airport,0.44,2024-03-19T21:10:25.790000Z,KSDL,Scottsdale Airport,0.37,2024-03-21T01:20:43.360000Z,adsb-lol|airplanes-live,BOTH_HAVE_IT,BOTH_HAVE_IT,1,no,yes,GAP -- aircraft unobserved for 1 day(s) between these two fields; intermediate stops are possible and are NOT ruled out,"origin|Pittsburgh,PA|2024-03-19|TPUSA|6.5"
CONTROL-RYANAIR,2024-03-21,2024-03-21,0,EIDW,Dublin Airport,0.83,2024-03-21T06:49:16.670000Z,LEVC,Valencia Airport,0.2,2024-03-21T09:10:45.780000Z,adsb-lol|airplanes-live,BOTH_HAVE_IT,BOTH_HAVE_IT,0,no,no,direct,
CONTROL-RYANAIR,2024-03-21,2024-03-21,0,LEVC,Valencia Airport,0.2,2024-03-21T10:02:54.200000Z,EBBR,Brussels Airport,0.87,2024-03-21T19:46:03.630000Z,adsb-lol|airplanes-live,BOTH_HAVE_IT,BOTH_HAVE_IT,0,no,no,direct,
CONTROL-RYANAIR,2024-03-21,2024-03-21,0,EBBR,Brussels Airport,0.87,2024-03-21T20:46:25.130000Z,EIDW,Dublin Airport,1.16,2024-03-21T22:04:07.230000Z,adsb-lol|airplanes-live,BOTH_HAVE_IT,BOTH_HAVE_IT,0,no,no,direct,
N102DZ,2024-03-21,2024-03-23,2,KTEB,Teterboro Airport,0.89,2024-03-21T05:55:17.760000Z,KVNY,Van Nuys Airport,0.31,2024-03-23T04:55:28.390000Z,adsb-lol|airplanes-live,BOTH_HAVE_IT,BOTH_HAVE_IT,1,no,yes,GAP -- aircraft unobserved for 1 day(s) between these two fields; intermediate stops are possible and are NOT ruled out,
N582MM,2024-03-21,2024-03-21,0,KSDL,Scottsdale Airport,1.14,2024-03-21T18:24:31.480000Z,KLAS,Harry Reid International Airport,1.54,2024-03-21T19:10:23.910000Z,adsb-lol|airplanes-live,BOTH_HAVE_IT,BOTH_HAVE_IT,0,no,no,direct,"dest|Las Vegas,NV|2024-03-21|Charlie|12.0"
N582MM,2024-03-21,2024-03-22,1,KLAS,Harry Reid International Airport,1.54,2024-03-21T19:18:55.800000Z,KSDL,Scottsdale Airport,0.71,2024-03-22T03:42:49.110000Z,adsb-lol|airplanes-live,BOTH_HAVE_IT,ONLY_ON_AIRPLANES_LIVE,0,yes,yes,overnight,"origin|Las Vegas,NV|2024-03-21|Charlie|12.0"
CONTROL-RYANAIR,2024-03-22,2024-03-22,0,EIDW,Dublin Airport,0.69,2024-03-22T16:13:04.930000Z,EHEH,Eindhoven Airport,1.03,2024-03-22T17:28:23.750000Z,airplanes-live,BOTH_HAVE_IT,BOTH_HAVE_IT,0,no,no,direct,
CONTROL-RYANAIR,2024-03-22,2024-03-23,1,EHEH,Eindhoven Airport,1.03,2024-03-22T18:17:46.600000Z,EGBB,Birmingham Airport,0.56,2024-03-23T07:52:58.050000Z,airplanes-live,BOTH_HAVE_IT,BOTH_HAVE_IT,0,no,yes,overnight,
N582MM,2024-03-22,2024-03-23,1,KSDL,Scottsdale Airport,0.71,2024-03-22T05:54:00.420000Z,KPHX,Phoenix Sky Harbor International Airport,1.81,2024-03-23T09:09:13.680000Z,adsb-lol|airplanes-live,ONLY_ON_AIRPLANES_LIVE,BOTH_HAVE_IT,0,yes,yes,overnight,
N872RA,2024-03-22,2024-03-22,0,KUDD,Bermuda Dunes Airport,0.25,2024-03-22T14:36:32.840000Z,KSFO,San Francisco International Airport,0.74,2024-03-22T17:17:38.100000Z,airplanes-live,BOTH_HAVE_IT,BOTH_HAVE_IT,0,no,no,direct,
N872RA,2024-03-22,2024-03-22,0,KSFO,San Francisco International Airport,1.9,2024-03-22T20:40:12.900000Z,KSNA,John Wayne Orange County International Airport,0.53,2024-03-22T21:43:59.070000Z,airplanes-live,BOTH_HAVE_IT,BOTH_HAVE_IT,0,no,no,direct,
T7-ELL,2024-03-22,2024-03-26,4,LOWW,Vienna International Airport,2.72,2024-03-22T13:14:04.570000Z,LIRA,Ciampino–G. B. Pastine International Airport,0.18,2024-03-26T14:05:14.010000Z,adsb-lol|airplanes-live,ONLY_ON_AIRPLANES_LIVE,BOTH_HAVE_IT,3,yes,yes,GAP -- aircraft unobserved for 3 day(s) between these two fields; intermediate stops are possible and are NOT ruled out,
CONTROL-LUFTHANSA,2024-03-23,2024-03-28,5,EHAM,Amsterdam Airport Schiphol,1.51,2024-03-23T13:30:26.530000Z,EDDM,Munich Airport,1.08,2024-03-28T04:53:11.910000Z,adsb-lol|airplanes-live,BOTH_HAVE_IT,BOTH_HAVE_IT,4,no,yes,GAP -- aircraft unobserved for 4 day(s) between these two fields; intermediate stops are possible and are NOT ruled out,
CONTROL-RYANAIR,2024-03-23,2024-03-23,0,EGBB,Birmingham Airport,0.56,2024-03-23T07:52:58.050000Z,EIDW,Dublin Airport,1.15,2024-03-23T09:19:20.640000Z,adsb-lol|airplanes-live,BOTH_HAVE_IT,BOTH_HAVE_IT,0,no,no,direct,
CONTROL-RYANAIR,2024-03-23,2024-03-28,5,EIDW,Dublin Airport,1.15,2024-03-23T09:19:21.290000Z,EGNM,Leeds Bradford Airport,1.09,2024-03-28T08:18:54.510000Z,adsb-lol|airplanes-live,BOTH_HAVE_IT,BOTH_HAVE_IT,4,no,yes,GAP -- aircraft unobserved for 4 day(s) between these two fields; intermediate stops are possible and are NOT ruled out,
N102DZ,2024-03-27,2024-03-27,0,KVNY,Van Nuys Airport,0.55,2024-03-27T18:21:05.310000Z,KBUR,Hollywood Burbank/Bob Hope Airport,0.16,2024-03-27T19:37:33.010000Z,airplanes-live,BOTH_HAVE_IT,BOTH_HAVE_IT,0,no,no,direct,
N582MM,2024-03-27,2024-03-27,0,KPHX,Phoenix Sky Harbor International Airport,1.86,2024-03-27T18:55:48.960000Z,KSDL,Scottsdale Airport,1.16,2024-03-27T20:19:20.490000Z,adsb-lol|airplanes-live,BOTH_HAVE_IT,BOTH_HAVE_IT,0,no,no,direct,
T7-ELL,2024-03-27,2024-03-31,4,LIRA,Ciampino–G. B. Pastine International Airport,0.53,2024-03-27T15:05:47.170000Z,EIDW,Dublin Airport,0.48,2024-03-31T09:52:10.970000Z,adsb-lol|airplanes-live,BOTH_HAVE_IT,BOTH_HAVE_IT,3,no,yes,GAP -- aircraft unobserved for 3 day(s) between these two fields; intermediate stops are possible and are NOT ruled out,
CONTROL-LUFTHANSA,2024-03-28,2024-03-30,2,EDDM,Munich Airport,1.08,2024-03-28T04:53:16.550000Z,ENTC,Tromsø Airport,0.11,2024-03-30T11:31:59.240000Z,adsb-lol|airplanes-live,BOTH_HAVE_IT,BOTH_HAVE_IT,1,no,yes,GAP -- aircraft unobserved for 1 day(s) between these two fields; intermediate stops are possible and are NOT ruled out,
CONTROL-RYANAIR,2024-03-28,2024-03-28,0,EGNM,Leeds Bradford Airport,1.09,2024-03-28T08:20:45.200000Z,LEMG,Málaga-Costa del Sol Airport,1.03,2024-03-28T11:13:07.630000Z,airplanes-live,BOTH_HAVE_IT,BOTH_HAVE_IT,0,no,no,direct,
CONTROL-RYANAIR,2024-03-28,2024-03-28,0,LEMG,Málaga-Costa del Sol Airport,0.48,2024-03-28T12:11:09.490000Z,EGNM,Leeds Bradford Airport,0.41,2024-03-28T22:31:05.510000Z,adsb-lol|airplanes-live,BOTH_HAVE_IT,BOTH_HAVE_IT,0,no,no,direct,
N102DZ,2024-03-28,2024-03-28,0,KBUR,Hollywood Burbank/Bob Hope Airport,0.34,2024-03-28T06:56:28.400000Z,KSAC,Sacramento Executive Airport,0.37,2024-03-28T20:28:48.290000Z,adsb-lol|airplanes-live,BOTH_HAVE_IT,BOTH_HAVE_IT,0,no,no,direct,
N582MM,2024-03-28,2024-03-28,0,KSDL,Scottsdale Airport,0.35,2024-03-28T04:03:21.720000Z,,,,2024-03-28T03:21:02.890000Z,adsb-lol|airplanes-live,BOTH_HAVE_IT,BOTH_HAVE_IT,0,no,no,direct,
N582MM,2024-03-28,2024-04-05,8,,,,2024-03-28T04:02:37.650000Z,KORL,Orlando Executive Airport,0.53,2024-04-05T15:45:15.080000Z,adsb-lol|airplanes-live,BOTH_HAVE_IT,BOTH_HAVE_IT,7,no,yes,GAP -- aircraft unobserved for 7 day(s) between these two fields; intermediate stops are possible and are NOT ruled out,
N102DZ,2024-03-29,2024-03-29,0,KSAC,Sacramento Executive Airport,0.57,2024-03-29T15:33:36.160000Z,KSLC,Salt Lake City International Airport,2.15,2024-03-29T16:48:39.130000Z,adsb-lol|airplanes-live,BOTH_HAVE_IT,BOTH_HAVE_IT,0,no,no,direct,
N102DZ,2024-03-29,2024-03-29,0,KSLC,Salt Lake City International Airport,1.77,2024-03-29T18:17:36.550000Z,KVNY,Van Nuys Airport,0.52,2024-03-29T19:50:56.990000Z,adsb-lol|airplanes-live,BOTH_HAVE_IT,BOTH_HAVE_IT,0,no,no,direct,
CONTROL-LUFTHANSA,2024-03-30,2024-04-02,3,ENTC,Tromsø Airport,0.32,2024-03-30T12:48:17.650000Z,EDDB,Berlin Brandenburg Airport,0.91,2024-04-02T08:08:57.290000Z,adsb-lol|airplanes-live,BOTH_HAVE_IT,BOTH_HAVE_IT,2,no,yes,GAP -- aircraft unobserved for 2 day(s) between these two fields; intermediate stops are possible and are NOT ruled out,
CONTROL-RYANAIR,2024-03-30,2024-03-30,0,EGNM,Leeds Bradford Airport,0.57,2024-03-30T23:23:08.660000Z,EGGP,Liverpool John Lennon Airport,0.11,2024-03-30T23:09:15.540000Z,adsb-lol|airplanes-live,BOTH_HAVE_IT,BOTH_HAVE_IT,0,no,no,direct,
T7-ELL,2024-03-31,2024-04-06,6,EIDW,Dublin Airport,1.33,2024-03-31T11:28:46.590000Z,VHHH,Hong Kong International Airport,2.37,2024-04-06T02:38:16.370000Z,adsb-lol|airplanes-live,BOTH_HAVE_IT,BOTH_HAVE_IT,5,no,yes,GAP -- aircraft unobserved for 5 day(s) between these two fields; intermediate stops are possible and are NOT ruled out,
N1098L,2024-04-01,2024-05-01,30,KBIF,Biggs Army Air Field (Fort Bliss),1.89,2024-04-01T20:02:05.630000Z,KTUS,Tucson International Airport,0.88,2024-05-01T17:38:47Z,adsbexchange-samples,HELD_BY_ADSBEXCHANGE-SAMPLES,HELD_BY_ADSBEXCHANGE-SAMPLES,29,yes,yes,GAP -- aircraft unobserved for 29 day(s) between these two fields; intermediate stops are possible and are NOT ruled out,
N560TW,2024-04-01,2024-04-01,0,KSDL,Scottsdale Airport,1.26,2024-04-01T17:11:01.840000Z,KRNO,Reno Tahoe International Airport,0.35,2024-04-01T18:43:19.090000Z,adsb-lol|adsbexchange-samples,BOTH_HAVE_IT,BOTH_HAVE_IT,0,no,no,direct,
N560TW,2024-04-01,2024-04-01,0,KRNO,Reno Tahoe International Airport,0.35,2024-04-01T19:10:31.380000Z,KSDL,Scottsdale Airport,0.16,2024-04-01T20:45:09.480000Z,adsb-lol|adsbexchange-samples|airplanes-live,BOTH_HAVE_IT,BOTH_HAVE_IT,0,no,no,direct,
N872RA,2024-04-01,2024-04-01,0,KSNA,John Wayne Orange County International Airport,0.61,2024-04-01T15:20:27.030000Z,KAPC,Napa County Airport,1.05,2024-04-01T16:27:31.640000Z,adsbexchange-samples,BOTH_HAVE_IT,BOTH_HAVE_IT,0,no,no,direct,
N872RA,2024-04-01,2024-04-02,1,KAPC,Napa County Airport,1.05,2024-04-01T16:29:45.230000Z,KSNA,John Wayne Orange County International Airport,0.09,2024-04-02T18:59:35.230000Z,adsbexchange-samples|airplanes-live,BOTH_HAVE_IT,BOTH_HAVE_IT,0,no,yes,overnight,
CONTROL-RYANAIR,2024-04-02,2024-04-02,0,EGGP,Liverpool John Lennon Airport,0.11,2024-04-02T14:58:38.490000Z,EIDW,Dublin Airport,0.58,2024-04-02T16:48:55.240000Z,adsb-lol|airplanes-live,BOTH_HAVE_IT,BOTH_HAVE_IT,0,no,no,direct,
CONTROL-RYANAIR,2024-04-02,2024-04-02,0,EIDW,Dublin Airport,0.58,2024-04-02T16:49:24.570000Z,EGGP,Liverpool John Lennon Airport,0.44,2024-04-02T17:21:45.230000Z,adsb-lol|airplanes-live,BOTH_HAVE_IT,BOTH_HAVE_IT,0,no,no,direct,
N872RA,2024-04-02,2024-04-02,0,KSNA,John Wayne Orange County International Airport,0.14,2024-04-02T19:01:35.940000Z,KSFO,San Francisco International Airport,0.76,2024-04-02T21:46:55.950000Z,adsb-lol|airplanes-live,BOTH_HAVE_IT,BOTH_HAVE_IT,0,no,no,direct,
N872RA,2024-04-02,2024-04-03,1,KSFO,San Francisco International Airport,0.76,2024-04-02T23:01:02.990000Z,KOAK,Oakland San Francisco Bay Airport,0.64,2024-04-03T18:59:39.870000Z,adsb-lol|airplanes-live,BOTH_HAVE_IT,BOTH_HAVE_IT,0,no,yes,overnight,
CONTROL-LUFTHANSA,2024-04-03,2024-04-03,0,EDDB,Berlin Brandenburg Airport,0.84,2024-04-03T08:02:11.630000Z,EDDH,Hamburg Helmut Schmidt Airport,0.69,2024-04-03T15:40:51.550000Z,adsb-lol|airplanes-live,BOTH_HAVE_IT,BOTH_HAVE_IT,0,no,no,direct,
CONTROL-LUFTHANSA,2024-04-03,2024-04-04,1,EDDH,Hamburg Helmut Schmidt Airport,0.69,2024-04-03T16:34:25.170000Z,EDDM,Munich Airport,1.19,2024-04-04T12:06:34.010000Z,adsb-lol|airplanes-live,BOTH_HAVE_IT,BOTH_HAVE_IT,0,no,yes,overnight,
CONTROL-RYANAIR,2024-04-03,2024-04-03,0,EGGP,Liverpool John Lennon Airport,0.39,2024-04-03T21:22:04.600000Z,EIDW,Dublin Airport,0.67,2024-04-03T21:54:14.550000Z,adsb-lol|airplanes-live,BOTH_HAVE_IT,BOTH_HAVE_IT,0,no,no,direct,
N102DZ,2024-04-03,2024-04-03,0,KVNY,Van Nuys Airport,0.85,2024-04-03T06:28:26.570000Z,KTEB,Teterboro Airport,0.88,2024-04-03T10:59:52.220000Z,adsb-lol|airplanes-live,BOTH_HAVE_IT,BOTH_HAVE_IT,0,no,no,direct,
N102DZ,2024-04-03,2024-04-04,1,KTEB,Teterboro Airport,0.88,2024-04-03T10:59:52.220000Z,KVNY,Van Nuys Airport,0.74,2024-04-04T19:44:48.380000Z,adsb-lol|airplanes-live,BOTH_HAVE_IT,BOTH_HAVE_IT,0,no,yes,overnight,
N872RA,2024-04-03,2024-04-03,0,KOAK,Oakland San Francisco Bay Airport,0.64,2024-04-03T19:17:50.840000Z,KSDL,Scottsdale Airport,0.04,2024-04-03T20:56:44.670000Z,adsb-lol|airplanes-live,BOTH_HAVE_IT,BOTH_HAVE_IT,0,no,no,direct,
CONTROL-LUFTHANSA,2024-04-04,2024-04-04,0,EDDM,Munich Airport,1.1,2024-04-04T16:37:48.210000Z,LBSF,Sofia Airport,0.77,2024-04-04T20:01:43.300000Z,adsb-lol|airplanes-live,BOTH_HAVE_IT,BOTH_HAVE_IT,0,no,no,direct,
CONTROL-LUFTHANSA,2024-04-04,2024-04-15,11,LBSF,Sofia Airport,0.77,2024-04-04T20:04:57.840000Z,EDDM,Munich Airport,0.73,2024-04-15T17:42:57.960000Z,adsb-lol|airplanes-live,BOTH_HAVE_IT,BOTH_HAVE_IT,10,no,yes,GAP -- aircraft unobserved for 10 day(s) between these two fields; intermediate stops are possible and are NOT ruled out,
CONTROL-RYANAIR,2024-04-04,2024-04-14,10,EIDW,Dublin Airport,0.83,2024-04-04T12:02:26.690000Z,LEGE,Girona-Costa Brava Airport,0.43,2024-04-14T19:43:42.970000Z,airplanes-live,BOTH_HAVE_IT,BOTH_HAVE_IT,9,no,yes,GAP -- aircraft unobserved for 9 day(s) between these two fields; intermediate stops are possible and are NOT ruled out,
N872RA,2024-04-04,2024-04-05,1,KSDL,Scottsdale Airport,1.23,2024-04-04T03:33:05.360000Z,KVNY,Van Nuys Airport,0.65,2024-04-05T18:03:18.430000Z,adsb-lol|airplanes-live,BOTH_HAVE_IT,BOTH_HAVE_IT,0,no,yes,overnight,
N582MM,2024-04-05,2024-04-07,2,KORL,Orlando Executive Airport,0.53,2024-04-05T15:48:28.460000Z,KSAN,San Diego International Airport,0.2,2024-04-07T20:09:35.270000Z,adsb-lol|airplanes-live,BOTH_HAVE_IT,BOTH_HAVE_IT,1,no,yes,GAP -- aircraft unobserved for 1 day(s) between these two fields; intermediate stops are possible and are NOT ruled out,
N872RA,2024-04-05,2024-04-07,2,KVNY,Van Nuys Airport,0.65,2024-04-05T18:32:35.560000Z,KSDL,Scottsdale Airport,0.67,2024-04-07T19:53:00.330000Z,adsb-lol|airplanes-live,BOTH_HAVE_IT,BOTH_HAVE_IT,1,no,yes,GAP -- aircraft unobserved for 1 day(s) between these two fields; intermediate stops are possible and are NOT ruled out,
T7-ELL,2024-04-06,2024-05-06,30,VHHH,Hong Kong International Airport,2.37,2024-04-06T02:49:16.040000Z,LSZH,Zürich Airport,1.51,2024-05-06T11:29:19.850000Z,adsb-lol|airplanes-live,BOTH_HAVE_IT,BOTH_HAVE_IT,29,no,yes,GAP -- aircraft unobserved for 29 day(s) between these two fields; intermediate stops are possible and are NOT ruled out,
N582MM,2024-04-07,2024-04-10,3,KSAN,San Diego International Airport,0.2,2024-04-07T20:45:30.200000Z,KSDL,Scottsdale Airport,0.12,2024-04-10T04:20:26.700000Z,adsb-lol|airplanes-live,BOTH_HAVE_IT,BOTH_HAVE_IT,2,no,yes,GAP -- aircraft unobserved for 2 day(s) between these two fields; intermediate stops are possible and are NOT ruled out,
N872RA,2024-04-07,2024-04-08,1,KSDL,Scottsdale Airport,1.24,2024-04-07T20:49:14.870000Z,KSBA,Santa Barbara Municipal Airport,0.6,2024-04-08T18:57:08.660000Z,adsb-lol|airplanes-live,BOTH_HAVE_IT,BOTH_HAVE_IT,0,no,yes,overnight,
N872RA,2024-04-08,2024-04-08,0,KSBA,Santa Barbara Municipal Airport,0.52,2024-04-08T19:56:55.890000Z,KSDL,Scottsdale Airport,0.62,2024-04-08T23:08:47.130000Z,adsb-lol|airplanes-live,BOTH_HAVE_IT,BOTH_HAVE_IT,0,no,no,direct,
N872RA,2024-04-08,2024-04-09,1,KSDL,Scottsdale Airport,0.62,2024-04-08T23:40:36.700000Z,KSLC,Salt Lake City International Airport,1.79,2024-04-09T00:55:29.870000Z,adsb-lol|airplanes-live,BOTH_HAVE_IT,BOTH_HAVE_IT,0,no,yes,overnight,
N560TW,2024-04-09,2024-04-09,0,KSDL,Scottsdale Airport,0.94,2024-04-09T17:06:44.210000Z,KSNA,John Wayne Orange County International Airport,0.75,2024-04-09T18:29:14.010000Z,adsb-lol|airplanes-live,BOTH_HAVE_IT,BOTH_HAVE_IT,0,no,no,direct,
N560TW,2024-04-09,2024-04-24,15,KSNA,John Wayne Orange County International Airport,0.75,2024-04-09T18:29:39.080000Z,KSDL,Scottsdale Airport,1.27,2024-04-24T16:00:11.220000Z,adsb-lol|airplanes-live,BOTH_HAVE_IT,BOTH_HAVE_IT,14,no,yes,GAP -- aircraft unobserved for 14 day(s) between these two fields; intermediate stops are possible and are NOT ruled out,
N872RA,2024-04-09,2024-04-09,0,KSLC,Salt Lake City International Airport,1.82,2024-04-09T14:34:31.200000Z,KUDD,Bermuda Dunes Airport,0.54,2024-04-09T18:20:09.550000Z,adsb-lol|airplanes-live,BOTH_HAVE_IT,BOTH_HAVE_IT,0,no,no,direct,
N872RA,2024-04-09,2024-04-10,1,KUDD,Bermuda Dunes Airport,0.54,2024-04-09T18:21:43.460000Z,KSDL,Scottsdale Airport,0.66,2024-04-10T18:25:26.750000Z,airplanes-live,BOTH_HAVE_IT,BOTH_HAVE_IT,0,no,yes,overnight,
N872RA,2024-04-10,2024-04-10,0,KSDL,Scottsdale Airport,0.66,2024-04-10T19:06:36.820000Z,KSFO,San Francisco International Airport,0.35,2024-04-10T23:48:12.570000Z,adsb-lol|airplanes-live,BOTH_HAVE_IT,BOTH_HAVE_IT,0,no,no,direct,
N582MM,2024-04-11,2024-04-23,12,KSDL,Scottsdale Airport,0.63,2024-04-11T13:02:00.130000Z,KPHX,Phoenix Sky Harbor International Airport,0.86,2024-04-23T02:22:05.800000Z,adsb-lol|airplanes-live,BOTH_HAVE_IT,BOTH_HAVE_IT,11,no,yes,GAP -- aircraft unobserved for 11 day(s) between these two fields; intermediate stops are possible and are NOT ruled out,
N872RA,2024-04-11,2024-04-11,0,KSFO,San Francisco International Airport,0.59,2024-04-11T03:47:49.430000Z,KSJC,Mineta San Jose International Airport,0.59,2024-04-11T17:54:32.870000Z,adsb-lol|airplanes-live,BOTH_HAVE_IT,BOTH_HAVE_IT,0,no,no,direct,
N872RA,2024-04-11,2024-04-11,0,KSJC,Mineta San Jose International Airport,1.01,2024-04-11T20:19:46.380000Z,KSAN,San Diego International Airport,0.94,2024-04-11T21:25:33.020000Z,adsb-lol|airplanes-live,BOTH_HAVE_IT,BOTH_HAVE_IT,0,no,no,direct,
N872RA,2024-04-11,2024-04-21,10,KSAN,San Diego International Airport,1.02,2024-04-11T22:56:14.330000Z,KMRY,Monterey Regional Airport,0.66,2024-04-21T02:14:41.860000Z,adsb-lol|airplanes-live,BOTH_HAVE_IT,BOTH_HAVE_IT,9,no,yes,GAP -- aircraft unobserved for 9 day(s) between these two fields; intermediate stops are possible and are NOT ruled out,
CONTROL-RYANAIR,2024-04-14,2024-04-16,2,LEGE,Girona-Costa Brava Airport,0.43,2024-04-14T20:35:34.570000Z,EGHH,Bournemouth Airport,0.72,2024-04-16T05:39:54.370000Z,airplanes-live,BOTH_HAVE_IT,BOTH_HAVE_IT,1,no,yes,GAP -- aircraft unobserved for 1 day(s) between these two fields; intermediate stops are possible and are NOT ruled out,
CONTROL-LUFTHANSA,2024-04-15,2024-04-16,1,EDDM,Munich Airport,0.73,2024-04-15T17:45:58.620000Z,EHAM,Amsterdam Airport Schiphol,0.82,2024-04-16T14:28:21.450000Z,adsb-lol|airplanes-live,BOTH_HAVE_IT,BOTH_HAVE_IT,0,no,yes,overnight,
CONTROL-LUFTHANSA,2024-04-16,2024-04-18,2,EHAM,Amsterdam Airport Schiphol,0.76,2024-04-16T19:28:33.210000Z,EDDM,Munich Airport,1.24,2024-04-18T05:19:55.040000Z,adsb-lol|airplanes-live,BOTH_HAVE_IT,BOTH_HAVE_IT,1,no,yes,GAP -- aircraft unobserved for 1 day(s) between these two fields; intermediate stops are possible and are NOT ruled out,
CONTROL-RYANAIR,2024-04-16,2024-04-16,0,EGHH,Bournemouth Airport,0.72,2024-04-16T05:46:01.660000Z,LEMG,Málaga-Costa del Sol Airport,0.43,2024-04-16T08:55:18.320000Z,airplanes-live,BOTH_HAVE_IT,BOTH_HAVE_IT,0,no,no,direct,
CONTROL-RYANAIR,2024-04-16,2024-04-16,0,LEMG,Málaga-Costa del Sol Airport,0.43,2024-04-16T09:00:35.620000Z,EGHH,Bournemouth Airport,0.52,2024-04-16T11:37:23.640000Z,airplanes-live,BOTH_HAVE_IT,BOTH_HAVE_IT,0,no,no,direct,
CONTROL-RYANAIR,2024-04-16,2024-04-16,0,EGHH,Bournemouth Airport,0.41,2024-04-16T16:14:09.500000Z,LEPA,Palma de Mallorca Airport,0.78,2024-04-16T18:01:30.300000Z,airplanes-live,BOTH_HAVE_IT,BOTH_HAVE_IT,0,no,no,direct,
CONTROL-RYANAIR,2024-04-16,2024-04-16,0,LEPA,Palma de Mallorca Airport,0.34,2024-04-16T19:29:30.400000Z,EGHH,Bournemouth Airport,0.45,2024-04-16T21:41:43.630000Z,airplanes-live,BOTH_HAVE_IT,BOTH_HAVE_IT,0,no,no,direct,
CONTROL-LUFTHANSA,2024-04-18,2024-04-19,1,EDDM,Munich Airport,1.24,2024-04-18T05:19:55.040000Z,LOWW,Vienna International Airport,0.83,2024-04-19T05:50:10.500000Z,adsb-lol|airplanes-live,BOTH_HAVE_IT,BOTH_HAVE_IT,0,no,yes,overnight,
CONTROL-RYANAIR,2024-04-18,2024-04-18,0,EGHH,Bournemouth Airport,0.4,2024-04-18T05:38:28.350000Z,LEPA,Palma de Mallorca Airport,0.59,2024-04-18T07:27:09.070000Z,airplanes-live,BOTH_HAVE_IT,BOTH_HAVE_IT,0,no,no,direct,
CONTROL-RYANAIR,2024-04-18,2024-04-18,0,LEPA,Palma de Mallorca Airport,0.68,2024-04-18T08:30:55.940000Z,EGHH,Bournemouth Airport,0.51,2024-04-18T10:45:30.710000Z,airplanes-live,BOTH_HAVE_IT,BOTH_HAVE_IT,0,no,no,direct,
CONTROL-RYANAIR,2024-04-18,2024-04-18,0,EGHH,Bournemouth Airport,0.41,2024-04-18T11:50:12.550000Z,GCTS,Tenerife Sur Airport,0.88,2024-04-18T15:38:47.400000Z,airplanes-live,BOTH_HAVE_IT,BOTH_HAVE_IT,0,no,no,direct,
CONTROL-RYANAIR,2024-04-18,2024-04-18,0,GCTS,Tenerife Sur Airport,0.88,2024-04-18T16:30:28.160000Z,EGHH,Bournemouth Airport,0.47,2024-04-18T20:13:21.310000Z,airplanes-live,BOTH_HAVE_IT,BOTH_HAVE_IT,0,no,no,direct,
CONTROL-RYANAIR,2024-04-18,2024-04-20,2,EGHH,Bournemouth Airport,0.47,2024-04-18T20:19:40.510000Z,LQSA,Sarajevo International Airport,3.17,2024-04-20T08:45:35.060000Z,airplanes-live,BOTH_HAVE_IT,BOTH_HAVE_IT,1,no,yes,GAP -- aircraft unobserved for 1 day(s) between these two fields; intermediate stops are possible and are NOT ruled out,
SU-BND,2024-04-18,2024-04-19,1,LGPZ,Aktion National Airport,3.98,2024-04-18T08:52:06.650000Z,KSLC,Salt Lake City International Airport,1.66,2024-04-19T20:03:15.300000Z,adsb-lol|airplanes-live,BOTH_HAVE_IT,BOTH_HAVE_IT,0,no,yes,overnight,
CONTROL-LUFTHANSA,2024-04-19,2024-04-19,0,LOWW,Vienna International Airport,0.55,2024-04-19T07:34:32.920000Z,LOWL,Linz-Hörsching Airport,0.5,2024-04-19T07:32:33.970000Z,adsb-lol|airplanes-live,BOTH_HAVE_IT,BOTH_HAVE_IT,0,no,no,direct,
CONTROL-LUFTHANSA,2024-04-19,2024-04-19,0,LOWL,Linz-Hörsching Airport,0.5,2024-04-19T08:26:12.800000Z,EDDM,Munich Airport,0.92,2024-04-19T09:39:02.250000Z,airplanes-live,BOTH_HAVE_IT,BOTH_HAVE_IT,0,no,no,direct,
CONTROL-LUFTHANSA,2024-04-19,2024-04-20,1,EDDM,Munich Airport,0.77,2024-04-19T19:21:20.660000Z,LBSF,Sofia Airport,0.77,2024-04-20T16:09:26.870000Z,airplanes-live,BOTH_HAVE_IT,BOTH_HAVE_IT,0,no,yes,overnight,
SU-BND,2024-04-19,2024-04-19,0,KSLC,Salt Lake City International Airport,1.66,2024-04-19T20:07:56.960000Z,KPVU,Provo Municipal Airport,1.03,2024-04-19T21:33:34.670000Z,adsb-lol|airplanes-live,BOTH_HAVE_IT,BOTH_HAVE_IT,0,no,no,direct,
CONTROL-LUFTHANSA,2024-04-20,2024-04-21,1,LBSF,Sofia Airport,0.77,2024-04-20T17:04:00.920000Z,LICC,Catania-Fontanarossa Airport,1.24,2024-04-21T04:22:17.820000Z,airplanes-live,BOTH_HAVE_IT,BOTH_HAVE_IT,0,no,yes,overnight,
CONTROL-RYANAIR,2024-04-20,2024-04-20,0,LQSA,Sarajevo International Airport,3.17,2024-04-20T08:45:38.760000Z,LGRP,"Rhodes International Airport ""Diagoras""",0.36,2024-04-20T10:21:34.390000Z,airplanes-live,BOTH_HAVE_IT,BOTH_HAVE_IT,0,no,no,direct,
CONTROL-RYANAIR,2024-04-20,2024-04-20,0,LGRP,"Rhodes International Airport ""Diagoras""",0.36,2024-04-20T10:24:28.390000Z,LIRA,Ciampino–G. B. Pastine International Airport,0.32,2024-04-20T17:20:42.050000Z,adsb-lol|airplanes-live,BOTH_HAVE_IT,BOTH_HAVE_IT,0,no,no,direct,
CONTROL-LUFTHANSA,2024-04-21,2024-04-21,0,LICC,Catania-Fontanarossa Airport,1.24,2024-04-21T04:24:38.320000Z,EDDM,Munich Airport,0.78,2024-04-21T06:12:14Z,adsb-lol|airplanes-live,BOTH_HAVE_IT,BOTH_HAVE_IT,0,no,no,direct,
CONTROL-LUFTHANSA,2024-04-21,2024-04-21,0,EDDM,Munich Airport,1.0,2024-04-21T07:37:17.600000Z,EDDB,Berlin Brandenburg Airport,0.19,2024-04-21T08:35:12.390000Z,airplanes-live,BOTH_HAVE_IT,BOTH_HAVE_IT,0,no,no,direct,
CONTROL-LUFTHANSA,2024-04-21,2024-04-21,0,EDDB,Berlin Brandenburg Airport,0.59,2024-04-21T09:35:04.360000Z,EDDM,Munich Airport,0.78,2024-04-21T10:27:22.660000Z,airplanes-live,BOTH_HAVE_IT,BOTH_HAVE_IT,0,no,no,direct,
CONTROL-LUFTHANSA,2024-04-21,2024-04-21,0,EDDM,Munich Airport,1.06,2024-04-21T11:40:53.530000Z,EDDL,Düsseldorf Airport,0.49,2024-04-21T12:32:32.940000Z,airplanes-live,BOTH_HAVE_IT,BOTH_HAVE_IT,0,no,no,direct,
CONTROL-LUFTHANSA,2024-04-21,2024-04-21,0,EDDL,Düsseldorf Airport,1.02,2024-04-21T13:50:35.850000Z,EDDM,Munich Airport,0.71,2024-04-21T14:46:05.070000Z,airplanes-live,BOTH_HAVE_IT,BOTH_HAVE_IT,0,no,no,direct,
CONTROL-LUFTHANSA,2024-04-21,2024-04-21,0,EDDM,Munich Airport,1.1,2024-04-21T15:51:18.050000Z,EDDL,Düsseldorf Airport,0.8,2024-04-21T16:44:52.900000Z,airplanes-live,BOTH_HAVE_IT,BOTH_HAVE_IT,0,no,no,direct,
CONTROL-LUFTHANSA,2024-04-21,2024-04-21,0,EDDL,Düsseldorf Airport,1.33,2024-04-21T18:06:22.230000Z,EDDM,Munich Airport,0.86,2024-04-21T18:53:57.720000Z,airplanes-live,BOTH_HAVE_IT,BOTH_HAVE_IT,0,no,no,direct,
CONTROL-LUFTHANSA,2024-04-21,2024-04-21,0,EDDM,Munich Airport,0.89,2024-04-21T20:28:50.380000Z,EDDK,Cologne Bonn Airport,1.95,2024-04-21T21:15:35.170000Z,adsb-lol|airplanes-live,BOTH_HAVE_IT,BOTH_HAVE_IT,0,no,no,direct,
N872RA,2024-04-21,2024-04-23,2,KMRY,Monterey Regional Airport,0.66,2024-04-21T02:42:53.370000Z,KWVI,Watsonville Municipal Airport,2.92,2024-04-23T16:45:55.850000Z,adsb-lol|airplanes-live,BOTH_HAVE_IT,BOTH_HAVE_IT,1,no,yes,GAP -- aircraft unobserved for 1 day(s) between these two fields; intermediate stops are possible and are NOT ruled out,
CONTROL-LUFTHANSA,2024-04-22,2024-04-23,1,EDDK,Cologne Bonn Airport,1.93,2024-04-22T04:20:20.730000Z,EPKK,Kraków John Paul II International Airport,1.13,2024-04-23T03:53:09.310000Z,adsb-lol|airplanes-live,BOTH_HAVE_IT,BOTH_HAVE_IT,0,no,yes,overnight,
CONTROL-RYANAIR,2024-04-22,2024-04-28,6,LIRA,Ciampino–G. B. Pastine International Airport,0.33,2024-04-22T07:06:18.610000Z,LEMD,Adolfo Suárez Madrid–Barajas Airport,1.79,2024-04-28T07:19:12.440000Z,adsb-lol|airplanes-live,BOTH_HAVE_IT,BOTH_HAVE_IT,5,no,yes,GAP -- aircraft unobserved for 5 day(s) between these two fields; intermediate stops are possible and are NOT ruled out,
CONTROL-LUFTHANSA,2024-04-23,2024-04-23,0,EPKK,Kraków John Paul II International Airport,1.13,2024-04-23T04:01:24.920000Z,EDDM,Munich Airport,0.87,2024-04-23T05:10:23.190000Z,airplanes-live,BOTH_HAVE_IT,BOTH_HAVE_IT,0,no,no,direct,
CONTROL-LUFTHANSA,2024-04-23,2024-04-23,0,EDDM,Munich Airport,0.91,2024-04-23T10:40:22.250000Z,EDDW,Bremen Airport,0.88,2024-04-23T12:20:41.760000Z,airplanes-live,BOTH_HAVE_IT,BOTH_HAVE_IT,0,no,no,direct,
CONTROL-LUFTHANSA,2024-04-23,2024-04-23,0,EDDW,Bremen Airport,0.88,2024-04-23T12:27:07.260000Z,EDDM,Munich Airport,0.68,2024-04-23T13:21:26.670000Z,airplanes-live,BOTH_HAVE_IT,BOTH_HAVE_IT,0,no,no,direct,
CONTROL-LUFTHANSA,2024-04-23,2024-04-23,0,EDDM,Munich Airport,0.85,2024-04-23T14:32:33.250000Z,EDDH,Hamburg Helmut Schmidt Airport,0.75,2024-04-23T15:30:32.760000Z,adsb-lol|airplanes-live,BOTH_HAVE_IT,BOTH_HAVE_IT,0,no,no,direct,
CONTROL-LUFTHANSA,2024-04-23,2024-04-23,0,EDDH,Hamburg Helmut Schmidt Airport,0.75,2024-04-23T16:24:45.860000Z,EDDM,Munich Airport,0.71,2024-04-23T17:29:47.460000Z,adsb-lol|airplanes-live,BOTH_HAVE_IT,BOTH_HAVE_IT,0,no,no,direct,
CONTROL-LUFTHANSA,2024-04-23,2024-04-23,0,EDDM,Munich Airport,1.03,2024-04-23T19:17:50.090000Z,EDDL,Düsseldorf Airport,0.94,2024-04-23T20:13:16.500000Z,airplanes-live,BOTH_HAVE_IT,BOTH_HAVE_IT,0,no,no,direct,
CONTROL-LUFTHANSA,2024-04-23,2024-04-24,1,EDDL,Düsseldorf Airport,0.94,2024-04-23T20:13:59.140000Z,EDDH,Hamburg Helmut Schmidt Airport,0.71,2024-04-24T15:28:14.210000Z,adsb-lol|airplanes-live,BOTH_HAVE_IT,BOTH_HAVE_IT,0,no,yes,overnight,
N102DZ,2024-04-23,2024-04-24,1,KVNY,Van Nuys Airport,1.05,2024-04-23T21:33:15.430000Z,KMDW,Chicago Midway International Airport,0.58,2024-04-24T19:38:27.860000Z,adsb-lol|airplanes-live,BOTH_HAVE_IT,BOTH_HAVE_IT,0,no,yes,overnight,
N582MM,2024-04-23,2024-04-23,0,KPHX,Phoenix Sky Harbor International Airport,0.86,2024-04-23T02:48:19.630000Z,KSDL,Scottsdale Airport,1.18,2024-04-23T16:13:02.150000Z,adsb-lol|airplanes-live,BOTH_HAVE_IT,BOTH_HAVE_IT,0,no,no,direct,
N582MM,2024-04-23,2024-04-23,0,KSDL,Scottsdale Airport,1.18,2024-04-23T16:13:25.900000Z,KSLC,Salt Lake City International Airport,2.01,2024-04-23T17:24:37.110000Z,adsb-lol|airplanes-live,BOTH_HAVE_IT,BOTH_HAVE_IT,0,no,no,direct,"dest|Salt Lake City,UT|2024-04-23|Charlie|1.5"
N872RA,2024-04-23,2024-05-05,12,KWVI,Watsonville Municipal Airport,2.92,2024-04-23T16:46:28.410000Z,KSDL,Scottsdale Airport,0.61,2024-05-05T18:20:29.310000Z,adsb-lol|airplanes-live,BOTH_HAVE_IT,BOTH_HAVE_IT,11,no,yes,GAP -- aircraft unobserved for 11 day(s) between these two fields; intermediate stops are possible and are NOT ruled out,
CONTROL-LUFTHANSA,2024-04-24,2024-04-27,3,EDDH,Hamburg Helmut Schmidt Airport,0.93,2024-04-24T16:31:35.480000Z,EDDM,Munich Airport,1.16,2024-04-27T05:46:35.030000Z,adsb-lol|airplanes-live,BOTH_HAVE_IT,BOTH_HAVE_IT,2,no,yes,GAP -- aircraft unobserved for 2 day(s) between these two fields; intermediate stops are possible and are NOT ruled out,
N102DZ,2024-04-24,2024-05-06,12,KMDW,Chicago Midway International Airport,0.58,2024-04-24T19:40:08.290000Z,KVNY,Van Nuys Airport,0.79,2024-05-06T14:27:47.910000Z,adsb-lol|airplanes-live,BOTH_HAVE_IT,BOTH_HAVE_IT,11,no,yes,GAP -- aircraft unobserved for 11 day(s) between these two fields; intermediate stops are possible and are NOT ruled out,
N582MM,2024-04-24,2024-04-24,0,KSLC,Salt Lake City International Airport,2.38,2024-04-24T03:18:47.830000Z,KSDL,Scottsdale Airport,0.2,2024-04-24T04:31:59.580000Z,adsb-lol|airplanes-live,BOTH_HAVE_IT,BOTH_HAVE_IT,0,no,no,direct,"origin|Salt Lake City,UT|2024-04-23|Charlie|1.6"
N582MM,2024-04-24,2024-04-24,0,KSDL,Scottsdale Airport,0.2,2024-04-24T05:33:58.250000Z,KPHX,Phoenix Sky Harbor International Airport,1.26,2024-04-24T05:27:33.290000Z,adsb-lol|airplanes-live,BOTH_HAVE_IT,BOTH_HAVE_IT,0,no,no,direct,
N582MM,2024-04-24,2024-06-01,38,KPHX,Phoenix Sky Harbor International Airport,1.97,2024-04-24T15:50:02.970000Z,KISP,Long Island MacArthur Airport,0.6,2024-06-01T15:28:03.220000Z,adsb-lol|adsbexchange-samples|airplanes-live,BOTH_HAVE_IT,HELD_BY_ADSBEXCHANGE-SAMPLES,37,yes,yes,GAP -- aircraft unobserved for 37 day(s) between these two fields; intermediate stops are possible and are NOT ruled out,
CONTROL-LUFTHANSA,2024-04-27,2024-04-27,0,EDDM,Munich Airport,1.16,2024-04-27T06:33:38.830000Z,LOWW,Vienna International Airport,0.75,2024-04-27T05:53:28.520000Z,adsb-lol|airplanes-live,BOTH_HAVE_IT,BOTH_HAVE_IT,0,no,no,direct,
CONTROL-LUFTHANSA,2024-04-27,2024-04-27,0,LOWW,Vienna International Airport,1.18,2024-04-27T08:19:54.420000Z,EDDM,Munich Airport,2.3,2024-04-27T09:51:17.740000Z,adsb-lol|airplanes-live,BOTH_HAVE_IT,BOTH_HAVE_IT,0,no,no,direct,
CONTROL-LUFTHANSA,2024-04-27,2024-04-27,0,EDDM,Munich Airport,2.3,2024-04-27T10:09:45.360000Z,LHBP,Budapest Liszt Ferenc International Airport,0.6,2024-04-27T11:05:09.990000Z,airplanes-live,BOTH_HAVE_IT,BOTH_HAVE_IT,0,no,no,direct,
CONTROL-LUFTHANSA,2024-04-27,2024-04-27,0,LHBP,Budapest Liszt Ferenc International Airport,0.6,2024-04-27T11:57:47.080000Z,EDDM,Munich Airport,0.98,2024-04-27T13:00:30.760000Z,airplanes-live,BOTH_HAVE_IT,BOTH_HAVE_IT,0,no,no,direct,
CONTROL-LUFTHANSA,2024-04-27,2024-04-27,0,EDDM,Munich Airport,1.23,2024-04-27T15:29:59.710000Z,EDDH,Hamburg Helmut Schmidt Airport,0.67,2024-04-27T16:28:27.370000Z,adsb-lol|airplanes-live,BOTH_HAVE_IT,BOTH_HAVE_IT,0,no,no,direct,
CONTROL-LUFTHANSA,2024-04-27,2024-04-27,0,EDDH,Hamburg Helmut Schmidt Airport,1.04,2024-04-27T17:25:17.510000Z,EDDM,Munich Airport,0.79,2024-04-27T18:32:49.610000Z,adsb-lol|airplanes-live,BOTH_HAVE_IT,BOTH_HAVE_IT,0,no,no,direct,
CONTROL-LUFTHANSA,2024-04-27,2024-04-27,0,EDDM,Munich Airport,0.84,2024-04-27T20:04:37.860000Z,EDDW,Bremen Airport,0.24,2024-04-27T20:59:33.530000Z,adsb-lol|airplanes-live,BOTH_HAVE_IT,BOTH_HAVE_IT,0,no,no,direct,
CONTROL-LUFTHANSA,2024-04-27,2024-04-28,1,EDDW,Bremen Airport,0.24,2024-04-27T21:02:50.190000Z,EHAM,Amsterdam Airport Schiphol,1.62,2024-04-28T08:28:05.950000Z,adsb-lol|airplanes-live,BOTH_HAVE_IT,BOTH_HAVE_IT,0,no,yes,overnight,
CONTROL-LUFTHANSA,2024-04-28,2024-04-29,1,EHAM,Amsterdam Airport Schiphol,0.84,2024-04-28T19:42:39.170000Z,EDDM,Munich Airport,1.02,2024-04-29T07:03:50.450000Z,adsb-lol|airplanes-live,BOTH_HAVE_IT,BOTH_HAVE_IT,0,no,yes,overnight,
CONTROL-RYANAIR,2024-04-28,2024-04-28,0,LEMD,Adolfo Suárez Madrid–Barajas Airport,1.79,2024-04-28T08:17:22.980000Z,EBBR,Brussels Airport,0.69,2024-04-28T11:57:53.130000Z,adsb-lol|airplanes-live,BOTH_HAVE_IT,BOTH_HAVE_IT,0,no,no,direct,
CONTROL-RYANAIR,2024-04-28,2024-04-28,0,EBBR,Brussels Airport,0.69,2024-04-28T12:54:11.260000Z,LPPR,Francisco de Sá Carneiro Airport,4.48,2024-04-28T15:09:08.820000Z,adsb-lol|airplanes-live,BOTH_HAVE_IT,BOTH_HAVE_IT,0,no,no,direct,
CONTROL-RYANAIR,2024-04-28,2024-04-28,0,LPPR,Francisco de Sá Carneiro Airport,4.48,2024-04-28T15:09:08.820000Z,GCTS,Tenerife Sur Airport,0.45,2024-04-28T18:25:26.100000Z,airplanes-live,BOTH_HAVE_IT,BOTH_HAVE_IT,0,no,no,direct,
CONTROL-RYANAIR,2024-04-28,2024-04-28,0,GCTS,Tenerife Sur Airport,0.45,2024-04-28T19:20:14.650000Z,LPPR,Francisco de Sá Carneiro Airport,0.78,2024-04-28T21:37:15.570000Z,airplanes-live,BOTH_HAVE_IT,BOTH_HAVE_IT,0,no,no,direct,
CONTROL-RYANAIR,2024-04-28,2024-04-29,1,LPPR,Francisco de Sá Carneiro Airport,0.78,2024-04-28T21:37:27.700000Z,EKCH,Copenhagen Kastrup Airport,0.47,2024-04-29T10:15:58.500000Z,airplanes-live,BOTH_HAVE_IT,BOTH_HAVE_IT,0,no,yes,overnight,
SU-BTT,2024-04-28,2024-04-30,2,KPVU,Provo Municipal Airport,1.5,2024-04-28T14:16:07.340000Z,KILG,Wilmington Airport,0.56,2024-04-30T11:56:41.280000Z,adsb-lol|airplanes-live,BOTH_HAVE_IT,BOTH_HAVE_IT,1,no,yes,GAP -- aircraft unobserved for 1 day(s) between these two fields; intermediate stops are possible and are NOT ruled out,
CONTROL-LUFTHANSA,2024-04-29,2024-04-29,0,EDDM,Munich Airport,1.02,2024-04-29T07:07:30.340000Z,EDDH,Hamburg Helmut Schmidt Airport,0.79,2024-04-29T08:08:22.840000Z,adsb-lol|airplanes-live,BOTH_HAVE_IT,BOTH_HAVE_IT,0,no,no,direct,
CONTROL-LUFTHANSA,2024-04-29,2024-04-29,0,EDDH,Hamburg Helmut Schmidt Airport,0.79,2024-04-29T08:55:59.440000Z,EDDM,Munich Airport,1.17,2024-04-29T10:47:44.670000Z,adsb-lol|airplanes-live,BOTH_HAVE_IT,BOTH_HAVE_IT,0,no,no,direct,
CONTROL-LUFTHANSA,2024-04-29,2024-04-29,0,EDDM,Munich Airport,1.17,2024-04-29T10:51:52.040000Z,EDDB,Berlin Brandenburg Airport,0.62,2024-04-29T11:37:40.140000Z,airplanes-live,BOTH_HAVE_IT,BOTH_HAVE_IT,0,no,no,direct,
CONTROL-LUFTHANSA,2024-04-29,2024-04-29,0,EDDB,Berlin Brandenburg Airport,0.62,2024-04-29T12:20:23.350000Z,EDDM,Munich Airport,0.79,2024-04-29T13:15:44.360000Z,airplanes-live,BOTH_HAVE_IT,BOTH_HAVE_IT,0,no,no,direct,
CONTROL-LUFTHANSA,2024-04-29,2024-04-29,0,EDDM,Munich Airport,1.21,2024-04-29T20:30:09.270000Z,LHBP,Budapest Liszt Ferenc International Airport,0.82,2024-04-29T21:25:22.060000Z,adsb-lol|airplanes-live,BOTH_HAVE_IT,BOTH_HAVE_IT,0,no,no,direct,
CONTROL-LUFTHANSA,2024-04-29,2024-05-02,3,LHBP,Budapest Liszt Ferenc International Airport,0.82,2024-04-29T21:30:18.260000Z,EDDK,Cologne Bonn Airport,1.86,2024-05-02T03:56:19.560000Z,adsb-lol|airplanes-live,BOTH_HAVE_IT,BOTH_HAVE_IT,2,no,yes,GAP -- aircraft unobserved for 2 day(s) between these two fields; intermediate stops are possible and are NOT ruled out,
CONTROL-RYANAIR,2024-04-29,2024-05-02,3,EKCH,Copenhagen Kastrup Airport,0.47,2024-04-29T10:16:53.190000Z,EGSS,London Stansted Airport,0.21,2024-05-02T15:18:16.440000Z,adsb-lol|airplanes-live,BOTH_HAVE_IT,BOTH_HAVE_IT,2,no,yes,GAP -- aircraft unobserved for 2 day(s) between these two fields; intermediate stops are possible and are NOT ruled out,
SU-BTT,2024-04-30,2025-04-08,343,KILG,Wilmington Airport,0.56,2024-04-30T11:56:55.440000Z,HEAR,El Arish International Airport,1.09,2025-04-08T08:15:23.530000Z,adsb-lol|airplanes-live,BOTH_HAVE_IT,BOTH_HAVE_IT,342,no,yes,GAP -- aircraft unobserved for 342 day(s) between these two fields; intermediate stops are possible and are NOT ruled out,
N1098L,2024-05-01,2024-06-01,31,KTUS,Tucson International Airport,0.88,2024-05-01T17:56:16.610000Z,KBFI,King County International Airport - Boeing Field,0.83,2024-06-01T18:41:51.380000Z,adsbexchange-samples,HELD_BY_ADSBEXCHANGE-SAMPLES,HELD_BY_ADSBEXCHANGE-SAMPLES,30,yes,yes,GAP -- aircraft unobserved for 30 day(s) between these two fields; intermediate stops are possible and are NOT ruled out,
N2100L,2024-05-01,2024-05-01,0,KBIF,Biggs Army Air Field (Fort Bliss),0.17,2024-05-01T00:12:08.200000Z,KLAS,Harry Reid International Airport,1.39,2024-05-01T16:48:36.690000Z,adsbexchange-samples,HELD_BY_ADSBEXCHANGE-SAMPLES,HELD_BY_ADSBEXCHANGE-SAMPLES,0,yes,no,direct,
N2100L,2024-05-01,2024-05-01,0,KLAS,Harry Reid International Airport,1.39,2024-05-01T17:03:40.270000Z,KBOI,Boise Air Terminal/Gowen Field,0.22,2024-05-01T18:18:46.430000Z,adsbexchange-samples,HELD_BY_ADSBEXCHANGE-SAMPLES,HELD_BY_ADSBEXCHANGE-SAMPLES,0,yes,no,direct,
N2100L,2024-05-01,2024-05-01,0,KBOI,Boise Air Terminal/Gowen Field,0.22,2024-05-01T18:29:02.280000Z,KLMT,Crater Lake-Klamath Regional Airport,0.69,2024-05-01T19:21:28.960000Z,adsbexchange-samples,HELD_BY_ADSBEXCHANGE-SAMPLES,HELD_BY_ADSBEXCHANGE-SAMPLES,0,yes,no,direct,
N2100L,2024-05-01,2024-05-01,0,KLMT,Crater Lake-Klamath Regional Airport,0.69,2024-05-01T19:33:59.900000Z,KSAN,San Diego International Airport,0.37,2024-05-01T21:00:29.910000Z,adsbexchange-samples,HELD_BY_ADSBEXCHANGE-SAMPLES,HELD_BY_ADSBEXCHANGE-SAMPLES,0,yes,no,direct,
N2100L,2024-05-01,2024-06-01,31,KSAN,San Diego International Airport,1.03,2024-05-01T22:58:35.160000Z,KBOI,Boise Air Terminal/Gowen Field,1.05,2024-06-01T18:04:25.560000Z,adsbexchange-samples,HELD_BY_ADSBEXCHANGE-SAMPLES,HELD_BY_ADSBEXCHANGE-SAMPLES,30,yes,yes,GAP -- aircraft unobserved for 30 day(s) between these two fields; intermediate stops are possible and are NOT ruled out,
CONTROL-LUFTHANSA,2024-05-02,2024-05-03,1,EDDK,Cologne Bonn Airport,1.86,2024-05-02T03:58:00.550000Z,LRTR,Timișoara Traian Vuia International Airport,1.61,2024-05-03T03:11:54.280000Z,adsb-lol|airplanes-live,BOTH_HAVE_IT,BOTH_HAVE_IT,0,no,yes,overnight,
CONTROL-RYANAIR,2024-05-02,2024-05-02,0,EGSS,London Stansted Airport,1.49,2024-05-02T16:15:33.570000Z,EIKN,Ireland West Airport Knock,0.67,2024-05-02T17:19:36.250000Z,adsb-lol|airplanes-live,BOTH_HAVE_IT,BOTH_HAVE_IT,0,no,no,direct,
CONTROL-RYANAIR,2024-05-02,2024-05-02,0,EIKN,Ireland West Airport Knock,0.67,2024-05-02T18:02:47.540000Z,EGSS,London Stansted Airport,0.3,2024-05-02T19:13:59.040000Z,adsb-lol|airplanes-live,BOTH_HAVE_IT,BOTH_HAVE_IT,0,no,no,direct,
CONTROL-RYANAIR,2024-05-02,2024-05-02,0,EGSS,London Stansted Airport,0.3,2024-05-02T19:19:02.060000Z,EIDW,Dublin Airport,0.28,2024-05-02T21:23:11.140000Z,adsb-lol|airplanes-live,BOTH_HAVE_IT,BOTH_HAVE_IT,0,no,no,direct,
CONTROL-RYANAIR,2024-05-02,2024-05-02,0,EIDW,Dublin Airport,0.57,2024-05-02T22:15:47.880000Z,EGSS,London Stansted Airport,0.21,2024-05-02T23:20:41.370000Z,adsb-lol|airplanes-live,BOTH_HAVE_IT,BOTH_HAVE_IT,0,no,no,direct,
CONTROL-LUFTHANSA,2024-05-03,2024-05-03,0,LRTR,Timișoara Traian Vuia International Airport,1.61,2024-05-03T03:12:30.790000Z,EDDM,Munich Airport,0.8,2024-05-03T04:21:51.080000Z,airplanes-live,BOTH_HAVE_IT,BOTH_HAVE_IT,0,no,no,direct,
CONTROL-LUFTHANSA,2024-05-03,2024-05-03,0,EDDM,Munich Airport,1.02,2024-05-03T05:46:29.470000Z,LOWW,Vienna International Airport,0.69,2024-05-03T06:37:14.580000Z,adsb-lol|airplanes-live,BOTH_HAVE_IT,BOTH_HAVE_IT,0,no,no,direct,
CONTROL-LUFTHANSA,2024-05-03,2024-05-03,0,LOWW,Vienna International Airport,0.69,2024-05-03T08:19:00.650000Z,EDDM,Munich Airport,1.05,2024-05-03T09:40:40.540000Z,adsb-lol|airplanes-live,BOTH_HAVE_IT,BOTH_HAVE_IT,0,no,no,direct,
CONTROL-LUFTHANSA,2024-05-03,2024-05-03,0,EDDM,Munich Airport,1.05,2024-05-03T09:43:25.690000Z,EDDH,Hamburg Helmut Schmidt Airport,0.65,2024-05-03T10:47:38.890000Z,adsb-lol|airplanes-live,BOTH_HAVE_IT,BOTH_HAVE_IT,0,no,no,direct,
CONTROL-LUFTHANSA,2024-05-03,2024-05-03,0,EDDH,Hamburg Helmut Schmidt Airport,0.99,2024-05-03T11:44:15.550000Z,EDDM,Munich Airport,0.76,2024-05-03T12:47:21.550000Z,adsb-lol|airplanes-live,BOTH_HAVE_IT,BOTH_HAVE_IT,0,no,no,direct,
CONTROL-LUFTHANSA,2024-05-03,2024-05-03,0,EDDM,Munich Airport,0.82,2024-05-03T14:19:29.010000Z,LBSF,Sofia Airport,0.44,2024-05-03T15:57:19.250000Z,airplanes-live,BOTH_HAVE_IT,BOTH_HAVE_IT,0,no,no,direct,
CONTROL-LUFTHANSA,2024-05-03,2024-05-03,0,LBSF,Sofia Airport,0.44,2024-05-03T16:42:21.040000Z,EDDM,Munich Airport,0.71,2024-05-03T18:19:03.040000Z,airplanes-live,BOTH_HAVE_IT,BOTH_HAVE_IT,0,no,no,direct,
CONTROL-LUFTHANSA,2024-05-03,2024-05-03,0,EDDM,Munich Airport,0.86,2024-05-03T19:50:14.620000Z,EDDW,Bremen Airport,0.93,2024-05-03T20:46:33.090000Z,airplanes-live,BOTH_HAVE_IT,BOTH_HAVE_IT,0,no,no,direct,
CONTROL-RYANAIR,2024-05-03,2024-05-03,0,EGSS,London Stansted Airport,1.76,2024-05-03T05:25:02.240000Z,EHEH,Eindhoven Airport,0.96,2024-05-03T06:16:26.720000Z,adsb-lol|airplanes-live,BOTH_HAVE_IT,BOTH_HAVE_IT,0,no,no,direct,
CONTROL-RYANAIR,2024-05-03,2024-05-03,0,EHEH,Eindhoven Airport,1.12,2024-05-03T14:30:30.330000Z,EGSS,London Stansted Airport,1.74,2024-05-03T15:20:31.180000Z,adsb-lol|airplanes-live,BOTH_HAVE_IT,BOTH_HAVE_IT,0,no,no,direct,
CONTROL-LUFTHANSA,2024-05-04,2024-05-04,0,EDDW,Bremen Airport,0.5,2024-05-04T04:30:52.760000Z,EGCC,Manchester Airport,0.73,2024-05-04T08:53:31.840000Z,adsb-lol|airplanes-live,BOTH_HAVE_IT,BOTH_HAVE_IT,0,no,no,direct,
CONTROL-LUFTHANSA,2024-05-04,2024-05-04,0,EGCC,Manchester Airport,0.73,2024-05-04T09:57:04.490000Z,EBBR,Brussels Airport,0.46,2024-05-04T13:45:10.890000Z,adsb-lol|airplanes-live,BOTH_HAVE_IT,BOTH_HAVE_IT,0,no,no,direct,
CONTROL-RYANAIR,2024-05-04,2024-05-04,0,EGSS,London Stansted Airport,1.71,2024-05-04T05:19:09.080000Z,EDDH,Hamburg Helmut Schmidt Airport,0.58,2024-05-04T06:29:44.770000Z,adsb-lol|airplanes-live,BOTH_HAVE_IT,BOTH_HAVE_IT,0,no,no,direct,
CONTROL-RYANAIR,2024-05-04,2024-05-04,0,EDDH,Hamburg Helmut Schmidt Airport,0.58,2024-05-04T07:24:17.260000Z,EGSS,London Stansted Airport,0.5,2024-05-04T08:27:20.890000Z,adsb-lol|airplanes-live,BOTH_HAVE_IT,BOTH_HAVE_IT,0,no,no,direct,
CONTROL-RYANAIR,2024-05-04,2024-05-04,0,EGSS,London Stansted Airport,1.43,2024-05-04T09:31:50.360000Z,LOWS,Salzburg Airport,0.76,2024-05-04T11:12:30.400000Z,adsb-lol|airplanes-live,BOTH_HAVE_IT,BOTH_HAVE_IT,0,no,no,direct,
CONTROL-RYANAIR,2024-05-04,2024-05-04,0,LOWS,Salzburg Airport,0.76,2024-05-04T11:14:28.800000Z,EGSS,London Stansted Airport,0.63,2024-05-04T13:45:07.680000Z,adsb-lol|airplanes-live,BOTH_HAVE_IT,BOTH_HAVE_IT,0,no,no,direct,
CONTROL-RYANAIR,2024-05-04,2024-05-04,0,EGSS,London Stansted Airport,1.82,2024-05-04T14:46:07.650000Z,GCFV,Fuerteventura Airport,0.36,2024-05-04T18:59:40.180000Z,adsb-lol|airplanes-live,BOTH_HAVE_IT,BOTH_HAVE_IT,0,no,no,direct,
CONTROL-RYANAIR,2024-05-04,2024-05-04,0,GCFV,Fuerteventura Airport,0.36,2024-05-04T18:59:58.200000Z,EGSS,London Stansted Airport,0.22,2024-05-04T23:47:23.510000Z,adsb-lol|airplanes-live,BOTH_HAVE_IT,BOTH_HAVE_IT,0,no,no,direct,
N560TW,2024-05-05,2024-05-05,0,KSDL,Scottsdale Airport,1.23,2024-05-05T16:25:07.420000Z,KLAS,Harry Reid International Airport,0.18,2024-05-05T17:16:23.390000Z,adsb-lol|airplanes-live,BOTH_HAVE_IT,BOTH_HAVE_IT,0,no,no,direct,
N560TW,2024-05-05,2024-05-05,0,KLAS,Harry Reid International Airport,0.18,2024-05-05T18:44:11.650000Z,KSDL,Scottsdale Airport,0.07,2024-05-05T17:51:08.500000Z,adsb-lol|airplanes-live,BOTH_HAVE_IT,BOTH_HAVE_IT,0,no,no,direct,
N872RA,2024-05-05,2024-05-08,3,KSDL,Scottsdale Airport,0.33,2024-05-05T21:18:35.250000Z,KPHX,Phoenix Sky Harbor International Airport,1.5,2024-05-08T02:42:25.530000Z,adsb-lol|airplanes-live,BOTH_HAVE_IT,BOTH_HAVE_IT,2,no,yes,GAP -- aircraft unobserved for 2 day(s) between these two fields; intermediate stops are possible and are NOT ruled out,
N102DZ,2024-05-06,2024-05-06,0,KVNY,Van Nuys Airport,0.79,2024-05-06T15:18:36.720000Z,KLAS,Harry Reid International Airport,1.71,2024-05-06T16:13:28.010000Z,adsb-lol|airplanes-live,BOTH_HAVE_IT,BOTH_HAVE_IT,0,no,no,direct,
N102DZ,2024-05-06,2024-05-06,0,KLAS,Harry Reid International Airport,1.71,2024-05-06T16:22:49.570000Z,KSFO,San Francisco International Airport,0.85,2024-05-06T17:35:51.980000Z,adsb-lol|airplanes-live,BOTH_HAVE_IT,BOTH_HAVE_IT,0,no,no,direct,
N560TW,2024-05-06,2024-05-07,1,KSDL,Scottsdale Airport,0.17,2024-05-06T15:39:39.270000Z,44AZ,Sandhill Ranch Airport,3.37,2024-05-07T18:36:35Z,adsb-lol|airplanes-live,BOTH_HAVE_IT,BOTH_HAVE_IT,0,no,yes,overnight,
T7-ELL,2024-05-06,2024-05-06,0,LSZH,Zürich Airport,1.63,2024-05-06T13:00:05.140000Z,EDDH,Hamburg Helmut Schmidt Airport,0.45,2024-05-06T14:02:19.690000Z,adsb-lol|airplanes-live,BOTH_HAVE_IT,BOTH_HAVE_IT,0,no,no,direct,
N102DZ,2024-05-07,2024-05-07,0,KSFO,San Francisco International Airport,0.96,2024-05-07T05:25:17.350000Z,KTEB,Teterboro Airport,0.48,2024-05-07T10:08:52.770000Z,adsb-lol|airplanes-live,BOTH_HAVE_IT,BOTH_HAVE_IT,0,no,no,direct,
N560TW,2024-05-07,2024-05-10,3,44AZ,Sandhill Ranch Airport,3.37,2024-05-07T18:36:35Z,KSDL,Scottsdale Airport,0.14,2024-05-10T21:01:30.120000Z,adsb-lol|airplanes-live,BOTH_HAVE_IT,BOTH_HAVE_IT,2,no,yes,GAP -- aircraft unobserved for 2 day(s) between these two fields; intermediate stops are possible and are NOT ruled out,
CONTROL-LUFTHANSA,2024-05-08,2024-05-09,1,EBBR,Brussels Airport,0.6,2024-05-08T14:42:17.940000Z,EDDM,Munich Airport,1.82,2024-05-09T04:35:16.320000Z,adsb-lol|airplanes-live,BOTH_HAVE_IT,BOTH_HAVE_IT,0,no,yes,overnight,
CONTROL-RYANAIR,2024-05-08,2024-05-08,0,EGSS,London Stansted Airport,0.94,2024-05-08T06:06:20.430000Z,LIRA,Ciampino–G. B. Pastine International Airport,0.48,2024-05-08T08:08:47.920000Z,adsb-lol|airplanes-live,BOTH_HAVE_IT,BOTH_HAVE_IT,0,no,no,direct,
CONTROL-RYANAIR,2024-05-08,2024-05-08,0,LIRA,Ciampino–G. B. Pastine International Airport,0.61,2024-05-08T09:11:47.380000Z,EGSS,London Stansted Airport,0.9,2024-05-08T11:29:26.040000Z,adsb-lol|airplanes-live,BOTH_HAVE_IT,BOTH_HAVE_IT,0,no,no,direct,
CONTROL-RYANAIR,2024-05-08,2024-05-08,0,EGSS,London Stansted Airport,0.93,2024-05-08T17:27:05.660000Z,LEMD,Adolfo Suárez Madrid–Barajas Airport,1.88,2024-05-08T19:23:38.230000Z,adsb-lol|airplanes-live,BOTH_HAVE_IT,BOTH_HAVE_IT,0,no,no,direct,
CONTROL-RYANAIR,2024-05-08,2024-05-08,0,LEMD,Adolfo Suárez Madrid–Barajas Airport,0.32,2024-05-08T21:32:08.930000Z,EGSS,London Stansted Airport,0.26,2024-05-08T23:31:59.130000Z,adsb-lol|airplanes-live,BOTH_HAVE_IT,BOTH_HAVE_IT,0,no,no,direct,
N872RA,2024-05-08,2024-05-08,0,KPHX,Phoenix Sky Harbor International Airport,1.5,2024-05-08T03:23:22.170000Z,KSNA,John Wayne Orange County International Airport,0.12,2024-05-08T04:22:25.150000Z,adsb-lol|airplanes-live,BOTH_HAVE_IT,BOTH_HAVE_IT,0,no,no,direct,
CONTROL-LUFTHANSA,2024-05-09,2024-05-09,0,EDDM,Munich Airport,1.82,2024-05-09T04:43:46.830000Z,LFBO,Toulouse-Blagnac Airport,0.61,2024-05-09T06:09:51.270000Z,airplanes-live,BOTH_HAVE_IT,BOTH_HAVE_IT,0,no,no,direct,
CONTROL-LUFTHANSA,2024-05-09,2024-05-09,0,LFBO,Toulouse-Blagnac Airport,0.61,2024-05-09T06:57:06.740000Z,EDDM,Munich Airport,0.92,2024-05-09T08:30:44.450000Z,airplanes-live,BOTH_HAVE_IT,BOTH_HAVE_IT,0,no,no,direct,
CONTROL-LUFTHANSA,2024-05-09,2024-05-09,0,EDDM,Munich Airport,1.24,2024-05-09T14:46:08.980000Z,EGBB,Birmingham Airport,0.54,2024-05-09T16:18:17.500000Z,airplanes-live,BOTH_HAVE_IT,BOTH_HAVE_IT,0,no,no,direct,
CONTROL-LUFTHANSA,2024-05-09,2024-05-09,0,EGBB,Birmingham Airport,0.21,2024-05-09T17:18:13.100000Z,EDDM,Munich Airport,0.91,2024-05-09T18:50:54.660000Z,airplanes-live,BOTH_HAVE_IT,BOTH_HAVE_IT,0,no,no,direct,
CONTROL-LUFTHANSA,2024-05-09,2024-05-10,1,EDDM,Munich Airport,0.91,2024-05-09T18:51:45.710000Z,LYBE,Belgrade Nikola Tesla Airport,0.59,2024-05-10T10:15:48.180000Z,adsb-lol|airplanes-live,BOTH_HAVE_IT,BOTH_HAVE_IT,0,no,yes,overnight,
CONTROL-LUFTHANSA,2024-05-10,2024-05-10,0,LYBE,Belgrade Nikola Tesla Airport,1.37,2024-05-10T11:11:57.890000Z,LBSF,Sofia Airport,0.41,2024-05-10T20:00:08.920000Z,adsb-lol|airplanes-live,BOTH_HAVE_IT,BOTH_HAVE_IT,0,no,no,direct,
CONTROL-RYANAIR,2024-05-10,2024-05-10,0,EGSS,London Stansted Airport,1.52,2024-05-10T06:12:41.280000Z,EIKN,Ireland West Airport Knock,0.31,2024-05-10T07:18:48.530000Z,adsb-lol|airplanes-live,BOTH_HAVE_IT,BOTH_HAVE_IT,0,no,no,direct,
CONTROL-RYANAIR,2024-05-10,2024-05-10,0,EIKN,Ireland West Airport Knock,0.31,2024-05-10T08:00:08.010000Z,EGSS,London Stansted Airport,0.7,2024-05-10T09:06:25.180000Z,adsb-lol|airplanes-live,BOTH_HAVE_IT,BOTH_HAVE_IT,0,no,no,direct,
T7-ELL,2024-05-10,2024-05-31,21,EDDH,Hamburg Helmut Schmidt Airport,0.69,2024-05-10T11:51:46.760000Z,OMDW,Al Maktoum International Airport,1.01,2024-05-31T19:19:09.420000Z,adsb-lol|airplanes-live,BOTH_HAVE_IT,BOTH_HAVE_IT,20,no,yes,GAP -- aircraft unobserved for 20 day(s) between these two fields; intermediate stops are possible and are NOT ruled out,
CONTROL-LUFTHANSA,2024-05-11,2024-05-11,0,LBSF,Sofia Airport,1.48,2024-05-11T03:08:33.810000Z,EDDM,Munich Airport,0.96,2024-05-11T04:51:32.100000Z,airplanes-live,BOTH_HAVE_IT,BOTH_HAVE_IT,0,no,no,direct,
CONTROL-LUFTHANSA,2024-05-11,2024-05-11,0,EDDM,Munich Airport,0.88,2024-05-11T05:52:55.780000Z,EDDH,Hamburg Helmut Schmidt Airport,0.81,2024-05-11T06:54:23.330000Z,adsb-lol|airplanes-live,BOTH_HAVE_IT,BOTH_HAVE_IT,0,no,no,direct,
CONTROL-LUFTHANSA,2024-05-11,2024-05-11,0,EDDH,Hamburg Helmut Schmidt Airport,0.81,2024-05-11T07:51:56.850000Z,EDDM,Munich Airport,0.79,2024-05-11T08:50:57.470000Z,adsb-lol|airplanes-live,BOTH_HAVE_IT,BOTH_HAVE_IT,0,no,no,direct,
CONTROL-LUFTHANSA,2024-05-11,2024-05-11,0,EDDM,Munich Airport,1.29,2024-05-11T09:57:41.460000Z,EDDW,Bremen Airport,0.56,2024-05-11T10:55:01.910000Z,airplanes-live,BOTH_HAVE_IT,BOTH_HAVE_IT,0,no,no,direct,
CONTROL-LUFTHANSA,2024-05-11,2024-05-11,0,EDDW,Bremen Airport,0.56,2024-05-11T11:39:51.010000Z,EDDM,Munich Airport,1.8,2024-05-11T12:41:20.100000Z,airplanes-live,BOTH_HAVE_IT,BOTH_HAVE_IT,0,no,no,direct,
CONTROL-LUFTHANSA,2024-05-11,2024-05-11,0,EDDM,Munich Airport,1.51,2024-05-11T14:49:22.960000Z,LICC,Catania-Fontanarossa Airport,0.76,2024-05-11T16:28:41.920000Z,airplanes-live,BOTH_HAVE_IT,BOTH_HAVE_IT,0,no,no,direct,
CONTROL-LUFTHANSA,2024-05-11,2024-06-05,25,LICC,Catania-Fontanarossa Airport,0.76,2024-05-11T16:29:26.970000Z,EDDM,Munich Airport,1.35,2024-06-05T04:41:26.490000Z,airplanes-live,BOTH_HAVE_IT,BOTH_HAVE_IT,24,no,yes,GAP -- aircraft unobserved for 24 day(s) between these two fields; intermediate stops are possible and are NOT ruled out,
CONTROL-RYANAIR,2024-05-11,2024-06-05,25,EGSS,London Stansted Airport,1.42,2024-05-11T22:59:07.300000Z,EGCC,Manchester Airport,1.23,2024-06-05T05:19:46.830000Z,adsb-lol|airplanes-live,BOTH_HAVE_IT,BOTH_HAVE_IT,24,no,yes,GAP -- aircraft unobserved for 24 day(s) between these two fields; intermediate stops are possible and are NOT ruled out,
N560TW,2024-05-14,2024-05-14,0,KSDL,Scottsdale Airport,0.51,2024-05-14T16:16:27.230000Z,KMSN,Dane County Regional Truax Field,0.97,2024-05-14T19:17:40.420000Z,adsb-lol|airplanes-live,BOTH_HAVE_IT,BOTH_HAVE_IT,0,no,no,direct,
N560TW,2024-05-14,2024-05-14,0,KMSN,Dane County Regional Truax Field,0.97,2024-05-14T19:18:05.980000Z,KSDL,Scottsdale Airport,0.14,2024-05-14T23:38:14.100000Z,adsb-lol|airplanes-live,BOTH_HAVE_IT,BOTH_HAVE_IT,0,no,no,direct,
N888KG,2024-05-15,2024-05-15,0,KPVU,Provo Municipal Airport,1.13,2024-05-15T16:15:06Z,MMUN,Cancún International Airport,1.09,2024-05-15T19:59:34.660000Z,adsb-lol|airplanes-live,BOTH_HAVE_IT,BOTH_HAVE_IT,0,no,no,direct,
N102DZ,2024-05-16,2024-05-16,0,KTEB,Teterboro Airport,1.23,2024-05-16T00:57:41.690000Z,KVNY,Van Nuys Airport,0.15,2024-05-16T07:07:13.840000Z,adsb-lol|airplanes-live,BOTH_HAVE_IT,BOTH_HAVE_IT,0,no,no,direct,
N102DZ,2024-05-16,2024-06-01,16,KVNY,Van Nuys Airport,0.87,2024-05-16T23:19:56.640000Z,PHOG,Kahului International Airport,0.74,2024-06-01T02:43:02.710000Z,adsbexchange-samples|airplanes-live,BOTH_HAVE_IT,HELD_BY_ADSBEXCHANGE-SAMPLES,15,yes,yes,GAP -- aircraft unobserved for 15 day(s) between these two fields; intermediate stops are possible and are NOT ruled out,
N888KG,2024-05-18,2024-05-18,0,MMUN,Cancún International Airport,0.98,2024-05-18T14:22:14.740000Z,KELP,El Paso International Airport,1.15,2024-05-18T17:38:20.900000Z,adsb-lol|airplanes-live,BOTH_HAVE_IT,BOTH_HAVE_IT,0,no,no,direct,
N888KG,2024-05-18,2024-05-18,0,KELP,El Paso International Airport,1.15,2024-05-18T18:33:38.220000Z,KPVU,Provo Municipal Airport,0.28,2024-05-18T20:00:16.760000Z,adsb-lol|airplanes-live,BOTH_HAVE_IT,BOTH_HAVE_IT,0,no,no,direct,
N888KG,2024-05-18,2024-06-01,14,KPVU,Provo Municipal Airport,0.28,2024-05-18T20:05:03.260000Z,MMPR,Puerto Vallarta International Airport,1.06,2024-06-01T15:08:54.030000Z,adsb-lol|adsbexchange-samples|airplanes-live,BOTH_HAVE_IT,HELD_BY_ADSBEXCHANGE-SAMPLES,13,yes,yes,GAP -- aircraft unobserved for 13 day(s) between these two fields; intermediate stops are possible and are NOT ruled out,
SU-BTV,2024-05-22,2024-05-22,0,HEGN,Hurghada International Airport,3.85,2024-05-22T06:32:39.560000Z,HETR,At Tur Airport,2.13,2024-05-22T08:14:28.670000Z,airplanes-live,BOTH_HAVE_IT,BOTH_HAVE_IT,0,no,no,direct,
SU-BTV,2024-05-22,2024-09-28,129,HETR,At Tur Airport,2.13,2024-05-22T08:14:37.680000Z,KILG,Wilmington Airport,0.58,2024-09-28T16:22:43.970000Z,airplanes-live,BOTH_HAVE_IT,BOTH_HAVE_IT,128,no,yes,GAP -- aircraft unobserved for 128 day(s) between these two fields; intermediate stops are possible and are NOT ruled out,
T7-ELL,2024-05-31,2024-06-04,4,OMDW,Al Maktoum International Airport,1.01,2024-05-31T19:19:35.180000Z,LSZH,Zürich Airport,0.36,2024-06-04T04:24:13.980000Z,adsb-lol|airplanes-live,BOTH_HAVE_IT,BOTH_HAVE_IT,3,no,yes,GAP -- aircraft unobserved for 3 day(s) between these two fields; intermediate stops are possible and are NOT ruled out,
N102DZ,2024-06-01,2024-06-05,4,PHOG,Kahului International Airport,0.74,2024-06-01T02:43:40.730000Z,KVNY,Van Nuys Airport,0.18,2024-06-05T03:03:01.910000Z,adsb-lol|adsbexchange-samples|airplanes-live,HELD_BY_ADSBEXCHANGE-SAMPLES,BOTH_HAVE_IT,3,yes,yes,GAP -- aircraft unobserved for 3 day(s) between these two fields; intermediate stops are possible and are NOT ruled out,
N1098L,2024-06-01,2024-06-01,0,KBFI,King County International Airport - Boeing Field,0.83,2024-06-01T19:05:39.880000Z,KSMX,Santa Maria Public Airport Captain G Allan Hancock Field,0.2,2024-06-01T20:37:58.550000Z,adsbexchange-samples,HELD_BY_ADSBEXCHANGE-SAMPLES,HELD_BY_ADSBEXCHANGE-SAMPLES,0,yes,no,direct,
N1098L,2024-06-01,2024-06-01,0,KSMX,Santa Maria Public Airport Captain G Allan Hancock Field,0.2,2024-06-01T22:14:43.890000Z,KBIF,Biggs Army Air Field (Fort Bliss),0.43,2024-06-01T23:55:17.720000Z,adsbexchange-samples,HELD_BY_ADSBEXCHANGE-SAMPLES,HELD_BY_ADSBEXCHANGE-SAMPLES,0,yes,no,direct,
N1098L,2024-06-01,2024-07-01,30,KBIF,Biggs Army Air Field (Fort Bliss),0.43,2024-06-01T23:55:17.720000Z,KGTF,Great Falls International Airport,1.34,2024-07-01T18:51:58.290000Z,adsbexchange-samples,HELD_BY_ADSBEXCHANGE-SAMPLES,HELD_BY_ADSBEXCHANGE-SAMPLES,29,yes,yes,GAP -- aircraft unobserved for 29 day(s) between these two fields; intermediate stops are possible and are NOT ruled out,
N2100L,2024-06-01,2024-06-01,0,KBOI,Boise Air Terminal/Gowen Field,1.05,2024-06-01T18:16:28.560000Z,KBNA,Nashville International Airport,0.88,2024-06-01T21:21:06.150000Z,adsbexchange-samples,HELD_BY_ADSBEXCHANGE-SAMPLES,HELD_BY_ADSBEXCHANGE-SAMPLES,0,yes,no,direct,
N2100L,2024-06-01,2024-07-01,30,KBNA,Nashville International Airport,0.28,2024-06-01T22:53:00.070000Z,KBIF,Biggs Army Air Field (Fort Bliss),0.28,2024-07-01T21:46:34Z,adsbexchange-samples,HELD_BY_ADSBEXCHANGE-SAMPLES,HELD_BY_ADSBEXCHANGE-SAMPLES,29,yes,yes,GAP -- aircraft unobserved for 29 day(s) between these two fields; intermediate stops are possible and are NOT ruled out,
N582MM,2024-06-01,2024-06-01,0,KISP,Long Island MacArthur Airport,0.6,2024-06-01T15:35:40.520000Z,KDAL,Dallas Love Field,0.58,2024-06-01T22:36:56.700000Z,adsbexchange-samples,HELD_BY_ADSBEXCHANGE-SAMPLES,HELD_BY_ADSBEXCHANGE-SAMPLES,0,yes,no,direct,
N582MM,2024-06-01,2024-06-05,4,KDAL,Dallas Love Field,0.58,2024-06-01T23:19:10.660000Z,KPHX,Phoenix Sky Harbor International Airport,1.53,2024-06-05T20:50:40.990000Z,adsb-lol|adsbexchange-samples|airplanes-live,HELD_BY_ADSBEXCHANGE-SAMPLES,BOTH_HAVE_IT,3,yes,yes,GAP -- aircraft unobserved for 3 day(s) between these two fields; intermediate stops are possible and are NOT ruled out,
N888KG,2024-06-01,2024-06-01,0,MMPR,Puerto Vallarta International Airport,1.06,2024-06-01T15:14:27.310000Z,KTUS,Tucson International Airport,0.89,2024-06-01T17:04:16.540000Z,adsbexchange-samples,HELD_BY_ADSBEXCHANGE-SAMPLES,HELD_BY_ADSBEXCHANGE-SAMPLES,0,yes,no,direct,
N888KG,2024-06-01,2024-06-01,0,KTUS,Tucson International Airport,0.89,2024-06-01T17:24:56.470000Z,KPVU,Provo Municipal Airport,0.23,2024-06-01T18:40:39.790000Z,adsbexchange-samples,HELD_BY_ADSBEXCHANGE-SAMPLES,HELD_BY_ADSBEXCHANGE-SAMPLES,0,yes,no,direct,
SU-BGM,2024-06-03,2024-06-05,2,LRBS,Bucharest Băneasa Aurel Vlaicu International Airport,0.22,2024-06-03T07:30:19.830000Z,HEAZ,Almaza Air Force Base,0.68,2024-06-05T04:48:39.400000Z,airplanes-live,BOTH_HAVE_IT,BOTH_HAVE_IT,1,no,yes,GAP -- aircraft unobserved for 1 day(s) between these two fields; intermediate stops are possible and are NOT ruled out,
CONTROL-LUFTHANSA,2024-06-05,2024-06-05,0,EDDM,Munich Airport,1.26,2024-06-05T18:21:27.690000Z,LFML,Marseille Provence Airport,0.72,2024-06-05T19:39:59.400000Z,airplanes-live,BOTH_HAVE_IT,BOTH_HAVE_IT,0,no,no,direct,
CONTROL-LUFTHANSA,2024-06-05,2024-06-13,8,LFML,Marseille Provence Airport,0.72,2024-06-05T19:40:35.440000Z,EPKK,Kraków John Paul II International Airport,0.29,2024-06-13T04:18:47.330000Z,airplanes-live,BOTH_HAVE_IT,BOTH_HAVE_IT,7,no,yes,GAP -- aircraft unobserved for 7 day(s) between these two fields; intermediate stops are possible and are NOT ruled out,
CONTROL-RYANAIR,2024-06-05,2024-06-05,0,EGCC,Manchester Airport,1.23,2024-06-05T05:35:40.250000Z,LFBD,Bordeaux–Mérignac Airport,0.53,2024-06-05T07:07:23.230000Z,adsb-lol|airplanes-live,BOTH_HAVE_IT,BOTH_HAVE_IT,0,no,no,direct,
CONTROL-RYANAIR,2024-06-05,2024-06-05,0,LFBD,Bordeaux–Mérignac Airport,0.53,2024-06-05T08:05:48.860000Z,EGCC,Manchester Airport,1.05,2024-06-05T09:35:14.910000Z,adsb-lol|airplanes-live,BOTH_HAVE_IT,BOTH_HAVE_IT,0,no,no,direct,
CONTROL-RYANAIR,2024-06-05,2024-06-13,8,EGCC,Manchester Airport,0.81,2024-06-05T22:33:52.140000Z,EGBB,Birmingham Airport,0.61,2024-06-13T03:32:04.690000Z,adsb-lol|airplanes-live,BOTH_HAVE_IT,BOTH_HAVE_IT,7,no,yes,GAP -- aircraft unobserved for 7 day(s) between these two fields; intermediate stops are possible and are NOT ruled out,
N582MM,2024-06-05,2024-06-06,1,KPHX,Phoenix Sky Harbor International Airport,1.53,2024-06-05T20:52:20.120000Z,KSDL,Scottsdale Airport,0.78,2024-06-06T18:33:35.820000Z,adsb-lol|airplanes-live,BOTH_HAVE_IT,BOTH_HAVE_IT,0,no,yes,overnight,
SU-BGM,2024-06-05,2024-06-05,0,HEAZ,Almaza Air Force Base,0.68,2024-06-05T04:49:02.250000Z,EDDB,Berlin Brandenburg Airport,1.42,2024-06-05T08:35:41.540000Z,adsb-lol|airplanes-live,BOTH_HAVE_IT,BOTH_HAVE_IT,0,no,no,direct,
SU-BGM,2024-06-05,2025-04-10,309,EDDB,Berlin Brandenburg Airport,1.42,2024-06-05T08:35:56.560000Z,KPVU,Provo Municipal Airport,1.44,2025-04-10T21:13:43.590000Z,adsb-lol|airplanes-live,BOTH_HAVE_IT,BOTH_HAVE_IT,308,no,yes,GAP -- aircraft unobserved for 308 day(s) between these two fields; intermediate stops are possible and are NOT ruled out,
T7-ELL,2024-06-05,2024-06-05,0,LSZH,Zürich Airport,1.24,2024-06-05T13:08:34.620000Z,OMDW,Al Maktoum International Airport,0.39,2024-06-05T18:36:06.500000Z,adsb-lol|airplanes-live,BOTH_HAVE_IT,BOTH_HAVE_IT,0,no,no,direct,
T7-ELL,2024-06-05,2024-10-16,133,OMDW,Al Maktoum International Airport,0.39,2024-06-05T18:39:01.750000Z,EGKB,London Biggin Hill Airport,0.26,2024-10-16T15:19:47.510000Z,adsb-lol|airplanes-live,BOTH_HAVE_IT,BOTH_HAVE_IT,132,no,yes,GAP -- aircraft unobserved for 132 day(s) between these two fields; intermediate stops are possible and are NOT ruled out,
N582MM,2024-06-07,2024-06-07,0,KSDL,Scottsdale Airport,0.36,2024-06-07T13:17:19.790000Z,KSAT,San Antonio International Airport,1.49,2024-06-07T15:11:14.050000Z,adsb-lol|airplanes-live,BOTH_HAVE_IT,BOTH_HAVE_IT,0,no,no,direct,"dest|San Antonio,TX|2024-06-08|Charlie|5.8"
N582MM,2024-06-08,2024-06-08,0,KSAT,San Antonio International Airport,1.51,2024-06-08T03:05:56.960000Z,KSDL,Scottsdale Airport,0.76,2024-06-08T05:17:51.680000Z,adsb-lol|airplanes-live,BOTH_HAVE_IT,BOTH_HAVE_IT,0,no,no,direct,"origin|San Antonio,TX|2024-06-07|Charlie|5.7"
N582MM,2024-06-08,2024-06-08,0,KSDL,Scottsdale Airport,0.68,2024-06-08T17:55:37.770000Z,KNUQ,Moffett Federal Airfield,0.26,2024-06-08T19:24:37Z,adsb-lol|airplanes-live,BOTH_HAVE_IT,BOTH_HAVE_IT,0,no,no,direct,
N582MM,2024-06-08,2024-06-08,0,KNUQ,Moffett Federal Airfield,1.19,2024-06-08T21:17:47.380000Z,KLAS,Harry Reid International Airport,1.21,2024-06-08T22:25:53.560000Z,adsb-lol|airplanes-live,BOTH_HAVE_IT,BOTH_HAVE_IT,0,no,no,direct,
N582MM,2024-06-09,2024-06-09,0,KLAS,Harry Reid International Airport,1.7,2024-06-09T04:56:42.990000Z,KNUQ,Moffett Federal Airfield,0.79,2024-06-09T05:56:55.320000Z,adsb-lol|airplanes-live,BOTH_HAVE_IT,BOTH_HAVE_IT,0,no,no,direct,
N582MM,2024-06-09,2024-06-09,0,KNUQ,Moffett Federal Airfield,0.41,2024-06-09T06:01:25.240000Z,KPHX,Phoenix Sky Harbor International Airport,1.95,2024-06-09T07:59:12.920000Z,adsb-lol|airplanes-live,BOTH_HAVE_IT,BOTH_HAVE_IT,0,no,no,direct,
N582MM,2024-06-09,2024-06-10,1,KPHX,Phoenix Sky Harbor International Airport,2.05,2024-06-09T22:21:08.120000Z,CYWG,Winnipeg / James Armstrong Richardson International Airport,1.41,2024-06-10T01:20:16.960000Z,adsb-lol|airplanes-live,BOTH_HAVE_IT,BOTH_HAVE_IT,0,no,yes,overnight,
N102DZ,2024-06-10,2024-06-13,3,KVNY,Van Nuys Airport,0.85,2024-06-10T21:39:09.680000Z,RJTT,Tokyo Haneda International Airport,1.64,2024-06-13T10:05:16.120000Z,airplanes-live,BOTH_HAVE_IT,BOTH_HAVE_IT,2,no,yes,GAP -- aircraft unobserved for 2 day(s) between these two fields; intermediate stops are possible and are NOT ruled out,
N582MM,2024-06-10,2024-06-10,0,CYWG,Winnipeg / James Armstrong Richardson International Airport,1.41,2024-06-10T01:24:07.150000Z,KMOT,Minot International Airport,0.22,2024-06-10T12:09:08.660000Z,airplanes-live,BOTH_HAVE_IT,BOTH_HAVE_IT,0,no,no,direct,
N582MM,2024-06-10,2024-06-10,0,KMOT,Minot International Airport,0.22,2024-06-10T12:48:49.740000Z,KCOE,Coeur D'Alene Airport - Pappy Boyington Field,0.75,2024-06-10T15:01:51.950000Z,airplanes-live,BOTH_HAVE_IT,BOTH_HAVE_IT,0,no,no,direct,
N582MM,2024-06-10,2024-06-11,1,KCOE,Coeur D'Alene Airport - Pappy Boyington Field,0.75,2024-06-10T15:01:51.950000Z,KLGB,Long Beach International Airport,0.2,2024-06-11T17:46:27.540000Z,airplanes-live,BOTH_HAVE_IT,BOTH_HAVE_IT,0,no,yes,overnight,
N582MM,2024-06-11,2024-06-12,1,KLGB,Long Beach International Airport,0.56,2024-06-11T20:42:27.280000Z,KRSW,Southwest Florida International Airport,0.31,2024-06-12T01:08:47.710000Z,airplanes-live,BOTH_HAVE_IT,BOTH_HAVE_IT,0,no,yes,overnight,
N582MM,2024-06-12,2024-06-12,0,KRSW,Southwest Florida International Airport,0.31,2024-06-12T01:08:49.190000Z,KMDW,Chicago Midway International Airport,0.8,2024-06-12T04:45:21.300000Z,adsb-lol|airplanes-live,BOTH_HAVE_IT,BOTH_HAVE_IT,0,no,no,direct,
N582MM,2024-06-12,2024-06-12,0,KMDW,Chicago Midway International Airport,0.7,2024-06-12T16:32:47.230000Z,KSAF,Santa Fe Municipal Airport,0.19,2024-06-12T19:12:36.070000Z,adsb-lol|airplanes-live,BOTH_HAVE_IT,BOTH_HAVE_IT,0,no,no,direct,
N582MM,2024-06-12,2024-06-12,0,KSAF,Santa Fe Municipal Airport,0.19,2024-06-12T19:12:44.130000Z,KSDL,Scottsdale Airport,0.13,2024-06-12T20:49:24.950000Z,adsb-lol|airplanes-live,BOTH_HAVE_IT,BOTH_HAVE_IT,0,no,no,direct,
CONTROL-LUFTHANSA,2024-06-13,2024-06-13,0,EPKK,Kraków John Paul II International Airport,0.29,2024-06-13T04:18:51.340000Z,EDDM,Munich Airport,1.18,2024-06-13T05:30:02.650000Z,airplanes-live,BOTH_HAVE_IT,BOTH_HAVE_IT,0,no,no,direct,
CONTROL-LUFTHANSA,2024-06-13,2024-06-13,0,EDDM,Munich Airport,1.24,2024-06-13T15:36:24.990000Z,EDDL,Düsseldorf Airport,0.69,2024-06-13T16:32:04.330000Z,airplanes-live,BOTH_HAVE_IT,BOTH_HAVE_IT,0,no,no,direct,
CONTROL-LUFTHANSA,2024-06-13,2024-06-13,0,EDDL,Düsseldorf Airport,0.5,2024-06-13T17:49:52Z,EDDM,Munich Airport,0.87,2024-06-13T19:54:57.500000Z,airplanes-live,BOTH_HAVE_IT,BOTH_HAVE_IT,0,no,no,direct,
CONTROL-LUFTHANSA,2024-06-13,2024-06-13,0,EDDM,Munich Airport,0.87,2024-06-13T19:55:27.530000Z,EDDK,Cologne Bonn Airport,1.01,2024-06-13T20:48:01.210000Z,adsb-lol|airplanes-live,BOTH_HAVE_IT,BOTH_HAVE_IT,0,no,no,direct,
CONTROL-LUFTHANSA,2024-06-13,2024-06-17,4,EDDK,Cologne Bonn Airport,1.01,2024-06-13T20:50:59.720000Z,EDDL,Düsseldorf Airport,0.46,2024-06-17T05:36:40.610000Z,adsb-lol|airplanes-live,BOTH_HAVE_IT,BOTH_HAVE_IT,3,no,yes,GAP -- aircraft unobserved for 3 day(s) between these two fields; intermediate stops are possible and are NOT ruled out,
CONTROL-RYANAIR,2024-06-13,2024-06-18,5,EGBB,Birmingham Airport,0.87,2024-06-13T12:07:51Z,EGSS,London Stansted Airport,0.39,2024-06-18T08:24:43.920000Z,adsb-lol|airplanes-live,BOTH_HAVE_IT,BOTH_HAVE_IT,4,no,yes,GAP -- aircraft unobserved for 4 day(s) between these two fields; intermediate stops are possible and are NOT ruled out,
N582MM,2024-06-13,2024-06-14,1,KSDL,Scottsdale Airport,0.65,2024-06-13T17:50:20.300000Z,KFXE,Fort Lauderdale Executive Airport,0.28,2024-06-14T04:15:58.380000Z,adsb-lol|airplanes-live,BOTH_HAVE_IT,BOTH_HAVE_IT,0,no,yes,overnight,
N582MM,2024-06-14,2024-06-14,0,KFXE,Fort Lauderdale Executive Airport,0.19,2024-06-14T12:35:51.360000Z,KPHX,Phoenix Sky Harbor International Airport,1.77,2024-06-14T17:06:56.220000Z,adsb-lol|airplanes-live,BOTH_HAVE_IT,BOTH_HAVE_IT,0,no,no,direct,
N102DZ,2024-06-15,2024-06-16,1,RJTT,Tokyo Haneda International Airport,1.61,2024-06-15T07:38:01.090000Z,KSLC,Salt Lake City International Airport,2.19,2024-06-16T22:15:14.120000Z,airplanes-live,BOTH_HAVE_IT,BOTH_HAVE_IT,0,no,yes,overnight,
N582MM,2024-06-15,2024-06-15,0,KPHX,Phoenix Sky Harbor International Airport,1.95,2024-06-15T14:21:21.600000Z,KMSP,Minneapolis–Saint Paul International Airport / Wold–Chamberlain Field,0.34,2024-06-15T18:40:31.150000Z,adsb-lol|airplanes-live,BOTH_HAVE_IT,BOTH_HAVE_IT,0,no,no,direct,
N582MM,2024-06-15,2024-06-15,0,KMSP,Minneapolis–Saint Paul International Airport / Wold–Chamberlain Field,0.34,2024-06-15T19:12:06.610000Z,KDTW,Detroit Metropolitan Wayne County Airport,1.39,2024-06-15T20:25:34.790000Z,adsb-lol|airplanes-live,BOTH_HAVE_IT,BOTH_HAVE_IT,0,no,no,direct,"dest|Detroit,MI|2024-06-14|Charlie|16.5"
N582MM,2024-06-15,2024-06-16,1,KDTW,Detroit Metropolitan Wayne County Airport,1.39,2024-06-15T20:29:09.970000Z,KSDL,Scottsdale Airport,0.15,2024-06-16T04:52:29.440000Z,adsb-lol|airplanes-live,BOTH_HAVE_IT,BOTH_HAVE_IT,0,no,yes,overnight,"origin|Detroit,MI|2024-06-14|Charlie|16.5"
N102DZ,2024-06-16,2024-06-16,0,KSLC,Salt Lake City International Airport,2.19,2024-06-16T22:15:20.120000Z,KVNY,Van Nuys Airport,0.41,2024-06-16T23:48:19Z,adsb-lol|airplanes-live,BOTH_HAVE_IT,BOTH_HAVE_IT,0,no,no,direct,
N102DZ,2024-06-16,2024-09-01,77,KVNY,Van Nuys Airport,0.41,2024-06-16T23:54:15.860000Z,KFXE,Fort Lauderdale Executive Airport,0.88,2024-09-01T18:27:51.010000Z,adsb-lol|adsbexchange-samples|airplanes-live,BOTH_HAVE_IT,BOTH_HAVE_IT,76,no,yes,GAP -- aircraft unobserved for 76 day(s) between these two fields; intermediate stops are possible and are NOT ruled out,
N582MM,2024-06-16,2024-06-17,1,KSDL,Scottsdale Airport,0.15,2024-06-16T05:37:24.790000Z,KPHX,Phoenix Sky Harbor International Airport,1.81,2024-06-17T10:57:09.610000Z,adsb-lol|airplanes-live,BOTH_HAVE_IT,BOTH_HAVE_IT,0,no,yes,overnight,
CONTROL-LUFTHANSA,2024-06-17,2024-06-17,0,EDDL,Düsseldorf Airport,0.46,2024-06-17T05:40:07.810000Z,EDDM,Munich Airport,0.96,2024-06-17T06:35:20.120000Z,airplanes-live,BOTH_HAVE_IT,BOTH_HAVE_IT,0,no,no,direct,
CONTROL-LUFTHANSA,2024-06-17,2024-06-17,0,EDDM,Munich Airport,0.68,2024-06-17T12:30:16.420000Z,EBBR,Brussels Airport,0.74,2024-06-17T13:39:14.320000Z,adsb-lol|airplanes-live,BOTH_HAVE_IT,BOTH_HAVE_IT,0,no,no,direct,
CONTROL-LUFTHANSA,2024-06-17,2024-06-17,0,EBBR,Brussels Airport,0.74,2024-06-17T13:44:54.720000Z,EBMB,Melsbroek Air Base,0.63,2024-06-17T14:42:14Z,adsb-lol|airplanes-live,BOTH_HAVE_IT,BOTH_HAVE_IT,0,no,no,direct,
CONTROL-LUFTHANSA,2024-06-17,2024-06-17,0,EBMB,Melsbroek Air Base,0.63,2024-06-17T14:49:22.050000Z,EDDM,Munich Airport,0.69,2024-06-17T15:49:02.340000Z,adsb-lol|airplanes-live,BOTH_HAVE_IT,BOTH_HAVE_IT,0,no,no,direct,
CONTROL-LUFTHANSA,2024-06-17,2024-06-17,0,EDDM,Munich Airport,2.31,2024-06-17T17:01:35.700000Z,EDDV,Hannover Airport,0.7,2024-06-17T17:51:03.890000Z,airplanes-live,BOTH_HAVE_IT,BOTH_HAVE_IT,0,no,no,direct,
CONTROL-LUFTHANSA,2024-06-17,2024-06-17,0,EDDV,Hannover Airport,0.7,2024-06-17T17:51:03.890000Z,EDDM,Munich Airport,0.91,2024-06-17T19:28:57.540000Z,airplanes-live,BOTH_HAVE_IT,BOTH_HAVE_IT,0,no,no,direct,
CONTROL-LUFTHANSA,2024-06-17,2024-06-18,1,EDDM,Munich Airport,0.91,2024-06-17T19:29:39.590000Z,EDDH,Hamburg Helmut Schmidt Airport,0.61,2024-06-18T07:03:27.230000Z,adsb-lol|airplanes-live,BOTH_HAVE_IT,BOTH_HAVE_IT,0,no,yes,overnight,
N582MM,2024-06-17,2024-06-17,0,KPHX,Phoenix Sky Harbor International Airport,1.81,2024-06-17T11:20:03.640000Z,KPDX,Portland International Airport,1.13,2024-06-17T18:51:17.510000Z,adsb-lol|airplanes-live,BOTH_HAVE_IT,BOTH_HAVE_IT,0,no,no,direct,
N582MM,2024-06-17,2024-06-17,0,KPDX,Portland International Airport,2.46,2024-06-17T20:36:33.150000Z,KSNA,John Wayne Orange County International Airport,0.68,2024-06-17T22:39:49.970000Z,adsb-lol|airplanes-live,BOTH_HAVE_IT,BOTH_HAVE_IT,0,no,no,direct,
N582MM,2024-06-17,2024-06-18,1,KSNA,John Wayne Orange County International Airport,0.68,2024-06-17T22:41:01.080000Z,KPHX,Phoenix Sky Harbor International Airport,1.79,2024-06-18T00:14:32.370000Z,adsb-lol|airplanes-live,BOTH_HAVE_IT,BOTH_HAVE_IT,0,no,yes,overnight,
CONTROL-LUFTHANSA,2024-06-18,2024-06-19,1,EDDH,Hamburg Helmut Schmidt Airport,0.61,2024-06-18T07:55:26.300000Z,EDDM,Munich Airport,0.99,2024-06-19T06:22:15.140000Z,adsb-lol|airplanes-live,BOTH_HAVE_IT,BOTH_HAVE_IT,0,no,yes,overnight,
CONTROL-RYANAIR,2024-06-18,2024-06-18,0,EGSS,London Stansted Airport,0.81,2024-06-18T18:25:02.110000Z,EKBI,Billund Airport,0.58,2024-06-18T19:30:03.990000Z,airplanes-live,BOTH_HAVE_IT,BOTH_HAVE_IT,0,no,no,direct,
CONTROL-RYANAIR,2024-06-18,2024-06-18,0,EKBI,Billund Airport,0.58,2024-06-18T19:30:50.320000Z,EGSS,London Stansted Airport,0.87,2024-06-18T21:33:37.010000Z,adsb-lol|airplanes-live,BOTH_HAVE_IT,BOTH_HAVE_IT,0,no,no,direct,
CONTROL-LUFTHANSA,2024-06-19,2024-06-19,0,EDDM,Munich Airport,0.99,2024-06-19T06:22:57.180000Z,EDDH,Hamburg Helmut Schmidt Airport,0.64,2024-06-19T09:30:04.860000Z,adsb-lol|airplanes-live,BOTH_HAVE_IT,BOTH_HAVE_IT,0,no,no,direct,
CONTROL-LUFTHANSA,2024-06-19,2024-06-19,0,EDDH,Hamburg Helmut Schmidt Airport,0.95,2024-06-19T10:36:10.500000Z,EDDM,Munich Airport,0.89,2024-06-19T12:36:57.620000Z,adsb-lol|airplanes-live,BOTH_HAVE_IT,BOTH_HAVE_IT,0,no,no,direct,
CONTROL-LUFTHANSA,2024-06-19,2024-06-19,0,EDDM,Munich Airport,0.89,2024-06-19T12:38:54.740000Z,EDDB,Berlin Brandenburg Airport,0.86,2024-06-19T13:24:25.160000Z,adsb-lol|airplanes-live,BOTH_HAVE_IT,BOTH_HAVE_IT,0,no,no,direct,
CONTROL-LUFTHANSA,2024-06-19,2024-06-19,0,EDDB,Berlin Brandenburg Airport,0.86,2024-06-19T13:25:32.320000Z,EDDM,Munich Airport,0.93,2024-06-19T15:56:58.620000Z,adsb-lol|airplanes-live,BOTH_HAVE_IT,BOTH_HAVE_IT,0,no,no,direct,
CONTROL-LUFTHANSA,2024-06-19,2024-06-19,0,EDDM,Munich Airport,0.93,2024-06-19T15:57:37.670000Z,EDDK,Cologne Bonn Airport,1.9,2024-06-19T16:50:50.300000Z,adsb-lol|airplanes-live,BOTH_HAVE_IT,BOTH_HAVE_IT,0,no,no,direct,
CONTROL-LUFTHANSA,2024-06-19,2024-06-19,0,EDDK,Cologne Bonn Airport,0.26,2024-06-19T17:46:23.110000Z,EDDM,Munich Airport,0.72,2024-06-19T18:32:49.970000Z,adsb-lol|airplanes-live,BOTH_HAVE_IT,BOTH_HAVE_IT,0,no,no,direct,
CONTROL-LUFTHANSA,2024-06-19,2024-07-04,15,EDDM,Munich Airport,0.72,2024-06-19T18:33:55.040000Z,LIRF,Rome–Fiumicino Leonardo da Vinci International Airport,1.7,2024-07-04T12:57:32.460000Z,adsb-lol|airplanes-live,BOTH_HAVE_IT,BOTH_HAVE_IT,14,no,yes,GAP -- aircraft unobserved for 14 day(s) between these two fields; intermediate stops are possible and are NOT ruled out,
CONTROL-RYANAIR,2024-06-19,2024-07-04,15,EGSS,London Stansted Airport,0.97,2024-06-19T06:44:36.240000Z,EHEH,Eindhoven Airport,1.07,2024-07-04T06:39:39.560000Z,adsb-lol|airplanes-live,BOTH_HAVE_IT,BOTH_HAVE_IT,14,no,yes,GAP -- aircraft unobserved for 14 day(s) between these two fields; intermediate stops are possible and are NOT ruled out,
N1098L,2024-07-01,2024-07-01,0,KGTF,Great Falls International Airport,1.34,2024-07-01T19:44:02.420000Z,KRNO,Reno Tahoe International Airport,0.71,2024-07-01T21:14:27.540000Z,adsbexchange-samples,HELD_BY_ADSBEXCHANGE-SAMPLES,HELD_BY_ADSBEXCHANGE-SAMPLES,0,yes,no,direct,
N1098L,2024-07-01,2024-07-01,0,KRNO,Reno Tahoe International Airport,0.71,2024-07-01T21:24:22.850000Z,KBIF,Biggs Army Air Field (Fort Bliss),0.23,2024-07-01T23:17:53.210000Z,adsbexchange-samples,HELD_BY_ADSBEXCHANGE-SAMPLES,HELD_BY_ADSBEXCHANGE-SAMPLES,0,yes,no,direct,
N1098L,2024-07-01,2024-08-01,31,KBIF,Biggs Army Air Field (Fort Bliss),0.23,2024-07-01T23:19:09.120000Z,KOAK,Oakland San Francisco Bay Airport,0.75,2024-08-01T22:44:30.940000Z,adsbexchange-samples,HELD_BY_ADSBEXCHANGE-SAMPLES,HELD_BY_ADSBEXCHANGE-SAMPLES,30,yes,yes,GAP -- aircraft unobserved for 30 day(s) between these two fields; intermediate stops are possible and are NOT ruled out,
N2100L,2024-07-01,2024-08-01,31,KBIF,Biggs Army Air Field (Fort Bliss),0.28,2024-07-01T21:47:57.490000Z,KPVU,Provo Municipal Airport,0.32,2024-08-01T22:17:14.310000Z,adsbexchange-samples,HELD_BY_ADSBEXCHANGE-SAMPLES,HELD_BY_ADSBEXCHANGE-SAMPLES,30,yes,yes,GAP -- aircraft unobserved for 30 day(s) between these two fields; intermediate stops are possible and are NOT ruled out,
N560TW,2024-07-01,2024-07-01,0,KSDL,Scottsdale Airport,0.89,2024-07-01T20:00:57.240000Z,KLAS,Harry Reid International Airport,1.74,2024-07-01T21:04:47.070000Z,adsbexchange-samples,HELD_BY_ADSBEXCHANGE-SAMPLES,HELD_BY_ADSBEXCHANGE-SAMPLES,0,yes,no,direct,
N560TW,2024-07-01,2024-07-01,0,KLAS,Harry Reid International Airport,1.74,2024-07-01T21:53:53.570000Z,KJAC,Jackson Hole Airport,0.47,2024-07-01T23:17:00.290000Z,adsbexchange-samples,HELD_BY_ADSBEXCHANGE-SAMPLES,HELD_BY_ADSBEXCHANGE-SAMPLES,0,yes,no,direct,
N560TW,2024-07-01,2024-09-03,64,KJAC,Jackson Hole Airport,0.47,2024-07-01T23:19:30.390000Z,KSDL,Scottsdale Airport,0.2,2024-09-03T00:06:40.150000Z,adsb-lol|adsbexchange-samples|airplanes-live,HELD_BY_ADSBEXCHANGE-SAMPLES,BOTH_HAVE_IT,63,yes,yes,GAP -- aircraft unobserved for 63 day(s) between these two fields; intermediate stops are possible and are NOT ruled out,"dest|Phoenix,AZ|2024-09-03|Charlie|11.0"
N582MM,2024-07-01,2024-07-01,0,KPHX,Phoenix Sky Harbor International Airport,1.96,2024-07-01T13:57:27.740000Z,KSJC,Mineta San Jose International Airport,0.31,2024-07-01T15:30:01.430000Z,adsbexchange-samples,HELD_BY_ADSBEXCHANGE-SAMPLES,HELD_BY_ADSBEXCHANGE-SAMPLES,0,yes,no,direct,
N582MM,2024-07-01,2024-07-22,21,KSJC,Mineta San Jose International Airport,0.31,2024-07-01T16:31:19.130000Z,KDFW,Dallas Fort Worth International Airport,1.43,2024-07-22T16:30:47.040000Z,adsb-lol|adsbexchange-samples|airplanes-live,HELD_BY_ADSBEXCHANGE-SAMPLES,BOTH_HAVE_IT,20,yes,yes,GAP -- aircraft unobserved for 20 day(s) between these two fields; intermediate stops are possible and are NOT ruled out,
N872RA,2024-07-01,2024-07-23,22,KSNA,John Wayne Orange County International Airport,0.39,2024-07-01T01:03:28.070000Z,KVNY,Van Nuys Airport,0.58,2024-07-23T12:01:35.110000Z,adsbexchange-samples|airplanes-live,HELD_BY_ADSBEXCHANGE-SAMPLES,BOTH_HAVE_IT,21,yes,yes,GAP -- aircraft unobserved for 21 day(s) between these two fields; intermediate stops are possible and are NOT ruled out,
CONTROL-LUFTHANSA,2024-07-04,2024-07-04,0,LIRF,Rome–Fiumicino Leonardo da Vinci International Airport,1.38,2024-07-04T14:07:30.120000Z,EDDH,Hamburg Helmut Schmidt Airport,0.63,2024-07-04T18:31:04.290000Z,adsb-lol|airplanes-live,BOTH_HAVE_IT,BOTH_HAVE_IT,0,no,no,direct,
CONTROL-LUFTHANSA,2024-07-04,2024-07-05,1,EDDH,Hamburg Helmut Schmidt Airport,0.63,2024-07-04T19:20:04.900000Z,EDDM,Munich Airport,1.32,2024-07-05T04:36:39.200000Z,adsb-lol|airplanes-live,BOTH_HAVE_IT,BOTH_HAVE_IT,0,no,yes,overnight,
CONTROL-RYANAIR,2024-07-04,2024-07-04,0,EHEH,Eindhoven Airport,1.35,2024-07-04T07:57:47.960000Z,LEVC,Valencia Airport,0.31,2024-07-04T11:37:51.490000Z,adsb-lol|airplanes-live,BOTH_HAVE_IT,BOTH_HAVE_IT,0,no,no,direct,
CONTROL-RYANAIR,2024-07-04,2024-07-04,0,LEVC,Valencia Airport,0.31,2024-07-04T12:31:37.950000Z,LIME,Il Caravaggio International Airport,0.36,2024-07-04T15:34:17.790000Z,adsb-lol|airplanes-live,BOTH_HAVE_IT,BOTH_HAVE_IT,0,no,no,direct,
CONTROL-RYANAIR,2024-07-04,2024-07-04,0,LIME,Il Caravaggio International Airport,0.36,2024-07-04T15:34:17.790000Z,LEMD,Adolfo Suárez Madrid–Barajas Airport,1.02,2024-07-04T20:38:31.520000Z,adsb-lol|airplanes-live,BOTH_HAVE_IT,BOTH_HAVE_IT,0,no,no,direct,
CONTROL-RYANAIR,2024-07-04,2024-07-05,1,LEMD,Adolfo Suárez Madrid–Barajas Airport,0.25,2024-07-04T22:09:51.990000Z,EGFF,Cardiff International Airport,0.34,2024-07-05T20:41:29.540000Z,adsb-lol|airplanes-live,BOTH_HAVE_IT,BOTH_HAVE_IT,0,no,yes,overnight,
CONTROL-LUFTHANSA,2024-07-05,2024-07-05,0,EDDM,Munich Airport,1.32,2024-07-05T05:00:04.610000Z,EPKK,Kraków John Paul II International Airport,0.36,2024-07-05T10:40:11.310000Z,adsb-lol|airplanes-live,BOTH_HAVE_IT,BOTH_HAVE_IT,0,no,no,direct,
CONTROL-LUFTHANSA,2024-07-05,2024-07-05,0,EPKK,Kraków John Paul II International Airport,1.12,2024-07-05T11:31:37.800000Z,EDDM,Munich Airport,2.08,2024-07-05T14:12:38.760000Z,adsb-lol|airplanes-live,BOTH_HAVE_IT,BOTH_HAVE_IT,0,no,no,direct,
CONTROL-LUFTHANSA,2024-07-05,2024-07-05,0,EDDM,Munich Airport,2.08,2024-07-05T14:12:38.760000Z,EDDB,Berlin Brandenburg Airport,0.79,2024-07-05T15:08:05.090000Z,airplanes-live,BOTH_HAVE_IT,BOTH_HAVE_IT,0,no,no,direct,
CONTROL-LUFTHANSA,2024-07-05,2024-07-05,0,EDDB,Berlin Brandenburg Airport,0.79,2024-07-05T15:08:20.110000Z,EDDM,Munich Airport,2.76,2024-07-05T18:12:56.180000Z,airplanes-live,BOTH_HAVE_IT,BOTH_HAVE_IT,0,no,no,direct,
CONTROL-LUFTHANSA,2024-07-05,2024-07-06,1,EDDM,Munich Airport,2.76,2024-07-05T18:15:32.340000Z,LEMG,Málaga-Costa del Sol Airport,0.36,2024-07-06T09:43:02.780000Z,airplanes-live,BOTH_HAVE_IT,BOTH_HAVE_IT,0,no,yes,overnight,
CONTROL-RYANAIR,2024-07-05,2024-07-06,1,EGFF,Cardiff International Airport,0.93,2024-07-05T21:38:36.390000Z,EGSS,London Stansted Airport,0.4,2024-07-06T07:08:41.120000Z,adsb-lol|airplanes-live,BOTH_HAVE_IT,BOTH_HAVE_IT,0,no,yes,overnight,
CONTROL-LUFTHANSA,2024-07-06,2024-07-06,0,LEMG,Málaga-Costa del Sol Airport,0.41,2024-07-06T11:08:59.980000Z,EDDB,Berlin Brandenburg Airport,0.55,2024-07-06T15:53:43.770000Z,adsb-lol|airplanes-live,BOTH_HAVE_IT,BOTH_HAVE_IT,0,no,no,direct,
CONTROL-LUFTHANSA,2024-07-06,2024-07-19,13,EDDB,Berlin Brandenburg Airport,0.55,2024-07-06T15:55:40.370000Z,EDDM,Munich Airport,1.0,2024-07-19T04:35:22.240000Z,adsb-lol|airplanes-live,BOTH_HAVE_IT,BOTH_HAVE_IT,12,no,yes,GAP -- aircraft unobserved for 12 day(s) between these two fields; intermediate stops are possible and are NOT ruled out,
CONTROL-RYANAIR,2024-07-06,2024-07-06,0,EGSS,London Stansted Airport,1.45,2024-07-06T08:12:46.030000Z,EGNM,Leeds Bradford Airport,0.6,2024-07-06T15:40:26.430000Z,adsb-lol|airplanes-live,BOTH_HAVE_IT,BOTH_HAVE_IT,0,no,no,direct,
CONTROL-RYANAIR,2024-07-06,2024-07-19,13,EGNM,Leeds Bradford Airport,0.9,2024-07-06T16:26:21.880000Z,EGSS,London Stansted Airport,0.77,2024-07-19T05:40:25.180000Z,adsb-lol,BOTH_HAVE_IT,BOTH_HAVE_IT,12,no,yes,GAP -- aircraft unobserved for 12 day(s) between these two fields; intermediate stops are possible and are NOT ruled out,
CONTROL-LUFTHANSA,2024-07-19,2024-07-19,0,EDDM,Munich Airport,1.22,2024-07-19T15:30:59.080000Z,EDDK,Cologne Bonn Airport,0.46,2024-07-19T16:18:12.280000Z,adsb-lol|airplanes-live,BOTH_HAVE_IT,BOTH_HAVE_IT,0,no,no,direct,
CONTROL-LUFTHANSA,2024-07-19,2024-07-19,0,EDDK,Cologne Bonn Airport,0.46,2024-07-19T16:21:18.060000Z,EDDM,Munich Airport,0.9,2024-07-19T17:15:24.770000Z,adsb-lol,BOTH_HAVE_IT,BOTH_HAVE_IT,0,no,no,direct,
CONTROL-LUFTHANSA,2024-07-19,2024-07-19,0,EDDM,Munich Airport,0.73,2024-07-19T19:59:02.180000Z,EDDW,Bremen Airport,0.22,2024-07-19T20:54:10.960000Z,adsb-lol|airplanes-live,BOTH_HAVE_IT,BOTH_HAVE_IT,0,no,no,direct,
CONTROL-LUFTHANSA,2024-07-20,2024-07-20,0,EDDW,Bremen Airport,0.61,2024-07-20T04:37:54.560000Z,EDDM,Munich Airport,0.85,2024-07-20T05:34:47.610000Z,adsb-lol|airplanes-live,BOTH_HAVE_IT,BOTH_HAVE_IT,0,no,no,direct,
CONTROL-LUFTHANSA,2024-07-20,2024-07-20,0,EDDM,Munich Airport,0.95,2024-07-20T10:56:08.210000Z,LIRF,Rome–Fiumicino Leonardo da Vinci International Airport,1.59,2024-07-20T13:18:49.320000Z,adsb-lol,BOTH_HAVE_IT,BOTH_HAVE_IT,0,no,no,direct,
CONTROL-LUFTHANSA,2024-07-20,2024-07-20,0,LIRF,Rome–Fiumicino Leonardo da Vinci International Airport,1.31,2024-07-20T15:03:52.190000Z,EDDM,Munich Airport,0.93,2024-07-20T16:16:48.350000Z,adsb-lol,BOTH_HAVE_IT,BOTH_HAVE_IT,0,no,no,direct,
CONTROL-LUFTHANSA,2024-07-20,2024-07-21,1,EDDM,Munich Airport,0.93,2024-07-20T16:17:36.300000Z,LFML,Marseille Provence Airport,0.25,2024-07-21T06:20:26.830000Z,adsb-lol|airplanes-live,BOTH_HAVE_IT,BOTH_HAVE_IT,0,no,yes,overnight,
CONTROL-LUFTHANSA,2024-07-21,2024-07-21,0,LFML,Marseille Provence Airport,0.25,2024-07-21T06:20:26.830000Z,EDDM,Munich Airport,1.05,2024-07-21T07:34:10.390000Z,airplanes-live,BOTH_HAVE_IT,BOTH_HAVE_IT,0,no,no,direct,
CONTROL-LUFTHANSA,2024-07-21,2024-07-21,0,EDDM,Munich Airport,0.99,2024-07-21T14:19:22.570000Z,,,,2024-07-21T19:50:35.440000Z,airplanes-live,BOTH_HAVE_IT,BOTH_HAVE_IT,0,no,no,direct,
CONTROL-LUFTHANSA,2024-07-21,2024-07-24,3,,,,2024-07-21T20:30:39.840000Z,EDDM,Munich Airport,1.29,2024-07-24T07:09:58.020000Z,adsb-lol|airplanes-live,BOTH_HAVE_IT,BOTH_HAVE_IT,2,no,yes,GAP -- aircraft unobserved for 2 day(s) between these two fields; intermediate stops are possible and are NOT ruled out,
N582MM,2024-07-22,2024-07-22,0,KDFW,Dallas Fort Worth International Airport,1.43,2024-07-22T17:11:34.300000Z,KRNO,Reno Tahoe International Airport,0.21,2024-07-22T20:21:02.180000Z,adsb-lol|airplanes-live,BOTH_HAVE_IT,BOTH_HAVE_IT,0,no,no,direct,
N582MM,2024-07-23,2024-07-23,0,KRNO,Reno Tahoe International Airport,0.48,2024-07-23T13:14:48.230000Z,KMSP,Minneapolis–Saint Paul International Airport / Wold–Chamberlain Field,0.66,2024-07-23T16:17:45.530000Z,adsb-lol|airplanes-live,BOTH_HAVE_IT,BOTH_HAVE_IT,0,no,no,direct,
N582MM,2024-07-23,2024-07-23,0,KMSP,Minneapolis–Saint Paul International Airport / Wold–Chamberlain Field,0.66,2024-07-23T16:57:28.530000Z,KPHX,Phoenix Sky Harbor International Airport,1.94,2024-07-23T23:17:35.060000Z,adsb-lol|airplanes-live,BOTH_HAVE_IT,BOTH_HAVE_IT,0,no,no,direct,
N872RA,2024-07-23,2024-07-23,0,KVNY,Van Nuys Airport,0.4,2024-07-23T13:12:36.810000Z,KABQ,Albuquerque International Sunport,1.18,2024-07-23T14:51:41.290000Z,adsb-lol|airplanes-live,BOTH_HAVE_IT,BOTH_HAVE_IT,0,no,no,direct,
N872RA,2024-07-23,2024-07-23,0,KABQ,Albuquerque International Sunport,1.18,2024-07-23T15:25:26.280000Z,KSNA,John Wayne Orange County International Airport,0.12,2024-07-23T23:28:17.590000Z,adsb-lol|airplanes-live,BOTH_HAVE_IT,BOTH_HAVE_IT,0,no,no,direct,
N582MM,2024-07-24,2024-07-24,0,KPHX,Phoenix Sky Harbor International Airport,1.97,2024-07-24T15:06:39.560000Z,KLAS,Harry Reid International Airport,1.14,2024-07-24T15:53:42.150000Z,adsb-lol|airplanes-live,BOTH_HAVE_IT,BOTH_HAVE_IT,0,no,no,direct,
N582MM,2024-07-24,2024-07-25,1,KLAS,Harry Reid International Airport,1.14,2024-07-24T17:11:04.070000Z,KPHX,Phoenix Sky Harbor International Airport,0.64,2024-07-25T01:33:36.780000Z,adsb-lol|airplanes-live,BOTH_HAVE_IT,BOTH_HAVE_IT,0,no,yes,overnight,
CONTROL-LUFTHANSA,2024-07-25,2024-07-25,0,EDDM,Munich Airport,1.48,2024-07-25T10:20:51.920000Z,EPKK,Kraków John Paul II International Airport,0.36,2024-07-25T11:15:54.710000Z,adsb-lol|airplanes-live,BOTH_HAVE_IT,BOTH_HAVE_IT,0,no,no,direct,
CONTROL-LUFTHANSA,2024-07-25,2024-07-25,0,EPKK,Kraków John Paul II International Airport,1.13,2024-07-25T12:11:35.210000Z,EDDM,Munich Airport,0.73,2024-07-25T13:10:07.800000Z,adsb-lol|airplanes-live,BOTH_HAVE_IT,BOTH_HAVE_IT,0,no,no,direct,
CONTROL-RYANAIR,2024-07-25,2024-07-25,0,EGSS,London Stansted Airport,1.54,2024-07-25T06:01:01.080000Z,LEGE,Girona-Costa Brava Airport,0.6,2024-07-25T07:50:21.990000Z,adsb-lol|airplanes-live,BOTH_HAVE_IT,BOTH_HAVE_IT,0,no,no,direct,
CONTROL-RYANAIR,2024-07-25,2024-07-25,0,LEGE,Girona-Costa Brava Airport,0.6,2024-07-25T08:40:26.220000Z,EGSS,London Stansted Airport,0.71,2024-07-25T10:29:34.990000Z,adsb-lol|airplanes-live,BOTH_HAVE_IT,BOTH_HAVE_IT,0,no,no,direct,
CONTROL-RYANAIR,2024-07-25,2024-07-25,0,EGSS,London Stansted Airport,1.56,2024-07-25T11:44:05.920000Z,EGNM,Leeds Bradford Airport,0.4,2024-07-25T17:26:23Z,adsb-lol|airplanes-live,BOTH_HAVE_IT,BOTH_HAVE_IT,0,no,no,direct,
CONTROL-RYANAIR,2024-07-25,2024-07-26,1,EGNM,Leeds Bradford Airport,0.4,2024-07-25T18:08:50.410000Z,EGKK,London Gatwick Airport,0.63,2024-07-26T07:33:31.210000Z,adsb-lol|airplanes-live,BOTH_HAVE_IT,BOTH_HAVE_IT,0,no,yes,overnight,
N582MM,2024-07-25,2024-07-26,1,KPHX,Phoenix Sky Harbor International Airport,1.82,2024-07-25T20:06:59.230000Z,KFMY,Page Field,0.75,2024-07-26T01:31:18.460000Z,adsb-lol|airplanes-live,BOTH_HAVE_IT,BOTH_HAVE_IT,0,no,yes,overnight,
CONTROL-LUFTHANSA,2024-07-26,2024-08-16,21,EDDM,Munich Airport,1.93,2024-07-26T17:41:12.670000Z,EDDK,Cologne Bonn Airport,1.83,2024-08-16T04:50:22.590000Z,adsb-lol|airplanes-live,BOTH_HAVE_IT,BOTH_HAVE_IT,20,no,yes,GAP -- aircraft unobserved for 20 day(s) between these two fields; intermediate stops are possible and are NOT ruled out,
CONTROL-RYANAIR,2024-07-26,2024-07-26,0,EGKK,London Gatwick Airport,0.42,2024-07-26T08:47:47.670000Z,EDDB,Berlin Brandenburg Airport,0.8,2024-07-26T19:16:37.400000Z,airplanes-live,BOTH_HAVE_IT,BOTH_HAVE_IT,0,no,no,direct,
CONTROL-RYANAIR,2024-07-26,2024-08-16,21,EDDB,Berlin Brandenburg Airport,0.8,2024-07-26T19:17:01.430000Z,EGGD,Bristol Airport,0.73,2024-08-16T01:00:40.300000Z,adsb-lol|airplanes-live,BOTH_HAVE_IT,BOTH_HAVE_IT,20,no,yes,GAP -- aircraft unobserved for 20 day(s) between these two fields; intermediate stops are possible and are NOT ruled out,
N582MM,2024-07-26,2024-07-28,2,KFMY,Page Field,0.59,2024-07-26T12:46:02.500000Z,KSDL,Scottsdale Airport,0.67,2024-07-28T02:09:29.450000Z,adsb-lol|airplanes-live,BOTH_HAVE_IT,BOTH_HAVE_IT,1,no,yes,GAP -- aircraft unobserved for 1 day(s) between these two fields; intermediate stops are possible and are NOT ruled out,
N872RA,2024-07-26,2024-07-28,2,KSNA,John Wayne Orange County International Airport,0.8,2024-07-26T17:08:49.710000Z,KIDA,Idaho Falls Regional Airport,0.89,2024-07-28T15:26:32.730000Z,adsb-lol|airplanes-live,BOTH_HAVE_IT,BOTH_HAVE_IT,1,no,yes,GAP -- aircraft unobserved for 1 day(s) between these two fields; intermediate stops are possible and are NOT ruled out,
N582MM,2024-07-28,2024-07-29,1,KSDL,Scottsdale Airport,0.67,2024-07-28T02:55:29.890000Z,KPHX,Phoenix Sky Harbor International Airport,1.82,2024-07-29T23:01:02.650000Z,adsb-lol|airplanes-live,BOTH_HAVE_IT,BOTH_HAVE_IT,0,no,yes,overnight,
N872RA,2024-07-28,2024-07-28,0,KIDA,Idaho Falls Regional Airport,0.89,2024-07-28T15:28:08.860000Z,KSNA,John Wayne Orange County International Airport,0.63,2024-07-28T23:52:13.810000Z,adsb-lol|airplanes-live,BOTH_HAVE_IT,BOTH_HAVE_IT,0,no,no,direct,
N582MM,2024-07-30,2024-08-01,2,KPHX,Phoenix Sky Harbor International Airport,0.73,2024-07-30T00:06:01.970000Z,KAUS,Austin Bergstrom International Airport,1.41,2024-08-01T15:59:38.480000Z,adsb-lol|adsbexchange-samples|airplanes-live,BOTH_HAVE_IT,HELD_BY_ADSBEXCHANGE-SAMPLES,1,yes,yes,GAP -- aircraft unobserved for 1 day(s) between these two fields; intermediate stops are possible and are NOT ruled out,
N872RA,2024-07-30,2024-07-30,0,KSNA,John Wayne Orange County International Airport,0.12,2024-07-30T02:09:51.670000Z,KVNY,Van Nuys Airport,0.25,2024-07-30T23:20:10.370000Z,adsb-lol|airplanes-live,BOTH_HAVE_IT,BOTH_HAVE_IT,0,no,no,direct,
N872RA,2024-07-30,2024-09-02,34,KVNY,Van Nuys Airport,0.25,2024-07-30T23:51:33.270000Z,KLGB,Long Beach International Airport,0.14,2024-09-02T18:37:10.610000Z,adsb-lol|airplanes-live,BOTH_HAVE_IT,BOTH_HAVE_IT,33,no,yes,GAP -- aircraft unobserved for 33 day(s) between these two fields; intermediate stops are possible and are NOT ruled out,
N1098L,2024-08-01,2024-10-01,61,KOAK,Oakland San Francisco Bay Airport,0.75,2024-08-01T23:14:10.440000Z,KRAP,Rapid City Regional Airport,0.64,2024-10-01T16:21:36.540000Z,adsbexchange-samples,HELD_BY_ADSBEXCHANGE-SAMPLES,HELD_BY_ADSBEXCHANGE-SAMPLES,60,yes,yes,GAP -- aircraft unobserved for 60 day(s) between these two fields; intermediate stops are possible and are NOT ruled out,
N2100L,2024-08-01,2024-08-01,0,KPVU,Provo Municipal Airport,0.32,2024-08-01T22:34:15.900000Z,KBIF,Biggs Army Air Field (Fort Bliss),0.46,2024-08-01T23:59:10.440000Z,adsbexchange-samples,HELD_BY_ADSBEXCHANGE-SAMPLES,HELD_BY_ADSBEXCHANGE-SAMPLES,0,yes,no,direct,
N2100L,2024-08-01,2024-10-01,61,KBIF,Biggs Army Air Field (Fort Bliss),0.46,2024-08-01T23:59:59.800000Z,KCEW,Bob Sikes Airport,0.08,2024-10-01T17:53:36.370000Z,adsbexchange-samples,HELD_BY_ADSBEXCHANGE-SAMPLES,HELD_BY_ADSBEXCHANGE-SAMPLES,60,yes,yes,GAP -- aircraft unobserved for 60 day(s) between these two fields; intermediate stops are possible and are NOT ruled out,
N582MM,2024-08-01,2024-08-01,0,KAUS,Austin Bergstrom International Airport,0.93,2024-08-01T19:49:22.760000Z,KMQS,Chester County G O Carlson Airport,0.52,2024-08-01T22:58:49.200000Z,adsbexchange-samples,HELD_BY_ADSBEXCHANGE-SAMPLES,HELD_BY_ADSBEXCHANGE-SAMPLES,0,yes,no,direct,
N582MM,2024-08-01,2024-09-01,31,KMQS,Chester County G O Carlson Airport,0.3,2024-08-01T23:59:32.560000Z,KPHX,Phoenix Sky Harbor International Airport,1.92,2024-09-01T15:26:43.070000Z,adsbexchange-samples,HELD_BY_ADSBEXCHANGE-SAMPLES,HELD_BY_ADSBEXCHANGE-SAMPLES,30,yes,yes,GAP -- aircraft unobserved for 30 day(s) between these two fields; intermediate stops are possible and are NOT ruled out,
CONTROL-LUFTHANSA,2024-08-16,2024-08-16,0,EDDK,Cologne Bonn Airport,1.83,2024-08-16T04:51:05.250000Z,EDDM,Munich Airport,0.74,2024-08-16T05:39:07.660000Z,adsb-lol|airplanes-live,BOTH_HAVE_IT,BOTH_HAVE_IT,0,no,no,direct,
CONTROL-LUFTHANSA,2024-08-16,2024-08-16,0,EDDM,Munich Airport,0.64,2024-08-16T06:40:53.610000Z,LIRF,Rome–Fiumicino Leonardo da Vinci International Airport,1.65,2024-08-16T07:49:37.110000Z,adsb-lol|airplanes-live,BOTH_HAVE_IT,BOTH_HAVE_IT,0,no,no,direct,
CONTROL-LUFTHANSA,2024-08-16,2024-08-16,0,LIRF,Rome–Fiumicino Leonardo da Vinci International Airport,1.34,2024-08-16T09:08:47.380000Z,EDDM,Munich Airport,1.13,2024-08-16T10:12:27.340000Z,adsb-lol|airplanes-live,BOTH_HAVE_IT,BOTH_HAVE_IT,0,no,no,direct,
CONTROL-LUFTHANSA,2024-08-16,2024-08-16,0,EDDM,Munich Airport,0.83,2024-08-16T11:46:01.300000Z,LIRF,Rome–Fiumicino Leonardo da Vinci International Airport,1.57,2024-08-16T12:58:13.970000Z,adsb-lol|airplanes-live,BOTH_HAVE_IT,BOTH_HAVE_IT,0,no,no,direct,
CONTROL-LUFTHANSA,2024-08-16,2024-08-16,0,LIRF,Rome–Fiumicino Leonardo da Vinci International Airport,1.41,2024-08-16T14:34:59.790000Z,EDDM,Munich Airport,0.91,2024-08-16T15:36:14.760000Z,adsb-lol|airplanes-live,BOTH_HAVE_IT,BOTH_HAVE_IT,0,no,no,direct,
CONTROL-LUFTHANSA,2024-08-16,2024-08-16,0,EDDM,Munich Airport,0.74,2024-08-16T16:42:50.650000Z,EDDH,Hamburg Helmut Schmidt Airport,0.69,2024-08-16T17:34:20.710000Z,adsb-lol|airplanes-live,BOTH_HAVE_IT,BOTH_HAVE_IT,0,no,no,direct,
CONTROL-LUFTHANSA,2024-08-16,2024-08-16,0,EDDH,Hamburg Helmut Schmidt Airport,0.69,2024-08-16T18:24:41.750000Z,EDDM,Munich Airport,0.98,2024-08-16T19:22:31.310000Z,adsb-lol|airplanes-live,BOTH_HAVE_IT,BOTH_HAVE_IT,0,no,no,direct,
CONTROL-RYANAIR,2024-08-16,2024-08-17,1,EGGD,Bristol Airport,0.27,2024-08-16T23:46:03.870000Z,EIDW,Dublin Airport,0.79,2024-08-17T00:25:10.260000Z,adsb-lol|airplanes-live,BOTH_HAVE_IT,BOTH_HAVE_IT,0,no,yes,overnight,
CONTROL-LUFTHANSA,2024-08-17,2024-08-17,0,EDDM,Munich Airport,1.22,2024-08-17T13:11:03.260000Z,EHAM,Amsterdam Airport Schiphol,0.77,2024-08-17T14:25:57.130000Z,adsb-lol|airplanes-live,BOTH_HAVE_IT,BOTH_HAVE_IT,0,no,no,direct,
CONTROL-LUFTHANSA,2024-08-17,2024-08-17,0,EHAM,Amsterdam Airport Schiphol,1.57,2024-08-17T15:51:01.200000Z,EDDM,Munich Airport,0.82,2024-08-17T16:55:43.960000Z,adsb-lol|airplanes-live,BOTH_HAVE_IT,BOTH_HAVE_IT,0,no,no,direct,
CONTROL-LUFTHANSA,2024-08-17,2024-08-17,0,EDDM,Munich Airport,0.83,2024-08-17T18:31:08.860000Z,LFML,Marseille Provence Airport,0.55,2024-08-17T19:48:04.090000Z,adsb-lol|airplanes-live,BOTH_HAVE_IT,BOTH_HAVE_IT,0,no,no,direct,
CONTROL-LUFTHANSA,2024-08-17,2024-08-18,1,LFML,Marseille Provence Airport,0.55,2024-08-17T19:48:04.090000Z,EDDM,Munich Airport,0.81,2024-08-18T07:54:18.080000Z,adsb-lol|airplanes-live,BOTH_HAVE_IT,BOTH_HAVE_IT,0,no,yes,overnight,
CONTROL-RYANAIR,2024-08-17,2024-08-17,0,EIDW,Dublin Airport,0.83,2024-08-17T05:37:23.160000Z,EGSS,London Stansted Airport,0.28,2024-08-17T06:30:49.020000Z,adsb-lol|airplanes-live,BOTH_HAVE_IT,BOTH_HAVE_IT,0,no,no,direct,
CONTROL-RYANAIR,2024-08-17,2024-08-17,0,EGSS,London Stansted Airport,0.28,2024-08-17T07:26:24.230000Z,EIDW,Dublin Airport,0.65,2024-08-17T08:21:14.620000Z,adsb-lol|airplanes-live,BOTH_HAVE_IT,BOTH_HAVE_IT,0,no,no,direct,
CONTROL-RYANAIR,2024-08-17,2024-08-17,0,EIDW,Dublin Airport,0.56,2024-08-17T15:22:13.310000Z,LMML,Malta International Airport,0.33,2024-08-17T19:32:51.620000Z,adsb-lol|airplanes-live,BOTH_HAVE_IT,BOTH_HAVE_IT,0,no,no,direct,
CONTROL-RYANAIR,2024-08-17,2024-08-18,1,LMML,Malta International Airport,0.66,2024-08-17T20:21:37.890000Z,EIDW,Dublin Airport,0.71,2024-08-18T05:05:13.870000Z,adsb-lol|airplanes-live,BOTH_HAVE_IT,BOTH_HAVE_IT,0,no,yes,overnight,
N102DZ,2024-09-01,2024-09-07,6,KFXE,Fort Lauderdale Executive Airport,0.88,2024-09-01T19:00:38.750000Z,KVNY,Van Nuys Airport,0.27,2024-09-07T22:43:53.170000Z,adsb-lol|adsbexchange-samples|airplanes-live,BOTH_HAVE_IT,BOTH_HAVE_IT,5,no,yes,GAP -- aircraft unobserved for 5 day(s) between these two fields; intermediate stops are possible and are NOT ruled out,
CONTROL-LUFTHANSA,2024-09-02,2024-09-02,0,EDDM,Munich Airport,1.25,2024-09-02T07:52:38.580000Z,LFBD,Bordeaux–Mérignac Airport,0.25,2024-09-02T09:17:17.560000Z,adsb-lol|airplanes-live,BOTH_HAVE_IT,BOTH_HAVE_IT,0,no,no,direct,
CONTROL-LUFTHANSA,2024-09-02,2024-09-02,0,LFBD,Bordeaux–Mérignac Airport,0.25,2024-09-02T09:19:20.820000Z,EDDM,Munich Airport,0.83,2024-09-02T11:50:30.380000Z,adsb-lol|airplanes-live,BOTH_HAVE_IT,BOTH_HAVE_IT,0,no,no,direct,
CONTROL-LUFTHANSA,2024-09-02,2024-09-02,0,EDDM,Munich Airport,0.73,2024-09-02T13:19:04.290000Z,LIRF,Rome–Fiumicino Leonardo da Vinci International Airport,1.68,2024-09-02T14:23:44.840000Z,adsb-lol|airplanes-live,BOTH_HAVE_IT,BOTH_HAVE_IT,0,no,no,direct,
CONTROL-LUFTHANSA,2024-09-02,2024-09-02,0,LIRF,Rome–Fiumicino Leonardo da Vinci International Airport,1.33,2024-09-02T15:24:41.200000Z,EDDM,Munich Airport,0.83,2024-09-02T16:29:59.390000Z,adsb-lol|airplanes-live,BOTH_HAVE_IT,BOTH_HAVE_IT,0,no,no,direct,
CONTROL-RYANAIR,2024-09-02,2024-09-02,0,EIDW,Dublin Airport,0.8,2024-09-02T05:28:36.560000Z,EGNM,Leeds Bradford Airport,0.62,2024-09-02T06:19:20.460000Z,adsb-lol|airplanes-live,BOTH_HAVE_IT,BOTH_HAVE_IT,0,no,no,direct,
CONTROL-RYANAIR,2024-09-02,2024-09-02,0,EGNM,Leeds Bradford Airport,0.62,2024-09-02T07:22:04.320000Z,EIDW,Dublin Airport,1.71,2024-09-02T16:06:52.850000Z,adsb-lol|airplanes-live,BOTH_HAVE_IT,BOTH_HAVE_IT,0,no,no,direct,
CONTROL-RYANAIR,2024-09-02,2024-09-02,0,EIDW,Dublin Airport,1.71,2024-09-02T16:07:51.070000Z,EGSS,London Stansted Airport,0.57,2024-09-02T17:07:29.660000Z,adsb-lol|airplanes-live,BOTH_HAVE_IT,BOTH_HAVE_IT,0,no,no,direct,
CONTROL-RYANAIR,2024-09-02,2024-09-02,0,EGSS,London Stansted Airport,0.89,2024-09-02T18:10:08.610000Z,EIDW,Dublin Airport,0.65,2024-09-02T19:03:44.830000Z,airplanes-live,BOTH_HAVE_IT,BOTH_HAVE_IT,0,no,no,direct,
CONTROL-RYANAIR,2024-09-02,2024-09-02,0,EIDW,Dublin Airport,0.65,2024-09-02T19:07:50.270000Z,EGCC,Manchester Airport,1.28,2024-09-02T20:41:20.730000Z,adsb-lol|airplanes-live,BOTH_HAVE_IT,BOTH_HAVE_IT,0,no,no,direct,
CONTROL-RYANAIR,2024-09-02,2024-09-10,8,EGCC,Manchester Airport,1.28,2024-09-02T21:27:42.510000Z,LEMG,Málaga-Costa del Sol Airport,1.5,2024-09-10T04:16:34.930000Z,adsb-lol|airplanes-live,BOTH_HAVE_IT,BOTH_HAVE_IT,7,no,yes,GAP -- aircraft unobserved for 7 day(s) between these two fields; intermediate stops are possible and are NOT ruled out,
N872RA,2024-09-02,2024-09-02,0,KLGB,Long Beach International Airport,0.52,2024-09-02T21:36:32.970000Z,KSNA,John Wayne Orange County International Airport,0.22,2024-09-02T21:34:16.430000Z,adsb-lol|airplanes-live,BOTH_HAVE_IT,BOTH_HAVE_IT,0,no,no,direct,
N560TW,2024-09-03,2024-09-03,0,KSDL,Scottsdale Airport,0.2,2024-09-03T00:35:36.820000Z,KAPA,Centennial Airport,0.23,2024-09-03T21:22:22.240000Z,adsb-lol|airplanes-live,BOTH_HAVE_IT,BOTH_HAVE_IT,0,no,no,direct,"origin|Phoenix,AZ|2024-09-03|Charlie|11.0"
N560TW,2024-09-03,2024-09-04,1,KAPA,Centennial Airport,0.23,2024-09-03T21:24:04.050000Z,KSLC,Salt Lake City International Airport,2.05,2024-09-04T15:24:23.340000Z,adsb-lol|airplanes-live,BOTH_HAVE_IT,BOTH_HAVE_IT,0,no,yes,overnight,
N560TW,2024-09-04,2024-09-04,0,KSLC,Salt Lake City International Airport,2.05,2024-09-04T15:24:23.840000Z,KSDL,Scottsdale Airport,0.11,2024-09-04T23:06:35.230000Z,adsb-lol|airplanes-live,BOTH_HAVE_IT,BOTH_HAVE_IT,0,no,no,direct,"dest|Phoenix,AZ|2024-09-03|Charlie|10.9"
N582MM,2024-09-04,2024-09-05,1,KPHX,Phoenix Sky Harbor International Airport,1.93,2024-09-04T16:48:54.060000Z,KSDL,Scottsdale Airport,0.71,2024-09-05T01:01:24.800000Z,adsb-lol|airplanes-live,BOTH_HAVE_IT,BOTH_HAVE_IT,0,no,yes,overnight,"origin|Phoenix,AZ|2024-09-03|Charlie|10.7"
N872RA,2024-09-04,2024-09-04,0,KSNA,John Wayne Orange County International Airport,0.06,2024-09-04T17:02:35.060000Z,KCCR,Buchanan Field,0.22,2024-09-04T18:10:45.030000Z,adsb-lol|airplanes-live,BOTH_HAVE_IT,BOTH_HAVE_IT,0,no,no,direct,
N872RA,2024-09-04,2024-09-04,0,KCCR,Buchanan Field,0.22,2024-09-04T19:07:09.500000Z,KSAF,Santa Fe Municipal Airport,0.69,2024-09-04T20:59:24.570000Z,adsb-lol|airplanes-live,BOTH_HAVE_IT,BOTH_HAVE_IT,0,no,no,direct,
N872RA,2024-09-04,2024-09-05,1,KSAF,Santa Fe Municipal Airport,0.69,2024-09-04T20:59:24.570000Z,KSNA,John Wayne Orange County International Airport,0.66,2024-09-05T03:23:27.240000Z,adsb-lol|airplanes-live,BOTH_HAVE_IT,BOTH_HAVE_IT,0,no,yes,overnight,
N582MM,2024-09-05,2024-09-05,0,KSDL,Scottsdale Airport,0.71,2024-09-05T02:27:34.780000Z,KMSN,Dane County Regional Truax Field,0.38,2024-09-05T05:16:02.440000Z,adsb-lol|airplanes-live,BOTH_HAVE_IT,BOTH_HAVE_IT,0,no,no,direct,"dest|Madison,WI|2024-09-05|Charlie|6.1"
N582MM,2024-09-05,2024-09-05,0,KMSN,Dane County Regional Truax Field,0.38,2024-09-05T05:16:02.440000Z,KDPA,Dupage Airport,0.76,2024-09-05T21:36:43.230000Z,adsb-lol|airplanes-live,BOTH_HAVE_IT,BOTH_HAVE_IT,0,no,no,direct,"origin|Madison,WI|2024-09-05|Charlie|6.1"
N872RA,2024-09-05,2024-09-06,1,KSNA,John Wayne Orange County International Airport,0.66,2024-09-05T03:23:40.600000Z,KCOS,City of Colorado Springs Municipal Airport,1.63,2024-09-06T18:00:18.510000Z,adsb-lol|airplanes-live,BOTH_HAVE_IT,BOTH_HAVE_IT,0,no,yes,overnight,
N582MM,2024-09-06,2024-09-06,0,KDPA,Dupage Airport,0.47,2024-09-06T01:42:07.870000Z,KSDL,Scottsdale Airport,0.55,2024-09-06T04:56:00.140000Z,adsb-lol|airplanes-live,BOTH_HAVE_IT,BOTH_HAVE_IT,0,no,no,direct,
N582MM,2024-09-06,2024-09-08,2,KSDL,Scottsdale Airport,0.35,2024-09-06T15:55:15.310000Z,KPHX,Phoenix Sky Harbor International Airport,1.2,2024-09-08T00:31:42.250000Z,adsb-lol|airplanes-live,BOTH_HAVE_IT,BOTH_HAVE_IT,1,no,yes,GAP -- aircraft unobserved for 1 day(s) between these two fields; intermediate stops are possible and are NOT ruled out,
N872RA,2024-09-06,2024-09-06,0,KCOS,City of Colorado Springs Municipal Airport,1.63,2024-09-06T18:59:43.100000Z,KAPA,Centennial Airport,1.31,2024-09-06T22:44:26.260000Z,adsb-lol|airplanes-live,BOTH_HAVE_IT,BOTH_HAVE_IT,0,no,no,direct,
N872RA,2024-09-06,2024-09-07,1,KAPA,Centennial Airport,1.31,2024-09-06T22:56:18.780000Z,KBUR,Hollywood Burbank/Bob Hope Airport,0.36,2024-09-07T01:00:16.330000Z,adsb-lol|airplanes-live,BOTH_HAVE_IT,BOTH_HAVE_IT,0,no,yes,overnight,
N872RA,2024-09-07,2024-09-07,0,KBUR,Hollywood Burbank/Bob Hope Airport,0.36,2024-09-07T01:35:02.500000Z,KNUQ,Moffett Federal Airfield,0.46,2024-09-07T19:37:21.490000Z,adsb-lol|airplanes-live,BOTH_HAVE_IT,BOTH_HAVE_IT,0,no,no,direct,
N872RA,2024-09-08,2024-09-09,1,KNUQ,Moffett Federal Airfield,0.9,2024-09-08T23:50:34.650000Z,KRNO,Reno Tahoe International Airport,1.79,2024-09-09T00:15:57.240000Z,adsb-lol|airplanes-live,BOTH_HAVE_IT,BOTH_HAVE_IT,0,no,yes,overnight,
N872RA,2024-09-09,2024-09-09,0,KRNO,Reno Tahoe International Airport,1.79,2024-09-09T01:04:34.840000Z,KSNA,John Wayne Orange County International Airport,0.6,2024-09-09T02:16:31.030000Z,adsb-lol|airplanes-live,BOTH_HAVE_IT,BOTH_HAVE_IT,0,no,no,direct,
N872RA,2024-09-09,2024-09-09,0,KSNA,John Wayne Orange County International Airport,0.6,2024-09-09T02:17:19.480000Z,KBFI,King County International Airport - Boeing Field,0.63,2024-09-09T17:58:50.760000Z,adsb-lol|airplanes-live,BOTH_HAVE_IT,BOTH_HAVE_IT,0,no,no,direct,
N872RA,2024-09-09,2024-09-09,0,KBFI,King County International Airport - Boeing Field,0.63,2024-09-09T18:01:51.590000Z,KSNA,John Wayne Orange County International Airport,0.05,2024-09-09T22:21:21.470000Z,adsb-lol|airplanes-live,BOTH_HAVE_IT,BOTH_HAVE_IT,0,no,no,direct,
CONTROL-RYANAIR,2024-09-10,2024-09-10,0,LEMG,Málaga-Costa del Sol Airport,0.36,2024-09-10T13:37:24.220000Z,EGPF,Glasgow Airport,1.19,2024-09-10T17:47:33.360000Z,adsb-lol|airplanes-live,BOTH_HAVE_IT,BOTH_HAVE_IT,0,no,no,direct,
CONTROL-RYANAIR,2024-09-10,2024-09-10,0,EGPF,Glasgow Airport,1.19,2024-09-10T17:48:12.410000Z,LEMG,Málaga-Costa del Sol Airport,1.01,2024-09-10T20:35:24.330000Z,adsb-lol|airplanes-live,BOTH_HAVE_IT,BOTH_HAVE_IT,0,no,no,direct,
CONTROL-RYANAIR,2024-09-10,2024-10-02,22,LEMG,Málaga-Costa del Sol Airport,1.01,2024-09-10T20:41:02.650000Z,LEBL,Josep Tarradellas Barcelona-El Prat Airport,1.05,2024-10-02T00:06:40.610000Z,airplanes-live,BOTH_HAVE_IT,BOTH_HAVE_IT,21,no,yes,GAP -- aircraft unobserved for 21 day(s) between these two fields; intermediate stops are possible and are NOT ruled out,
N582MM,2024-09-10,2024-09-10,0,KPHX,Phoenix Sky Harbor International Airport,1.85,2024-09-10T16:11:53.900000Z,KSDL,Scottsdale Airport,0.66,2024-09-10T14:28:37.870000Z,adsb-lol|airplanes-live,BOTH_HAVE_IT,BOTH_HAVE_IT,0,no,no,direct,
N582MM,2024-09-10,2024-09-10,0,KSDL,Scottsdale Airport,0.66,2024-09-10T16:11:53.940000Z,KBJC,Rocky Mountain Metropolitan Airport,0.4,2024-09-10T17:28:33.540000Z,adsb-lol|airplanes-live,BOTH_HAVE_IT,BOTH_HAVE_IT,0,no,no,direct,"dest|Boulder,CO|2024-09-10|Charlie|10.4"
N582MM,2024-09-10,2024-09-10,0,KBJC,Rocky Mountain Metropolitan Airport,0.21,2024-09-10T21:17:53.030000Z,KPHX,Phoenix Sky Harbor International Airport,1.71,2024-09-10T22:44:55.980000Z,adsb-lol|airplanes-live,BOTH_HAVE_IT,BOTH_HAVE_IT,0,no,no,direct,"origin|Boulder,CO|2024-09-10|Charlie|10.6"
N872RA,2024-09-10,2024-09-10,0,KSNA,John Wayne Orange County International Airport,0.49,2024-09-10T16:00:18.220000Z,KONT,Ontario International Airport,5.59,2024-09-10T16:00:22.200000Z,adsb-lol|airplanes-live,BOTH_HAVE_IT,BOTH_HAVE_IT,0,no,no,direct,
N872RA,2024-09-10,2024-09-10,0,KONT,Ontario International Airport,5.59,2024-09-10T16:20:00.910000Z,KAPA,Centennial Airport,0.18,2024-09-10T18:02:48.850000Z,adsb-lol|airplanes-live,BOTH_HAVE_IT,BOTH_HAVE_IT,0,no,no,direct,"dest|Boulder,CO|2024-09-10|Charlie|37.9"
N872RA,2024-09-10,2024-09-10,0,KAPA,Centennial Airport,0.18,2024-09-10T18:04:16.830000Z,KSDM,Brown Field Municipal Airport,1.15,2024-09-10T21:05:06.010000Z,adsb-lol|airplanes-live,BOTH_HAVE_IT,BOTH_HAVE_IT,0,no,no,direct,"origin|Boulder,CO|2024-09-10|Charlie|37.9"
N872RA,2024-09-10,2024-09-11,1,KSDM,Brown Field Municipal Airport,1.15,2024-09-10T21:07:43.590000Z,KSNA,John Wayne Orange County International Airport,0.07,2024-09-11T03:19:27.910000Z,adsb-lol|airplanes-live,BOTH_HAVE_IT,BOTH_HAVE_IT,0,no,yes,overnight,
N582MM,2024-09-11,2024-09-11,0,KPHX,Phoenix Sky Harbor International Airport,1.78,2024-09-11T15:04:13.310000Z,KSDL,Scottsdale Airport,1.03,2024-09-11T14:14:47.120000Z,adsb-lol|airplanes-live,BOTH_HAVE_IT,BOTH_HAVE_IT,0,no,no,direct,
N582MM,2024-09-11,2024-09-11,0,KSDL,Scottsdale Airport,1.03,2024-09-11T15:04:14.250000Z,KDAL,Dallas Love Field,0.75,2024-09-11T18:48:32.460000Z,adsb-lol|airplanes-live,BOTH_HAVE_IT,BOTH_HAVE_IT,0,no,no,direct,"dest|Denton,TX|2024-09-11|Charlie|30.4"
N872RA,2024-09-11,2024-09-11,0,KSNA,John Wayne Orange County International Airport,0.07,2024-09-11T03:19:27.910000Z,KAPA,Centennial Airport,1.18,2024-09-11T13:55:03.640000Z,adsb-lol|airplanes-live,BOTH_HAVE_IT,BOTH_HAVE_IT,0,no,no,direct,"dest|Boulder,CO|2024-09-10|Charlie|37.3"
N872RA,2024-09-11,2024-09-12,1,KAPA,Centennial Airport,1.18,2024-09-11T14:36:22.320000Z,CL36,Allan Ranch Flight Park Ultralightport,2.63,2024-09-12T16:15:29.740000Z,adsb-lol|airplanes-live,BOTH_HAVE_IT,BOTH_HAVE_IT,0,no,yes,overnight,"origin|Boulder,CO|2024-09-10|Charlie|37.3"
N102DZ,2024-09-12,2024-09-12,0,KVNY,Van Nuys Airport,1.03,2024-09-12T02:00:05.210000Z,KOAK,Oakland San Francisco Bay Airport,1.23,2024-09-12T02:52:53.260000Z,adsb-lol|airplanes-live,BOTH_HAVE_IT,BOTH_HAVE_IT,0,no,no,direct,
N102DZ,2024-09-12,2024-09-12,0,KOAK,Oakland San Francisco Bay Airport,1.61,2024-09-12T05:08:01.020000Z,KTEB,Teterboro Airport,0.88,2024-09-12T09:50:53.080000Z,adsb-lol|airplanes-live,BOTH_HAVE_IT,BOTH_HAVE_IT,0,no,no,direct,
N582MM,2024-09-12,2024-09-12,0,KDAL,Dallas Love Field,0.92,2024-09-12T01:38:44.790000Z,KSDL,Scottsdale Airport,0.32,2024-09-12T03:59:52.720000Z,adsb-lol|airplanes-live,BOTH_HAVE_IT,BOTH_HAVE_IT,0,no,no,direct,"origin|Denton,TX|2024-09-11|Charlie|30.3"
N582MM,2024-09-12,2024-09-12,0,KSDL,Scottsdale Airport,0.32,2024-09-12T04:39:50.050000Z,KPHX,Phoenix Sky Harbor International Airport,2.02,2024-09-12T15:21:13.830000Z,adsb-lol|airplanes-live,BOTH_HAVE_IT,BOTH_HAVE_IT,0,no,no,direct,
N582MM,2024-09-12,2024-09-13,1,KPHX,Phoenix Sky Harbor International Airport,1.09,2024-09-12T16:29:58.140000Z,KSDL,Scottsdale Airport,0.72,2024-09-13T13:30:36.740000Z,adsb-lol|airplanes-live,BOTH_HAVE_IT,BOTH_HAVE_IT,0,no,yes,overnight,
N872RA,2024-09-12,2024-09-12,0,CL36,Allan Ranch Flight Park Ultralightport,2.63,2024-09-12T16:15:32.740000Z,KSBA,Santa Barbara Municipal Airport,0.21,2024-09-12T18:47:48.970000Z,airplanes-live,BOTH_HAVE_IT,BOTH_HAVE_IT,0,no,no,direct,
N872RA,2024-09-12,2024-09-13,1,KSBA,Santa Barbara Municipal Airport,1.31,2024-09-12T22:22:27.430000Z,KGXY,Greeley–Weld County Airport,0.2,2024-09-13T14:36:50.430000Z,adsb-lol|airplanes-live,BOTH_HAVE_IT,BOTH_HAVE_IT,0,no,yes,overnight,
N872RA,2024-09-13,2024-09-13,0,KGXY,Greeley–Weld County Airport,0.2,2024-09-13T14:37:00.040000Z,KAPA,Centennial Airport,0.29,2024-09-13T23:16:16.720000Z,adsb-lol|airplanes-live,BOTH_HAVE_IT,BOTH_HAVE_IT,0,no,no,direct,
N872RA,2024-09-14,2024-09-15,1,KAPA,Centennial Airport,1.3,2024-09-14T19:12:15.050000Z,KIWA,Mesa Gateway Airport,0.43,2024-09-15T00:39:39.390000Z,adsb-lol|airplanes-live,BOTH_HAVE_IT,BOTH_HAVE_IT,0,no,yes,overnight,
N582MM,2024-09-15,2024-09-16,1,KSDL,Scottsdale Airport,0.63,2024-09-15T13:06:04.770000Z,KPHX,Phoenix Sky Harbor International Airport,1.92,2024-09-16T01:17:13.840000Z,adsb-lol|airplanes-live,BOTH_HAVE_IT,ONLY_ON_AIRPLANES_LIVE,0,yes,yes,overnight,
N872RA,2024-09-15,2024-09-15,0,KIWA,Mesa Gateway Airport,1.25,2024-09-15T19:25:45.620000Z,KLAX,Los Angeles International Airport,2.36,2024-09-15T20:35:42.900000Z,adsb-lol|airplanes-live,BOTH_HAVE_IT,BOTH_HAVE_IT,0,no,no,direct,
N872RA,2024-09-15,2024-09-17,2,KLAX,Los Angeles International Airport,2.36,2024-09-15T21:29:23.870000Z,KSNA,John Wayne Orange County International Airport,0.09,2024-09-17T02:07:29.050000Z,adsb-lol|airplanes-live,BOTH_HAVE_IT,BOTH_HAVE_IT,1,no,yes,GAP -- aircraft unobserved for 1 day(s) between these two fields; intermediate stops are possible and are NOT ruled out,
N102DZ,2024-09-16,2024-09-16,0,KTEB,Teterboro Airport,1.23,2024-09-16T03:47:53.310000Z,KVNY,Van Nuys Airport,0.71,2024-09-16T08:58:57.950000Z,airplanes-live,ONLY_ON_AIRPLANES_LIVE,ONLY_ON_AIRPLANES_LIVE,0,yes,no,direct,
N582MM,2024-09-16,2024-09-16,0,KPHX,Phoenix Sky Harbor International Airport,0.87,2024-09-16T17:43:29.720000Z,KPIR,Pierre Regional Airport,0.48,2024-09-16T19:35:05.310000Z,airplanes-live,ONLY_ON_AIRPLANES_LIVE,ONLY_ON_AIRPLANES_LIVE,0,yes,no,direct,
N582MM,2024-09-16,2024-09-17,1,KPIR,Pierre Regional Airport,0.48,2024-09-16T19:35:05.310000Z,KSDL,Scottsdale Airport,0.65,2024-09-17T04:05:44.820000Z,adsb-lol|airplanes-live,ONLY_ON_AIRPLANES_LIVE,BOTH_HAVE_IT,0,yes,yes,overnight,
N102DZ,2024-09-17,2024-09-18,1,KVNY,Van Nuys Airport,0.92,2024-09-17T21:01:49.590000Z,KTEB,Teterboro Airport,0.61,2024-09-18T01:34:04.530000Z,airplanes-live,BOTH_HAVE_IT,BOTH_HAVE_IT,0,no,yes,overnight,
N582MM,2024-09-17,2024-09-17,0,KSDL,Scottsdale Airport,0.65,2024-09-17T04:44:35.010000Z,KPHX,Phoenix Sky Harbor International Airport,1.12,2024-09-17T13:14:13.290000Z,adsb-lol|airplanes-live,BOTH_HAVE_IT,BOTH_HAVE_IT,0,no,no,direct,
N582MM,2024-09-17,2024-09-17,0,KPHX,Phoenix Sky Harbor International Airport,1.12,2024-09-17T13:29:41.720000Z,KTEB,Teterboro Airport,0.62,2024-09-17T19:11:23.370000Z,adsb-lol|airplanes-live,BOTH_HAVE_IT,BOTH_HAVE_IT,0,no,no,direct,
N582MM,2024-09-17,2024-09-18,1,KTEB,Teterboro Airport,0.62,2024-09-17T20:05:21.120000Z,KSDL,Scottsdale Airport,0.12,2024-09-18T01:12:17.620000Z,adsb-lol|airplanes-live,BOTH_HAVE_IT,BOTH_HAVE_IT,0,no,yes,overnight,
N872RA,2024-09-17,2024-09-17,0,KSNA,John Wayne Orange County International Airport,0.09,2024-09-17T02:07:31.720000Z,KDAL,Dallas Love Field,0.71,2024-09-17T17:51:47.970000Z,adsb-lol|airplanes-live,BOTH_HAVE_IT,BOTH_HAVE_IT,0,no,no,direct,
N872RA,2024-09-17,2024-09-18,1,KDAL,Dallas Love Field,0.71,2024-09-17T17:51:47.970000Z,KAUS,Austin Bergstrom International Airport,0.98,2024-09-18T15:49:57.040000Z,adsb-lol|airplanes-live,BOTH_HAVE_IT,BOTH_HAVE_IT,0,no,yes,overnight,
N102DZ,2024-09-18,2024-09-20,2,KTEB,Teterboro Airport,0.61,2024-09-18T01:34:04.530000Z,KVNY,Van Nuys Airport,0.23,2024-09-20T19:57:45.820000Z,adsb-lol|airplanes-live,BOTH_HAVE_IT,BOTH_HAVE_IT,1,no,yes,GAP -- aircraft unobserved for 1 day(s) between these two fields; intermediate stops are possible and are NOT ruled out,
N582MM,2024-09-18,2024-09-18,0,KSDL,Scottsdale Airport,0.63,2024-09-18T12:16:27.530000Z,KAGC,Allegheny County Airport,0.58,2024-09-18T15:39:34.120000Z,adsb-lol|airplanes-live,BOTH_HAVE_IT,BOTH_HAVE_IT,0,no,no,direct,"dest|Pittsburgh,PA|2024-09-18|Charlie|6.6"
N582MM,2024-09-18,2024-09-18,0,KAGC,Allegheny County Airport,0.61,2024-09-18T19:38:22.640000Z,KPNE,Northeast Philadelphia Airport,0.24,2024-09-18T21:21:08.800000Z,adsb-lol|airplanes-live,BOTH_HAVE_IT,BOTH_HAVE_IT,0,no,no,direct,"origin|Pittsburgh,PA|2024-09-18|Charlie|6.3"
N872RA,2024-09-18,2024-09-18,0,KAUS,Austin Bergstrom International Airport,0.67,2024-09-18T17:16:22.170000Z,KSNA,John Wayne Orange County International Airport,0.31,2024-09-18T23:02:50.580000Z,adsb-lol|airplanes-live,BOTH_HAVE_IT,BOTH_HAVE_IT,0,no,no,direct,
N872RA,2024-09-18,2024-09-20,2,KSNA,John Wayne Orange County International Airport,0.31,2024-09-18T23:04:05.600000Z,KCRQ,McClellan-Palomar Airport,0.7,2024-09-20T15:01:38.300000Z,adsb-lol|airplanes-live,BOTH_HAVE_IT,BOTH_HAVE_IT,1,no,yes,GAP -- aircraft unobserved for 1 day(s) between these two fields; intermediate stops are possible and are NOT ruled out,
N582MM,2024-09-19,2024-09-19,0,KPNE,Northeast Philadelphia Airport,0.49,2024-09-19T01:45:11.880000Z,KUNV,State College Regional Airport,0.67,2024-09-19T18:15:38.990000Z,airplanes-live,BOTH_HAVE_IT,BOTH_HAVE_IT,0,no,no,direct,"dest|University Park,PA|2024-09-19|Charlie|3.4"
N582MM,2024-09-19,2024-09-20,1,KUNV,State College Regional Airport,0.67,2024-09-19T18:19:25.350000Z,KSDL,Scottsdale Airport,0.58,2024-09-20T05:08:24.210000Z,adsb-lol|airplanes-live,BOTH_HAVE_IT,BOTH_HAVE_IT,0,no,yes,overnight,"origin|University Park,PA|2024-09-19|Charlie|3.4"
N872RA,2024-09-20,2024-09-20,0,KCRQ,McClellan-Palomar Airport,0.7,2024-09-20T15:04:17.330000Z,KTUS,Tucson International Airport,0.25,2024-09-20T15:59:50.170000Z,adsb-lol|airplanes-live,BOTH_HAVE_IT,BOTH_HAVE_IT,0,no,no,direct,
N872RA,2024-09-20,2024-09-20,0,KTUS,Tucson International Airport,0.25,2024-09-20T15:59:56.020000Z,KSAF,Santa Fe Municipal Airport,0.24,2024-09-20T20:46:35.200000Z,adsb-lol|airplanes-live,BOTH_HAVE_IT,BOTH_HAVE_IT,0,no,no,direct,
N872RA,2024-09-20,2024-09-20,0,KSAF,Santa Fe Municipal Airport,0.24,2024-09-20T20:46:35.200000Z,KDAL,Dallas Love Field,0.49,2024-09-20T22:11:29.090000Z,adsb-lol|airplanes-live,BOTH_HAVE_IT,BOTH_HAVE_IT,0,no,no,direct,
N872RA,2024-09-20,2024-09-21,1,KDAL,Dallas Love Field,1.61,2024-09-20T23:27:14.840000Z,KGEU,Glendale Municipal Airport,0.13,2024-09-21T01:52:25.270000Z,adsb-lol|airplanes-live,BOTH_HAVE_IT,BOTH_HAVE_IT,0,no,yes,overnight,
N582MM,2024-09-21,2024-09-21,0,KSDL,Scottsdale Airport,0.67,2024-09-21T21:36:56.260000Z,KVNY,Van Nuys Airport,0.65,2024-09-21T22:45:04.620000Z,adsb-lol|airplanes-live,BOTH_HAVE_IT,BOTH_HAVE_IT,0,no,no,direct,
N582MM,2024-09-21,2024-09-30,9,KVNY,Van Nuys Airport,0.65,2024-09-21T22:46:19.390000Z,KSDL,Scottsdale Airport,0.71,2024-09-30T02:14:49.700000Z,adsb-lol|airplanes-live,BOTH_HAVE_IT,BOTH_HAVE_IT,8,no,yes,GAP -- aircraft unobserved for 8 day(s) between these two fields; intermediate stops are possible and are NOT ruled out,
N872RA,2024-09-21,2024-09-21,0,KGEU,Glendale Municipal Airport,0.5,2024-09-21T18:04:26.200000Z,KSDM,Brown Field Municipal Airport,0.39,2024-09-21T18:53:38.840000Z,adsb-lol|airplanes-live,BOTH_HAVE_IT,BOTH_HAVE_IT,0,no,no,direct,
N872RA,2024-09-21,2024-09-21,0,KSDM,Brown Field Municipal Airport,0.39,2024-09-21T18:53:44.030000Z,KSNA,John Wayne Orange County International Airport,0.12,2024-09-21T20:03:24.760000Z,adsb-lol|airplanes-live,BOTH_HAVE_IT,BOTH_HAVE_IT,0,no,no,direct,
N872RA,2024-09-21,2024-09-28,7,KSNA,John Wayne Orange County International Airport,0.12,2024-09-21T20:03:24.760000Z,KCOE,Coeur D'Alene Airport - Pappy Boyington Field,0.36,2024-09-28T00:55:23.110000Z,adsb-lol|airplanes-live,BOTH_HAVE_IT,BOTH_HAVE_IT,6,no,yes,GAP -- aircraft unobserved for 6 day(s) between these two fields; intermediate stops are possible and are NOT ruled out,
N560TW,2024-09-28,2024-09-28,0,KSDL,Scottsdale Airport,1.22,2024-09-28T16:07:23.940000Z,KVNY,Van Nuys Airport,0.33,2024-09-28T17:10:45.420000Z,adsb-lol|airplanes-live,BOTH_HAVE_IT,BOTH_HAVE_IT,0,no,no,direct,
N560TW,2024-09-28,2024-09-28,0,KVNY,Van Nuys Airport,0.33,2024-09-28T18:04:47.600000Z,KSDL,Scottsdale Airport,0.14,2024-09-28T19:10:38.050000Z,adsb-lol|airplanes-live,BOTH_HAVE_IT,BOTH_HAVE_IT,0,no,no,direct,
N872RA,2024-09-28,2024-09-28,0,KCOE,Coeur D'Alene Airport - Pappy Boyington Field,0.36,2024-09-28T00:55:57.400000Z,KSDL,Scottsdale Airport,0.07,2024-09-28T18:10:09.540000Z,adsb-lol|airplanes-live,BOTH_HAVE_IT,BOTH_HAVE_IT,0,no,no,direct,
N872RA,2024-09-28,2024-09-28,0,KSDL,Scottsdale Airport,0.86,2024-09-28T21:37:58.350000Z,KSNA,John Wayne Orange County International Airport,0.18,2024-09-28T22:35:15.940000Z,adsb-lol|airplanes-live,BOTH_HAVE_IT,BOTH_HAVE_IT,0,no,no,direct,
N872RA,2024-09-28,2024-09-29,1,KSNA,John Wayne Orange County International Airport,0.18,2024-09-28T22:35:15.940000Z,KSAT,San Antonio International Airport,0.84,2024-09-29T19:03:19.470000Z,adsb-lol|airplanes-live,BOTH_HAVE_IT,BOTH_HAVE_IT,0,no,yes,overnight,
N102DZ,2024-09-30,2024-10-01,1,KVNY,Van Nuys Airport,0.95,2024-09-30T20:47:05.840000Z,KLAX,Los Angeles International Airport,1.11,2024-10-01T00:47:07.970000Z,adsb-lol|adsbexchange-samples|airplanes-live,BOTH_HAVE_IT,BOTH_HAVE_IT,0,no,yes,overnight,
N582MM,2024-09-30,2024-09-30,0,KSDL,Scottsdale Airport,0.71,2024-09-30T03:27:26.450000Z,KMSO,Missoula Montana Airport,0.0,2024-09-30T05:32:08.330000Z,adsb-lol|airplanes-live,BOTH_HAVE_IT,BOTH_HAVE_IT,0,no,no,direct,"dest|Missoula,MT|2024-09-30|Charlie|4.2"
N582MM,2024-09-30,2024-09-30,0,KMSO,Missoula Montana Airport,0.0,2024-09-30T05:32:08.330000Z,KPHX,Phoenix Sky Harbor International Airport,1.16,2024-09-30T08:06:38.080000Z,adsb-lol|airplanes-live,BOTH_HAVE_IT,BOTH_HAVE_IT,0,no,no,direct,"origin|Missoula,MT|2024-09-30|Charlie|4.2"
N582MM,2024-09-30,2024-09-30,0,KPHX,Phoenix Sky Harbor International Airport,2.08,2024-09-30T18:24:00.130000Z,KMSO,Missoula Montana Airport,0.7,2024-09-30T20:32:11.340000Z,adsb-lol|airplanes-live,BOTH_HAVE_IT,BOTH_HAVE_IT,0,no,no,direct,"dest|Missoula,MT|2024-09-30|Charlie|4.6"
N582MM,2024-09-30,2024-10-01,1,KMSO,Missoula Montana Airport,0.7,2024-09-30T20:32:11.340000Z,KSDL,Scottsdale Airport,0.7,2024-10-01T00:48:58.480000Z,adsb-lol|adsbexchange-samples|airplanes-live,BOTH_HAVE_IT,BOTH_HAVE_IT,0,no,yes,overnight,"origin|Missoula,MT|2024-09-30|Charlie|4.6"
N872RA,2024-09-30,2024-09-30,0,KSAT,San Antonio International Airport,0.52,2024-09-30T14:34:23.150000Z,KSAF,Santa Fe Municipal Airport,0.09,2024-09-30T16:01:18.070000Z,adsb-lol|airplanes-live,BOTH_HAVE_IT,BOTH_HAVE_IT,0,no,no,direct,
N872RA,2024-09-30,2024-09-30,0,KSAF,Santa Fe Municipal Airport,0.09,2024-09-30T16:01:23.920000Z,KSBA,Santa Barbara Municipal Airport,0.23,2024-09-30T20:46:04.590000Z,adsb-lol|airplanes-live,BOTH_HAVE_IT,BOTH_HAVE_IT,0,no,no,direct,
N872RA,2024-09-30,2024-10-01,1,KSBA,Santa Barbara Municipal Airport,1.3,2024-09-30T22:25:23.010000Z,KSNA,John Wayne Orange County International Airport,0.44,2024-10-01T15:05:53.250000Z,adsb-lol|adsbexchange-samples|airplanes-live,BOTH_HAVE_IT,BOTH_HAVE_IT,0,no,yes,overnight,
N102DZ,2024-10-01,2024-10-01,0,KLAX,Los Angeles International Airport,0.9,2024-10-01T02:30:22.340000Z,KVNY,Van Nuys Airport,0.44,2024-10-01T01:57:28.930000Z,adsb-lol|adsbexchange-samples|airplanes-live,BOTH_HAVE_IT,BOTH_HAVE_IT,0,no,no,direct,
N1098L,2024-10-01,2024-10-01,0,KRAP,Rapid City Regional Airport,0.64,2024-10-01T16:37:33.930000Z,KBFI,King County International Airport - Boeing Field,1.3,2024-10-01T19:02:02.150000Z,adsbexchange-samples,HELD_BY_ADSBEXCHANGE-SAMPLES,HELD_BY_ADSBEXCHANGE-SAMPLES,0,yes,no,direct,
N1098L,2024-10-01,2024-10-01,0,KBFI,King County International Airport - Boeing Field,1.3,2024-10-01T19:22:40.210000Z,KSMX,Santa Maria Public Airport Captain G Allan Hancock Field,0.54,2024-10-01T21:16:43.500000Z,adsbexchange-samples,HELD_BY_ADSBEXCHANGE-SAMPLES,HELD_BY_ADSBEXCHANGE-SAMPLES,0,yes,no,direct,
N1098L,2024-10-01,2024-11-01,31,KSMX,Santa Maria Public Airport Captain G Allan Hancock Field,0.54,2024-10-01T22:15:23.030000Z,KBFI,King County International Airport - Boeing Field,0.15,2024-11-01T18:34:40.080000Z,adsbexchange-samples,HELD_BY_ADSBEXCHANGE-SAMPLES,HELD_BY_ADSBEXCHANGE-SAMPLES,30,yes,yes,GAP -- aircraft unobserved for 30 day(s) between these two fields; intermediate stops are possible and are NOT ruled out,
N2100L,2024-10-01,2024-10-01,0,KCEW,Bob Sikes Airport,1.13,2024-10-01T19:26:34.410000Z,KBIF,Biggs Army Air Field (Fort Bliss),0.8,2024-10-01T22:27:56.740000Z,adsbexchange-samples,HELD_BY_ADSBEXCHANGE-SAMPLES,HELD_BY_ADSBEXCHANGE-SAMPLES,0,yes,no,direct,
N2100L,2024-10-01,2024-11-01,31,KBIF,Biggs Army Air Field (Fort Bliss),0.8,2024-10-01T22:31:26.960000Z,KGJT,Grand Junction Regional Airport,0.33,2024-11-01T18:05:36.330000Z,adsbexchange-samples,HELD_BY_ADSBEXCHANGE-SAMPLES,HELD_BY_ADSBEXCHANGE-SAMPLES,30,yes,yes,GAP -- aircraft unobserved for 30 day(s) between these two fields; intermediate stops are possible and are NOT ruled out,
N560TW,2024-10-01,2024-10-01,0,KSDL,Scottsdale Airport,0.16,2024-10-01T17:15:50.780000Z,KFCM,Flying Cloud Airport,0.48,2024-10-01T20:13:11.080000Z,adsb-lol|adsbexchange-samples|airplanes-live,BOTH_HAVE_IT,BOTH_HAVE_IT,0,no,no,direct,
N560TW,2024-10-01,2024-10-01,0,KFCM,Flying Cloud Airport,0.48,2024-10-01T21:00:29.760000Z,KSDL,Scottsdale Airport,0.16,2024-10-01T23:41:45.680000Z,adsb-lol|adsbexchange-samples|airplanes-live,BOTH_HAVE_IT,BOTH_HAVE_IT,0,no,no,direct,
N582MM,2024-10-01,2024-10-01,0,KSDL,Scottsdale Airport,0.59,2024-10-01T14:59:02.630000Z,KCOE,Coeur D'Alene Airport - Pappy Boyington Field,0.55,2024-10-01T17:16:15.090000Z,adsb-lol|adsbexchange-samples|airplanes-live,BOTH_HAVE_IT,BOTH_HAVE_IT,0,no,no,direct,
N582MM,2024-10-01,2024-10-01,0,KCOE,Coeur D'Alene Airport - Pappy Boyington Field,0.61,2024-10-01T18:24:42.990000Z,KSDL,Scottsdale Airport,0.71,2024-10-01T20:31:16.700000Z,adsb-lol|adsbexchange-samples|airplanes-live,BOTH_HAVE_IT,BOTH_HAVE_IT,0,no,no,direct,
N582MM,2024-10-01,2024-10-01,0,KSDL,Scottsdale Airport,0.71,2024-10-01T21:10:40.580000Z,KADS,Addison Airport,0.65,2024-10-01T23:11:58.860000Z,adsb-lol|adsbexchange-samples|airplanes-live,BOTH_HAVE_IT,BOTH_HAVE_IT,0,no,no,direct,
N582MM,2024-10-01,2024-10-02,1,KADS,Addison Airport,0.65,2024-10-01T23:37:12.130000Z,KPHX,Phoenix Sky Harbor International Airport,0.9,2024-10-02T01:52:14.940000Z,adsb-lol|adsbexchange-samples|airplanes-live,BOTH_HAVE_IT,BOTH_HAVE_IT,0,no,yes,overnight,
N872RA,2024-10-01,2024-10-01,0,KSNA,John Wayne Orange County International Airport,0.44,2024-10-01T15:23:48.930000Z,KGPI,Glacier Park International Airport,0.28,2024-10-01T19:24:20.890000Z,adsbexchange-samples,BOTH_HAVE_IT,BOTH_HAVE_IT,0,no,no,direct,
N872RA,2024-10-01,2024-10-02,1,KGPI,Glacier Park International Airport,0.28,2024-10-01T20:04:40.730000Z,KSNA,John Wayne Orange County International Airport,0.48,2024-10-02T00:34:02.990000Z,adsb-lol|adsbexchange-samples|airplanes-live,BOTH_HAVE_IT,BOTH_HAVE_IT,0,no,yes,overnight,
CONTROL-RYANAIR,2024-10-02,2024-10-02,0,LEBL,Josep Tarradellas Barcelona-El Prat Airport,1.05,2024-10-02T00:06:40.610000Z,LIRF,Rome–Fiumicino Leonardo da Vinci International Airport,1.67,2024-10-02T12:51:56.560000Z,adsb-lol|airplanes-live,BOTH_HAVE_IT,BOTH_HAVE_IT,0,no,no,direct,
CONTROL-RYANAIR,2024-10-02,2024-10-02,0,LIRF,Rome–Fiumicino Leonardo da Vinci International Airport,1.42,2024-10-02T14:03:30.560000Z,EBBR,Brussels Airport,0.52,2024-10-02T18:24:40.680000Z,adsb-lol|airplanes-live,BOTH_HAVE_IT,BOTH_HAVE_IT,0,no,no,direct,
CONTROL-RYANAIR,2024-10-02,2024-10-16,14,EBBR,Brussels Airport,0.52,2024-10-02T19:23:17.220000Z,LEPA,Palma de Mallorca Airport,0.56,2024-10-16T19:29:55Z,adsb-lol|airplanes-live,BOTH_HAVE_IT,BOTH_HAVE_IT,13,no,yes,GAP -- aircraft unobserved for 13 day(s) between these two fields; intermediate stops are possible and are NOT ruled out,
N102DZ,2024-10-02,2024-10-02,0,KVNY,Van Nuys Airport,0.92,2024-10-02T18:13:02.520000Z,KPDK,DeKalb Peachtree Airport,0.16,2024-10-02T21:56:00.550000Z,adsb-lol|airplanes-live,BOTH_HAVE_IT,BOTH_HAVE_IT,0,no,no,direct,
N102DZ,2024-10-02,2024-10-10,8,KPDK,DeKalb Peachtree Airport,0.16,2024-10-02T21:56:03.410000Z,KSFO,San Francisco International Airport,0.94,2024-10-10T16:26:02.370000Z,adsb-lol|airplanes-live,BOTH_HAVE_IT,BOTH_HAVE_IT,7,no,yes,GAP -- aircraft unobserved for 7 day(s) between these two fields; intermediate stops are possible and are NOT ruled out,
N582MM,2024-10-02,2024-10-09,7,KPHX,Phoenix Sky Harbor International Airport,0.9,2024-10-02T01:55:45.980000Z,KSDL,Scottsdale Airport,0.66,2024-10-09T01:03:51.250000Z,adsb-lol|airplanes-live,BOTH_HAVE_IT,BOTH_HAVE_IT,6,no,yes,GAP -- aircraft unobserved for 6 day(s) between these two fields; intermediate stops are possible and are NOT ruled out,
N872RA,2024-10-02,2024-10-02,0,KSNA,John Wayne Orange County International Airport,0.48,2024-10-02T00:35:06.960000Z,KSLC,Salt Lake City International Airport,1.5,2024-10-02T23:02:28.860000Z,adsb-lol|airplanes-live,BOTH_HAVE_IT,BOTH_HAVE_IT,0,no,no,direct,
N872RA,2024-10-02,2024-10-10,8,KSLC,Salt Lake City International Airport,1.5,2024-10-02T23:05:45.910000Z,KBIL,Billings Logan International Airport,0.66,2024-10-10T15:39:51.770000Z,adsb-lol|airplanes-live,BOTH_HAVE_IT,BOTH_HAVE_IT,7,no,yes,GAP -- aircraft unobserved for 7 day(s) between these two fields; intermediate stops are possible and are NOT ruled out,
N582MM,2024-10-09,2024-10-09,0,KSDL,Scottsdale Airport,0.65,2024-10-09T13:17:41.270000Z,KBJC,Rocky Mountain Metropolitan Airport,0.52,2024-10-09T14:35:17.430000Z,adsb-lol|airplanes-live,BOTH_HAVE_IT,BOTH_HAVE_IT,0,no,no,direct,
N582MM,2024-10-09,2024-10-09,0,KBJC,Rocky Mountain Metropolitan Airport,1.23,2024-10-09T16:15:38.320000Z,KLNS,Lancaster Airport,0.06,2024-10-09T19:16:44.110000Z,adsb-lol|airplanes-live,BOTH_HAVE_IT,BOTH_HAVE_IT,0,no,no,direct,
N582MM,2024-10-09,2024-10-10,1,KLNS,Lancaster Airport,0.07,2024-10-09T23:21:16.180000Z,KCOE,Coeur D'Alene Airport - Pappy Boyington Field,0.42,2024-10-10T04:04:54.920000Z,adsb-lol|airplanes-live,BOTH_HAVE_IT,BOTH_HAVE_IT,0,no,yes,overnight,
N102DZ,2024-10-10,2024-10-10,0,KSFO,San Francisco International Airport,0.94,2024-10-10T16:59:48.370000Z,KOAK,Oakland San Francisco Bay Airport,0.98,2024-10-10T16:26:02.370000Z,adsb-lol|airplanes-live,BOTH_HAVE_IT,BOTH_HAVE_IT,0,no,no,direct,
N102DZ,2024-10-10,2024-10-11,1,KOAK,Oakland San Francisco Bay Airport,0.91,2024-10-10T18:41:24.780000Z,KPDK,DeKalb Peachtree Airport,0.22,2024-10-11T13:17:16.460000Z,adsb-lol|airplanes-live,BOTH_HAVE_IT,BOTH_HAVE_IT,0,no,yes,overnight,
N582MM,2024-10-10,2024-10-10,0,KCOE,Coeur D'Alene Airport - Pappy Boyington Field,0.64,2024-10-10T19:14:00.780000Z,KSDL,Scottsdale Airport,0.22,2024-10-10T21:23:58.660000Z,adsb-lol|airplanes-live,BOTH_HAVE_IT,BOTH_HAVE_IT,0,no,no,direct,
N872RA,2024-10-10,2024-10-10,0,KBIL,Billings Logan International Airport,0.66,2024-10-10T16:15:46.170000Z,KBFI,King County International Airport - Boeing Field,0.8,2024-10-10T18:18:53.550000Z,adsb-lol|airplanes-live,BOTH_HAVE_IT,BOTH_HAVE_IT,0,no,no,direct,
N872RA,2024-10-10,2024-10-11,1,KBFI,King County International Airport - Boeing Field,0.8,2024-10-10T18:21:01.050000Z,KAUS,Austin Bergstrom International Airport,1.04,2024-10-11T23:00:26.640000Z,adsb-lol|airplanes-live,BOTH_HAVE_IT,BOTH_HAVE_IT,0,no,yes,overnight,
N102DZ,2024-10-11,2024-10-15,4,KPDK,DeKalb Peachtree Airport,0.79,2024-10-11T15:17:47.550000Z,KMCO,Orlando International Airport,2.38,2024-10-15T22:52:52.660000Z,adsb-lol|airplanes-live,BOTH_HAVE_IT,BOTH_HAVE_IT,3,no,yes,GAP -- aircraft unobserved for 3 day(s) between these two fields; intermediate stops are possible and are NOT ruled out,
N560TW,2024-10-11,2024-10-11,0,KSDL,Scottsdale Airport,0.41,2024-10-11T19:34:06.320000Z,KBUR,Hollywood Burbank/Bob Hope Airport,0.24,2024-10-11T20:44:30.480000Z,adsb-lol|airplanes-live,BOTH_HAVE_IT,BOTH_HAVE_IT,0,no,no,direct,
N560TW,2024-10-11,2024-10-11,0,KBUR,Hollywood Burbank/Bob Hope Airport,0.24,2024-10-11T21:11:49.450000Z,KSDL,Scottsdale Airport,0.09,2024-10-11T22:14:22.900000Z,adsb-lol|airplanes-live,BOTH_HAVE_IT,BOTH_HAVE_IT,0,no,no,direct,
N582MM,2024-10-11,2024-10-11,0,KSDL,Scottsdale Airport,0.63,2024-10-11T12:51:29.900000Z,KPDX,Portland International Airport,1.2,2024-10-11T22:20:09.140000Z,adsb-lol|airplanes-live,BOTH_HAVE_IT,BOTH_HAVE_IT,0,no,no,direct,
N582MM,2024-10-11,2024-10-12,1,KPDX,Portland International Airport,1.2,2024-10-11T22:21:56.960000Z,KEUG,Eugene Airport,0.65,2024-10-12T14:51:42.480000Z,adsb-lol|airplanes-live,BOTH_HAVE_IT,BOTH_HAVE_IT,0,no,yes,overnight,"dest|Corvallis,OR|2024-10-11|Charlie|31.2"
N872RA,2024-10-12,2024-10-12,0,KAUS,Austin Bergstrom International Airport,0.23,2024-10-12T13:29:53.930000Z,KPHX,Phoenix Sky Harbor International Airport,1.81,2024-10-12T15:39:53.470000Z,adsb-lol|airplanes-live,BOTH_HAVE_IT,BOTH_HAVE_IT,0,no,no,direct,
N872RA,2024-10-12,2024-10-13,1,KPHX,Phoenix Sky Harbor International Airport,1.81,2024-10-12T16:13:31.330000Z,KFTW,Fort Worth Meacham International Airport,0.36,2024-10-13T18:04:16.740000Z,adsb-lol|airplanes-live,BOTH_HAVE_IT,BOTH_HAVE_IT,0,no,yes,overnight,
N582MM,2024-10-13,2024-10-13,0,KEUG,Eugene Airport,0.9,2024-10-13T04:33:27.440000Z,KSDL,Scottsdale Airport,0.59,2024-10-13T06:30:17.200000Z,adsb-lol|airplanes-live,BOTH_HAVE_IT,BOTH_HAVE_IT,0,no,no,direct,
N872RA,2024-10-14,2024-10-14,0,KFTW,Fort Worth Meacham International Airport,0.16,2024-10-14T12:50:55.960000Z,KVNY,Van Nuys Airport,0.72,2024-10-14T17:46:42.700000Z,adsb-lol|airplanes-live,BOTH_HAVE_IT,BOTH_HAVE_IT,0,no,no,direct,
N872RA,2024-10-14,2024-10-14,0,KVNY,Van Nuys Airport,0.21,2024-10-14T20:08:52.480000Z,KSNA,John Wayne Orange County International Airport,0.27,2024-10-14T20:08:50.520000Z,adsb-lol|airplanes-live,BOTH_HAVE_IT,BOTH_HAVE_IT,0,no,no,direct,
N872RA,2024-10-14,2024-10-15,1,KSNA,John Wayne Orange County International Airport,0.27,2024-10-14T20:08:52.560000Z,KSLC,Salt Lake City International Airport,1.77,2024-10-15T17:41:39.990000Z,adsb-lol|airplanes-live,BOTH_HAVE_IT,BOTH_HAVE_IT,0,no,yes,overnight,
N102DZ,2024-10-15,2024-10-16,1,KMCO,Orlando International Airport,2.38,2024-10-15T22:54:09.270000Z,KVNY,Van Nuys Airport,0.14,2024-10-16T03:38:43.170000Z,adsb-lol|airplanes-live,BOTH_HAVE_IT,BOTH_HAVE_IT,0,no,yes,overnight,
N872RA,2024-10-15,2024-10-15,0,KSLC,Salt Lake City International Airport,1.77,2024-10-15T17:43:25.840000Z,KK88,Allen County Airport,0.12,2024-10-15T20:39:53.920000Z,adsb-lol|airplanes-live,BOTH_HAVE_IT,BOTH_HAVE_IT,0,no,no,direct,
N872RA,2024-10-15,2024-10-16,1,KK88,Allen County Airport,0.62,2024-10-15T21:40:41.060000Z,KSDL,Scottsdale Airport,0.72,2024-10-16T19:35:41.140000Z,adsb-lol|airplanes-live,BOTH_HAVE_IT,BOTH_HAVE_IT,0,no,yes,overnight,
CONTROL-LUFTHANSA,2024-10-16,2024-10-16,0,EDDM,Munich Airport,0.73,2024-10-16T18:25:27.220000Z,LBSF,Sofia Airport,0.42,2024-10-16T19:59:46.450000Z,adsb-lol|airplanes-live,BOTH_HAVE_IT,BOTH_HAVE_IT,0,no,no,direct,
CONTROL-LUFTHANSA,2024-10-16,2024-10-24,8,LBSF,Sofia Airport,0.42,2024-10-16T20:03:20.040000Z,EDDM,Munich Airport,0.87,2024-10-24T07:23:08.970000Z,adsb-lol|airplanes-live,BOTH_HAVE_IT,BOTH_HAVE_IT,7,no,yes,GAP -- aircraft unobserved for 7 day(s) between these two fields; intermediate stops are possible and are NOT ruled out,
CONTROL-RYANAIR,2024-10-16,2024-10-16,0,LEPA,Palma de Mallorca Airport,0.56,2024-10-16T19:32:19.150000Z,LEMD,Adolfo Suárez Madrid–Barajas Airport,1.04,2024-10-16T20:49:39.780000Z,airplanes-live,BOTH_HAVE_IT,BOTH_HAVE_IT,0,no,no,direct,
CONTROL-RYANAIR,2024-10-16,2024-10-24,8,LEMD,Adolfo Suárez Madrid–Barajas Airport,1.23,2024-10-16T22:16:11.980000Z,EIDW,Dublin Airport,0.79,2024-10-24T00:23:45.710000Z,adsb-lol|airplanes-live,BOTH_HAVE_IT,BOTH_HAVE_IT,7,no,yes,GAP -- aircraft unobserved for 7 day(s) between these two fields; intermediate stops are possible and are NOT ruled out,
N102DZ,2024-10-16,2024-10-16,0,KVNY,Van Nuys Airport,1.02,2024-10-16T17:44:17.650000Z,KNEW,Lakefront Airport,0.04,2024-10-16T21:03:38.620000Z,airplanes-live,BOTH_HAVE_IT,BOTH_HAVE_IT,0,no,no,direct,
N102DZ,2024-10-16,2024-10-18,2,KNEW,Lakefront Airport,0.04,2024-10-16T21:03:38.620000Z,KLAS,Harry Reid International Airport,1.05,2024-10-18T19:36:49.210000Z,adsb-lol|airplanes-live,BOTH_HAVE_IT,BOTH_HAVE_IT,1,no,yes,GAP -- aircraft unobserved for 1 day(s) between these two fields; intermediate stops are possible and are NOT ruled out,
N582MM,2024-10-16,2024-10-17,1,KSDL,Scottsdale Airport,0.63,2024-10-16T17:31:12.850000Z,KPHX,Phoenix Sky Harbor International Airport,1.75,2024-10-17T03:40:45.010000Z,adsb-lol|airplanes-live,BOTH_HAVE_IT,BOTH_HAVE_IT,0,no,yes,overnight,
N872RA,2024-10-16,2024-10-16,0,KSDL,Scottsdale Airport,0.72,2024-10-16T20:23:19.510000Z,KFAT,Fresno Yosemite International Airport,0.93,2024-10-16T21:41:13.730000Z,adsb-lol|airplanes-live,BOTH_HAVE_IT,BOTH_HAVE_IT,0,no,no,direct,
N872RA,2024-10-16,2024-10-17,1,KFAT,Fresno Yosemite International Airport,0.41,2024-10-16T23:19:50.660000Z,KSLC,Salt Lake City International Airport,2.05,2024-10-17T02:15:24.250000Z,adsb-lol|airplanes-live,BOTH_HAVE_IT,BOTH_HAVE_IT,0,no,yes,overnight,
N888KG,2024-10-16,2024-10-19,3,KPVU,Provo Municipal Airport,1.49,2024-10-16T20:09:33.700000Z,KTUS,Tucson International Airport,0.17,2024-10-19T21:59:36.500000Z,adsb-lol|airplanes-live,BOTH_HAVE_IT,BOTH_HAVE_IT,2,no,yes,GAP -- aircraft unobserved for 2 day(s) between these two fields; intermediate stops are possible and are NOT ruled out,
N582MM,2024-10-17,2024-10-18,1,KPHX,Phoenix Sky Harbor International Airport,1.75,2024-10-17T03:41:56.180000Z,KSDL,Scottsdale Airport,0.58,2024-10-18T18:42:07.930000Z,adsb-lol|airplanes-live,BOTH_HAVE_IT,BOTH_HAVE_IT,0,no,yes,overnight,
N872RA,2024-10-17,2024-10-17,0,KSLC,Salt Lake City International Airport,2.05,2024-10-17T02:15:25.350000Z,KCRQ,McClellan-Palomar Airport,0.65,2024-10-17T17:27:21.610000Z,adsb-lol|airplanes-live,BOTH_HAVE_IT,BOTH_HAVE_IT,0,no,no,direct,
N872RA,2024-10-17,2024-10-19,2,KCRQ,McClellan-Palomar Airport,0.65,2024-10-17T17:33:39.590000Z,KLAX,Los Angeles International Airport,1.51,2024-10-19T20:48:11.760000Z,adsb-lol|airplanes-live,BOTH_HAVE_IT,BOTH_HAVE_IT,1,no,yes,GAP -- aircraft unobserved for 1 day(s) between these two fields; intermediate stops are possible and are NOT ruled out,
N102DZ,2024-10-18,2024-10-18,0,KLAS,Harry Reid International Airport,1.46,2024-10-18T21:09:02.240000Z,KVNY,Van Nuys Airport,0.99,2024-10-18T21:55:35.810000Z,adsb-lol|airplanes-live,BOTH_HAVE_IT,BOTH_HAVE_IT,0,no,no,direct,
N102DZ,2024-10-18,2024-10-20,2,KVNY,Van Nuys Airport,0.99,2024-10-18T22:34:25.900000Z,KLAX,Los Angeles International Airport,1.02,2024-10-20T22:44:35.530000Z,adsb-lol|airplanes-live,BOTH_HAVE_IT,BOTH_HAVE_IT,1,no,yes,GAP -- aircraft unobserved for 1 day(s) between these two fields; intermediate stops are possible and are NOT ruled out,
N560TW,2024-10-18,2024-10-18,0,KSDL,Scottsdale Airport,0.82,2024-10-18T19:56:23.890000Z,KEUG,Eugene Airport,0.64,2024-10-18T22:26:22.310000Z,adsb-lol|airplanes-live,BOTH_HAVE_IT,BOTH_HAVE_IT,0,no,no,direct,
N560TW,2024-10-18,2024-10-19,1,KEUG,Eugene Airport,0.64,2024-10-18T23:45:26.850000Z,KSDL,Scottsdale Airport,0.13,2024-10-19T01:48:50.310000Z,adsb-lol|airplanes-live,BOTH_HAVE_IT,BOTH_HAVE_IT,0,no,yes,overnight,
N582MM,2024-10-18,2024-10-18,0,KSDL,Scottsdale Airport,0.7,2024-10-18T20:59:07.590000Z,KCOS,City of Colorado Springs Municipal Airport,1.64,2024-10-18T22:14:20.660000Z,adsb-lol|airplanes-live,BOTH_HAVE_IT,BOTH_HAVE_IT,0,no,no,direct,
N582MM,2024-10-19,2024-10-19,0,KCOS,City of Colorado Springs Municipal Airport,1.55,2024-10-19T04:22:46.280000Z,KSDL,Scottsdale Airport,0.54,2024-10-19T05:44:28.160000Z,adsb-lol|airplanes-live,BOTH_HAVE_IT,BOTH_HAVE_IT,0,no,no,direct,
N872RA,2024-10-19,2024-10-20,1,KLAX,Los Angeles International Airport,1.84,2024-10-19T21:43:00.880000Z,KMRY,Monterey Regional Airport,1.0,2024-10-20T20:20:43.600000Z,airplanes-live,BOTH_HAVE_IT,BOTH_HAVE_IT,0,no,yes,overnight,
N888KG,2024-10-19,2024-10-19,0,KTUS,Tucson International Airport,0.17,2024-10-19T22:06:24.120000Z,KPVU,Provo Municipal Airport,0.17,2024-10-19T23:32:59.230000Z,adsb-lol|airplanes-live,BOTH_HAVE_IT,BOTH_HAVE_IT,0,no,no,direct,
N560TW,2024-10-20,2024-10-20,0,KSDL,Scottsdale Airport,0.75,2024-10-20T19:31:35.850000Z,KPHX,Phoenix Sky Harbor International Airport,1.09,2024-10-20T23:22:54.060000Z,adsb-lol|airplanes-live,BOTH_HAVE_IT,BOTH_HAVE_IT,0,no,no,direct,
N560TW,2024-10-20,2024-10-21,1,KPHX,Phoenix Sky Harbor International Airport,1.09,2024-10-20T23:53:12.580000Z,KSDL,Scottsdale Airport,0.09,2024-10-21T00:02:56.310000Z,adsb-lol|airplanes-live,BOTH_HAVE_IT,BOTH_HAVE_IT,0,no,yes,overnight,
N582MM,2024-10-20,2024-10-21,1,KSDL,Scottsdale Airport,0.63,2024-10-20T23:09:37.950000Z,KATL,Hartsfield Jackson Atlanta International Airport,1.73,2024-10-21T02:11:54.850000Z,adsb-lol|airplanes-live,BOTH_HAVE_IT,BOTH_HAVE_IT,0,no,yes,overnight,"dest|Atlanta,GA|2024-10-21|Charlie|7.8"
N872RA,2024-10-20,2024-10-22,2,KMRY,Monterey Regional Airport,1.28,2024-10-20T22:04:42.580000Z,KDAL,Dallas Love Field,0.44,2024-10-22T20:26:33.240000Z,adsb-lol|airplanes-live,BOTH_HAVE_IT,BOTH_HAVE_IT,1,no,yes,GAP -- aircraft unobserved for 1 day(s) between these two fields; intermediate stops are possible and are NOT ruled out,
N102DZ,2024-10-21,2024-10-21,0,KLAX,Los Angeles International Airport,1.7,2024-10-21T00:25:48.890000Z,KNUQ,Moffett Federal Airfield,0.25,2024-10-21T01:11:55.360000Z,adsb-lol|airplanes-live,BOTH_HAVE_IT,BOTH_HAVE_IT,0,no,no,direct,
N102DZ,2024-10-21,2024-10-21,0,KNUQ,Moffett Federal Airfield,1.22,2024-10-21T05:34:44.230000Z,KLAX,Los Angeles International Airport,1.59,2024-10-21T06:24:16.600000Z,adsb-lol|airplanes-live,BOTH_HAVE_IT,BOTH_HAVE_IT,0,no,no,direct,
N102DZ,2024-10-21,2024-10-21,0,KLAX,Los Angeles International Airport,1.59,2024-10-21T07:03:00.560000Z,KVNY,Van Nuys Airport,1.07,2024-10-21T06:24:53.440000Z,adsb-lol|airplanes-live,BOTH_HAVE_IT,BOTH_HAVE_IT,0,no,no,direct,
N582MM,2024-10-21,2024-10-21,0,KATL,Hartsfield Jackson Atlanta International Airport,1.64,2024-10-21T19:31:35.120000Z,KRDU,Raleigh-Durham International Airport,0.78,2024-10-21T20:29:17.520000Z,adsb-lol|airplanes-live,BOTH_HAVE_IT,BOTH_HAVE_IT,0,no,no,direct,"origin|Atlanta,GA|2024-10-21|Charlie|7.8"
N560TW,2024-10-22,2024-10-22,0,KSDL,Scottsdale Airport,0.47,2024-10-22T15:37:56.850000Z,KSAN,San Diego International Airport,0.23,2024-10-22T16:31:43.910000Z,adsb-lol|airplanes-live,BOTH_HAVE_IT,BOTH_HAVE_IT,0,no,no,direct,
N560TW,2024-10-22,2024-10-23,1,KSAN,San Diego International Airport,1.12,2024-10-22T23:47:37.660000Z,KSDL,Scottsdale Airport,0.1,2024-10-23T00:44:24.140000Z,adsb-lol|airplanes-live,BOTH_HAVE_IT,BOTH_HAVE_IT,0,no,yes,overnight,
N582MM,2024-10-22,2024-10-23,1,KRDU,Raleigh-Durham International Airport,0.37,2024-10-22T00:55:46.880000Z,KLZU,Gwinnett County Briscoe Field,0.69,2024-10-23T03:54:28.460000Z,adsb-lol|airplanes-live,BOTH_HAVE_IT,BOTH_HAVE_IT,0,no,yes,overnight,"dest|Duluth,GA|2024-10-23|Charlie|11.3"
N872RA,2024-10-22,2024-10-22,0,KDAL,Dallas Love Field,1.14,2024-10-22T21:35:07.420000Z,KMCI,Kansas City International Airport,1.33,2024-10-22T22:53:29.560000Z,adsb-lol|airplanes-live,BOTH_HAVE_IT,BOTH_HAVE_IT,0,no,no,direct,
N872RA,2024-10-22,2024-10-23,1,KMCI,Kansas City International Airport,1.33,2024-10-22T22:53:29.560000Z,KAPA,Centennial Airport,1.19,2024-10-23T16:30:32.010000Z,adsb-lol|airplanes-live,BOTH_HAVE_IT,BOTH_HAVE_IT,0,no,yes,overnight,
N872RA,2024-10-23,2024-10-23,0,KAPA,Centennial Airport,1.19,2024-10-23T17:19:27.710000Z,KFAT,Fresno Yosemite International Airport,0.9,2024-10-23T19:18:28.640000Z,adsb-lol|airplanes-live,BOTH_HAVE_IT,BOTH_HAVE_IT,0,no,no,direct,
N872RA,2024-10-23,2024-10-23,0,KFAT,Fresno Yosemite International Airport,0.29,2024-10-23T20:48:04.740000Z,KAPA,Centennial Airport,0.36,2024-10-23T22:42:38.120000Z,adsb-lol|airplanes-live,BOTH_HAVE_IT,BOTH_HAVE_IT,0,no,no,direct,
CONTROL-LUFTHANSA,2024-10-24,2024-10-24,0,EDDM,Munich Airport,0.7,2024-10-24T09:27:03.680000Z,EDDH,Hamburg Helmut Schmidt Airport,0.73,2024-10-24T10:26:01.800000Z,adsb-lol|airplanes-live,BOTH_HAVE_IT,BOTH_HAVE_IT,0,no,no,direct,
CONTROL-LUFTHANSA,2024-10-24,2024-10-24,0,EDDH,Hamburg Helmut Schmidt Airport,0.92,2024-10-24T11:39:51.480000Z,EDDM,Munich Airport,0.82,2024-10-24T12:37:04.150000Z,adsb-lol|airplanes-live,BOTH_HAVE_IT,BOTH_HAVE_IT,0,no,no,direct,
CONTROL-LUFTHANSA,2024-10-24,2024-10-24,0,EDDM,Munich Airport,0.74,2024-10-24T18:26:37.030000Z,EDDH,Hamburg Helmut Schmidt Airport,0.92,2024-10-24T19:23:05.370000Z,adsb-lol|airplanes-live,BOTH_HAVE_IT,BOTH_HAVE_IT,0,no,no,direct,
CONTROL-LUFTHANSA,2024-10-24,2024-12-07,44,EDDH,Hamburg Helmut Schmidt Airport,0.92,2024-10-24T19:25:56.640000Z,EDDM,Munich Airport,0.91,2024-12-07T06:39:06.370000Z,adsb-lol|airplanes-live,BOTH_HAVE_IT,BOTH_HAVE_IT,43,no,yes,GAP -- aircraft unobserved for 43 day(s) between these two fields; intermediate stops are possible and are NOT ruled out,
CONTROL-RYANAIR,2024-10-24,2024-10-24,0,EIDW,Dublin Airport,0.41,2024-10-24T13:40:46.630000Z,EGSS,London Stansted Airport,0.19,2024-10-24T14:40:56.670000Z,adsb-lol|airplanes-live,BOTH_HAVE_IT,BOTH_HAVE_IT,0,no,no,direct,
CONTROL-RYANAIR,2024-10-24,2024-10-24,0,EGSS,London Stansted Airport,0.19,2024-10-24T14:45:12.860000Z,EIDW,Dublin Airport,0.43,2024-10-24T16:28:03.700000Z,adsb-lol|airplanes-live,BOTH_HAVE_IT,BOTH_HAVE_IT,0,no,no,direct,
CONTROL-RYANAIR,2024-10-24,2024-10-24,0,EIDW,Dublin Airport,0.88,2024-10-24T17:24:45.460000Z,EGSS,London Stansted Airport,0.21,2024-10-24T22:51:53.220000Z,adsb-lol|airplanes-live,BOTH_HAVE_IT,BOTH_HAVE_IT,0,no,no,direct,
CONTROL-RYANAIR,2024-10-24,2024-12-07,44,EGSS,London Stansted Airport,0.21,2024-10-24T22:56:06.120000Z,LEBL,Josep Tarradellas Barcelona-El Prat Airport,0.92,2024-12-07T10:30:48.900000Z,adsb-lol|airplanes-live,BOTH_HAVE_IT,BOTH_HAVE_IT,43,no,yes,GAP -- aircraft unobserved for 43 day(s) between these two fields; intermediate stops are possible and are NOT ruled out,
N102DZ,2024-10-24,2024-10-24,0,KVNY,Van Nuys Airport,1.12,2024-10-24T01:15:43.280000Z,KTEB,Teterboro Airport,0.72,2024-10-24T05:49:41.750000Z,adsb-lol|airplanes-live,BOTH_HAVE_IT,BOTH_HAVE_IT,0,no,no,direct,
N102DZ,2024-10-24,2024-10-30,6,KTEB,Teterboro Airport,0.72,2024-10-24T06:09:51.480000Z,KVNY,Van Nuys Airport,0.57,2024-10-30T05:01:54.870000Z,adsb-lol|airplanes-live,BOTH_HAVE_IT,BOTH_HAVE_IT,5,no,yes,GAP -- aircraft unobserved for 5 day(s) between these two fields; intermediate stops are possible and are NOT ruled out,
N582MM,2024-10-24,2024-10-24,0,KLZU,Gwinnett County Briscoe Field,0.81,2024-10-24T02:12:50.520000Z,KLAS,Harry Reid International Airport,0.64,2024-10-24T06:16:09.960000Z,adsb-lol|airplanes-live,BOTH_HAVE_IT,BOTH_HAVE_IT,0,no,no,direct,"origin|Duluth,GA|2024-10-23|Charlie|11.3"
N582MM,2024-10-24,2024-10-25,1,KLAS,Harry Reid International Airport,0.64,2024-10-24T06:20:44.570000Z,KSDL,Scottsdale Airport,0.71,2024-10-25T05:24:53.310000Z,adsb-lol|airplanes-live,BOTH_HAVE_IT,BOTH_HAVE_IT,0,no,yes,overnight,"origin|Las Vegas,NV|2024-10-24|Charlie|12.4"
N872RA,2024-10-24,2024-10-24,0,KAPA,Centennial Airport,1.29,2024-10-24T16:10:09.250000Z,KSNA,John Wayne Orange County International Airport,0.67,2024-10-24T23:28:59.600000Z,adsb-lol|airplanes-live,BOTH_HAVE_IT,BOTH_HAVE_IT,0,no,no,direct,
N582MM,2024-10-26,2024-10-26,0,KSDL,Scottsdale Airport,0.75,2024-10-26T17:06:15.210000Z,KMSN,Dane County Regional Truax Field,0.63,2024-10-26T19:56:30.600000Z,adsb-lol|airplanes-live,BOTH_HAVE_IT,BOTH_HAVE_IT,0,no,no,direct,
N582MM,2024-10-27,2024-10-27,0,KMSN,Dane County Regional Truax Field,0.51,2024-10-27T01:22:54.270000Z,KSDL,Scottsdale Airport,0.18,2024-10-27T04:33:56.470000Z,adsb-lol|airplanes-live,BOTH_HAVE_IT,BOTH_HAVE_IT,0,no,no,direct,"dest|Phoenix,AZ|2024-10-28|Charlie|10.8"
N582MM,2024-10-27,2024-10-27,0,KSDL,Scottsdale Airport,0.18,2024-10-27T04:57:35.280000Z,KFLL,Fort Lauderdale Hollywood International Airport,0.43,2024-10-27T20:09:59.440000Z,adsb-lol|airplanes-live,BOTH_HAVE_IT,BOTH_HAVE_IT,0,no,no,direct,"origin|Phoenix,AZ|2024-10-28|Charlie|10.8"
N582MM,2024-10-27,2024-10-28,1,KFLL,Fort Lauderdale Hollywood International Airport,0.43,2024-10-27T20:54:17.300000Z,KPHX,Phoenix Sky Harbor International Airport,1.7,2024-10-28T01:34:46.610000Z,adsb-lol|airplanes-live,BOTH_HAVE_IT,BOTH_HAVE_IT,0,no,yes,overnight,"dest|Phoenix,AZ|2024-10-28|Charlie|10.7"
N582MM,2024-10-28,2024-10-29,1,KPHX,Phoenix Sky Harbor International Airport,1.7,2024-10-28T01:36:05.190000Z,KSDL,Scottsdale Airport,0.24,2024-10-29T21:11:32.660000Z,adsb-lol|airplanes-live,BOTH_HAVE_IT,BOTH_HAVE_IT,0,no,yes,overnight,"origin|Phoenix,AZ|2024-10-28|Charlie|10.7"
N582MM,2024-10-29,2024-10-29,0,KSDL,Scottsdale Airport,0.24,2024-10-29T23:59:41.030000Z,KPHX,Phoenix Sky Harbor International Airport,1.81,2024-10-29T21:11:32.660000Z,adsb-lol|airplanes-live,BOTH_HAVE_IT,BOTH_HAVE_IT,0,no,no,direct,"dest|Phoenix,AZ|2024-10-28|Charlie|10.8"
N582MM,2024-10-29,2024-10-30,1,KPHX,Phoenix Sky Harbor International Airport,1.81,2024-10-29T23:59:19.620000Z,KSDL,Scottsdale Airport,0.78,2024-10-30T00:00:00.180000Z,adsb-lol|airplanes-live,BOTH_HAVE_IT,BOTH_HAVE_IT,0,no,yes,overnight,"origin|Phoenix,AZ|2024-10-28|Charlie|10.8"
N102DZ,2024-10-30,2024-10-30,0,KVNY,Van Nuys Airport,0.28,2024-10-30T16:26:39.950000Z,KTEB,Teterboro Airport,0.88,2024-10-30T20:46:52.340000Z,adsb-lol|airplanes-live,BOTH_HAVE_IT,BOTH_HAVE_IT,0,no,no,direct,
N872RA,2024-10-30,2024-10-30,0,KSNA,John Wayne Orange County International Airport,0.81,2024-10-30T14:59:31.060000Z,KCCR,Buchanan Field,0.26,2024-10-30T16:13:56.840000Z,adsb-lol|airplanes-live,BOTH_HAVE_IT,BOTH_HAVE_IT,0,no,no,direct,
N872RA,2024-10-30,2024-10-30,0,KCCR,Buchanan Field,0.26,2024-10-30T16:38:49.550000Z,KUDD,Bermuda Dunes Airport,0.11,2024-10-30T17:43:01.040000Z,adsb-lol|airplanes-live,BOTH_HAVE_IT,BOTH_HAVE_IT,0,no,no,direct,
N872RA,2024-10-30,2024-10-31,1,KUDD,Bermuda Dunes Airport,0.11,2024-10-30T18:11:28.010000Z,KSNA,John Wayne Orange County International Airport,0.18,2024-10-31T19:49:34.110000Z,adsb-lol|airplanes-live,BOTH_HAVE_IT,BOTH_HAVE_IT,0,no,yes,overnight,
N872RA,2024-10-31,2024-10-31,0,KSNA,John Wayne Orange County International Airport,0.18,2024-10-31T19:49:34.140000Z,KSDL,Scottsdale Airport,0.59,2024-10-31T21:04:29.040000Z,adsb-lol|airplanes-live,BOTH_HAVE_IT,BOTH_HAVE_IT,0,no,no,direct,
N102DZ,2024-11-01,2024-11-01,0,KTEB,Teterboro Airport,0.65,2024-11-01T17:53:42.410000Z,KVNY,Van Nuys Airport,0.75,2024-11-01T23:24:29.460000Z,adsb-lol|adsbexchange-samples|airplanes-live,BOTH_HAVE_IT,BOTH_HAVE_IT,0,no,no,direct,
N102DZ,2024-11-01,2024-12-01,30,KVNY,Van Nuys Airport,0.75,2024-11-01T23:25:34.680000Z,KROA,Roanoke–Blacksburg Regional Airport,0.17,2024-12-01T00:01:03.460000Z,adsb-lol|adsbexchange-samples|airplanes-live,BOTH_HAVE_IT,HELD_BY_ADSBEXCHANGE-SAMPLES,29,yes,yes,GAP -- aircraft unobserved for 29 day(s) between these two fields; intermediate stops are possible and are NOT ruled out,
N1098L,2024-11-01,2024-11-01,0,KBFI,King County International Airport - Boeing Field,0.15,2024-11-01T19:31:11.140000Z,KAPA,Centennial Airport,1.04,2024-11-01T21:39:00.800000Z,adsbexchange-samples,HELD_BY_ADSBEXCHANGE-SAMPLES,HELD_BY_ADSBEXCHANGE-SAMPLES,0,yes,no,direct,
N1098L,2024-11-01,2024-11-01,0,KAPA,Centennial Airport,1.04,2024-11-01T21:56:19.580000Z,KBIF,Biggs Army Air Field (Fort Bliss),0.42,2024-11-01T23:18:18Z,adsbexchange-samples,HELD_BY_ADSBEXCHANGE-SAMPLES,HELD_BY_ADSBEXCHANGE-SAMPLES,0,yes,no,direct,
N2100L,2024-11-01,2024-11-01,0,KGJT,Grand Junction Regional Airport,0.69,2024-11-01T19:14:13.440000Z,KSJT,San Angelo Regional Mathis Field,0.83,2024-11-01T21:40:38.150000Z,adsbexchange-samples,HELD_BY_ADSBEXCHANGE-SAMPLES,HELD_BY_ADSBEXCHANGE-SAMPLES,0,yes,no,direct,
N2100L,2024-11-01,2024-11-01,0,KSJT,San Angelo Regional Mathis Field,0.83,2024-11-01T21:40:38.150000Z,KBIF,Biggs Army Air Field (Fort Bliss),0.43,2024-11-01T22:39:49.880000Z,adsbexchange-samples,HELD_BY_ADSBEXCHANGE-SAMPLES,HELD_BY_ADSBEXCHANGE-SAMPLES,0,yes,no,direct,
N560TW,2024-11-01,2024-11-01,0,KSDL,Scottsdale Airport,0.66,2024-11-01T11:48:24.800000Z,KMAF,Midland International Air and Space Port,0.32,2024-11-01T13:07:25.450000Z,adsb-lol|adsbexchange-samples|airplanes-live,BOTH_HAVE_IT,BOTH_HAVE_IT,0,no,no,direct,
N560TW,2024-11-01,2024-11-01,0,KMAF,Midland International Air and Space Port,0.32,2024-11-01T13:47:14.510000Z,KSDL,Scottsdale Airport,0.14,2024-11-01T15:22:08.730000Z,adsb-lol|adsbexchange-samples|airplanes-live,BOTH_HAVE_IT,BOTH_HAVE_IT,0,no,no,direct,
N560TW,2024-11-01,2024-12-01,30,KSDL,Scottsdale Airport,0.14,2024-11-01T15:23:54.500000Z,KCLL,Easterwood Field,0.52,2024-12-01T20:42:21.660000Z,adsb-lol|adsbexchange-samples|airplanes-live,BOTH_HAVE_IT,HELD_BY_ADSBEXCHANGE-SAMPLES,29,yes,yes,GAP -- aircraft unobserved for 29 day(s) between these two fields; intermediate stops are possible and are NOT ruled out,
N582MM,2024-11-01,2024-11-01,0,KSDL,Scottsdale Airport,0.68,2024-11-01T15:09:07.760000Z,KFNL,Northern Colorado Regional Airport,0.1,2024-11-01T16:34:58.580000Z,adsb-lol|adsbexchange-samples|airplanes-live,BOTH_HAVE_IT,BOTH_HAVE_IT,0,no,no,direct,
N582MM,2024-11-01,2024-11-01,0,KFNL,Northern Colorado Regional Airport,0.6,2024-11-01T17:42:21.160000Z,KSDL,Scottsdale Airport,0.47,2024-11-01T19:13:34.080000Z,adsb-lol|adsbexchange-samples|airplanes-live,BOTH_HAVE_IT,BOTH_HAVE_IT,0,no,no,direct,
N59906,2024-11-01,2025-04-01,151,KASG,Springdale Municipal Airport,0.48,2024-11-01T20:05:29.430000Z,KOKV,Winchester Regional Airport,0.59,2025-04-01T16:08:22.400000Z,adsbexchange-samples,HELD_BY_ADSBEXCHANGE-SAMPLES,HELD_BY_ADSBEXCHANGE-SAMPLES,150,yes,yes,GAP -- aircraft unobserved for 150 day(s) between these two fields; intermediate stops are possible and are NOT ruled out,
N872RA,2024-11-01,2024-11-01,0,KSDL,Scottsdale Airport,1.0,2024-11-01T00:37:13.840000Z,KMHR,Sacramento Mather Airport,0.41,2024-11-01T02:12:24.030000Z,adsb-lol|adsbexchange-samples|airplanes-live,BOTH_HAVE_IT,BOTH_HAVE_IT,0,no,no,direct,
N872RA,2024-11-01,2024-11-01,0,KMHR,Sacramento Mather Airport,1.21,2024-11-01T16:50:14.660000Z,KPSP,Palm Springs International Airport,0.29,2024-11-01T17:57:23.260000Z,adsb-lol|adsbexchange-samples,BOTH_HAVE_IT,BOTH_HAVE_IT,0,no,no,direct,
N872RA,2024-11-01,2024-11-01,0,KPSP,Palm Springs International Airport,0.29,2024-11-01T18:00:54.100000Z,KSNA,John Wayne Orange County International Airport,0.16,2024-11-01T20:33:40.480000Z,adsbexchange-samples,BOTH_HAVE_IT,BOTH_HAVE_IT,0,no,no,direct,
N872RA,2024-11-01,2024-12-01,30,KSNA,John Wayne Orange County International Airport,0.16,2024-11-01T21:04:21.670000Z,KBFI,King County International Airport - Boeing Field,0.22,2024-12-01T00:34:55.900000Z,adsbexchange-samples,BOTH_HAVE_IT,HELD_BY_ADSBEXCHANGE-SAMPLES,29,yes,yes,GAP -- aircraft unobserved for 29 day(s) between these two fields; intermediate stops are possible and are NOT ruled out,
N582MM,2024-11-02,2024-11-02,0,KSDL,Scottsdale Airport,0.72,2024-11-02T21:52:55.430000Z,KIWA,Mesa Gateway Airport,1.46,2024-11-02T23:35:00.970000Z,adsb-lol|airplanes-live,BOTH_HAVE_IT,BOTH_HAVE_IT,0,no,no,direct,
N582MM,2024-11-02,2024-12-01,29,KIWA,Mesa Gateway Airport,1.46,2024-11-02T23:39:25.080000Z,KHOU,William P. Hobby Airport,0.53,2024-12-01T20:19:50.450000Z,adsbexchange-samples|airplanes-live,BOTH_HAVE_IT,HELD_BY_ADSBEXCHANGE-SAMPLES,28,yes,yes,GAP -- aircraft unobserved for 28 day(s) between these two fields; intermediate stops are possible and are NOT ruled out,
N102DZ,2024-12-01,2024-12-01,0,KROA,Roanoke–Blacksburg Regional Airport,0.17,2024-12-01T00:17:40.900000Z,KVNY,Van Nuys Airport,0.02,2024-12-01T05:13:45.810000Z,adsbexchange-samples,HELD_BY_ADSBEXCHANGE-SAMPLES,HELD_BY_ADSBEXCHANGE-SAMPLES,0,yes,no,direct,
N102DZ,2024-12-01,2024-12-01,0,KVNY,Van Nuys Airport,0.9,2024-12-01T20:28:18.640000Z,KBUR,Hollywood Burbank/Bob Hope Airport,0.97,2024-12-01T22:17:18.760000Z,adsbexchange-samples,HELD_BY_ADSBEXCHANGE-SAMPLES,HELD_BY_ADSBEXCHANGE-SAMPLES,0,yes,no,direct,
N102DZ,2024-12-01,2025-01-19,49,KBUR,Hollywood Burbank/Bob Hope Airport,0.97,2024-12-01T22:22:16.200000Z,KLUK,Cincinnati Municipal Airport Lunken Field,0.6,2025-01-19T19:07:40.340000Z,adsbexchange-samples|airplanes-live,HELD_BY_ADSBEXCHANGE-SAMPLES,BOTH_HAVE_IT,48,yes,yes,GAP -- aircraft unobserved for 48 day(s) between these two fields; intermediate stops are possible and are NOT ruled out,
N560TW,2024-12-01,2024-12-01,0,KCLL,Easterwood Field,0.52,2024-12-01T21:11:12.650000Z,KABQ,Albuquerque International Sunport,1.2,2024-12-01T22:55:59.310000Z,adsbexchange-samples,HELD_BY_ADSBEXCHANGE-SAMPLES,HELD_BY_ADSBEXCHANGE-SAMPLES,0,yes,no,direct,
N560TW,2024-12-01,2024-12-17,16,KABQ,Albuquerque International Sunport,1.2,2024-12-01T23:13:01.510000Z,KSDL,Scottsdale Airport,0.65,2024-12-17T18:48:10.840000Z,adsb-lol|adsbexchange-samples|airplanes-live,HELD_BY_ADSBEXCHANGE-SAMPLES,BOTH_HAVE_IT,15,yes,yes,GAP -- aircraft unobserved for 15 day(s) between these two fields; intermediate stops are possible and are NOT ruled out,
N582MM,2024-12-01,2024-12-01,0,KHOU,William P. Hobby Airport,0.53,2024-12-01T20:41:07.340000Z,KSDL,Scottsdale Airport,0.83,2024-12-01T23:20:29.860000Z,adsbexchange-samples,HELD_BY_ADSBEXCHANGE-SAMPLES,HELD_BY_ADSBEXCHANGE-SAMPLES,0,yes,no,direct,
N582MM,2024-12-01,2024-12-17,16,KSDL,Scottsdale Airport,0.83,2024-12-01T23:45:41.400000Z,KPHX,Phoenix Sky Harbor International Airport,0.85,2024-12-17T00:00:53.910000Z,adsb-lol|adsbexchange-samples|airplanes-live,HELD_BY_ADSBEXCHANGE-SAMPLES,BOTH_HAVE_IT,15,yes,yes,GAP -- aircraft unobserved for 15 day(s) between these two fields; intermediate stops are possible and are NOT ruled out,
N872RA,2024-12-01,2024-12-01,0,KBFI,King County International Airport - Boeing Field,0.22,2024-12-01T01:30:39.550000Z,KVNY,Van Nuys Airport,0.89,2024-12-01T03:43:26.860000Z,adsbexchange-samples,HELD_BY_ADSBEXCHANGE-SAMPLES,HELD_BY_ADSBEXCHANGE-SAMPLES,0,yes,no,direct,
N872RA,2024-12-01,2024-12-01,0,KVNY,Van Nuys Airport,0.89,2024-12-01T04:39:20.100000Z,KSNA,John Wayne Orange County International Airport,0.54,2024-12-01T15:24:54.070000Z,adsbexchange-samples,HELD_BY_ADSBEXCHANGE-SAMPLES,HELD_BY_ADSBEXCHANGE-SAMPLES,0,yes,no,direct,
N872RA,2024-12-01,2024-12-01,0,KSNA,John Wayne Orange County International Airport,0.54,2024-12-01T15:28:09.080000Z,KSTS,Charles M. Schulz Sonoma County Airport,0.58,2024-12-01T16:36:36.200000Z,adsbexchange-samples,HELD_BY_ADSBEXCHANGE-SAMPLES,HELD_BY_ADSBEXCHANGE-SAMPLES,0,yes,no,direct,
N872RA,2024-12-01,2024-12-01,0,KSTS,Charles M. Schulz Sonoma County Airport,0.58,2024-12-01T17:30:10.130000Z,KSDL,Scottsdale Airport,0.33,2024-12-01T19:14:19.580000Z,adsbexchange-samples,HELD_BY_ADSBEXCHANGE-SAMPLES,HELD_BY_ADSBEXCHANGE-SAMPLES,0,yes,no,direct,
N872RA,2024-12-01,2024-12-01,0,KSDL,Scottsdale Airport,1.12,2024-12-01T21:51:55.750000Z,KASE,Aspen-Pitkin County Airport (Sardy Field),0.32,2024-12-01T23:00:18.050000Z,adsbexchange-samples,HELD_BY_ADSBEXCHANGE-SAMPLES,HELD_BY_ADSBEXCHANGE-SAMPLES,0,yes,no,direct,
N872RA,2024-12-01,2024-12-17,16,KASE,Aspen-Pitkin County Airport (Sardy Field),0.32,2024-12-01T23:01:23.660000Z,KLAX,Los Angeles International Airport,0.86,2024-12-17T19:31:15.670000Z,adsb-lol|adsbexchange-samples|airplanes-live,HELD_BY_ADSBEXCHANGE-SAMPLES,BOTH_HAVE_IT,15,yes,yes,GAP -- aircraft unobserved for 15 day(s) between these two fields; intermediate stops are possible and are NOT ruled out,
SU-BTU,2024-12-01,2024-12-01,0,KLNK,Lincoln Airport,1.25,2024-12-01T14:18:13.030000Z,KILG,Wilmington Airport,0.73,2024-12-01T16:26:52.930000Z,adsbexchange-samples,HELD_BY_ADSBEXCHANGE-SAMPLES,HELD_BY_ADSBEXCHANGE-SAMPLES,0,yes,no,direct,
CONTROL-LUFTHANSA,2024-12-07,2024-12-07,0,EDDM,Munich Airport,1.39,2024-12-07T08:15:36.580000Z,ENTC,Tromsø Airport,0.68,2024-12-07T11:26:32.740000Z,adsb-lol|airplanes-live,BOTH_HAVE_IT,BOTH_HAVE_IT,0,no,no,direct,
CONTROL-LUFTHANSA,2024-12-07,2024-12-07,0,ENTC,Tromsø Airport,0.38,2024-12-07T12:36:42.400000Z,EDDM,Munich Airport,0.92,2024-12-07T16:01:05.170000Z,adsb-lol|airplanes-live,BOTH_HAVE_IT,BOTH_HAVE_IT,0,no,no,direct,
CONTROL-LUFTHANSA,2024-12-07,2024-12-07,0,EDDM,Munich Airport,1.71,2024-12-07T17:27:16.180000Z,EBBR,Brussels Airport,0.5,2024-12-07T18:26:50.280000Z,adsb-lol|airplanes-live,BOTH_HAVE_IT,BOTH_HAVE_IT,0,no,no,direct,
CONTROL-LUFTHANSA,2024-12-07,2024-12-07,0,EBBR,Brussels Airport,0.5,2024-12-07T19:09:53.710000Z,EDDM,Munich Airport,0.91,2024-12-07T20:09:49.250000Z,adsb-lol|airplanes-live,BOTH_HAVE_IT,BOTH_HAVE_IT,0,no,no,direct,
CONTROL-RYANAIR,2024-12-07,2024-12-07,0,LEBL,Josep Tarradellas Barcelona-El Prat Airport,0.73,2024-12-07T14:47:03.130000Z,EBBR,Brussels Airport,0.59,2024-12-07T16:38:49.590000Z,adsb-lol|airplanes-live,BOTH_HAVE_IT,BOTH_HAVE_IT,0,no,no,direct,
CONTROL-RYANAIR,2024-12-07,2024-12-07,0,EBBR,Brussels Airport,0.59,2024-12-07T17:33:11.010000Z,LEBL,Josep Tarradellas Barcelona-El Prat Airport,0.54,2024-12-07T19:05:23.420000Z,adsb-lol|airplanes-live,BOTH_HAVE_IT,BOTH_HAVE_IT,0,no,no,direct,
CONTROL-LUFTHANSA,2024-12-08,2024-12-08,0,EDDM,Munich Airport,0.91,2024-12-08T16:37:22.520000Z,EHAM,Amsterdam Airport Schiphol,0.81,2024-12-08T17:46:18.370000Z,adsb-lol|airplanes-live,BOTH_HAVE_IT,BOTH_HAVE_IT,0,no,no,direct,
CONTROL-LUFTHANSA,2024-12-08,2024-12-08,0,EHAM,Amsterdam Airport Schiphol,2.07,2024-12-08T19:06:18.260000Z,EDDM,Munich Airport,1.11,2024-12-08T20:11:00.810000Z,adsb-lol|airplanes-live,BOTH_HAVE_IT,BOTH_HAVE_IT,0,no,no,direct,
CONTROL-RYANAIR,2024-12-08,2024-12-08,0,LEBL,Josep Tarradellas Barcelona-El Prat Airport,1.73,2024-12-08T05:56:36.940000Z,EDDB,Berlin Brandenburg Airport,1.05,2024-12-08T08:05:35.980000Z,adsb-lol|airplanes-live,BOTH_HAVE_IT,BOTH_HAVE_IT,0,no,no,direct,
CONTROL-RYANAIR,2024-12-08,2024-12-08,0,EDDB,Berlin Brandenburg Airport,1.05,2024-12-08T08:05:37.300000Z,LEBL,Josep Tarradellas Barcelona-El Prat Airport,0.46,2024-12-08T11:02:02.380000Z,adsb-lol|airplanes-live,BOTH_HAVE_IT,BOTH_HAVE_IT,0,no,no,direct,
CONTROL-RYANAIR,2024-12-08,2024-12-08,0,LEBL,Josep Tarradellas Barcelona-El Prat Airport,0.69,2024-12-08T17:52:31.800000Z,EIDW,Dublin Airport,0.76,2024-12-08T20:06:59.720000Z,adsb-lol,BOTH_HAVE_IT,BOTH_HAVE_IT,0,no,no,direct,
CONTROL-RYANAIR,2024-12-08,2024-12-08,0,EIDW,Dublin Airport,0.76,2024-12-08T21:01:55.100000Z,LEBL,Josep Tarradellas Barcelona-El Prat Airport,1.02,2024-12-08T23:06:12.650000Z,adsb-lol|airplanes-live,BOTH_HAVE_IT,BOTH_HAVE_IT,0,no,no,direct,
CONTROL-LUFTHANSA,2024-12-09,2024-12-09,0,EDDM,Munich Airport,0.67,2024-12-09T06:21:47.930000Z,EDDK,Cologne Bonn Airport,1.83,2024-12-09T07:07:28.780000Z,adsb-lol|airplanes-live,BOTH_HAVE_IT,BOTH_HAVE_IT,0,no,no,direct,
CONTROL-LUFTHANSA,2024-12-09,2024-12-09,0,EDDK,Cologne Bonn Airport,0.8,2024-12-09T08:20:15.770000Z,EDDM,Munich Airport,0.88,2024-12-09T09:09:11.260000Z,adsb-lol|airplanes-live,BOTH_HAVE_IT,BOTH_HAVE_IT,0,no,no,direct,
CONTROL-LUFTHANSA,2024-12-09,2024-12-09,0,EDDM,Munich Airport,1.48,2024-12-09T10:52:29.540000Z,LYBE,Belgrade Nikola Tesla Airport,0.99,2024-12-09T11:59:07.550000Z,adsb-lol|airplanes-live,BOTH_HAVE_IT,BOTH_HAVE_IT,0,no,no,direct,
CONTROL-LUFTHANSA,2024-12-09,2024-12-09,0,LYBE,Belgrade Nikola Tesla Airport,0.99,2024-12-09T12:00:49.650000Z,EDDM,Munich Airport,0.87,2024-12-09T14:03:52.590000Z,adsb-lol|airplanes-live,BOTH_HAVE_IT,BOTH_HAVE_IT,0,no,no,direct,
CONTROL-LUFTHANSA,2024-12-09,2024-12-09,0,EDDM,Munich Airport,0.84,2024-12-09T16:29:32.980000Z,EDDH,Hamburg Helmut Schmidt Airport,0.87,2024-12-09T17:26:39.310000Z,adsb-lol|airplanes-live,BOTH_HAVE_IT,BOTH_HAVE_IT,0,no,no,direct,
CONTROL-LUFTHANSA,2024-12-09,2024-12-09,0,EDDH,Hamburg Helmut Schmidt Airport,0.61,2024-12-09T18:28:46.890000Z,EDDM,Munich Airport,0.76,2024-12-09T19:25:08.310000Z,adsb-lol|airplanes-live,BOTH_HAVE_IT,BOTH_HAVE_IT,0,no,no,direct,
CONTROL-RYANAIR,2024-12-09,2024-12-09,0,LEBL,Josep Tarradellas Barcelona-El Prat Airport,0.66,2024-12-09T20:56:04.370000Z,LEMG,Málaga-Costa del Sol Airport,0.3,2024-12-09T22:15:11.520000Z,adsb-lol|airplanes-live,BOTH_HAVE_IT,BOTH_HAVE_IT,0,no,no,direct,
CONTROL-RYANAIR,2024-12-09,2025-01-11,33,LEMG,Málaga-Costa del Sol Airport,1.18,2024-12-09T23:14:36.960000Z,LEBL,Josep Tarradellas Barcelona-El Prat Airport,0.54,2025-01-11T05:39:09.040000Z,adsb-lol|airplanes-live,BOTH_HAVE_IT,BOTH_HAVE_IT,32,no,yes,GAP -- aircraft unobserved for 32 day(s) between these two fields; intermediate stops are possible and are NOT ruled out,
N582MM,2024-12-17,2024-12-18,1,KPHX,Phoenix Sky Harbor International Airport,0.85,2024-12-17T00:04:44.180000Z,KSDL,Scottsdale Airport,0.44,2024-12-18T00:28:10.120000Z,adsb-lol|airplanes-live,BOTH_HAVE_IT,BOTH_HAVE_IT,0,no,yes,overnight,"dest|Phoenix,AZ|2024-12-19|Charlie|10.7"
N872RA,2024-12-17,2024-12-20,3,KLAX,Los Angeles International Airport,2.31,2024-12-17T21:08:57.530000Z,KPHX,Phoenix Sky Harbor International Airport,1.88,2024-12-20T19:15:38.210000Z,adsb-lol|airplanes-live,BOTH_HAVE_IT,BOTH_HAVE_IT,2,no,yes,GAP -- aircraft unobserved for 2 day(s) between these two fields; intermediate stops are possible and are NOT ruled out,"dest|Phoenix,AZ|2024-12-21|Charlie|10.7"
T7-ELL,2024-12-17,2024-12-17,0,EGKB,London Biggin Hill Airport,0.45,2024-12-17T17:11:48.290000Z,LGAV,Athens Eleftherios Venizelos International Airport,1.62,2024-12-17T20:15:39.370000Z,airplanes-live,BOTH_HAVE_IT,BOTH_HAVE_IT,0,no,no,direct,
T7-ELL,2024-12-17,2024-12-18,1,LGAV,Athens Eleftherios Venizelos International Airport,1.62,2024-12-17T20:15:39.370000Z,LIRA,Ciampino–G. B. Pastine International Airport,0.58,2024-12-18T15:21:05.950000Z,adsb-lol|airplanes-live,BOTH_HAVE_IT,BOTH_HAVE_IT,0,no,yes,overnight,
N582MM,2024-12-18,2024-12-19,1,KSDL,Scottsdale Airport,0.63,2024-12-18T19:53:47.520000Z,KNUQ,Moffett Federal Airfield,0.71,2024-12-19T22:19:28.510000Z,adsb-lol|airplanes-live,BOTH_HAVE_IT,BOTH_HAVE_IT,0,no,yes,overnight,"origin|Phoenix,AZ|2024-12-19|Charlie|11.3"
N582MM,2024-12-19,2024-12-20,1,KNUQ,Moffett Federal Airfield,0.71,2024-12-19T23:30:30.110000Z,KCOE,Coeur D'Alene Airport - Pappy Boyington Field,0.42,2024-12-20T01:11:07.350000Z,adsb-lol|airplanes-live,BOTH_HAVE_IT,BOTH_HAVE_IT,0,no,yes,overnight,
T7-ELL,2024-12-19,2024-12-19,0,LIRA,Ciampino–G. B. Pastine International Airport,0.81,2024-12-19T17:04:55.700000Z,LOWW,Vienna International Airport,0.55,2024-12-19T18:13:41.050000Z,adsb-lol|airplanes-live,BOTH_HAVE_IT,BOTH_HAVE_IT,0,no,no,direct,
N582MM,2024-12-20,2024-12-20,0,KCOE,Coeur D'Alene Airport - Pappy Boyington Field,0.42,2024-12-20T01:11:50.600000Z,KSDL,Scottsdale Airport,0.63,2024-12-20T04:05:49.810000Z,adsb-lol|airplanes-live,BOTH_HAVE_IT,BOTH_HAVE_IT,0,no,no,direct,"dest|Phoenix,AZ|2024-12-21|Charlie|11.3"
N582MM,2024-12-20,2024-12-20,0,KSDL,Scottsdale Airport,0.63,2024-12-20T17:08:45.390000Z,KCOE,Coeur D'Alene Airport - Pappy Boyington Field,0.42,2024-12-20T19:30:17.510000Z,adsb-lol|airplanes-live,BOTH_HAVE_IT,BOTH_HAVE_IT,0,no,no,direct,"origin|Phoenix,AZ|2024-12-21|Charlie|11.3"
N582MM,2024-12-20,2024-12-20,0,KCOE,Coeur D'Alene Airport - Pappy Boyington Field,0.42,2024-12-20T19:30:55.950000Z,KVNY,Van Nuys Airport,1.24,2024-12-20T22:20:51.390000Z,adsb-lol|airplanes-live,BOTH_HAVE_IT,BOTH_HAVE_IT,0,no,no,direct,
N582MM,2024-12-20,2024-12-21,1,KVNY,Van Nuys Airport,1.24,2024-12-20T23:17:30.870000Z,KSDL,Scottsdale Airport,0.2,2024-12-21T00:20:28.500000Z,adsb-lol|airplanes-live,BOTH_HAVE_IT,BOTH_HAVE_IT,0,no,yes,overnight,"dest|Phoenix,AZ|2024-12-20|Charlie|10.8"
N872RA,2024-12-20,2024-12-21,1,KPHX,Phoenix Sky Harbor International Airport,1.88,2024-12-20T20:07:13.190000Z,KSNA,John Wayne Orange County International Airport,0.49,2024-12-21T03:20:49.590000Z,adsb-lol|airplanes-live,BOTH_HAVE_IT,BOTH_HAVE_IT,0,no,yes,overnight,"origin|Phoenix,AZ|2024-12-21|Charlie|10.7"
N560TW,2024-12-21,2024-12-21,0,KSDL,Scottsdale Airport,0.22,2024-12-21T14:50:24.530000Z,KVNY,Van Nuys Airport,0.8,2024-12-21T15:52:44.050000Z,adsb-lol|airplanes-live,BOTH_HAVE_IT,BOTH_HAVE_IT,0,no,no,direct,"origin|Phoenix,AZ|2024-12-20|Charlie|10.8"
N560TW,2024-12-21,2024-12-21,0,KVNY,Van Nuys Airport,0.74,2024-12-21T17:45:31.770000Z,KSDL,Scottsdale Airport,0.13,2024-12-21T18:48:33.330000Z,adsb-lol|airplanes-live,BOTH_HAVE_IT,BOTH_HAVE_IT,0,no,no,direct,"dest|Phoenix,AZ|2024-12-20|Charlie|10.9"
N582MM,2024-12-21,2024-12-21,0,KSDL,Scottsdale Airport,0.76,2024-12-21T12:54:41.230000Z,KBJC,Rocky Mountain Metropolitan Airport,0.35,2024-12-21T14:12:13.990000Z,adsb-lol|airplanes-live,BOTH_HAVE_IT,BOTH_HAVE_IT,0,no,no,direct,"origin|Phoenix,AZ|2024-12-20|Charlie|11.3"
N582MM,2024-12-21,2024-12-21,0,KBJC,Rocky Mountain Metropolitan Airport,0.88,2024-12-21T15:34:18.630000Z,KTKI,McKinney National Airport,0.43,2024-12-21T20:10:50.870000Z,adsb-lol|airplanes-live,BOTH_HAVE_IT,BOTH_HAVE_IT,0,no,no,direct,
N872RA,2024-12-21,2024-12-22,1,KSNA,John Wayne Orange County International Airport,0.49,2024-12-21T03:20:49.590000Z,KVNY,Van Nuys Airport,0.54,2024-12-22T17:01:28.480000Z,adsb-lol|airplanes-live,BOTH_HAVE_IT,BOTH_HAVE_IT,0,no,yes,overnight,
T7-ELL,2024-12-21,2024-12-21,0,LOWW,Vienna International Airport,3.04,2024-12-21T10:37:17.830000Z,OMDW,Al Maktoum International Airport,4.23,2024-12-21T15:45:34.940000Z,adsb-lol|airplanes-live,BOTH_HAVE_IT,BOTH_HAVE_IT,0,no,no,direct,
T7-ELL,2024-12-21,2024-12-24,3,OMDW,Al Maktoum International Airport,4.23,2024-12-21T15:46:06.970000Z,LIRA,Ciampino–G. B. Pastine International Airport,0.77,2024-12-24T12:22:56.740000Z,adsb-lol|airplanes-live,BOTH_HAVE_IT,BOTH_HAVE_IT,2,no,yes,GAP -- aircraft unobserved for 2 day(s) between these two fields; intermediate stops are possible and are NOT ruled out,
N582MM,2024-12-22,2024-12-22,0,KTKI,McKinney National Airport,0.76,2024-12-22T19:22:28.190000Z,KELP,El Paso International Airport,1.13,2024-12-22T20:40:31.030000Z,airplanes-live,BOTH_HAVE_IT,BOTH_HAVE_IT,0,no,no,direct,
N582MM,2024-12-22,2024-12-22,0,KELP,El Paso International Airport,1.13,2024-12-22T20:42:18.140000Z,KPHX,Phoenix Sky Harbor International Airport,1.82,2024-12-22T21:53:18.600000Z,adsb-lol|airplanes-live,BOTH_HAVE_IT,BOTH_HAVE_IT,0,no,no,direct,"dest|Phoenix,AZ|2024-12-22|Charlie|10.7"
N872RA,2024-12-22,2024-12-22,0,KVNY,Van Nuys Airport,0.54,2024-12-22T18:18:22.990000Z,KSAF,Santa Fe Municipal Airport,0.05,2024-12-22T19:53:27.090000Z,adsb-lol|airplanes-live,BOTH_HAVE_IT,BOTH_HAVE_IT,0,no,no,direct,
N872RA,2024-12-22,2024-12-23,1,KSAF,Santa Fe Municipal Airport,0.75,2024-12-22T20:43:46.230000Z,KPHX,Phoenix Sky Harbor International Airport,1.74,2024-12-23T02:02:39.440000Z,adsb-lol|airplanes-live,BOTH_HAVE_IT,BOTH_HAVE_IT,0,no,yes,overnight,"dest|Phoenix,AZ|2024-12-22|Charlie|10.7"
CONTROL-LUFTHANSA,2024-12-23,2024-12-23,0,EDDM,Munich Airport,2.36,2024-12-23T20:23:14.600000Z,EPGD,Gdańsk Lech Wałęsa Airport,0.1,2024-12-23T21:41:07.810000Z,adsb-lol|airplanes-live,BOTH_HAVE_IT,BOTH_HAVE_IT,0,no,no,direct,
N582MM,2024-12-23,2024-12-24,1,KPHX,Phoenix Sky Harbor International Airport,2.11,2024-12-23T17:32:24.280000Z,KSDL,Scottsdale Airport,0.66,2024-12-24T02:47:40.850000Z,adsb-lol|airplanes-live,BOTH_HAVE_IT,BOTH_HAVE_IT,0,no,yes,overnight,"origin|Phoenix,AZ|2024-12-22|Charlie|10.6"
N872RA,2024-12-23,2024-12-23,0,KPHX,Phoenix Sky Harbor International Airport,1.91,2024-12-23T16:02:43.710000Z,KPDX,Portland International Airport,0.67,2024-12-23T19:04:26.170000Z,adsb-lol|airplanes-live,BOTH_HAVE_IT,BOTH_HAVE_IT,0,no,no,direct,"origin|Phoenix,AZ|2024-12-22|Charlie|10.7"
N872RA,2024-12-23,2024-12-23,0,KPDX,Portland International Airport,0.67,2024-12-23T19:55:34.140000Z,KSDL,Scottsdale Airport,0.71,2024-12-23T21:53:27.220000Z,adsb-lol|airplanes-live,BOTH_HAVE_IT,BOTH_HAVE_IT,0,no,no,direct,"dest|Phoenix,AZ|2024-12-22|Charlie|11.3"
N872RA,2024-12-23,2024-12-24,1,KSDL,Scottsdale Airport,0.71,2024-12-23T22:54:49Z,KRNO,Reno Tahoe International Airport,1.0,2024-12-24T02:09:49.190000Z,adsb-lol|airplanes-live,BOTH_HAVE_IT,BOTH_HAVE_IT,0,no,yes,overnight,"origin|Phoenix,AZ|2024-12-22|Charlie|11.3"
N582MM,2024-12-24,2025-01-17,24,KSDL,Scottsdale Airport,0.66,2024-12-24T03:44:36.010000Z,KIAD,Washington Dulles International Airport,1.55,2025-01-17T04:48:40.830000Z,adsb-lol|airplanes-live,BOTH_HAVE_IT,BOTH_HAVE_IT,23,no,yes,GAP -- aircraft unobserved for 23 day(s) between these two fields; intermediate stops are possible and are NOT ruled out,
N872RA,2024-12-24,2025-02-16,54,KRNO,Reno Tahoe International Airport,1.0,2024-12-24T02:10:40.240000Z,KPHX,Phoenix Sky Harbor International Airport,1.65,2025-02-16T00:31:03.780000Z,adsb-lol|airplanes-live,BOTH_HAVE_IT,BOTH_HAVE_IT,53,no,yes,GAP -- aircraft unobserved for 53 day(s) between these two fields; intermediate stops are possible and are NOT ruled out,
T7-ELL,2024-12-24,2024-12-24,0,LIRA,Ciampino–G. B. Pastine International Airport,0.77,2024-12-24T12:28:52.370000Z,LOWW,Vienna International Airport,0.75,2024-12-24T13:41:45.650000Z,adsb-lol|airplanes-live,BOTH_HAVE_IT,BOTH_HAVE_IT,0,no,no,direct,
T7-ELL,2024-12-24,2024-12-25,1,LOWW,Vienna International Airport,0.75,2024-12-24T13:46:18.940000Z,LGAV,Athens Eleftherios Venizelos International Airport,0.94,2024-12-25T11:09:50.150000Z,adsb-lol|airplanes-live,BOTH_HAVE_IT,BOTH_HAVE_IT,0,no,yes,overnight,
T7-ELL,2024-12-25,2024-12-25,0,LGAV,Athens Eleftherios Venizelos International Airport,0.94,2024-12-25T11:13:24.220000Z,OMDW,Al Maktoum International Airport,5.45,2024-12-25T16:04:36.680000Z,airplanes-live,BOTH_HAVE_IT,BOTH_HAVE_IT,0,no,no,direct,
CONTROL-LUFTHANSA,2025-01-11,2025-01-11,0,EPGD,Gdańsk Lech Wałęsa Airport,1.75,2025-01-11T06:00:37.450000Z,EDDM,Munich Airport,1.05,2025-01-11T07:09:15.860000Z,adsb-lol|airplanes-live,BOTH_HAVE_IT,BOTH_HAVE_IT,0,no,no,direct,
CONTROL-LUFTHANSA,2025-01-11,2025-01-11,0,EDDM,Munich Airport,2.14,2025-01-11T08:40:02.990000Z,ENTC,Tromsø Airport,0.64,2025-01-11T12:11:21.610000Z,adsb-lol|airplanes-live,BOTH_HAVE_IT,BOTH_HAVE_IT,0,no,no,direct,
CONTROL-LUFTHANSA,2025-01-11,2025-01-11,0,ENTC,Tromsø Airport,0.41,2025-01-11T13:39:18.740000Z,EDDM,Munich Airport,1.05,2025-01-11T16:34:44.310000Z,adsb-lol|airplanes-live,BOTH_HAVE_IT,BOTH_HAVE_IT,0,no,no,direct,
CONTROL-LUFTHANSA,2025-01-11,2025-01-11,0,EDDM,Munich Airport,1.19,2025-01-11T21:24:29.100000Z,LHBP,Budapest Liszt Ferenc International Airport,0.76,2025-01-11T22:21:43.110000Z,adsb-lol|airplanes-live,BOTH_HAVE_IT,BOTH_HAVE_IT,0,no,no,direct,
CONTROL-LUFTHANSA,2025-01-11,2025-01-12,1,LHBP,Budapest Liszt Ferenc International Airport,0.76,2025-01-11T22:24:36.280000Z,EDDM,Munich Airport,0.78,2025-01-12T08:08:23.260000Z,adsb-lol|airplanes-live,BOTH_HAVE_IT,BOTH_HAVE_IT,0,no,yes,overnight,
CONTROL-RYANAIR,2025-01-11,2025-01-12,1,LEBL,Josep Tarradellas Barcelona-El Prat Airport,0.82,2025-01-11T15:03:01.650000Z,EGHH,Bournemouth Airport,0.17,2025-01-12T22:12:16.450000Z,adsb-lol|airplanes-live,BOTH_HAVE_IT,BOTH_HAVE_IT,0,no,yes,overnight,
CONTROL-LUFTHANSA,2025-01-13,2025-01-13,0,EDDM,Munich Airport,1.16,2025-01-13T08:09:26.760000Z,EDDH,Hamburg Helmut Schmidt Airport,0.2,2025-01-13T09:07:16.890000Z,adsb-lol|airplanes-live,BOTH_HAVE_IT,BOTH_HAVE_IT,0,no,no,direct,
CONTROL-LUFTHANSA,2025-01-13,2025-01-13,0,EDDH,Hamburg Helmut Schmidt Airport,0.82,2025-01-13T10:10:43.180000Z,EDDM,Munich Airport,1.2,2025-01-13T11:10:27.350000Z,adsb-lol|airplanes-live,BOTH_HAVE_IT,BOTH_HAVE_IT,0,no,no,direct,
CONTROL-LUFTHANSA,2025-01-13,2025-01-13,0,EDDM,Munich Airport,0.78,2025-01-13T13:00:54.880000Z,EDDL,Düsseldorf Airport,0.43,2025-01-13T15:03:30.610000Z,adsb-lol|airplanes-live,BOTH_HAVE_IT,BOTH_HAVE_IT,0,no,no,direct,
CONTROL-LUFTHANSA,2025-01-13,2025-01-13,0,EDDL,Düsseldorf Airport,0.43,2025-01-13T15:03:30.610000Z,EDDM,Munich Airport,1.03,2025-01-13T15:50:39.160000Z,adsb-lol|airplanes-live,BOTH_HAVE_IT,BOTH_HAVE_IT,0,no,no,direct,
CONTROL-LUFTHANSA,2025-01-13,2025-01-13,0,EDDM,Munich Airport,1.17,2025-01-13T17:17:21.640000Z,EDDH,Hamburg Helmut Schmidt Airport,0.28,2025-01-13T18:14:25.380000Z,adsb-lol|airplanes-live,BOTH_HAVE_IT,BOTH_HAVE_IT,0,no,no,direct,
CONTROL-LUFTHANSA,2025-01-13,2025-01-13,0,EDDH,Hamburg Helmut Schmidt Airport,0.89,2025-01-13T19:13:01.060000Z,EDDM,Munich Airport,0.53,2025-01-13T20:07:19.520000Z,adsb-lol|airplanes-live,BOTH_HAVE_IT,BOTH_HAVE_IT,0,no,no,direct,
CONTROL-LUFTHANSA,2025-01-13,2025-01-13,0,EDDM,Munich Airport,0.53,2025-01-13T21:36:22.830000Z,EPKK,Kraków John Paul II International Airport,0.08,2025-01-13T22:44:31.100000Z,adsb-lol|airplanes-live,BOTH_HAVE_IT,BOTH_HAVE_IT,0,no,no,direct,
CONTROL-LUFTHANSA,2025-01-13,2025-01-16,3,EPKK,Kraków John Paul II International Airport,0.08,2025-01-13T22:45:17.520000Z,EDDM,Munich Airport,0.88,2025-01-16T07:38:32.840000Z,adsb-lol|airplanes-live,BOTH_HAVE_IT,BOTH_HAVE_IT,2,no,yes,GAP -- aircraft unobserved for 2 day(s) between these two fields; intermediate stops are possible and are NOT ruled out,
CONTROL-RYANAIR,2025-01-13,2025-01-13,0,EGHH,Bournemouth Airport,0.75,2025-01-13T06:31:39.630000Z,EPKK,Kraków John Paul II International Airport,0.85,2025-01-13T09:06:13.770000Z,adsb-lol|airplanes-live,BOTH_HAVE_IT,BOTH_HAVE_IT,0,no,no,direct,
CONTROL-RYANAIR,2025-01-13,2025-01-13,0,EPKK,Kraków John Paul II International Airport,0.85,2025-01-13T09:13:08.170000Z,EGHH,Bournemouth Airport,0.36,2025-01-13T12:14:10.810000Z,adsb-lol|airplanes-live,BOTH_HAVE_IT,BOTH_HAVE_IT,0,no,no,direct,
CONTROL-RYANAIR,2025-01-13,2025-01-16,3,EGHH,Bournemouth Airport,0.74,2025-01-13T21:57:00.600000Z,GCRR,César Manrique-Lanzarote Airport,0.43,2025-01-16T17:29:08.800000Z,adsb-lol|airplanes-live,BOTH_HAVE_IT,BOTH_HAVE_IT,2,no,yes,GAP -- aircraft unobserved for 2 day(s) between these two fields; intermediate stops are possible and are NOT ruled out,
CONTROL-LUFTHANSA,2025-01-16,2025-01-16,0,EDDM,Munich Airport,0.88,2025-01-16T07:45:21.590000Z,LEMG,Málaga-Costa del Sol Airport,0.27,2025-01-16T10:11:07.970000Z,adsb-lol|airplanes-live,BOTH_HAVE_IT,BOTH_HAVE_IT,0,no,no,direct,
CONTROL-LUFTHANSA,2025-01-16,2025-01-16,0,LEMG,Málaga-Costa del Sol Airport,1.49,2025-01-16T11:38:13.680000Z,EDDM,Munich Airport,0.86,2025-01-16T14:21:41.210000Z,adsb-lol|airplanes-live,BOTH_HAVE_IT,BOTH_HAVE_IT,0,no,no,direct,
CONTROL-LUFTHANSA,2025-01-17,2025-01-17,0,EDDM,Munich Airport,0.76,2025-01-17T15:27:36.910000Z,EDDH,Hamburg Helmut Schmidt Airport,0.1,2025-01-17T16:28:04.330000Z,adsb-lol|airplanes-live,BOTH_HAVE_IT,BOTH_HAVE_IT,0,no,no,direct,
CONTROL-LUFTHANSA,2025-01-17,2025-01-17,0,EDDH,Hamburg Helmut Schmidt Airport,0.84,2025-01-17T17:35:22.770000Z,EDDM,Munich Airport,1.01,2025-01-17T18:36:37.800000Z,adsb-lol|airplanes-live,BOTH_HAVE_IT,BOTH_HAVE_IT,0,no,no,direct,
CONTROL-LUFTHANSA,2025-01-17,2025-01-17,0,EDDM,Munich Airport,1.24,2025-01-17T21:13:58.420000Z,EHAM,Amsterdam Airport Schiphol,2.03,2025-01-17T22:30:47.520000Z,adsb-lol|airplanes-live,BOTH_HAVE_IT,BOTH_HAVE_IT,0,no,no,direct,
CONTROL-RYANAIR,2025-01-17,2025-01-17,0,GCRR,César Manrique-Lanzarote Airport,0.4,2025-01-17T07:19:49.140000Z,LEBL,Josep Tarradellas Barcelona-El Prat Airport,1.42,2025-01-17T10:12:18.670000Z,adsb-lol|airplanes-live,BOTH_HAVE_IT,BOTH_HAVE_IT,0,no,no,direct,
CONTROL-RYANAIR,2025-01-17,2025-01-17,0,LEBL,Josep Tarradellas Barcelona-El Prat Airport,0.21,2025-01-17T11:23:45.620000Z,GCRR,César Manrique-Lanzarote Airport,0.6,2025-01-17T14:00:47.620000Z,adsb-lol|airplanes-live,BOTH_HAVE_IT,BOTH_HAVE_IT,0,no,no,direct,
N582MM,2025-01-17,2025-01-17,0,KIAD,Washington Dulles International Airport,0.34,2025-01-17T14:27:12.810000Z,KTEX,Telluride Regional Airport,0.48,2025-01-17T18:21:10.810000Z,adsb-lol|airplanes-live,BOTH_HAVE_IT,BOTH_HAVE_IT,0,no,no,direct,
N582MM,2025-01-17,2025-01-17,0,KTEX,Telluride Regional Airport,0.48,2025-01-17T18:21:16.270000Z,KDFW,Dallas Fort Worth International Airport,1.43,2025-01-17T21:11:30.370000Z,adsb-lol|airplanes-live,BOTH_HAVE_IT,BOTH_HAVE_IT,0,no,no,direct,
N582MM,2025-01-17,2025-01-18,1,KDFW,Dallas Fort Worth International Airport,1.43,2025-01-17T21:45:35.860000Z,KPHX,Phoenix Sky Harbor International Airport,1.72,2025-01-18T00:18:28.330000Z,adsb-lol|airplanes-live,BOTH_HAVE_IT,BOTH_HAVE_IT,0,no,yes,overnight,
CONTROL-LUFTHANSA,2025-01-18,2025-01-18,0,EHAM,Amsterdam Airport Schiphol,0.62,2025-01-18T08:32:49.870000Z,EDDM,Munich Airport,0.86,2025-01-18T09:34:00.460000Z,adsb-lol|airplanes-live,BOTH_HAVE_IT,BOTH_HAVE_IT,0,no,no,direct,
CONTROL-RYANAIR,2025-01-18,2025-01-18,0,GCRR,César Manrique-Lanzarote Airport,1.01,2025-01-18T14:30:02.920000Z,EDDB,Berlin Brandenburg Airport,0.47,2025-01-18T19:12:16.370000Z,adsb-lol|airplanes-live,BOTH_HAVE_IT,BOTH_HAVE_IT,0,no,no,direct,
CONTROL-RYANAIR,2025-01-18,2025-02-07,20,EDDB,Berlin Brandenburg Airport,0.47,2025-01-18T19:21:13.160000Z,EGGP,Liverpool John Lennon Airport,0.66,2025-02-07T07:21:09Z,adsb-lol|airplanes-live,BOTH_HAVE_IT,BOTH_HAVE_IT,19,no,yes,GAP -- aircraft unobserved for 19 day(s) between these two fields; intermediate stops are possible and are NOT ruled out,
N102DZ,2025-01-19,2025-01-19,0,KLUK,Cincinnati Municipal Airport Lunken Field,0.6,2025-01-19T19:11:31.830000Z,KPDK,DeKalb Peachtree Airport,0.58,2025-01-19T20:52:54.710000Z,adsb-lol|airplanes-live,BOTH_HAVE_IT,BOTH_HAVE_IT,0,no,no,direct,
N102DZ,2025-01-21,2025-01-21,0,KPDK,DeKalb Peachtree Airport,0.81,2025-01-21T18:11:50.500000Z,KLUK,Cincinnati Municipal Airport Lunken Field,0.74,2025-01-21T19:13:28.970000Z,adsb-lol|airplanes-live,BOTH_HAVE_IT,BOTH_HAVE_IT,0,no,no,direct,
N102DZ,2025-01-21,2025-01-21,0,KLUK,Cincinnati Municipal Airport Lunken Field,0.74,2025-01-21T19:35:59.910000Z,KTEB,Teterboro Airport,0.99,2025-01-21T22:53:29.220000Z,adsb-lol|airplanes-live,BOTH_HAVE_IT,BOTH_HAVE_IT,0,no,no,direct,
N102DZ,2025-01-21,2025-02-17,27,KTEB,Teterboro Airport,0.99,2025-01-21T23:25:49.010000Z,KVNY,Van Nuys Airport,0.41,2025-02-17T00:49:33.250000Z,adsb-lol|airplanes-live,BOTH_HAVE_IT,BOTH_HAVE_IT,26,no,yes,GAP -- aircraft unobserved for 26 day(s) between these two fields; intermediate stops are possible and are NOT ruled out,
N560TW,2025-01-21,2025-01-21,0,KSDL,Scottsdale Airport,0.35,2025-01-21T16:03:32.620000Z,KABQ,Albuquerque International Sunport,0.87,2025-01-21T16:57:40.080000Z,adsb-lol|airplanes-live,BOTH_HAVE_IT,BOTH_HAVE_IT,0,no,no,direct,
N560TW,2025-01-21,2025-01-21,0,KABQ,Albuquerque International Sunport,0.87,2025-01-21T18:08:51.340000Z,KLAS,Harry Reid International Airport,1.32,2025-01-21T19:30:19.540000Z,adsb-lol|airplanes-live,BOTH_HAVE_IT,BOTH_HAVE_IT,0,no,no,direct,
N560TW,2025-01-21,2025-01-21,0,KLAS,Harry Reid International Airport,1.32,2025-01-21T19:32:08.930000Z,KSDL,Scottsdale Airport,0.14,2025-01-21T20:54:54.580000Z,adsb-lol|airplanes-live,BOTH_HAVE_IT,BOTH_HAVE_IT,0,no,no,direct,
N582MM,2025-01-22,2025-01-22,0,KPHX,Phoenix Sky Harbor International Airport,2.01,2025-01-22T12:14:48.140000Z,KSDL,Scottsdale Airport,0.07,2025-01-22T18:00:35.130000Z,adsb-lol|airplanes-live,BOTH_HAVE_IT,BOTH_HAVE_IT,0,no,no,direct,
N582MM,2025-01-22,2025-02-01,10,KSDL,Scottsdale Airport,0.07,2025-01-22T18:42:40.210000Z,KLAS,Harry Reid International Airport,1.68,2025-02-01T00:00:08.020000Z,adsb-lol|adsbexchange-samples|airplanes-live,BOTH_HAVE_IT,HELD_BY_ADSBEXCHANGE-SAMPLES,9,yes,yes,GAP -- aircraft unobserved for 9 day(s) between these two fields; intermediate stops are possible and are NOT ruled out,
SU-BTU,2025-01-24,2025-04-08,74,KILG,Wilmington Airport,0.71,2025-01-24T12:58:53.050000Z,KPVU,Provo Municipal Airport,0.95,2025-04-08T18:32:24.640000Z,adsb-lol|airplanes-live,BOTH_HAVE_IT,BOTH_HAVE_IT,73,no,yes,GAP -- aircraft unobserved for 73 day(s) between these two fields; intermediate stops are possible and are NOT ruled out,
N582MM,2025-02-01,2025-02-18,17,KLAS,Harry Reid International Airport,1.68,2025-02-01T02:21:23.890000Z,KVNY,Van Nuys Airport,0.81,2025-02-18T00:15:41.370000Z,adsb-lol|adsbexchange-samples|airplanes-live,HELD_BY_ADSBEXCHANGE-SAMPLES,BOTH_HAVE_IT,16,yes,yes,GAP -- aircraft unobserved for 16 day(s) between these two fields; intermediate stops are possible and are NOT ruled out,
CONTROL-LUFTHANSA,2025-02-07,2025-02-07,0,EDDM,Munich Airport,0.66,2025-02-07T07:43:46.030000Z,EDDL,Düsseldorf Airport,0.46,2025-02-07T08:37:24.450000Z,adsb-lol|airplanes-live,BOTH_HAVE_IT,BOTH_HAVE_IT,0,no,no,direct,
CONTROL-LUFTHANSA,2025-02-07,2025-02-07,0,EDDL,Düsseldorf Airport,0.46,2025-02-07T09:24:53.330000Z,EDDM,Munich Airport,0.98,2025-02-07T10:13:08.840000Z,adsb-lol|airplanes-live,BOTH_HAVE_IT,BOTH_HAVE_IT,0,no,no,direct,
CONTROL-LUFTHANSA,2025-02-07,2025-02-07,0,EDDM,Munich Airport,0.69,2025-02-07T11:36:13.840000Z,EDDB,Berlin Brandenburg Airport,0.52,2025-02-07T12:22:00.710000Z,adsb-lol|airplanes-live,BOTH_HAVE_IT,BOTH_HAVE_IT,0,no,no,direct,
CONTROL-LUFTHANSA,2025-02-07,2025-02-07,0,EDDB,Berlin Brandenburg Airport,0.47,2025-02-07T13:40:24.020000Z,EDDM,Munich Airport,0.79,2025-02-07T14:32:33.760000Z,adsb-lol|airplanes-live,BOTH_HAVE_IT,BOTH_HAVE_IT,0,no,no,direct,
CONTROL-LUFTHANSA,2025-02-07,2025-02-07,0,EDDM,Munich Airport,0.83,2025-02-07T16:17:18.970000Z,EDDH,Hamburg Helmut Schmidt Airport,0.85,2025-02-07T17:15:09.480000Z,adsb-lol|airplanes-live,BOTH_HAVE_IT,BOTH_HAVE_IT,0,no,no,direct,
CONTROL-LUFTHANSA,2025-02-07,2025-02-07,0,EDDH,Hamburg Helmut Schmidt Airport,0.57,2025-02-07T18:25:21.260000Z,EDDM,Munich Airport,1.01,2025-02-07T19:23:40.340000Z,adsb-lol|airplanes-live,BOTH_HAVE_IT,BOTH_HAVE_IT,0,no,no,direct,
CONTROL-RYANAIR,2025-02-07,2025-02-07,0,EGGP,Liverpool John Lennon Airport,0.72,2025-02-07T16:31:24.290000Z,EPKK,Kraków John Paul II International Airport,0.55,2025-02-07T18:44:46.350000Z,adsb-lol|airplanes-live,BOTH_HAVE_IT,BOTH_HAVE_IT,0,no,no,direct,
CONTROL-RYANAIR,2025-02-07,2025-02-07,0,EPKK,Kraków John Paul II International Airport,1.13,2025-02-07T19:34:53.030000Z,EGGP,Liverpool John Lennon Airport,0.05,2025-02-07T21:51:31.330000Z,adsb-lol|airplanes-live,BOTH_HAVE_IT,BOTH_HAVE_IT,0,no,no,direct,
CONTROL-LUFTHANSA,2025-02-08,2025-02-08,0,EDDM,Munich Airport,2.77,2025-02-08T20:10:10.300000Z,LEBL,Josep Tarradellas Barcelona-El Prat Airport,0.47,2025-02-08T21:55:06.720000Z,adsb-lol|airplanes-live,BOTH_HAVE_IT,BOTH_HAVE_IT,0,no,no,direct,
CONTROL-RYANAIR,2025-02-08,2025-02-08,0,EGGP,Liverpool John Lennon Airport,0.46,2025-02-08T06:19:14.230000Z,LMML,Malta International Airport,0.2,2025-02-08T09:25:17.720000Z,adsb-lol|airplanes-live,BOTH_HAVE_IT,BOTH_HAVE_IT,0,no,no,direct,
CONTROL-RYANAIR,2025-02-08,2025-02-08,0,LMML,Malta International Airport,0.08,2025-02-08T10:15:23.730000Z,EGGP,Liverpool John Lennon Airport,0.06,2025-02-08T13:31:54.450000Z,adsb-lol|airplanes-live,BOTH_HAVE_IT,BOTH_HAVE_IT,0,no,no,direct,
CONTROL-RYANAIR,2025-02-08,2025-02-08,0,EGGP,Liverpool John Lennon Airport,0.72,2025-02-08T14:30:08.150000Z,LEMG,Málaga-Costa del Sol Airport,0.85,2025-02-08T17:58:31.810000Z,adsb-lol|airplanes-live,BOTH_HAVE_IT,BOTH_HAVE_IT,0,no,no,direct,
CONTROL-RYANAIR,2025-02-08,2025-02-08,0,LEMG,Málaga-Costa del Sol Airport,0.85,2025-02-08T18:03:37.640000Z,EGGP,Liverpool John Lennon Airport,0.14,2025-02-08T20:41:13.430000Z,adsb-lol|airplanes-live,BOTH_HAVE_IT,BOTH_HAVE_IT,0,no,no,direct,
CONTROL-LUFTHANSA,2025-02-09,2025-02-09,0,LEBL,Josep Tarradellas Barcelona-El Prat Airport,2.0,2025-02-09T06:57:10.170000Z,EDDM,Munich Airport,0.91,2025-02-09T08:41:20.290000Z,adsb-lol|airplanes-live,BOTH_HAVE_IT,BOTH_HAVE_IT,0,no,no,direct,
CONTROL-RYANAIR,2025-02-09,2025-02-09,0,EGGP,Liverpool John Lennon Airport,0.41,2025-02-09T17:59:32.720000Z,LEMG,Málaga-Costa del Sol Airport,0.06,2025-02-09T20:29:43.250000Z,adsb-lol|airplanes-live,BOTH_HAVE_IT,BOTH_HAVE_IT,0,no,no,direct,
CONTROL-RYANAIR,2025-02-09,2025-02-09,0,LEMG,Málaga-Costa del Sol Airport,0.42,2025-02-09T21:21:10.040000Z,EGGP,Liverpool John Lennon Airport,0.2,2025-02-09T23:54:25.470000Z,adsb-lol|airplanes-live,BOTH_HAVE_IT,BOTH_HAVE_IT,0,no,no,direct,
CONTROL-RYANAIR,2025-02-09,2025-02-16,7,EGGP,Liverpool John Lennon Airport,0.2,2025-02-09T23:59:19.990000Z,EIDW,Dublin Airport,0.76,2025-02-16T00:04:26.380000Z,adsb-lol|airplanes-live,BOTH_HAVE_IT,BOTH_HAVE_IT,6,no,yes,GAP -- aircraft unobserved for 6 day(s) between these two fields; intermediate stops are possible and are NOT ruled out,
CONTROL-LUFTHANSA,2025-02-16,2025-02-16,0,EDDM,Munich Airport,1.5,2025-02-16T16:29:47.350000Z,EDDH,Hamburg Helmut Schmidt Airport,0.83,2025-02-16T17:29:01.910000Z,adsb-lol|airplanes-live,BOTH_HAVE_IT,BOTH_HAVE_IT,0,no,no,direct,
CONTROL-LUFTHANSA,2025-02-16,2025-02-16,0,EDDH,Hamburg Helmut Schmidt Airport,0.88,2025-02-16T18:36:55.090000Z,EDDM,Munich Airport,1.09,2025-02-16T19:34:58.750000Z,adsb-lol|airplanes-live,BOTH_HAVE_IT,BOTH_HAVE_IT,0,no,no,direct,
CONTROL-LUFTHANSA,2025-02-16,2025-02-16,0,EDDM,Munich Airport,0.87,2025-02-16T21:12:09.910000Z,EDDW,Bremen Airport,0.6,2025-02-16T22:12:37.650000Z,adsb-lol|airplanes-live,BOTH_HAVE_IT,BOTH_HAVE_IT,0,no,no,direct,
CONTROL-LUFTHANSA,2025-02-16,2025-02-26,10,EDDW,Bremen Airport,0.6,2025-02-16T22:12:37.650000Z,EDDM,Munich Airport,0.82,2025-02-26T06:34:44.280000Z,adsb-lol|airplanes-live,BOTH_HAVE_IT,BOTH_HAVE_IT,9,no,yes,GAP -- aircraft unobserved for 9 day(s) between these two fields; intermediate stops are possible and are NOT ruled out,
CONTROL-RYANAIR,2025-02-16,2025-03-11,23,EIDW,Dublin Airport,0.83,2025-02-16T22:10:01.200000Z,GCRR,César Manrique-Lanzarote Airport,0.94,2025-03-11T07:12:24.810000Z,adsb-lol|airplanes-live,BOTH_HAVE_IT,BOTH_HAVE_IT,22,no,yes,GAP -- aircraft unobserved for 22 day(s) between these two fields; intermediate stops are possible and are NOT ruled out,
N872RA,2025-02-16,2025-02-17,1,KPHX,Phoenix Sky Harbor International Airport,1.65,2025-02-16T01:20:40.630000Z,KSNA,John Wayne Orange County International Airport,0.13,2025-02-17T16:24:12.500000Z,adsb-lol|airplanes-live,BOTH_HAVE_IT,BOTH_HAVE_IT,0,no,yes,overnight,
N102DZ,2025-02-17,2025-02-18,1,KVNY,Van Nuys Airport,1.1,2025-02-17T18:26:14.550000Z,KIAD,Washington Dulles International Airport,1.79,2025-02-18T04:08:14.270000Z,adsb-lol|airplanes-live,BOTH_HAVE_IT,BOTH_HAVE_IT,0,no,yes,overnight,
N872RA,2025-02-17,2025-02-17,0,KSNA,John Wayne Orange County International Airport,0.13,2025-02-17T16:24:42.960000Z,KSAT,San Antonio International Airport,0.49,2025-02-17T18:50:45.910000Z,adsb-lol|airplanes-live,BOTH_HAVE_IT,BOTH_HAVE_IT,0,no,no,direct,
N872RA,2025-02-17,2025-02-18,1,KSAT,San Antonio International Airport,1.26,2025-02-17T20:03:22.040000Z,KSAN,San Diego International Airport,0.3,2025-02-18T01:29:12.180000Z,adsb-lol|airplanes-live,BOTH_HAVE_IT,BOTH_HAVE_IT,0,no,yes,overnight,
N102DZ,2025-02-18,2025-02-18,0,KIAD,Washington Dulles International Airport,1.79,2025-02-18T06:27:43.310000Z,KTEB,Teterboro Airport,1.08,2025-02-18T18:52:17.100000Z,adsb-lol|airplanes-live,BOTH_HAVE_IT,BOTH_HAVE_IT,0,no,no,direct,
N102DZ,2025-02-18,2025-02-18,0,KTEB,Teterboro Airport,1.08,2025-02-18T20:07:40.580000Z,KIAD,Washington Dulles International Airport,1.86,2025-02-18T21:04:37.770000Z,adsb-lol|airplanes-live,BOTH_HAVE_IT,BOTH_HAVE_IT,0,no,no,direct,
N560TW,2025-02-18,2025-02-18,0,KSDL,Scottsdale Airport,0.32,2025-02-18T20:23:27.180000Z,KAPA,Centennial Airport,0.68,2025-02-18T21:47:40.490000Z,adsb-lol|airplanes-live,BOTH_HAVE_IT,BOTH_HAVE_IT,0,no,no,direct,"origin|Phoenix,AZ|2025-02-18|Charlie|10.7"
N560TW,2025-02-18,2025-02-19,1,KAPA,Centennial Airport,0.68,2025-02-18T22:33:41.870000Z,KSDL,Scottsdale Airport,0.3,2025-02-19T17:12:22.660000Z,adsb-lol|airplanes-live,BOTH_HAVE_IT,BOTH_HAVE_IT,0,no,yes,overnight,"dest|Phoenix,AZ|2025-02-18|Charlie|10.7"
N582MM,2025-02-18,2025-02-18,0,KVNY,Van Nuys Airport,0.81,2025-02-18T00:18:34.550000Z,KSAN,San Diego International Airport,0.35,2025-02-18T01:14:02.030000Z,adsb-lol|airplanes-live,BOTH_HAVE_IT,BOTH_HAVE_IT,0,no,no,direct,
N582MM,2025-02-18,2025-02-18,0,KSAN,San Diego International Airport,1.09,2025-02-18T20:11:04.150000Z,KSLC,Salt Lake City International Airport,2.14,2025-02-18T21:49:13.470000Z,adsb-lol|airplanes-live,BOTH_HAVE_IT,BOTH_HAVE_IT,0,no,no,direct,
N582MM,2025-02-18,2025-02-19,1,KSLC,Salt Lake City International Airport,2.14,2025-02-18T22:26:06.560000Z,KPHX,Phoenix Sky Harbor International Airport,1.71,2025-02-19T04:26:16.580000Z,adsb-lol|airplanes-live,BOTH_HAVE_IT,BOTH_HAVE_IT,0,no,yes,overnight,"dest|Phoenix,AZ|2025-02-18|Charlie|10.7"
N872RA,2025-02-18,2025-02-19,1,KSAN,San Diego International Airport,1.33,2025-02-18T17:08:32.660000Z,KBJC,Rocky Mountain Metropolitan Airport,0.47,2025-02-19T00:14:09.010000Z,adsb-lol|airplanes-live,BOTH_HAVE_IT,BOTH_HAVE_IT,0,no,yes,overnight,
N102DZ,2025-02-19,2025-02-19,0,KIAD,Washington Dulles International Airport,1.67,2025-02-19T14:04:42.720000Z,KTEB,Teterboro Airport,0.91,2025-02-19T14:52:21.930000Z,adsb-lol|airplanes-live,BOTH_HAVE_IT,BOTH_HAVE_IT,0,no,no,direct,
N102DZ,2025-02-19,2025-02-21,2,KTEB,Teterboro Airport,1.09,2025-02-19T18:02:08.010000Z,KBDL,Bradley International Airport,0.55,2025-02-21T23:16:11.800000Z,adsb-lol|airplanes-live,BOTH_HAVE_IT,BOTH_HAVE_IT,1,no,yes,GAP -- aircraft unobserved for 1 day(s) between these two fields; intermediate stops are possible and are NOT ruled out,
N582MM,2025-02-19,2025-02-20,1,KPHX,Phoenix Sky Harbor International Airport,1.46,2025-02-19T23:56:24.340000Z,KSDL,Scottsdale Airport,0.72,2025-02-20T00:13:28.190000Z,adsb-lol|airplanes-live,BOTH_HAVE_IT,BOTH_HAVE_IT,0,no,yes,overnight,"origin|Phoenix,AZ|2025-02-19|Charlie|10.8"
N872RA,2025-02-19,2025-02-21,2,KBJC,Rocky Mountain Metropolitan Airport,0.5,2025-02-19T17:39:33.480000Z,KVNY,Van Nuys Airport,0.63,2025-02-21T20:50:50.080000Z,adsb-lol|airplanes-live,BOTH_HAVE_IT,BOTH_HAVE_IT,1,no,yes,GAP -- aircraft unobserved for 1 day(s) between these two fields; intermediate stops are possible and are NOT ruled out,
N582MM,2025-02-20,2025-02-20,0,KSDL,Scottsdale Airport,0.72,2025-02-20T01:30:24.960000Z,KTPA,Tampa International Airport,1.28,2025-02-20T04:51:25.120000Z,adsb-lol|airplanes-live,BOTH_HAVE_IT,BOTH_HAVE_IT,0,no,no,direct,"dest|Tampa,FL|2025-02-20|Charlie|3.2"
N582MM,2025-02-20,2025-02-21,1,KTPA,Tampa International Airport,1.24,2025-02-20T22:45:03.240000Z,KLAL,Lakeland Linder International Airport,0.78,2025-02-21T02:55:45.260000Z,adsb-lol|airplanes-live,BOTH_HAVE_IT,BOTH_HAVE_IT,0,no,yes,overnight,"origin|Tampa,FL|2025-02-20|Charlie|3.0"
N102DZ,2025-02-21,2025-02-26,5,KBDL,Bradley International Airport,0.55,2025-02-21T23:16:24.290000Z,KVNY,Van Nuys Airport,0.99,2025-02-26T18:05:45.460000Z,adsb-lol|airplanes-live,BOTH_HAVE_IT,BOTH_HAVE_IT,4,no,yes,GAP -- aircraft unobserved for 4 day(s) between these two fields; intermediate stops are possible and are NOT ruled out,
N582MM,2025-02-21,2025-02-21,0,KLAL,Lakeland Linder International Airport,0.78,2025-02-21T02:55:48.400000Z,KSDL,Scottsdale Airport,0.75,2025-02-21T07:36:36.060000Z,adsb-lol|airplanes-live,BOTH_HAVE_IT,BOTH_HAVE_IT,0,no,no,direct,"origin|Tampa,FL|2025-02-20|Charlie|28.5"
N582MM,2025-02-21,2025-02-25,4,KSDL,Scottsdale Airport,0.58,2025-02-21T14:27:14.250000Z,KPHX,Phoenix Sky Harbor International Airport,1.98,2025-02-25T21:14:20.780000Z,adsb-lol|airplanes-live,BOTH_HAVE_IT,BOTH_HAVE_IT,3,no,yes,GAP -- aircraft unobserved for 3 day(s) between these two fields; intermediate stops are possible and are NOT ruled out,
N872RA,2025-02-21,2025-02-27,6,KVNY,Van Nuys Airport,1.23,2025-02-21T23:29:36.400000Z,KLVK,Livermore Municipal Airport,0.19,2025-02-27T21:16:03.860000Z,airplanes-live,BOTH_HAVE_IT,BOTH_HAVE_IT,5,no,yes,GAP -- aircraft unobserved for 5 day(s) between these two fields; intermediate stops are possible and are NOT ruled out,
N582MM,2025-02-25,2025-02-26,1,KPHX,Phoenix Sky Harbor International Airport,1.98,2025-02-25T22:03:11.960000Z,KSDL,Scottsdale Airport,0.71,2025-02-26T10:00:32.960000Z,adsb-lol|airplanes-live,BOTH_HAVE_IT,BOTH_HAVE_IT,0,no,yes,overnight,
CONTROL-LUFTHANSA,2025-02-26,2025-02-26,0,EDDM,Munich Airport,0.82,2025-02-26T06:40:00.060000Z,EDDB,Berlin Brandenburg Airport,0.59,2025-02-26T13:42:37.320000Z,adsb-lol|airplanes-live,BOTH_HAVE_IT,BOTH_HAVE_IT,0,no,no,direct,
CONTROL-LUFTHANSA,2025-02-26,2025-02-26,0,EDDB,Berlin Brandenburg Airport,0.78,2025-02-26T14:44:08.850000Z,EDDM,Munich Airport,1.48,2025-02-26T16:58:16.540000Z,adsb-lol|airplanes-live,BOTH_HAVE_IT,BOTH_HAVE_IT,0,no,no,direct,
N560TW,2025-02-26,2025-02-26,0,KSDL,Scottsdale Airport,0.96,2025-02-26T15:38:56.570000Z,KAPA,Centennial Airport,0.38,2025-02-26T16:53:29.710000Z,adsb-lol|airplanes-live,BOTH_HAVE_IT,BOTH_HAVE_IT,0,no,no,direct,
N560TW,2025-02-26,2025-02-27,1,KAPA,Centennial Airport,1.47,2025-02-26T22:09:05.140000Z,KSDL,Scottsdale Airport,0.19,2025-02-27T21:45:33.880000Z,adsb-lol|airplanes-live,BOTH_HAVE_IT,BOTH_HAVE_IT,0,no,yes,overnight,
N582MM,2025-02-26,2025-02-26,0,KSDL,Scottsdale Airport,0.71,2025-02-26T11:45:31.260000Z,KTEB,Teterboro Airport,0.5,2025-02-26T15:36:01.160000Z,adsb-lol|airplanes-live,BOTH_HAVE_IT,BOTH_HAVE_IT,0,no,no,direct,
N102DZ,2025-02-27,2025-02-28,1,KVNY,Van Nuys Airport,0.82,2025-02-27T21:20:43.140000Z,PHNL,Daniel K. Inouye International Airport,0.96,2025-02-28T02:57:15.240000Z,adsb-lol|airplanes-live,BOTH_HAVE_IT,BOTH_HAVE_IT,0,no,yes,overnight,
N582MM,2025-02-27,2025-03-01,2,KTEB,Teterboro Airport,0.83,2025-02-27T00:58:33.490000Z,KSDL,Scottsdale Airport,0.11,2025-03-01T01:01:58.470000Z,adsb-lol|adsbexchange-samples|airplanes-live,BOTH_HAVE_IT,BOTH_HAVE_IT,1,no,yes,GAP -- aircraft unobserved for 1 day(s) between these two fields; intermediate stops are possible and are NOT ruled out,
N872RA,2025-02-27,2025-02-28,1,KLVK,Livermore Municipal Airport,0.32,2025-02-27T22:18:26.940000Z,KBIL,Billings Logan International Airport,1.15,2025-02-28T00:16:17.650000Z,airplanes-live,BOTH_HAVE_IT,BOTH_HAVE_IT,0,no,yes,overnight,
N872RA,2025-02-28,2025-03-01,1,KBIL,Billings Logan International Airport,1.38,2025-02-28T22:08:51.540000Z,KGYR,Phoenix Goodyear Airport,1.0,2025-03-01T00:07:53.560000Z,adsb-lol|adsbexchange-samples|airplanes-live,BOTH_HAVE_IT,BOTH_HAVE_IT,0,no,yes,overnight,
N560TW,2025-03-01,2025-03-01,0,KSDL,Scottsdale Airport,0.8,2025-03-01T15:11:00.660000Z,KVNY,Van Nuys Airport,0.26,2025-03-01T16:19:50.230000Z,adsb-lol|adsbexchange-samples|airplanes-live,BOTH_HAVE_IT,BOTH_HAVE_IT,0,no,no,direct,
N560TW,2025-03-01,2025-03-01,0,KVNY,Van Nuys Airport,0.26,2025-03-01T16:44:41.880000Z,KSDL,Scottsdale Airport,0.12,2025-03-01T17:50:43.670000Z,adsb-lol|adsbexchange-samples|airplanes-live,BOTH_HAVE_IT,BOTH_HAVE_IT,0,no,no,direct,
N872RA,2025-03-01,2025-03-01,0,KGYR,Phoenix Goodyear Airport,1.0,2025-03-01T00:52:48.360000Z,KSJC,Mineta San Jose International Airport,0.37,2025-03-01T02:22:54.210000Z,adsb-lol|adsbexchange-samples|airplanes-live,BOTH_HAVE_IT,BOTH_HAVE_IT,0,no,no,direct,
N872RA,2025-03-01,2025-03-01,0,KSJC,Mineta San Jose International Airport,0.2,2025-03-01T05:09:21.850000Z,KSLC,Salt Lake City International Airport,1.79,2025-03-01T06:44:39.240000Z,adsb-lol|adsbexchange-samples|airplanes-live,BOTH_HAVE_IT,BOTH_HAVE_IT,0,no,no,direct,
N582MM,2025-03-02,2025-03-02,0,KSDL,Scottsdale Airport,0.66,2025-03-02T20:18:24.430000Z,KUDD,Bermuda Dunes Airport,0.5,2025-03-02T21:04:22.410000Z,adsb-lol|airplanes-live,BOTH_HAVE_IT,BOTH_HAVE_IT,0,no,no,direct,
N582MM,2025-03-02,2025-03-02,0,KUDD,Bermuda Dunes Airport,0.5,2025-03-02T21:38:14.840000Z,KSDL,Scottsdale Airport,0.28,2025-03-02T22:24:05.500000Z,adsb-lol|airplanes-live,BOTH_HAVE_IT,BOTH_HAVE_IT,0,no,no,direct,
N872RA,2025-03-02,2025-03-02,0,KSLC,Salt Lake City International Airport,1.91,2025-03-02T15:01:50.960000Z,KUDD,Bermuda Dunes Airport,0.46,2025-03-02T18:07:41.550000Z,adsb-lol|airplanes-live,BOTH_HAVE_IT,BOTH_HAVE_IT,0,no,no,direct,
N872RA,2025-03-02,2025-03-02,0,KUDD,Bermuda Dunes Airport,0.46,2025-03-02T18:39:51.150000Z,KOAK,Oakland San Francisco Bay Airport,1.14,2025-03-02T19:53:09.700000Z,adsb-lol|airplanes-live,BOTH_HAVE_IT,BOTH_HAVE_IT,0,no,no,direct,
N872RA,2025-03-02,2025-03-02,0,KOAK,Oakland San Francisco Bay Airport,0.79,2025-03-02T21:59:47.480000Z,KSDL,Scottsdale Airport,0.21,2025-03-02T23:31:28.530000Z,adsb-lol|airplanes-live,BOTH_HAVE_IT,BOTH_HAVE_IT,0,no,no,direct,
N582MM,2025-03-03,2025-03-03,0,KSDL,Scottsdale Airport,0.54,2025-03-03T17:24:47.570000Z,KHHR,Jack Northrop Field Hawthorne Municipal Airport,0.29,2025-03-03T18:28:44.280000Z,adsb-lol|airplanes-live,BOTH_HAVE_IT,BOTH_HAVE_IT,0,no,no,direct,"dest|Los Angeles,CA|2025-03-03|Charlie|7.9"
N872RA,2025-03-03,2025-03-03,0,KSDL,Scottsdale Airport,0.98,2025-03-03T00:22:58.660000Z,KVNY,Van Nuys Airport,0.33,2025-03-03T16:57:57.590000Z,adsb-lol|airplanes-live,BOTH_HAVE_IT,BOTH_HAVE_IT,0,no,no,direct,"dest|Los Angeles,CA|2025-03-03|Charlie|13.8"
N872RA,2025-03-03,2025-03-05,2,KVNY,Van Nuys Airport,1.24,2025-03-03T18:42:15.020000Z,KSFO,San Francisco International Airport,0.63,2025-03-05T17:39:39.880000Z,adsb-lol|airplanes-live,BOTH_HAVE_IT,BOTH_HAVE_IT,1,no,yes,GAP -- aircraft unobserved for 1 day(s) between these two fields; intermediate stops are possible and are NOT ruled out,"origin|Los Angeles,CA|2025-03-03|Charlie|13.2"
N582MM,2025-03-04,2025-03-04,0,KHHR,Jack Northrop Field Hawthorne Municipal Airport,0.35,2025-03-04T01:00:42.590000Z,KSDL,Scottsdale Airport,0.26,2025-03-04T01:57:20.410000Z,adsb-lol|airplanes-live,BOTH_HAVE_IT,BOTH_HAVE_IT,0,no,no,direct,"origin|Los Angeles,CA|2025-03-03|Charlie|8.1"
N582MM,2025-03-04,2025-03-04,0,KSDL,Scottsdale Airport,0.18,2025-03-04T15:00:30.540000Z,KOAK,Oakland San Francisco Bay Airport,1.04,2025-03-04T16:41:51.930000Z,adsb-lol|airplanes-live,BOTH_HAVE_IT,BOTH_HAVE_IT,0,no,no,direct,
N582MM,2025-03-04,2025-03-04,0,KOAK,Oakland San Francisco Bay Airport,1.33,2025-03-04T20:37:03.880000Z,KPHX,Phoenix Sky Harbor International Airport,1.63,2025-03-04T22:08:03.740000Z,adsb-lol|airplanes-live,BOTH_HAVE_IT,BOTH_HAVE_IT,0,no,no,direct,
N582MM,2025-03-05,2025-03-12,7,KPHX,Phoenix Sky Harbor International Airport,1.98,2025-03-05T23:12:38.320000Z,KCLT,Charlotte Douglas International Airport,1.22,2025-03-12T20:32:03.430000Z,adsb-lol|airplanes-live,BOTH_HAVE_IT,BOTH_HAVE_IT,6,no,yes,GAP -- aircraft unobserved for 6 day(s) between these two fields; intermediate stops are possible and are NOT ruled out,
N872RA,2025-03-05,2025-03-05,0,KSFO,San Francisco International Airport,0.39,2025-03-05T18:38:42.900000Z,KPDX,Portland International Airport,1.52,2025-03-05T23:11:52.240000Z,adsb-lol|airplanes-live,BOTH_HAVE_IT,BOTH_HAVE_IT,0,no,no,direct,
N872RA,2025-03-05,2025-03-15,10,KPDX,Portland International Airport,1.52,2025-03-05T23:14:07.850000Z,KPHX,Phoenix Sky Harbor International Airport,1.76,2025-03-15T03:37:28.180000Z,adsb-lol|airplanes-live,BOTH_HAVE_IT,BOTH_HAVE_IT,9,no,yes,GAP -- aircraft unobserved for 9 day(s) between these two fields; intermediate stops are possible and are NOT ruled out,
N888KG,2025-03-05,2025-03-14,9,KPVU,Provo Municipal Airport,0.27,2025-03-05T04:45:19.970000Z,KTUS,Tucson International Airport,0.53,2025-03-14T16:37:26.250000Z,adsb-lol|airplanes-live,BOTH_HAVE_IT,BOTH_HAVE_IT,8,no,yes,GAP -- aircraft unobserved for 8 day(s) between these two fields; intermediate stops are possible and are NOT ruled out,
CONTROL-LUFTHANSA,2025-03-11,2025-03-11,0,EDDM,Munich Airport,1.49,2025-03-11T09:09:02.140000Z,EDDL,Düsseldorf Airport,0.93,2025-03-11T10:54:24.470000Z,adsb-lol|airplanes-live,BOTH_HAVE_IT,BOTH_HAVE_IT,0,no,no,direct,
CONTROL-LUFTHANSA,2025-03-11,2025-03-11,0,EDDL,Düsseldorf Airport,0.93,2025-03-11T11:04:54.100000Z,EDDM,Munich Airport,0.85,2025-03-11T11:53:12.280000Z,adsb-lol|airplanes-live,BOTH_HAVE_IT,BOTH_HAVE_IT,0,no,no,direct,
CONTROL-LUFTHANSA,2025-03-11,2025-03-11,0,EDDM,Munich Airport,1.22,2025-03-11T13:05:11.110000Z,EDDL,Düsseldorf Airport,0.94,2025-03-11T13:57:04.430000Z,adsb-lol|airplanes-live,BOTH_HAVE_IT,BOTH_HAVE_IT,0,no,no,direct,
CONTROL-LUFTHANSA,2025-03-11,2025-03-11,0,EDDL,Düsseldorf Airport,0.94,2025-03-11T14:56:22.990000Z,EDDM,Munich Airport,1.04,2025-03-11T15:47:33.250000Z,adsb-lol|airplanes-live,BOTH_HAVE_IT,BOTH_HAVE_IT,0,no,no,direct,
CONTROL-RYANAIR,2025-03-11,2025-03-11,0,GCRR,César Manrique-Lanzarote Airport,0.94,2025-03-11T07:20:47.470000Z,EGBB,Birmingham Airport,0.47,2025-03-11T11:07:58.960000Z,adsb-lol|airplanes-live,BOTH_HAVE_IT,BOTH_HAVE_IT,0,no,no,direct,
CONTROL-RYANAIR,2025-03-11,2025-03-11,0,EGBB,Birmingham Airport,0.47,2025-03-11T11:13:05.510000Z,GCRR,César Manrique-Lanzarote Airport,0.52,2025-03-11T15:58:25.680000Z,adsb-lol|airplanes-live,BOTH_HAVE_IT,BOTH_HAVE_IT,0,no,no,direct,
CONTROL-RYANAIR,2025-03-11,2025-03-14,3,GCRR,César Manrique-Lanzarote Airport,0.52,2025-03-11T16:03:48.340000Z,EGNX,East Midlands Airport,0.27,2025-03-14T05:44:46.090000Z,adsb-lol|airplanes-live,BOTH_HAVE_IT,BOTH_HAVE_IT,2,no,yes,GAP -- aircraft unobserved for 2 day(s) between these two fields; intermediate stops are possible and are NOT ruled out,
N102DZ,2025-03-12,2025-03-13,1,PHNL,Daniel K. Inouye International Airport,0.96,2025-03-12T19:37:16.320000Z,KAUS,Austin Bergstrom International Airport,1.38,2025-03-13T02:12:56.260000Z,adsb-lol|airplanes-live,BOTH_HAVE_IT,BOTH_HAVE_IT,0,no,yes,overnight,
N582MM,2025-03-12,2025-03-12,0,KCLT,Charlotte Douglas International Airport,1.22,2025-03-12T20:39:03.990000Z,KIAD,Washington Dulles International Airport,1.71,2025-03-12T21:33:38.260000Z,adsb-lol|airplanes-live,BOTH_HAVE_IT,BOTH_HAVE_IT,0,no,no,direct,
N582MM,2025-03-13,2025-03-13,0,KIAD,Washington Dulles International Airport,0.08,2025-03-13T14:38:04.910000Z,KTYS,McGhee Tyson Airport,0.49,2025-03-13T15:40:55.130000Z,adsb-lol|airplanes-live,BOTH_HAVE_IT,BOTH_HAVE_IT,0,no,no,direct,"dest|Knoxville,TN|2025-03-13|Charlie|11.6"
N582MM,2025-03-13,2025-03-14,1,KTYS,McGhee Tyson Airport,0.49,2025-03-13T15:40:55.130000Z,KPHX,Phoenix Sky Harbor International Airport,1.63,2025-03-14T00:05:57.530000Z,adsb-lol|airplanes-live,BOTH_HAVE_IT,BOTH_HAVE_IT,0,no,yes,overnight,"origin|Knoxville,TN|2025-03-13|Charlie|11.6"
CONTROL-LUFTHANSA,2025-03-14,2025-03-15,1,EDDM,Munich Airport,1.18,2025-03-14T21:15:41.990000Z,LHBP,Budapest Liszt Ferenc International Airport,0.77,2025-03-15T06:58:20.900000Z,adsb-lol|airplanes-live,BOTH_HAVE_IT,BOTH_HAVE_IT,0,no,yes,overnight,
CONTROL-RYANAIR,2025-03-14,2025-03-14,0,EGNX,East Midlands Airport,0.27,2025-03-14T05:44:46.090000Z,EPKK,Kraków John Paul II International Airport,0.82,2025-03-14T07:51:10.740000Z,adsb-lol|airplanes-live,BOTH_HAVE_IT,BOTH_HAVE_IT,0,no,no,direct,
CONTROL-RYANAIR,2025-03-14,2025-03-14,0,EPKK,Kraków John Paul II International Airport,1.14,2025-03-14T08:58:19.750000Z,EGNX,East Midlands Airport,0.36,2025-03-14T23:54:21.470000Z,adsb-lol|airplanes-live,BOTH_HAVE_IT,BOTH_HAVE_IT,0,no,no,direct,
N102DZ,2025-03-14,2025-03-14,0,KAUS,Austin Bergstrom International Airport,0.32,2025-03-14T15:34:27.920000Z,PHNL,Daniel K. Inouye International Airport,1.12,2025-03-14T23:42:27.600000Z,adsb-lol|airplanes-live,BOTH_HAVE_IT,BOTH_HAVE_IT,0,no,no,direct,
N888KG,2025-03-14,2025-03-14,0,KTUS,Tucson International Airport,0.53,2025-03-14T17:12:02.330000Z,KPVU,Provo Municipal Airport,0.43,2025-03-14T18:29:15.500000Z,adsb-lol|airplanes-live,BOTH_HAVE_IT,BOTH_HAVE_IT,0,no,no,direct,
CONTROL-LUFTHANSA,2025-03-15,2025-03-15,0,LHBP,Budapest Liszt Ferenc International Airport,0.77,2025-03-15T07:02:28.150000Z,EDDM,Munich Airport,1.14,2025-03-15T08:09:12.990000Z,adsb-lol|airplanes-live,BOTH_HAVE_IT,BOTH_HAVE_IT,0,no,no,direct,
CONTROL-LUFTHANSA,2025-03-15,2025-03-15,0,EDDM,Munich Airport,0.74,2025-03-15T09:21:36.720000Z,LBSF,Sofia Airport,0.2,2025-03-15T10:57:00.300000Z,adsb-lol|airplanes-live,BOTH_HAVE_IT,BOTH_HAVE_IT,0,no,no,direct,
CONTROL-LUFTHANSA,2025-03-15,2025-03-15,0,LBSF,Sofia Airport,1.38,2025-03-15T12:15:50.630000Z,EDDM,Munich Airport,0.9,2025-03-15T13:57:33.740000Z,adsb-lol|airplanes-live,BOTH_HAVE_IT,BOTH_HAVE_IT,0,no,no,direct,
CONTROL-LUFTHANSA,2025-03-15,2025-03-15,0,EDDM,Munich Airport,0.9,2025-03-15T15:15:28.580000Z,EDDK,Cologne Bonn Airport,0.68,2025-03-15T16:47:06.780000Z,adsb-lol|airplanes-live,BOTH_HAVE_IT,BOTH_HAVE_IT,0,no,no,direct,
CONTROL-LUFTHANSA,2025-03-15,2025-03-15,0,EDDK,Cologne Bonn Airport,0.68,2025-03-15T16:50:27.920000Z,EDDM,Munich Airport,1.07,2025-03-15T17:36:30.320000Z,adsb-lol|airplanes-live,BOTH_HAVE_IT,BOTH_HAVE_IT,0,no,no,direct,
CONTROL-LUFTHANSA,2025-03-15,2025-03-15,0,EDDM,Munich Airport,0.74,2025-03-15T20:33:51.890000Z,LFBO,Toulouse-Blagnac Airport,0.34,2025-03-15T22:03:13.110000Z,adsb-lol|airplanes-live,BOTH_HAVE_IT,BOTH_HAVE_IT,0,no,no,direct,
CONTROL-RYANAIR,2025-03-15,2025-03-15,0,EGNX,East Midlands Airport,0.22,2025-03-15T15:14:40.620000Z,LKPR,Václav Havel Airport Prague,0.82,2025-03-15T17:46:40.180000Z,adsb-lol|airplanes-live,BOTH_HAVE_IT,BOTH_HAVE_IT,0,no,no,direct,
CONTROL-RYANAIR,2025-03-15,2025-03-16,1,LKPR,Václav Havel Airport Prague,0.82,2025-03-15T18:29:53.350000Z,EGNX,East Midlands Airport,1.08,2025-03-16T18:01:41.850000Z,adsb-lol|airplanes-live,BOTH_HAVE_IT,BOTH_HAVE_IT,0,no,yes,overnight,
N102DZ,2025-03-15,2025-03-15,0,PHNL,Daniel K. Inouye International Airport,1.41,2025-03-15T19:06:38.920000Z,PHKO,Ellison Onizuka Kona International Airport at Keāhole,0.67,2025-03-15T20:38:15.740000Z,adsb-lol|airplanes-live,BOTH_HAVE_IT,BOTH_HAVE_IT,0,no,no,direct,
N102DZ,2025-03-15,2025-03-17,2,PHKO,Ellison Onizuka Kona International Airport at Keāhole,0.67,2025-03-15T20:47:16.790000Z,KSDL,Scottsdale Airport,0.85,2025-03-17T01:01:26.430000Z,adsb-lol|airplanes-live,BOTH_HAVE_IT,BOTH_HAVE_IT,1,no,yes,GAP -- aircraft unobserved for 1 day(s) between these two fields; intermediate stops are possible and are NOT ruled out,
N872RA,2025-03-15,2025-03-15,0,KPHX,Phoenix Sky Harbor International Airport,2.02,2025-03-15T05:36:03.930000Z,KCRQ,McClellan-Palomar Airport,0.44,2025-03-15T06:38:21.210000Z,adsb-lol|airplanes-live,BOTH_HAVE_IT,BOTH_HAVE_IT,0,no,no,direct,
CONTROL-LUFTHANSA,2025-03-16,2025-03-16,0,LFBO,Toulouse-Blagnac Airport,0.69,2025-03-16T06:16:56.050000Z,EDDM,Munich Airport,0.96,2025-03-16T07:42:08.060000Z,adsb-lol|airplanes-live,BOTH_HAVE_IT,BOTH_HAVE_IT,0,no,no,direct,
CONTROL-LUFTHANSA,2025-03-16,2025-03-16,0,EDDM,Munich Airport,1.53,2025-03-16T20:49:26.660000Z,LFBO,Toulouse-Blagnac Airport,0.39,2025-03-16T22:09:52.840000Z,adsb-lol|airplanes-live,BOTH_HAVE_IT,BOTH_HAVE_IT,0,no,no,direct,
CONTROL-LUFTHANSA,2025-03-16,2025-03-19,3,LFBO,Toulouse-Blagnac Airport,0.39,2025-03-16T22:15:35.640000Z,LEBL,Josep Tarradellas Barcelona-El Prat Airport,1.65,2025-03-19T06:46:43.600000Z,adsb-lol|airplanes-live,BOTH_HAVE_IT,BOTH_HAVE_IT,2,no,yes,GAP -- aircraft unobserved for 2 day(s) between these two fields; intermediate stops are possible and are NOT ruled out,
N560TW,2025-03-16,2025-03-16,0,KSDL,Scottsdale Airport,0.93,2025-03-16T18:52:59.860000Z,KVNY,Van Nuys Airport,0.77,2025-03-16T20:02:36.820000Z,adsb-lol|airplanes-live,BOTH_HAVE_IT,BOTH_HAVE_IT,0,no,no,direct,
N560TW,2025-03-16,2025-03-16,0,KVNY,Van Nuys Airport,0.08,2025-03-16T22:05:52.500000Z,KSDL,Scottsdale Airport,0.14,2025-03-16T23:07:35.550000Z,adsb-lol|airplanes-live,BOTH_HAVE_IT,BOTH_HAVE_IT,0,no,no,direct,
N872RA,2025-03-16,2025-03-16,0,KCRQ,McClellan-Palomar Airport,0.59,2025-03-16T01:54:00.200000Z,KSMF,Sacramento International Airport,1.01,2025-03-16T03:14:27.360000Z,adsb-lol|airplanes-live,BOTH_HAVE_IT,BOTH_HAVE_IT,0,no,no,direct,
N872RA,2025-03-16,2025-03-16,0,KSMF,Sacramento International Airport,1.11,2025-03-16T19:24:25.930000Z,KSLC,Salt Lake City International Airport,1.51,2025-03-16T20:34:30.320000Z,adsb-lol|airplanes-live,BOTH_HAVE_IT,BOTH_HAVE_IT,0,no,no,direct,
N872RA,2025-03-16,2025-03-16,0,KSLC,Salt Lake City International Airport,1.82,2025-03-16T22:12:00.830000Z,KCRQ,McClellan-Palomar Airport,0.5,2025-03-16T23:45:08.350000Z,adsb-lol|airplanes-live,BOTH_HAVE_IT,BOTH_HAVE_IT,0,no,no,direct,
N102DZ,2025-03-17,2025-03-17,0,KSDL,Scottsdale Airport,0.4,2025-03-17T02:08:53.660000Z,KSJC,Mineta San Jose International Airport,0.64,2025-03-17T03:47:35.620000Z,adsb-lol|airplanes-live,BOTH_HAVE_IT,BOTH_HAVE_IT,0,no,no,direct,
N102DZ,2025-03-17,2025-04-06,20,KSJC,Mineta San Jose International Airport,0.64,2025-03-17T04:45:21.990000Z,PHNL,Daniel K. Inouye International Airport,1.24,2025-04-06T08:57:22.540000Z,adsb-lol|airplanes-live,BOTH_HAVE_IT,BOTH_HAVE_IT,19,no,yes,GAP -- aircraft unobserved for 19 day(s) between these two fields; intermediate stops are possible and are NOT ruled out,
N40JD,2025-03-17,2025-03-17,0,KSDL,Scottsdale Airport,0.84,2025-03-17T16:49:50.630000Z,KFLL,Fort Lauderdale Hollywood International Airport,0.37,2025-03-17T22:09:01.050000Z,adsb-lol|airplanes-live,BOTH_HAVE_IT,BOTH_HAVE_IT,0,no,no,direct,
N582MM,2025-03-17,2025-03-18,1,KPHX,Phoenix Sky Harbor International Airport,1.91,2025-03-17T19:40:31.460000Z,KLZU,Gwinnett County Briscoe Field,0.74,2025-03-18T02:56:06.500000Z,adsb-lol|airplanes-live,BOTH_HAVE_IT,BOTH_HAVE_IT,0,no,yes,overnight,"dest|Gainesville,GA|2025-03-18|Charlie|23.1"
N872RA,2025-03-17,2025-03-17,0,KCRQ,McClellan-Palomar Airport,0.54,2025-03-17T01:00:33.300000Z,KLVK,Livermore Municipal Airport,0.13,2025-03-17T02:59:27.310000Z,adsb-lol|airplanes-live,BOTH_HAVE_IT,BOTH_HAVE_IT,0,no,no,direct,
N872RA,2025-03-17,2025-03-17,0,KLVK,Livermore Municipal Airport,0.13,2025-03-17T17:41:22.810000Z,KBZN,Bozeman Yellowstone International Airport,0.45,2025-03-17T19:10:39.140000Z,adsb-lol|airplanes-live,BOTH_HAVE_IT,BOTH_HAVE_IT,0,no,no,direct,
N872RA,2025-03-17,2025-03-18,1,KBZN,Bozeman Yellowstone International Airport,0.61,2025-03-17T21:46:22.440000Z,KUDD,Bermuda Dunes Airport,0.48,2025-03-18T00:14:57.720000Z,adsb-lol|airplanes-live,BOTH_HAVE_IT,BOTH_HAVE_IT,0,no,yes,overnight,
N40JD,2025-03-18,2025-03-19,1,KFLL,Fort Lauderdale Hollywood International Airport,0.42,2025-03-18T18:54:12.050000Z,KSDL,Scottsdale Airport,0.15,2025-03-19T01:13:38.360000Z,adsb-lol|airplanes-live,BOTH_HAVE_IT,BOTH_HAVE_IT,0,no,yes,overnight,
N872RA,2025-03-18,2025-03-18,0,KUDD,Bermuda Dunes Airport,0.48,2025-03-18T01:12:27.290000Z,KLAX,Los Angeles International Airport,1.5,2025-03-18T22:35:54.570000Z,adsb-lol|airplanes-live,BOTH_HAVE_IT,BOTH_HAVE_IT,0,no,no,direct,
N872RA,2025-03-18,2025-03-19,1,KLAX,Los Angeles International Airport,1.5,2025-03-18T23:16:43.010000Z,KBFI,King County International Airport - Boeing Field,0.98,2025-03-19T03:02:29.070000Z,adsb-lol|airplanes-live,BOTH_HAVE_IT,BOTH_HAVE_IT,0,no,yes,overnight,
CONTROL-LUFTHANSA,2025-03-19,2025-03-19,0,LEBL,Josep Tarradellas Barcelona-El Prat Airport,1.65,2025-03-19T06:48:30.410000Z,EDDM,Munich Airport,0.95,2025-03-19T08:27:31.080000Z,adsb-lol|airplanes-live,BOTH_HAVE_IT,BOTH_HAVE_IT,0,no,no,direct,
CONTROL-LUFTHANSA,2025-03-19,2025-03-19,0,EDDM,Munich Airport,0.85,2025-03-19T10:31:15.600000Z,LFMN,Nice-Côte d'Azur Airport,0.87,2025-03-19T11:40:49.450000Z,adsb-lol|airplanes-live,BOTH_HAVE_IT,BOTH_HAVE_IT,0,no,no,direct,
CONTROL-LUFTHANSA,2025-03-19,2025-03-19,0,LFMN,Nice-Côte d'Azur Airport,0.87,2025-03-19T11:41:16.480000Z,EDDM,Munich Airport,1.14,2025-03-19T13:40:35.110000Z,adsb-lol|airplanes-live,BOTH_HAVE_IT,BOTH_HAVE_IT,0,no,no,direct,
CONTROL-LUFTHANSA,2025-03-19,2025-03-21,2,EDDM,Munich Airport,0.99,2025-03-19T20:48:01.480000Z,EDDB,Berlin Brandenburg Airport,1.45,2025-03-21T07:09:13.080000Z,adsb-lol|airplanes-live,BOTH_HAVE_IT,BOTH_HAVE_IT,1,no,yes,GAP -- aircraft unobserved for 1 day(s) between these two fields; intermediate stops are possible and are NOT ruled out,
N582MM,2025-03-19,2025-03-19,0,KLZU,Gwinnett County Briscoe Field,0.76,2025-03-19T00:22:40.330000Z,KSDL,Scottsdale Airport,0.57,2025-03-19T04:35:23.240000Z,adsb-lol|airplanes-live,BOTH_HAVE_IT,BOTH_HAVE_IT,0,no,no,direct,"origin|Gainesville,GA|2025-03-18|Charlie|22.5"
N872RA,2025-03-19,2025-03-21,2,KBFI,King County International Airport - Boeing Field,0.98,2025-03-19T03:06:24.160000Z,KSDL,Scottsdale Airport,0.34,2025-03-21T03:18:44.590000Z,adsb-lol|airplanes-live,BOTH_HAVE_IT,BOTH_HAVE_IT,1,no,yes,GAP -- aircraft unobserved for 1 day(s) between these two fields; intermediate stops are possible and are NOT ruled out,
N582MM,2025-03-20,2025-03-21,1,KSDL,Scottsdale Airport,0.54,2025-03-20T04:41:12.680000Z,KPHX,Phoenix Sky Harbor International Airport,1.87,2025-03-21T16:45:33.610000Z,adsb-lol|airplanes-live,BOTH_HAVE_IT,BOTH_HAVE_IT,0,no,yes,overnight,
CONTROL-LUFTHANSA,2025-03-21,2025-03-21,0,EDDB,Berlin Brandenburg Airport,1.45,2025-03-21T09:02:10.560000Z,EDDM,Munich Airport,1.19,2025-03-21T07:09:13.090000Z,adsb-lol|airplanes-live,BOTH_HAVE_IT,BOTH_HAVE_IT,0,no,no,direct,
CONTROL-LUFTHANSA,2025-03-21,2025-03-21,0,EDDM,Munich Airport,1.02,2025-03-21T09:56:04.310000Z,LSZH,Zürich Airport,1.29,2025-03-21T11:58:07.240000Z,adsb-lol|airplanes-live,BOTH_HAVE_IT,BOTH_HAVE_IT,0,no,no,direct,
CONTROL-LUFTHANSA,2025-03-21,2025-03-21,0,LSZH,Zürich Airport,1.29,2025-03-21T13:31:53.180000Z,EDDM,Munich Airport,0.82,2025-03-21T14:55:30.510000Z,adsb-lol|airplanes-live,BOTH_HAVE_IT,BOTH_HAVE_IT,0,no,no,direct,
CONTROL-LUFTHANSA,2025-03-21,2025-03-21,0,EDDM,Munich Airport,1.21,2025-03-21T20:45:13.660000Z,LFMN,Nice-Côte d'Azur Airport,0.87,2025-03-21T22:09:40.990000Z,adsb-lol|airplanes-live,BOTH_HAVE_IT,BOTH_HAVE_IT,0,no,no,direct,
CONTROL-LUFTHANSA,2025-03-21,2025-03-22,1,LFMN,Nice-Côte d'Azur Airport,0.87,2025-03-21T22:10:07.010000Z,EDDM,Munich Airport,1.07,2025-03-22T07:51:13.850000Z,adsb-lol|airplanes-live,BOTH_HAVE_IT,BOTH_HAVE_IT,0,no,yes,overnight,
N560TW,2025-03-21,2025-03-21,0,KSDL,Scottsdale Airport,0.19,2025-03-21T18:43:41.980000Z,KSNA,John Wayne Orange County International Airport,0.59,2025-03-21T19:43:38.280000Z,adsb-lol|airplanes-live,BOTH_HAVE_IT,BOTH_HAVE_IT,0,no,no,direct,
N560TW,2025-03-21,2025-03-21,0,KSNA,John Wayne Orange County International Airport,0.59,2025-03-21T19:45:11.510000Z,KSDL,Scottsdale Airport,0.12,2025-03-21T22:13:32.100000Z,adsb-lol|airplanes-live,BOTH_HAVE_IT,BOTH_HAVE_IT,0,no,no,direct,
N582MM,2025-03-21,2025-03-21,0,KPHX,Phoenix Sky Harbor International Airport,1.87,2025-03-21T18:24:01.630000Z,KVNY,Van Nuys Airport,0.26,2025-03-21T19:27:23Z,adsb-lol|airplanes-live,BOTH_HAVE_IT,BOTH_HAVE_IT,0,no,no,direct,
N582MM,2025-03-21,2025-03-22,1,KVNY,Van Nuys Airport,0.26,2025-03-21T20:04:36.690000Z,KDLH,Duluth International Airport,0.4,2025-03-22T02:16:46Z,adsb-lol|airplanes-live,BOTH_HAVE_IT,BOTH_HAVE_IT,0,no,yes,overnight,
N872RA,2025-03-21,2025-03-21,0,KSDL,Scottsdale Airport,0.81,2025-03-21T16:01:29.330000Z,KCRQ,McClellan-Palomar Airport,0.63,2025-03-21T16:55:31.470000Z,adsb-lol|airplanes-live,BOTH_HAVE_IT,BOTH_HAVE_IT,0,no,no,direct,
N872RA,2025-03-21,2025-04-01,11,KCRQ,McClellan-Palomar Airport,0.63,2025-03-21T17:41:59.140000Z,KAPC,Napa County Airport,1.0,2025-04-01T17:12:31.990000Z,adsb-lol|adsbexchange-samples|airplanes-live,BOTH_HAVE_IT,HELD_BY_ADSBEXCHANGE-SAMPLES,10,yes,yes,GAP -- aircraft unobserved for 10 day(s) between these two fields; intermediate stops are possible and are NOT ruled out,
CONTROL-LUFTHANSA,2025-03-22,2025-03-22,0,EDDM,Munich Airport,0.84,2025-03-22T17:10:49.350000Z,EDDW,Bremen Airport,0.53,2025-03-22T18:53:04.240000Z,adsb-lol|airplanes-live,BOTH_HAVE_IT,BOTH_HAVE_IT,0,no,no,direct,
CONTROL-LUFTHANSA,2025-03-22,2025-03-22,0,EDDW,Bremen Airport,0.53,2025-03-22T18:53:04.240000Z,EDDM,Munich Airport,0.97,2025-03-22T19:54:34.350000Z,adsb-lol|airplanes-live,BOTH_HAVE_IT,BOTH_HAVE_IT,0,no,no,direct,
CONTROL-LUFTHANSA,2025-03-22,2025-03-23,1,EDDM,Munich Airport,0.79,2025-03-22T21:10:42.410000Z,LHBP,Budapest Liszt Ferenc International Airport,0.99,2025-03-23T07:04:14.460000Z,adsb-lol|airplanes-live,BOTH_HAVE_IT,BOTH_HAVE_IT,0,no,yes,overnight,
CONTROL-RYANAIR,2025-03-22,2025-03-22,0,EGNX,East Midlands Airport,1.28,2025-03-22T18:07:07.390000Z,LEMG,Málaga-Costa del Sol Airport,0.3,2025-03-22T20:48:16.350000Z,adsb-lol|airplanes-live,BOTH_HAVE_IT,BOTH_HAVE_IT,0,no,no,direct,
CONTROL-RYANAIR,2025-03-22,2025-03-23,1,LEMG,Málaga-Costa del Sol Airport,1.42,2025-03-22T22:02:29.570000Z,EGNX,East Midlands Airport,0.35,2025-03-23T00:29:31.720000Z,airplanes-live,BOTH_HAVE_IT,BOTH_HAVE_IT,0,no,yes,overnight,
N582MM,2025-03-22,2025-03-22,0,KDLH,Duluth International Airport,0.19,2025-03-22T16:31:58.380000Z,KPHX,Phoenix Sky Harbor International Airport,1.48,2025-03-22T19:50:26.450000Z,adsb-lol|airplanes-live,BOTH_HAVE_IT,BOTH_HAVE_IT,0,no,no,direct,
N582MM,2025-03-22,2025-04-01,10,KPHX,Phoenix Sky Harbor International Airport,1.48,2025-03-22T19:55:13.010000Z,KSDL,Scottsdale Airport,0.62,2025-04-01T12:57:34.510000Z,adsb-lol|adsbexchange-samples|airplanes-live,BOTH_HAVE_IT,HELD_BY_ADSBEXCHANGE-SAMPLES,9,yes,yes,GAP -- aircraft unobserved for 9 day(s) between these two fields; intermediate stops are possible and are NOT ruled out,
CONTROL-LUFTHANSA,2025-03-23,2025-03-23,0,LHBP,Budapest Liszt Ferenc International Airport,0.99,2025-03-23T07:06:37.600000Z,EDDM,Munich Airport,0.75,2025-03-23T08:03:25.260000Z,adsb-lol|airplanes-live,BOTH_HAVE_IT,BOTH_HAVE_IT,0,no,no,direct,
CONTROL-LUFTHANSA,2025-03-23,2025-03-23,0,EDDM,Munich Airport,1.96,2025-03-23T11:12:24.460000Z,EDDL,Düsseldorf Airport,0.55,2025-03-23T12:50:00.210000Z,adsb-lol|airplanes-live,BOTH_HAVE_IT,BOTH_HAVE_IT,0,no,no,direct,
CONTROL-LUFTHANSA,2025-03-23,2025-03-23,0,EDDL,Düsseldorf Airport,0.55,2025-03-23T12:57:21.640000Z,EDDM,Munich Airport,0.94,2025-03-23T13:52:56.780000Z,adsb-lol|airplanes-live,BOTH_HAVE_IT,BOTH_HAVE_IT,0,no,no,direct,
CONTROL-LUFTHANSA,2025-03-23,2025-03-23,0,EDDM,Munich Airport,1.45,2025-03-23T17:06:57.170000Z,EDDL,Düsseldorf Airport,0.66,2025-03-23T17:57:25.650000Z,adsb-lol|airplanes-live,BOTH_HAVE_IT,BOTH_HAVE_IT,0,no,no,direct,
CONTROL-LUFTHANSA,2025-03-23,2025-03-23,0,EDDL,Düsseldorf Airport,0.66,2025-03-23T18:43:41.420000Z,EDDM,Munich Airport,0.91,2025-03-23T19:35:30.550000Z,adsb-lol|airplanes-live,BOTH_HAVE_IT,BOTH_HAVE_IT,0,no,no,direct,
CONTROL-LUFTHANSA,2025-03-23,2025-04-10,18,EDDM,Munich Airport,1.23,2025-03-23T20:54:10.140000Z,LFBO,Toulouse-Blagnac Airport,0.36,2025-04-10T04:35:10.650000Z,adsb-lol|airplanes-live,BOTH_HAVE_IT,BOTH_HAVE_IT,17,no,yes,GAP -- aircraft unobserved for 17 day(s) between these two fields; intermediate stops are possible and are NOT ruled out,
CONTROL-RYANAIR,2025-03-23,2025-03-23,0,EGNX,East Midlands Airport,0.35,2025-03-23T00:29:49.310000Z,EPKK,Kraków John Paul II International Airport,1.19,2025-03-23T08:55:25.130000Z,adsb-lol|airplanes-live,BOTH_HAVE_IT,BOTH_HAVE_IT,0,no,no,direct,
CONTROL-RYANAIR,2025-03-23,2025-03-23,0,EPKK,Kraków John Paul II International Airport,1.19,2025-03-23T09:00:32.580000Z,EGNX,East Midlands Airport,0.41,2025-03-23T11:14:34.680000Z,adsb-lol|airplanes-live,BOTH_HAVE_IT,BOTH_HAVE_IT,0,no,no,direct,
CONTROL-RYANAIR,2025-03-23,2025-03-23,0,EGNX,East Midlands Airport,0.41,2025-03-23T11:14:51.610000Z,GCRR,César Manrique-Lanzarote Airport,0.59,2025-03-23T17:34:02.160000Z,adsb-lol|airplanes-live,BOTH_HAVE_IT,BOTH_HAVE_IT,0,no,no,direct,
CONTROL-RYANAIR,2025-03-23,2025-03-23,0,GCRR,César Manrique-Lanzarote Airport,0.82,2025-03-23T19:08:36.770000Z,EGNX,East Midlands Airport,0.02,2025-03-23T23:12:03.940000Z,adsb-lol|airplanes-live,BOTH_HAVE_IT,BOTH_HAVE_IT,0,no,no,direct,
CONTROL-RYANAIR,2025-03-23,2025-04-10,18,EGNX,East Midlands Airport,0.02,2025-03-23T23:12:03.940000Z,LHBP,Budapest Liszt Ferenc International Airport,0.88,2025-04-10T13:48:01.880000Z,airplanes-live,BOTH_HAVE_IT,BOTH_HAVE_IT,17,no,yes,GAP -- aircraft unobserved for 17 day(s) between these two fields; intermediate stops are possible and are NOT ruled out,
SU-BTV,2025-03-24,2025-04-08,15,KILG,Wilmington Airport,0.54,2025-03-24T11:40:49.820000Z,HEAR,El Arish International Airport,1.14,2025-04-08T10:39:43.850000Z,adsb-lol|airplanes-live,BOTH_HAVE_IT,BOTH_HAVE_IT,14,no,yes,GAP -- aircraft unobserved for 14 day(s) between these two fields; intermediate stops are possible and are NOT ruled out,
N582MM,2025-04-01,2025-04-01,0,KSDL,Scottsdale Airport,0.62,2025-04-01T14:04:52.820000Z,KSWO,Stillwater Regional Airport,0.33,2025-04-01T15:47:06.710000Z,adsbexchange-samples,HELD_BY_ADSBEXCHANGE-SAMPLES,HELD_BY_ADSBEXCHANGE-SAMPLES,0,yes,no,direct,
N582MM,2025-04-01,2025-04-01,0,KSWO,Stillwater Regional Airport,0.53,2025-04-01T20:24:10.320000Z,KSDL,Scottsdale Airport,0.43,2025-04-01T22:49:27.090000Z,adsbexchange-samples,HELD_BY_ADSBEXCHANGE-SAMPLES,HELD_BY_ADSBEXCHANGE-SAMPLES,0,yes,no,direct,
N59906,2025-04-01,2025-04-01,0,KOKV,Winchester Regional Airport,0.59,2025-04-01T16:17:29.140000Z,KMQS,Chester County G O Carlson Airport,0.34,2025-04-01T21:38:08.110000Z,adsbexchange-samples,HELD_BY_ADSBEXCHANGE-SAMPLES,HELD_BY_ADSBEXCHANGE-SAMPLES,0,yes,no,direct,
N59906,2025-04-01,2025-04-01,0,KMQS,Chester County G O Carlson Airport,0.34,2025-04-01T22:26:29.650000Z,KOKV,Winchester Regional Airport,0.79,2025-04-01T23:15:41.120000Z,adsbexchange-samples,HELD_BY_ADSBEXCHANGE-SAMPLES,HELD_BY_ADSBEXCHANGE-SAMPLES,0,yes,no,direct,
N59906,2025-04-01,2025-07-01,91,KOKV,Winchester Regional Airport,0.79,2025-04-01T23:19:01.980000Z,KGEG,Spokane International Airport,0.29,2025-07-01T21:49:02.060000Z,adsbexchange-samples,HELD_BY_ADSBEXCHANGE-SAMPLES,HELD_BY_ADSBEXCHANGE-SAMPLES,90,yes,yes,GAP -- aircraft unobserved for 90 day(s) between these two fields; intermediate stops are possible and are NOT ruled out,
N872RA,2025-04-01,2025-04-01,0,KAPC,Napa County Airport,1.0,2025-04-01T17:17:59.890000Z,KSNA,John Wayne Orange County International Airport,0.49,2025-04-01T18:15:58.620000Z,adsbexchange-samples,HELD_BY_ADSBEXCHANGE-SAMPLES,HELD_BY_ADSBEXCHANGE-SAMPLES,0,yes,no,direct,
N872RA,2025-04-01,2025-04-01,0,KSNA,John Wayne Orange County International Airport,0.61,2025-04-01T22:31:21.740000Z,KOAK,Oakland San Francisco Bay Airport,1.13,2025-04-01T23:47:48.190000Z,adsbexchange-samples,HELD_BY_ADSBEXCHANGE-SAMPLES,HELD_BY_ADSBEXCHANGE-SAMPLES,0,yes,no,direct,
N872RA,2025-04-01,2025-04-06,5,KOAK,Oakland San Francisco Bay Airport,1.13,2025-04-01T23:58:33.930000Z,KUDD,Bermuda Dunes Airport,0.39,2025-04-06T16:37:11.770000Z,adsbexchange-samples|airplanes-live,HELD_BY_ADSBEXCHANGE-SAMPLES,BOTH_HAVE_IT,4,yes,yes,GAP -- aircraft unobserved for 4 day(s) between these two fields; intermediate stops are possible and are NOT ruled out,
N40JD,2025-04-06,2025-04-06,0,KSDL,Scottsdale Airport,0.38,2025-04-06T16:17:23.010000Z,KUDD,Bermuda Dunes Airport,0.32,2025-04-06T16:09:55.980000Z,adsb-lol|airplanes-live,BOTH_HAVE_IT,BOTH_HAVE_IT,0,no,no,direct,
N40JD,2025-04-06,2025-04-06,0,KUDD,Bermuda Dunes Airport,0.53,2025-04-06T20:13:46.300000Z,KSDL,Scottsdale Airport,0.11,2025-04-06T20:11:54.380000Z,adsb-lol|airplanes-live,BOTH_HAVE_IT,BOTH_HAVE_IT,0,no,no,direct,
N872RA,2025-04-06,2025-04-06,0,KUDD,Bermuda Dunes Airport,0.39,2025-04-06T17:34:26.630000Z,KAPA,Centennial Airport,0.28,2025-04-06T19:22:31.130000Z,adsb-lol|airplanes-live,BOTH_HAVE_IT,BOTH_HAVE_IT,0,no,no,direct,
N872RA,2025-04-06,2025-04-06,0,KAPA,Centennial Airport,0.28,2025-04-06T19:23:32.460000Z,KSNA,John Wayne Orange County International Airport,0.2,2025-04-06T22:39:13.030000Z,adsb-lol|airplanes-live,BOTH_HAVE_IT,BOTH_HAVE_IT,0,no,no,direct,
N872RA,2025-04-06,2025-04-07,1,KSNA,John Wayne Orange County International Airport,0.2,2025-04-06T22:39:13.030000Z,KFAT,Fresno Yosemite International Airport,0.72,2025-04-07T00:07:25.450000Z,adsb-lol|airplanes-live,BOTH_HAVE_IT,BOTH_HAVE_IT,0,no,yes,overnight,
N40JD,2025-04-07,2025-04-07,0,KSDL,Scottsdale Airport,0.41,2025-04-07T15:56:24.650000Z,KSEZ,Sedona Airport,0.24,2025-04-07T18:49:40.870000Z,adsb-lol|airplanes-live,BOTH_HAVE_IT,BOTH_HAVE_IT,0,no,no,direct,
N40JD,2025-04-07,2025-04-07,0,KSEZ,Sedona Airport,0.24,2025-04-07T19:27:36.670000Z,KSLC,Salt Lake City International Airport,1.82,2025-04-07T21:02:45.950000Z,adsb-lol|airplanes-live,BOTH_HAVE_IT,BOTH_HAVE_IT,0,no,no,direct,
N40JD,2025-04-07,2025-04-07,0,KSLC,Salt Lake City International Airport,1.82,2025-04-07T21:04:24.740000Z,KSDL,Scottsdale Airport,0.1,2025-04-07T22:11:53.400000Z,adsb-lol|airplanes-live,BOTH_HAVE_IT,BOTH_HAVE_IT,0,no,no,direct,
N582MM,2025-04-07,2025-04-09,2,KSDL,Scottsdale Airport,0.28,2025-04-07T00:08:22.410000Z,KBOS,Boston Logan International Airport,1.29,2025-04-09T04:16:30.730000Z,adsb-lol|airplanes-live,BOTH_HAVE_IT,BOTH_HAVE_IT,1,no,yes,GAP -- aircraft unobserved for 1 day(s) between these two fields; intermediate stops are possible and are NOT ruled out,
N872RA,2025-04-07,2025-04-10,3,KFAT,Fresno Yosemite International Airport,0.72,2025-04-07T00:31:37.390000Z,KAVQ,Marana Regional Airport,0.32,2025-04-10T19:43:39.880000Z,adsb-lol|airplanes-live,BOTH_HAVE_IT,BOTH_HAVE_IT,2,no,yes,GAP -- aircraft unobserved for 2 day(s) between these two fields; intermediate stops are possible and are NOT ruled out,
SU-BTT,2025-04-08,2025-07-19,102,HEAR,El Arish International Airport,1.16,2025-04-08T10:42:45.170000Z,LFPB,Paris-Le Bourget International Airport,0.27,2025-07-19T10:14:39.180000Z,adsb-lol|airplanes-live,BOTH_HAVE_IT,BOTH_HAVE_IT,101,no,yes,GAP -- aircraft unobserved for 101 day(s) between these two fields; intermediate stops are possible and are NOT ruled out,
SU-BTV,2025-04-08,2025-07-30,113,HEAR,El Arish International Airport,1.14,2025-04-08T10:39:48.930000Z,LFPB,Paris-Le Bourget International Airport,1.73,2025-07-30T08:57:46.850000Z,adsb-lol|airplanes-live,BOTH_HAVE_IT,BOTH_HAVE_IT,112,no,yes,GAP -- aircraft unobserved for 112 day(s) between these two fields; intermediate stops are possible and are NOT ruled out,
CONTROL-LUFTHANSA,2025-04-10,2025-04-10,0,LFBO,Toulouse-Blagnac Airport,0.36,2025-04-10T04:38:50.020000Z,EDDF,Frankfurt Main Airport,2.17,2025-04-10T06:12:03.330000Z,adsb-lol|airplanes-live,BOTH_HAVE_IT,BOTH_HAVE_IT,0,no,no,direct,
CONTROL-LUFTHANSA,2025-04-10,2025-04-10,0,EDDF,Frankfurt Main Airport,1.6,2025-04-10T07:18:42.460000Z,EPKK,Kraków John Paul II International Airport,0.49,2025-04-10T08:33:27.440000Z,adsb-lol|airplanes-live,BOTH_HAVE_IT,BOTH_HAVE_IT,0,no,no,direct,
CONTROL-LUFTHANSA,2025-04-10,2025-04-10,0,EPKK,Kraków John Paul II International Airport,0.49,2025-04-10T09:26:21.400000Z,EDDF,Frankfurt Main Airport,2.35,2025-04-10T10:43:31.220000Z,adsb-lol|airplanes-live,BOTH_HAVE_IT,BOTH_HAVE_IT,0,no,no,direct,
CONTROL-LUFTHANSA,2025-04-10,2025-04-10,0,EDDF,Frankfurt Main Airport,1.48,2025-04-10T12:55:48.500000Z,LROP,Bucharest Henri Coandă International Airport,0.67,2025-04-10T14:51:31.330000Z,adsb-lol|airplanes-live,BOTH_HAVE_IT,BOTH_HAVE_IT,0,no,no,direct,
CONTROL-LUFTHANSA,2025-04-10,2025-04-10,0,LROP,Bucharest Henri Coandă International Airport,0.67,2025-04-10T14:52:05.480000Z,EDDF,Frankfurt Main Airport,1.61,2025-04-10T18:03:16.360000Z,adsb-lol|airplanes-live,BOTH_HAVE_IT,BOTH_HAVE_IT,0,no,no,direct,
CONTROL-RYANAIR,2025-04-10,2025-04-18,8,LHBP,Budapest Liszt Ferenc International Airport,1.06,2025-04-10T15:36:48.410000Z,LOWW,Vienna International Airport,1.37,2025-04-18T06:36:52.550000Z,adsb-lol|airplanes-live,BOTH_HAVE_IT,BOTH_HAVE_IT,7,no,yes,GAP -- aircraft unobserved for 7 day(s) between these two fields; intermediate stops are possible and are NOT ruled out,
N40JD,2025-04-10,2025-04-10,0,KSDL,Scottsdale Airport,0.76,2025-04-10T14:34:46.140000Z,KHHR,Jack Northrop Field Hawthorne Municipal Airport,0.05,2025-04-10T15:37:21.110000Z,adsb-lol|airplanes-live,BOTH_HAVE_IT,BOTH_HAVE_IT,0,no,no,direct,
N40JD,2025-04-10,2025-04-11,1,KHHR,Jack Northrop Field Hawthorne Municipal Airport,0.05,2025-04-10T15:41:31.890000Z,KSDL,Scottsdale Airport,0.14,2025-04-11T00:51:05.970000Z,adsb-lol|airplanes-live,BOTH_HAVE_IT,BOTH_HAVE_IT,0,no,yes,overnight,
N582MM,2025-04-10,2025-04-10,0,KBOS,Boston Logan International Airport,1.37,2025-04-10T00:13:40.530000Z,KCLE,Cleveland Hopkins International Airport,0.22,2025-04-10T20:33:11.220000Z,adsb-lol|airplanes-live,BOTH_HAVE_IT,BOTH_HAVE_IT,0,no,no,direct,
N582MM,2025-04-10,2025-04-11,1,KCLE,Cleveland Hopkins International Airport,0.22,2025-04-10T20:33:50.280000Z,KSDL,Scottsdale Airport,0.29,2025-04-11T23:12:45.060000Z,adsb-lol|airplanes-live,BOTH_HAVE_IT,BOTH_HAVE_IT,0,no,yes,overnight,
N872RA,2025-04-10,2025-04-10,0,KAVQ,Marana Regional Airport,0.32,2025-04-10T19:45:45.350000Z,KVNY,Van Nuys Airport,0.79,2025-04-10T21:35:39.910000Z,adsb-lol|airplanes-live,BOTH_HAVE_IT,BOTH_HAVE_IT,0,no,no,direct,
N872RA,2025-04-10,2025-04-10,0,KVNY,Van Nuys Airport,0.29,2025-04-10T22:57:28.040000Z,KLVK,Livermore Municipal Airport,0.42,2025-04-10T23:50:57.330000Z,adsb-lol|airplanes-live,BOTH_HAVE_IT,BOTH_HAVE_IT,0,no,no,direct,
N872RA,2025-04-11,2025-04-11,0,KLVK,Livermore Municipal Airport,0.13,2025-04-11T01:46:11.700000Z,KSJC,Mineta San Jose International Airport,0.19,2025-04-11T00:54:40.080000Z,adsb-lol|airplanes-live,BOTH_HAVE_IT,BOTH_HAVE_IT,0,no,no,direct,
N872RA,2025-04-11,2025-04-11,0,KSJC,Mineta San Jose International Airport,0.19,2025-04-11T01:46:15.770000Z,KUDD,Bermuda Dunes Airport,0.25,2025-04-11T02:46:00.990000Z,adsb-lol|airplanes-live,BOTH_HAVE_IT,BOTH_HAVE_IT,0,no,no,direct,
N872RA,2025-04-11,2025-04-13,2,KUDD,Bermuda Dunes Airport,0.25,2025-04-11T03:07:08.550000Z,KSLC,Salt Lake City International Airport,2.39,2025-04-13T16:25:26.720000Z,adsb-lol|airplanes-live,BOTH_HAVE_IT,BOTH_HAVE_IT,1,no,yes,GAP -- aircraft unobserved for 1 day(s) between these two fields; intermediate stops are possible and are NOT ruled out,
N40JD,2025-04-12,2025-04-12,0,KSDL,Scottsdale Airport,0.19,2025-04-12T19:20:11.570000Z,KABQ,Albuquerque International Sunport,0.71,2025-04-12T20:13:35.130000Z,adsb-lol|airplanes-live,BOTH_HAVE_IT,BOTH_HAVE_IT,0,no,no,direct,
N40JD,2025-04-12,2025-04-13,1,KABQ,Albuquerque International Sunport,0.66,2025-04-12T23:20:34.080000Z,KSDL,Scottsdale Airport,0.12,2025-04-13T00:14:58.600000Z,adsb-lol|airplanes-live,BOTH_HAVE_IT,BOTH_HAVE_IT,0,no,yes,overnight,
N582MM,2025-04-12,2025-04-21,9,KSDL,Scottsdale Airport,0.16,2025-04-12T00:09:41.320000Z,KTYS,McGhee Tyson Airport,0.46,2025-04-21T19:57:25.330000Z,adsb-lol|airplanes-live,BOTH_HAVE_IT,BOTH_HAVE_IT,8,no,yes,GAP -- aircraft unobserved for 8 day(s) between these two fields; intermediate stops are possible and are NOT ruled out,
N40JD,2025-04-13,2025-04-13,0,KSDL,Scottsdale Airport,0.22,2025-04-13T11:47:04.420000Z,H81,River Falls Airport,0.21,2025-04-13T13:13:23.850000Z,adsb-lol|airplanes-live,BOTH_HAVE_IT,BOTH_HAVE_IT,0,no,no,direct,
N40JD,2025-04-13,2025-04-13,0,H81,River Falls Airport,0.21,2025-04-13T14:02:08.510000Z,KELP,El Paso International Airport,1.13,2025-04-13T14:58:55.340000Z,adsb-lol|airplanes-live,BOTH_HAVE_IT,BOTH_HAVE_IT,0,no,no,direct,
N40JD,2025-04-13,2025-04-23,10,KELP,El Paso International Airport,1.13,2025-04-13T14:59:28.370000Z,KSDL,Scottsdale Airport,0.24,2025-04-23T17:03:32.060000Z,adsb-lol|airplanes-live,BOTH_HAVE_IT,BOTH_HAVE_IT,9,no,yes,GAP -- aircraft unobserved for 9 day(s) between these two fields; intermediate stops are possible and are NOT ruled out,
N560TW,2025-04-13,2025-04-21,8,KSDL,Scottsdale Airport,0.1,2025-04-13T07:22:26.940000Z,KABQ,Albuquerque International Sunport,0.68,2025-04-21T19:56:25.430000Z,adsb-lol|airplanes-live,BOTH_HAVE_IT,BOTH_HAVE_IT,7,no,yes,GAP -- aircraft unobserved for 7 day(s) between these two fields; intermediate stops are possible and are NOT ruled out,
N872RA,2025-04-13,2025-04-13,0,KSLC,Salt Lake City International Airport,2.39,2025-04-13T17:10:08.950000Z,KIWA,Mesa Gateway Airport,1.58,2025-04-13T18:35:15.120000Z,adsb-lol|airplanes-live,BOTH_HAVE_IT,BOTH_HAVE_IT,0,no,no,direct,
N872RA,2025-04-13,2025-04-24,11,KIWA,Mesa Gateway Airport,1.58,2025-04-13T18:37:17.450000Z,KSBD,San Bernardino International Airport,0.45,2025-04-24T13:39:03.950000Z,adsb-lol|airplanes-live,BOTH_HAVE_IT,BOTH_HAVE_IT,10,no,yes,GAP -- aircraft unobserved for 10 day(s) between these two fields; intermediate stops are possible and are NOT ruled out,
SU-BTU,2025-04-14,2025-04-15,1,KPVU,Provo Municipal Airport,1.26,2025-04-14T12:02:37.440000Z,KILG,Wilmington Airport,4.14,2025-04-15T10:06:32.580000Z,adsb-lol|airplanes-live,BOTH_HAVE_IT,BOTH_HAVE_IT,0,no,yes,overnight,
SU-BGM,2025-04-16,2025-10-22,189,KPVU,Provo Municipal Airport,1.41,2025-04-16T18:14:53.530000Z,HEAZ,Almaza Air Force Base,0.67,2025-10-22T07:07:31.200000Z,adsb-lol|airplanes-live,BOTH_HAVE_IT,ONLY_ON_AIRPLANES_LIVE,188,yes,yes,GAP -- aircraft unobserved for 188 day(s) between these two fields; intermediate stops are possible and are NOT ruled out,
CONTROL-LUFTHANSA,2025-04-18,2025-04-18,0,EDDF,Frankfurt Main Airport,2.06,2025-04-18T05:22:44.550000Z,DE-0218,Waldeck Airfield,6.55,2025-04-18T07:01:51.910000Z,adsb-lol|airplanes-live,BOTH_HAVE_IT,BOTH_HAVE_IT,0,no,no,direct,
CONTROL-LUFTHANSA,2025-04-18,2025-04-18,0,DE-0218,Waldeck Airfield,6.55,2025-04-18T07:39:19.640000Z,EDDF,Frankfurt Main Airport,1.18,2025-04-18T07:01:51.920000Z,adsb-lol|airplanes-live,BOTH_HAVE_IT,BOTH_HAVE_IT,0,no,no,direct,
CONTROL-LUFTHANSA,2025-04-18,2025-04-18,0,EDDF,Frankfurt Main Airport,2.33,2025-04-18T09:56:07.510000Z,EGBB,Birmingham Airport,0.01,2025-04-18T11:12:47.980000Z,adsb-lol|airplanes-live,BOTH_HAVE_IT,BOTH_HAVE_IT,0,no,no,direct,
CONTROL-LUFTHANSA,2025-04-18,2025-04-18,0,EGBB,Birmingham Airport,0.79,2025-04-18T12:25:49.820000Z,EDDF,Frankfurt Main Airport,2.46,2025-04-18T13:39:28.810000Z,adsb-lol|airplanes-live,BOTH_HAVE_IT,BOTH_HAVE_IT,0,no,no,direct,
CONTROL-RYANAIR,2025-04-18,2025-04-19,1,LOWW,Vienna International Airport,1.15,2025-04-18T07:50:29.470000Z,LBSF,Sofia Airport,0.53,2025-04-19T07:07:29.140000Z,adsb-lol|airplanes-live,BOTH_HAVE_IT,BOTH_HAVE_IT,0,no,yes,overnight,
CONTROL-LUFTHANSA,2025-04-19,2025-04-19,0,EDDF,Frankfurt Main Airport,1.76,2025-04-19T05:13:21.420000Z,ENGM,Oslo-Gardermoen International Airport,0.78,2025-04-19T06:46:06.170000Z,adsb-lol|airplanes-live,BOTH_HAVE_IT,BOTH_HAVE_IT,0,no,no,direct,
CONTROL-LUFTHANSA,2025-04-19,2025-04-19,0,ENGM,Oslo-Gardermoen International Airport,0.78,2025-04-19T06:46:39.200000Z,EDDF,Frankfurt Main Airport,2.25,2025-04-19T09:40:46.080000Z,adsb-lol|airplanes-live,BOTH_HAVE_IT,BOTH_HAVE_IT,0,no,no,direct,
CONTROL-LUFTHANSA,2025-04-19,2025-04-19,0,EDDF,Frankfurt Main Airport,0.96,2025-04-19T15:21:19.320000Z,LSZH,Zürich Airport,0.74,2025-04-19T14:42:52.780000Z,adsb-lol|airplanes-live,BOTH_HAVE_IT,BOTH_HAVE_IT,0,no,no,direct,
CONTROL-LUFTHANSA,2025-04-19,2025-04-19,0,LSZH,Zürich Airport,0.95,2025-04-19T16:58:27.860000Z,EDDF,Frankfurt Main Airport,1.62,2025-04-19T18:20:43.290000Z,adsb-lol|airplanes-live,BOTH_HAVE_IT,BOTH_HAVE_IT,0,no,no,direct,
CONTROL-RYANAIR,2025-04-19,2025-04-20,1,LBSF,Sofia Airport,0.59,2025-04-19T08:05:20.120000Z,LICC,Catania-Fontanarossa Airport,0.4,2025-04-20T06:00:51.700000Z,adsb-lol|airplanes-live,BOTH_HAVE_IT,BOTH_HAVE_IT,0,no,yes,overnight,
CONTROL-LUFTHANSA,2025-04-20,2025-04-20,0,EDDF,Frankfurt Main Airport,1.38,2025-04-20T08:47:23.250000Z,EIDW,Dublin Airport,0.5,2025-04-20T10:24:35.910000Z,adsb-lol|airplanes-live,BOTH_HAVE_IT,BOTH_HAVE_IT,0,no,no,direct,
CONTROL-LUFTHANSA,2025-04-20,2025-04-20,0,EIDW,Dublin Airport,0.5,2025-04-20T11:24:00.320000Z,EDDF,Frankfurt Main Airport,1.57,2025-04-20T13:00:59.350000Z,adsb-lol|airplanes-live,BOTH_HAVE_IT,BOTH_HAVE_IT,0,no,no,direct,
CONTROL-LUFTHANSA,2025-04-20,2025-04-20,0,EDDF,Frankfurt Main Airport,2.03,2025-04-20T14:36:54.800000Z,EDXW,Westerland Sylt Airport,0.53,2025-04-20T15:32:33.360000Z,adsb-lol,BOTH_HAVE_IT,BOTH_HAVE_IT,0,no,no,direct,
CONTROL-LUFTHANSA,2025-04-20,2025-04-20,0,EDXW,Westerland Sylt Airport,0.97,2025-04-20T16:30:29.670000Z,EDDF,Frankfurt Main Airport,1.12,2025-04-20T17:30:10.950000Z,adsb-lol|airplanes-live,BOTH_HAVE_IT,BOTH_HAVE_IT,0,no,no,direct,
CONTROL-LUFTHANSA,2025-04-20,2025-04-24,4,EDDF,Frankfurt Main Airport,1.12,2025-04-20T17:36:53.810000Z,EGCC,Manchester Airport,1.02,2025-04-24T05:00:33.940000Z,adsb-lol|airplanes-live,BOTH_HAVE_IT,BOTH_HAVE_IT,3,no,yes,GAP -- aircraft unobserved for 3 day(s) between these two fields; intermediate stops are possible and are NOT ruled out,
CONTROL-RYANAIR,2025-04-20,2025-04-20,0,LICC,Catania-Fontanarossa Airport,0.4,2025-04-20T06:03:07.410000Z,EGSS,London Stansted Airport,0.52,2025-04-20T12:59:49.490000Z,adsb-lol|airplanes-live,BOTH_HAVE_IT,BOTH_HAVE_IT,0,no,no,direct,
N560TW,2025-04-21,2025-04-21,0,KABQ,Albuquerque International Sunport,0.68,2025-04-21T20:19:42.060000Z,KSDL,Scottsdale Airport,0.14,2025-04-21T21:16:52.600000Z,adsb-lol|airplanes-live,BOTH_HAVE_IT,BOTH_HAVE_IT,0,no,no,direct,
N582MM,2025-04-21,2025-04-22,1,KTYS,McGhee Tyson Airport,1.1,2025-04-21T20:45:08.410000Z,KSDL,Scottsdale Airport,0.44,2025-04-22T03:46:01.640000Z,adsb-lol|airplanes-live,BOTH_HAVE_IT,BOTH_HAVE_IT,0,no,yes,overnight,
N40JD,2025-04-23,2025-04-23,0,KSDL,Scottsdale Airport,0.24,2025-04-23T18:13:24.190000Z,KBJC,Rocky Mountain Metropolitan Airport,0.52,2025-04-23T19:29:42.600000Z,adsb-lol|airplanes-live,BOTH_HAVE_IT,BOTH_HAVE_IT,0,no,no,direct,
N40JD,2025-04-23,2025-04-24,1,KBJC,Rocky Mountain Metropolitan Airport,0.52,2025-04-23T20:27:22.230000Z,KSDL,Scottsdale Airport,0.09,2025-04-24T19:53:16.140000Z,adsb-lol|airplanes-live,BOTH_HAVE_IT,BOTH_HAVE_IT,0,no,yes,overnight,
CONTROL-LUFTHANSA,2025-04-24,2025-04-24,0,EGCC,Manchester Airport,1.02,2025-04-24T05:25:33.270000Z,EDDF,Frankfurt Main Airport,1.4,2025-04-24T06:45:55.350000Z,adsb-lol|airplanes-live,BOTH_HAVE_IT,BOTH_HAVE_IT,0,no,no,direct,
CONTROL-LUFTHANSA,2025-04-24,2025-04-24,0,EDDF,Frankfurt Main Airport,2.8,2025-04-24T08:20:13.460000Z,EGCC,Manchester Airport,0.54,2025-04-24T09:41:32.460000Z,adsb-lol|airplanes-live,BOTH_HAVE_IT,BOTH_HAVE_IT,0,no,no,direct,
CONTROL-LUFTHANSA,2025-04-24,2025-04-24,0,EGCC,Manchester Airport,1.04,2025-04-24T10:49:17.490000Z,EDDF,Frankfurt Main Airport,2.12,2025-04-24T12:01:56.260000Z,adsb-lol|airplanes-live,BOTH_HAVE_IT,BOTH_HAVE_IT,0,no,no,direct,
CONTROL-LUFTHANSA,2025-04-24,2025-04-24,0,EDDF,Frankfurt Main Airport,2.54,2025-04-24T15:25:42.320000Z,EGCC,Manchester Airport,0.41,2025-04-24T16:43:18.730000Z,adsb-lol|airplanes-live,BOTH_HAVE_IT,BOTH_HAVE_IT,0,no,no,direct,
CONTROL-LUFTHANSA,2025-04-24,2025-04-24,0,EGCC,Manchester Airport,0.63,2025-04-24T17:51:56.140000Z,EDDF,Frankfurt Main Airport,1.37,2025-04-24T19:07:25.610000Z,adsb-lol|airplanes-live,BOTH_HAVE_IT,BOTH_HAVE_IT,0,no,no,direct,
CONTROL-LUFTHANSA,2025-04-24,2025-05-02,8,EDDF,Frankfurt Main Airport,1.37,2025-04-24T19:12:26.410000Z,EDDP,Leipzig/Halle Airport,0.99,2025-05-02T04:10:18.520000Z,adsb-lol|airplanes-live,BOTH_HAVE_IT,BOTH_HAVE_IT,7,no,yes,GAP -- aircraft unobserved for 7 day(s) between these two fields; intermediate stops are possible and are NOT ruled out,
CONTROL-RYANAIR,2025-04-24,2025-05-02,8,EGSS,London Stansted Airport,0.58,2025-04-24T20:57:34.940000Z,LIRF,Rome–Fiumicino Leonardo da Vinci International Airport,2.95,2025-05-02T08:22:47.170000Z,adsb-lol|airplanes-live,BOTH_HAVE_IT,BOTH_HAVE_IT,7,no,yes,GAP -- aircraft unobserved for 7 day(s) between these two fields; intermediate stops are possible and are NOT ruled out,
N102DZ,2025-04-24,2025-04-24,0,PHNL,Daniel K. Inouye International Airport,0.58,2025-04-24T09:11:26.740000Z,KIAD,Washington Dulles International Airport,1.68,2025-04-24T17:38:58.500000Z,adsb-lol|airplanes-live,BOTH_HAVE_IT,BOTH_HAVE_IT,0,no,no,direct,
N102DZ,2025-04-24,2025-04-24,0,KIAD,Washington Dulles International Airport,0.63,2025-04-24T19:08:37.180000Z,KTEB,Teterboro Airport,0.98,2025-04-24T19:58:59Z,adsb-lol|airplanes-live,BOTH_HAVE_IT,BOTH_HAVE_IT,0,no,no,direct,
N582MM,2025-04-24,2025-04-25,1,KSDL,Scottsdale Airport,0.56,2025-04-24T21:38:04.360000Z,KPHL,Philadelphia International Airport,1.02,2025-04-25T06:52:10.240000Z,adsb-lol|airplanes-live,BOTH_HAVE_IT,BOTH_HAVE_IT,0,no,yes,overnight,
N872RA,2025-04-24,2025-04-24,0,KSBD,San Bernardino International Airport,0.45,2025-04-24T14:49:40.180000Z,KSDM,Brown Field Municipal Airport,0.89,2025-04-24T19:54:01.100000Z,adsb-lol|airplanes-live,BOTH_HAVE_IT,BOTH_HAVE_IT,0,no,no,direct,
N872RA,2025-04-24,2025-04-24,0,KSDM,Brown Field Municipal Airport,0.89,2025-04-24T20:29:35.930000Z,KSNA,John Wayne Orange County International Airport,0.16,2025-04-24T22:42:13.440000Z,adsb-lol|airplanes-live,BOTH_HAVE_IT,BOTH_HAVE_IT,0,no,no,direct,
N872RA,2025-04-24,2025-04-25,1,KSNA,John Wayne Orange County International Airport,0.16,2025-04-24T22:42:13.440000Z,KVNY,Van Nuys Airport,0.62,2025-04-25T20:06:12.480000Z,adsb-lol|airplanes-live,BOTH_HAVE_IT,BOTH_HAVE_IT,0,no,yes,overnight,
N872RA,2025-04-25,2025-04-26,1,KVNY,Van Nuys Airport,0.62,2025-04-25T21:17:22.720000Z,KLAX,Los Angeles International Airport,1.54,2025-04-26T03:55:01.590000Z,adsb-lol|airplanes-live,BOTH_HAVE_IT,BOTH_HAVE_IT,0,no,yes,overnight,
N40JD,2025-04-26,2025-04-26,0,KSDL,Scottsdale Airport,0.53,2025-04-26T20:55:21.390000Z,KABQ,Albuquerque International Sunport,0.76,2025-04-26T21:42:24.350000Z,adsb-lol|airplanes-live,BOTH_HAVE_IT,BOTH_HAVE_IT,0,no,no,direct,
N40JD,2025-04-26,2025-04-26,0,KABQ,Albuquerque International Sunport,0.76,2025-04-26T22:13:57.680000Z,KSDL,Scottsdale Airport,0.1,2025-04-26T23:16:10.640000Z,adsb-lol|airplanes-live,BOTH_HAVE_IT,BOTH_HAVE_IT,0,no,no,direct,
N582MM,2025-04-26,2025-04-26,0,KPHL,Philadelphia International Airport,0.9,2025-04-26T00:14:28.290000Z,KSDL,Scottsdale Airport,0.54,2025-04-26T05:37:40.470000Z,adsb-lol|airplanes-live,BOTH_HAVE_IT,BOTH_HAVE_IT,0,no,no,direct,
N582MM,2025-04-26,2025-04-26,0,KSDL,Scottsdale Airport,0.62,2025-04-26T16:44:17.950000Z,KDRO,Durango La Plata County Airport,0.55,2025-04-26T19:43:54.640000Z,adsb-lol|airplanes-live,BOTH_HAVE_IT,BOTH_HAVE_IT,0,no,no,direct,
N582MM,2025-04-26,2025-04-27,1,KDRO,Durango La Plata County Airport,0.55,2025-04-26T20:14:34.480000Z,KBFI,King County International Airport - Boeing Field,0.69,2025-04-27T02:43:02.150000Z,adsb-lol|airplanes-live,BOTH_HAVE_IT,BOTH_HAVE_IT,0,no,yes,overnight,
N872RA,2025-04-26,2025-04-29,3,KLAX,Los Angeles International Airport,1.54,2025-04-26T04:23:02.600000Z,KSNA,John Wayne Orange County International Airport,0.09,2025-04-29T21:05:51.400000Z,adsb-lol|airplanes-live,BOTH_HAVE_IT,BOTH_HAVE_IT,2,no,yes,GAP -- aircraft unobserved for 2 day(s) between these two fields; intermediate stops are possible and are NOT ruled out,
N582MM,2025-04-27,2025-04-27,0,KBFI,King County International Airport - Boeing Field,0.69,2025-04-27T02:45:26.200000Z,KSDL,Scottsdale Airport,0.5,2025-04-27T05:39:18.710000Z,adsb-lol|airplanes-live,BOTH_HAVE_IT,BOTH_HAVE_IT,0,no,no,direct,
N582MM,2025-04-29,2025-04-29,0,KSDL,Scottsdale Airport,0.44,2025-04-29T20:26:20.990000Z,KAPA,Centennial Airport,0.34,2025-04-29T21:46:47.910000Z,adsb-lol|airplanes-live,BOTH_HAVE_IT,BOTH_HAVE_IT,0,no,no,direct,
N872RA,2025-04-29,2025-04-29,0,KSNA,John Wayne Orange County International Airport,0.09,2025-04-29T21:29:26.610000Z,KCRQ,McClellan-Palomar Airport,0.58,2025-04-29T22:15:24.330000Z,adsb-lol|airplanes-live,BOTH_HAVE_IT,BOTH_HAVE_IT,0,no,no,direct,
N872RA,2025-04-29,2025-04-30,1,KCRQ,McClellan-Palomar Airport,0.58,2025-04-29T22:20:46.870000Z,KFNL,Northern Colorado Regional Airport,0.18,2025-04-30T00:20:26.970000Z,adsb-lol|airplanes-live,BOTH_HAVE_IT,BOTH_HAVE_IT,0,no,yes,overnight,
N102DZ,2025-04-30,2025-04-30,0,KTEB,Teterboro Airport,0.21,2025-04-30T09:37:49.870000Z,KVNY,Van Nuys Airport,0.89,2025-04-30T18:25:16.600000Z,adsb-lol|airplanes-live,BOTH_HAVE_IT,BOTH_HAVE_IT,0,no,no,direct,
N102DZ,2025-04-30,2025-05-01,1,KVNY,Van Nuys Airport,0.47,2025-04-30T20:14:14Z,KTEB,Teterboro Airport,0.93,2025-05-01T00:47:12.720000Z,adsb-lol|adsbexchange-samples|airplanes-live,BOTH_HAVE_IT,BOTH_HAVE_IT,0,no,yes,overnight,
N582MM,2025-04-30,2025-04-30,0,KAPA,Centennial Airport,1.38,2025-04-30T02:41:43.510000Z,KSDL,Scottsdale Airport,0.31,2025-04-30T04:00:54.970000Z,adsb-lol|airplanes-live,BOTH_HAVE_IT,BOTH_HAVE_IT,0,no,no,direct,
N872RA,2025-04-30,2025-04-30,0,KFNL,Northern Colorado Regional Airport,0.18,2025-04-30T01:00:51.210000Z,KCRQ,McClellan-Palomar Airport,0.21,2025-04-30T17:07:46.680000Z,adsb-lol|airplanes-live,BOTH_HAVE_IT,BOTH_HAVE_IT,0,no,no,direct,"dest|San Diego,CA|2025-05-01|Charlie|23.2"
N872RA,2025-04-30,2025-05-01,1,KCRQ,McClellan-Palomar Airport,0.58,2025-04-30T18:55:05.560000Z,KSAN,San Diego International Airport,0.75,2025-05-01T14:53:53.140000Z,adsb-lol|adsbexchange-samples|airplanes-live,BOTH_HAVE_IT,BOTH_HAVE_IT,0,no,yes,overnight,"dest|San Diego,CA|2025-05-01|Charlie|6.2"
N2100L,2025-05-01,2025-05-01,0,KBIF,Biggs Army Air Field (Fort Bliss),1.9,2025-05-01T14:04:49.420000Z,KSMF,Sacramento International Airport,1.27,2025-05-01T17:17:42.990000Z,adsbexchange-samples,HELD_BY_ADSBEXCHANGE-SAMPLES,HELD_BY_ADSBEXCHANGE-SAMPLES,0,yes,no,direct,
N2100L,2025-05-01,2025-05-01,0,KSMF,Sacramento International Airport,1.27,2025-05-01T17:40:04.550000Z,KBIF,Biggs Army Air Field (Fort Bliss),0.05,2025-05-01T20:18:28.180000Z,adsbexchange-samples,HELD_BY_ADSBEXCHANGE-SAMPLES,HELD_BY_ADSBEXCHANGE-SAMPLES,0,yes,no,direct,
N2100L,2025-05-01,2025-05-01,0,KBIF,Biggs Army Air Field (Fort Bliss),0.05,2025-05-01T20:19:43.770000Z,KROW,Roswell Air Center Airport,1.63,2025-05-01T22:47:39.090000Z,adsbexchange-samples,HELD_BY_ADSBEXCHANGE-SAMPLES,HELD_BY_ADSBEXCHANGE-SAMPLES,0,yes,no,direct,
N2100L,2025-05-01,2025-07-01,61,KROW,Roswell Air Center Airport,1.63,2025-05-01T22:51:42.620000Z,KHII,Lake Havasu City Airport,0.95,2025-07-01T01:17:28.700000Z,adsbexchange-samples,HELD_BY_ADSBEXCHANGE-SAMPLES,HELD_BY_ADSBEXCHANGE-SAMPLES,60,yes,yes,GAP -- aircraft unobserved for 60 day(s) between these two fields; intermediate stops are possible and are NOT ruled out,
N40JD,2025-05-01,2025-05-01,0,KSDL,Scottsdale Airport,0.92,2025-05-01T17:18:40.150000Z,KSAN,San Diego International Airport,0.96,2025-05-01T18:16:21.810000Z,adsb-lol|adsbexchange-samples|airplanes-live,BOTH_HAVE_IT,BOTH_HAVE_IT,0,no,no,direct,"dest|San Diego,CA|2025-05-01|Charlie|6.2"
N40JD,2025-05-01,2025-05-01,0,KSAN,San Diego International Airport,0.96,2025-05-01T19:00:05.880000Z,KSDL,Scottsdale Airport,0.15,2025-05-01T19:52:48.290000Z,adsb-lol|adsbexchange-samples|airplanes-live,BOTH_HAVE_IT,BOTH_HAVE_IT,0,no,no,direct,"origin|San Diego,CA|2025-05-01|Charlie|6.2"
N582MM,2025-05-01,2025-05-01,0,KSDL,Scottsdale Airport,0.58,2025-05-01T20:00:06.070000Z,KSAN,San Diego International Airport,0.24,2025-05-01T20:54:13.330000Z,adsb-lol|adsbexchange-samples|airplanes-live,BOTH_HAVE_IT,BOTH_HAVE_IT,0,no,no,direct,"dest|San Diego,CA|2025-05-01|Charlie|6.5"
N582MM,2025-05-01,2025-05-02,1,KSAN,San Diego International Airport,0.24,2025-05-01T22:59:26.250000Z,KLAS,Harry Reid International Airport,0.63,2025-05-02T02:15:09.990000Z,adsb-lol|adsbexchange-samples|airplanes-live,BOTH_HAVE_IT,BOTH_HAVE_IT,0,no,yes,overnight,"origin|San Diego,CA|2025-05-01|Charlie|6.5"
N872RA,2025-05-01,2025-05-01,0,KSAN,San Diego International Airport,1.28,2025-05-01T17:13:17.420000Z,KPHX,Phoenix Sky Harbor International Airport,1.65,2025-05-01T18:02:08.520000Z,adsb-lol|adsbexchange-samples|airplanes-live,BOTH_HAVE_IT,BOTH_HAVE_IT,0,no,no,direct,"origin|San Diego,CA|2025-05-01|Charlie|6.3"
N872RA,2025-05-01,2025-05-01,0,KPHX,Phoenix Sky Harbor International Airport,1.65,2025-05-01T18:40:58.090000Z,KVNY,Van Nuys Airport,0.96,2025-05-01T21:06:37.850000Z,adsb-lol|adsbexchange-samples|airplanes-live,BOTH_HAVE_IT,BOTH_HAVE_IT,0,no,no,direct,
N872RA,2025-05-01,2025-05-02,1,KVNY,Van Nuys Airport,0.43,2025-05-01T23:18:58.330000Z,KSDL,Scottsdale Airport,0.67,2025-05-02T15:25:33.970000Z,adsb-lol|adsbexchange-samples|airplanes-live,BOTH_HAVE_IT,BOTH_HAVE_IT,0,no,yes,overnight,
CONTROL-LUFTHANSA,2025-05-02,2025-05-02,0,EDDP,Leipzig/Halle Airport,0.99,2025-05-02T05:04:48.670000Z,EDDF,Frankfurt Main Airport,1.61,2025-05-02T06:01:02.050000Z,adsb-lol|airplanes-live,BOTH_HAVE_IT,BOTH_HAVE_IT,0,no,no,direct,
CONTROL-LUFTHANSA,2025-05-02,2025-05-02,0,EDDF,Frankfurt Main Airport,1.61,2025-05-02T06:03:48.180000Z,LFMN,Nice-Côte d'Azur Airport,1.49,2025-05-02T08:04:45.790000Z,adsb-lol|airplanes-live,BOTH_HAVE_IT,BOTH_HAVE_IT,0,no,no,direct,
CONTROL-LUFTHANSA,2025-05-02,2025-05-02,0,LFMN,Nice-Côte d'Azur Airport,1.49,2025-05-02T08:12:20.660000Z,EDDF,Frankfurt Main Airport,1.7,2025-05-02T09:29:12.050000Z,adsb-lol|airplanes-live,BOTH_HAVE_IT,BOTH_HAVE_IT,0,no,no,direct,
CONTROL-LUFTHANSA,2025-05-02,2025-05-02,0,EDDF,Frankfurt Main Airport,1.7,2025-05-02T09:30:25.240000Z,EDDS,Stuttgart Airport,1.76,2025-05-02T11:10:29.260000Z,adsb-lol|airplanes-live,BOTH_HAVE_IT,BOTH_HAVE_IT,0,no,no,direct,
CONTROL-LUFTHANSA,2025-05-02,2025-05-02,0,EDDS,Stuttgart Airport,0.48,2025-05-02T13:18:19.410000Z,EDDF,Frankfurt Main Airport,1.96,2025-05-02T14:43:17.250000Z,adsb-lol|airplanes-live,BOTH_HAVE_IT,BOTH_HAVE_IT,0,no,no,direct,
CONTROL-RYANAIR,2025-05-02,2025-05-02,0,LIRF,Rome–Fiumicino Leonardo da Vinci International Airport,3.1,2025-05-02T14:24:36.880000Z,LICJ,Falcone–Borsellino Airport,1.41,2025-05-02T16:07:29.050000Z,airplanes-live,BOTH_HAVE_IT,BOTH_HAVE_IT,0,no,no,direct,
CONTROL-RYANAIR,2025-05-02,2025-05-02,0,LICJ,Falcone–Borsellino Airport,1.41,2025-05-02T16:08:00.080000Z,LIRF,Rome–Fiumicino Leonardo da Vinci International Airport,2.81,2025-05-02T18:17:03.830000Z,airplanes-live,BOTH_HAVE_IT,BOTH_HAVE_IT,0,no,no,direct,
CONTROL-RYANAIR,2025-05-02,2025-05-02,0,LIRF,Rome–Fiumicino Leonardo da Vinci International Airport,2.81,2025-05-02T18:19:21.970000Z,LIBD,Bari Karol Wojtyła International Airport,0.71,2025-05-02T20:06:47.410000Z,airplanes-live,BOTH_HAVE_IT,BOTH_HAVE_IT,0,no,no,direct,
CONTROL-RYANAIR,2025-05-02,2025-05-02,0,LIBD,Bari Karol Wojtyła International Airport,0.71,2025-05-02T20:06:47.410000Z,LIRF,Rome–Fiumicino Leonardo da Vinci International Airport,2.7,2025-05-02T21:26:49.210000Z,airplanes-live,BOTH_HAVE_IT,BOTH_HAVE_IT,0,no,no,direct,
CONTROL-RYANAIR,2025-05-02,2025-05-22,20,LIRF,Rome–Fiumicino Leonardo da Vinci International Airport,2.7,2025-05-02T21:28:17.300000Z,LIPZ,Venice Marco Polo Airport,0.28,2025-05-22T09:15:29.880000Z,adsb-lol|airplanes-live,BOTH_HAVE_IT,BOTH_HAVE_IT,19,no,yes,GAP -- aircraft unobserved for 19 day(s) between these two fields; intermediate stops are possible and are NOT ruled out,
N40JD,2025-05-02,2025-05-02,0,KSDL,Scottsdale Airport,0.52,2025-05-02T12:44:41.050000Z,KSLC,Salt Lake City International Airport,1.68,2025-05-02T13:58:22.610000Z,adsb-lol|airplanes-live,BOTH_HAVE_IT,BOTH_HAVE_IT,0,no,no,direct,
N40JD,2025-05-02,2025-05-02,0,KSLC,Salt Lake City International Airport,1.68,2025-05-02T13:58:22.610000Z,KSDL,Scottsdale Airport,0.22,2025-05-02T15:50:46.750000Z,adsb-lol|airplanes-live,BOTH_HAVE_IT,BOTH_HAVE_IT,0,no,no,direct,
N40JD,2025-05-02,2025-05-02,0,KSDL,Scottsdale Airport,0.28,2025-05-02T19:28:34.510000Z,KUDD,Bermuda Dunes Airport,0.23,2025-05-02T19:20:26.480000Z,adsb-lol|airplanes-live,BOTH_HAVE_IT,BOTH_HAVE_IT,0,no,no,direct,
N40JD,2025-05-02,2025-05-02,0,KUDD,Bermuda Dunes Airport,0.23,2025-05-02T21:37:57.540000Z,KSDL,Scottsdale Airport,0.16,2025-05-02T21:36:00.040000Z,adsb-lol|airplanes-live,BOTH_HAVE_IT,BOTH_HAVE_IT,0,no,no,direct,
N582MM,2025-05-02,2025-05-04,2,KLAS,Harry Reid International Airport,0.63,2025-05-02T02:23:35.580000Z,KSAN,San Diego International Airport,0.11,2025-05-04T00:47:02.320000Z,adsb-lol|airplanes-live,BOTH_HAVE_IT,BOTH_HAVE_IT,1,no,yes,GAP -- aircraft unobserved for 1 day(s) between these two fields; intermediate stops are possible and are NOT ruled out,
N872RA,2025-05-02,2025-05-02,0,KSDL,Scottsdale Airport,0.67,2025-05-02T16:11:25.940000Z,KRNO,Reno Tahoe International Airport,0.95,2025-05-02T17:33:33.530000Z,adsb-lol|airplanes-live,BOTH_HAVE_IT,BOTH_HAVE_IT,0,no,no,direct,
N872RA,2025-05-02,2025-05-02,0,KRNO,Reno Tahoe International Airport,0.95,2025-05-02T18:12:25.820000Z,KVNY,Van Nuys Airport,0.74,2025-05-02T19:13:50.020000Z,adsb-lol|airplanes-live,BOTH_HAVE_IT,BOTH_HAVE_IT,0,no,no,direct,
N872RA,2025-05-02,2025-05-03,1,KVNY,Van Nuys Airport,0.3,2025-05-02T20:44:11.350000Z,KPHX,Phoenix Sky Harbor International Airport,0.62,2025-05-03T20:47:22.710000Z,adsb-lol|airplanes-live,BOTH_HAVE_IT,BOTH_HAVE_IT,0,no,yes,overnight,
N102DZ,2025-05-04,2025-05-04,0,KTEB,Teterboro Airport,0.1,2025-05-04T19:54:28.850000Z,KIAD,Washington Dulles International Airport,1.76,2025-05-04T20:42:34Z,adsb-lol|airplanes-live,BOTH_HAVE_IT,BOTH_HAVE_IT,0,no,no,direct,
N102DZ,2025-05-04,2025-05-04,0,KIAD,Washington Dulles International Airport,1.76,2025-05-04T21:44:25.240000Z,KTPA,Tampa International Airport,1.54,2025-05-04T23:39:12.180000Z,adsb-lol|airplanes-live,BOTH_HAVE_IT,BOTH_HAVE_IT,0,no,no,direct,
N40JD,2025-05-04,2025-05-04,0,KSDL,Scottsdale Airport,0.41,2025-05-04T16:14:10.390000Z,KSAN,San Diego International Airport,0.83,2025-05-04T17:06:02.860000Z,adsb-lol|airplanes-live,BOTH_HAVE_IT,BOTH_HAVE_IT,0,no,no,direct,
N40JD,2025-05-04,2025-05-04,0,KSAN,San Diego International Airport,0.83,2025-05-04T17:59:26.700000Z,KSDL,Scottsdale Airport,0.1,2025-05-04T18:49:41.660000Z,adsb-lol|airplanes-live,BOTH_HAVE_IT,BOTH_HAVE_IT,0,no,no,direct,
N40JD,2025-05-04,2025-05-04,0,KSDL,Scottsdale Airport,0.29,2025-05-04T21:38:44.160000Z,KUDD,Bermuda Dunes Airport,0.14,2025-05-04T21:30:21Z,adsb-lol|airplanes-live,BOTH_HAVE_IT,BOTH_HAVE_IT,0,no,no,direct,
N40JD,2025-05-04,2025-05-05,1,KUDD,Bermuda Dunes Airport,0.53,2025-05-04T23:31:04.420000Z,KSDL,Scottsdale Airport,0.19,2025-05-05T00:27:54.360000Z,adsb-lol|airplanes-live,BOTH_HAVE_IT,BOTH_HAVE_IT,0,no,yes,overnight,
N582MM,2025-05-04,2025-05-04,0,KSAN,San Diego International Airport,0.11,2025-05-04T00:52:42.240000Z,KSBA,Santa Barbara Municipal Airport,0.58,2025-05-04T18:07:40.060000Z,adsb-lol|airplanes-live,BOTH_HAVE_IT,BOTH_HAVE_IT,0,no,no,direct,
N872RA,2025-05-04,2025-05-04,0,KPHX,Phoenix Sky Harbor International Airport,1.07,2025-05-04T00:35:27.570000Z,KMRY,Monterey Regional Airport,0.88,2025-05-04T19:58:09.620000Z,adsb-lol|airplanes-live,BOTH_HAVE_IT,BOTH_HAVE_IT,0,no,no,direct,
N872RA,2025-05-04,2025-05-04,0,KMRY,Monterey Regional Airport,1.22,2025-05-04T21:22:10.090000Z,KSDL,Scottsdale Airport,0.37,2025-05-04T23:08:16.210000Z,adsb-lol|airplanes-live,BOTH_HAVE_IT,BOTH_HAVE_IT,0,no,no,direct,
N102DZ,2025-05-05,2025-06-01,27,KTPA,Tampa International Airport,0.71,2025-05-05T19:02:11.610000Z,EGGW,London Luton Airport,0.65,2025-06-01T01:43:44.920000Z,adsb-lol|adsbexchange-samples|airplanes-live,BOTH_HAVE_IT,HELD_BY_ADSBEXCHANGE-SAMPLES,26,yes,yes,GAP -- aircraft unobserved for 26 day(s) between these two fields; intermediate stops are possible and are NOT ruled out,
N560TW,2025-05-05,2025-05-05,0,KSDL,Scottsdale Airport,0.29,2025-05-05T17:08:30.310000Z,KVNY,Van Nuys Airport,0.59,2025-05-05T18:18:21.840000Z,adsb-lol|airplanes-live,BOTH_HAVE_IT,BOTH_HAVE_IT,0,no,no,direct,
N560TW,2025-05-05,2025-05-05,0,KVNY,Van Nuys Airport,0.59,2025-05-05T18:51:20.580000Z,KSDL,Scottsdale Airport,0.14,2025-05-05T19:55:57.200000Z,adsb-lol|airplanes-live,BOTH_HAVE_IT,BOTH_HAVE_IT,0,no,no,direct,
N582MM,2025-05-05,2025-05-05,0,KSBA,Santa Barbara Municipal Airport,1.03,2025-05-05T00:38:47.290000Z,KVNY,Van Nuys Airport,0.83,2025-05-05T05:39:42.420000Z,adsb-lol|airplanes-live,BOTH_HAVE_IT,BOTH_HAVE_IT,0,no,no,direct,
N582MM,2025-05-05,2025-05-05,0,KVNY,Van Nuys Airport,0.83,2025-05-05T06:28:10.880000Z,KLGB,Long Beach International Airport,1.16,2025-05-05T18:08:07.790000Z,adsb-lol|airplanes-live,BOTH_HAVE_IT,BOTH_HAVE_IT,0,no,no,direct,
N582MM,2025-05-05,2025-05-05,0,KLGB,Long Beach International Airport,1.16,2025-05-05T18:35:26.560000Z,KSAN,San Diego International Airport,0.72,2025-05-05T21:41:42.750000Z,adsb-lol|airplanes-live,BOTH_HAVE_IT,BOTH_HAVE_IT,0,no,no,direct,
N582MM,2025-05-05,2025-05-06,1,KSAN,San Diego International Airport,1.0,2025-05-05T23:36:48.010000Z,KSDL,Scottsdale Airport,0.56,2025-05-06T00:39:45.140000Z,adsb-lol|airplanes-live,BOTH_HAVE_IT,BOTH_HAVE_IT,0,no,yes,overnight,
N582MM,2025-05-06,2025-05-06,0,KSDL,Scottsdale Airport,0.64,2025-05-06T14:44:42.210000Z,KSAN,San Diego International Airport,0.32,2025-05-06T15:37:00.230000Z,adsb-lol|airplanes-live,BOTH_HAVE_IT,BOTH_HAVE_IT,0,no,no,direct,
N582MM,2025-05-06,2025-05-06,0,KSAN,San Diego International Airport,1.07,2025-05-06T17:25:58.590000Z,KSFO,San Francisco International Airport,0.76,2025-05-06T18:37:08.210000Z,adsb-lol|airplanes-live,BOTH_HAVE_IT,BOTH_HAVE_IT,0,no,no,direct,"dest|San Francisco,CA|2025-05-06|Charlie|36.3"
N582MM,2025-05-06,2025-05-06,0,KSFO,San Francisco International Airport,0.33,2025-05-06T22:20:18.860000Z,KSDL,Scottsdale Airport,0.78,2025-05-06T23:51:58.100000Z,adsb-lol|airplanes-live,BOTH_HAVE_IT,BOTH_HAVE_IT,0,no,no,direct,"origin|San Francisco,CA|2025-05-06|Charlie|36.6"
N872RA,2025-05-06,2025-05-06,0,KSDL,Scottsdale Airport,0.37,2025-05-06T20:00:31.790000Z,KHND,Henderson Executive Airport,1.06,2025-05-06T21:17:16.260000Z,adsb-lol|airplanes-live,BOTH_HAVE_IT,BOTH_HAVE_IT,0,no,no,direct,
N872RA,2025-05-06,2025-05-07,1,KHND,Henderson Executive Airport,1.06,2025-05-06T23:46:54.870000Z,KSDL,Scottsdale Airport,0.16,2025-05-07T15:43:39.890000Z,adsb-lol|airplanes-live,BOTH_HAVE_IT,BOTH_HAVE_IT,0,no,yes,overnight,
N582MM,2025-05-07,2025-05-07,0,KSDL,Scottsdale Airport,0.08,2025-05-07T16:43:20.190000Z,KCRQ,McClellan-Palomar Airport,0.3,2025-05-07T17:33:46.880000Z,adsb-lol|airplanes-live,BOTH_HAVE_IT,BOTH_HAVE_IT,0,no,no,direct,
N582MM,2025-05-07,2025-05-07,0,KCRQ,McClellan-Palomar Airport,0.47,2025-05-07T22:59:39.390000Z,KSDL,Scottsdale Airport,0.37,2025-05-07T23:53:48.390000Z,adsb-lol|airplanes-live,BOTH_HAVE_IT,BOTH_HAVE_IT,0,no,no,direct,
N872RA,2025-05-07,2025-05-08,1,KSDL,Scottsdale Airport,0.16,2025-05-07T15:58:41.170000Z,KFCM,Flying Cloud Airport,0.09,2025-05-08T00:25:06.230000Z,adsb-lol|airplanes-live,BOTH_HAVE_IT,BOTH_HAVE_IT,0,no,yes,overnight,
N582MM,2025-05-08,2025-06-01,24,KSDL,Scottsdale Airport,0.16,2025-05-08T19:34:18.550000Z,KPHX,Phoenix Sky Harbor International Airport,1.62,2025-06-01T16:44:42.210000Z,adsb-lol|adsbexchange-samples|airplanes-live,BOTH_HAVE_IT,HELD_BY_ADSBEXCHANGE-SAMPLES,23,yes,yes,GAP -- aircraft unobserved for 23 day(s) between these two fields; intermediate stops are possible and are NOT ruled out,
N872RA,2025-05-08,2025-05-08,0,KFCM,Flying Cloud Airport,0.76,2025-05-08T20:54:44.260000Z,KAPA,Centennial Airport,0.3,2025-05-08T22:44:15.450000Z,adsb-lol|airplanes-live,BOTH_HAVE_IT,BOTH_HAVE_IT,0,no,no,direct,
N872RA,2025-05-08,2025-06-01,24,KAPA,Centennial Airport,0.3,2025-05-08T22:44:55.300000Z,KSAF,Santa Fe Municipal Airport,0.26,2025-06-01T01:09:28.320000Z,adsb-lol|adsbexchange-samples|airplanes-live,BOTH_HAVE_IT,HELD_BY_ADSBEXCHANGE-SAMPLES,23,yes,yes,GAP -- aircraft unobserved for 23 day(s) between these two fields; intermediate stops are possible and are NOT ruled out,
CONTROL-LUFTHANSA,2025-05-22,2025-05-22,0,EDDF,Frankfurt Main Airport,1.51,2025-05-22T16:08:24.620000Z,LSZH,Zürich Airport,0.78,2025-05-22T15:22:14.530000Z,adsb-lol|airplanes-live,BOTH_HAVE_IT,BOTH_HAVE_IT,0,no,no,direct,
CONTROL-LUFTHANSA,2025-05-22,2025-05-22,0,LSZH,Zürich Airport,0.94,2025-05-22T17:49:18.730000Z,EDDF,Frankfurt Main Airport,1.82,2025-05-22T18:51:41.620000Z,adsb-lol|airplanes-live,BOTH_HAVE_IT,BOTH_HAVE_IT,0,no,no,direct,
CONTROL-RYANAIR,2025-05-22,2025-05-22,0,LIPZ,Venice Marco Polo Airport,1.51,2025-05-22T10:25:52.360000Z,LICJ,Falcone–Borsellino Airport,1.51,2025-05-22T11:40:34.040000Z,adsb-lol|airplanes-live,BOTH_HAVE_IT,BOTH_HAVE_IT,0,no,no,direct,
CONTROL-RYANAIR,2025-05-22,2025-05-22,0,LICJ,Falcone–Borsellino Airport,1.51,2025-05-22T11:41:25.090000Z,LIRF,Rome–Fiumicino Leonardo da Vinci International Airport,2.43,2025-05-22T13:18:38.920000Z,airplanes-live,BOTH_HAVE_IT,BOTH_HAVE_IT,0,no,no,direct,
CONTROL-RYANAIR,2025-05-22,2025-05-22,0,LIRF,Rome–Fiumicino Leonardo da Vinci International Airport,2.43,2025-05-22T13:20:08.010000Z,LIBD,Bari Karol Wojtyła International Airport,0.24,2025-05-22T20:49:58Z,airplanes-live,BOTH_HAVE_IT,BOTH_HAVE_IT,0,no,no,direct,
CONTROL-RYANAIR,2025-05-22,2025-05-23,1,LIBD,Bari Karol Wojtyła International Airport,0.24,2025-05-22T20:49:58Z,LIPZ,Venice Marco Polo Airport,0.11,2025-05-23T05:21:42.120000Z,adsb-lol|airplanes-live,BOTH_HAVE_IT,BOTH_HAVE_IT,0,no,yes,overnight,
CONTROL-RYANAIR,2025-05-23,2025-05-24,1,LIPZ,Venice Marco Polo Airport,0.83,2025-05-23T06:10:43.570000Z,LIPR,Federico Fellini International Airport,0.54,2025-05-24T18:51:47.370000Z,adsb-lol|airplanes-live,BOTH_HAVE_IT,BOTH_HAVE_IT,0,no,yes,overnight,
CONTROL-LUFTHANSA,2025-05-24,2025-05-24,0,EDDF,Frankfurt Main Airport,0.95,2025-05-24T05:34:41.890000Z,LSZH,Zürich Airport,1.15,2025-05-24T04:49:09.590000Z,adsb-lol|airplanes-live,BOTH_HAVE_IT,BOTH_HAVE_IT,0,no,no,direct,
CONTROL-LUFTHANSA,2025-05-24,2025-05-24,0,LSZH,Zürich Airport,1.14,2025-05-24T07:26:11.360000Z,EDDF,Frankfurt Main Airport,1.29,2025-05-24T07:20:13.730000Z,adsb-lol|airplanes-live,BOTH_HAVE_IT,BOTH_HAVE_IT,0,no,no,direct,
CONTROL-LUFTHANSA,2025-05-24,2025-05-24,0,EDDF,Frankfurt Main Airport,2.8,2025-05-24T09:28:53.400000Z,EDDW,Bremen Airport,0.89,2025-05-24T09:28:04.110000Z,adsb-lol|airplanes-live,BOTH_HAVE_IT,BOTH_HAVE_IT,0,no,no,direct,
CONTROL-LUFTHANSA,2025-05-24,2025-05-24,0,EDDW,Bremen Airport,0.89,2025-05-24T09:28:53.400000Z,EDDF,Frankfurt Main Airport,1.97,2025-05-24T10:47:17.270000Z,adsb-lol|airplanes-live,BOTH_HAVE_IT,BOTH_HAVE_IT,0,no,no,direct,
CONTROL-LUFTHANSA,2025-05-24,2025-05-24,0,EDDF,Frankfurt Main Airport,2.1,2025-05-24T15:37:03.930000Z,EDDB,Berlin Brandenburg Airport,0.3,2025-05-24T16:24:16.890000Z,adsb-lol|airplanes-live,BOTH_HAVE_IT,BOTH_HAVE_IT,0,no,no,direct,
CONTROL-LUFTHANSA,2025-05-24,2025-05-24,0,EDDB,Berlin Brandenburg Airport,0.3,2025-05-24T17:20:46.810000Z,EDDF,Frankfurt Main Airport,2.25,2025-05-24T18:05:16.810000Z,adsb-lol|airplanes-live,BOTH_HAVE_IT,BOTH_HAVE_IT,0,no,no,direct,
CONTROL-LUFTHANSA,2025-05-24,2025-05-24,0,EDDF,Frankfurt Main Airport,2.09,2025-05-24T19:31:28.400000Z,EIDW,Dublin Airport,0.74,2025-05-24T21:14:58.970000Z,adsb-lol|airplanes-live,BOTH_HAVE_IT,BOTH_HAVE_IT,0,no,no,direct,
CONTROL-LUFTHANSA,2025-05-24,2025-06-12,19,EIDW,Dublin Airport,0.74,2025-05-24T21:22:13.230000Z,EDDF,Frankfurt Main Airport,2.39,2025-06-12T16:19:57.220000Z,adsb-lol|airplanes-live,BOTH_HAVE_IT,BOTH_HAVE_IT,18,no,yes,GAP -- aircraft unobserved for 18 day(s) between these two fields; intermediate stops are possible and are NOT ruled out,
CONTROL-RYANAIR,2025-05-24,2025-06-12,19,LIPR,Federico Fellini International Airport,0.54,2025-05-24T19:23:23.260000Z,LIRA,Ciampino–G. B. Pastine International Airport,0.81,2025-06-12T03:49:13.430000Z,adsb-lol|airplanes-live,BOTH_HAVE_IT,BOTH_HAVE_IT,18,no,yes,GAP -- aircraft unobserved for 18 day(s) between these two fields; intermediate stops are possible and are NOT ruled out,
N102DZ,2025-06-01,2025-06-12,11,EGGW,London Luton Airport,0.65,2025-06-01T01:52:31.370000Z,KVNY,Van Nuys Airport,0.91,2025-06-12T14:55:38.980000Z,adsb-lol|adsbexchange-samples|airplanes-live,HELD_BY_ADSBEXCHANGE-SAMPLES,BOTH_HAVE_IT,10,yes,yes,GAP -- aircraft unobserved for 10 day(s) between these two fields; intermediate stops are possible and are NOT ruled out,
N582MM,2025-06-01,2025-06-01,0,KPHX,Phoenix Sky Harbor International Airport,1.62,2025-06-01T17:26:07.540000Z,KSDL,Scottsdale Airport,0.25,2025-06-01T19:49:03.170000Z,adsbexchange-samples,HELD_BY_ADSBEXCHANGE-SAMPLES,HELD_BY_ADSBEXCHANGE-SAMPLES,0,yes,no,direct,
N582MM,2025-06-01,2025-06-11,10,KSDL,Scottsdale Airport,0.25,2025-06-01T20:12:42.510000Z,KMDW,Chicago Midway International Airport,0.76,2025-06-11T17:51:51.880000Z,adsb-lol|adsbexchange-samples|airplanes-live,HELD_BY_ADSBEXCHANGE-SAMPLES,BOTH_HAVE_IT,9,yes,yes,GAP -- aircraft unobserved for 9 day(s) between these two fields; intermediate stops are possible and are NOT ruled out,
N872RA,2025-06-01,2025-06-11,10,KSAF,Santa Fe Municipal Airport,0.26,2025-06-01T01:11:09.850000Z,KSNA,John Wayne Orange County International Airport,0.49,2025-06-11T16:31:33.250000Z,adsb-lol|adsbexchange-samples|airplanes-live,HELD_BY_ADSBEXCHANGE-SAMPLES,BOTH_HAVE_IT,9,yes,yes,GAP -- aircraft unobserved for 9 day(s) between these two fields; intermediate stops are possible and are NOT ruled out,
N560TW,2025-06-11,2025-06-11,0,KSDL,Scottsdale Airport,0.67,2025-06-11T15:05:45.590000Z,KSJC,Mineta San Jose International Airport,0.67,2025-06-11T16:50:31.780000Z,adsb-lol|airplanes-live,BOTH_HAVE_IT,BOTH_HAVE_IT,0,no,no,direct,
N582MM,2025-06-11,2025-06-11,0,KMDW,Chicago Midway International Airport,0.76,2025-06-11T17:52:45.230000Z,KIWA,Mesa Gateway Airport,0.66,2025-06-11T21:33:36.550000Z,adsb-lol|airplanes-live,BOTH_HAVE_IT,BOTH_HAVE_IT,0,no,no,direct,
N582MM,2025-06-11,2025-06-12,1,KIWA,Mesa Gateway Airport,0.66,2025-06-11T21:33:38.980000Z,KCOE,Coeur D'Alene Airport - Pappy Boyington Field,0.38,2025-06-12T03:16:24.720000Z,adsb-lol|airplanes-live,BOTH_HAVE_IT,BOTH_HAVE_IT,0,no,yes,overnight,
N872RA,2025-06-11,2025-06-11,0,KSNA,John Wayne Orange County International Airport,0.49,2025-06-11T16:31:35.880000Z,KNUQ,Moffett Federal Airfield,0.84,2025-06-11T17:32:46.900000Z,adsb-lol|airplanes-live,BOTH_HAVE_IT,BOTH_HAVE_IT,0,no,no,direct,
N872RA,2025-06-11,2025-06-11,0,KNUQ,Moffett Federal Airfield,0.84,2025-06-11T18:47:35.060000Z,KCRQ,McClellan-Palomar Airport,0.74,2025-06-11T19:57:38.380000Z,adsb-lol|airplanes-live,BOTH_HAVE_IT,BOTH_HAVE_IT,0,no,no,direct,
N872RA,2025-06-11,2025-06-11,0,KCRQ,McClellan-Palomar Airport,0.65,2025-06-11T21:51:44.780000Z,KMRY,Monterey Regional Airport,1.16,2025-06-11T22:47:07.600000Z,adsb-lol|airplanes-live,BOTH_HAVE_IT,BOTH_HAVE_IT,0,no,no,direct,
N872RA,2025-06-11,2025-06-12,1,KMRY,Monterey Regional Airport,1.16,2025-06-11T23:35:47.910000Z,KSDL,Scottsdale Airport,0.48,2025-06-12T01:02:07.630000Z,adsb-lol|airplanes-live,BOTH_HAVE_IT,BOTH_HAVE_IT,0,no,yes,overnight,
CONTROL-LUFTHANSA,2025-06-12,2025-06-17,5,EDDF,Frankfurt Main Airport,2.39,2025-06-12T16:24:15.570000Z,EDDH,Hamburg Helmut Schmidt Airport,0.9,2025-06-17T03:53:47.750000Z,adsb-lol|airplanes-live,BOTH_HAVE_IT,BOTH_HAVE_IT,4,no,yes,GAP -- aircraft unobserved for 4 day(s) between these two fields; intermediate stops are possible and are NOT ruled out,
CONTROL-RYANAIR,2025-06-12,2025-06-12,0,LIRA,Ciampino–G. B. Pastine International Airport,0.81,2025-06-12T04:00:28.780000Z,LHBP,Budapest Liszt Ferenc International Airport,1.79,2025-06-12T05:15:08.310000Z,adsb-lol|airplanes-live,BOTH_HAVE_IT,BOTH_HAVE_IT,0,no,no,direct,
CONTROL-RYANAIR,2025-06-12,2025-06-12,0,LHBP,Budapest Liszt Ferenc International Airport,1.11,2025-06-12T06:17:08.030000Z,LIRA,Ciampino–G. B. Pastine International Airport,0.18,2025-06-12T07:34:45.530000Z,adsb-lol|airplanes-live,BOTH_HAVE_IT,BOTH_HAVE_IT,0,no,no,direct,
CONTROL-RYANAIR,2025-06-12,2025-06-12,0,LIRA,Ciampino–G. B. Pastine International Airport,1.08,2025-06-12T08:56:10.060000Z,LKPR,Václav Havel Airport Prague,0.48,2025-06-12T10:29:08.560000Z,adsb-lol|airplanes-live,BOTH_HAVE_IT,BOTH_HAVE_IT,0,no,no,direct,
CONTROL-RYANAIR,2025-06-12,2025-06-12,0,LKPR,Václav Havel Airport Prague,0.48,2025-06-12T11:16:30.280000Z,LIRA,Ciampino–G. B. Pastine International Airport,0.34,2025-06-12T12:51:40.540000Z,adsb-lol|airplanes-live,BOTH_HAVE_IT,BOTH_HAVE_IT,0,no,no,direct,
N102DZ,2025-06-12,2025-07-01,19,KVNY,Van Nuys Airport,0.91,2025-06-12T15:49:28.740000Z,KTEB,Teterboro Airport,0.86,2025-07-01T00:16:44.210000Z,adsb-lol|adsbexchange-samples|airplanes-live,BOTH_HAVE_IT,HELD_BY_ADSBEXCHANGE-SAMPLES,18,yes,yes,GAP -- aircraft unobserved for 18 day(s) between these two fields; intermediate stops are possible and are NOT ruled out,
N40JD,2025-06-12,2025-06-13,1,KSDL,Scottsdale Airport,0.2,2025-06-12T23:45:39.340000Z,KTUS,Tucson International Airport,1.14,2025-06-13T00:18:48.760000Z,adsb-lol|airplanes-live,BOTH_HAVE_IT,BOTH_HAVE_IT,0,no,yes,overnight,
N560TW,2025-06-12,2025-06-12,0,KSJC,Mineta San Jose International Airport,0.31,2025-06-12T15:22:11.150000Z,KVNY,Van Nuys Airport,0.93,2025-06-12T16:16:12.300000Z,adsb-lol|airplanes-live,BOTH_HAVE_IT,BOTH_HAVE_IT,0,no,no,direct,
N582MM,2025-06-12,2025-06-12,0,KCOE,Coeur D'Alene Airport - Pappy Boyington Field,0.38,2025-06-12T03:18:26.620000Z,CYWG,Winnipeg / James Armstrong Richardson International Airport,0.49,2025-06-12T16:35:38.420000Z,airplanes-live,BOTH_HAVE_IT,BOTH_HAVE_IT,0,no,no,direct,
N582MM,2025-06-12,2025-06-12,0,CYWG,Winnipeg / James Armstrong Richardson International Airport,0.49,2025-06-12T17:06:47.940000Z,KSDL,Scottsdale Airport,0.55,2025-06-12T22:18:29.900000Z,adsb-lol|airplanes-live,BOTH_HAVE_IT,BOTH_HAVE_IT,0,no,no,direct,
N872RA,2025-06-12,2025-06-12,0,KSDL,Scottsdale Airport,0.68,2025-06-12T15:45:44.590000Z,KMRY,Monterey Regional Airport,0.75,2025-06-12T22:51:06.300000Z,adsb-lol|airplanes-live,BOTH_HAVE_IT,BOTH_HAVE_IT,0,no,no,direct,
N872RA,2025-06-12,2025-06-13,1,KMRY,Monterey Regional Airport,0.75,2025-06-12T23:39:52.900000Z,KCRQ,McClellan-Palomar Airport,0.48,2025-06-13T00:46:35.590000Z,adsb-lol|airplanes-live,BOTH_HAVE_IT,BOTH_HAVE_IT,0,no,yes,overnight,
N40JD,2025-06-13,2025-06-13,0,KTUS,Tucson International Airport,1.21,2025-06-13T01:26:16.650000Z,KCOS,City of Colorado Springs Municipal Airport,1.69,2025-06-13T02:54:03.830000Z,adsb-lol|airplanes-live,BOTH_HAVE_IT,BOTH_HAVE_IT,0,no,no,direct,
N560TW,2025-06-13,2025-06-13,0,KVNY,Van Nuys Airport,0.81,2025-06-13T05:15:16.150000Z,KSDL,Scottsdale Airport,0.39,2025-06-13T06:16:42.020000Z,adsb-lol|airplanes-live,BOTH_HAVE_IT,BOTH_HAVE_IT,0,no,no,direct,
N582MM,2025-06-13,2025-06-13,0,KSDL,Scottsdale Airport,0.05,2025-06-13T16:34:52.030000Z,KDAL,Dallas Love Field,1.19,2025-06-13T18:38:21.450000Z,adsb-lol|airplanes-live,BOTH_HAVE_IT,BOTH_HAVE_IT,0,no,no,direct,"dest|Grapevine,TX|2025-06-14|Both|13.9"
N582MM,2025-06-13,2025-06-15,2,KDAL,Dallas Love Field,1.19,2025-06-13T19:42:51.300000Z,KDFW,Dallas Fort Worth International Airport,1.38,2025-06-15T00:01:37.940000Z,adsb-lol|airplanes-live,BOTH_HAVE_IT,BOTH_HAVE_IT,1,no,yes,GAP -- aircraft unobserved for 1 day(s) between these two fields; intermediate stops are possible and are NOT ruled out,"dest|Grapevine,TX|2025-06-14|Both|2.7"
N872RA,2025-06-13,2025-06-13,0,KCRQ,McClellan-Palomar Airport,0.48,2025-06-13T01:44:09.320000Z,KBUR,Hollywood Burbank/Bob Hope Airport,0.45,2025-06-13T18:30:46.270000Z,adsb-lol|airplanes-live,BOTH_HAVE_IT,BOTH_HAVE_IT,0,no,no,direct,
N872RA,2025-06-13,2025-06-13,0,KBUR,Hollywood Burbank/Bob Hope Airport,0.13,2025-06-13T19:48:31.550000Z,KSFO,San Francisco International Airport,0.89,2025-06-13T21:01:31.880000Z,adsb-lol|airplanes-live,BOTH_HAVE_IT,BOTH_HAVE_IT,0,no,no,direct,
N872RA,2025-06-13,2025-06-13,0,KSFO,San Francisco International Airport,0.89,2025-06-13T23:05:07.750000Z,KOAK,Oakland San Francisco Bay Airport,1.12,2025-06-13T21:01:47.450000Z,adsb-lol|airplanes-live,BOTH_HAVE_IT,BOTH_HAVE_IT,0,no,no,direct,
N40JD,2025-06-14,2025-06-14,0,KCOS,City of Colorado Springs Municipal Airport,0.17,2025-06-14T17:58:42.440000Z,KSAN,San Diego International Airport,0.84,2025-06-14T20:01:10.570000Z,adsb-lol|airplanes-live,BOTH_HAVE_IT,BOTH_HAVE_IT,0,no,no,direct,
N40JD,2025-06-14,2025-06-14,0,KSAN,San Diego International Airport,0.84,2025-06-14T20:35:33.590000Z,KSDL,Scottsdale Airport,0.32,2025-06-14T21:27:03.830000Z,adsb-lol|airplanes-live,BOTH_HAVE_IT,BOTH_HAVE_IT,0,no,no,direct,
N872RA,2025-06-14,2025-07-01,17,KOAK,Oakland San Francisco Bay Airport,0.55,2025-06-14T00:23:17.210000Z,KSDL,Scottsdale Airport,0.72,2025-07-01T00:19:41.370000Z,adsb-lol|adsbexchange-samples|airplanes-live,BOTH_HAVE_IT,HELD_BY_ADSBEXCHANGE-SAMPLES,16,yes,yes,GAP -- aircraft unobserved for 16 day(s) between these two fields; intermediate stops are possible and are NOT ruled out,
N582MM,2025-06-15,2025-06-15,0,KDFW,Dallas Fort Worth International Airport,1.38,2025-06-15T00:12:56.900000Z,KSDL,Scottsdale Airport,0.62,2025-06-15T02:15:20.170000Z,adsb-lol|airplanes-live,BOTH_HAVE_IT,BOTH_HAVE_IT,0,no,no,direct,"origin|Grapevine,TX|2025-06-14|Both|2.7"
N582MM,2025-06-16,2025-06-16,0,KSDL,Scottsdale Airport,1.15,2025-06-16T12:00:34.430000Z,KMDW,Chicago Midway International Airport,0.75,2025-06-16T14:53:41.040000Z,adsb-lol|airplanes-live,BOTH_HAVE_IT,BOTH_HAVE_IT,0,no,no,direct,
N582MM,2025-06-16,2025-06-17,1,KMDW,Chicago Midway International Airport,0.65,2025-06-16T16:30:34.870000Z,KSDL,Scottsdale Airport,0.49,2025-06-17T00:06:00.030000Z,adsb-lol|airplanes-live,BOTH_HAVE_IT,BOTH_HAVE_IT,0,no,yes,overnight,
CONTROL-LUFTHANSA,2025-06-17,2025-06-17,0,EDDH,Hamburg Helmut Schmidt Airport,0.9,2025-06-17T04:00:22.770000Z,EDDF,Frankfurt Main Airport,2.47,2025-06-17T04:50:43.760000Z,adsb-lol|airplanes-live,BOTH_HAVE_IT,BOTH_HAVE_IT,0,no,no,direct,
CONTROL-LUFTHANSA,2025-06-17,2025-06-17,0,EDDF,Frankfurt Main Airport,2.47,2025-06-17T04:58:52.490000Z,EDDH,Hamburg Helmut Schmidt Airport,0.18,2025-06-17T06:04:11.200000Z,adsb-lol|airplanes-live,BOTH_HAVE_IT,BOTH_HAVE_IT,0,no,no,direct,
CONTROL-LUFTHANSA,2025-06-17,2025-06-17,0,EDDH,Hamburg Helmut Schmidt Airport,0.81,2025-06-17T07:54:43.610000Z,EDDF,Frankfurt Main Airport,2.38,2025-06-17T08:43:39.010000Z,adsb-lol|airplanes-live,BOTH_HAVE_IT,BOTH_HAVE_IT,0,no,no,direct,
CONTROL-LUFTHANSA,2025-06-17,2025-06-17,0,EDDF,Frankfurt Main Airport,1.53,2025-06-17T10:45:51.140000Z,EPWA,Warsaw Chopin Airport,1.06,2025-06-17T13:08:10.690000Z,adsb-lol|airplanes-live,BOTH_HAVE_IT,BOTH_HAVE_IT,0,no,no,direct,
CONTROL-LUFTHANSA,2025-06-17,2025-06-17,0,EPWA,Warsaw Chopin Airport,1.06,2025-06-17T13:13:26.010000Z,EDDF,Frankfurt Main Airport,2.33,2025-06-17T14:34:50.610000Z,adsb-lol|airplanes-live,BOTH_HAVE_IT,BOTH_HAVE_IT,0,no,no,direct,
N582MM,2025-06-17,2025-07-01,14,KSDL,Scottsdale Airport,0.49,2025-06-17T00:07:59.180000Z,KCMA,Camarillo International Airport,0.39,2025-07-01T00:42:57.210000Z,adsb-lol|adsbexchange-samples|airplanes-live,BOTH_HAVE_IT,HELD_BY_ADSBEXCHANGE-SAMPLES,13,yes,yes,GAP -- aircraft unobserved for 13 day(s) between these two fields; intermediate stops are possible and are NOT ruled out,
CONTROL-LUFTHANSA,2025-06-18,2025-06-18,0,EDDF,Frankfurt Main Airport,2.14,2025-06-18T04:10:42.020000Z,EDDS,Stuttgart Airport,1.62,2025-06-18T05:01:24.540000Z,adsb-lol|airplanes-live,BOTH_HAVE_IT,BOTH_HAVE_IT,0,no,no,direct,
CONTROL-LUFTHANSA,2025-06-18,2025-06-18,0,EDDS,Stuttgart Airport,1.62,2025-06-18T07:13:54.580000Z,EGCC,Manchester Airport,0.49,2025-06-18T09:35:51.390000Z,adsb-lol|airplanes-live,BOTH_HAVE_IT,BOTH_HAVE_IT,0,no,no,direct,
CONTROL-LUFTHANSA,2025-06-18,2025-06-18,0,EGCC,Manchester Airport,0.69,2025-06-18T10:43:12.630000Z,EDDF,Frankfurt Main Airport,2.43,2025-06-18T11:58:54.610000Z,adsb-lol|airplanes-live,BOTH_HAVE_IT,BOTH_HAVE_IT,0,no,no,direct,
CONTROL-LUFTHANSA,2025-06-18,2025-06-18,0,EDDF,Frankfurt Main Airport,2.04,2025-06-18T14:11:13.250000Z,EDDB,Berlin Brandenburg Airport,0.29,2025-06-18T15:01:12.520000Z,adsb-lol|airplanes-live,BOTH_HAVE_IT,BOTH_HAVE_IT,0,no,no,direct,
CONTROL-LUFTHANSA,2025-06-18,2025-06-18,0,EDDB,Berlin Brandenburg Airport,0.29,2025-06-18T15:57:52.690000Z,EDDF,Frankfurt Main Airport,2.36,2025-06-18T16:46:38.300000Z,adsb-lol|airplanes-live,BOTH_HAVE_IT,BOTH_HAVE_IT,0,no,no,direct,
CONTROL-LUFTHANSA,2025-06-18,2025-06-19,1,EDDF,Frankfurt Main Airport,2.36,2025-06-18T16:52:40.600000Z,EDDS,Stuttgart Airport,2.02,2025-06-19T05:09:34.940000Z,adsb-lol|airplanes-live,BOTH_HAVE_IT,BOTH_HAVE_IT,0,no,yes,overnight,
CONTROL-RYANAIR,2025-06-18,2025-06-18,0,LIRA,Ciampino–G. B. Pastine International Airport,0.75,2025-06-18T04:02:45.860000Z,EGSS,London Stansted Airport,0.29,2025-06-18T06:11:49.140000Z,adsb-lol|airplanes-live,BOTH_HAVE_IT,BOTH_HAVE_IT,0,no,no,direct,
CONTROL-RYANAIR,2025-06-18,2025-07-06,18,EGSS,London Stansted Airport,0.78,2025-06-18T22:24:15.090000Z,LEIB,Ibiza Airport,0.5,2025-07-06T12:01:26.290000Z,adsb-lol|airplanes-live,BOTH_HAVE_IT,BOTH_HAVE_IT,17,no,yes,GAP -- aircraft unobserved for 17 day(s) between these two fields; intermediate stops are possible and are NOT ruled out,
CONTROL-LUFTHANSA,2025-06-19,2025-06-19,0,EDDS,Stuttgart Airport,2.02,2025-06-19T07:06:40.110000Z,EDDF,Frankfurt Main Airport,1.41,2025-06-19T09:30:34.780000Z,adsb-lol|airplanes-live,BOTH_HAVE_IT,BOTH_HAVE_IT,0,no,no,direct,
CONTROL-LUFTHANSA,2025-06-19,2025-06-19,0,EDDF,Frankfurt Main Airport,1.41,2025-06-19T09:46:47.980000Z,LYBE,Belgrade Nikola Tesla Airport,0.68,2025-06-19T11:16:27.790000Z,adsb-lol|airplanes-live,BOTH_HAVE_IT,BOTH_HAVE_IT,0,no,no,direct,
CONTROL-LUFTHANSA,2025-06-19,2025-06-19,0,LYBE,Belgrade Nikola Tesla Airport,0.68,2025-06-19T11:17:06.830000Z,EDDF,Frankfurt Main Airport,2.45,2025-06-19T13:50:13.520000Z,adsb-lol|airplanes-live,BOTH_HAVE_IT,BOTH_HAVE_IT,0,no,no,direct,
CONTROL-LUFTHANSA,2025-06-19,2025-06-19,0,EDDF,Frankfurt Main Airport,2.19,2025-06-19T15:10:06.610000Z,LFLL,Lyon Saint-Exupéry Airport,1.22,2025-06-19T16:07:24.740000Z,adsb-lol|airplanes-live,BOTH_HAVE_IT,BOTH_HAVE_IT,0,no,no,direct,
CONTROL-LUFTHANSA,2025-06-19,2025-06-19,0,LFLL,Lyon Saint-Exupéry Airport,1.22,2025-06-19T17:04:07.650000Z,EDDF,Frankfurt Main Airport,2.42,2025-06-19T17:59:24.460000Z,adsb-lol|airplanes-live,BOTH_HAVE_IT,BOTH_HAVE_IT,0,no,no,direct,
CONTROL-LUFTHANSA,2025-06-19,2025-07-06,17,EDDF,Frankfurt Main Airport,1.43,2025-06-19T19:20:55.070000Z,EDDW,Bremen Airport,0.66,2025-07-06T04:57:00.610000Z,adsb-lol|airplanes-live,BOTH_HAVE_IT,BOTH_HAVE_IT,16,no,yes,GAP -- aircraft unobserved for 16 day(s) between these two fields; intermediate stops are possible and are NOT ruled out,
N102DZ,2025-07-01,2025-07-01,0,KTEB,Teterboro Airport,0.43,2025-07-01T14:01:37.190000Z,KVNY,Van Nuys Airport,0.54,2025-07-01T19:09:24.830000Z,adsbexchange-samples,HELD_BY_ADSBEXCHANGE-SAMPLES,HELD_BY_ADSBEXCHANGE-SAMPLES,0,yes,no,direct,
N2100L,2025-07-01,2025-07-01,0,KHII,Lake Havasu City Airport,0.95,2025-07-01T01:59:25.240000Z,KBIF,Biggs Army Air Field (Fort Bliss),0.63,2025-07-01T03:31:40.880000Z,adsbexchange-samples,HELD_BY_ADSBEXCHANGE-SAMPLES,HELD_BY_ADSBEXCHANGE-SAMPLES,0,yes,no,direct,
N2100L,2025-07-01,2025-07-01,0,KBIF,Biggs Army Air Field (Fort Bliss),0.63,2025-07-01T03:34:35.540000Z,KGRR,Gerald R. Ford International Airport,0.59,2025-07-01T17:43:51.640000Z,adsbexchange-samples,HELD_BY_ADSBEXCHANGE-SAMPLES,HELD_BY_ADSBEXCHANGE-SAMPLES,0,yes,no,direct,
N2100L,2025-07-01,2025-07-01,0,KGRR,Gerald R. Ford International Airport,0.59,2025-07-01T18:31:12.240000Z,KBIF,Biggs Army Air Field (Fort Bliss),0.54,2025-07-01T21:22:47.880000Z,adsbexchange-samples,HELD_BY_ADSBEXCHANGE-SAMPLES,HELD_BY_ADSBEXCHANGE-SAMPLES,0,yes,no,direct,
N2100L,2025-07-01,2025-07-01,0,KBIF,Biggs Army Air Field (Fort Bliss),0.54,2025-07-01T21:25:58.920000Z,KPVU,Provo Municipal Airport,0.25,2025-07-01T23:47:39.440000Z,adsbexchange-samples,HELD_BY_ADSBEXCHANGE-SAMPLES,HELD_BY_ADSBEXCHANGE-SAMPLES,0,yes,no,direct,
N2100L,2025-07-01,2025-08-01,31,KPVU,Provo Municipal Airport,0.25,2025-07-01T23:59:59.740000Z,KBIF,Biggs Army Air Field (Fort Bliss),1.64,2025-08-01T20:29:55.650000Z,adsbexchange-samples,HELD_BY_ADSBEXCHANGE-SAMPLES,HELD_BY_ADSBEXCHANGE-SAMPLES,30,yes,yes,GAP -- aircraft unobserved for 30 day(s) between these two fields; intermediate stops are possible and are NOT ruled out,
N582MM,2025-07-01,2025-07-01,0,KCMA,Camarillo International Airport,0.36,2025-07-01T04:10:58.760000Z,KSDL,Scottsdale Airport,0.71,2025-07-01T05:16:42.480000Z,adsbexchange-samples,HELD_BY_ADSBEXCHANGE-SAMPLES,HELD_BY_ADSBEXCHANGE-SAMPLES,0,yes,no,direct,
N582MM,2025-07-01,2025-07-01,0,KSDL,Scottsdale Airport,0.6,2025-07-01T14:00:36.470000Z,KDFW,Dallas Fort Worth International Airport,1.4,2025-07-01T15:59:58.540000Z,adsbexchange-samples,HELD_BY_ADSBEXCHANGE-SAMPLES,HELD_BY_ADSBEXCHANGE-SAMPLES,0,yes,no,direct,
N582MM,2025-07-01,2025-07-01,0,KDFW,Dallas Fort Worth International Airport,1.09,2025-07-01T18:38:41.940000Z,KPHL,Philadelphia International Airport,0.69,2025-07-01T21:52:29.070000Z,adsbexchange-samples,HELD_BY_ADSBEXCHANGE-SAMPLES,HELD_BY_ADSBEXCHANGE-SAMPLES,0,yes,no,direct,
N59906,2025-07-01,2025-09-01,62,KGEG,Spokane International Airport,0.29,2025-07-01T21:51:10.600000Z,KPIH,Pocatello Regional Airport,1.89,2025-09-01T15:02:05.620000Z,adsbexchange-samples,HELD_BY_ADSBEXCHANGE-SAMPLES,BOTH_HAVE_IT,61,yes,yes,GAP -- aircraft unobserved for 61 day(s) between these two fields; intermediate stops are possible and are NOT ruled out,
N872RA,2025-07-01,2025-07-01,0,KSDL,Scottsdale Airport,0.72,2025-07-01T01:15:09.860000Z,KSNA,John Wayne Orange County International Airport,0.13,2025-07-01T02:13:58.650000Z,adsbexchange-samples,HELD_BY_ADSBEXCHANGE-SAMPLES,HELD_BY_ADSBEXCHANGE-SAMPLES,0,yes,no,direct,
N872RA,2025-07-01,2025-07-01,0,KSNA,John Wayne Orange County International Airport,0.2,2025-07-01T15:28:29.120000Z,KLAX,Los Angeles International Airport,1.62,2025-07-01T19:02:36.700000Z,adsbexchange-samples,HELD_BY_ADSBEXCHANGE-SAMPLES,HELD_BY_ADSBEXCHANGE-SAMPLES,0,yes,no,direct,
N872RA,2025-07-01,2025-07-01,0,KLAX,Los Angeles International Airport,1.98,2025-07-01T21:18:26.390000Z,KCLM,William R Fairchild International Airport,0.38,2025-07-01T23:34:05.160000Z,adsbexchange-samples,HELD_BY_ADSBEXCHANGE-SAMPLES,HELD_BY_ADSBEXCHANGE-SAMPLES,0,yes,no,direct,
N872RA,2025-07-01,2025-07-07,6,KCLM,William R Fairchild International Airport,0.38,2025-07-01T23:37:45.570000Z,KSEE,Gillespie Field,0.26,2025-07-07T01:04:03.470000Z,adsb-lol|adsbexchange-samples|airplanes-live,HELD_BY_ADSBEXCHANGE-SAMPLES,BOTH_HAVE_IT,5,yes,yes,GAP -- aircraft unobserved for 5 day(s) between these two fields; intermediate stops are possible and are NOT ruled out,
CONTROL-LUFTHANSA,2025-07-06,2025-07-06,0,EDDW,Bremen Airport,0.66,2025-07-06T07:12:04.880000Z,EDDF,Frankfurt Main Airport,2.28,2025-07-06T04:57:00.610000Z,adsb-lol|airplanes-live,BOTH_HAVE_IT,BOTH_HAVE_IT,0,no,no,direct,
CONTROL-LUFTHANSA,2025-07-06,2025-07-06,0,EDDF,Frankfurt Main Airport,2.28,2025-07-06T04:57:00.610000Z,EDDW,Bremen Airport,0.46,2025-07-06T05:42:57.170000Z,airplanes-live,BOTH_HAVE_IT,BOTH_HAVE_IT,0,no,no,direct,
CONTROL-LUFTHANSA,2025-07-06,2025-07-06,0,EDDW,Bremen Airport,0.46,2025-07-06T06:23:39.650000Z,EDDF,Frankfurt Main Airport,2.35,2025-07-06T07:09:21.200000Z,airplanes-live,BOTH_HAVE_IT,BOTH_HAVE_IT,0,no,no,direct,
CONTROL-LUFTHANSA,2025-07-06,2025-07-06,0,EDDF,Frankfurt Main Airport,2.3,2025-07-06T10:14:05.670000Z,LIRF,Rome–Fiumicino Leonardo da Vinci International Airport,1.64,2025-07-06T11:43:02.620000Z,adsb-lol|airplanes-live,BOTH_HAVE_IT,BOTH_HAVE_IT,0,no,no,direct,
CONTROL-LUFTHANSA,2025-07-06,2025-07-06,0,LIRF,Rome–Fiumicino Leonardo da Vinci International Airport,1.12,2025-07-06T13:26:17.250000Z,EDDF,Frankfurt Main Airport,1.65,2025-07-06T14:52:05.910000Z,adsb-lol|airplanes-live,BOTH_HAVE_IT,BOTH_HAVE_IT,0,no,no,direct,
CONTROL-LUFTHANSA,2025-07-06,2025-07-06,0,EDDF,Frankfurt Main Airport,2.18,2025-07-06T16:16:56.140000Z,EDDB,Berlin Brandenburg Airport,0.19,2025-07-06T17:03:29.430000Z,adsb-lol|airplanes-live,BOTH_HAVE_IT,BOTH_HAVE_IT,0,no,no,direct,
CONTROL-LUFTHANSA,2025-07-06,2025-07-06,0,EDDB,Berlin Brandenburg Airport,0.19,2025-07-06T17:51:54.280000Z,EDDF,Frankfurt Main Airport,2.44,2025-07-06T18:46:33.510000Z,adsb-lol|airplanes-live,BOTH_HAVE_IT,BOTH_HAVE_IT,0,no,no,direct,
CONTROL-LUFTHANSA,2025-07-06,2025-07-06,0,EDDF,Frankfurt Main Airport,2.44,2025-07-06T18:52:58.050000Z,EDDN,Nuremberg Airport,0.6,2025-07-06T20:25:24.680000Z,adsb-lol|airplanes-live,BOTH_HAVE_IT,BOTH_HAVE_IT,0,no,no,direct,
CONTROL-RYANAIR,2025-07-06,2025-07-06,0,LEIB,Ibiza Airport,0.5,2025-07-06T12:01:59.320000Z,LIBD,Bari Karol Wojtyła International Airport,0.25,2025-07-06T17:52:51.370000Z,airplanes-live,BOTH_HAVE_IT,BOTH_HAVE_IT,0,no,no,direct,
CONTROL-RYANAIR,2025-07-06,2025-07-07,1,LIBD,Bari Karol Wojtyła International Airport,0.25,2025-07-06T17:52:51.370000Z,LEBL,Josep Tarradellas Barcelona-El Prat Airport,1.38,2025-07-07T19:29:32.710000Z,adsb-lol|airplanes-live,BOTH_HAVE_IT,BOTH_HAVE_IT,0,no,yes,overnight,
T7-ELL,2025-07-06,2025-07-06,0,OMDW,Al Maktoum International Airport,1.53,2025-07-06T07:55:09.440000Z,LGAV,Athens Eleftherios Venizelos International Airport,1.6,2025-07-06T12:28:48.820000Z,adsb-lol|airplanes-live,BOTH_HAVE_IT,BOTH_HAVE_IT,0,no,no,direct,
CONTROL-LUFTHANSA,2025-07-07,2025-07-07,0,EDDN,Nuremberg Airport,0.48,2025-07-07T04:50:28.710000Z,EDDF,Frankfurt Main Airport,1.68,2025-07-07T06:58:39.660000Z,adsb-lol|airplanes-live,BOTH_HAVE_IT,BOTH_HAVE_IT,0,no,no,direct,
N872RA,2025-07-07,2025-07-07,0,KSEE,Gillespie Field,0.26,2025-07-07T01:04:06.850000Z,KSNA,John Wayne Orange County International Airport,0.22,2025-07-07T02:00:48.930000Z,adsb-lol|airplanes-live,BOTH_HAVE_IT,BOTH_HAVE_IT,0,no,no,direct,
N872RA,2025-07-07,2025-07-07,0,KSNA,John Wayne Orange County International Airport,0.64,2025-07-07T14:45:22.610000Z,KSFO,San Francisco International Airport,0.83,2025-07-07T15:46:21.010000Z,adsb-lol|airplanes-live,BOTH_HAVE_IT,BOTH_HAVE_IT,0,no,no,direct,
N888KG,2025-07-07,2025-07-07,0,KPVU,Provo Municipal Airport,1.0,2025-07-07T15:09:39.320000Z,KSGU,St George Regional Airport,1.42,2025-07-07T16:17:29.600000Z,adsb-lol|airplanes-live,BOTH_HAVE_IT,BOTH_HAVE_IT,0,no,no,direct,
N888KG,2025-07-07,2025-07-11,4,KSGU,St George Regional Airport,1.42,2025-07-07T16:19:08.170000Z,KTUS,Tucson International Airport,0.41,2025-07-11T18:15:04.040000Z,adsb-lol|airplanes-live,BOTH_HAVE_IT,BOTH_HAVE_IT,3,no,yes,GAP -- aircraft unobserved for 3 day(s) between these two fields; intermediate stops are possible and are NOT ruled out,
CONTROL-RYANAIR,2025-07-08,2025-07-08,0,LEBL,Josep Tarradellas Barcelona-El Prat Airport,1.14,2025-07-08T07:05:46.190000Z,LKPR,Václav Havel Airport Prague,0.54,2025-07-08T18:02:01.800000Z,adsb-lol|airplanes-live,BOTH_HAVE_IT,BOTH_HAVE_IT,0,no,no,direct,
CONTROL-RYANAIR,2025-07-08,2025-07-09,1,LKPR,Václav Havel Airport Prague,0.54,2025-07-08T18:50:16.500000Z,LEBL,Josep Tarradellas Barcelona-El Prat Airport,0.53,2025-07-09T06:30:09.220000Z,adsb-lol|airplanes-live,BOTH_HAVE_IT,BOTH_HAVE_IT,0,no,yes,overnight,
N872RA,2025-07-08,2025-07-08,0,KSFO,San Francisco International Airport,0.73,2025-07-08T21:04:21.260000Z,KSNA,John Wayne Orange County International Airport,0.37,2025-07-08T22:11:56.890000Z,adsb-lol|airplanes-live,BOTH_HAVE_IT,BOTH_HAVE_IT,0,no,no,direct,
CONTROL-LUFTHANSA,2025-07-09,2025-07-09,0,EDDF,Frankfurt Main Airport,2.26,2025-07-09T06:57:59.880000Z,LSZH,Zürich Airport,0.85,2025-07-09T08:06:28.680000Z,adsb-lol|airplanes-live,BOTH_HAVE_IT,BOTH_HAVE_IT,0,no,no,direct,
CONTROL-LUFTHANSA,2025-07-09,2025-07-09,0,LSZH,Zürich Airport,0.85,2025-07-09T10:26:21.040000Z,EDDF,Frankfurt Main Airport,0.65,2025-07-09T11:33:37.610000Z,adsb-lol|airplanes-live,BOTH_HAVE_IT,BOTH_HAVE_IT,0,no,no,direct,
CONTROL-LUFTHANSA,2025-07-09,2025-07-09,0,EDDF,Frankfurt Main Airport,0.65,2025-07-09T11:52:48.240000Z,EDDP,Leipzig/Halle Airport,0.56,2025-07-09T12:30:24.190000Z,adsb-lol|airplanes-live,BOTH_HAVE_IT,BOTH_HAVE_IT,0,no,no,direct,
CONTROL-LUFTHANSA,2025-07-09,2025-07-09,0,EDDP,Leipzig/Halle Airport,0.56,2025-07-09T13:55:54.230000Z,EDDF,Frankfurt Main Airport,2.21,2025-07-09T13:54:51.690000Z,adsb-lol|airplanes-live,BOTH_HAVE_IT,BOTH_HAVE_IT,0,no,no,direct,
CONTROL-LUFTHANSA,2025-07-09,2025-07-09,0,EDDF,Frankfurt Main Airport,1.42,2025-07-09T15:17:05.170000Z,EDDC,Dresden Airport,1.05,2025-07-09T16:00:48.850000Z,adsb-lol|airplanes-live,BOTH_HAVE_IT,BOTH_HAVE_IT,0,no,no,direct,
CONTROL-LUFTHANSA,2025-07-09,2025-07-09,0,EDDC,Dresden Airport,1.05,2025-07-09T16:00:56.860000Z,EDDF,Frankfurt Main Airport,2.41,2025-07-09T17:31:51.270000Z,adsb-lol|airplanes-live,BOTH_HAVE_IT,BOTH_HAVE_IT,0,no,no,direct,
CONTROL-RYANAIR,2025-07-09,2025-07-09,0,LEBL,Josep Tarradellas Barcelona-El Prat Airport,0.48,2025-07-09T07:56:36.120000Z,LEVC,Valencia Airport,0.32,2025-07-09T11:03:20.920000Z,adsb-lol|airplanes-live,BOTH_HAVE_IT,BOTH_HAVE_IT,0,no,no,direct,
CONTROL-RYANAIR,2025-07-09,2025-07-09,0,LEVC,Valencia Airport,0.32,2025-07-09T11:46:33.690000Z,GCRR,César Manrique-Lanzarote Airport,0.73,2025-07-09T15:21:54.980000Z,adsb-lol|airplanes-live,BOTH_HAVE_IT,BOTH_HAVE_IT,0,no,no,direct,
CONTROL-RYANAIR,2025-07-09,2025-07-20,11,GCRR,César Manrique-Lanzarote Airport,0.71,2025-07-09T16:23:15.090000Z,EYKA,Kaunas International Airport,0.63,2025-07-20T07:23:28.210000Z,adsb-lol|airplanes-live,BOTH_HAVE_IT,BOTH_HAVE_IT,10,no,yes,GAP -- aircraft unobserved for 10 day(s) between these two fields; intermediate stops are possible and are NOT ruled out,
N582MM,2025-07-09,2025-07-10,1,KPHL,Philadelphia International Airport,0.91,2025-07-09T20:59:47.280000Z,KDFW,Dallas Fort Worth International Airport,1.75,2025-07-10T00:09:41.740000Z,adsb-lol|airplanes-live,BOTH_HAVE_IT,BOTH_HAVE_IT,0,no,yes,overnight,
N582MM,2025-07-10,2025-07-10,0,KDFW,Dallas Fort Worth International Airport,1.29,2025-07-10T02:50:47.970000Z,KSDL,Scottsdale Airport,0.37,2025-07-10T04:50:43.200000Z,adsb-lol|airplanes-live,BOTH_HAVE_IT,BOTH_HAVE_IT,0,no,no,direct,
N582MM,2025-07-10,2025-07-10,0,KSDL,Scottsdale Airport,0.69,2025-07-10T18:17:59.060000Z,KSUA,Witham Field,0.64,2025-07-10T22:10:45.800000Z,adsb-lol|airplanes-live,BOTH_HAVE_IT,BOTH_HAVE_IT,0,no,no,direct,
N582MM,2025-07-11,2025-07-12,1,KSUA,Witham Field,0.53,2025-07-11T12:57:51.610000Z,KOKC,OKC Will Rogers World Airport,1.56,2025-07-12T19:40:09.110000Z,adsb-lol|airplanes-live,BOTH_HAVE_IT,BOTH_HAVE_IT,0,no,yes,overnight,
N888KG,2025-07-11,2025-07-11,0,KTUS,Tucson International Airport,0.41,2025-07-11T18:38:28.660000Z,KPVU,Provo Municipal Airport,0.28,2025-07-11T20:01:30.280000Z,adsb-lol|airplanes-live,BOTH_HAVE_IT,BOTH_HAVE_IT,0,no,no,direct,
T7-ELL,2025-07-11,2025-07-11,0,LGAV,Athens Eleftherios Venizelos International Airport,1.29,2025-07-11T17:15:45.310000Z,OMDW,Al Maktoum International Airport,0.35,2025-07-11T21:26:17.250000Z,adsb-lol|airplanes-live,BOTH_HAVE_IT,BOTH_HAVE_IT,0,no,no,direct,
N40JD,2025-07-12,2025-07-12,0,KSDL,Scottsdale Airport,0.2,2025-07-12T14:47:17.320000Z,KCRQ,McClellan-Palomar Airport,0.45,2025-07-12T15:39:21.210000Z,adsb-lol|airplanes-live,BOTH_HAVE_IT,BOTH_HAVE_IT,0,no,no,direct,
N40JD,2025-07-12,2025-07-12,0,KCRQ,McClellan-Palomar Airport,0.49,2025-07-12T17:22:09.590000Z,KSDL,Scottsdale Airport,0.08,2025-07-12T18:14:40.340000Z,adsb-lol|airplanes-live,BOTH_HAVE_IT,BOTH_HAVE_IT,0,no,no,direct,
N582MM,2025-07-12,2025-07-12,0,KOKC,OKC Will Rogers World Airport,1.56,2025-07-12T19:41:12.800000Z,KAUS,Austin Bergstrom International Airport,1.04,2025-07-12T23:40:47.650000Z,adsb-lol|airplanes-live,BOTH_HAVE_IT,BOTH_HAVE_IT,0,no,no,direct,
N40JD,2025-07-13,2025-07-13,0,KSDL,Scottsdale Airport,0.44,2025-07-13T15:58:59.210000Z,KAVQ,Marana Regional Airport,0.37,2025-07-13T20:24:01.690000Z,adsb-lol|airplanes-live,BOTH_HAVE_IT,BOTH_HAVE_IT,0,no,no,direct,
N40JD,2025-07-13,2025-07-13,0,KAVQ,Marana Regional Airport,0.37,2025-07-13T21:22:21.800000Z,KSDL,Scottsdale Airport,0.11,2025-07-13T21:20:16.020000Z,adsb-lol|airplanes-live,BOTH_HAVE_IT,BOTH_HAVE_IT,0,no,no,direct,
N582MM,2025-07-13,2025-07-13,0,KAUS,Austin Bergstrom International Airport,0.4,2025-07-13T00:10:04.880000Z,KTPA,Tampa International Airport,0.73,2025-07-13T02:20:05.220000Z,adsb-lol|airplanes-live,BOTH_HAVE_IT,BOTH_HAVE_IT,0,no,no,direct,"dest|Tampa,FL|2025-07-13|Charlie|3.0"
N582MM,2025-07-13,2025-07-13,0,KTPA,Tampa International Airport,0.64,2025-07-13T19:30:01.670000Z,KSDL,Scottsdale Airport,0.72,2025-07-13T23:14:35.110000Z,adsb-lol|airplanes-live,BOTH_HAVE_IT,BOTH_HAVE_IT,0,no,no,direct,"origin|Tampa,FL|2025-07-13|Charlie|2.9"
N582MM,2025-07-14,2025-07-14,0,KSDL,Scottsdale Airport,0.48,2025-07-14T15:49:29.920000Z,KPNE,Northeast Philadelphia Airport,0.15,2025-07-14T20:15:43.530000Z,adsb-lol|airplanes-live,BOTH_HAVE_IT,BOTH_HAVE_IT,0,no,no,direct,
N582MM,2025-07-14,2025-07-15,1,KPNE,Northeast Philadelphia Airport,0.32,2025-07-14T22:39:48.760000Z,KDFW,Dallas Fort Worth International Airport,2.25,2025-07-15T01:59:52.100000Z,adsb-lol|airplanes-live,BOTH_HAVE_IT,BOTH_HAVE_IT,0,no,yes,overnight,
N582MM,2025-07-15,2025-08-01,17,KDFW,Dallas Fort Worth International Airport,1.4,2025-07-15T03:14:17.870000Z,KMSP,Minneapolis–Saint Paul International Airport / Wold–Chamberlain Field,0.94,2025-08-01T00:32:20.880000Z,adsb-lol|adsbexchange-samples|airplanes-live,BOTH_HAVE_IT,HELD_BY_ADSBEXCHANGE-SAMPLES,16,yes,yes,GAP -- aircraft unobserved for 16 day(s) between these two fields; intermediate stops are possible and are NOT ruled out,
CONTROL-LUFTHANSA,2025-07-20,2025-07-20,0,EDDF,Frankfurt Main Airport,2.43,2025-07-20T10:33:02.020000Z,EDDS,Stuttgart Airport,0.58,2025-07-20T11:36:27.440000Z,adsb-lol|airplanes-live,BOTH_HAVE_IT,BOTH_HAVE_IT,0,no,no,direct,
CONTROL-LUFTHANSA,2025-07-20,2025-07-20,0,EDDS,Stuttgart Airport,0.26,2025-07-20T13:32:43.070000Z,EHAM,Amsterdam Airport Schiphol,1.25,2025-07-20T16:25:14.240000Z,adsb-lol|airplanes-live,BOTH_HAVE_IT,BOTH_HAVE_IT,0,no,no,direct,
CONTROL-LUFTHANSA,2025-07-20,2025-07-21,1,EHAM,Amsterdam Airport Schiphol,0.88,2025-07-20T19:28:55.170000Z,EDDF,Frankfurt Main Airport,2.24,2025-07-21T06:58:20.160000Z,adsb-lol|airplanes-live,BOTH_HAVE_IT,BOTH_HAVE_IT,0,no,yes,overnight,
CONTROL-RYANAIR,2025-07-20,2025-07-20,0,EYKA,Kaunas International Airport,0.63,2025-07-20T07:24:13.260000Z,LGMK,Mykonos Island National Airport,0.16,2025-07-20T13:59:51.480000Z,airplanes-live,BOTH_HAVE_IT,BOTH_HAVE_IT,0,no,no,direct,
CONTROL-RYANAIR,2025-07-20,2025-07-20,0,LGMK,Mykonos Island National Airport,0.16,2025-07-20T14:50:30.110000Z,LCPH,Paphos International Airport,0.86,2025-07-20T16:39:32.460000Z,adsb-lol|airplanes-live,BOTH_HAVE_IT,BOTH_HAVE_IT,0,no,no,direct,
CONTROL-RYANAIR,2025-07-20,2025-07-20,0,LCPH,Paphos International Airport,0.86,2025-07-20T16:45:56.720000Z,LGTS,Thessaloniki Macedonia International Airport,0.45,2025-07-20T18:26:51.020000Z,adsb-lol|airplanes-live,BOTH_HAVE_IT,BOTH_HAVE_IT,0,no,no,direct,
CONTROL-RYANAIR,2025-07-20,2025-07-20,0,LGTS,Thessaloniki Macedonia International Airport,0.45,2025-07-20T19:17:15.670000Z,LCPH,Paphos International Airport,0.51,2025-07-20T20:44:51.060000Z,adsb-lol|airplanes-live,BOTH_HAVE_IT,BOTH_HAVE_IT,0,no,no,direct,
CONTROL-RYANAIR,2025-07-20,2025-07-21,1,LCPH,Paphos International Airport,0.51,2025-07-20T20:47:19.610000Z,EHEH,Eindhoven Airport,0.35,2025-07-21T06:56:46.760000Z,adsb-lol|airplanes-live,BOTH_HAVE_IT,BOTH_HAVE_IT,0,no,yes,overnight,
CONTROL-LUFTHANSA,2025-07-21,2025-07-21,0,EDDF,Frankfurt Main Airport,1.87,2025-07-21T07:04:31.470000Z,EDDB,Berlin Brandenburg Airport,0.87,2025-07-21T07:51:54.670000Z,adsb-lol|airplanes-live,BOTH_HAVE_IT,BOTH_HAVE_IT,0,no,no,direct,
CONTROL-LUFTHANSA,2025-07-21,2025-07-21,0,EDDB,Berlin Brandenburg Airport,0.72,2025-07-21T09:08:43.970000Z,EDDF,Frankfurt Main Airport,1.17,2025-07-21T09:54:09.720000Z,adsb-lol|airplanes-live,BOTH_HAVE_IT,BOTH_HAVE_IT,0,no,no,direct,
CONTROL-LUFTHANSA,2025-07-21,2025-07-21,0,EDDF,Frankfurt Main Airport,2.79,2025-07-21T10:56:40.280000Z,LKPR,Václav Havel Airport Prague,0.37,2025-07-21T11:44:39.430000Z,adsb-lol|airplanes-live,BOTH_HAVE_IT,BOTH_HAVE_IT,0,no,no,direct,
CONTROL-LUFTHANSA,2025-07-21,2025-07-21,0,LKPR,Václav Havel Airport Prague,1.06,2025-07-21T12:48:18.110000Z,EDDF,Frankfurt Main Airport,2.28,2025-07-21T13:35:08.450000Z,adsb-lol|airplanes-live,BOTH_HAVE_IT,BOTH_HAVE_IT,0,no,no,direct,
CONTROL-LUFTHANSA,2025-07-21,2025-07-21,0,EDDF,Frankfurt Main Airport,2.83,2025-07-21T19:44:52.630000Z,,,,2025-07-21T19:44:57.100000Z,adsb-lol|airplanes-live,BOTH_HAVE_IT,BOTH_HAVE_IT,0,no,no,direct,
CONTROL-LUFTHANSA,2025-07-21,2025-08-05,15,,,,2025-07-21T20:14:13.860000Z,EDDM,Munich Airport,2.25,2025-08-05T05:13:58.440000Z,adsb-lol|airplanes-live,BOTH_HAVE_IT,BOTH_HAVE_IT,14,no,yes,GAP -- aircraft unobserved for 14 day(s) between these two fields; intermediate stops are possible and are NOT ruled out,
CONTROL-RYANAIR,2025-07-21,2025-07-21,0,EHEH,Eindhoven Airport,1.25,2025-07-21T08:16:24.350000Z,LCPH,Paphos International Airport,0.4,2025-07-21T11:54:10.720000Z,adsb-lol|airplanes-live,BOTH_HAVE_IT,BOTH_HAVE_IT,0,no,no,direct,
CONTROL-RYANAIR,2025-07-21,2025-07-21,0,LCPH,Paphos International Airport,0.77,2025-07-21T12:56:06.900000Z,LIRF,Rome–Fiumicino Leonardo da Vinci International Airport,1.11,2025-07-21T17:06:46.020000Z,adsb-lol|airplanes-live,BOTH_HAVE_IT,BOTH_HAVE_IT,0,no,no,direct,
CONTROL-RYANAIR,2025-07-21,2025-08-05,15,LIRF,Rome–Fiumicino Leonardo da Vinci International Airport,1.11,2025-07-21T17:15:43.090000Z,EDDK,Cologne Bonn Airport,0.53,2025-08-05T06:45:03.200000Z,adsb-lol,BOTH_HAVE_IT,BOTH_HAVE_IT,14,no,yes,GAP -- aircraft unobserved for 14 day(s) between these two fields; intermediate stops are possible and are NOT ruled out,
SU-BTV,2025-07-30,2025-08-06,7,LFPB,Paris-Le Bourget International Airport,1.73,2025-07-30T08:59:45.750000Z,KILG,Wilmington Airport,0.87,2025-08-06T11:55:08.890000Z,adsb-lol|airplanes-live,BOTH_HAVE_IT,BOTH_HAVE_IT,6,no,yes,GAP -- aircraft unobserved for 6 day(s) between these two fields; intermediate stops are possible and are NOT ruled out,
T7-ELL,2025-07-31,2025-07-31,0,OMDW,Al Maktoum International Airport,0.97,2025-07-31T04:49:45.310000Z,LSZH,Zürich Airport,0.45,2025-07-31T11:01:14.880000Z,adsb-lol|airplanes-live,BOTH_HAVE_IT,BOTH_HAVE_IT,0,no,no,direct,
N1098L,2025-08-01,2025-08-01,0,KBIF,Biggs Army Air Field (Fort Bliss),1.89,2025-08-01T00:50:36.100000Z,KNUQ,Moffett Federal Airfield,1.01,2025-08-01T16:37:26.290000Z,adsbexchange-samples,HELD_BY_ADSBEXCHANGE-SAMPLES,HELD_BY_ADSBEXCHANGE-SAMPLES,0,yes,no,direct,
N1098L,2025-08-01,2025-08-01,0,KNUQ,Moffett Federal Airfield,1.01,2025-08-01T17:01:03.920000Z,KBIF,Biggs Army Air Field (Fort Bliss),0.58,2025-08-01T20:52:05.550000Z,adsbexchange-samples,HELD_BY_ADSBEXCHANGE-SAMPLES,HELD_BY_ADSBEXCHANGE-SAMPLES,0,yes,no,direct,
N1098L,2025-08-01,2025-09-03,33,KBIF,Biggs Army Air Field (Fort Bliss),1.93,2025-08-01T23:59:22.340000Z,KSLN,Salina Municipal Airport,1.13,2025-09-03T18:10:01.900000Z,adsb-lol|adsbexchange-samples|airplanes-live,HELD_BY_ADSBEXCHANGE-SAMPLES,BOTH_HAVE_IT,32,yes,yes,GAP -- aircraft unobserved for 32 day(s) between these two fields; intermediate stops are possible and are NOT ruled out,
N2100L,2025-08-01,2025-09-05,35,KBIF,Biggs Army Air Field (Fort Bliss),1.64,2025-08-01T20:33:22.660000Z,KBFI,King County International Airport - Boeing Field,1.15,2025-09-05T00:17:12.140000Z,adsb-lol|adsbexchange-samples|airplanes-live,HELD_BY_ADSBEXCHANGE-SAMPLES,BOTH_HAVE_IT,34,yes,yes,GAP -- aircraft unobserved for 34 day(s) between these two fields; intermediate stops are possible and are NOT ruled out,
N40JD,2025-08-01,2025-08-01,0,KSDL,Scottsdale Airport,0.6,2025-08-01T00:06:43.840000Z,KSNA,John Wayne Orange County International Airport,0.66,2025-08-01T01:06:06.980000Z,adsbexchange-samples,HELD_BY_ADSBEXCHANGE-SAMPLES,HELD_BY_ADSBEXCHANGE-SAMPLES,0,yes,no,direct,
N40JD,2025-08-01,2025-08-01,0,KSNA,John Wayne Orange County International Airport,0.22,2025-08-01T02:37:04.570000Z,KSDL,Scottsdale Airport,0.11,2025-08-01T03:31:05.070000Z,adsbexchange-samples,HELD_BY_ADSBEXCHANGE-SAMPLES,HELD_BY_ADSBEXCHANGE-SAMPLES,0,yes,no,direct,
N560TW,2025-08-01,2025-08-01,0,KSDL,Scottsdale Airport,0.58,2025-08-01T17:00:33.900000Z,KJAC,Jackson Hole Airport,0.46,2025-08-01T18:43:32.390000Z,adsbexchange-samples,HELD_BY_ADSBEXCHANGE-SAMPLES,HELD_BY_ADSBEXCHANGE-SAMPLES,0,yes,no,direct,
N560TW,2025-08-01,2025-08-01,0,KJAC,Jackson Hole Airport,0.46,2025-08-01T19:56:17.060000Z,KSDL,Scottsdale Airport,0.1,2025-08-01T21:33:03.630000Z,adsbexchange-samples,HELD_BY_ADSBEXCHANGE-SAMPLES,HELD_BY_ADSBEXCHANGE-SAMPLES,0,yes,no,direct,
N582MM,2025-08-01,2025-08-01,0,KMSP,Minneapolis–Saint Paul International Airport / Wold–Chamberlain Field,0.94,2025-08-01T00:37:40.290000Z,KCLE,Cleveland Hopkins International Airport,0.31,2025-08-01T01:57:44.400000Z,adsbexchange-samples,HELD_BY_ADSBEXCHANGE-SAMPLES,HELD_BY_ADSBEXCHANGE-SAMPLES,0,yes,no,direct,
N582MM,2025-08-01,2025-08-01,0,KCLE,Cleveland Hopkins International Airport,0.31,2025-08-01T02:01:43.890000Z,KSDF,Louisville Muhammad Ali International Airport,1.38,2025-08-01T13:41:32.990000Z,adsbexchange-samples,HELD_BY_ADSBEXCHANGE-SAMPLES,HELD_BY_ADSBEXCHANGE-SAMPLES,0,yes,no,direct,
N582MM,2025-08-01,2025-08-01,0,KSDF,Louisville Muhammad Ali International Airport,1.38,2025-08-01T13:42:41.140000Z,KBHB,Hancock County-Bar Harbor Airport,0.2,2025-08-01T18:04:21.320000Z,adsbexchange-samples,HELD_BY_ADSBEXCHANGE-SAMPLES,HELD_BY_ADSBEXCHANGE-SAMPLES,0,yes,no,direct,
N582MM,2025-08-01,2025-08-04,3,KBHB,Hancock County-Bar Harbor Airport,0.2,2025-08-01T18:09:37.590000Z,KBCT,Boca Raton Airport,0.31,2025-08-04T15:26:05.560000Z,adsb-lol|adsbexchange-samples|airplanes-live,HELD_BY_ADSBEXCHANGE-SAMPLES,BOTH_HAVE_IT,2,yes,yes,GAP -- aircraft unobserved for 2 day(s) between these two fields; intermediate stops are possible and are NOT ruled out,
N872RA,2025-08-01,2025-08-18,17,KSNA,John Wayne Orange County International Airport,0.27,2025-08-01T15:43:31.340000Z,KCRQ,McClellan-Palomar Airport,0.43,2025-08-18T15:54:25.300000Z,adsb-lol|adsbexchange-samples|airplanes-live,HELD_BY_ADSBEXCHANGE-SAMPLES,BOTH_HAVE_IT,16,yes,yes,GAP -- aircraft unobserved for 16 day(s) between these two fields; intermediate stops are possible and are NOT ruled out,
T7-ELL,2025-08-01,2025-08-01,0,LSZH,Zürich Airport,0.81,2025-08-01T13:58:35.400000Z,OMAD,Al Bateen Executive Airport,0.72,2025-08-01T19:22:15.960000Z,adsb-lol|adsbexchange-samples|airplanes-live,BOTH_HAVE_IT,BOTH_HAVE_IT,0,no,no,direct,
T7-ELL,2025-08-01,2025-08-03,2,OMAD,Al Bateen Executive Airport,0.72,2025-08-01T19:24:19.130000Z,GMMN,Mohammed V International Airport,1.95,2025-08-03T21:09:25.990000Z,adsb-lol|adsbexchange-samples,BOTH_HAVE_IT,BOTH_HAVE_IT,1,no,yes,GAP -- aircraft unobserved for 1 day(s) between these two fields; intermediate stops are possible and are NOT ruled out,
T7-ELL,2025-08-03,2025-08-03,0,GMMN,Mohammed V International Airport,1.78,2025-08-03T22:37:04.290000Z,LEMG,Málaga-Costa del Sol Airport,0.99,2025-08-03T23:22:24.980000Z,adsb-lol|airplanes-live,BOTH_HAVE_IT,BOTH_HAVE_IT,0,no,no,direct,
N582MM,2025-08-04,2025-08-05,1,KBCT,Boca Raton Airport,0.31,2025-08-04T15:26:15.490000Z,KSDL,Scottsdale Airport,0.49,2025-08-05T00:54:27.070000Z,adsb-lol|airplanes-live,BOTH_HAVE_IT,BOTH_HAVE_IT,0,no,yes,overnight,
CONTROL-LUFTHANSA,2025-08-05,2025-08-05,0,EDDM,Munich Airport,2.25,2025-08-05T05:21:31.290000Z,EDDF,Frankfurt Main Airport,2.3,2025-08-05T10:18:59.950000Z,adsb-lol|airplanes-live,BOTH_HAVE_IT,BOTH_HAVE_IT,0,no,no,direct,
CONTROL-LUFTHANSA,2025-08-05,2025-08-05,0,EDDF,Frankfurt Main Airport,2.3,2025-08-05T10:22:39.910000Z,EDDN,Nuremberg Airport,0.14,2025-08-05T11:40:26.350000Z,adsb-lol|airplanes-live,BOTH_HAVE_IT,BOTH_HAVE_IT,0,no,no,direct,
CONTROL-LUFTHANSA,2025-08-05,2025-08-05,0,EDDN,Nuremberg Airport,0.37,2025-08-05T13:47:55.680000Z,EDDF,Frankfurt Main Airport,1.72,2025-08-05T14:51:38.270000Z,adsb-lol|airplanes-live,BOTH_HAVE_IT,BOTH_HAVE_IT,0,no,no,direct,
CONTROL-LUFTHANSA,2025-08-05,2025-08-05,0,EDDF,Frankfurt Main Airport,1.72,2025-08-05T14:51:46.300000Z,EGBB,Birmingham Airport,0.26,2025-08-05T16:16:04.850000Z,adsb-lol|airplanes-live,BOTH_HAVE_IT,BOTH_HAVE_IT,0,no,no,direct,
CONTROL-LUFTHANSA,2025-08-05,2025-08-05,0,EGBB,Birmingham Airport,0.26,2025-08-05T17:09:01.290000Z,EDDF,Frankfurt Main Airport,2.42,2025-08-05T18:20:58.540000Z,adsb-lol|airplanes-live,BOTH_HAVE_IT,BOTH_HAVE_IT,0,no,no,direct,
CONTROL-LUFTHANSA,2025-08-05,2025-08-17,12,EDDF,Frankfurt Main Airport,2.42,2025-08-05T18:23:37.940000Z,EDDB,Berlin Brandenburg Airport,0.26,2025-08-17T04:48:35.260000Z,adsb-lol|airplanes-live,BOTH_HAVE_IT,BOTH_HAVE_IT,11,no,yes,GAP -- aircraft unobserved for 11 day(s) between these two fields; intermediate stops are possible and are NOT ruled out,
CONTROL-RYANAIR,2025-08-05,2025-08-16,11,EDDK,Cologne Bonn Airport,1.91,2025-08-05T23:21:00.970000Z,EGSS,London Stansted Airport,0.76,2025-08-16T05:36:58.620000Z,adsb-lol|airplanes-live,BOTH_HAVE_IT,BOTH_HAVE_IT,10,no,yes,GAP -- aircraft unobserved for 10 day(s) between these two fields; intermediate stops are possible and are NOT ruled out,
N582MM,2025-08-06,2025-08-06,0,KSDL,Scottsdale Airport,0.05,2025-08-06T19:16:24.200000Z,KCOS,City of Colorado Springs Municipal Airport,1.43,2025-08-06T20:34:54.340000Z,adsb-lol|airplanes-live,BOTH_HAVE_IT,BOTH_HAVE_IT,0,no,no,direct,
SU-BTV,2025-08-06,2025-10-04,59,KILG,Wilmington Airport,0.87,2025-08-06T11:55:15Z,LFPB,Paris-Le Bourget International Airport,0.32,2025-10-04T09:47:14.380000Z,adsb-lol|airplanes-live,BOTH_HAVE_IT,BOTH_HAVE_IT,58,no,yes,GAP -- aircraft unobserved for 58 day(s) between these two fields; intermediate stops are possible and are NOT ruled out,
T7-ELL,2025-08-06,2025-08-08,2,LEMG,Málaga-Costa del Sol Airport,0.67,2025-08-06T05:57:53.090000Z,OMDW,Al Maktoum International Airport,1.33,2025-08-08T19:54:12.730000Z,adsb-lol|airplanes-live,BOTH_HAVE_IT,BOTH_HAVE_IT,1,no,yes,GAP -- aircraft unobserved for 1 day(s) between these two fields; intermediate stops are possible and are NOT ruled out,
N40JD,2025-08-07,2025-08-10,3,KSDL,Scottsdale Airport,0.28,2025-08-07T15:48:39.430000Z,KORD,Chicago O'Hare International Airport,1.27,2025-08-10T20:30:34.290000Z,adsb-lol|airplanes-live,BOTH_HAVE_IT,BOTH_HAVE_IT,2,no,yes,GAP -- aircraft unobserved for 2 day(s) between these two fields; intermediate stops are possible and are NOT ruled out,
N582MM,2025-08-07,2025-08-07,0,KCOS,City of Colorado Springs Municipal Airport,1.9,2025-08-07T20:23:02.050000Z,KTOA,Zamperini Field,0.23,2025-08-07T22:29:33.690000Z,adsb-lol|airplanes-live,BOTH_HAVE_IT,BOTH_HAVE_IT,0,no,no,direct,"dest|Rancho Palos Verdes,CA|2025-08-08|Charlie|4.9"
N582MM,2025-08-07,2025-08-08,1,KTOA,Zamperini Field,0.23,2025-08-07T22:29:36.060000Z,KSDL,Scottsdale Airport,0.63,2025-08-08T05:30:37.420000Z,adsb-lol|airplanes-live,BOTH_HAVE_IT,BOTH_HAVE_IT,0,no,yes,overnight,"origin|Rancho Palos Verdes,CA|2025-08-08|Charlie|4.9"
N582MM,2025-08-09,2025-08-09,0,KSDL,Scottsdale Airport,0.42,2025-08-09T03:17:23.850000Z,KLGB,Long Beach International Airport,0.33,2025-08-09T04:14:25.250000Z,adsb-lol|airplanes-live,BOTH_HAVE_IT,BOTH_HAVE_IT,0,no,no,direct,"dest|Rancho Palos Verdes,CA|2025-08-08|Charlie|13.6"
N582MM,2025-08-09,2025-08-09,0,KLGB,Long Beach International Airport,0.23,2025-08-09T14:19:28.420000Z,KMSP,Minneapolis–Saint Paul International Airport / Wold–Chamberlain Field,0.6,2025-08-09T22:23:43.400000Z,adsb-lol|airplanes-live,BOTH_HAVE_IT,BOTH_HAVE_IT,0,no,no,direct,"origin|Rancho Palos Verdes,CA|2025-08-08|Charlie|13.6"
N40JD,2025-08-10,2025-08-19,9,KORD,Chicago O'Hare International Airport,1.27,2025-08-10T20:30:39.520000Z,KSDL,Scottsdale Airport,0.19,2025-08-19T15:36:22.250000Z,adsb-lol|airplanes-live,BOTH_HAVE_IT,BOTH_HAVE_IT,8,no,yes,GAP -- aircraft unobserved for 8 day(s) between these two fields; intermediate stops are possible and are NOT ruled out,
N560TW,2025-08-10,2025-08-10,0,KSDL,Scottsdale Airport,1.0,2025-08-10T16:17:21.060000Z,KCRQ,McClellan-Palomar Airport,0.1,2025-08-10T20:47:37.140000Z,adsb-lol|airplanes-live,BOTH_HAVE_IT,BOTH_HAVE_IT,0,no,no,direct,
N560TW,2025-08-10,2025-08-22,12,KCRQ,McClellan-Palomar Airport,0.1,2025-08-10T20:47:37.140000Z,KSDL,Scottsdale Airport,0.2,2025-08-22T18:24:52.560000Z,adsb-lol|airplanes-live,BOTH_HAVE_IT,BOTH_HAVE_IT,11,no,yes,GAP -- aircraft unobserved for 11 day(s) between these two fields; intermediate stops are possible and are NOT ruled out,
N582MM,2025-08-10,2025-08-10,0,KMSP,Minneapolis–Saint Paul International Airport / Wold–Chamberlain Field,0.51,2025-08-10T14:55:10.010000Z,KPHL,Philadelphia International Airport,0.79,2025-08-10T17:45:13.250000Z,adsb-lol|airplanes-live,BOTH_HAVE_IT,BOTH_HAVE_IT,0,no,no,direct,
N582MM,2025-08-10,2025-08-10,0,KPHL,Philadelphia International Airport,0.79,2025-08-10T17:48:18.060000Z,KSDL,Scottsdale Airport,0.1,2025-08-10T22:00:00.700000Z,adsb-lol|airplanes-live,BOTH_HAVE_IT,BOTH_HAVE_IT,0,no,no,direct,
CONTROL-RYANAIR,2025-08-16,2025-08-16,0,EGSS,London Stansted Airport,0.75,2025-08-16T17:39:12.960000Z,LEPA,Palma de Mallorca Airport,1.11,2025-08-16T20:39:08.750000Z,adsb-lol|airplanes-live,BOTH_HAVE_IT,BOTH_HAVE_IT,0,no,no,direct,
CONTROL-RYANAIR,2025-08-16,2025-08-16,0,LEPA,Palma de Mallorca Airport,1.11,2025-08-16T20:39:08.750000Z,EGSS,London Stansted Airport,1.32,2025-08-16T22:52:13.590000Z,adsb-lol|airplanes-live,BOTH_HAVE_IT,BOTH_HAVE_IT,0,no,no,direct,
SU-BTT,2025-08-16,2025-08-23,7,LFPB,Paris-Le Bourget International Airport,1.63,2025-08-16T10:06:00.030000Z,KILG,Wilmington Airport,0.78,2025-08-23T14:44:13.540000Z,adsb-lol|airplanes-live,BOTH_HAVE_IT,BOTH_HAVE_IT,6,no,yes,GAP -- aircraft unobserved for 6 day(s) between these two fields; intermediate stops are possible and are NOT ruled out,
T7-ELL,2025-08-16,2025-08-16,0,OMDW,Al Maktoum International Airport,0.99,2025-08-16T03:50:58.640000Z,LGAV,Athens Eleftherios Venizelos International Airport,0.83,2025-08-16T07:59:15.410000Z,adsb-lol|airplanes-live,BOTH_HAVE_IT,BOTH_HAVE_IT,0,no,no,direct,
T7-ELL,2025-08-16,2025-08-16,0,LGAV,Athens Eleftherios Venizelos International Airport,1.38,2025-08-16T09:02:43.120000Z,OMDW,Al Maktoum International Airport,0.25,2025-08-16T13:32:27.880000Z,adsb-lol|airplanes-live,BOTH_HAVE_IT,BOTH_HAVE_IT,0,no,no,direct,
CONTROL-LUFTHANSA,2025-08-17,2025-08-17,0,EDDB,Berlin Brandenburg Airport,0.26,2025-08-17T04:59:45.340000Z,EDDF,Frankfurt Main Airport,2.46,2025-08-17T05:49:00.970000Z,adsb-lol|airplanes-live,BOTH_HAVE_IT,BOTH_HAVE_IT,0,no,no,direct,
CONTROL-LUFTHANSA,2025-08-17,2025-08-17,0,EDDF,Frankfurt Main Airport,1.83,2025-08-17T08:08:01.770000Z,LKPR,Václav Havel Airport Prague,0.81,2025-08-17T08:53:34.680000Z,adsb-lol,BOTH_HAVE_IT,BOTH_HAVE_IT,0,no,no,direct,
CONTROL-LUFTHANSA,2025-08-17,2025-08-17,0,LKPR,Václav Havel Airport Prague,0.81,2025-08-17T09:53:30.090000Z,EDDF,Frankfurt Main Airport,2.55,2025-08-17T10:40:58.620000Z,adsb-lol|airplanes-live,BOTH_HAVE_IT,BOTH_HAVE_IT,0,no,no,direct,
CONTROL-LUFTHANSA,2025-08-17,2025-08-17,0,EDDF,Frankfurt Main Airport,2.01,2025-08-17T13:17:23.690000Z,LROP,Bucharest Henri Coandă International Airport,1.49,2025-08-17T15:16:15.170000Z,adsb-lol|airplanes-live,BOTH_HAVE_IT,BOTH_HAVE_IT,0,no,no,direct,
CONTROL-LUFTHANSA,2025-08-17,2025-08-17,0,LROP,Bucharest Henri Coandă International Airport,1.49,2025-08-17T15:16:34.120000Z,EDDF,Frankfurt Main Airport,1.6,2025-08-17T18:37:47.940000Z,adsb-lol|airplanes-live,BOTH_HAVE_IT,BOTH_HAVE_IT,0,no,no,direct,
CONTROL-LUFTHANSA,2025-08-17,2025-08-17,0,EDDF,Frankfurt Main Airport,1.71,2025-08-17T20:32:48.690000Z,EDDP,Leipzig/Halle Airport,0.97,2025-08-17T20:33:00.790000Z,adsb-lol|airplanes-live,BOTH_HAVE_IT,BOTH_HAVE_IT,0,no,no,direct,
CONTROL-LUFTHANSA,2025-08-18,2025-08-18,0,EDDP,Leipzig/Halle Airport,0.88,2025-08-18T04:19:43.770000Z,EDDF,Frankfurt Main Airport,2.4,2025-08-18T04:59:39.270000Z,adsb-lol|airplanes-live,BOTH_HAVE_IT,BOTH_HAVE_IT,0,no,no,direct,
CONTROL-LUFTHANSA,2025-08-18,2025-08-18,0,EDDF,Frankfurt Main Airport,2.4,2025-08-18T05:08:00.140000Z,EHAM,Amsterdam Airport Schiphol,0.79,2025-08-18T06:15:40.260000Z,adsb-lol,BOTH_HAVE_IT,BOTH_HAVE_IT,0,no,no,direct,
CONTROL-LUFTHANSA,2025-08-18,2025-08-18,0,EHAM,Amsterdam Airport Schiphol,1.21,2025-08-18T09:06:28.680000Z,EDDF,Frankfurt Main Airport,2.03,2025-08-18T10:21:31.190000Z,adsb-lol|airplanes-live,BOTH_HAVE_IT,BOTH_HAVE_IT,0,no,no,direct,
CONTROL-LUFTHANSA,2025-08-18,2025-08-18,0,EDDF,Frankfurt Main Airport,1.72,2025-08-18T19:02:05.710000Z,EKCH,Copenhagen Kastrup Airport,1.0,2025-08-18T20:06:20.970000Z,adsb-lol|airplanes-live,BOTH_HAVE_IT,BOTH_HAVE_IT,0,no,no,direct,
CONTROL-LUFTHANSA,2025-08-18,2025-08-20,2,EKCH,Copenhagen Kastrup Airport,1.0,2025-08-18T20:06:32.850000Z,EDDF,Frankfurt Main Airport,2.04,2025-08-20T08:29:14.950000Z,adsb-lol|airplanes-live,BOTH_HAVE_IT,BOTH_HAVE_IT,1,no,yes,GAP -- aircraft unobserved for 1 day(s) between these two fields; intermediate stops are possible and are NOT ruled out,
CONTROL-RYANAIR,2025-08-18,2025-08-18,0,EGSS,London Stansted Airport,1.27,2025-08-18T05:17:26.250000Z,LIPZ,Venice Marco Polo Airport,0.16,2025-08-18T06:56:43.440000Z,adsb-lol|airplanes-live,BOTH_HAVE_IT,BOTH_HAVE_IT,0,no,no,direct,
CONTROL-RYANAIR,2025-08-18,2025-08-18,0,LIPZ,Venice Marco Polo Airport,0.56,2025-08-18T07:57:27.850000Z,EGSS,London Stansted Airport,0.88,2025-08-18T09:53:42.050000Z,adsb-lol|airplanes-live,BOTH_HAVE_IT,BOTH_HAVE_IT,0,no,no,direct,
CONTROL-RYANAIR,2025-08-18,2025-08-18,0,EGSS,London Stansted Airport,0.97,2025-08-18T11:32:17.740000Z,LICT,Vincenzo Florio Airport Trapani-Birgi,1.34,2025-08-18T14:07:30.050000Z,adsb-lol|airplanes-live,BOTH_HAVE_IT,BOTH_HAVE_IT,0,no,no,direct,
CONTROL-RYANAIR,2025-08-18,2025-08-18,0,LICT,Vincenzo Florio Airport Trapani-Birgi,1.34,2025-08-18T14:08:06.090000Z,EHEH,Eindhoven Airport,1.01,2025-08-18T17:53:50.640000Z,adsb-lol|airplanes-live,BOTH_HAVE_IT,BOTH_HAVE_IT,0,no,no,direct,
CONTROL-RYANAIR,2025-08-18,2025-08-18,0,EHEH,Eindhoven Airport,1.01,2025-08-18T20:16:55.890000Z,EGSS,London Stansted Airport,1.62,2025-08-18T21:02:46.970000Z,adsb-lol|airplanes-live,BOTH_HAVE_IT,BOTH_HAVE_IT,0,no,no,direct,
CONTROL-RYANAIR,2025-08-18,2025-08-20,2,EGSS,London Stansted Airport,1.62,2025-08-18T21:03:10.990000Z,EIDW,Dublin Airport,0.55,2025-08-20T07:17:55.680000Z,adsb-lol|airplanes-live,BOTH_HAVE_IT,BOTH_HAVE_IT,1,no,yes,GAP -- aircraft unobserved for 1 day(s) between these two fields; intermediate stops are possible and are NOT ruled out,
N872RA,2025-08-18,2025-08-18,0,KCRQ,McClellan-Palomar Airport,0.59,2025-08-18T18:02:25.250000Z,KBZN,Bozeman Yellowstone International Airport,0.51,2025-08-18T20:12:51.360000Z,adsb-lol|airplanes-live,BOTH_HAVE_IT,BOTH_HAVE_IT,0,no,no,direct,
N872RA,2025-08-18,2025-08-18,0,KBZN,Bozeman Yellowstone International Airport,1.34,2025-08-18T21:20:06.580000Z,KPDX,Portland International Airport,1.55,2025-08-18T22:46:13.150000Z,adsb-lol|airplanes-live,BOTH_HAVE_IT,BOTH_HAVE_IT,0,no,no,direct,
N872RA,2025-08-18,2025-08-19,1,KPDX,Portland International Airport,1.55,2025-08-18T23:24:23.580000Z,KVNY,Van Nuys Airport,0.23,2025-08-19T01:31:58.090000Z,adsb-lol|airplanes-live,BOTH_HAVE_IT,BOTH_HAVE_IT,0,no,yes,overnight,
N102DZ,2025-08-19,2025-08-19,0,KVNY,Van Nuys Airport,0.91,2025-08-19T22:05:41.420000Z,KBZN,Bozeman Yellowstone International Airport,0.82,2025-08-19T23:57:59.730000Z,adsb-lol|airplanes-live,BOTH_HAVE_IT,BOTH_HAVE_IT,0,no,no,direct,
N872RA,2025-08-19,2025-09-01,13,KVNY,Van Nuys Airport,0.23,2025-08-19T02:28:51.050000Z,KSAN,San Diego International Airport,0.28,2025-09-01T19:57:24.610000Z,adsb-lol|adsbexchange-samples|airplanes-live,BOTH_HAVE_IT,BOTH_HAVE_IT,12,no,yes,GAP -- aircraft unobserved for 12 day(s) between these two fields; intermediate stops are possible and are NOT ruled out,
CONTROL-LUFTHANSA,2025-08-20,2025-08-20,0,EDDF,Frankfurt Main Airport,1.81,2025-08-20T12:35:31.230000Z,EDDH,Hamburg Helmut Schmidt Airport,0.52,2025-08-20T14:05:14.090000Z,adsb-lol|airplanes-live,BOTH_HAVE_IT,BOTH_HAVE_IT,0,no,no,direct,
CONTROL-LUFTHANSA,2025-08-20,2025-08-20,0,EDDH,Hamburg Helmut Schmidt Airport,0.91,2025-08-20T16:01:34.590000Z,EDDF,Frankfurt Main Airport,2.49,2025-08-20T16:53:21.030000Z,adsb-lol|airplanes-live,BOTH_HAVE_IT,BOTH_HAVE_IT,0,no,no,direct,
CONTROL-LUFTHANSA,2025-08-20,2025-08-20,0,EDDF,Frankfurt Main Airport,1.63,2025-08-20T20:25:39.840000Z,EDDP,Leipzig/Halle Airport,0.58,2025-08-20T20:59:08.280000Z,adsb-lol|airplanes-live,BOTH_HAVE_IT,BOTH_HAVE_IT,0,no,no,direct,
CONTROL-LUFTHANSA,2025-08-20,2025-09-03,14,EDDP,Leipzig/Halle Airport,0.58,2025-08-20T21:02:50.010000Z,EDDF,Frankfurt Main Airport,2.36,2025-09-03T04:43:34.920000Z,adsb-lol|airplanes-live,BOTH_HAVE_IT,BOTH_HAVE_IT,13,no,yes,GAP -- aircraft unobserved for 13 day(s) between these two fields; intermediate stops are possible and are NOT ruled out,
CONTROL-RYANAIR,2025-08-20,2025-08-20,0,EIDW,Dublin Airport,0.55,2025-08-20T07:53:37.240000Z,LFMN,Nice-Côte d'Azur Airport,1.24,2025-08-20T12:07:27.650000Z,adsb-lol|airplanes-live,BOTH_HAVE_IT,BOTH_HAVE_IT,0,no,no,direct,
CONTROL-RYANAIR,2025-08-20,2025-08-20,0,LFMN,Nice-Côte d'Azur Airport,1.24,2025-08-20T12:16:43.260000Z,EIDW,Dublin Airport,0.4,2025-08-20T14:33:34.930000Z,adsb-lol|airplanes-live,BOTH_HAVE_IT,BOTH_HAVE_IT,0,no,no,direct,
CONTROL-RYANAIR,2025-08-20,2025-08-20,0,EIDW,Dublin Airport,0.57,2025-08-20T15:58:34.630000Z,LOWW,Vienna International Airport,0.25,2025-08-20T18:20:40.090000Z,adsb-lol|airplanes-live,BOTH_HAVE_IT,BOTH_HAVE_IT,0,no,no,direct,
CONTROL-RYANAIR,2025-08-20,2025-08-20,0,LOWW,Vienna International Airport,0.25,2025-08-20T19:18:26.890000Z,EIDW,Dublin Airport,0.61,2025-08-20T21:44:44.180000Z,adsb-lol|airplanes-live,BOTH_HAVE_IT,BOTH_HAVE_IT,0,no,no,direct,
CONTROL-RYANAIR,2025-08-20,2025-09-04,15,EIDW,Dublin Airport,0.61,2025-08-20T21:52:48.490000Z,EKCH,Copenhagen Kastrup Airport,0.48,2025-09-04T05:39:45.960000Z,adsb-lol|airplanes-live,BOTH_HAVE_IT,BOTH_HAVE_IT,14,no,yes,GAP -- aircraft unobserved for 14 day(s) between these two fields; intermediate stops are possible and are NOT ruled out,
N102DZ,2025-08-20,2025-09-01,12,KBZN,Bozeman Yellowstone International Airport,0.84,2025-08-20T00:01:00.580000Z,KSDL,Scottsdale Airport,0.57,2025-09-01T17:15:57.190000Z,adsb-lol|adsbexchange-samples|airplanes-live,BOTH_HAVE_IT,BOTH_HAVE_IT,11,no,yes,GAP -- aircraft unobserved for 11 day(s) between these two fields; intermediate stops are possible and are NOT ruled out,
N582MM,2025-08-22,2025-08-23,1,KSDL,Scottsdale Airport,0.05,2025-08-22T23:13:24.400000Z,KSDM,Brown Field Municipal Airport,1.14,2025-08-23T23:43:56.040000Z,adsb-lol|airplanes-live,BOTH_HAVE_IT,BOTH_HAVE_IT,0,no,yes,overnight,
T7-ELL,2025-08-22,2025-08-23,1,OMDW,Al Maktoum International Airport,1.36,2025-08-22T20:59:40.290000Z,LFMN,Nice-Côte d'Azur Airport,1.51,2025-08-23T11:09:58.210000Z,adsb-lol|airplanes-live,BOTH_HAVE_IT,BOTH_HAVE_IT,0,no,yes,overnight,
SU-BTT,2025-08-23,2025-09-03,11,KILG,Wilmington Airport,0.78,2025-08-23T14:44:13.540000Z,LFPB,Paris-Le Bourget International Airport,0.45,2025-09-03T10:00:47.830000Z,adsb-lol|airplanes-live,BOTH_HAVE_IT,BOTH_HAVE_IT,10,no,yes,GAP -- aircraft unobserved for 10 day(s) between these two fields; intermediate stops are possible and are NOT ruled out,
T7-ELL,2025-08-23,2025-08-23,0,LFMN,Nice-Côte d'Azur Airport,1.51,2025-08-23T11:14:33.360000Z,OMDW,Al Maktoum International Airport,0.3,2025-08-23T17:01:29.190000Z,adsb-lol|airplanes-live,BOTH_HAVE_IT,BOTH_HAVE_IT,0,no,no,direct,
N582MM,2025-08-24,2025-08-24,0,KSDM,Brown Field Municipal Airport,1.03,2025-08-24T00:43:24.470000Z,KSDL,Scottsdale Airport,0.15,2025-08-24T01:39:00.570000Z,adsb-lol|airplanes-live,BOTH_HAVE_IT,BOTH_HAVE_IT,0,no,no,direct,
N582MM,2025-08-24,2025-09-01,8,KSDL,Scottsdale Airport,0.15,2025-08-24T01:39:17.160000Z,KMHT,Manchester-Boston Regional Airport,0.37,2025-09-01T12:16:30.940000Z,adsb-lol|adsbexchange-samples|airplanes-live,BOTH_HAVE_IT,BOTH_HAVE_IT,7,no,yes,GAP -- aircraft unobserved for 7 day(s) between these two fields; intermediate stops are possible and are NOT ruled out,
T7-ELL,2025-08-28,2025-08-28,0,OMDW,Al Maktoum International Airport,1.41,2025-08-28T07:22:12.260000Z,LGAV,Athens Eleftherios Venizelos International Airport,0.94,2025-08-28T15:35:55.740000Z,adsb-lol|airplanes-live,BOTH_HAVE_IT,BOTH_HAVE_IT,0,no,no,direct,
T7-ELL,2025-08-28,2025-08-29,1,LGAV,Athens Eleftherios Venizelos International Airport,1.37,2025-08-28T17:43:15.910000Z,OMDW,Al Maktoum International Airport,1.13,2025-08-29T18:13:03.110000Z,adsb-lol|airplanes-live,BOTH_HAVE_IT,BOTH_HAVE_IT,0,no,yes,overnight,
N560TW,2025-09-01,2025-09-01,0,KSDL,Scottsdale Airport,0.46,2025-09-01T16:31:45.520000Z,KCRQ,McClellan-Palomar Airport,0.12,2025-09-01T17:22:13.420000Z,adsb-lol|adsbexchange-samples|airplanes-live,BOTH_HAVE_IT,BOTH_HAVE_IT,0,no,no,direct,
N560TW,2025-09-01,2025-09-01,0,KCRQ,McClellan-Palomar Airport,0.12,2025-09-01T18:01:06.340000Z,KSDL,Scottsdale Airport,0.18,2025-09-01T18:55:08.240000Z,adsb-lol|adsbexchange-samples|airplanes-live,BOTH_HAVE_IT,BOTH_HAVE_IT,0,no,no,direct,
N582MM,2025-09-01,2025-09-01,0,KMHT,Manchester-Boston Regional Airport,0.37,2025-09-01T12:46:33.220000Z,KGLR,Gaylord Regional Airport,0.41,2025-09-01T14:12:04.610000Z,adsbexchange-samples,BOTH_HAVE_IT,BOTH_HAVE_IT,0,no,no,direct,
N582MM,2025-09-01,2025-09-01,0,KGLR,Gaylord Regional Airport,0.41,2025-09-01T14:12:04.610000Z,KSDL,Scottsdale Airport,0.47,2025-09-01T19:27:26.530000Z,adsb-lol|adsbexchange-samples|airplanes-live,BOTH_HAVE_IT,BOTH_HAVE_IT,0,no,no,direct,
N59906,2025-09-01,2025-09-01,0,KPIH,Pocatello Regional Airport,1.89,2025-09-01T15:04:32.710000Z,KOGD,Ogden Hinckley Airport,0.16,2025-09-01T17:33:38.550000Z,adsb-lol|adsbexchange-samples|airplanes-live,BOTH_HAVE_IT,BOTH_HAVE_IT,0,no,no,direct,
N872RA,2025-09-01,2025-09-01,0,KSAN,San Diego International Airport,0.95,2025-09-01T22:01:48.040000Z,KSJC,Mineta San Jose International Airport,0.25,2025-09-01T22:59:31.820000Z,adsb-lol|adsbexchange-samples|airplanes-live,BOTH_HAVE_IT,BOTH_HAVE_IT,0,no,no,direct,
N872RA,2025-09-01,2025-09-02,1,KSJC,Mineta San Jose International Airport,0.25,2025-09-01T23:54:19.490000Z,KDVT,Phoenix Deer Valley Airport,0.18,2025-09-02T01:29:19.710000Z,adsb-lol|adsbexchange-samples|airplanes-live,BOTH_HAVE_IT,BOTH_HAVE_IT,0,no,yes,overnight,
N40JD,2025-09-02,2025-09-02,0,KSDL,Scottsdale Airport,0.27,2025-09-02T20:12:50.670000Z,KLAS,Harry Reid International Airport,1.74,2025-09-02T20:59:43.790000Z,adsb-lol|airplanes-live,BOTH_HAVE_IT,BOTH_HAVE_IT,0,no,no,direct,
N40JD,2025-09-02,2025-09-02,0,KLAS,Harry Reid International Airport,1.74,2025-09-02T21:01:33.730000Z,KSDL,Scottsdale Airport,0.19,2025-09-02T21:47:04.740000Z,adsb-lol|airplanes-live,BOTH_HAVE_IT,BOTH_HAVE_IT,0,no,no,direct,
N582MM,2025-09-02,2025-09-03,1,KSDL,Scottsdale Airport,0.74,2025-09-02T23:15:11.320000Z,KCLE,Cleveland Hopkins International Airport,0.3,2025-09-03T02:45:59.080000Z,adsb-lol|airplanes-live,BOTH_HAVE_IT,BOTH_HAVE_IT,0,no,yes,overnight,
N872RA,2025-09-02,2025-09-02,0,KDVT,Phoenix Deer Valley Airport,0.62,2025-09-02T13:38:16.930000Z,KSJC,Mineta San Jose International Airport,0.32,2025-09-02T18:49:08.630000Z,adsb-lol|airplanes-live,BOTH_HAVE_IT,BOTH_HAVE_IT,0,no,no,direct,
N872RA,2025-09-02,2025-09-02,0,KSJC,Mineta San Jose International Airport,0.32,2025-09-02T19:43:58.160000Z,KSNA,John Wayne Orange County International Airport,0.17,2025-09-02T20:46:52.090000Z,adsb-lol|airplanes-live,BOTH_HAVE_IT,BOTH_HAVE_IT,0,no,no,direct,
N872RA,2025-09-02,2025-09-05,3,KSNA,John Wayne Orange County International Airport,0.17,2025-09-02T20:48:10.680000Z,KSBA,Santa Barbara Municipal Airport,0.45,2025-09-05T21:23:25.070000Z,adsb-lol|airplanes-live,BOTH_HAVE_IT,BOTH_HAVE_IT,2,no,yes,GAP -- aircraft unobserved for 2 day(s) between these two fields; intermediate stops are possible and are NOT ruled out,
CONTROL-LUFTHANSA,2025-09-03,2025-09-03,0,EDDF,Frankfurt Main Airport,1.57,2025-09-03T07:40:05.490000Z,EHAM,Amsterdam Airport Schiphol,2.45,2025-09-03T08:30:13.370000Z,adsb-lol|airplanes-live,BOTH_HAVE_IT,BOTH_HAVE_IT,0,no,no,direct,
CONTROL-LUFTHANSA,2025-09-03,2025-09-03,0,EHAM,Amsterdam Airport Schiphol,0.9,2025-09-03T10:53:50.290000Z,EDDF,Frankfurt Main Airport,2.7,2025-09-03T13:48:25.120000Z,adsb-lol|airplanes-live,BOTH_HAVE_IT,BOTH_HAVE_IT,0,no,no,direct,
CONTROL-LUFTHANSA,2025-09-03,2025-09-03,0,EDDF,Frankfurt Main Airport,1.61,2025-09-03T19:48:05.560000Z,LFMN,Nice-Côte d'Azur Airport,0.7,2025-09-03T20:59:12.560000Z,adsb-lol|airplanes-live,BOTH_HAVE_IT,BOTH_HAVE_IT,0,no,no,direct,
N1098L,2025-09-03,2025-09-04,1,KSLN,Salina Municipal Airport,1.13,2025-09-03T18:32:07.200000Z,KOKC,OKC Will Rogers World Airport,1.44,2025-09-04T02:02:03.660000Z,adsb-lol|airplanes-live,BOTH_HAVE_IT,BOTH_HAVE_IT,0,no,yes,overnight,
N582MM,2025-09-03,2025-09-06,3,KCLE,Cleveland Hopkins International Airport,0.6,2025-09-03T16:10:23.600000Z,KFLL,Fort Lauderdale Hollywood International Airport,0.37,2025-09-06T00:20:07.480000Z,adsb-lol|airplanes-live,BOTH_HAVE_IT,BOTH_HAVE_IT,2,no,yes,GAP -- aircraft unobserved for 2 day(s) between these two fields; intermediate stops are possible and are NOT ruled out,
T7-ELL,2025-09-03,2025-09-04,1,OMDW,Al Maktoum International Airport,0.99,2025-09-03T19:30:48.160000Z,LFPB,Paris-Le Bourget International Airport,0.42,2025-09-04T02:18:52.130000Z,adsb-lol|airplanes-live,BOTH_HAVE_IT,BOTH_HAVE_IT,0,no,yes,overnight,
CONTROL-LUFTHANSA,2025-09-04,2025-09-04,0,LFMN,Nice-Côte d'Azur Airport,1.52,2025-09-04T04:54:03.750000Z,EDDF,Frankfurt Main Airport,1.89,2025-09-04T06:06:01.350000Z,adsb-lol|airplanes-live,BOTH_HAVE_IT,BOTH_HAVE_IT,0,no,no,direct,
CONTROL-LUFTHANSA,2025-09-04,2025-09-04,0,EDDF,Frankfurt Main Airport,3.09,2025-09-04T12:16:25.130000Z,EDDV,Hannover Airport,0.61,2025-09-04T12:16:18.520000Z,adsb-lol|airplanes-live,BOTH_HAVE_IT,BOTH_HAVE_IT,0,no,no,direct,
CONTROL-LUFTHANSA,2025-09-04,2025-09-04,0,EDDV,Hannover Airport,0.61,2025-09-04T12:16:25.130000Z,EDDF,Frankfurt Main Airport,2.4,2025-09-04T13:01:41.850000Z,adsb-lol|airplanes-live,BOTH_HAVE_IT,BOTH_HAVE_IT,0,no,no,direct,
CONTROL-LUFTHANSA,2025-09-04,2025-09-04,0,EDDF,Frankfurt Main Airport,2.4,2025-09-04T13:44:43.650000Z,EDDV,Hannover Airport,1.75,2025-09-04T13:01:41.850000Z,adsb-lol|airplanes-live,BOTH_HAVE_IT,BOTH_HAVE_IT,0,no,no,direct,
CONTROL-LUFTHANSA,2025-09-04,2025-09-04,0,EDDV,Hannover Airport,1.75,2025-09-04T13:02:06.810000Z,EDDF,Frankfurt Main Airport,2.06,2025-09-04T15:23:11.500000Z,adsb-lol|airplanes-live,BOTH_HAVE_IT,BOTH_HAVE_IT,0,no,no,direct,
CONTROL-LUFTHANSA,2025-09-04,2025-09-04,0,EDDF,Frankfurt Main Airport,3.21,2025-09-04T19:03:24.680000Z,EKCH,Copenhagen Kastrup Airport,0.53,2025-09-04T20:06:35.940000Z,adsb-lol|airplanes-live,BOTH_HAVE_IT,BOTH_HAVE_IT,0,no,no,direct,
CONTROL-LUFTHANSA,2025-09-04,2025-09-05,1,EKCH,Copenhagen Kastrup Airport,0.53,2025-09-04T20:08:42.520000Z,EDDF,Frankfurt Main Airport,2.21,2025-09-05T05:31:40.290000Z,adsb-lol|airplanes-live,BOTH_HAVE_IT,BOTH_HAVE_IT,0,no,yes,overnight,
CONTROL-RYANAIR,2025-09-04,2025-09-05,1,EKCH,Copenhagen Kastrup Airport,0.48,2025-09-04T05:39:55.510000Z,LEGE,Girona-Costa Brava Airport,0.65,2025-09-05T06:41:10.260000Z,airplanes-live,BOTH_HAVE_IT,BOTH_HAVE_IT,0,no,yes,overnight,
N102DZ,2025-09-04,2025-09-04,0,KSDL,Scottsdale Airport,0.3,2025-09-04T03:08:48.560000Z,KLAX,Los Angeles International Airport,1.42,2025-09-04T04:06:34.440000Z,adsb-lol|airplanes-live,BOTH_HAVE_IT,BOTH_HAVE_IT,0,no,no,direct,
N102DZ,2025-09-04,2025-09-04,0,KLAX,Los Angeles International Airport,1.42,2025-09-04T04:34:37.190000Z,KSDL,Scottsdale Airport,0.5,2025-09-04T05:31:21.120000Z,adsb-lol|airplanes-live,BOTH_HAVE_IT,BOTH_HAVE_IT,0,no,no,direct,
N102DZ,2025-09-04,2025-09-04,0,KSDL,Scottsdale Airport,0.08,2025-09-04T19:30:29.310000Z,KBAZ,New Braunfels National Airport,0.56,2025-09-04T21:13:35.780000Z,adsb-lol|airplanes-live,BOTH_HAVE_IT,BOTH_HAVE_IT,0,no,no,direct,
N102DZ,2025-09-04,2025-09-05,1,KBAZ,New Braunfels National Airport,0.9,2025-09-04T23:31:51.570000Z,KDAL,Dallas Love Field,0.59,2025-09-05T00:20:23.670000Z,adsb-lol|airplanes-live,BOTH_HAVE_IT,BOTH_HAVE_IT,0,no,yes,overnight,
N1098L,2025-09-04,2025-09-04,0,KOKC,OKC Will Rogers World Airport,1.44,2025-09-04T02:07:49.890000Z,KBIF,Biggs Army Air Field (Fort Bliss),1.37,2025-09-04T03:28:48.530000Z,adsb-lol|airplanes-live,BOTH_HAVE_IT,BOTH_HAVE_IT,0,no,no,direct,
N1098L,2025-09-04,2025-09-05,1,KBIF,Biggs Army Air Field (Fort Bliss),1.37,2025-09-04T03:28:48.530000Z,KBFI,King County International Airport - Boeing Field,0.29,2025-09-05T17:23:00.860000Z,adsb-lol|airplanes-live,BOTH_HAVE_IT,BOTH_HAVE_IT,0,no,yes,overnight,
SU-BTT,2025-09-04,2025-09-04,0,LFPB,Paris-Le Bourget International Airport,1.22,2025-09-04T07:11:17.960000Z,KMOT,Minot International Airport,1.14,2025-09-04T16:03:00.780000Z,adsb-lol|airplanes-live,BOTH_HAVE_IT,BOTH_HAVE_IT,0,no,no,direct,
SU-BTT,2025-09-04,2025-09-04,0,KMOT,Minot International Airport,1.14,2025-09-04T16:03:00.780000Z,KPVU,Provo Municipal Airport,1.04,2025-09-04T18:45:52.400000Z,adsb-lol|airplanes-live,BOTH_HAVE_IT,BOTH_HAVE_IT,0,no,no,direct,
T7-ELL,2025-09-04,2025-09-07,3,LFPB,Paris-Le Bourget International Airport,0.42,2025-09-04T02:22:58.550000Z,OMDW,Al Maktoum International Airport,0.49,2025-09-07T15:44:04.200000Z,adsb-lol|airplanes-live,BOTH_HAVE_IT,BOTH_HAVE_IT,2,no,yes,GAP -- aircraft unobserved for 2 day(s) between these two fields; intermediate stops are possible and are NOT ruled out,
CONTROL-LUFTHANSA,2025-09-05,2025-09-05,0,EDDF,Frankfurt Main Airport,2.21,2025-09-05T05:38:40.590000Z,EDDH,Hamburg Helmut Schmidt Airport,0.48,2025-09-05T06:36:42.960000Z,adsb-lol|airplanes-live,BOTH_HAVE_IT,BOTH_HAVE_IT,0,no,no,direct,
CONTROL-LUFTHANSA,2025-09-05,2025-09-05,0,EDDH,Hamburg Helmut Schmidt Airport,0.48,2025-09-05T07:36:07.010000Z,EDDF,Frankfurt Main Airport,1.75,2025-09-05T06:43:50.160000Z,adsb-lol|airplanes-live,BOTH_HAVE_IT,BOTH_HAVE_IT,0,no,no,direct,
CONTROL-LUFTHANSA,2025-09-05,2025-09-05,0,EDDF,Frankfurt Main Airport,1.75,2025-09-05T06:44:07.520000Z,EDDH,Hamburg Helmut Schmidt Airport,0.14,2025-09-05T07:31:31.760000Z,airplanes-live,BOTH_HAVE_IT,BOTH_HAVE_IT,0,no,no,direct,
CONTROL-LUFTHANSA,2025-09-05,2025-09-05,0,EDDH,Hamburg Helmut Schmidt Airport,0.89,2025-09-05T08:28:24.770000Z,EDDF,Frankfurt Main Airport,1.32,2025-09-05T09:28:39.320000Z,adsb-lol|airplanes-live,BOTH_HAVE_IT,BOTH_HAVE_IT,0,no,no,direct,
CONTROL-LUFTHANSA,2025-09-05,2025-09-05,0,EDDF,Frankfurt Main Airport,1.85,2025-09-05T11:03:09.640000Z,LFPG,Charles de Gaulle International Airport,3.64,2025-09-05T13:47:35.570000Z,adsb-lol,BOTH_HAVE_IT,BOTH_HAVE_IT,0,no,no,direct,
CONTROL-LUFTHANSA,2025-09-05,2025-09-05,0,LFPG,Charles de Gaulle International Airport,3.64,2025-09-05T13:47:35.570000Z,EDDF,Frankfurt Main Airport,1.23,2025-09-05T14:48:04.600000Z,adsb-lol,BOTH_HAVE_IT,BOTH_HAVE_IT,0,no,no,direct,
CONTROL-LUFTHANSA,2025-09-05,2025-09-05,0,EDDF,Frankfurt Main Airport,1.69,2025-09-05T19:25:55.180000Z,LFBO,Toulouse-Blagnac Airport,0.79,2025-09-05T20:50:42.130000Z,adsb-lol|airplanes-live,BOTH_HAVE_IT,BOTH_HAVE_IT,0,no,no,direct,
CONTROL-RYANAIR,2025-09-05,2025-09-05,0,LEGE,Girona-Costa Brava Airport,0.67,2025-09-05T07:47:07.430000Z,EFHK,Helsinki Vantaa Airport,0.88,2025-09-05T17:30:56.310000Z,adsb-lol|airplanes-live,BOTH_HAVE_IT,BOTH_HAVE_IT,0,no,no,direct,
CONTROL-RYANAIR,2025-09-05,2025-09-09,4,EFHK,Helsinki Vantaa Airport,0.7,2025-09-05T19:54:40.230000Z,EIDW,Dublin Airport,1.04,2025-09-09T06:54:16.680000Z,adsb-lol|airplanes-live,BOTH_HAVE_IT,BOTH_HAVE_IT,3,no,yes,GAP -- aircraft unobserved for 3 day(s) between these two fields; intermediate stops are possible and are NOT ruled out,
N102DZ,2025-09-05,2025-09-05,0,KDAL,Dallas Love Field,0.59,2025-09-05T00:56:52.140000Z,KSDL,Scottsdale Airport,0.72,2025-09-05T03:10:40.190000Z,adsb-lol|airplanes-live,BOTH_HAVE_IT,BOTH_HAVE_IT,0,no,no,direct,
N102DZ,2025-09-05,2025-09-08,3,KSDL,Scottsdale Airport,0.72,2025-09-05T03:13:40.280000Z,KLAX,Los Angeles International Airport,1.2,2025-09-08T01:21:09.670000Z,adsb-lol|airplanes-live,BOTH_HAVE_IT,BOTH_HAVE_IT,2,no,yes,GAP -- aircraft unobserved for 2 day(s) between these two fields; intermediate stops are possible and are NOT ruled out,
N1098L,2025-09-05,2025-09-06,1,KBFI,King County International Airport - Boeing Field,0.29,2025-09-05T17:40:08.890000Z,KFAR,Hector International Airport,0.56,2025-09-06T00:32:06.830000Z,adsb-lol|airplanes-live,BOTH_HAVE_IT,BOTH_HAVE_IT,0,no,yes,overnight,
N2100L,2025-09-05,2025-09-12,7,KBFI,King County International Airport - Boeing Field,1.15,2025-09-05T00:46:39.920000Z,KSMF,Sacramento International Airport,1.11,2025-09-12T17:12:21.210000Z,adsb-lol|airplanes-live,BOTH_HAVE_IT,BOTH_HAVE_IT,6,no,yes,GAP -- aircraft unobserved for 6 day(s) between these two fields; intermediate stops are possible and are NOT ruled out,
N40JD,2025-09-05,2025-09-05,0,KSDL,Scottsdale Airport,0.33,2025-09-05T18:10:20.150000Z,KLAS,Harry Reid International Airport,1.9,2025-09-05T20:24:24.980000Z,adsb-lol|airplanes-live,BOTH_HAVE_IT,BOTH_HAVE_IT,0,no,no,direct,
N40JD,2025-09-05,2025-09-05,0,KLAS,Harry Reid International Airport,1.9,2025-09-05T20:30:24.230000Z,KSDL,Scottsdale Airport,0.41,2025-09-05T21:17:01.160000Z,adsb-lol|airplanes-live,BOTH_HAVE_IT,BOTH_HAVE_IT,0,no,no,direct,
N560TW,2025-09-05,2025-09-05,0,KSDL,Scottsdale Airport,0.2,2025-09-05T15:56:21.380000Z,KBZN,Bozeman Yellowstone International Airport,0.63,2025-09-05T17:59:29.480000Z,adsb-lol|airplanes-live,BOTH_HAVE_IT,BOTH_HAVE_IT,0,no,no,direct,
N560TW,2025-09-05,2025-09-05,0,KBZN,Bozeman Yellowstone International Airport,0.63,2025-09-05T18:38:27.120000Z,KSDL,Scottsdale Airport,0.25,2025-09-05T20:33:52.320000Z,adsb-lol|airplanes-live,BOTH_HAVE_IT,BOTH_HAVE_IT,0,no,no,direct,
N872RA,2025-09-05,2025-09-06,1,KSBA,Santa Barbara Municipal Airport,0.45,2025-09-05T23:17:40.060000Z,KDIJ,Driggs/Reed Memorial Airport,0.33,2025-09-06T14:52:10.790000Z,adsb-lol|airplanes-live,BOTH_HAVE_IT,BOTH_HAVE_IT,0,no,yes,overnight,
CONTROL-LUFTHANSA,2025-09-06,2025-09-06,0,LFBO,Toulouse-Blagnac Airport,0.64,2025-09-06T04:17:30.860000Z,EDDF,Frankfurt Main Airport,1.28,2025-09-06T05:44:39.780000Z,adsb-lol|airplanes-live,BOTH_HAVE_IT,BOTH_HAVE_IT,0,no,no,direct,
CONTROL-LUFTHANSA,2025-09-06,2025-09-06,0,EDDF,Frankfurt Main Airport,2.57,2025-09-06T10:04:52.690000Z,EDDW,Bremen Airport,0.97,2025-09-06T11:09:14.810000Z,adsb-lol|airplanes-live,BOTH_HAVE_IT,BOTH_HAVE_IT,0,no,no,direct,
CONTROL-LUFTHANSA,2025-09-06,2025-09-06,0,EDDW,Bremen Airport,0.97,2025-09-06T13:28:54.980000Z,EDDF,Frankfurt Main Airport,2.28,2025-09-06T13:28:54.970000Z,adsb-lol|airplanes-live,BOTH_HAVE_IT,BOTH_HAVE_IT,0,no,no,direct,
CONTROL-LUFTHANSA,2025-09-06,2025-09-06,0,EDDF,Frankfurt Main Airport,2.28,2025-09-06T13:28:54.970000Z,LSZH,Zürich Airport,0.76,2025-09-06T14:36:42.450000Z,adsb-lol|airplanes-live,BOTH_HAVE_IT,BOTH_HAVE_IT,0,no,no,direct,
CONTROL-LUFTHANSA,2025-09-06,2025-09-06,0,LSZH,Zürich Airport,1.33,2025-09-06T17:07:24.940000Z,EDDF,Frankfurt Main Airport,1.41,2025-09-06T19:20:29.130000Z,adsb-lol|airplanes-live,BOTH_HAVE_IT,BOTH_HAVE_IT,0,no,no,direct,
CONTROL-LUFTHANSA,2025-09-06,2025-09-06,0,EDDF,Frankfurt Main Airport,1.41,2025-09-06T19:24:36.680000Z,ENBR,"Bergen Airport, Flesland",0.64,2025-09-06T21:11:58.440000Z,adsb-lol|airplanes-live,BOTH_HAVE_IT,BOTH_HAVE_IT,0,no,no,direct,
CONTROL-LUFTHANSA,2025-09-06,2025-09-10,4,ENBR,"Bergen Airport, Flesland",0.64,2025-09-06T21:12:23.030000Z,EDDF,Frankfurt Main Airport,2.16,2025-09-10T04:45:39.490000Z,adsb-lol|airplanes-live,BOTH_HAVE_IT,BOTH_HAVE_IT,3,no,yes,GAP -- aircraft unobserved for 3 day(s) between these two fields; intermediate stops are possible and are NOT ruled out,
N1098L,2025-09-06,2025-10-01,25,KFAR,Hector International Airport,0.56,2025-09-06T00:33:48.290000Z,KSVN,Hunter Army Air Field,0.51,2025-10-01T17:10:08.810000Z,adsb-lol|adsbexchange-samples|airplanes-live,BOTH_HAVE_IT,HELD_BY_ADSBEXCHANGE-SAMPLES,24,yes,yes,GAP -- aircraft unobserved for 24 day(s) between these two fields; intermediate stops are possible and are NOT ruled out,
N40JD,2025-09-06,2025-09-06,0,KSDL,Scottsdale Airport,0.26,2025-09-06T14:38:34.400000Z,KAPA,Centennial Airport,0.27,2025-09-06T15:59:17.730000Z,adsb-lol|airplanes-live,BOTH_HAVE_IT,BOTH_HAVE_IT,0,no,no,direct,
N40JD,2025-09-06,2025-09-06,0,KAPA,Centennial Airport,1.2,2025-09-06T17:22:16.140000Z,KSDL,Scottsdale Airport,0.16,2025-09-06T18:49:32.640000Z,adsb-lol|airplanes-live,BOTH_HAVE_IT,BOTH_HAVE_IT,0,no,no,direct,
N582MM,2025-09-06,2025-09-06,0,KFLL,Fort Lauderdale Hollywood International Airport,0.37,2025-09-06T00:53:22.520000Z,KBNA,Nashville International Airport,0.41,2025-09-06T02:45:58.550000Z,adsb-lol|airplanes-live,BOTH_HAVE_IT,BOTH_HAVE_IT,0,no,no,direct,
N582MM,2025-09-06,2025-09-07,1,KBNA,Nashville International Airport,0.78,2025-09-06T14:00:47.540000Z,KDAL,Dallas Love Field,0.92,2025-09-07T00:28:48.790000Z,adsb-lol|airplanes-live,BOTH_HAVE_IT,BOTH_HAVE_IT,0,no,yes,overnight,
N59906,2025-09-06,2025-09-08,2,KOGD,Ogden Hinckley Airport,0.14,2025-09-06T18:29:20.270000Z,KPVU,Provo Municipal Airport,0.25,2025-09-08T15:45:21.120000Z,adsb-lol|airplanes-live,BOTH_HAVE_IT,BOTH_HAVE_IT,1,no,yes,GAP -- aircraft unobserved for 1 day(s) between these two fields; intermediate stops are possible and are NOT ruled out,
N872RA,2025-09-06,2025-09-06,0,KDIJ,Driggs/Reed Memorial Airport,0.75,2025-09-06T16:25:27.680000Z,KLAS,Harry Reid International Airport,1.52,2025-09-06T20:04:58.320000Z,adsb-lol|airplanes-live,BOTH_HAVE_IT,BOTH_HAVE_IT,0,no,no,direct,
N582MM,2025-09-07,2025-09-07,0,KDAL,Dallas Love Field,0.57,2025-09-07T17:22:53.750000Z,KBAZ,New Braunfels National Airport,0.48,2025-09-07T17:21:02.890000Z,adsb-lol|airplanes-live,BOTH_HAVE_IT,BOTH_HAVE_IT,0,no,no,direct,
N582MM,2025-09-07,2025-09-09,2,KBAZ,New Braunfels National Airport,0.75,2025-09-07T21:19:35.010000Z,KBJC,Rocky Mountain Metropolitan Airport,0.48,2025-09-09T00:30:55.670000Z,adsb-lol|airplanes-live,BOTH_HAVE_IT,BOTH_HAVE_IT,1,no,yes,GAP -- aircraft unobserved for 1 day(s) between these two fields; intermediate stops are possible and are NOT ruled out,
N872RA,2025-09-07,2025-09-07,0,KLAS,Harry Reid International Airport,1.84,2025-09-07T00:46:10.690000Z,KOAK,Oakland San Francisco Bay Airport,0.85,2025-09-07T01:59:04.120000Z,adsb-lol|airplanes-live,BOTH_HAVE_IT,BOTH_HAVE_IT,0,no,no,direct,
N872RA,2025-09-07,2025-09-07,0,KOAK,Oakland San Francisco Bay Airport,0.85,2025-09-07T03:10:44.850000Z,KVNY,Van Nuys Airport,0.79,2025-09-07T18:32:04.570000Z,adsb-lol|airplanes-live,BOTH_HAVE_IT,BOTH_HAVE_IT,0,no,no,direct,
N872RA,2025-09-07,2025-09-08,1,KVNY,Van Nuys Airport,0.18,2025-09-07T22:05:41.060000Z,KBFI,King County International Airport - Boeing Field,0.33,2025-09-08T00:24:55.600000Z,adsb-lol|airplanes-live,BOTH_HAVE_IT,BOTH_HAVE_IT,0,no,yes,overnight,
N102DZ,2025-09-08,2025-09-08,0,KLAX,Los Angeles International Airport,1.98,2025-09-08T02:50:45.640000Z,KSDL,Scottsdale Airport,0.55,2025-09-08T03:44:36.930000Z,adsb-lol|airplanes-live,BOTH_HAVE_IT,BOTH_HAVE_IT,0,no,no,direct,
N872RA,2025-09-08,2025-09-08,0,KBFI,King County International Airport - Boeing Field,0.31,2025-09-08T13:28:10.770000Z,KOAK,Oakland San Francisco Bay Airport,0.72,2025-09-08T15:28:53.250000Z,adsb-lol|airplanes-live,BOTH_HAVE_IT,BOTH_HAVE_IT,0,no,no,direct,
N872RA,2025-09-08,2025-09-08,0,KOAK,Oakland San Francisco Bay Airport,0.72,2025-09-08T16:08:56.060000Z,KCRQ,McClellan-Palomar Airport,0.53,2025-09-08T17:17:19.960000Z,adsb-lol|airplanes-live,BOTH_HAVE_IT,BOTH_HAVE_IT,0,no,no,direct,
N872RA,2025-09-08,2025-09-08,0,KCRQ,McClellan-Palomar Airport,0.57,2025-09-08T18:18:10.790000Z,KOAK,Oakland San Francisco Bay Airport,0.71,2025-09-08T19:24:34.880000Z,adsb-lol|airplanes-live,BOTH_HAVE_IT,BOTH_HAVE_IT,0,no,no,direct,
N872RA,2025-09-08,2025-09-08,0,KOAK,Oakland San Francisco Bay Airport,0.71,2025-09-08T20:22:24.470000Z,KVNY,Van Nuys Airport,0.61,2025-09-08T21:20:53.070000Z,adsb-lol|airplanes-live,BOTH_HAVE_IT,BOTH_HAVE_IT,0,no,no,direct,
N872RA,2025-09-08,2025-09-10,2,KVNY,Van Nuys Airport,0.61,2025-09-08T22:50:45.330000Z,KSTS,Charles M. Schulz Sonoma County Airport,0.5,2025-09-10T16:36:45.070000Z,adsb-lol|airplanes-live,BOTH_HAVE_IT,BOTH_HAVE_IT,1,no,yes,GAP -- aircraft unobserved for 1 day(s) between these two fields; intermediate stops are possible and are NOT ruled out,
CONTROL-RYANAIR,2025-09-09,2025-09-10,1,EIDW,Dublin Airport,0.4,2025-09-09T08:03:19.400000Z,LFTW,Nîmes-Arles-Camargue Airport,0.51,2025-09-10T08:03:13.390000Z,adsb-lol|airplanes-live,BOTH_HAVE_IT,BOTH_HAVE_IT,0,no,yes,overnight,
N40JD,2025-09-09,2025-09-09,0,KSDL,Scottsdale Airport,0.19,2025-09-09T16:39:08.430000Z,KLGB,Long Beach International Airport,0.2,2025-09-09T17:43:47.950000Z,adsb-lol|airplanes-live,BOTH_HAVE_IT,BOTH_HAVE_IT,0,no,no,direct,
N40JD,2025-09-09,2025-09-09,0,KLGB,Long Beach International Airport,0.2,2025-09-09T18:25:02.160000Z,KSDL,Scottsdale Airport,0.29,2025-09-09T19:26:20.020000Z,adsb-lol|airplanes-live,BOTH_HAVE_IT,BOTH_HAVE_IT,0,no,no,direct,
N582MM,2025-09-09,2025-09-09,0,KBJC,Rocky Mountain Metropolitan Airport,0.48,2025-09-09T01:13:25.930000Z,KAUS,Austin Bergstrom International Airport,0.44,2025-09-09T02:59:44.510000Z,adsb-lol|airplanes-live,BOTH_HAVE_IT,BOTH_HAVE_IT,0,no,no,direct,
N582MM,2025-09-09,2025-09-09,0,KAUS,Austin Bergstrom International Airport,1.02,2025-09-09T18:01:40.130000Z,KBJC,Rocky Mountain Metropolitan Airport,1.0,2025-09-09T20:11:42.530000Z,adsb-lol|airplanes-live,BOTH_HAVE_IT,BOTH_HAVE_IT,0,no,no,direct,
CONTROL-LUFTHANSA,2025-09-10,2025-09-10,0,EDDF,Frankfurt Main Airport,2.16,2025-09-10T04:47:57.020000Z,EDDH,Hamburg Helmut Schmidt Airport,0.16,2025-09-10T05:33:55.910000Z,adsb-lol|airplanes-live,BOTH_HAVE_IT,BOTH_HAVE_IT,0,no,no,direct,
CONTROL-LUFTHANSA,2025-09-10,2025-09-10,0,EDDH,Hamburg Helmut Schmidt Airport,0.83,2025-09-10T07:11:07.640000Z,EDDF,Frankfurt Main Airport,2.4,2025-09-10T08:00:55.150000Z,adsb-lol|airplanes-live,BOTH_HAVE_IT,BOTH_HAVE_IT,0,no,no,direct,
CONTROL-LUFTHANSA,2025-09-10,2025-09-10,0,EDDF,Frankfurt Main Airport,1.9,2025-09-10T10:22:40.610000Z,EPWA,Warsaw Chopin Airport,0.2,2025-09-10T11:37:48.820000Z,adsb-lol|airplanes-live,BOTH_HAVE_IT,BOTH_HAVE_IT,0,no,no,direct,
CONTROL-LUFTHANSA,2025-09-10,2025-09-10,0,EPWA,Warsaw Chopin Airport,0.65,2025-09-10T12:40:12.180000Z,EDDF,Frankfurt Main Airport,2.52,2025-09-10T14:14:17.310000Z,adsb-lol|airplanes-live,BOTH_HAVE_IT,BOTH_HAVE_IT,0,no,no,direct,
CONTROL-LUFTHANSA,2025-09-10,2025-09-10,0,EDDF,Frankfurt Main Airport,2.26,2025-09-10T18:56:20.720000Z,EDDS,Stuttgart Airport,1.98,2025-09-10T20:11:18.110000Z,adsb-lol|airplanes-live,BOTH_HAVE_IT,BOTH_HAVE_IT,0,no,no,direct,
CONTROL-LUFTHANSA,2025-09-10,2025-09-10,0,EDDS,Stuttgart Airport,1.98,2025-09-10T21:12:07.800000Z,EDDF,Frankfurt Main Airport,3.16,2025-09-10T20:18:48.690000Z,adsb-lol|airplanes-live,BOTH_HAVE_IT,BOTH_HAVE_IT,0,no,no,direct,
CONTROL-LUFTHANSA,2025-09-10,2025-09-10,0,EDDF,Frankfurt Main Airport,3.16,2025-09-10T20:19:01.360000Z,EDDS,Stuttgart Airport,1.26,2025-09-10T21:05:06.240000Z,airplanes-live,BOTH_HAVE_IT,BOTH_HAVE_IT,0,no,no,direct,
CONTROL-RYANAIR,2025-09-10,2025-09-11,1,LFTW,Nîmes-Arles-Camargue Airport,0.51,2025-09-10T08:03:13.390000Z,LROP,Bucharest Henri Coandă International Airport,0.56,2025-09-11T08:13:12.410000Z,airplanes-live,BOTH_HAVE_IT,BOTH_HAVE_IT,0,no,yes,overnight,
N102DZ,2025-09-10,2025-09-10,0,KSDL,Scottsdale Airport,0.18,2025-09-10T14:12:25.010000Z,KSLC,Salt Lake City International Airport,1.86,2025-09-10T18:58:40.050000Z,adsb-lol|airplanes-live,BOTH_HAVE_IT,BOTH_HAVE_IT,0,no,no,direct,"dest|Orem,UT|2025-09-10|Charlie|37.1"
N102DZ,2025-09-10,2025-09-10,0,KSLC,Salt Lake City International Airport,1.86,2025-09-10T19:00:38.620000Z,KSDL,Scottsdale Airport,0.23,2025-09-10T20:11:55.010000Z,adsb-lol|airplanes-live,BOTH_HAVE_IT,BOTH_HAVE_IT,0,no,no,direct,"origin|Orem,UT|2025-09-10|Charlie|37.1"
N102DZ,2025-09-10,2025-09-10,0,KSDL,Scottsdale Airport,0.23,2025-09-10T20:31:39.030000Z,KPVU,Provo Municipal Airport,0.45,2025-09-10T21:30:43.910000Z,adsb-lol|airplanes-live,BOTH_HAVE_IT,BOTH_HAVE_IT,0,no,no,direct,"dest|Orem,UT|2025-09-10|Charlie|5.3"
N102DZ,2025-09-10,2025-09-10,0,KPVU,Provo Municipal Airport,0.45,2025-09-10T22:10:12.880000Z,KCMA,Camarillo International Airport,0.4,2025-09-10T23:47:53.710000Z,adsb-lol|airplanes-live,BOTH_HAVE_IT,BOTH_HAVE_IT,0,no,no,direct,"origin|Orem,UT|2025-09-10|Charlie|5.3"
N102DZ,2025-09-10,2025-09-11,1,KCMA,Camarillo International Airport,0.4,2025-09-10T23:47:54.370000Z,KPVU,Provo Municipal Airport,0.27,2025-09-11T01:31:56.670000Z,adsb-lol|airplanes-live,BOTH_HAVE_IT,BOTH_HAVE_IT,0,no,yes,overnight,"dest|Orem,UT|2025-09-10|Charlie|5.7"
N40JD,2025-09-10,2025-09-10,0,KSDL,Scottsdale Airport,0.3,2025-09-10T19:27:13.860000Z,KPVU,Provo Municipal Airport,0.28,2025-09-10T20:29:15.110000Z,adsb-lol|airplanes-live,BOTH_HAVE_IT,BOTH_HAVE_IT,0,no,no,direct,"dest|Orem,UT|2025-09-10|Charlie|5.5"
N40JD,2025-09-10,2025-09-10,0,KPVU,Provo Municipal Airport,0.28,2025-09-10T21:12:22.310000Z,KSDL,Scottsdale Airport,0.16,2025-09-10T22:26:47.710000Z,adsb-lol|airplanes-live,BOTH_HAVE_IT,BOTH_HAVE_IT,0,no,no,direct,"origin|Orem,UT|2025-09-10|Charlie|5.5"
N560TW,2025-09-10,2025-09-10,0,KSDL,Scottsdale Airport,0.19,2025-09-10T15:00:47.790000Z,KPVU,Provo Municipal Airport,0.42,2025-09-10T16:07:13.460000Z,adsb-lol|airplanes-live,BOTH_HAVE_IT,BOTH_HAVE_IT,0,no,no,direct,"dest|Orem,UT|2025-09-10|Charlie|5.4"
N560TW,2025-09-10,2025-09-10,0,KPVU,Provo Municipal Airport,0.42,2025-09-10T16:27:01.410000Z,KSBA,Santa Barbara Municipal Airport,0.55,2025-09-10T18:11:49.820000Z,adsb-lol|airplanes-live,BOTH_HAVE_IT,BOTH_HAVE_IT,0,no,no,direct,"origin|Orem,UT|2025-09-10|Charlie|5.4"
N560TW,2025-09-10,2025-09-10,0,KSBA,Santa Barbara Municipal Airport,0.55,2025-09-10T18:37:30.260000Z,KSDL,Scottsdale Airport,0.17,2025-09-10T19:43:16.010000Z,adsb-lol|airplanes-live,BOTH_HAVE_IT,BOTH_HAVE_IT,0,no,no,direct,
N582MM,2025-09-10,2025-09-11,1,KBJC,Rocky Mountain Metropolitan Airport,0.21,2025-09-10T17:58:36.770000Z,KPVU,Provo Municipal Airport,0.39,2025-09-11T00:57:14.480000Z,adsb-lol|airplanes-live,BOTH_HAVE_IT,BOTH_HAVE_IT,0,no,yes,overnight,"dest|Orem,UT|2025-09-10|Charlie|5.8"
N872RA,2025-09-10,2025-09-10,0,KSTS,Charles M. Schulz Sonoma County Airport,0.94,2025-09-10T19:48:26.960000Z,KSBA,Santa Barbara Municipal Airport,0.41,2025-09-10T20:39:49.740000Z,adsb-lol|airplanes-live,BOTH_HAVE_IT,BOTH_HAVE_IT,0,no,no,direct,
N872RA,2025-09-10,2025-09-10,0,KSBA,Santa Barbara Municipal Airport,0.41,2025-09-10T21:19:23.770000Z,KPVU,Provo Municipal Airport,0.11,2025-09-10T22:36:10.620000Z,adsb-lol|airplanes-live,BOTH_HAVE_IT,BOTH_HAVE_IT,0,no,no,direct,"dest|Orem,UT|2025-09-10|Charlie|5.5"
N872RA,2025-09-10,2025-09-11,1,KPVU,Provo Municipal Airport,0.11,2025-09-10T23:16:03.720000Z,KSLC,Salt Lake City International Airport,1.85,2025-09-11T22:51:11.770000Z,adsb-lol|airplanes-live,BOTH_HAVE_IT,BOTH_HAVE_IT,0,no,yes,overnight,"origin|Orem,UT|2025-09-10|Charlie|5.5"
SU-BTT,2025-09-10,2025-09-11,1,KPVU,Provo Municipal Airport,1.37,2025-09-10T13:13:16.080000Z,KILG,Wilmington Airport,0.94,2025-09-11T11:55:35.470000Z,adsb-lol|airplanes-live,BOTH_HAVE_IT,BOTH_HAVE_IT,0,no,yes,overnight,"origin|Orem,UT|2025-09-10|Charlie|5.0"
CONTROL-LUFTHANSA,2025-09-11,2025-09-11,0,EDDS,Stuttgart Airport,1.83,2025-09-11T04:48:15.330000Z,EDDF,Frankfurt Main Airport,2.99,2025-09-11T05:45:11.210000Z,adsb-lol|airplanes-live,BOTH_HAVE_IT,BOTH_HAVE_IT,0,no,no,direct,
CONTROL-LUFTHANSA,2025-09-11,2025-09-11,0,EDDF,Frankfurt Main Airport,2.99,2025-09-11T05:50:56.680000Z,EGCC,Manchester Airport,0.62,2025-09-11T07:19:26.290000Z,adsb-lol|airplanes-live,BOTH_HAVE_IT,BOTH_HAVE_IT,0,no,no,direct,
CONTROL-LUFTHANSA,2025-09-11,2025-09-11,0,EGCC,Manchester Airport,0.62,2025-09-11T08:20:23.220000Z,EDDF,Frankfurt Main Airport,2.02,2025-09-11T09:45:36.090000Z,adsb-lol|airplanes-live,BOTH_HAVE_IT,BOTH_HAVE_IT,0,no,no,direct,
CONTROL-LUFTHANSA,2025-09-11,2025-09-11,0,EDDF,Frankfurt Main Airport,2.02,2025-09-11T09:57:16.900000Z,EDDW,Bremen Airport,0.38,2025-09-11T11:21:14.270000Z,adsb-lol|airplanes-live,BOTH_HAVE_IT,BOTH_HAVE_IT,0,no,no,direct,
CONTROL-LUFTHANSA,2025-09-11,2025-09-11,0,EDDW,Bremen Airport,0.38,2025-09-11T13:57:37.200000Z,EDDF,Frankfurt Main Airport,1.55,2025-09-11T14:49:46Z,adsb-lol|airplanes-live,BOTH_HAVE_IT,BOTH_HAVE_IT,0,no,no,direct,
CONTROL-RYANAIR,2025-09-11,2025-09-12,1,LROP,Bucharest Henri Coandă International Airport,0.56,2025-09-11T08:13:12.410000Z,EPWA,Warsaw Chopin Airport,0.5,2025-09-12T06:25:50.280000Z,adsb-lol|airplanes-live,BOTH_HAVE_IT,BOTH_HAVE_IT,0,no,yes,overnight,
N102DZ,2025-09-11,2025-09-11,0,KPVU,Provo Municipal Airport,1.0,2025-09-11T16:03:20.630000Z,KPHX,Phoenix Sky Harbor International Airport,1.77,2025-09-11T17:15:28.190000Z,adsb-lol|airplanes-live,BOTH_HAVE_IT,BOTH_HAVE_IT,0,no,no,direct,"origin|Orem,UT|2025-09-10|Charlie|5.1"
N102DZ,2025-09-11,2025-09-14,3,KPHX,Phoenix Sky Harbor International Airport,1.77,2025-09-11T17:20:40.850000Z,KSDL,Scottsdale Airport,0.24,2025-09-14T14:41:36.850000Z,adsb-lol|airplanes-live,BOTH_HAVE_IT,BOTH_HAVE_IT,2,no,yes,GAP -- aircraft unobserved for 2 day(s) between these two fields; intermediate stops are possible and are NOT ruled out,
N582MM,2025-09-11,2025-09-11,0,KPVU,Provo Municipal Airport,1.14,2025-09-11T14:19:56.970000Z,KBAZ,New Braunfels National Airport,0.57,2025-09-11T19:44:12.200000Z,adsb-lol|airplanes-live,BOTH_HAVE_IT,BOTH_HAVE_IT,0,no,no,direct,"origin|Orem,UT|2025-09-10|Charlie|5.1"
N582MM,2025-09-11,2025-09-12,1,KBAZ,New Braunfels National Airport,0.59,2025-09-11T21:20:50.910000Z,KIAD,Washington Dulles International Airport,2.13,2025-09-12T05:00:36.840000Z,adsb-lol|airplanes-live,BOTH_HAVE_IT,BOTH_HAVE_IT,0,no,yes,overnight,
N872RA,2025-09-11,2025-09-12,1,KSLC,Salt Lake City International Airport,1.85,2025-09-11T22:53:17.650000Z,KSFO,San Francisco International Airport,0.4,2025-09-12T00:32:25.110000Z,adsb-lol|airplanes-live,BOTH_HAVE_IT,BOTH_HAVE_IT,0,no,yes,overnight,"origin|Orem,UT|2025-09-10|Charlie|37.2"
CONTROL-LUFTHANSA,2025-09-12,2025-09-12,0,EDDF,Frankfurt Main Airport,2.37,2025-09-12T09:51:35.020000Z,EDDM,Munich Airport,1.31,2025-09-12T14:21:28.680000Z,adsb-lol|airplanes-live,BOTH_HAVE_IT,BOTH_HAVE_IT,0,no,no,direct,
CONTROL-LUFTHANSA,2025-09-12,2025-09-12,0,EDDM,Munich Airport,1.12,2025-09-12T17:24:10.220000Z,EDDF,Frankfurt Main Airport,2.29,2025-09-12T18:14:24.410000Z,adsb-lol|airplanes-live,BOTH_HAVE_IT,BOTH_HAVE_IT,0,no,no,direct,
CONTROL-LUFTHANSA,2025-09-12,2025-09-12,0,EDDF,Frankfurt Main Airport,2.29,2025-09-12T19:08:40.170000Z,EDDB,Berlin Brandenburg Airport,0.93,2025-09-12T19:06:29.580000Z,adsb-lol|airplanes-live,BOTH_HAVE_IT,BOTH_HAVE_IT,0,no,no,direct,
CONTROL-RYANAIR,2025-09-12,2025-09-13,1,EPWA,Warsaw Chopin Airport,0.5,2025-09-12T07:16:20.510000Z,LFRS,Nantes Atlantique Airport,0.18,2025-09-13T10:42:26.040000Z,adsb-lol|airplanes-live,BOTH_HAVE_IT,BOTH_HAVE_IT,0,no,yes,overnight,
N2100L,2025-09-12,2025-09-12,0,KSMF,Sacramento International Airport,1.11,2025-09-12T17:30:47.860000Z,KAUS,Austin Bergstrom International Airport,0.77,2025-09-12T22:40:34.320000Z,adsb-lol|airplanes-live,BOTH_HAVE_IT,BOTH_HAVE_IT,0,no,no,direct,
N2100L,2025-09-12,2025-09-12,0,KAUS,Austin Bergstrom International Airport,0.77,2025-09-12T23:59:28.670000Z,KFTW,Fort Worth Meacham International Airport,0.67,2025-09-12T22:40:34.320000Z,adsb-lol|airplanes-live,BOTH_HAVE_IT,BOTH_HAVE_IT,0,no,no,direct,
N2100L,2025-09-12,2025-09-13,1,KFTW,Fort Worth Meacham International Airport,0.67,2025-09-12T23:58:23.710000Z,KAUS,Austin Bergstrom International Airport,1.58,2025-09-13T00:00:13.710000Z,adsb-lol|airplanes-live,BOTH_HAVE_IT,BOTH_HAVE_IT,0,no,yes,overnight,
N582MM,2025-09-12,2025-09-14,2,KIAD,Washington Dulles International Airport,2.47,2025-09-12T16:00:28.940000Z,KCLT,Charlotte Douglas International Airport,0.72,2025-09-14T18:52:15.210000Z,adsb-lol|airplanes-live,BOTH_HAVE_IT,BOTH_HAVE_IT,1,no,yes,GAP -- aircraft unobserved for 1 day(s) between these two fields; intermediate stops are possible and are NOT ruled out,
N872RA,2025-09-12,2025-09-12,0,KSFO,San Francisco International Airport,0.4,2025-09-12T02:04:47.780000Z,KSNA,John Wayne Orange County International Airport,0.27,2025-09-12T03:07:35.080000Z,adsb-lol|airplanes-live,BOTH_HAVE_IT,BOTH_HAVE_IT,0,no,no,direct,
N872RA,2025-09-12,2025-09-12,0,KSNA,John Wayne Orange County International Airport,0.27,2025-09-12T03:09:19.580000Z,KSAN,San Diego International Airport,1.08,2025-09-12T16:50:22.840000Z,adsb-lol|airplanes-live,BOTH_HAVE_IT,BOTH_HAVE_IT,0,no,no,direct,
N872RA,2025-09-12,2025-09-12,0,KSAN,San Diego International Airport,1.08,2025-09-12T17:51:52.150000Z,KSTS,Charles M. Schulz Sonoma County Airport,0.49,2025-09-12T19:10:05.500000Z,adsb-lol|airplanes-live,BOTH_HAVE_IT,BOTH_HAVE_IT,0,no,no,direct,
N872RA,2025-09-12,2025-09-12,0,KSTS,Charles M. Schulz Sonoma County Airport,0.96,2025-09-12T20:59:20.140000Z,KCRQ,McClellan-Palomar Airport,0.5,2025-09-12T22:18:11.390000Z,adsb-lol|airplanes-live,BOTH_HAVE_IT,BOTH_HAVE_IT,0,no,no,direct,
N872RA,2025-09-12,2025-09-13,1,KCRQ,McClellan-Palomar Airport,0.38,2025-09-12T23:52:30.120000Z,KMHR,Sacramento Mather Airport,0.21,2025-09-13T01:03:01.930000Z,adsb-lol|airplanes-live,BOTH_HAVE_IT,BOTH_HAVE_IT,0,no,yes,overnight,
SU-BND,2025-09-12,2025-09-14,2,KPVU,Provo Municipal Airport,1.29,2025-09-12T22:17:03.880000Z,LFPB,Paris-Le Bourget International Airport,0.44,2025-09-14T06:06:05.650000Z,adsb-lol|airplanes-live,BOTH_HAVE_IT,BOTH_HAVE_IT,1,no,yes,GAP -- aircraft unobserved for 1 day(s) between these two fields; intermediate stops are possible and are NOT ruled out,
CONTROL-LUFTHANSA,2025-09-13,2025-09-13,0,EDDB,Berlin Brandenburg Airport,0.18,2025-09-13T04:51:39.780000Z,EDDF,Frankfurt Main Airport,2.34,2025-09-13T05:47:59.840000Z,adsb-lol|airplanes-live,BOTH_HAVE_IT,BOTH_HAVE_IT,0,no,no,direct,
CONTROL-LUFTHANSA,2025-09-13,2025-09-13,0,EDDF,Frankfurt Main Airport,2.34,2025-09-13T05:54:25.610000Z,LSZH,Zürich Airport,0.8,2025-09-13T11:24:58.740000Z,adsb-lol|airplanes-live,BOTH_HAVE_IT,BOTH_HAVE_IT,0,no,no,direct,
CONTROL-LUFTHANSA,2025-09-13,2025-09-13,0,LSZH,Zürich Airport,0.81,2025-09-13T12:17:03.440000Z,EDDF,Frankfurt Main Airport,0.66,2025-09-13T13:06:50.470000Z,adsb-lol|airplanes-live,BOTH_HAVE_IT,BOTH_HAVE_IT,0,no,no,direct,
CONTROL-LUFTHANSA,2025-09-13,2025-09-13,0,EDDF,Frankfurt Main Airport,0.66,2025-09-13T13:51:48.320000Z,LSZH,Zürich Airport,1.25,2025-09-13T13:06:50.470000Z,adsb-lol|airplanes-live,BOTH_HAVE_IT,BOTH_HAVE_IT,0,no,no,direct,
CONTROL-LUFTHANSA,2025-09-13,2025-09-14,1,LSZH,Zürich Airport,1.25,2025-09-13T13:51:34.390000Z,EDDS,Stuttgart Airport,1.44,2025-09-14T05:17:42.880000Z,adsb-lol|airplanes-live,BOTH_HAVE_IT,BOTH_HAVE_IT,0,no,yes,overnight,
CONTROL-RYANAIR,2025-09-13,2025-09-14,1,LFRS,Nantes Atlantique Airport,0.18,2025-09-13T10:42:26.040000Z,LEZG,Zaragoza Airport,1.6,2025-09-14T15:12:59.780000Z,adsb-lol|airplanes-live,BOTH_HAVE_IT,BOTH_HAVE_IT,0,no,yes,overnight,
N2100L,2025-09-13,2025-09-15,2,KAUS,Austin Bergstrom International Airport,1.58,2025-09-13T00:48:39.140000Z,KPDX,Portland International Airport,1.03,2025-09-15T17:36:24.330000Z,adsb-lol|airplanes-live,BOTH_HAVE_IT,BOTH_HAVE_IT,1,no,yes,GAP -- aircraft unobserved for 1 day(s) between these two fields; intermediate stops are possible and are NOT ruled out,
N560TW,2025-09-13,2025-09-13,0,KSDL,Scottsdale Airport,0.16,2025-09-13T13:17:46.840000Z,KBZN,Bozeman Yellowstone International Airport,0.16,2025-09-13T15:11:01.760000Z,adsb-lol|airplanes-live,BOTH_HAVE_IT,BOTH_HAVE_IT,0,no,no,direct,
N560TW,2025-09-13,2025-09-13,0,KBZN,Bozeman Yellowstone International Airport,0.16,2025-09-13T15:47:57.650000Z,KSDL,Scottsdale Airport,0.24,2025-09-13T17:44:57.560000Z,adsb-lol|airplanes-live,BOTH_HAVE_IT,BOTH_HAVE_IT,0,no,no,direct,
N872RA,2025-09-13,2025-09-13,0,KMHR,Sacramento Mather Airport,1.2,2025-09-13T13:26:44.390000Z,KVNY,Van Nuys Airport,0.79,2025-09-13T18:20:14.520000Z,adsb-lol|airplanes-live,BOTH_HAVE_IT,BOTH_HAVE_IT,0,no,no,direct,
N872RA,2025-09-13,2025-09-26,13,KVNY,Van Nuys Airport,0.79,2025-09-13T19:02:19.040000Z,KSNA,John Wayne Orange County International Airport,0.3,2025-09-26T18:15:48.190000Z,adsb-lol|airplanes-live,BOTH_HAVE_IT,BOTH_HAVE_IT,12,no,yes,GAP -- aircraft unobserved for 12 day(s) between these two fields; intermediate stops are possible and are NOT ruled out,
CONTROL-LUFTHANSA,2025-09-14,2025-09-14,0,EDDS,Stuttgart Airport,1.44,2025-09-14T07:27:38.070000Z,EDDF,Frankfurt Main Airport,2.95,2025-09-14T08:32:43.240000Z,adsb-lol|airplanes-live,BOTH_HAVE_IT,BOTH_HAVE_IT,0,no,no,direct,
CONTROL-LUFTHANSA,2025-09-14,2025-09-14,0,EDDF,Frankfurt Main Airport,1.65,2025-09-14T14:39:21.960000Z,EDXW,Westerland Sylt Airport,0.83,2025-09-14T15:40:03.770000Z,adsb-lol,BOTH_HAVE_IT,BOTH_HAVE_IT,0,no,no,direct,
CONTROL-LUFTHANSA,2025-09-14,2025-09-14,0,EDXW,Westerland Sylt Airport,0.7,2025-09-14T16:45:13.800000Z,EDDF,Frankfurt Main Airport,2.51,2025-09-14T17:38:23.470000Z,adsb-lol|airplanes-live,BOTH_HAVE_IT,BOTH_HAVE_IT,0,no,no,direct,
CONTROL-RYANAIR,2025-09-14,2025-09-14,0,LEZG,Zaragoza Airport,2.35,2025-09-14T16:05:55.960000Z,LEVC,Valencia Airport,0.73,2025-09-14T20:11:04.710000Z,airplanes-live,BOTH_HAVE_IT,BOTH_HAVE_IT,0,no,no,direct,
CONTROL-RYANAIR,2025-09-14,2025-09-24,10,LEVC,Valencia Airport,0.73,2025-09-14T20:58:06.760000Z,EGSS,London Stansted Airport,0.45,2025-09-24T06:02:37.210000Z,adsb-lol|airplanes-live,BOTH_HAVE_IT,BOTH_HAVE_IT,9,no,yes,GAP -- aircraft unobserved for 9 day(s) between these two fields; intermediate stops are possible and are NOT ruled out,
N102DZ,2025-09-14,2025-09-14,0,KSDL,Scottsdale Airport,0.42,2025-09-14T16:22:54.290000Z,KPWK,Chicago Executive Airport,0.38,2025-09-14T19:44:48.080000Z,adsb-lol|airplanes-live,BOTH_HAVE_IT,BOTH_HAVE_IT,0,no,no,direct,
N102DZ,2025-09-14,2025-09-15,1,KPWK,Chicago Executive Airport,0.38,2025-09-14T19:45:06.030000Z,KBAZ,New Braunfels National Airport,0.37,2025-09-15T01:42:59.420000Z,adsb-lol|airplanes-live,BOTH_HAVE_IT,BOTH_HAVE_IT,0,no,yes,overnight,
N40JD,2025-09-14,2025-09-14,0,KSDL,Scottsdale Airport,0.2,2025-09-14T22:52:11.090000Z,KSAN,San Diego International Airport,0.37,2025-09-14T23:43:51.350000Z,adsb-lol|airplanes-live,BOTH_HAVE_IT,BOTH_HAVE_IT,0,no,no,direct,
N582MM,2025-09-14,2025-09-14,0,KCLT,Charlotte Douglas International Airport,1.71,2025-09-14T20:49:32.770000Z,KMDW,Chicago Midway International Airport,0.3,2025-09-14T22:32:05.450000Z,adsb-lol|airplanes-live,BOTH_HAVE_IT,BOTH_HAVE_IT,0,no,no,direct,
N102DZ,2025-09-15,2025-09-15,0,KBAZ,New Braunfels National Airport,0.37,2025-09-15T02:30:15.580000Z,KSDL,Scottsdale Airport,0.75,2025-09-15T04:27:40.340000Z,adsb-lol|airplanes-live,BOTH_HAVE_IT,BOTH_HAVE_IT,0,no,no,direct,
N2100L,2025-09-15,2025-12-01,77,KPDX,Portland International Airport,1.03,2025-09-15T18:06:19.030000Z,KAUS,Austin Bergstrom International Airport,1.27,2025-12-01T16:51:12.890000Z,adsb-lol|adsbexchange-samples|airplanes-live,BOTH_HAVE_IT,HELD_BY_ADSBEXCHANGE-SAMPLES,76,yes,yes,GAP -- aircraft unobserved for 76 day(s) between these two fields; intermediate stops are possible and are NOT ruled out,
N40JD,2025-09-15,2025-09-15,0,KSAN,San Diego International Airport,1.22,2025-09-15T00:56:33.970000Z,KPHX,Phoenix Sky Harbor International Airport,1.17,2025-09-15T01:49:59.940000Z,adsb-lol|airplanes-live,BOTH_HAVE_IT,BOTH_HAVE_IT,0,no,no,direct,
N40JD,2025-09-15,2025-09-16,1,KPHX,Phoenix Sky Harbor International Airport,1.17,2025-09-15T02:35:43.710000Z,KSDL,Scottsdale Airport,0.2,2025-09-16T00:38:33.830000Z,adsb-lol|airplanes-live,BOTH_HAVE_IT,BOTH_HAVE_IT,0,no,yes,overnight,
N582MM,2025-09-15,2025-09-15,0,KMDW,Chicago Midway International Airport,0.76,2025-09-15T17:28:39.490000Z,KDIJ,Driggs/Reed Memorial Airport,0.9,2025-09-15T21:16:13.450000Z,adsb-lol|airplanes-live,BOTH_HAVE_IT,BOTH_HAVE_IT,0,no,no,direct,
N582MM,2025-09-15,2025-09-15,0,KDIJ,Driggs/Reed Memorial Airport,0.9,2025-09-15T22:35:09.350000Z,KSLC,Salt Lake City International Airport,1.98,2025-09-15T22:31:48.380000Z,adsb-lol|airplanes-live,BOTH_HAVE_IT,BOTH_HAVE_IT,0,no,no,direct,
N582MM,2025-09-15,2025-09-16,1,KSLC,Salt Lake City International Airport,1.98,2025-09-15T22:35:09.360000Z,KCOE,Coeur D'Alene Airport - Pappy Boyington Field,0.89,2025-09-16T00:27:14.960000Z,airplanes-live,BOTH_HAVE_IT,BOTH_HAVE_IT,0,no,yes,overnight,
SU-BND,2025-09-15,2025-10-15,30,LFPB,Paris-Le Bourget International Airport,1.44,2025-09-15T08:18:08.670000Z,LFMN,Nice-Côte d'Azur Airport,1.81,2025-10-15T12:01:05.250000Z,adsb-lol|airplanes-live,BOTH_HAVE_IT,ONLY_ON_AIRPLANES_LIVE,29,yes,yes,GAP -- aircraft unobserved for 29 day(s) between these two fields; intermediate stops are possible and are NOT ruled out,
CONTROL-LUFTHANSA,2025-09-16,2025-09-16,0,EDDF,Frankfurt Main Airport,1.72,2025-09-16T07:04:21.360000Z,LSZH,Zürich Airport,0.32,2025-09-16T08:04:51.460000Z,adsb-lol|airplanes-live,BOTH_HAVE_IT,BOTH_HAVE_IT,0,no,no,direct,
CONTROL-LUFTHANSA,2025-09-16,2025-09-16,0,LSZH,Zürich Airport,0.95,2025-09-16T10:28:48.870000Z,EDDF,Frankfurt Main Airport,2.01,2025-09-16T12:00:07.620000Z,adsb-lol|airplanes-live,BOTH_HAVE_IT,BOTH_HAVE_IT,0,no,no,direct,
CONTROL-LUFTHANSA,2025-09-16,2025-09-16,0,EDDF,Frankfurt Main Airport,1.82,2025-09-16T15:26:37.960000Z,EDDM,Munich Airport,1.16,2025-09-16T16:16:04.130000Z,adsb-lol|airplanes-live,BOTH_HAVE_IT,BOTH_HAVE_IT,0,no,no,direct,
CONTROL-LUFTHANSA,2025-09-16,2025-09-16,0,EDDM,Munich Airport,1.16,2025-09-16T18:48:23.610000Z,EDDF,Frankfurt Main Airport,2.89,2025-09-16T18:45:58.580000Z,adsb-lol|airplanes-live,BOTH_HAVE_IT,BOTH_HAVE_IT,0,no,no,direct,
CONTROL-LUFTHANSA,2025-09-16,2025-09-16,0,EDDF,Frankfurt Main Airport,3.1,2025-09-16T20:23:32.260000Z,LKPR,Václav Havel Airport Prague,0.58,2025-09-16T21:10:25.870000Z,adsb-lol|airplanes-live,BOTH_HAVE_IT,BOTH_HAVE_IT,0,no,no,direct,
CONTROL-LUFTHANSA,2025-09-16,2025-09-24,8,LKPR,Václav Havel Airport Prague,0.58,2025-09-16T21:14:09.360000Z,EDDS,Stuttgart Airport,1.71,2025-09-24T04:00:15.830000Z,adsb-lol|airplanes-live,BOTH_HAVE_IT,BOTH_HAVE_IT,7,no,yes,GAP -- aircraft unobserved for 7 day(s) between these two fields; intermediate stops are possible and are NOT ruled out,
N40JD,2025-09-16,2025-09-16,0,KSDL,Scottsdale Airport,0.29,2025-09-16T02:49:36.220000Z,KPHX,Phoenix Sky Harbor International Airport,1.74,2025-09-16T07:24:27.670000Z,adsb-lol|airplanes-live,BOTH_HAVE_IT,BOTH_HAVE_IT,0,no,no,direct,
N40JD,2025-09-16,2025-09-20,4,KPHX,Phoenix Sky Harbor International Airport,1.66,2025-09-16T16:18:37Z,KSDL,Scottsdale Airport,0.67,2025-09-20T13:25:12.640000Z,adsb-lol|airplanes-live,BOTH_HAVE_IT,BOTH_HAVE_IT,3,no,yes,GAP -- aircraft unobserved for 3 day(s) between these two fields; intermediate stops are possible and are NOT ruled out,"dest|Glendale,AZ|2025-09-21|Erika|16.9"
N582MM,2025-09-16,2025-09-16,0,KCOE,Coeur D'Alene Airport - Pappy Boyington Field,0.87,2025-09-16T16:54:16.460000Z,KABE,Lehigh Valley International Airport,0.17,2025-09-16T23:05:58.460000Z,adsb-lol|airplanes-live,BOTH_HAVE_IT,BOTH_HAVE_IT,0,no,no,direct,
N59906,2025-09-16,2025-10-01,15,KPVU,Provo Municipal Airport,0.22,2025-09-16T18:51:04.370000Z,KBJC,Rocky Mountain Metropolitan Airport,0.5,2025-10-01T20:19:58.060000Z,adsb-lol|adsbexchange-samples|airplanes-live,BOTH_HAVE_IT,HELD_BY_ADSBEXCHANGE-SAMPLES,14,yes,yes,GAP -- aircraft unobserved for 14 day(s) between these two fields; intermediate stops are possible and are NOT ruled out,
N582MM,2025-09-17,2025-09-17,0,KABE,Lehigh Valley International Airport,0.38,2025-09-17T17:25:46.710000Z,KMKE,General Mitchell International Airport,1.03,2025-09-17T20:45:10.420000Z,adsb-lol|airplanes-live,BOTH_HAVE_IT,BOTH_HAVE_IT,0,no,no,direct,
N582MM,2025-09-17,2025-09-19,2,KMKE,General Mitchell International Airport,1.03,2025-09-17T20:48:49.460000Z,KBJC,Rocky Mountain Metropolitan Airport,0.51,2025-09-19T00:16:30.940000Z,adsb-lol|airplanes-live,BOTH_HAVE_IT,BOTH_HAVE_IT,1,no,yes,GAP -- aircraft unobserved for 1 day(s) between these two fields; intermediate stops are possible and are NOT ruled out,"dest|Fort Collins,CO|2025-09-18|Charlie|44.4"
N102DZ,2025-09-19,2025-09-19,0,KSDL,Scottsdale Airport,1.17,2025-09-19T12:31:12.610000Z,KXNA,Northwest Arkansas National Airport,0.74,2025-09-19T15:10:58.580000Z,adsb-lol|airplanes-live,BOTH_HAVE_IT,BOTH_HAVE_IT,0,no,no,direct,
N102DZ,2025-09-19,2025-09-20,1,KXNA,Northwest Arkansas National Airport,0.74,2025-09-19T15:11:54.850000Z,KSDL,Scottsdale Airport,0.11,2025-09-20T00:00:47.700000Z,adsb-lol|airplanes-live,BOTH_HAVE_IT,BOTH_HAVE_IT,0,no,yes,overnight,"dest|Glendale,AZ|2025-09-21|Erika|17.1"
N582MM,2025-09-19,2025-09-19,0,KBJC,Rocky Mountain Metropolitan Airport,0.5,2025-09-19T16:11:28.590000Z,KLNS,Lancaster Airport,0.52,2025-09-19T19:16:51.380000Z,adsb-lol|airplanes-live,BOTH_HAVE_IT,BOTH_HAVE_IT,0,no,no,direct,"origin|Fort Collins,CO|2025-09-18|Charlie|44.3"
N40JD,2025-09-20,2025-09-20,0,KSDL,Scottsdale Airport,0.67,2025-09-20T13:37:38.740000Z,KTUS,Tucson International Airport,0.06,2025-09-20T16:53:53.980000Z,adsb-lol|airplanes-live,BOTH_HAVE_IT,BOTH_HAVE_IT,0,no,no,direct,"origin|Glendale,AZ|2025-09-21|Erika|16.9"
N582MM,2025-09-20,2025-09-21,1,KLNS,Lancaster Airport,0.46,2025-09-20T17:03:45.570000Z,KDEN,Denver International Airport,2.48,2025-09-21T20:46:56.220000Z,adsb-lol|airplanes-live,BOTH_HAVE_IT,BOTH_HAVE_IT,0,no,yes,overnight,
N40JD,2025-09-21,2025-09-22,1,KTUS,Tucson International Airport,1.34,2025-09-21T23:05:20.180000Z,KVGT,North Las Vegas Airport,0.78,2025-09-22T00:43:07.100000Z,adsb-lol|airplanes-live,BOTH_HAVE_IT,BOTH_HAVE_IT,0,no,yes,overnight,
N582MM,2025-09-21,2025-09-22,1,KDEN,Denver International Airport,2.48,2025-09-21T21:48:21.490000Z,KSUA,Witham Field,0.69,2025-09-22T18:22:32.930000Z,adsb-lol|airplanes-live,BOTH_HAVE_IT,BOTH_HAVE_IT,0,no,yes,overnight,
N102DZ,2025-09-22,2025-09-22,0,KSDL,Scottsdale Airport,1.17,2025-09-22T17:06:29.340000Z,KXNA,Northwest Arkansas National Airport,0.67,2025-09-22T21:37:24Z,adsb-lol|airplanes-live,BOTH_HAVE_IT,BOTH_HAVE_IT,0,no,no,direct,"origin|Glendale,AZ|2025-09-21|Erika|16.6"
N102DZ,2025-09-22,2025-09-23,1,KXNA,Northwest Arkansas National Airport,0.67,2025-09-22T22:13:26.210000Z,KAUS,Austin Bergstrom International Airport,0.88,2025-09-23T19:18:00.200000Z,adsb-lol|airplanes-live,BOTH_HAVE_IT,BOTH_HAVE_IT,0,no,yes,overnight,
N40JD,2025-09-22,2025-09-22,0,KVGT,North Las Vegas Airport,0.78,2025-09-22T00:44:45.250000Z,KSDL,Scottsdale Airport,0.17,2025-09-22T01:33:09.210000Z,adsb-lol|airplanes-live,BOTH_HAVE_IT,BOTH_HAVE_IT,0,no,no,direct,"dest|Glendale,AZ|2025-09-21|Erika|17.3"
N582MM,2025-09-22,2025-09-27,5,KSUA,Witham Field,0.69,2025-09-22T19:03:20.380000Z,KSAV,Savannah Hilton Head International Airport,0.62,2025-09-27T21:18:09.230000Z,adsb-lol|airplanes-live,BOTH_HAVE_IT,BOTH_HAVE_IT,4,no,yes,GAP -- aircraft unobserved for 4 day(s) between these two fields; intermediate stops are possible and are NOT ruled out,
N102DZ,2025-09-23,2025-09-23,0,KAUS,Austin Bergstrom International Airport,0.88,2025-09-23T19:57:10.300000Z,KSDL,Scottsdale Airport,0.5,2025-09-23T21:56:15.360000Z,adsb-lol|airplanes-live,BOTH_HAVE_IT,BOTH_HAVE_IT,0,no,no,direct,
CONTROL-LUFTHANSA,2025-09-24,2025-09-24,0,EDDS,Stuttgart Airport,1.71,2025-09-24T04:54:00.820000Z,EDDF,Frankfurt Main Airport,0.85,2025-09-24T06:52:13.360000Z,adsb-lol|airplanes-live,BOTH_HAVE_IT,BOTH_HAVE_IT,0,no,no,direct,
CONTROL-LUFTHANSA,2025-09-24,2025-09-24,0,EDDF,Frankfurt Main Airport,0.85,2025-09-24T07:10:38.450000Z,LFMN,Nice-Côte d'Azur Airport,1.15,2025-09-24T09:23:57.290000Z,adsb-lol|airplanes-live,BOTH_HAVE_IT,BOTH_HAVE_IT,0,no,no,direct,
CONTROL-LUFTHANSA,2025-09-24,2025-09-24,0,LFMN,Nice-Côte d'Azur Airport,1.15,2025-09-24T09:25:37.890000Z,EDDF,Frankfurt Main Airport,2.07,2025-09-24T10:42:44.550000Z,adsb-lol|airplanes-live,BOTH_HAVE_IT,BOTH_HAVE_IT,0,no,no,direct,
CONTROL-LUFTHANSA,2025-09-24,2025-09-24,0,EDDF,Frankfurt Main Airport,2.07,2025-09-24T10:50:12.620000Z,EDDS,Stuttgart Airport,1.66,2025-09-24T11:48:59.890000Z,adsb-lol|airplanes-live,BOTH_HAVE_IT,BOTH_HAVE_IT,0,no,no,direct,
CONTROL-LUFTHANSA,2025-09-24,2025-09-24,0,EDDS,Stuttgart Airport,1.66,2025-09-24T14:07:19.200000Z,EDDF,Frankfurt Main Airport,0.81,2025-09-24T15:13:08.630000Z,adsb-lol|airplanes-live,BOTH_HAVE_IT,BOTH_HAVE_IT,0,no,no,direct,
CONTROL-RYANAIR,2025-09-24,2025-09-24,0,EGSS,London Stansted Airport,0.81,2025-09-24T07:08:54.740000Z,LIEA,Alghero-Fertilia Airport,1.27,2025-09-24T11:01:08.390000Z,adsb-lol|airplanes-live,BOTH_HAVE_IT,BOTH_HAVE_IT,0,no,no,direct,
CONTROL-RYANAIR,2025-09-24,2025-09-24,0,LIEA,Alghero-Fertilia Airport,1.27,2025-09-24T11:51:20.380000Z,LIEE,Cagliari Elmas Airport,0.21,2025-09-24T20:01:57.120000Z,adsb-lol|airplanes-live,BOTH_HAVE_IT,BOTH_HAVE_IT,0,no,no,direct,
CONTROL-RYANAIR,2025-09-24,2025-10-02,8,LIEE,Cagliari Elmas Airport,0.21,2025-09-24T20:01:57.120000Z,LICC,Catania-Fontanarossa Airport,0.8,2025-10-02T09:28:05.150000Z,adsb-lol|airplanes-live,BOTH_HAVE_IT,BOTH_HAVE_IT,7,no,yes,GAP -- aircraft unobserved for 7 day(s) between these two fields; intermediate stops are possible and are NOT ruled out,
N102DZ,2025-09-24,2025-09-24,0,KSDL,Scottsdale Airport,0.09,2025-09-24T19:14:58.190000Z,KGEG,Spokane International Airport,0.66,2025-09-24T21:20:02.470000Z,adsb-lol|airplanes-live,BOTH_HAVE_IT,BOTH_HAVE_IT,0,no,no,direct,
N102DZ,2025-09-24,2025-09-24,0,KGEG,Spokane International Airport,0.66,2025-09-24T21:49:41.670000Z,KSDL,Scottsdale Airport,0.48,2025-09-24T23:49:48.580000Z,adsb-lol|airplanes-live,BOTH_HAVE_IT,BOTH_HAVE_IT,0,no,no,direct,
T7-ELL,2025-09-24,2025-09-27,3,OMDW,Al Maktoum International Airport,0.28,2025-09-24T18:42:52.480000Z,OMAD,Al Bateen Executive Airport,0.92,2025-09-27T16:10:39.670000Z,adsb-lol|airplanes-live,BOTH_HAVE_IT,BOTH_HAVE_IT,2,no,yes,GAP -- aircraft unobserved for 2 day(s) between these two fields; intermediate stops are possible and are NOT ruled out,
N40JD,2025-09-26,2025-09-28,2,KSDL,Scottsdale Airport,0.59,2025-09-26T17:50:55.450000Z,KVGT,North Las Vegas Airport,0.76,2025-09-28T21:13:34.750000Z,adsb-lol|airplanes-live,BOTH_HAVE_IT,BOTH_HAVE_IT,1,no,yes,GAP -- aircraft unobserved for 1 day(s) between these two fields; intermediate stops are possible and are NOT ruled out,
N872RA,2025-09-26,2025-09-26,0,KSNA,John Wayne Orange County International Airport,0.3,2025-09-26T18:49:01.490000Z,KLAS,Harry Reid International Airport,1.3,2025-09-26T19:40:23.020000Z,adsb-lol|airplanes-live,BOTH_HAVE_IT,BOTH_HAVE_IT,0,no,no,direct,
N872RA,2025-09-26,2025-09-26,0,KLAS,Harry Reid International Airport,1.3,2025-09-26T19:44:57.440000Z,KSNA,John Wayne Orange County International Airport,0.12,2025-09-26T21:48:07.430000Z,adsb-lol|airplanes-live,BOTH_HAVE_IT,BOTH_HAVE_IT,0,no,no,direct,
N560TW,2025-09-27,2025-09-27,0,KSDL,Scottsdale Airport,0.82,2025-09-27T14:18:56.800000Z,KVNY,Van Nuys Airport,0.47,2025-09-27T15:26:17.740000Z,adsb-lol|airplanes-live,BOTH_HAVE_IT,BOTH_HAVE_IT,0,no,no,direct,
N560TW,2025-09-27,2025-09-27,0,KVNY,Van Nuys Airport,0.47,2025-09-27T16:19:36.980000Z,KSDL,Scottsdale Airport,0.16,2025-09-27T17:27:16.910000Z,adsb-lol|airplanes-live,BOTH_HAVE_IT,BOTH_HAVE_IT,0,no,no,direct,
N582MM,2025-09-27,2025-10-06,9,KSAV,Savannah Hilton Head International Airport,1.08,2025-09-27T22:46:15.920000Z,KAUS,Austin Bergstrom International Airport,1.19,2025-10-06T00:30:13.900000Z,adsb-lol|airplanes-live,BOTH_HAVE_IT,BOTH_HAVE_IT,8,no,yes,GAP -- aircraft unobserved for 8 day(s) between these two fields; intermediate stops are possible and are NOT ruled out,
T7-ELL,2025-09-27,2025-09-29,2,OMAD,Al Bateen Executive Airport,0.92,2025-09-27T16:31:21.830000Z,OMDW,Al Maktoum International Airport,0.56,2025-09-29T13:26:59.940000Z,adsb-lol,BOTH_HAVE_IT,BOTH_HAVE_IT,1,no,yes,GAP -- aircraft unobserved for 1 day(s) between these two fields; intermediate stops are possible and are NOT ruled out,
N40JD,2025-09-28,2025-09-28,0,KVGT,North Las Vegas Airport,0.76,2025-09-28T21:15:38.270000Z,KSDL,Scottsdale Airport,0.2,2025-09-28T22:04:27.300000Z,adsb-lol|airplanes-live,BOTH_HAVE_IT,BOTH_HAVE_IT,0,no,no,direct,
T7-ELL,2025-09-29,2025-09-29,0,OMDW,Al Maktoum International Airport,0.56,2025-09-29T14:36:03.350000Z,OMAD,Al Bateen Executive Airport,0.73,2025-09-29T14:01:11.540000Z,adsb-lol|airplanes-live,BOTH_HAVE_IT,BOTH_HAVE_IT,0,no,no,direct,
T7-ELL,2025-09-29,2025-10-01,2,OMAD,Al Bateen Executive Airport,0.73,2025-09-29T14:02:45.910000Z,OMDW,Al Maktoum International Airport,1.28,2025-10-01T07:48:24.370000Z,adsb-lol|adsbexchange-samples|airplanes-live,BOTH_HAVE_IT,BOTH_HAVE_IT,1,no,yes,GAP -- aircraft unobserved for 1 day(s) between these two fields; intermediate stops are possible and are NOT ruled out,
N560TW,2025-09-30,2025-09-30,0,KSDL,Scottsdale Airport,0.45,2025-09-30T16:39:02.570000Z,KVNY,Van Nuys Airport,0.79,2025-09-30T17:52:08.770000Z,adsb-lol|airplanes-live,BOTH_HAVE_IT,BOTH_HAVE_IT,0,no,no,direct,
N560TW,2025-09-30,2025-09-30,0,KVNY,Van Nuys Airport,0.46,2025-09-30T19:25:43.290000Z,CYVR,Vancouver International Airport,0.93,2025-09-30T21:53:12.960000Z,adsb-lol|airplanes-live,BOTH_HAVE_IT,BOTH_HAVE_IT,0,no,no,direct,
N1098L,2025-10-01,2025-10-01,0,KSVN,Hunter Army Air Field,0.51,2025-10-01T18:12:41.380000Z,KBIF,Biggs Army Air Field (Fort Bliss),0.8,2025-10-01T21:25:17.020000Z,adsbexchange-samples,HELD_BY_ADSBEXCHANGE-SAMPLES,HELD_BY_ADSBEXCHANGE-SAMPLES,0,yes,no,direct,
N1098L,2025-10-01,2025-10-08,7,KBIF,Biggs Army Air Field (Fort Bliss),0.8,2025-10-01T21:26:33.800000Z,KABI,Abilene Regional Airport,1.11,2025-10-08T16:56:25.590000Z,adsbexchange-samples|airplanes-live,HELD_BY_ADSBEXCHANGE-SAMPLES,BOTH_HAVE_IT,6,yes,yes,GAP -- aircraft unobserved for 6 day(s) between these two fields; intermediate stops are possible and are NOT ruled out,
T7-ELL,2025-10-01,2025-10-01,0,OMDW,Al Maktoum International Airport,1.28,2025-10-01T07:56:46.640000Z,LFPB,Paris-Le Bourget International Airport,0.85,2025-10-01T15:07:58.740000Z,adsb-lol|adsbexchange-samples,BOTH_HAVE_IT,BOTH_HAVE_IT,0,no,no,direct,
T7-ELL,2025-10-01,2025-10-02,1,LFPB,Paris-Le Bourget International Airport,0.52,2025-10-01T16:44:14.100000Z,KIAD,Washington Dulles International Airport,2.69,2025-10-02T00:32:52.950000Z,adsb-lol|adsbexchange-samples|airplanes-live,BOTH_HAVE_IT,BOTH_HAVE_IT,0,no,yes,overnight,
CONTROL-LUFTHANSA,2025-10-02,2025-10-02,0,EDDF,Frankfurt Main Airport,0.99,2025-10-02T06:12:08.830000Z,EDDM,Munich Airport,0.85,2025-10-02T06:05:23.320000Z,adsb-lol|airplanes-live,BOTH_HAVE_IT,BOTH_HAVE_IT,0,no,no,direct,
CONTROL-LUFTHANSA,2025-10-02,2025-10-02,0,EDDM,Munich Airport,1.3,2025-10-02T08:02:31.950000Z,EDDF,Frankfurt Main Airport,2.11,2025-10-02T07:56:46.080000Z,adsb-lol|airplanes-live,BOTH_HAVE_IT,BOTH_HAVE_IT,0,no,no,direct,
CONTROL-LUFTHANSA,2025-10-02,2025-10-14,12,EDDF,Frankfurt Main Airport,1.58,2025-10-02T19:08:37.740000Z,EDDH,Hamburg Helmut Schmidt Airport,0.93,2025-10-14T04:15:50.320000Z,adsb-lol|airplanes-live,BOTH_HAVE_IT,ONLY_ON_AIRPLANES_LIVE,11,yes,yes,GAP -- aircraft unobserved for 11 day(s) between these two fields; intermediate stops are possible and are NOT ruled out,
CONTROL-RYANAIR,2025-10-02,2025-10-02,0,LICC,Catania-Fontanarossa Airport,0.8,2025-10-02T09:31:03.300000Z,LEMG,Málaga-Costa del Sol Airport,0.87,2025-10-02T20:06:35.260000Z,adsb-lol|airplanes-live,BOTH_HAVE_IT,BOTH_HAVE_IT,0,no,no,direct,
N560TW,2025-10-02,2025-10-02,0,CYVR,Vancouver International Airport,0.94,2025-10-02T17:11:34.900000Z,KVNY,Van Nuys Airport,0.23,2025-10-02T19:54:12.430000Z,adsb-lol|airplanes-live,BOTH_HAVE_IT,BOTH_HAVE_IT,0,no,no,direct,
N560TW,2025-10-02,2025-10-02,0,KVNY,Van Nuys Airport,0.23,2025-10-02T20:33:56.190000Z,KSDL,Scottsdale Airport,0.16,2025-10-02T21:37:00.530000Z,adsb-lol|airplanes-live,BOTH_HAVE_IT,BOTH_HAVE_IT,0,no,no,direct,
T7-ELL,2025-10-03,2025-10-04,1,KIAD,Washington Dulles International Airport,2.8,2025-10-03T23:58:11.590000Z,KVNY,Van Nuys Airport,0.32,2025-10-04T04:43:03.860000Z,adsb-lol|airplanes-live,BOTH_HAVE_IT,BOTH_HAVE_IT,0,no,yes,overnight,
T7-ELL,2025-10-04,2025-10-04,0,KVNY,Van Nuys Airport,0.93,2025-10-04T05:58:34.560000Z,KIAD,Washington Dulles International Airport,2.27,2025-10-04T10:00:26.910000Z,adsb-lol|airplanes-live,BOTH_HAVE_IT,BOTH_HAVE_IT,0,no,no,direct,
N560TW,2025-10-05,2025-10-06,1,KSDL,Scottsdale Airport,0.67,2025-10-05T22:29:44.360000Z,KRST,Rochester International Airport,0.48,2025-10-06T00:58:08.790000Z,adsb-lol|airplanes-live,BOTH_HAVE_IT,BOTH_HAVE_IT,0,no,yes,overnight,
SU-BTV,2025-10-05,2025-10-11,6,LFPB,Paris-Le Bourget International Airport,1.78,2025-10-05T06:54:22.610000Z,KILG,Wilmington Airport,0.71,2025-10-11T15:09:53.730000Z,adsb-lol|airplanes-live,BOTH_HAVE_IT,BOTH_HAVE_IT,5,no,yes,GAP -- aircraft unobserved for 5 day(s) between these two fields; intermediate stops are possible and are NOT ruled out,
N560TW,2025-10-06,2025-10-06,0,KRST,Rochester International Airport,0.48,2025-10-06T01:26:25.570000Z,KSDL,Scottsdale Airport,0.17,2025-10-06T04:45:45.250000Z,adsb-lol|airplanes-live,BOTH_HAVE_IT,BOTH_HAVE_IT,0,no,no,direct,
N582MM,2025-10-06,2025-10-06,0,KAUS,Austin Bergstrom International Airport,1.04,2025-10-06T03:55:24.750000Z,KBUR,Hollywood Burbank/Bob Hope Airport,0.56,2025-10-06T07:02:25.660000Z,adsb-lol|airplanes-live,BOTH_HAVE_IT,BOTH_HAVE_IT,0,no,no,direct,
N582MM,2025-10-06,2025-10-06,0,KBUR,Hollywood Burbank/Bob Hope Airport,0.64,2025-10-06T18:54:47Z,KSDL,Scottsdale Airport,0.35,2025-10-06T20:02:09.120000Z,adsb-lol|airplanes-live,BOTH_HAVE_IT,BOTH_HAVE_IT,0,no,no,direct,
N582MM,2025-10-06,2025-10-07,1,KSDL,Scottsdale Airport,0.6,2025-10-06T21:24:01.340000Z,KRYY,Cobb County International Airport-McCollum Field,0.44,2025-10-07T00:27:11.950000Z,adsb-lol|airplanes-live,BOTH_HAVE_IT,BOTH_HAVE_IT,0,no,yes,overnight,
N1098L,2025-10-08,2025-10-09,1,KABI,Abilene Regional Airport,0.18,2025-10-08T19:07:48.790000Z,KPVU,Provo Municipal Airport,0.48,2025-10-09T23:16:18.370000Z,adsb-lol|airplanes-live,BOTH_HAVE_IT,BOTH_HAVE_IT,0,no,yes,overnight,
N560TW,2025-10-08,2025-10-08,0,KSDL,Scottsdale Airport,0.2,2025-10-08T20:59:22.370000Z,KONT,Ontario International Airport,0.74,2025-10-08T21:54:41.350000Z,adsb-lol|airplanes-live,BOTH_HAVE_IT,BOTH_HAVE_IT,0,no,no,direct,
N560TW,2025-10-08,2025-10-08,0,KONT,Ontario International Airport,0.74,2025-10-08T21:54:44.100000Z,KSDL,Scottsdale Airport,0.14,2025-10-08T23:13:16.150000Z,adsb-lol|airplanes-live,BOTH_HAVE_IT,BOTH_HAVE_IT,0,no,no,direct,
N582MM,2025-10-08,2025-10-08,0,KRYY,Cobb County International Airport-McCollum Field,0.26,2025-10-08T15:21:58.680000Z,KSDL,Scottsdale Airport,0.35,2025-10-08T21:05:40.910000Z,adsb-lol|airplanes-live,BOTH_HAVE_IT,BOTH_HAVE_IT,0,no,no,direct,
N582MM,2025-10-08,2025-10-08,0,KSDL,Scottsdale Airport,0.35,2025-10-08T21:29:56.460000Z,KCOE,Coeur D'Alene Airport - Pappy Boyington Field,0.6,2025-10-08T23:34:00.490000Z,adsb-lol|airplanes-live,BOTH_HAVE_IT,BOTH_HAVE_IT,0,no,no,direct,
N1098L,2025-10-09,2025-10-11,2,KPVU,Provo Municipal Airport,0.48,2025-10-09T23:26:29.930000Z,KSNS,Salinas Municipal Airport,0.07,2025-10-11T00:06:04.410000Z,adsb-lol|airplanes-live,BOTH_HAVE_IT,BOTH_HAVE_IT,1,no,yes,GAP -- aircraft unobserved for 1 day(s) between these two fields; intermediate stops are possible and are NOT ruled out,
N560TW,2025-10-09,2025-10-09,0,KSDL,Scottsdale Airport,0.52,2025-10-09T16:52:13.670000Z,KABQ,Albuquerque International Sunport,0.94,2025-10-09T17:44:56.670000Z,adsb-lol|airplanes-live,BOTH_HAVE_IT,BOTH_HAVE_IT,0,no,no,direct,
N560TW,2025-10-09,2025-10-09,0,KABQ,Albuquerque International Sunport,1.12,2025-10-09T19:18:41.370000Z,KLAS,Harry Reid International Airport,1.65,2025-10-09T21:09:37.680000Z,adsb-lol|airplanes-live,BOTH_HAVE_IT,BOTH_HAVE_IT,0,no,no,direct,
N560TW,2025-10-09,2025-10-09,0,KLAS,Harry Reid International Airport,1.65,2025-10-09T21:23:01.360000Z,KSDL,Scottsdale Airport,0.29,2025-10-09T22:13:23.190000Z,adsb-lol|airplanes-live,BOTH_HAVE_IT,BOTH_HAVE_IT,0,no,no,direct,
N582MM,2025-10-09,2025-10-09,0,KCOE,Coeur D'Alene Airport - Pappy Boyington Field,0.9,2025-10-09T00:07:23.230000Z,KSDL,Scottsdale Airport,0.16,2025-10-09T02:26:10.590000Z,adsb-lol|airplanes-live,BOTH_HAVE_IT,BOTH_HAVE_IT,0,no,no,direct,
N582MM,2025-10-09,2025-10-09,0,KSDL,Scottsdale Airport,0.76,2025-10-09T14:44:31.870000Z,KCRQ,McClellan-Palomar Airport,0.48,2025-10-09T15:35:45.280000Z,adsb-lol|airplanes-live,BOTH_HAVE_IT,BOTH_HAVE_IT,0,no,no,direct,
N582MM,2025-10-09,2025-10-10,1,KCRQ,McClellan-Palomar Airport,0.64,2025-10-09T17:38:11.800000Z,KLAS,Harry Reid International Airport,1.87,2025-10-10T01:14:44.100000Z,adsb-lol|airplanes-live,BOTH_HAVE_IT,BOTH_HAVE_IT,0,no,yes,overnight,
N888KG,2025-10-09,2025-10-12,3,KPVU,Provo Municipal Airport,0.27,2025-10-09T21:15:39.750000Z,KTUS,Tucson International Airport,0.49,2025-10-12T19:57:17.290000Z,adsb-lol|airplanes-live,BOTH_HAVE_IT,HELD_BY_AIRPLANES-LIVE,2,yes,yes,GAP -- aircraft unobserved for 2 day(s) between these two fields; intermediate stops are possible and are NOT ruled out,
N582MM,2025-10-10,2025-10-10,0,KLAS,Harry Reid International Airport,1.74,2025-10-10T16:55:19.640000Z,KBJC,Rocky Mountain Metropolitan Airport,0.16,2025-10-10T18:12:07.860000Z,adsb-lol|airplanes-live,BOTH_HAVE_IT,BOTH_HAVE_IT,0,no,no,direct,
N582MM,2025-10-10,2025-10-10,0,KBJC,Rocky Mountain Metropolitan Airport,0.45,2025-10-10T20:05:15.220000Z,KJQF,Concord-Padgett Regional Airport,0.23,2025-10-10T23:52:50.930000Z,adsb-lol|airplanes-live,BOTH_HAVE_IT,BOTH_HAVE_IT,0,no,no,direct,
T7-ELL,2025-10-10,2025-10-10,0,KIAD,Washington Dulles International Airport,0.04,2025-10-10T18:15:07.060000Z,KORD,Chicago O'Hare International Airport,2.13,2025-10-10T22:36:31.850000Z,adsb-lol|airplanes-live,BOTH_HAVE_IT,BOTH_HAVE_IT,0,no,no,direct,
N1098L,2025-10-11,2026-04-01,172,KSNS,Salinas Municipal Airport,0.07,2025-10-11T00:06:11.960000Z,KGRK,Killeen Regional Airport / Robert Gray Army Airfield,0.77,2026-04-01T15:36:40.060000Z,adsbexchange-samples|airplanes-live,BOTH_HAVE_IT,HELD_BY_ADSBEXCHANGE-SAMPLES,171,yes,yes,GAP -- aircraft unobserved for 171 day(s) between these two fields; intermediate stops are possible and are NOT ruled out,
N582MM,2025-10-11,2025-10-11,0,KJQF,Concord-Padgett Regional Airport,0.9,2025-10-11T12:46:26.540000Z,KMSP,Minneapolis–Saint Paul International Airport / Wold–Chamberlain Field,0.59,2025-10-11T15:05:46.690000Z,adsb-lol|airplanes-live,BOTH_HAVE_IT,BOTH_HAVE_IT,0,no,no,direct,
N582MM,2025-10-11,2025-10-12,1,KMSP,Minneapolis–Saint Paul International Airport / Wold–Chamberlain Field,0.95,2025-10-11T16:06:50.150000Z,KSTL,St. Louis Lambert International Airport,1.95,2025-10-12T14:49:05.610000Z,adsb-lol|airplanes-live,BOTH_HAVE_IT,HELD_BY_AIRPLANES-LIVE,0,yes,yes,overnight,
T7-ELL,2025-10-11,2025-10-17,6,KORD,Chicago O'Hare International Airport,1.32,2025-10-11T19:48:06.760000Z,LEVC,Valencia Airport,0.55,2025-10-17T16:16:28.560000Z,adsb-lol|airplanes-live,BOTH_HAVE_IT,ONLY_ON_AIRPLANES_LIVE,5,yes,yes,GAP -- aircraft unobserved for 5 day(s) between these two fields; intermediate stops are possible and are NOT ruled out,
N582MM,2025-10-12,2025-10-13,1,KSTL,St. Louis Lambert International Airport,1.95,2025-10-12T19:22:20.510000Z,KBAZ,New Braunfels National Airport,0.42,2025-10-13T19:18:16.670000Z,airplanes-live,HELD_BY_AIRPLANES-LIVE,HELD_BY_AIRPLANES-LIVE,0,yes,yes,overnight,
N888KG,2025-10-12,2025-10-12,0,KTUS,Tucson International Airport,0.49,2025-10-12T20:19:27.020000Z,KPVU,Provo Municipal Airport,0.04,2025-10-12T21:30:03.150000Z,airplanes-live,HELD_BY_AIRPLANES-LIVE,HELD_BY_AIRPLANES-LIVE,0,yes,no,direct,
N102DZ,2025-10-13,2025-10-13,0,KSDL,Scottsdale Airport,0.33,2025-10-13T16:42:57.320000Z,KIAD,Washington Dulles International Airport,2.64,2025-10-13T20:27:26.560000Z,adsblol-github-backup|airplanes-live,HELD_BY_ADSBLOL-GITHUB-BACKUP+AIRPLANES-LIVE,HELD_BY_ADSBLOL-GITHUB-BACKUP+AIRPLANES-LIVE,0,no,no,direct,
N560TW,2025-10-13,2025-10-13,0,KSDL,Scottsdale Airport,1.23,2025-10-13T22:20:22.700000Z,KSNA,John Wayne Orange County International Airport,0.36,2025-10-13T23:22:52.770000Z,airplanes-live,HELD_BY_AIRPLANES-LIVE,HELD_BY_AIRPLANES-LIVE,0,yes,no,direct,
N560TW,2025-10-13,2025-10-14,1,KSNA,John Wayne Orange County International Airport,0.36,2025-10-13T23:43:56.140000Z,KSDL,Scottsdale Airport,0.08,2025-10-14T00:36:31.650000Z,airplanes-live,HELD_BY_AIRPLANES-LIVE,ONLY_ON_AIRPLANES_LIVE,0,yes,yes,overnight,
N582MM,2025-10-13,2025-10-13,0,KBAZ,New Braunfels National Airport,0.42,2025-10-13T20:23:57.730000Z,KIAD,Washington Dulles International Airport,2.5,2025-10-13T23:30:32.870000Z,airplanes-live,HELD_BY_AIRPLANES-LIVE,HELD_BY_AIRPLANES-LIVE,0,yes,no,direct,
CONTROL-LUFTHANSA,2025-10-14,2025-10-14,0,EDDH,Hamburg Helmut Schmidt Airport,0.93,2025-10-14T04:24:50.280000Z,EDDF,Frankfurt Main Airport,1.72,2025-10-14T05:24:47.420000Z,airplanes-live,ONLY_ON_AIRPLANES_LIVE,ONLY_ON_AIRPLANES_LIVE,0,yes,no,direct,
CONTROL-LUFTHANSA,2025-10-14,2025-10-14,0,EDDF,Frankfurt Main Airport,1.72,2025-10-14T05:26:45.600000Z,EDDH,Hamburg Helmut Schmidt Airport,0.3,2025-10-14T07:20:51.420000Z,airplanes-live,ONLY_ON_AIRPLANES_LIVE,ONLY_ON_AIRPLANES_LIVE,0,yes,no,direct,
CONTROL-LUFTHANSA,2025-10-14,2025-10-14,0,EDDH,Hamburg Helmut Schmidt Airport,0.85,2025-10-14T08:39:52.680000Z,EDDF,Frankfurt Main Airport,1.8,2025-10-14T18:47:34.470000Z,airplanes-live,ONLY_ON_AIRPLANES_LIVE,ONLY_ON_AIRPLANES_LIVE,0,yes,no,direct,
CONTROL-LUFTHANSA,2025-10-14,2025-10-22,8,EDDF,Frankfurt Main Airport,1.8,2025-10-14T18:48:43.780000Z,EDDH,Hamburg Helmut Schmidt Airport,1.06,2025-10-22T03:56:51.650000Z,airplanes-live,ONLY_ON_AIRPLANES_LIVE,ONLY_ON_AIRPLANES_LIVE,7,yes,yes,GAP -- aircraft unobserved for 7 day(s) between these two fields; intermediate stops are possible and are NOT ruled out,
N560TW,2025-10-14,2025-10-14,0,KSDL,Scottsdale Airport,1.17,2025-10-14T01:25:24.900000Z,KLAS,Harry Reid International Airport,1.32,2025-10-14T02:10:28.990000Z,airplanes-live,ONLY_ON_AIRPLANES_LIVE,ONLY_ON_AIRPLANES_LIVE,0,yes,no,direct,
N560TW,2025-10-14,2025-10-14,0,KLAS,Harry Reid International Airport,1.85,2025-10-14T20:43:07.080000Z,KSDL,Scottsdale Airport,0.14,2025-10-14T23:24:51.750000Z,airplanes-live,ONLY_ON_AIRPLANES_LIVE,ONLY_ON_AIRPLANES_LIVE,0,yes,no,direct,
N582MM,2025-10-14,2025-10-14,0,KIAD,Washington Dulles International Airport,1.72,2025-10-14T00:13:18.120000Z,KBED,Laurence G Hanscom Field,0.72,2025-10-14T01:22:22.970000Z,airplanes-live,ONLY_ON_AIRPLANES_LIVE,ONLY_ON_AIRPLANES_LIVE,0,yes,no,direct,
N582MM,2025-10-14,2025-10-14,0,KBED,Laurence G Hanscom Field,0.77,2025-10-14T13:55:19.930000Z,KFMY,Page Field,0.44,2025-10-14T16:41:57.950000Z,airplanes-live,ONLY_ON_AIRPLANES_LIVE,ONLY_ON_AIRPLANES_LIVE,0,yes,no,direct,
N582MM,2025-10-14,2025-10-15,1,KFMY,Page Field,0.44,2025-10-14T17:40:14.890000Z,KVNY,Van Nuys Airport,0.96,2025-10-15T00:11:56.270000Z,airplanes-live,ONLY_ON_AIRPLANES_LIVE,ONLY_ON_AIRPLANES_LIVE,0,yes,yes,overnight,
N59906,2025-10-14,2026-05-02,200,KBJC,Rocky Mountain Metropolitan Airport,0.72,2025-10-14T19:14:52.110000Z,KENW,Kenosha Regional Airport,0.16,2026-05-02T14:12:34.130000Z,airplanes-live,HELD_BY_AIRPLANES-LIVE,HELD_BY_AIRPLANES-LIVE,199,yes,yes,GAP -- aircraft unobserved for 199 day(s) between these two fields; intermediate stops are possible and are NOT ruled out,
N102DZ,2025-10-15,2025-10-16,1,KIAD,Washington Dulles International Airport,0.05,2025-10-15T20:43:56.490000Z,KSDL,Scottsdale Airport,0.58,2025-10-16T01:02:18.660000Z,airplanes-live,ONLY_ON_AIRPLANES_LIVE,ONLY_ON_AIRPLANES_LIVE,0,yes,yes,overnight,
N40JD,2025-10-15,2025-10-16,1,KSDL,Scottsdale Airport,0.06,2025-10-15T23:11:58.260000Z,KMRY,Monterey Regional Airport,0.04,2025-10-16T00:54:20.460000Z,airplanes-live,ONLY_ON_AIRPLANES_LIVE,ONLY_ON_AIRPLANES_LIVE,0,yes,yes,overnight,
N582MM,2025-10-15,2025-10-15,0,KVNY,Van Nuys Airport,0.29,2025-10-15T01:08:51.920000Z,KRYY,Cobb County International Airport-McCollum Field,0.57,2025-10-15T20:22:10.690000Z,airplanes-live,ONLY_ON_AIRPLANES_LIVE,ONLY_ON_AIRPLANES_LIVE,0,yes,no,direct,
N582MM,2025-10-15,2025-10-16,1,KRYY,Cobb County International Airport-McCollum Field,0.08,2025-10-15T23:25:17.870000Z,KROC,Frederick Douglass Greater Rochester International Airport,0.37,2025-10-16T01:04:38.200000Z,airplanes-live,ONLY_ON_AIRPLANES_LIVE,ONLY_ON_AIRPLANES_LIVE,0,yes,yes,overnight,
N888KG,2025-10-15,2025-10-15,0,KPVU,Provo Municipal Airport,0.25,2025-10-15T18:04:02.060000Z,KBNA,Nashville International Airport,0.47,2025-10-15T20:53:28.510000Z,airplanes-live,ONLY_ON_AIRPLANES_LIVE,ONLY_ON_AIRPLANES_LIVE,0,yes,no,direct,
SU-BND,2025-10-15,2026-05-13,210,LFMN,Nice-Côte d'Azur Airport,1.81,2025-10-15T12:05:32.130000Z,KPVU,Provo Municipal Airport,1.27,2026-05-13T23:12:54.180000Z,airplanes-live,ONLY_ON_AIRPLANES_LIVE,HELD_BY_AIRPLANES-LIVE,209,yes,yes,GAP -- aircraft unobserved for 209 day(s) between these two fields; intermediate stops are possible and are NOT ruled out,
N582MM,2025-10-16,2025-10-16,0,KROC,Frederick Douglass Greater Rochester International Airport,0.37,2025-10-16T01:04:39.120000Z,KFLL,Fort Lauderdale Hollywood International Airport,0.4,2025-10-16T20:45:42.290000Z,airplanes-live,ONLY_ON_AIRPLANES_LIVE,ONLY_ON_AIRPLANES_LIVE,0,yes,no,direct,
N582MM,2025-10-16,2025-10-17,1,KFLL,Fort Lauderdale Hollywood International Airport,0.4,2025-10-16T22:32:00.270000Z,KBCT,Boca Raton Airport,0.26,2025-10-17T17:01:53.260000Z,airplanes-live,ONLY_ON_AIRPLANES_LIVE,ONLY_ON_AIRPLANES_LIVE,0,yes,yes,overnight,
N888KG,2025-10-16,2025-10-16,0,KBNA,Nashville International Airport,0.62,2025-10-16T04:00:21.870000Z,KPVU,Provo Municipal Airport,0.22,2025-10-16T07:05:56.370000Z,airplanes-live,ONLY_ON_AIRPLANES_LIVE,ONLY_ON_AIRPLANES_LIVE,0,yes,no,direct,
N40JD,2025-10-17,2025-10-17,0,KMRY,Monterey Regional Airport,0.95,2025-10-17T16:08:08.570000Z,KLAX,Los Angeles International Airport,1.14,2025-10-17T17:07:47.560000Z,airplanes-live,ONLY_ON_AIRPLANES_LIVE,ONLY_ON_AIRPLANES_LIVE,0,yes,no,direct,
N40JD,2025-10-17,2025-10-17,0,KLAX,Los Angeles International Airport,1.92,2025-10-17T18:25:01.660000Z,KMRY,Monterey Regional Airport,1.16,2025-10-17T20:58:33.210000Z,airplanes-live,ONLY_ON_AIRPLANES_LIVE,ONLY_ON_AIRPLANES_LIVE,0,yes,no,direct,
N582MM,2025-10-17,2025-10-17,0,KBCT,Boca Raton Airport,0.26,2025-10-17T17:01:58.850000Z,KTPA,Tampa International Airport,0.85,2025-10-17T19:42:26.480000Z,airplanes-live,ONLY_ON_AIRPLANES_LIVE,ONLY_ON_AIRPLANES_LIVE,0,yes,no,direct,
N582MM,2025-10-17,2025-10-17,0,KTPA,Tampa International Airport,0.85,2025-10-17T20:29:37.180000Z,KFSD,Sioux Falls Regional Airport,0.41,2025-10-17T23:29:32.680000Z,airplanes-live,ONLY_ON_AIRPLANES_LIVE,ONLY_ON_AIRPLANES_LIVE,0,yes,no,direct,
N40JD,2025-10-18,2025-10-18,0,KMRY,Monterey Regional Airport,1.16,2025-10-18T17:27:54.110000Z,KSDL,Scottsdale Airport,0.14,2025-10-18T19:05:18.640000Z,airplanes-live,ONLY_ON_AIRPLANES_LIVE,ONLY_ON_AIRPLANES_LIVE,0,yes,no,direct,
N582MM,2025-10-18,2025-10-18,0,KFSD,Sioux Falls Regional Airport,0.95,2025-10-18T00:00:47.780000Z,KAPA,Centennial Airport,0.25,2025-10-18T01:29:33.260000Z,airplanes-live,ONLY_ON_AIRPLANES_LIVE,ONLY_ON_AIRPLANES_LIVE,0,yes,no,direct,
N582MM,2025-10-18,2025-10-18,0,KAPA,Centennial Airport,1.48,2025-10-18T16:08:36.390000Z,KFLL,Fort Lauderdale Hollywood International Airport,0.37,2025-10-18T19:38:18.460000Z,airplanes-live,ONLY_ON_AIRPLANES_LIVE,ONLY_ON_AIRPLANES_LIVE,0,yes,no,direct,
N582MM,2025-10-18,2025-10-18,0,KFLL,Fort Lauderdale Hollywood International Airport,0.37,2025-10-18T20:25:30.750000Z,KBED,Laurence G Hanscom Field,0.7,2025-10-18T23:18:13.500000Z,airplanes-live,ONLY_ON_AIRPLANES_LIVE,ONLY_ON_AIRPLANES_LIVE,0,yes,no,direct,
T7-ELL,2025-10-18,2025-10-18,0,LEVC,Valencia Airport,1.31,2025-10-18T07:42:26.820000Z,OMAD,Al Bateen Executive Airport,0.31,2025-10-18T19:50:00.600000Z,airplanes-live,ONLY_ON_AIRPLANES_LIVE,ONLY_ON_AIRPLANES_LIVE,0,yes,no,direct,
N560TW,2025-10-19,2025-10-31,12,KSDL,Scottsdale Airport,0.22,2025-10-19T20:45:09.090000Z,KAUO,Auburn University Regional Airport,0.1,2025-10-31T20:01:53.560000Z,airplanes-live,ONLY_ON_AIRPLANES_LIVE,ONLY_ON_AIRPLANES_LIVE,11,yes,yes,GAP -- aircraft unobserved for 11 day(s) between these two fields; intermediate stops are possible and are NOT ruled out,
N582MM,2025-10-19,2025-10-19,0,KBED,Laurence G Hanscom Field,0.86,2025-10-19T13:51:20.080000Z,KBCT,Boca Raton Airport,0.82,2025-10-19T20:37:15.350000Z,airplanes-live,ONLY_ON_AIRPLANES_LIVE,ONLY_ON_AIRPLANES_LIVE,0,yes,no,direct,
N582MM,2025-10-19,2025-10-20,1,KBCT,Boca Raton Airport,0.32,2025-10-19T22:06:31.610000Z,KJWN,John C Tune Airport,0.12,2025-10-20T00:25:34.590000Z,airplanes-live,ONLY_ON_AIRPLANES_LIVE,ONLY_ON_AIRPLANES_LIVE,0,yes,yes,overnight,
N102DZ,2025-10-20,2025-10-22,2,KSDL,Scottsdale Airport,0.24,2025-10-20T19:30:19.840000Z,KPWM,Portland International Jetport,0.3,2025-10-22T03:54:04.200000Z,airplanes-live,ONLY_ON_AIRPLANES_LIVE,ONLY_ON_AIRPLANES_LIVE,1,yes,yes,GAP -- aircraft unobserved for 1 day(s) between these two fields; intermediate stops are possible and are NOT ruled out,
N40JD,2025-10-20,2025-10-20,0,KSDL,Scottsdale Airport,0.42,2025-10-20T12:41:57.750000Z,KPAN,Payson Airport,0.2,2025-10-20T16:14:50.330000Z,airplanes-live,ONLY_ON_AIRPLANES_LIVE,ONLY_ON_AIRPLANES_LIVE,0,yes,no,direct,
N40JD,2025-10-20,2025-10-23,3,KPAN,Payson Airport,0.42,2025-10-20T17:50:25.220000Z,KSDL,Scottsdale Airport,0.2,2025-10-23T12:21:25.620000Z,airplanes-live,ONLY_ON_AIRPLANES_LIVE,ONLY_ON_AIRPLANES_LIVE,2,yes,yes,GAP -- aircraft unobserved for 2 day(s) between these two fields; intermediate stops are possible and are NOT ruled out,
N582MM,2025-10-20,2025-10-20,0,KJWN,John C Tune Airport,0.12,2025-10-20T00:25:59.860000Z,KPMP,Pompano Beach Airpark,0.31,2025-10-20T15:46:25.950000Z,airplanes-live,ONLY_ON_AIRPLANES_LIVE,ONLY_ON_AIRPLANES_LIVE,0,yes,no,direct,
N582MM,2025-10-20,2025-10-20,0,KPMP,Pompano Beach Airpark,0.31,2025-10-20T15:46:25.950000Z,KBED,Laurence G Hanscom Field,0.85,2025-10-20T20:22:16.840000Z,airplanes-live,ONLY_ON_AIRPLANES_LIVE,ONLY_ON_AIRPLANES_LIVE,0,yes,no,direct,
N582MM,2025-10-20,2025-10-21,1,KBED,Laurence G Hanscom Field,0.85,2025-10-20T21:01:11.570000Z,KFLL,Fort Lauderdale Hollywood International Airport,0.29,2025-10-21T00:51:10.550000Z,airplanes-live,ONLY_ON_AIRPLANES_LIVE,ONLY_ON_AIRPLANES_LIVE,0,yes,yes,overnight,
T7-ELL,2025-10-20,2025-11-03,14,OMAD,Al Bateen Executive Airport,0.77,2025-10-20T14:51:46.860000Z,OMDW,Al Maktoum International Airport,1.23,2025-11-03T21:15:05.530000Z,airplanes-live,ONLY_ON_AIRPLANES_LIVE,ONLY_ON_AIRPLANES_LIVE,13,yes,yes,GAP -- aircraft unobserved for 13 day(s) between these two fields; intermediate stops are possible and are NOT ruled out,
N582MM,2025-10-21,2025-10-21,0,KFLL,Fort Lauderdale Hollywood International Airport,0.37,2025-10-21T12:26:46.790000Z,KDAL,Dallas Love Field,0.76,2025-10-21T15:21:44.710000Z,airplanes-live,ONLY_ON_AIRPLANES_LIVE,ONLY_ON_AIRPLANES_LIVE,0,yes,no,direct,
N582MM,2025-10-21,2025-10-22,1,KDAL,Dallas Love Field,0.76,2025-10-21T15:22:05.200000Z,KMDW,Chicago Midway International Airport,0.53,2025-10-22T01:09:39.500000Z,airplanes-live,ONLY_ON_AIRPLANES_LIVE,ONLY_ON_AIRPLANES_LIVE,0,yes,yes,overnight,
CONTROL-LUFTHANSA,2025-10-22,2025-10-22,0,EDDH,Hamburg Helmut Schmidt Airport,1.06,2025-10-22T04:03:07.830000Z,EPKK,Kraków John Paul II International Airport,0.36,2025-10-22T12:10:37.100000Z,airplanes-live,ONLY_ON_AIRPLANES_LIVE,ONLY_ON_AIRPLANES_LIVE,0,yes,no,direct,
CONTROL-LUFTHANSA,2025-10-22,2025-10-22,0,EPKK,Kraków John Paul II International Airport,0.36,2025-10-22T12:11:13.700000Z,EDDF,Frankfurt Main Airport,1.94,2025-10-22T15:08:06.170000Z,airplanes-live,ONLY_ON_AIRPLANES_LIVE,ONLY_ON_AIRPLANES_LIVE,0,yes,no,direct,
CONTROL-LUFTHANSA,2025-10-22,2025-10-31,9,EDDF,Frankfurt Main Airport,2.82,2025-10-22T18:44:14.200000Z,EDDS,Stuttgart Airport,0.82,2025-10-31T05:18:32.030000Z,airplanes-live,ONLY_ON_AIRPLANES_LIVE,ONLY_ON_AIRPLANES_LIVE,8,yes,yes,GAP -- aircraft unobserved for 8 day(s) between these two fields; intermediate stops are possible and are NOT ruled out,
N102DZ,2025-10-22,2025-10-22,0,KPWM,Portland International Jetport,0.3,2025-10-22T03:54:04.200000Z,KSDL,Scottsdale Airport,0.62,2025-10-22T09:14:49.110000Z,airplanes-live,ONLY_ON_AIRPLANES_LIVE,ONLY_ON_AIRPLANES_LIVE,0,yes,no,direct,
N582MM,2025-10-22,2025-10-22,0,KMDW,Chicago Midway International Airport,0.58,2025-10-22T14:11:12.740000Z,KAVQ,Marana Regional Airport,0.6,2025-10-22T20:51:15.840000Z,airplanes-live,ONLY_ON_AIRPLANES_LIVE,ONLY_ON_AIRPLANES_LIVE,0,yes,no,direct,
N582MM,2025-10-22,2025-10-23,1,KAVQ,Marana Regional Airport,0.6,2025-10-22T21:37:31.650000Z,KTKI,McKinney National Airport,0.19,2025-10-23T22:05:26.270000Z,airplanes-live,ONLY_ON_AIRPLANES_LIVE,ONLY_ON_AIRPLANES_LIVE,0,yes,yes,overnight,
N872RA,2025-10-22,2025-10-22,0,KSNA,John Wayne Orange County International Airport,0.76,2025-10-22T14:30:32.590000Z,KSDL,Scottsdale Airport,0.58,2025-10-22T15:29:46.940000Z,airplanes-live,ONLY_ON_AIRPLANES_LIVE,ONLY_ON_AIRPLANES_LIVE,0,yes,no,direct,
N872RA,2025-10-22,2025-10-22,0,KSDL,Scottsdale Airport,0.58,2025-10-22T16:22:39.880000Z,KPVU,Provo Municipal Airport,0.2,2025-10-22T22:25:52.490000Z,airplanes-live,ONLY_ON_AIRPLANES_LIVE,ONLY_ON_AIRPLANES_LIVE,0,yes,no,direct,
N872RA,2025-10-22,2025-10-23,1,KPVU,Provo Municipal Airport,1.52,2025-10-22T23:50:20.270000Z,KSEA,Seattle–Tacoma International Airport,0.76,2025-10-23T01:41:33.200000Z,airplanes-live,ONLY_ON_AIRPLANES_LIVE,ONLY_ON_AIRPLANES_LIVE,0,yes,yes,overnight,
N40JD,2025-10-23,2025-10-23,0,KSDL,Scottsdale Airport,0.2,2025-10-23T13:18:44.940000Z,KSFO,San Francisco International Airport,0.72,2025-10-23T14:58:58.500000Z,airplanes-live,ONLY_ON_AIRPLANES_LIVE,ONLY_ON_AIRPLANES_LIVE,0,yes,no,direct,
N40JD,2025-10-23,2025-10-23,0,KSFO,San Francisco International Airport,0.48,2025-10-23T16:06:42.620000Z,KFNL,Northern Colorado Regional Airport,0.09,2025-10-23T18:15:53.010000Z,airplanes-live,ONLY_ON_AIRPLANES_LIVE,ONLY_ON_AIRPLANES_LIVE,0,yes,no,direct,
N40JD,2025-10-23,2025-10-23,0,KFNL,Northern Colorado Regional Airport,0.58,2025-10-23T21:23:37.950000Z,KSDL,Scottsdale Airport,0.1,2025-10-23T22:54:37.160000Z,airplanes-live,ONLY_ON_AIRPLANES_LIVE,ONLY_ON_AIRPLANES_LIVE,0,yes,no,direct,
N582MM,2025-10-23,2025-10-25,2,KTKI,McKinney National Airport,0.19,2025-10-23T22:38:53.320000Z,KSDL,Scottsdale Airport,0.56,2025-10-25T21:01:20.760000Z,airplanes-live,ONLY_ON_AIRPLANES_LIVE,ONLY_ON_AIRPLANES_LIVE,1,yes,yes,GAP -- aircraft unobserved for 1 day(s) between these two fields; intermediate stops are possible and are NOT ruled out,
N872RA,2025-10-23,2025-10-25,2,KSEA,Seattle–Tacoma International Airport,0.76,2025-10-23T01:44:37.520000Z,KSDL,Scottsdale Airport,1.11,2025-10-25T00:13:06.040000Z,airplanes-live,ONLY_ON_AIRPLANES_LIVE,ONLY_ON_AIRPLANES_LIVE,1,yes,yes,GAP -- aircraft unobserved for 1 day(s) between these two fields; intermediate stops are possible and are NOT ruled out,
N582MM,2025-10-25,2025-10-25,0,KSDL,Scottsdale Airport,0.56,2025-10-25T21:11:50.170000Z,KBAZ,New Braunfels National Airport,0.6,2025-10-25T23:01:13.110000Z,airplanes-live,ONLY_ON_AIRPLANES_LIVE,ONLY_ON_AIRPLANES_LIVE,0,yes,no,direct,
N872RA,2025-10-25,2025-10-25,0,KSDL,Scottsdale Airport,1.11,2025-10-25T00:22:18.010000Z,KSNA,John Wayne Orange County International Airport,0.4,2025-10-25T01:18:16.890000Z,airplanes-live,ONLY_ON_AIRPLANES_LIVE,ONLY_ON_AIRPLANES_LIVE,0,yes,no,direct,
N40JD,2025-10-26,2025-10-27,1,KSDL,Scottsdale Airport,0.5,2025-10-26T20:52:18.140000Z,KLAX,Los Angeles International Airport,1.27,2025-10-27T00:29:51.520000Z,airplanes-live,ONLY_ON_AIRPLANES_LIVE,ONLY_ON_AIRPLANES_LIVE,0,yes,yes,overnight,
N582MM,2025-10-26,2025-10-26,0,KBAZ,New Braunfels National Airport,0.7,2025-10-26T12:21:36.180000Z,KTKI,McKinney National Airport,0.62,2025-10-26T18:18:31.090000Z,airplanes-live,ONLY_ON_AIRPLANES_LIVE,ONLY_ON_AIRPLANES_LIVE,0,yes,no,direct,
N582MM,2025-10-26,2025-10-27,1,KTKI,McKinney National Airport,0.62,2025-10-26T18:51:30.560000Z,KROC,Frederick Douglass Greater Rochester International Airport,0.47,2025-10-27T01:49:05.350000Z,airplanes-live,ONLY_ON_AIRPLANES_LIVE,ONLY_ON_AIRPLANES_LIVE,0,yes,yes,overnight,
N872RA,2025-10-26,2025-10-26,0,KSNA,John Wayne Orange County International Airport,0.46,2025-10-26T19:05:41.480000Z,KMRY,Monterey Regional Airport,0.71,2025-10-26T19:59:26.790000Z,airplanes-live,ONLY_ON_AIRPLANES_LIVE,ONLY_ON_AIRPLANES_LIVE,0,yes,no,direct,
N872RA,2025-10-26,2025-10-26,0,KMRY,Monterey Regional Airport,0.71,2025-10-26T20:01:14.320000Z,KSNA,John Wayne Orange County International Airport,0.15,2025-10-26T22:00:06.050000Z,airplanes-live,ONLY_ON_AIRPLANES_LIVE,ONLY_ON_AIRPLANES_LIVE,0,yes,no,direct,
N40JD,2025-10-27,2025-10-27,0,KLAX,Los Angeles International Airport,1.94,2025-10-27T03:05:20.630000Z,KSDL,Scottsdale Airport,0.46,2025-10-27T04:02:51.970000Z,airplanes-live,ONLY_ON_AIRPLANES_LIVE,ONLY_ON_AIRPLANES_LIVE,0,yes,no,direct,
N40JD,2025-10-27,2025-10-27,0,KSDL,Scottsdale Airport,0.19,2025-10-27T16:04:56.590000Z,KSNA,John Wayne Orange County International Airport,0.69,2025-10-27T17:03:52.260000Z,airplanes-live,ONLY_ON_AIRPLANES_LIVE,ONLY_ON_AIRPLANES_LIVE,0,yes,no,direct,
N40JD,2025-10-27,2025-10-27,0,KSNA,John Wayne Orange County International Airport,0.59,2025-10-27T22:14:20.620000Z,KSDL,Scottsdale Airport,0.15,2025-10-27T23:10:23.820000Z,airplanes-live,ONLY_ON_AIRPLANES_LIVE,ONLY_ON_AIRPLANES_LIVE,0,yes,no,direct,
N582MM,2025-10-27,2025-10-27,0,KROC,Frederick Douglass Greater Rochester International Airport,0.47,2025-10-27T01:50:55.850000Z,KUDD,Bermuda Dunes Airport,0.28,2025-10-27T19:01:17.770000Z,airplanes-live,ONLY_ON_AIRPLANES_LIVE,ONLY_ON_AIRPLANES_LIVE,0,yes,no,direct,
N582MM,2025-10-27,2025-10-27,0,KUDD,Bermuda Dunes Airport,0.28,2025-10-27T19:33:08.340000Z,KHND,Henderson Executive Airport,0.87,2025-10-27T20:55:24.410000Z,airplanes-live,ONLY_ON_AIRPLANES_LIVE,ONLY_ON_AIRPLANES_LIVE,0,yes,no,direct,
N582MM,2025-10-27,2025-10-27,0,KHND,Henderson Executive Airport,0.87,2025-10-27T20:59:28.050000Z,KFNL,Northern Colorado Regional Airport,0.5,2025-10-27T22:29:36.270000Z,airplanes-live,ONLY_ON_AIRPLANES_LIVE,ONLY_ON_AIRPLANES_LIVE,0,yes,no,direct,
N582MM,2025-10-28,2025-10-28,0,KFNL,Northern Colorado Regional Airport,0.28,2025-10-28T11:04:50.840000Z,KLAS,Harry Reid International Airport,1.1,2025-10-28T16:29:14.050000Z,airplanes-live,ONLY_ON_AIRPLANES_LIVE,ONLY_ON_AIRPLANES_LIVE,0,yes,no,direct,
N582MM,2025-10-28,2025-10-29,1,KLAS,Harry Reid International Airport,1.1,2025-10-28T17:29:27.010000Z,KRNO,Reno Tahoe International Airport,0.55,2025-10-29T16:56:22.470000Z,airplanes-live,ONLY_ON_AIRPLANES_LIVE,ONLY_ON_AIRPLANES_LIVE,0,yes,yes,overnight,
N40JD,2025-10-29,2025-10-29,0,KSDL,Scottsdale Airport,0.2,2025-10-29T02:10:03.690000Z,KVNY,Van Nuys Airport,0.3,2025-10-29T03:19:38.640000Z,airplanes-live,ONLY_ON_AIRPLANES_LIVE,ONLY_ON_AIRPLANES_LIVE,0,yes,no,direct,
N40JD,2025-10-29,2025-10-29,0,KVNY,Van Nuys Airport,0.96,2025-10-29T18:45:36.120000Z,KSDL,Scottsdale Airport,0.18,2025-10-29T19:48:29.840000Z,airplanes-live,ONLY_ON_AIRPLANES_LIVE,ONLY_ON_AIRPLANES_LIVE,0,yes,no,direct,
N40JD,2025-10-29,2025-12-01,33,KSDL,Scottsdale Airport,0.18,2025-10-29T19:50:17.050000Z,KAPA,Centennial Airport,0.86,2025-12-01T00:00:37.220000Z,adsbexchange-samples|airplanes-live,ONLY_ON_AIRPLANES_LIVE,HELD_BY_ADSBEXCHANGE-SAMPLES,32,yes,yes,GAP -- aircraft unobserved for 32 day(s) between these two fields; intermediate stops are possible and are NOT ruled out,
N582MM,2025-10-29,2025-10-30,1,KRNO,Reno Tahoe International Airport,0.4,2025-10-29T21:12:14.110000Z,KBAZ,New Braunfels National Airport,0.4,2025-10-30T00:03:10.460000Z,airplanes-live,ONLY_ON_AIRPLANES_LIVE,ONLY_ON_AIRPLANES_LIVE,0,yes,yes,overnight,
N102DZ,2025-10-30,2025-12-01,32,KSDL,Scottsdale Airport,0.9,2025-10-30T05:12:35.220000Z,KPBI,President Donald J. Trump International Airport,0.48,2025-12-01T00:45:56.620000Z,adsbexchange-samples|airplanes-live,ONLY_ON_AIRPLANES_LIVE,HELD_BY_ADSBEXCHANGE-SAMPLES,31,yes,yes,GAP -- aircraft unobserved for 31 day(s) between these two fields; intermediate stops are possible and are NOT ruled out,
N582MM,2025-10-30,2025-10-30,0,KBAZ,New Braunfels National Airport,0.4,2025-10-30T00:43:26.500000Z,KORL,Orlando Executive Airport,0.47,2025-10-30T02:53:06.490000Z,airplanes-live,ONLY_ON_AIRPLANES_LIVE,ONLY_ON_AIRPLANES_LIVE,0,yes,no,direct,
N582MM,2025-10-30,2025-10-30,0,KORL,Orlando Executive Airport,0.43,2025-10-30T12:17:07.100000Z,KAUS,Austin Bergstrom International Airport,1.08,2025-10-30T23:06:52.080000Z,airplanes-live,ONLY_ON_AIRPLANES_LIVE,ONLY_ON_AIRPLANES_LIVE,0,yes,no,direct,
N582MM,2025-10-30,2025-10-31,1,KAUS,Austin Bergstrom International Airport,1.08,2025-10-30T23:52:02.840000Z,KSAN,San Diego International Airport,0.04,2025-10-31T02:42:35.470000Z,airplanes-live,ONLY_ON_AIRPLANES_LIVE,ONLY_ON_AIRPLANES_LIVE,0,yes,yes,overnight,
N872RA,2025-10-30,2025-10-30,0,KSNA,John Wayne Orange County International Airport,0.68,2025-10-30T16:58:05.390000Z,KLAS,Harry Reid International Airport,1.51,2025-10-30T19:46:09.370000Z,airplanes-live,ONLY_ON_AIRPLANES_LIVE,ONLY_ON_AIRPLANES_LIVE,0,yes,no,direct,
N872RA,2025-10-30,2025-10-31,1,KLAS,Harry Reid International Airport,1.51,2025-10-30T19:49:40.180000Z,KRNO,Reno Tahoe International Airport,0.21,2025-10-31T02:40:37.020000Z,airplanes-live,ONLY_ON_AIRPLANES_LIVE,ONLY_ON_AIRPLANES_LIVE,0,yes,yes,overnight,
CONTROL-LUFTHANSA,2025-10-31,2025-10-31,0,EDDS,Stuttgart Airport,0.82,2025-10-31T06:00:42.820000Z,EDDF,Frankfurt Main Airport,2.06,2025-10-31T07:10:20.970000Z,airplanes-live,ONLY_ON_AIRPLANES_LIVE,ONLY_ON_AIRPLANES_LIVE,0,yes,no,direct,
CONTROL-LUFTHANSA,2025-10-31,2025-10-31,0,EDDF,Frankfurt Main Airport,2.06,2025-10-31T07:18:08.410000Z,EDDH,Hamburg Helmut Schmidt Airport,0.73,2025-10-31T08:03:10.970000Z,airplanes-live,ONLY_ON_AIRPLANES_LIVE,ONLY_ON_AIRPLANES_LIVE,0,yes,no,direct,
CONTROL-LUFTHANSA,2025-10-31,2025-10-31,0,EDDH,Hamburg Helmut Schmidt Airport,0.73,2025-10-31T08:06:10.930000Z,EDDF,Frankfurt Main Airport,1.89,2025-10-31T09:56:16.580000Z,airplanes-live,ONLY_ON_AIRPLANES_LIVE,ONLY_ON_AIRPLANES_LIVE,0,yes,no,direct,
CONTROL-LUFTHANSA,2025-10-31,2025-10-31,0,EDDF,Frankfurt Main Airport,2.17,2025-10-31T15:31:23.560000Z,LFBO,Toulouse-Blagnac Airport,0.3,2025-10-31T17:12:55.950000Z,airplanes-live,ONLY_ON_AIRPLANES_LIVE,ONLY_ON_AIRPLANES_LIVE,0,yes,no,direct,
CONTROL-LUFTHANSA,2025-10-31,2025-10-31,0,LFBO,Toulouse-Blagnac Airport,0.3,2025-10-31T17:56:05.650000Z,EDDF,Frankfurt Main Airport,1.57,2025-10-31T19:34:57.630000Z,airplanes-live,ONLY_ON_AIRPLANES_LIVE,ONLY_ON_AIRPLANES_LIVE,0,yes,no,direct,
N560TW,2025-10-31,2026-04-28,179,KAUO,Auburn University Regional Airport,0.1,2025-10-31T20:05:17.660000Z,KSDL,Scottsdale Airport,0.72,2026-04-28T14:28:00.970000Z,airplanes-live,ONLY_ON_AIRPLANES_LIVE,HELD_BY_AIRPLANES-LIVE,178,yes,yes,GAP -- aircraft unobserved for 178 day(s) between these two fields; intermediate stops are possible and are NOT ruled out,
N872RA,2025-10-31,2025-10-31,0,KRNO,Reno Tahoe International Airport,0.46,2025-10-31T18:43:40.030000Z,KSDL,Scottsdale Airport,0.49,2025-10-31T20:07:30.010000Z,airplanes-live,ONLY_ON_AIRPLANES_LIVE,ONLY_ON_AIRPLANES_LIVE,0,yes,no,direct,
N872RA,2025-10-31,2025-10-31,0,KSDL,Scottsdale Airport,0.49,2025-10-31T20:09:11.440000Z,KDVT,Phoenix Deer Valley Airport,0.27,2025-10-31T21:18:07.430000Z,airplanes-live,ONLY_ON_AIRPLANES_LIVE,ONLY_ON_AIRPLANES_LIVE,0,yes,no,direct,
N582MM,2025-11-01,2025-11-01,0,KSAN,San Diego International Airport,1.09,2025-11-01T03:21:42.720000Z,KAUS,Austin Bergstrom International Airport,0.67,2025-11-01T05:47:19.730000Z,adsbexchange-samples,HELD_BY_ADSBEXCHANGE-SAMPLES,HELD_BY_ADSBEXCHANGE-SAMPLES,0,yes,no,direct,
N582MM,2025-11-01,2025-11-01,0,KAUS,Austin Bergstrom International Airport,1.53,2025-11-01T19:24:09.010000Z,KTMB,Miami Executive Airport,0.77,2025-11-01T21:32:51.280000Z,adsbexchange-samples,HELD_BY_ADSBEXCHANGE-SAMPLES,HELD_BY_ADSBEXCHANGE-SAMPLES,0,yes,no,direct,
N872RA,2025-11-01,2025-11-01,0,KDVT,Phoenix Deer Valley Airport,1.04,2025-11-01T03:52:40.350000Z,KEUG,Eugene Airport,0.65,2025-11-01T06:23:58.580000Z,adsbexchange-samples,HELD_BY_ADSBEXCHANGE-SAMPLES,HELD_BY_ADSBEXCHANGE-SAMPLES,0,yes,no,direct,
N872RA,2025-11-01,2025-11-01,0,KEUG,Eugene Airport,0.49,2025-11-01T19:16:09.790000Z,KMRY,Monterey Regional Airport,1.03,2025-11-01T20:39:37.460000Z,adsbexchange-samples,HELD_BY_ADSBEXCHANGE-SAMPLES,HELD_BY_ADSBEXCHANGE-SAMPLES,0,yes,no,direct,
N872RA,2025-11-01,2025-12-01,30,KMRY,Monterey Regional Airport,1.03,2025-11-01T23:33:03.450000Z,KRNO,Reno Tahoe International Airport,0.33,2025-12-01T01:51:09.790000Z,adsbexchange-samples,HELD_BY_ADSBEXCHANGE-SAMPLES,HELD_BY_ADSBEXCHANGE-SAMPLES,29,yes,yes,GAP -- aircraft unobserved for 29 day(s) between these two fields; intermediate stops are possible and are NOT ruled out,
N888KG,2025-11-01,2026-02-01,92,KPVU,Provo Municipal Airport,0.19,2025-11-01T20:14:28.870000Z,KTUS,Tucson International Airport,1.79,2026-02-01T16:48:16.660000Z,adsbexchange-samples,HELD_BY_ADSBEXCHANGE-SAMPLES,HELD_BY_ADSBEXCHANGE-SAMPLES,91,yes,yes,GAP -- aircraft unobserved for 91 day(s) between these two fields; intermediate stops are possible and are NOT ruled out,
N102DZ,2025-12-01,2026-04-01,121,KPBI,President Donald J. Trump International Airport,0.48,2025-12-01T01:09:52.670000Z,KSDL,Scottsdale Airport,0.53,2026-04-01T22:39:00.610000Z,adsbexchange-samples,HELD_BY_ADSBEXCHANGE-SAMPLES,HELD_BY_ADSBEXCHANGE-SAMPLES,120,yes,yes,GAP -- aircraft unobserved for 120 day(s) between these two fields; intermediate stops are possible and are NOT ruled out,
N2100L,2025-12-01,2025-12-01,0,KAUS,Austin Bergstrom International Airport,1.27,2025-12-01T17:06:31.880000Z,KBIF,Biggs Army Air Field (Fort Bliss),0.97,2025-12-01T21:49:48.490000Z,adsbexchange-samples,HELD_BY_ADSBEXCHANGE-SAMPLES,HELD_BY_ADSBEXCHANGE-SAMPLES,0,yes,no,direct,
N40JD,2025-12-01,2025-12-01,0,KAPA,Centennial Airport,0.86,2025-12-01T00:09:22.520000Z,KPVU,Provo Municipal Airport,0.27,2025-12-01T01:22:02.740000Z,adsbexchange-samples,HELD_BY_ADSBEXCHANGE-SAMPLES,HELD_BY_ADSBEXCHANGE-SAMPLES,0,yes,no,direct,
N40JD,2025-12-01,2025-12-01,0,KPVU,Provo Municipal Airport,0.27,2025-12-01T02:04:08.880000Z,KTUS,Tucson International Airport,1.5,2025-12-01T03:25:07.910000Z,adsbexchange-samples,HELD_BY_ADSBEXCHANGE-SAMPLES,HELD_BY_ADSBEXCHANGE-SAMPLES,0,yes,no,direct,
N40JD,2025-12-01,2025-12-01,0,KTUS,Tucson International Airport,1.5,2025-12-01T04:29:31.010000Z,KLAS,Harry Reid International Airport,1.5,2025-12-01T18:48:05.400000Z,adsbexchange-samples,HELD_BY_ADSBEXCHANGE-SAMPLES,HELD_BY_ADSBEXCHANGE-SAMPLES,0,yes,no,direct,
N40JD,2025-12-01,2026-02-01,62,KLAS,Harry Reid International Airport,1.5,2025-12-01T22:00:28.340000Z,KSDL,Scottsdale Airport,0.57,2026-02-01T12:33:02.790000Z,adsbexchange-samples,HELD_BY_ADSBEXCHANGE-SAMPLES,HELD_BY_ADSBEXCHANGE-SAMPLES,61,yes,yes,GAP -- aircraft unobserved for 61 day(s) between these two fields; intermediate stops are possible and are NOT ruled out,
N872RA,2025-12-01,2025-12-01,0,KRNO,Reno Tahoe International Airport,0.31,2025-12-01T17:58:43.060000Z,KTRK,Truckee Tahoe Airport,0.41,2025-12-01T18:51:55.960000Z,adsbexchange-samples,HELD_BY_ADSBEXCHANGE-SAMPLES,HELD_BY_ADSBEXCHANGE-SAMPLES,0,yes,no,direct,
N872RA,2025-12-01,2025-12-01,0,KTRK,Truckee Tahoe Airport,0.41,2025-12-01T19:48:47.670000Z,KHWD,Hayward Executive Airport,0.5,2025-12-01T20:33:48.060000Z,adsbexchange-samples,HELD_BY_ADSBEXCHANGE-SAMPLES,HELD_BY_ADSBEXCHANGE-SAMPLES,0,yes,no,direct,
N872RA,2025-12-01,2025-12-01,0,KHWD,Hayward Executive Airport,0.5,2025-12-01T20:55:23.210000Z,KCRQ,McClellan-Palomar Airport,0.22,2025-12-01T22:02:40.960000Z,adsbexchange-samples,HELD_BY_ADSBEXCHANGE-SAMPLES,HELD_BY_ADSBEXCHANGE-SAMPLES,0,yes,no,direct,
N872RA,2025-12-01,2026-01-01,31,KCRQ,McClellan-Palomar Airport,0.51,2025-12-01T23:24:55.490000Z,KSNA,John Wayne Orange County International Airport,0.51,2026-01-01T19:47:29.710000Z,adsbexchange-samples,HELD_BY_ADSBEXCHANGE-SAMPLES,HELD_BY_ADSBEXCHANGE-SAMPLES,30,yes,yes,GAP -- aircraft unobserved for 30 day(s) between these two fields; intermediate stops are possible and are NOT ruled out,
N872RA,2026-01-01,2026-01-01,0,KSNA,John Wayne Orange County International Airport,0.51,2026-01-01T20:09:35.780000Z,KFAT,Fresno Yosemite International Airport,1.03,2026-01-01T20:56:43.630000Z,adsbexchange-samples,HELD_BY_ADSBEXCHANGE-SAMPLES,HELD_BY_ADSBEXCHANGE-SAMPLES,0,yes,no,direct,
N872RA,2026-01-01,2026-02-01,31,KFAT,Fresno Yosemite International Airport,1.03,2026-01-01T22:19:54.240000Z,KRNO,Reno Tahoe International Airport,1.52,2026-02-01T00:12:46.330000Z,adsbexchange-samples,HELD_BY_ADSBEXCHANGE-SAMPLES,HELD_BY_ADSBEXCHANGE-SAMPLES,30,yes,yes,GAP -- aircraft unobserved for 30 day(s) between these two fields; intermediate stops are possible and are NOT ruled out,
T7-ELL,2026-01-01,2026-01-01,0,OMDW,Al Maktoum International Airport,1.45,2026-01-01T09:00:45.030000Z,EFRO,Rovaniemi Airport,0.31,2026-01-01T16:51:35.380000Z,adsbexchange-samples,HELD_BY_ADSBEXCHANGE-SAMPLES,HELD_BY_ADSBEXCHANGE-SAMPLES,0,yes,no,direct,
T7-ELL,2026-01-01,2026-02-01,31,EFRO,Rovaniemi Airport,0.31,2026-01-01T16:56:29.320000Z,OMDW,Al Maktoum International Airport,1.32,2026-02-01T06:59:14.190000Z,adsbexchange-samples,HELD_BY_ADSBEXCHANGE-SAMPLES,HELD_BY_ADSBEXCHANGE-SAMPLES,30,yes,yes,GAP -- aircraft unobserved for 30 day(s) between these two fields; intermediate stops are possible and are NOT ruled out,
N40JD,2026-02-01,2026-02-01,0,KSDL,Scottsdale Airport,0.57,2026-02-01T12:44:10.310000Z,KCGZ,Casa Grande Municipal Airport,0.11,2026-02-01T13:33:37.070000Z,adsbexchange-samples,HELD_BY_ADSBEXCHANGE-SAMPLES,HELD_BY_ADSBEXCHANGE-SAMPLES,0,yes,no,direct,
N40JD,2026-02-01,2026-02-01,0,KCGZ,Casa Grande Municipal Airport,0.11,2026-02-01T13:33:38.810000Z,KSDL,Scottsdale Airport,0.13,2026-02-01T14:19:25.300000Z,adsbexchange-samples,HELD_BY_ADSBEXCHANGE-SAMPLES,HELD_BY_ADSBEXCHANGE-SAMPLES,0,yes,no,direct,
N40JD,2026-02-01,2026-02-01,0,KSDL,Scottsdale Airport,0.13,2026-02-01T14:21:45.830000Z,KLAS,Harry Reid International Airport,0.67,2026-02-01T19:51:38.790000Z,adsbexchange-samples,HELD_BY_ADSBEXCHANGE-SAMPLES,HELD_BY_ADSBEXCHANGE-SAMPLES,0,yes,no,direct,
N40JD,2026-02-01,2026-04-01,59,KLAS,Harry Reid International Airport,0.67,2026-02-01T21:01:25.370000Z,KSDL,Scottsdale Airport,0.2,2026-04-01T23:04:33.630000Z,adsbexchange-samples,HELD_BY_ADSBEXCHANGE-SAMPLES,HELD_BY_ADSBEXCHANGE-SAMPLES,58,yes,yes,GAP -- aircraft unobserved for 58 day(s) between these two fields; intermediate stops are possible and are NOT ruled out,
N872RA,2026-02-01,2026-02-01,0,KRNO,Reno Tahoe International Airport,1.52,2026-02-01T00:34:27.480000Z,KSNA,John Wayne Orange County International Airport,0.15,2026-02-01T01:44:57.890000Z,adsbexchange-samples,HELD_BY_ADSBEXCHANGE-SAMPLES,HELD_BY_ADSBEXCHANGE-SAMPLES,0,yes,no,direct,
N872RA,2026-02-01,2026-02-01,0,KSNA,John Wayne Orange County International Airport,0.5,2026-02-01T20:04:01.390000Z,KPSP,Palm Springs International Airport,1.33,2026-02-01T21:30:12.460000Z,adsbexchange-samples,HELD_BY_ADSBEXCHANGE-SAMPLES,HELD_BY_ADSBEXCHANGE-SAMPLES,0,yes,no,direct,
N872RA,2026-02-01,2026-02-01,0,KPSP,Palm Springs International Airport,1.33,2026-02-01T21:33:18.900000Z,KBZN,Bozeman Yellowstone International Airport,0.43,2026-02-01T23:26:02.860000Z,adsbexchange-samples,HELD_BY_ADSBEXCHANGE-SAMPLES,HELD_BY_ADSBEXCHANGE-SAMPLES,0,yes,no,direct,
N872RA,2026-02-01,2026-03-01,28,KBZN,Bozeman Yellowstone International Airport,0.43,2026-02-01T23:28:39.040000Z,KSNA,John Wayne Orange County International Airport,0.48,2026-03-01T18:14:07.090000Z,adsbexchange-samples,HELD_BY_ADSBEXCHANGE-SAMPLES,HELD_BY_ADSBEXCHANGE-SAMPLES,27,yes,yes,GAP -- aircraft unobserved for 27 day(s) between these two fields; intermediate stops are possible and are NOT ruled out,
N888KG,2026-02-01,2026-04-25,83,KTUS,Tucson International Airport,1.79,2026-02-01T16:48:20.250000Z,KPVU,Provo Municipal Airport,0.16,2026-04-25T17:46:43.300000Z,adsbexchange-samples|airplanes-live,HELD_BY_ADSBEXCHANGE-SAMPLES,HELD_BY_AIRPLANES-LIVE,82,yes,yes,GAP -- aircraft unobserved for 82 day(s) between these two fields; intermediate stops are possible and are NOT ruled out,
N872RA,2026-03-01,2026-03-01,0,KSNA,John Wayne Orange County International Airport,0.48,2026-03-01T18:31:03.680000Z,KGUC,Gunnison Crested Butte Regional Airport,0.52,2026-03-01T20:13:44.290000Z,adsbexchange-samples,HELD_BY_ADSBEXCHANGE-SAMPLES,HELD_BY_ADSBEXCHANGE-SAMPLES,0,yes,no,direct,
N872RA,2026-03-01,2026-03-01,0,KGUC,Gunnison Crested Butte Regional Airport,1.08,2026-03-01T21:36:25.330000Z,KLAX,Los Angeles International Airport,1.11,2026-03-01T23:27:38.290000Z,adsbexchange-samples,HELD_BY_ADSBEXCHANGE-SAMPLES,HELD_BY_ADSBEXCHANGE-SAMPLES,0,yes,no,direct,
N872RA,2026-03-01,2026-04-01,31,KLAX,Los Angeles International Airport,1.11,2026-03-01T23:59:35.730000Z,KSAT,San Antonio International Airport,0.27,2026-04-01T00:34:51.030000Z,adsbexchange-samples,HELD_BY_ADSBEXCHANGE-SAMPLES,HELD_BY_ADSBEXCHANGE-SAMPLES,30,yes,yes,GAP -- aircraft unobserved for 30 day(s) between these two fields; intermediate stops are possible and are NOT ruled out,
N102DZ,2026-04-01,2026-04-25,24,KSDL,Scottsdale Airport,0.53,2026-04-01T22:47:04.130000Z,KTEB,Teterboro Airport,0.54,2026-04-25T03:14:16.720000Z,adsbexchange-samples|airplanes-live,HELD_BY_ADSBEXCHANGE-SAMPLES,HELD_BY_AIRPLANES-LIVE,23,yes,yes,GAP -- aircraft unobserved for 23 day(s) between these two fields; intermediate stops are possible and are NOT ruled out,
N1098L,2026-04-01,2026-04-01,0,KGRK,Killeen Regional Airport / Robert Gray Army Airfield,0.19,2026-04-01T18:56:04.870000Z,KBIF,Biggs Army Air Field (Fort Bliss),1.33,2026-04-01T20:21:56.940000Z,adsbexchange-samples,HELD_BY_ADSBEXCHANGE-SAMPLES,HELD_BY_ADSBEXCHANGE-SAMPLES,0,yes,no,direct,
N1098L,2026-04-01,2026-04-27,26,KBIF,Biggs Army Air Field (Fort Bliss),1.29,2026-04-01T22:08:40.650000Z,KGRK,Killeen Regional Airport / Robert Gray Army Airfield,0.1,2026-04-27T18:52:34.370000Z,adsbexchange-samples|airplanes-live,HELD_BY_ADSBEXCHANGE-SAMPLES,HELD_BY_AIRPLANES-LIVE,25,yes,yes,GAP -- aircraft unobserved for 25 day(s) between these two fields; intermediate stops are possible and are NOT ruled out,
N872RA,2026-04-01,2026-04-25,24,KSAT,San Antonio International Airport,0.31,2026-04-01T22:47:37.280000Z,KSNA,John Wayne Orange County International Airport,0.39,2026-04-25T00:40:10.800000Z,adsbexchange-samples|airplanes-live,HELD_BY_ADSBEXCHANGE-SAMPLES,HELD_BY_AIRPLANES-LIVE,23,yes,yes,GAP -- aircraft unobserved for 23 day(s) between these two fields; intermediate stops are possible and are NOT ruled out,
N102DZ,2026-04-25,2026-04-25,0,KTEB,Teterboro Airport,0.54,2026-04-25T03:46:38.650000Z,KBAZ,New Braunfels National Airport,0.58,2026-04-25T07:05:26.750000Z,airplanes-live,HELD_BY_AIRPLANES-LIVE,HELD_BY_AIRPLANES-LIVE,0,yes,no,direct,
N102DZ,2026-04-26,2026-04-26,0,KBAZ,New Braunfels National Airport,0.28,2026-04-26T14:22:44.370000Z,KPBI,President Donald J. Trump International Airport,0.88,2026-04-26T16:24:56.850000Z,airplanes-live,HELD_BY_AIRPLANES-LIVE,HELD_BY_AIRPLANES-LIVE,0,yes,no,direct,
N102DZ,2026-04-26,2026-04-30,4,KPBI,President Donald J. Trump International Airport,1.08,2026-04-26T18:02:03.100000Z,KVNY,Van Nuys Airport,0.41,2026-04-30T00:41:00.690000Z,airplanes-live,HELD_BY_AIRPLANES-LIVE,HELD_BY_AIRPLANES-LIVE,3,yes,yes,GAP -- aircraft unobserved for 3 day(s) between these two fields; intermediate stops are possible and are NOT ruled out,
N872RA,2026-04-26,2026-04-26,0,KSNA,John Wayne Orange County International Airport,0.21,2026-04-26T18:12:05.990000Z,KTUS,Tucson International Airport,1.5,2026-04-26T20:09:00.140000Z,airplanes-live,HELD_BY_AIRPLANES-LIVE,HELD_BY_AIRPLANES-LIVE,0,yes,no,direct,
N872RA,2026-04-26,2026-04-26,0,KTUS,Tucson International Airport,1.5,2026-04-26T20:09:03.140000Z,KSNA,John Wayne Orange County International Airport,0.56,2026-04-26T21:26:20.550000Z,airplanes-live,HELD_BY_AIRPLANES-LIVE,HELD_BY_AIRPLANES-LIVE,0,yes,no,direct,
N872RA,2026-04-26,2026-04-26,0,KSNA,John Wayne Orange County International Airport,0.56,2026-04-26T22:14:14.490000Z,KPRB,Paso Robles Municipal Airport,0.37,2026-04-26T23:38:51.730000Z,airplanes-live,HELD_BY_AIRPLANES-LIVE,HELD_BY_AIRPLANES-LIVE,0,yes,no,direct,
N872RA,2026-04-26,2026-04-27,1,KPRB,Paso Robles Municipal Airport,0.37,2026-04-26T23:39:08.750000Z,KRNO,Reno Tahoe International Airport,0.28,2026-04-27T00:19:41.440000Z,airplanes-live,HELD_BY_AIRPLANES-LIVE,HELD_BY_AIRPLANES-LIVE,0,yes,yes,overnight,
N1098L,2026-04-27,2026-05-01,4,KGRK,Killeen Regional Airport / Robert Gray Army Airfield,0.1,2026-04-27T18:52:34.370000Z,KBIF,Biggs Army Air Field (Fort Bliss),1.01,2026-05-01T17:14:42.240000Z,adsbexchange-samples|airplanes-live,HELD_BY_AIRPLANES-LIVE,HELD_BY_ADSBEXCHANGE-SAMPLES+AIRPLANES-LIVE,3,yes,yes,GAP -- aircraft unobserved for 3 day(s) between these two fields; intermediate stops are possible and are NOT ruled out,
N872RA,2026-04-27,2026-04-27,0,KRNO,Reno Tahoe International Airport,0.28,2026-04-27T01:10:18.930000Z,KSNA,John Wayne Orange County International Airport,0.3,2026-04-27T02:27:45.330000Z,airplanes-live,HELD_BY_AIRPLANES-LIVE,HELD_BY_AIRPLANES-LIVE,0,yes,no,direct,
N872RA,2026-04-27,2026-04-27,0,KSNA,John Wayne Orange County International Airport,0.3,2026-04-27T02:30:13.380000Z,KUDD,Bermuda Dunes Airport,0.48,2026-04-27T14:39:08.490000Z,airplanes-live,HELD_BY_AIRPLANES-LIVE,HELD_BY_AIRPLANES-LIVE,0,yes,no,direct,
N872RA,2026-04-27,2026-04-27,0,KUDD,Bermuda Dunes Airport,0.55,2026-04-27T17:18:01.370000Z,KSAN,San Diego International Airport,0.29,2026-04-27T21:48:59.830000Z,airplanes-live,HELD_BY_AIRPLANES-LIVE,HELD_BY_AIRPLANES-LIVE,0,yes,no,direct,
N872RA,2026-04-27,2026-04-28,1,KSAN,San Diego International Airport,1.11,2026-04-27T23:03:10.090000Z,KMHR,Sacramento Mather Airport,0.76,2026-04-28T00:13:35.040000Z,airplanes-live,HELD_BY_AIRPLANES-LIVE,HELD_BY_AIRPLANES-LIVE,0,yes,yes,overnight,
N872RA,2026-04-28,2026-04-28,0,KMHR,Sacramento Mather Airport,0.76,2026-04-28T00:54:48.730000Z,KSNA,John Wayne Orange County International Airport,0.27,2026-04-28T02:01:33.420000Z,airplanes-live,HELD_BY_AIRPLANES-LIVE,HELD_BY_AIRPLANES-LIVE,0,yes,no,direct,
N872RA,2026-04-28,2026-04-29,1,KSNA,John Wayne Orange County International Airport,0.45,2026-04-28T23:11:57.130000Z,KHOU,William P. Hobby Airport,0.57,2026-04-29T01:59:03.980000Z,airplanes-live,HELD_BY_AIRPLANES-LIVE,HELD_BY_AIRPLANES-LIVE,0,yes,yes,overnight,
N872RA,2026-04-29,2026-04-29,0,KHOU,William P. Hobby Airport,0.57,2026-04-29T01:59:03.980000Z,KRDU,Raleigh-Durham International Airport,0.97,2026-04-29T06:17:38.170000Z,airplanes-live,HELD_BY_AIRPLANES-LIVE,HELD_BY_AIRPLANES-LIVE,0,yes,no,direct,
N872RA,2026-04-29,2026-04-29,0,KRDU,Raleigh-Durham International Airport,0.97,2026-04-29T06:17:40.250000Z,KOKC,OKC Will Rogers World Airport,0.84,2026-04-29T22:57:45.550000Z,airplanes-live,HELD_BY_AIRPLANES-LIVE,HELD_BY_AIRPLANES-LIVE,0,yes,no,direct,
N872RA,2026-04-29,2026-04-30,1,KOKC,OKC Will Rogers World Airport,0.84,2026-04-29T23:38:47.770000Z,KIWA,Mesa Gateway Airport,0.64,2026-04-30T02:09:23.770000Z,airplanes-live,HELD_BY_AIRPLANES-LIVE,HELD_BY_AIRPLANES-LIVE,0,yes,yes,overnight,
N102DZ,2026-04-30,2026-04-30,0,KVNY,Van Nuys Airport,0.51,2026-04-30T17:33:50.690000Z,KTEB,Teterboro Airport,0.6,2026-04-30T21:58:34.990000Z,airplanes-live,HELD_BY_AIRPLANES-LIVE,HELD_BY_AIRPLANES-LIVE,0,yes,no,direct,
N560TW,2026-04-30,2026-04-30,0,KSDL,Scottsdale Airport,0.71,2026-04-30T17:07:46.310000Z,KABQ,Albuquerque International Sunport,0.32,2026-04-30T17:54:09.240000Z,airplanes-live,HELD_BY_AIRPLANES-LIVE,HELD_BY_AIRPLANES-LIVE,0,yes,no,direct,
N560TW,2026-04-30,2026-04-30,0,KABQ,Albuquerque International Sunport,0.46,2026-04-30T19:59:13.690000Z,KHND,Henderson Executive Airport,1.08,2026-04-30T21:22:41.120000Z,airplanes-live,HELD_BY_AIRPLANES-LIVE,HELD_BY_AIRPLANES-LIVE,0,yes,no,direct,
N560TW,2026-04-30,2026-05-03,3,KHND,Henderson Executive Airport,1.08,2026-04-30T22:36:24.530000Z,KSDL,Scottsdale Airport,0.41,2026-05-03T15:59:29.730000Z,airplanes-live,HELD_BY_AIRPLANES-LIVE,HELD_BY_AIRPLANES-LIVE,2,yes,yes,GAP -- aircraft unobserved for 2 day(s) between these two fields; intermediate stops are possible and are NOT ruled out,
N872RA,2026-04-30,2026-04-30,0,KIWA,Mesa Gateway Airport,1.41,2026-04-30T17:56:45.180000Z,KAPA,Centennial Airport,0.14,2026-04-30T19:09:37.940000Z,airplanes-live,HELD_BY_AIRPLANES-LIVE,HELD_BY_AIRPLANES-LIVE,0,yes,no,direct,
N872RA,2026-04-30,2026-04-30,0,KAPA,Centennial Airport,0.88,2026-04-30T21:52:05.990000Z,KSLC,Salt Lake City International Airport,1.69,2026-04-30T22:55:47.890000Z,airplanes-live,HELD_BY_AIRPLANES-LIVE,HELD_BY_AIRPLANES-LIVE,0,yes,no,direct,
N1098L,2026-05-01,2026-05-01,0,KBIF,Biggs Army Air Field (Fort Bliss),0.41,2026-05-01T20:29:14.400000Z,KTUL,Tulsa International Airport,0.53,2026-05-01T23:53:16.290000Z,adsbexchange-samples,HELD_BY_ADSBEXCHANGE-SAMPLES+AIRPLANES-LIVE,HELD_BY_ADSBEXCHANGE-SAMPLES+AIRPLANES-LIVE,0,no,no,direct,
N1098L,2026-05-01,2026-05-04,3,KTUL,Tulsa International Airport,0.53,2026-05-01T23:59:28.310000Z,KFAT,Fresno Yosemite International Airport,0.65,2026-05-04T17:37:26.510000Z,adsbexchange-samples|airplanes-live,HELD_BY_ADSBEXCHANGE-SAMPLES+AIRPLANES-LIVE,HELD_BY_AIRPLANES-LIVE,2,yes,yes,GAP -- aircraft unobserved for 2 day(s) between these two fields; intermediate stops are possible and are NOT ruled out,
N2100L,2026-05-01,2026-05-04,3,KBIF,Biggs Army Air Field (Fort Bliss),0.33,2026-05-01T22:11:56.410000Z,KELP,El Paso International Airport,1.98,2026-05-04T21:59:43.990000Z,adsbexchange-samples|airplanes-live,HELD_BY_ADSBEXCHANGE-SAMPLES+AIRPLANES-LIVE,HELD_BY_AIRPLANES-LIVE,2,yes,yes,GAP -- aircraft unobserved for 2 day(s) between these two fields; intermediate stops are possible and are NOT ruled out,
N872RA,2026-05-01,2026-05-01,0,KSLC,Salt Lake City International Airport,2.34,2026-05-01T01:51:59.980000Z,KTIW,Tacoma Narrows Airport,0.14,2026-05-01T03:28:28.340000Z,adsbexchange-samples|airplanes-live,HELD_BY_ADSBEXCHANGE-SAMPLES+AIRPLANES-LIVE,HELD_BY_ADSBEXCHANGE-SAMPLES+AIRPLANES-LIVE,0,no,no,direct,
N872RA,2026-05-01,2026-05-01,0,KTIW,Tacoma Narrows Airport,0.14,2026-05-01T04:06:00.940000Z,KSNA,John Wayne Orange County International Airport,0.4,2026-05-01T06:18:16.550000Z,adsbexchange-samples|airplanes-live,HELD_BY_ADSBEXCHANGE-SAMPLES+AIRPLANES-LIVE,HELD_BY_ADSBEXCHANGE-SAMPLES+AIRPLANES-LIVE,0,no,no,direct,
N872RA,2026-05-01,2026-05-01,0,KSNA,John Wayne Orange County International Airport,0.6,2026-05-01T15:32:34.440000Z,KDRO,Durango La Plata County Airport,0.84,2026-05-01T18:37:43.680000Z,adsbexchange-samples|airplanes-live,HELD_BY_ADSBEXCHANGE-SAMPLES+AIRPLANES-LIVE,HELD_BY_ADSBEXCHANGE-SAMPLES+AIRPLANES-LIVE,0,no,no,direct,
N872RA,2026-05-01,2026-05-01,0,KDRO,Durango La Plata County Airport,0.84,2026-05-01T19:21:12.030000Z,KSNA,John Wayne Orange County International Airport,0.2,2026-05-01T20:56:46.940000Z,adsbexchange-samples|airplanes-live,HELD_BY_ADSBEXCHANGE-SAMPLES+AIRPLANES-LIVE,HELD_BY_ADSBEXCHANGE-SAMPLES+AIRPLANES-LIVE,0,no,no,direct,
N872RA,2026-05-01,2026-05-01,0,KSNA,John Wayne Orange County International Airport,0.62,2026-05-01T22:34:09.660000Z,KHND,Henderson Executive Airport,0.5,2026-05-01T23:19:12.070000Z,adsbexchange-samples|airplanes-live,HELD_BY_ADSBEXCHANGE-SAMPLES+AIRPLANES-LIVE,HELD_BY_ADSBEXCHANGE-SAMPLES+AIRPLANES-LIVE,0,no,no,direct,
T7-ELL,2026-05-01,2026-05-02,1,OMDW,Al Maktoum International Airport,1.4,2026-05-01T08:29:07.850000Z,MMUN,Cancún International Airport,1.03,2026-05-02T17:31:30.490000Z,adsbexchange-samples|airplanes-live,HELD_BY_ADSBEXCHANGE-SAMPLES+AIRPLANES-LIVE,HELD_BY_AIRPLANES-LIVE,0,yes,yes,overnight,
N102DZ,2026-05-02,2026-05-03,1,KTEB,Teterboro Airport,0.11,2026-05-02T19:21:31.540000Z,KBOS,Boston Logan International Airport,0.39,2026-05-03T17:55:09.060000Z,airplanes-live,HELD_BY_AIRPLANES-LIVE,HELD_BY_AIRPLANES-LIVE,0,yes,yes,overnight,
N872RA,2026-05-02,2026-05-03,1,KHND,Henderson Executive Airport,1.1,2026-05-02T22:38:38.170000Z,KSNA,John Wayne Orange County International Airport,0.21,2026-05-03T15:53:24.260000Z,airplanes-live,HELD_BY_AIRPLANES-LIVE,HELD_BY_AIRPLANES-LIVE,0,yes,yes,overnight,
T7-ELL,2026-05-02,2026-05-23,21,MMUN,Cancún International Airport,1.13,2026-05-02T21:33:49.470000Z,LGAV,Athens Eleftherios Venizelos International Airport,0.78,2026-05-23T10:13:26.860000Z,airplanes-live,HELD_BY_AIRPLANES-LIVE,HELD_BY_AIRPLANES-LIVE,20,yes,yes,GAP -- aircraft unobserved for 20 day(s) between these two fields; intermediate stops are possible and are NOT ruled out,
N102DZ,2026-05-03,2026-05-04,1,KBOS,Boston Logan International Airport,0.39,2026-05-03T18:41:59.810000Z,KSNA,John Wayne Orange County International Airport,0.14,2026-05-04T01:20:03.290000Z,airplanes-live,HELD_BY_AIRPLANES-LIVE,HELD_BY_AIRPLANES-LIVE,0,yes,yes,overnight,
N560TW,2026-05-03,2026-05-03,0,KSDL,Scottsdale Airport,0.41,2026-05-03T16:08:12.440000Z,KVNY,Van Nuys Airport,0.54,2026-05-03T17:20:31.950000Z,airplanes-live,HELD_BY_AIRPLANES-LIVE,HELD_BY_AIRPLANES-LIVE,0,yes,no,direct,
N560TW,2026-05-03,2026-05-03,0,KVNY,Van Nuys Airport,0.54,2026-05-03T17:47:01.420000Z,KSDL,Scottsdale Airport,0.12,2026-05-03T18:45:58.790000Z,airplanes-live,HELD_BY_AIRPLANES-LIVE,HELD_BY_AIRPLANES-LIVE,0,yes,no,direct,
N872RA,2026-05-03,2026-05-03,0,KSNA,John Wayne Orange County International Airport,0.21,2026-05-03T16:56:55.100000Z,KSBA,Santa Barbara Municipal Airport,1.27,2026-05-03T18:27:59.840000Z,airplanes-live,HELD_BY_AIRPLANES-LIVE,HELD_BY_AIRPLANES-LIVE,0,yes,no,direct,
N872RA,2026-05-03,2026-05-04,1,KSBA,Santa Barbara Municipal Airport,1.27,2026-05-03T18:29:17.610000Z,KBZN,Bozeman Yellowstone International Airport,0.15,2026-05-04T15:52:05.500000Z,airplanes-live,HELD_BY_AIRPLANES-LIVE,HELD_BY_AIRPLANES-LIVE,0,yes,yes,overnight,
N1098L,2026-05-04,2026-05-04,0,KFAT,Fresno Yosemite International Airport,0.65,2026-05-04T18:01:03.750000Z,KELP,El Paso International Airport,2.16,2026-05-04T22:03:01.180000Z,airplanes-live,HELD_BY_AIRPLANES-LIVE,HELD_BY_AIRPLANES-LIVE,0,yes,no,direct,
N1098L,2026-05-04,2026-05-04,0,KELP,El Paso International Airport,2.16,2026-05-04T22:04:22.260000Z,KEGE,Eagle County Regional Airport,0.08,2026-05-04T23:30:42.440000Z,airplanes-live,HELD_BY_AIRPLANES-LIVE,HELD_BY_AIRPLANES-LIVE,0,yes,no,direct,
N1098L,2026-05-04,2026-05-05,1,KEGE,Eagle County Regional Airport,0.08,2026-05-04T23:57:03.020000Z,KBZN,Bozeman Yellowstone International Airport,1.06,2026-05-05T01:04:47.430000Z,airplanes-live,HELD_BY_AIRPLANES-LIVE,HELD_BY_AIRPLANES-LIVE,0,yes,yes,overnight,
N872RA,2026-05-04,2026-05-05,1,KBZN,Bozeman Yellowstone International Airport,1.26,2026-05-04T19:45:38.010000Z,KRNO,Reno Tahoe International Airport,0.19,2026-05-05T01:13:38.340000Z,airplanes-live,HELD_BY_AIRPLANES-LIVE,HELD_BY_AIRPLANES-LIVE,0,yes,yes,overnight,
N102DZ,2026-05-05,2026-05-06,1,KSNA,John Wayne Orange County International Airport,0.76,2026-05-05T23:02:33.220000Z,KVNY,Van Nuys Airport,0.27,2026-05-06T02:04:04.930000Z,airplanes-live,HELD_BY_AIRPLANES-LIVE,HELD_BY_AIRPLANES-LIVE,0,yes,yes,overnight,
N1098L,2026-05-05,2026-05-07,2,KBZN,Bozeman Yellowstone International Airport,1.06,2026-05-05T01:28:15.660000Z,KPVU,Provo Municipal Airport,1.3,2026-05-07T16:06:45.310000Z,airplanes-live,HELD_BY_AIRPLANES-LIVE,HELD_BY_AIRPLANES-LIVE,1,yes,yes,GAP -- aircraft unobserved for 1 day(s) between these two fields; intermediate stops are possible and are NOT ruled out,
N560TW,2026-05-05,2026-05-05,0,KSDL,Scottsdale Airport,0.85,2026-05-05T17:09:03.180000Z,KLAS,Harry Reid International Airport,0.9,2026-05-05T19:55:57.820000Z,airplanes-live,HELD_BY_AIRPLANES-LIVE,HELD_BY_AIRPLANES-LIVE,0,yes,no,direct,
N560TW,2026-05-05,2026-05-05,0,KLAS,Harry Reid International Airport,0.9,2026-05-05T20:22:18.520000Z,KABQ,Albuquerque International Sunport,1.05,2026-05-05T21:31:40.960000Z,airplanes-live,HELD_BY_AIRPLANES-LIVE,HELD_BY_AIRPLANES-LIVE,0,yes,no,direct,
N560TW,2026-05-05,2026-05-05,0,KABQ,Albuquerque International Sunport,1.05,2026-05-05T22:20:49.140000Z,KSDL,Scottsdale Airport,0.11,2026-05-05T23:25:40.800000Z,airplanes-live,HELD_BY_AIRPLANES-LIVE,HELD_BY_AIRPLANES-LIVE,0,yes,no,direct,
N872RA,2026-05-05,2026-05-05,0,KRNO,Reno Tahoe International Airport,0.84,2026-05-05T02:11:29.520000Z,KSNA,John Wayne Orange County International Airport,0.1,2026-05-05T03:26:03.190000Z,airplanes-live,HELD_BY_AIRPLANES-LIVE,HELD_BY_AIRPLANES-LIVE,0,yes,no,direct,
N102DZ,2026-05-06,2026-05-06,0,KVNY,Van Nuys Airport,0.27,2026-05-06T02:14:20.640000Z,KTEB,Teterboro Airport,0.05,2026-05-06T06:34:06.960000Z,airplanes-live,HELD_BY_AIRPLANES-LIVE,HELD_BY_AIRPLANES-LIVE,0,yes,no,direct,
N102DZ,2026-05-06,2026-05-07,1,KTEB,Teterboro Airport,0.59,2026-05-06T21:27:05.680000Z,KVNY,Van Nuys Airport,0.2,2026-05-07T02:48:47.340000Z,airplanes-live,HELD_BY_AIRPLANES-LIVE,HELD_BY_AIRPLANES-LIVE,0,yes,yes,overnight,
N2100L,2026-05-06,2026-05-07,1,KELP,El Paso International Airport,2.55,2026-05-06T22:00:55.860000Z,KSNS,Salinas Municipal Airport,0.15,2026-05-07T01:29:09.550000Z,airplanes-live,HELD_BY_AIRPLANES-LIVE,HELD_BY_AIRPLANES-LIVE,0,yes,yes,overnight,
N872RA,2026-05-06,2026-05-06,0,KSNA,John Wayne Orange County International Airport,0.44,2026-05-06T11:34:20.960000Z,KSAT,San Antonio International Airport,1.33,2026-05-06T14:58:49.680000Z,airplanes-live,HELD_BY_AIRPLANES-LIVE,HELD_BY_AIRPLANES-LIVE,0,yes,no,direct,
N872RA,2026-05-06,2026-05-06,0,KSAT,San Antonio International Airport,1.33,2026-05-06T15:06:28.310000Z,KTUS,Tucson International Airport,0.03,2026-05-06T17:18:33.100000Z,airplanes-live,HELD_BY_AIRPLANES-LIVE,HELD_BY_AIRPLANES-LIVE,0,yes,no,direct,
N872RA,2026-05-06,2026-05-06,0,KTUS,Tucson International Airport,0.03,2026-05-06T17:58:26.310000Z,KSNA,John Wayne Orange County International Airport,0.3,2026-05-06T19:03:01.030000Z,airplanes-live,HELD_BY_AIRPLANES-LIVE,HELD_BY_AIRPLANES-LIVE,0,yes,no,direct,
N102DZ,2026-05-07,2026-05-07,0,KVNY,Van Nuys Airport,0.2,2026-05-07T03:23:23.310000Z,KSDL,Scottsdale Airport,0.41,2026-05-07T04:24:21.690000Z,airplanes-live,HELD_BY_AIRPLANES-LIVE,HELD_BY_AIRPLANES-LIVE,0,yes,no,direct,
N102DZ,2026-05-07,2026-05-07,0,KSDL,Scottsdale Airport,0.94,2026-05-07T17:47:51.170000Z,KNUQ,Moffett Federal Airfield,0.34,2026-05-07T19:13:13.890000Z,airplanes-live,HELD_BY_AIRPLANES-LIVE,HELD_BY_AIRPLANES-LIVE,0,yes,no,direct,
N102DZ,2026-05-07,2026-05-07,0,KNUQ,Moffett Federal Airfield,0.75,2026-05-07T22:16:45.090000Z,KSDL,Scottsdale Airport,0.65,2026-05-07T23:46:33.810000Z,airplanes-live,HELD_BY_AIRPLANES-LIVE,HELD_BY_AIRPLANES-LIVE,0,yes,no,direct,
N1098L,2026-05-07,2026-05-07,0,KPVU,Provo Municipal Airport,1.3,2026-05-07T16:22:11.040000Z,KCOS,City of Colorado Springs Municipal Airport,1.21,2026-05-07T19:27:42.040000Z,airplanes-live,HELD_BY_AIRPLANES-LIVE,HELD_BY_AIRPLANES-LIVE,0,yes,no,direct,
N1098L,2026-05-07,2026-05-08,1,KCOS,City of Colorado Springs Municipal Airport,1.21,2026-05-07T19:37:14.490000Z,KMSO,Missoula Montana Airport,2.98,2026-05-08T01:00:27.030000Z,airplanes-live,HELD_BY_AIRPLANES-LIVE,HELD_BY_AIRPLANES-LIVE,0,yes,yes,overnight,
N2100L,2026-05-07,2026-05-08,1,KSNS,Salinas Municipal Airport,0.15,2026-05-07T01:29:16.140000Z,KBNA,Nashville International Airport,0.1,2026-05-08T17:08:36.210000Z,airplanes-live,HELD_BY_AIRPLANES-LIVE,HELD_BY_AIRPLANES-LIVE,0,yes,yes,overnight,
N872RA,2026-05-07,2026-05-07,0,KSNA,John Wayne Orange County International Airport,0.51,2026-05-07T16:02:10.680000Z,KRAL,Riverside Municipal Airport,0.13,2026-05-07T18:36:09.080000Z,airplanes-live,HELD_BY_AIRPLANES-LIVE,HELD_BY_AIRPLANES-LIVE,0,yes,no,direct,
N872RA,2026-05-07,2026-05-07,0,KRAL,Riverside Municipal Airport,0.48,2026-05-07T20:31:06.290000Z,KPDX,Portland International Airport,1.56,2026-05-07T22:30:44.960000Z,airplanes-live,HELD_BY_AIRPLANES-LIVE,HELD_BY_AIRPLANES-LIVE,0,yes,no,direct,
N872RA,2026-05-07,2026-05-09,2,KPDX,Portland International Airport,1.56,2026-05-07T23:15:05.080000Z,KSDL,Scottsdale Airport,0.66,2026-05-09T00:02:05.380000Z,airplanes-live,HELD_BY_AIRPLANES-LIVE,HELD_BY_AIRPLANES-LIVE,1,yes,yes,GAP -- aircraft unobserved for 1 day(s) between these two fields; intermediate stops are possible and are NOT ruled out,
N1098L,2026-05-08,2026-05-08,0,KMSO,Missoula Montana Airport,2.98,2026-05-08T01:01:09.070000Z,KCOS,City of Colorado Springs Municipal Airport,1.13,2026-05-08T02:40:57.280000Z,airplanes-live,HELD_BY_AIRPLANES-LIVE,HELD_BY_AIRPLANES-LIVE,0,yes,no,direct,
N1098L,2026-05-08,2026-05-11,3,KCOS,City of Colorado Springs Municipal Airport,1.13,2026-05-08T02:51:35.740000Z,KNZY,North Island Naval Air Station-Halsey Field,0.1,2026-05-11T23:41:01.670000Z,airplanes-live,HELD_BY_AIRPLANES-LIVE,HELD_BY_AIRPLANES-LIVE,2,yes,yes,GAP -- aircraft unobserved for 2 day(s) between these two fields; intermediate stops are possible and are NOT ruled out,
N2100L,2026-05-08,2026-05-09,1,KBNA,Nashville International Airport,0.1,2026-05-08T17:12:15.910000Z,KIWA,Mesa Gateway Airport,1.19,2026-05-09T00:54:56.010000Z,airplanes-live,HELD_BY_AIRPLANES-LIVE,HELD_BY_AIRPLANES-LIVE,0,yes,yes,overnight,
N102DZ,2026-05-09,2026-05-09,0,KSDL,Scottsdale Airport,0.72,2026-05-09T04:03:31.020000Z,KVNY,Van Nuys Airport,1.04,2026-05-09T05:03:19.030000Z,airplanes-live,HELD_BY_AIRPLANES-LIVE,HELD_BY_AIRPLANES-LIVE,0,yes,no,direct,
N102DZ,2026-05-09,2026-05-09,0,KVNY,Van Nuys Airport,1.04,2026-05-09T07:48:14.460000Z,KATL,Hartsfield Jackson Atlanta International Airport,1.76,2026-05-09T11:23:23.930000Z,airplanes-live,HELD_BY_AIRPLANES-LIVE,HELD_BY_AIRPLANES-LIVE,0,yes,no,direct,
N102DZ,2026-05-09,2026-05-10,1,KATL,Hartsfield Jackson Atlanta International Airport,1.49,2026-05-09T20:47:21.230000Z,KTEB,Teterboro Airport,0.5,2026-05-10T17:27:11.430000Z,airplanes-live,HELD_BY_AIRPLANES-LIVE,HELD_BY_AIRPLANES-LIVE,0,yes,yes,overnight,
N2100L,2026-05-09,2026-05-11,2,KIWA,Mesa Gateway Airport,1.19,2026-05-09T02:14:14.700000Z,KAVL,Asheville Regional Airport,0.78,2026-05-11T23:59:40.380000Z,airplanes-live,HELD_BY_AIRPLANES-LIVE,HELD_BY_AIRPLANES-LIVE,1,yes,yes,GAP -- aircraft unobserved for 1 day(s) between these two fields; intermediate stops are possible and are NOT ruled out,
N872RA,2026-05-09,2026-05-09,0,KSDL,Scottsdale Airport,0.66,2026-05-09T00:54:34.820000Z,KMRY,Monterey Regional Airport,1.14,2026-05-09T17:12:58.900000Z,airplanes-live,HELD_BY_AIRPLANES-LIVE,HELD_BY_AIRPLANES-LIVE,0,yes,no,direct,
N872RA,2026-05-09,2026-05-09,0,KMRY,Monterey Regional Airport,1.14,2026-05-09T17:14:20.130000Z,KSDL,Scottsdale Airport,0.12,2026-05-09T21:22:13.260000Z,airplanes-live,HELD_BY_AIRPLANES-LIVE,HELD_BY_AIRPLANES-LIVE,0,yes,no,direct,
N872RA,2026-05-09,2026-05-10,1,KSDL,Scottsdale Airport,1.04,2026-05-09T23:22:12.940000Z,KSAC,Sacramento Executive Airport,0.37,2026-05-10T00:57:13.300000Z,airplanes-live,HELD_BY_AIRPLANES-LIVE,HELD_BY_AIRPLANES-LIVE,0,yes,yes,overnight,
N102DZ,2026-05-10,2026-05-10,0,KTEB,Teterboro Airport,0.5,2026-05-10T18:21:19.070000Z,KPWK,Chicago Executive Airport,0.7,2026-05-10T20:09:48.450000Z,airplanes-live,HELD_BY_AIRPLANES-LIVE,HELD_BY_AIRPLANES-LIVE,0,yes,no,direct,
N102DZ,2026-05-10,2026-05-11,1,KPWK,Chicago Executive Airport,0.07,2026-05-10T22:03:43.280000Z,KCOE,Coeur D'Alene Airport - Pappy Boyington Field,0.51,2026-05-11T01:11:42.750000Z,airplanes-live,HELD_BY_AIRPLANES-LIVE,HELD_BY_AIRPLANES-LIVE,0,yes,yes,overnight,
N872RA,2026-05-10,2026-05-10,0,KSAC,Sacramento Executive Airport,0.37,2026-05-10T01:56:43.930000Z,KSNA,John Wayne Orange County International Airport,0.41,2026-05-10T03:04:38.650000Z,airplanes-live,HELD_BY_AIRPLANES-LIVE,HELD_BY_AIRPLANES-LIVE,0,yes,no,direct,
N872RA,2026-05-10,2026-05-10,0,KSNA,John Wayne Orange County International Airport,0.28,2026-05-10T14:53:53.780000Z,KCRQ,McClellan-Palomar Airport,0.67,2026-05-10T16:18:42.950000Z,airplanes-live,HELD_BY_AIRPLANES-LIVE,HELD_BY_AIRPLANES-LIVE,0,yes,no,direct,
N872RA,2026-05-10,2026-05-10,0,KCRQ,McClellan-Palomar Airport,0.67,2026-05-10T16:20:30.030000Z,KCLM,William R Fairchild International Airport,0.35,2026-05-10T19:28:15.300000Z,airplanes-live,HELD_BY_AIRPLANES-LIVE,HELD_BY_AIRPLANES-LIVE,0,yes,no,direct,
N872RA,2026-05-10,2026-05-10,0,KCLM,William R Fairchild International Airport,0.35,2026-05-10T19:46:12.230000Z,KLAX,Los Angeles International Airport,0.73,2026-05-10T23:27:48.150000Z,airplanes-live,HELD_BY_AIRPLANES-LIVE,HELD_BY_AIRPLANES-LIVE,0,yes,no,direct,
N872RA,2026-05-10,2026-05-11,1,KLAX,Los Angeles International Airport,0.73,2026-05-10T23:52:52.910000Z,KSNA,John Wayne Orange County International Airport,0.17,2026-05-11T00:13:42.110000Z,airplanes-live,HELD_BY_AIRPLANES-LIVE,HELD_BY_AIRPLANES-LIVE,0,yes,yes,overnight,
N102DZ,2026-05-11,2026-05-11,0,KCOE,Coeur D'Alene Airport - Pappy Boyington Field,0.51,2026-05-11T01:39:45.530000Z,KNUQ,Moffett Federal Airfield,0.24,2026-05-11T03:30:05.330000Z,airplanes-live,HELD_BY_AIRPLANES-LIVE,HELD_BY_AIRPLANES-LIVE,0,yes,no,direct,
N102DZ,2026-05-11,2026-05-11,0,KNUQ,Moffett Federal Airfield,1.02,2026-05-11T22:10:13.740000Z,KLAS,Harry Reid International Airport,1.24,2026-05-11T23:18:01.040000Z,airplanes-live,HELD_BY_AIRPLANES-LIVE,HELD_BY_AIRPLANES-LIVE,0,yes,no,direct,
N872RA,2026-05-11,2026-05-12,1,KSNA,John Wayne Orange County International Airport,0.37,2026-05-11T22:12:07.290000Z,KSLC,Salt Lake City International Airport,1.79,2026-05-12T17:38:03.970000Z,airplanes-live,HELD_BY_AIRPLANES-LIVE,HELD_BY_AIRPLANES-LIVE,0,yes,yes,overnight,
N102DZ,2026-05-12,2026-05-12,0,KLAS,Harry Reid International Airport,1.82,2026-05-12T00:12:43.860000Z,KTTN,Trenton Mercer Airport,0.27,2026-05-12T04:08:32.750000Z,airplanes-live,HELD_BY_AIRPLANES-LIVE,HELD_BY_AIRPLANES-LIVE,0,yes,no,direct,
N102DZ,2026-05-12,2026-05-12,0,KTTN,Trenton Mercer Airport,0.28,2026-05-12T18:27:21.570000Z,KPWK,Chicago Executive Airport,1.08,2026-05-12T22:28:36.570000Z,airplanes-live,HELD_BY_AIRPLANES-LIVE,HELD_BY_AIRPLANES-LIVE,0,yes,no,direct,
N102DZ,2026-05-12,2026-05-13,1,KPWK,Chicago Executive Airport,1.08,2026-05-12T22:44:01.460000Z,KTEB,Teterboro Airport,0.44,2026-05-13T00:10:22.380000Z,airplanes-live,HELD_BY_AIRPLANES-LIVE,HELD_BY_AIRPLANES-LIVE,0,yes,yes,overnight,
N1098L,2026-05-12,2026-05-12,0,KNZY,North Island Naval Air Station-Halsey Field,1.51,2026-05-12T00:03:40.840000Z,KSNS,Salinas Municipal Airport,0.07,2026-05-12T00:58:02.640000Z,airplanes-live,HELD_BY_AIRPLANES-LIVE,HELD_BY_AIRPLANES-LIVE,0,yes,no,direct,
N1098L,2026-05-12,2026-05-12,0,KSNS,Salinas Municipal Airport,0.07,2026-05-12T00:58:12.570000Z,KEGE,Eagle County Regional Airport,5.99,2026-05-12T17:40:33.640000Z,airplanes-live,HELD_BY_AIRPLANES-LIVE,HELD_BY_AIRPLANES-LIVE,0,yes,no,direct,
N1098L,2026-05-12,2026-05-18,6,KEGE,Eagle County Regional Airport,5.99,2026-05-12T18:29:43.590000Z,KELP,El Paso International Airport,2.07,2026-05-18T14:27:42.470000Z,airplanes-live,HELD_BY_AIRPLANES-LIVE,HELD_BY_AIRPLANES-LIVE,5,yes,yes,GAP -- aircraft unobserved for 5 day(s) between these two fields; intermediate stops are possible and are NOT ruled out,
N2100L,2026-05-12,2026-05-14,2,KAVL,Asheville Regional Airport,0.19,2026-05-12T00:12:24.820000Z,KAUS,Austin Bergstrom International Airport,0.71,2026-05-14T01:25:12.950000Z,airplanes-live,HELD_BY_AIRPLANES-LIVE,HELD_BY_AIRPLANES-LIVE,1,yes,yes,GAP -- aircraft unobserved for 1 day(s) between these two fields; intermediate stops are possible and are NOT ruled out,
N872RA,2026-05-12,2026-05-12,0,KSLC,Salt Lake City International Airport,1.79,2026-05-12T17:45:03.810000Z,KCCR,Buchanan Field,0.78,2026-05-12T19:10:17.570000Z,airplanes-live,HELD_BY_AIRPLANES-LIVE,HELD_BY_AIRPLANES-LIVE,0,yes,no,direct,
N872RA,2026-05-12,2026-05-12,0,KCCR,Buchanan Field,0.5,2026-05-12T21:20:39.410000Z,KMCC,McClellan Airfield,1.35,2026-05-12T22:35:19.840000Z,airplanes-live,HELD_BY_AIRPLANES-LIVE,HELD_BY_AIRPLANES-LIVE,0,yes,no,direct,
N872RA,2026-05-12,2026-05-12,0,KMCC,McClellan Airfield,1.35,2026-05-12T22:43:32.730000Z,KSNA,John Wayne Orange County International Airport,0.34,2026-05-12T23:58:48Z,airplanes-live,HELD_BY_AIRPLANES-LIVE,HELD_BY_AIRPLANES-LIVE,0,yes,no,direct,
N872RA,2026-05-13,2026-05-13,0,KSNA,John Wayne Orange County International Airport,0.15,2026-05-13T00:00:30.510000Z,KUDD,Bermuda Dunes Airport,0.32,2026-05-13T17:09:59.780000Z,airplanes-live,HELD_BY_AIRPLANES-LIVE,HELD_BY_AIRPLANES-LIVE,0,yes,no,direct,
N872RA,2026-05-13,2026-05-13,0,KUDD,Bermuda Dunes Airport,0.32,2026-05-13T19:01:19.640000Z,KFNL,Northern Colorado Regional Airport,0.09,2026-05-13T20:49:38.040000Z,airplanes-live,HELD_BY_AIRPLANES-LIVE,HELD_BY_AIRPLANES-LIVE,0,yes,no,direct,
N102DZ,2026-05-14,2026-05-14,0,KTEB,Teterboro Airport,0.31,2026-05-14T19:35:00.860000Z,KPWK,Chicago Executive Airport,0.42,2026-05-14T22:38:31.290000Z,airplanes-live,HELD_BY_AIRPLANES-LIVE,HELD_BY_AIRPLANES-LIVE,0,yes,no,direct,
N102DZ,2026-05-14,2026-05-15,1,KPWK,Chicago Executive Airport,0.42,2026-05-14T22:38:34.840000Z,KHOU,William P. Hobby Airport,0.57,2026-05-15T00:46:06.830000Z,airplanes-live,HELD_BY_AIRPLANES-LIVE,HELD_BY_AIRPLANES-LIVE,0,yes,yes,overnight,
N2100L,2026-05-14,2026-05-14,0,KAUS,Austin Bergstrom International Airport,0.71,2026-05-14T01:39:04.650000Z,,,,2026-05-14T20:35:16.920000Z,airplanes-live,HELD_BY_AIRPLANES-LIVE,HELD_BY_AIRPLANES-LIVE,0,yes,no,direct,
N2100L,2026-05-14,2026-05-14,0,,,,2026-05-14T20:36:38Z,KELP,El Paso International Airport,0.99,2026-05-14T21:44:32.070000Z,airplanes-live,HELD_BY_AIRPLANES-LIVE,HELD_BY_AIRPLANES-LIVE,0,yes,no,direct,
N2100L,2026-05-14,2026-05-15,1,KELP,El Paso International Airport,0.99,2026-05-14T21:45:56.160000Z,KSWO,Stillwater Regional Airport,0.22,2026-05-15T00:14:57.880000Z,airplanes-live,HELD_BY_AIRPLANES-LIVE,HELD_BY_AIRPLANES-LIVE,0,yes,yes,overnight,
N872RA,2026-05-14,2026-05-14,0,KFNL,Northern Colorado Regional Airport,0.63,2026-05-14T21:28:40.220000Z,KOKC,OKC Will Rogers World Airport,0.68,2026-05-14T22:46:22.840000Z,airplanes-live,HELD_BY_AIRPLANES-LIVE,HELD_BY_AIRPLANES-LIVE,0,yes,no,direct,
N872RA,2026-05-14,2026-05-15,1,KOKC,OKC Will Rogers World Airport,1.02,2026-05-14T23:48:08.460000Z,KSNA,John Wayne Orange County International Airport,0.33,2026-05-15T02:30:15.680000Z,airplanes-live,HELD_BY_AIRPLANES-LIVE,HELD_BY_AIRPLANES-LIVE,0,yes,yes,overnight,
N102DZ,2026-05-15,2026-05-15,0,KHOU,William P. Hobby Airport,0.57,2026-05-15T00:47:05.360000Z,KVNY,Van Nuys Airport,0.58,2026-05-15T04:28:51.470000Z,airplanes-live,HELD_BY_AIRPLANES-LIVE,HELD_BY_AIRPLANES-LIVE,0,yes,no,direct,
N102DZ,2026-05-15,2026-05-15,0,KVNY,Van Nuys Airport,0.16,2026-05-15T20:22:12.430000Z,KSNA,John Wayne Orange County International Airport,0.8,2026-05-15T21:42:08.810000Z,airplanes-live,HELD_BY_AIRPLANES-LIVE,HELD_BY_AIRPLANES-LIVE,0,yes,no,direct,
N102DZ,2026-05-15,2026-05-16,1,KSNA,John Wayne Orange County International Airport,0.8,2026-05-15T21:42:54.640000Z,KIND,Indianapolis International Airport,0.85,2026-05-16T01:09:38.220000Z,airplanes-live,HELD_BY_AIRPLANES-LIVE,HELD_BY_AIRPLANES-LIVE,0,yes,yes,overnight,
N2100L,2026-05-15,2026-05-18,3,KSWO,Stillwater Regional Airport,0.22,2026-05-15T00:40:04.340000Z,KELP,El Paso International Airport,1.83,2026-05-18T14:49:00.740000Z,airplanes-live,HELD_BY_AIRPLANES-LIVE,HELD_BY_AIRPLANES-LIVE,2,yes,yes,GAP -- aircraft unobserved for 2 day(s) between these two fields; intermediate stops are possible and are NOT ruled out,
N872RA,2026-05-15,2026-05-15,0,KSNA,John Wayne Orange County International Airport,0.33,2026-05-15T15:09:11.300000Z,KSBP,San Luis County Regional Airport,0.52,2026-05-15T15:55:53.710000Z,airplanes-live,HELD_BY_AIRPLANES-LIVE,HELD_BY_AIRPLANES-LIVE,0,yes,no,direct,
N872RA,2026-05-15,2026-05-15,0,KSBP,San Luis County Regional Airport,0.51,2026-05-15T17:04:15.410000Z,KAPA,Centennial Airport,0.5,2026-05-15T19:07:25.430000Z,airplanes-live,HELD_BY_AIRPLANES-LIVE,HELD_BY_AIRPLANES-LIVE,0,yes,no,direct,
N872RA,2026-05-15,2026-05-15,0,KAPA,Centennial Airport,0.5,2026-05-15T19:10:02.460000Z,KDEN,Denver International Airport,2.39,2026-05-15T20:24:14.140000Z,airplanes-live,HELD_BY_AIRPLANES-LIVE,HELD_BY_AIRPLANES-LIVE,0,yes,no,direct,
N872RA,2026-05-15,2026-05-17,2,KDEN,Denver International Airport,2.39,2026-05-15T22:42:32.020000Z,KAPA,Centennial Airport,0.46,2026-05-17T22:10:38.520000Z,airplanes-live,HELD_BY_AIRPLANES-LIVE,HELD_BY_AIRPLANES-LIVE,1,yes,yes,GAP -- aircraft unobserved for 1 day(s) between these two fields; intermediate stops are possible and are NOT ruled out,
N560TW,2026-05-16,2026-05-16,0,KSDL,Scottsdale Airport,0.61,2026-05-16T16:30:26.080000Z,KCOE,Coeur D'Alene Airport - Pappy Boyington Field,0.21,2026-05-16T18:54:25.410000Z,airplanes-live,HELD_BY_AIRPLANES-LIVE,HELD_BY_AIRPLANES-LIVE,0,yes,no,direct,
N102DZ,2026-05-17,2026-05-18,1,KIND,Indianapolis International Airport,1.42,2026-05-17T20:57:07.200000Z,KFLL,Fort Lauderdale Hollywood International Airport,0.2,2026-05-18T03:53:05.500000Z,airplanes-live,HELD_BY_AIRPLANES-LIVE,HELD_BY_AIRPLANES-LIVE,0,yes,yes,overnight,
N560TW,2026-05-17,2026-05-17,0,KCOE,Coeur D'Alene Airport - Pappy Boyington Field,0.67,2026-05-17T15:47:19.740000Z,,,,2026-05-17T16:43:50.230000Z,airplanes-live,HELD_BY_AIRPLANES-LIVE,HELD_BY_AIRPLANES-LIVE,0,yes,no,direct,
N560TW,2026-05-17,2026-05-17,0,,,,2026-05-17T16:45:53.360000Z,KSDL,Scottsdale Airport,0.1,2026-05-17T20:39:26.170000Z,airplanes-live,HELD_BY_AIRPLANES-LIVE,HELD_BY_AIRPLANES-LIVE,0,yes,no,direct,
N872RA,2026-05-17,2026-05-18,1,KAPA,Centennial Airport,0.63,2026-05-17T23:12:04.370000Z,KSBP,San Luis County Regional Airport,0.49,2026-05-18T01:29:17.690000Z,airplanes-live,HELD_BY_AIRPLANES-LIVE,HELD_BY_AIRPLANES-LIVE,0,yes,yes,overnight,
N1098L,2026-05-18,2026-05-18,0,KELP,El Paso International Airport,2.07,2026-05-18T14:28:51.540000Z,,,,2026-05-18T16:57:21.440000Z,airplanes-live,HELD_BY_AIRPLANES-LIVE,HELD_BY_AIRPLANES-LIVE,0,yes,no,direct,
N1098L,2026-05-18,2026-05-18,0,,,,2026-05-18T18:16:34.520000Z,KELP,El Paso International Airport,0.58,2026-05-18T22:16:35.600000Z,airplanes-live,HELD_BY_AIRPLANES-LIVE,HELD_BY_AIRPLANES-LIVE,0,yes,no,direct,
N1098L,2026-05-18,2026-05-19,1,KELP,El Paso International Airport,0.58,2026-05-18T22:17:44.670000Z,KFAT,Fresno Yosemite International Airport,1.43,2026-05-19T17:59:57.620000Z,airplanes-live,HELD_BY_AIRPLANES-LIVE,HELD_BY_AIRPLANES-LIVE,0,yes,yes,overnight,
N2100L,2026-05-18,2026-05-18,0,KELP,El Paso International Airport,2.33,2026-05-18T22:03:23.800000Z,KGRK,Killeen Regional Airport / Robert Gray Army Airfield,0.11,2026-05-18T23:11:34.750000Z,airplanes-live,HELD_BY_AIRPLANES-LIVE,HELD_BY_AIRPLANES-LIVE,0,yes,no,direct,
N2100L,2026-05-18,2026-05-19,1,KGRK,Killeen Regional Airport / Robert Gray Army Airfield,0.11,2026-05-18T23:11:39.730000Z,KSBA,Santa Barbara Municipal Airport,0.71,2026-05-19T16:59:03.450000Z,airplanes-live,HELD_BY_AIRPLANES-LIVE,HELD_BY_AIRPLANES-LIVE,0,yes,yes,overnight,
N872RA,2026-05-18,2026-05-18,0,KSBP,San Luis County Regional Airport,0.49,2026-05-18T03:03:07.030000Z,KSNA,John Wayne Orange County International Airport,0.69,2026-05-18T14:18:27.660000Z,airplanes-live,HELD_BY_AIRPLANES-LIVE,HELD_BY_AIRPLANES-LIVE,0,yes,no,direct,
N872RA,2026-05-18,2026-05-18,0,KSNA,John Wayne Orange County International Airport,0.69,2026-05-18T14:22:58.080000Z,KRNO,Reno Tahoe International Airport,0.28,2026-05-18T17:51:04.930000Z,airplanes-live,HELD_BY_AIRPLANES-LIVE,HELD_BY_AIRPLANES-LIVE,0,yes,no,direct,
N872RA,2026-05-18,2026-05-18,0,KRNO,Reno Tahoe International Airport,0.28,2026-05-18T19:34:29.580000Z,KFAT,Fresno Yosemite International Airport,0.72,2026-05-18T20:21:22.590000Z,airplanes-live,HELD_BY_AIRPLANES-LIVE,HELD_BY_AIRPLANES-LIVE,0,yes,no,direct,
N872RA,2026-05-18,2026-05-18,0,KFAT,Fresno Yosemite International Airport,0.72,2026-05-18T20:39:35.170000Z,KPVU,Provo Municipal Airport,1.31,2026-05-18T21:45:55.120000Z,airplanes-live,HELD_BY_AIRPLANES-LIVE,HELD_BY_AIRPLANES-LIVE,0,yes,no,direct,
N872RA,2026-05-18,2026-05-18,0,KPVU,Provo Municipal Airport,1.31,2026-05-18T22:24:20.210000Z,KBFL,Meadows Field,2.36,2026-05-18T23:53:36.420000Z,airplanes-live,HELD_BY_AIRPLANES-LIVE,HELD_BY_AIRPLANES-LIVE,0,yes,no,direct,
N872RA,2026-05-18,2026-05-19,1,KBFL,Meadows Field,2.36,2026-05-18T23:58:04.690000Z,KFAT,Fresno Yosemite International Airport,1.21,2026-05-19T17:04:02.410000Z,airplanes-live,HELD_BY_AIRPLANES-LIVE,HELD_BY_AIRPLANES-LIVE,0,yes,yes,overnight,
N1098L,2026-05-19,2026-05-20,1,KFAT,Fresno Yosemite International Airport,1.43,2026-05-19T18:21:26Z,,,,2026-05-20T03:38:19.300000Z,airplanes-live,HELD_BY_AIRPLANES-LIVE,HELD_BY_AIRPLANES-LIVE,0,yes,yes,overnight,
N2100L,2026-05-19,2026-05-26,7,KSBA,Santa Barbara Municipal Airport,0.48,2026-05-19T18:47:06.240000Z,KGRK,Killeen Regional Airport / Robert Gray Army Airfield,0.07,2026-05-26T16:20:59.030000Z,airplanes-live,HELD_BY_AIRPLANES-LIVE,HELD_BY_AIRPLANES-LIVE,6,yes,yes,GAP -- aircraft unobserved for 6 day(s) between these two fields; intermediate stops are possible and are NOT ruled out,
N872RA,2026-05-19,2026-05-19,0,KFAT,Fresno Yosemite International Airport,1.21,2026-05-19T19:31:52.270000Z,KSAN,San Diego International Airport,0.38,2026-05-19T20:35:54.150000Z,airplanes-live,HELD_BY_AIRPLANES-LIVE,HELD_BY_AIRPLANES-LIVE,0,yes,no,direct,
N872RA,2026-05-19,2026-05-20,1,KSAN,San Diego International Airport,0.38,2026-05-19T21:48:47.570000Z,KVNY,Van Nuys Airport,0.81,2026-05-20T17:29:31Z,airplanes-live,HELD_BY_AIRPLANES-LIVE,HELD_BY_AIRPLANES-LIVE,0,yes,yes,overnight,
N102DZ,2026-05-20,2026-05-20,0,KFLL,Fort Lauderdale Hollywood International Airport,0.45,2026-05-20T14:52:01.640000Z,KSFM,Sanford Seacoast Regional Airport,0.6,2026-05-20T17:37:31.570000Z,airplanes-live,HELD_BY_AIRPLANES-LIVE,HELD_BY_AIRPLANES-LIVE,0,yes,no,direct,
N102DZ,2026-05-20,2026-05-20,0,KSFM,Sanford Seacoast Regional Airport,0.48,2026-05-20T18:37:46.170000Z,KTEB,Teterboro Airport,0.39,2026-05-20T22:10:37.880000Z,airplanes-live,HELD_BY_AIRPLANES-LIVE,HELD_BY_AIRPLANES-LIVE,0,yes,no,direct,
N1098L,2026-05-20,2026-05-22,2,,,,2026-05-20T03:45:28.730000Z,KBIF,Biggs Army Air Field (Fort Bliss),1.4,2026-05-22T17:11:43.900000Z,airplanes-live,HELD_BY_AIRPLANES-LIVE,HELD_BY_AIRPLANES-LIVE,1,yes,yes,GAP -- aircraft unobserved for 1 day(s) between these two fields; intermediate stops are possible and are NOT ruled out,
N560TW,2026-05-20,2026-05-23,3,KSDL,Scottsdale Airport,0.61,2026-05-20T22:20:43.330000Z,KGSP,Greenville-Spartanburg International Airport,0.15,2026-05-23T12:22:31.950000Z,airplanes-live,HELD_BY_AIRPLANES-LIVE,HELD_BY_AIRPLANES-LIVE,2,yes,yes,GAP -- aircraft unobserved for 2 day(s) between these two fields; intermediate stops are possible and are NOT ruled out,
N872RA,2026-05-20,2026-05-21,1,KVNY,Van Nuys Airport,0.34,2026-05-20T19:14:22.540000Z,KSNA,John Wayne Orange County International Airport,0.37,2026-05-21T00:10:46.090000Z,airplanes-live,HELD_BY_AIRPLANES-LIVE,HELD_BY_AIRPLANES-LIVE,0,yes,yes,overnight,
N102DZ,2026-05-21,2026-05-21,0,KTEB,Teterboro Airport,0.36,2026-05-21T02:28:15.920000Z,KBAZ,New Braunfels National Airport,0.44,2026-05-21T05:55:09.240000Z,airplanes-live,HELD_BY_AIRPLANES-LIVE,HELD_BY_AIRPLANES-LIVE,0,yes,no,direct,
N102DZ,2026-05-21,2026-05-22,1,KBAZ,New Braunfels National Airport,0.33,2026-05-21T21:00:47.150000Z,KTEB,Teterboro Airport,0.61,2026-05-22T23:30:19.270000Z,airplanes-live,HELD_BY_AIRPLANES-LIVE,HELD_BY_AIRPLANES-LIVE,0,yes,yes,overnight,
N872RA,2026-05-21,2026-05-21,0,KSNA,John Wayne Orange County International Airport,0.78,2026-05-21T16:37:34.900000Z,KLAX,Los Angeles International Airport,2.3,2026-05-21T18:04:33.850000Z,airplanes-live,HELD_BY_AIRPLANES-LIVE,HELD_BY_AIRPLANES-LIVE,0,yes,no,direct,
N872RA,2026-05-21,2026-05-21,0,KLAX,Los Angeles International Airport,2.3,2026-05-21T18:14:24.960000Z,KMSP,Minneapolis–Saint Paul International Airport / Wold–Chamberlain Field,0.27,2026-05-21T21:19:01.070000Z,airplanes-live,HELD_BY_AIRPLANES-LIVE,HELD_BY_AIRPLANES-LIVE,0,yes,no,direct,
N872RA,2026-05-21,2026-05-22,1,KMSP,Minneapolis–Saint Paul International Airport / Wold–Chamberlain Field,0.27,2026-05-21T23:22:42.460000Z,KBZN,Bozeman Yellowstone International Airport,0.37,2026-05-22T01:33:57.710000Z,airplanes-live,HELD_BY_AIRPLANES-LIVE,HELD_BY_AIRPLANES-LIVE,0,yes,yes,overnight,
N1098L,2026-05-22,2026-05-22,0,KBIF,Biggs Army Air Field (Fort Bliss),3.16,2026-05-22T20:49:17.960000Z,KELP,El Paso International Airport,0.68,2026-05-22T22:55:06.510000Z,airplanes-live,HELD_BY_AIRPLANES-LIVE,HELD_BY_AIRPLANES-LIVE,0,yes,no,direct,
N1098L,2026-05-22,2026-05-27,5,KELP,El Paso International Airport,0.68,2026-05-22T22:56:54.620000Z,KGRK,Killeen Regional Airport / Robert Gray Army Airfield,0.15,2026-05-27T16:17:52.390000Z,airplanes-live,HELD_BY_AIRPLANES-LIVE,HELD_BY_AIRPLANES-LIVE,4,yes,yes,GAP -- aircraft unobserved for 4 day(s) between these two fields; intermediate stops are possible and are NOT ruled out,
N872RA,2026-05-22,2026-05-22,0,KBZN,Bozeman Yellowstone International Airport,1.35,2026-05-22T16:42:01.690000Z,KSNA,John Wayne Orange County International Airport,0.13,2026-05-22T18:53:26.110000Z,airplanes-live,HELD_BY_AIRPLANES-LIVE,HELD_BY_AIRPLANES-LIVE,0,yes,no,direct,
N102DZ,2026-05-23,2026-05-23,0,KTEB,Teterboro Airport,0.38,2026-05-23T20:22:51.650000Z,KBAZ,New Braunfels National Airport,0.35,2026-05-23T23:45:00.680000Z,airplanes-live,HELD_BY_AIRPLANES-LIVE,HELD_BY_AIRPLANES-LIVE,0,yes,no,direct,
N560TW,2026-05-23,2026-05-23,0,KGSP,Greenville-Spartanburg International Airport,0.15,2026-05-23T12:22:36.960000Z,KSDL,Scottsdale Airport,0.34,2026-05-23T18:21:51.750000Z,airplanes-live,HELD_BY_AIRPLANES-LIVE,HELD_BY_AIRPLANES-LIVE,0,yes,no,direct,
T7-ELL,2026-05-23,2026-05-23,0,LGAV,Athens Eleftherios Venizelos International Airport,1.19,2026-05-23T12:59:34.460000Z,LROP,Bucharest Henri Coandă International Airport,0.58,2026-05-23T14:36:02.530000Z,airplanes-live,HELD_BY_AIRPLANES-LIVE,HELD_BY_AIRPLANES-LIVE,0,yes,no,direct,
N102DZ,2026-05-24,2026-05-24,0,KBAZ,New Braunfels National Airport,0.55,2026-05-24T15:48:58Z,KTEB,Teterboro Airport,0.44,2026-05-24T19:32:52.950000Z,airplanes-live,HELD_BY_AIRPLANES-LIVE,HELD_BY_AIRPLANES-LIVE,0,yes,no,direct,
N102DZ,2026-05-24,2026-05-24,0,KTEB,Teterboro Airport,0.44,2026-05-24T20:05:52.330000Z,KMEM,Frederick W. Smith International Airport,1.44,2026-05-24T23:52:18.950000Z,airplanes-live,HELD_BY_AIRPLANES-LIVE,HELD_BY_AIRPLANES-LIVE,0,yes,no,direct,
N102DZ,2026-05-24,2026-05-25,1,KMEM,Frederick W. Smith International Airport,1.44,2026-05-24T23:52:25.990000Z,KBAZ,New Braunfels National Airport,0.4,2026-05-25T04:11:55.110000Z,airplanes-live,HELD_BY_AIRPLANES-LIVE,HELD_BY_AIRPLANES-LIVE,0,yes,yes,overnight,
T7-ELL,2026-05-24,2026-05-25,1,LROP,Bucharest Henri Coandă International Airport,1.55,2026-05-24T03:54:39.960000Z,LGAV,Athens Eleftherios Venizelos International Airport,0.7,2026-05-25T10:54:56.730000Z,airplanes-live,HELD_BY_AIRPLANES-LIVE,HELD_BY_AIRPLANES-LIVE,0,yes,yes,overnight,
N560TW,2026-05-25,2026-05-25,0,KSDL,Scottsdale Airport,1.09,2026-05-25T15:36:22.040000Z,KBUR,Hollywood Burbank/Bob Hope Airport,0.32,2026-05-25T16:44:24.620000Z,airplanes-live,HELD_BY_AIRPLANES-LIVE,HELD_BY_AIRPLANES-LIVE,0,yes,no,direct,
N560TW,2026-05-25,2026-05-25,0,KBUR,Hollywood Burbank/Bob Hope Airport,0.32,2026-05-25T18:08:43.820000Z,KSDL,Scottsdale Airport,0.42,2026-05-25T19:12:17.690000Z,airplanes-live,HELD_BY_AIRPLANES-LIVE,HELD_BY_AIRPLANES-LIVE,0,yes,no,direct,
N872RA,2026-05-25,2026-05-25,0,KSNA,John Wayne Orange County International Airport,0.14,2026-05-25T12:45:08.440000Z,KAUS,Austin Bergstrom International Airport,1.45,2026-05-25T15:19:36.310000Z,airplanes-live,HELD_BY_AIRPLANES-LIVE,HELD_BY_AIRPLANES-LIVE,0,yes,no,direct,
N872RA,2026-05-25,2026-05-25,0,KAUS,Austin Bergstrom International Airport,1.45,2026-05-25T16:18:26.940000Z,KPHX,Phoenix Sky Harbor International Airport,1.67,2026-05-25T18:28:13.660000Z,airplanes-live,HELD_BY_AIRPLANES-LIVE,HELD_BY_AIRPLANES-LIVE,0,yes,no,direct,
N872RA,2026-05-25,2026-05-25,0,KPHX,Phoenix Sky Harbor International Airport,1.67,2026-05-25T19:12:00.760000Z,KSNA,John Wayne Orange County International Airport,0.18,2026-05-25T20:06:07.880000Z,airplanes-live,HELD_BY_AIRPLANES-LIVE,HELD_BY_AIRPLANES-LIVE,0,yes,no,direct,
T7-ELL,2026-05-25,2026-08-01,68,LGAV,Athens Eleftherios Venizelos International Airport,0.44,2026-05-25T22:43:39.920000Z,LZPP,Piešťany Airport,0.36,2026-08-01T05:19:17.930000Z,adsbexchange-samples|airplanes-live,HELD_BY_AIRPLANES-LIVE,HELD_BY_ADSBEXCHANGE-SAMPLES,67,yes,yes,GAP -- aircraft unobserved for 67 day(s) between these two fields; intermediate stops are possible and are NOT ruled out,
N2100L,2026-05-26,2026-05-26,0,KGRK,Killeen Regional Airport / Robert Gray Army Airfield,0.07,2026-05-26T16:21:07.390000Z,KCOS,City of Colorado Springs Municipal Airport,1.27,2026-05-26T18:20:26.310000Z,airplanes-live,HELD_BY_AIRPLANES-LIVE,HELD_BY_AIRPLANES-LIVE,0,yes,no,direct,
N2100L,2026-05-26,2026-05-28,2,KCOS,City of Colorado Springs Municipal Airport,1.27,2026-05-26T18:32:37.840000Z,KSDM,Brown Field Municipal Airport,0.8,2026-05-28T18:45:35.830000Z,airplanes-live,HELD_BY_AIRPLANES-LIVE,HELD_BY_AIRPLANES-LIVE,1,yes,yes,GAP -- aircraft unobserved for 1 day(s) between these two fields; intermediate stops are possible and are NOT ruled out,
N872RA,2026-05-26,2026-05-26,0,KSNA,John Wayne Orange County International Airport,0.46,2026-05-26T19:17:52.470000Z,KSLC,Salt Lake City International Airport,1.63,2026-05-26T23:12:30.870000Z,airplanes-live,HELD_BY_AIRPLANES-LIVE,HELD_BY_AIRPLANES-LIVE,0,yes,no,direct,
N102DZ,2026-05-27,2026-05-27,0,KBAZ,New Braunfels National Airport,0.45,2026-05-27T14:40:47.080000Z,KAUS,Austin Bergstrom International Airport,1.06,2026-05-27T19:00:41.150000Z,airplanes-live,HELD_BY_AIRPLANES-LIVE,HELD_BY_AIRPLANES-LIVE,0,yes,no,direct,
N102DZ,2026-05-27,2026-05-27,0,KAUS,Austin Bergstrom International Airport,1.06,2026-05-27T19:45:13.080000Z,KBFI,King County International Airport - Boeing Field,0.39,2026-05-27T23:06:47.160000Z,airplanes-live,HELD_BY_AIRPLANES-LIVE,HELD_BY_AIRPLANES-LIVE,0,yes,no,direct,
N1098L,2026-05-27,2026-05-28,1,KGRK,Killeen Regional Airport / Robert Gray Army Airfield,0.15,2026-05-27T16:17:55.760000Z,KCPR,Casper-Natrona County International Airport,7.48,2026-05-28T20:30:08.210000Z,airplanes-live,HELD_BY_AIRPLANES-LIVE,HELD_BY_AIRPLANES-LIVE,0,yes,yes,overnight,
N102DZ,2026-05-28,2026-05-28,0,KBFI,King County International Airport - Boeing Field,0.12,2026-05-28T18:33:09.650000Z,KSBA,Santa Barbara Municipal Airport,0.59,2026-05-28T20:33:54.260000Z,airplanes-live,HELD_BY_AIRPLANES-LIVE,HELD_BY_AIRPLANES-LIVE,0,yes,no,direct,
N102DZ,2026-05-28,2026-05-28,0,KSBA,Santa Barbara Municipal Airport,0.59,2026-05-28T21:06:16.100000Z,KSDL,Scottsdale Airport,0.63,2026-05-28T22:10:06.020000Z,airplanes-live,HELD_BY_AIRPLANES-LIVE,HELD_BY_AIRPLANES-LIVE,0,yes,no,direct,
N102DZ,2026-05-28,2026-05-29,1,KSDL,Scottsdale Airport,0.64,2026-05-28T23:20:01Z,KSBA,Santa Barbara Municipal Airport,0.21,2026-05-29T00:29:36.550000Z,airplanes-live,HELD_BY_AIRPLANES-LIVE,HELD_BY_AIRPLANES-LIVE,0,yes,yes,overnight,
N1098L,2026-05-28,2026-05-29,1,KCPR,Casper-Natrona County International Airport,7.48,2026-05-28T20:30:32.240000Z,KLGB,Long Beach International Airport,0.06,2026-05-29T20:03:22.550000Z,airplanes-live,HELD_BY_AIRPLANES-LIVE,HELD_BY_AIRPLANES-LIVE,0,yes,yes,overnight,
N2100L,2026-05-28,2026-05-28,0,KSDM,Brown Field Municipal Airport,0.8,2026-05-28T18:50:58.300000Z,,,,2026-05-28T22:17:21.640000Z,airplanes-live,HELD_BY_AIRPLANES-LIVE,HELD_BY_AIRPLANES-LIVE,0,yes,no,direct,
N2100L,2026-05-28,2026-06-04,7,,,,2026-05-28T22:21:03.870000Z,KCOE,Coeur D'Alene Airport - Pappy Boyington Field,0.33,2026-06-04T17:07:36.080000Z,airplanes-live,HELD_BY_AIRPLANES-LIVE,HELD_BY_AIRPLANES-LIVE,6,yes,yes,GAP -- aircraft unobserved for 6 day(s) between these two fields; intermediate stops are possible and are NOT ruled out,
N872RA,2026-05-28,2026-05-28,0,KSLC,Salt Lake City International Airport,1.74,2026-05-28T02:21:33.130000Z,KVGT,North Las Vegas Airport,0.54,2026-05-28T03:21:06.040000Z,airplanes-live,HELD_BY_AIRPLANES-LIVE,HELD_BY_AIRPLANES-LIVE,0,yes,no,direct,
N872RA,2026-05-28,2026-05-28,0,KVGT,North Las Vegas Airport,0.54,2026-05-28T03:50:53.800000Z,KSNA,John Wayne Orange County International Airport,0.36,2026-05-28T04:41:15.860000Z,airplanes-live,HELD_BY_AIRPLANES-LIVE,HELD_BY_AIRPLANES-LIVE,0,yes,no,direct,
N872RA,2026-05-28,2026-05-28,0,KSNA,John Wayne Orange County International Airport,0.36,2026-05-28T04:43:24.460000Z,KVNY,Van Nuys Airport,0.76,2026-05-28T16:26:27.520000Z,airplanes-live,HELD_BY_AIRPLANES-LIVE,HELD_BY_AIRPLANES-LIVE,0,yes,no,direct,
N872RA,2026-05-28,2026-05-28,0,KVNY,Van Nuys Airport,0.76,2026-05-28T17:42:13.090000Z,KCOE,Coeur D'Alene Airport - Pappy Boyington Field,0.44,2026-05-28T21:23:17.100000Z,airplanes-live,HELD_BY_AIRPLANES-LIVE,HELD_BY_AIRPLANES-LIVE,0,yes,no,direct,
N1098L,2026-05-29,2026-06-01,3,KLGB,Long Beach International Airport,0.06,2026-05-29T20:22:03.420000Z,KBLI,Bellingham International Airport,0.2,2026-06-01T18:26:00.850000Z,adsbexchange-samples|airplanes-live,HELD_BY_AIRPLANES-LIVE,HELD_BY_ADSBEXCHANGE-SAMPLES+AIRPLANES-LIVE,2,yes,yes,GAP -- aircraft unobserved for 2 day(s) between these two fields; intermediate stops are possible and are NOT ruled out,
N560TW,2026-05-29,2026-06-05,7,KSDL,Scottsdale Airport,0.62,2026-05-29T17:55:31.330000Z,KFFZ,Falcon Field,0.2,2026-06-05T16:02:15.340000Z,airplanes-live,HELD_BY_AIRPLANES-LIVE,HELD_BY_AIRPLANES-LIVE,6,yes,yes,GAP -- aircraft unobserved for 6 day(s) between these two fields; intermediate stops are possible and are NOT ruled out,
N872RA,2026-05-29,2026-05-29,0,KCOE,Coeur D'Alene Airport - Pappy Boyington Field,1.0,2026-05-29T00:20:01.750000Z,KSNA,John Wayne Orange County International Airport,0.24,2026-05-29T02:50:57.670000Z,airplanes-live,HELD_BY_AIRPLANES-LIVE,HELD_BY_AIRPLANES-LIVE,0,yes,no,direct,
N102DZ,2026-05-31,2026-05-31,0,KSBA,Santa Barbara Municipal Airport,1.01,2026-05-31T18:20:24.760000Z,KBFI,King County International Airport - Boeing Field,0.83,2026-05-31T20:16:55.890000Z,airplanes-live,HELD_BY_AIRPLANES-LIVE,HELD_BY_AIRPLANES-LIVE,0,yes,no,direct,
N102DZ,2026-05-31,2026-05-31,0,KBFI,King County International Airport - Boeing Field,0.83,2026-05-31T20:46:01.230000Z,KSDL,Scottsdale Airport,0.63,2026-05-31T23:00:14.410000Z,airplanes-live,HELD_BY_AIRPLANES-LIVE,HELD_BY_AIRPLANES-LIVE,0,yes,no,direct,
N59906,2026-05-31,2026-05-31,0,KENW,Kenosha Regional Airport,0.21,2026-05-31T16:03:06.680000Z,K09M,Charleston Municipal Airport,4.58,2026-05-31T19:17:28.050000Z,airplanes-live,HELD_BY_AIRPLANES-LIVE,HELD_BY_AIRPLANES-LIVE,0,yes,no,direct,
N102DZ,2026-06-01,2026-06-01,0,KSDL,Scottsdale Airport,1.25,2026-06-01T00:03:25.740000Z,KBCT,Boca Raton Airport,0.54,2026-06-01T03:40:51.890000Z,adsbexchange-samples|airplanes-live,HELD_BY_ADSBEXCHANGE-SAMPLES+AIRPLANES-LIVE,HELD_BY_ADSBEXCHANGE-SAMPLES+AIRPLANES-LIVE,0,no,no,direct,
N102DZ,2026-06-01,2026-06-02,1,KBCT,Boca Raton Airport,0.54,2026-06-01T03:43:48.680000Z,KFLL,Fort Lauderdale Hollywood International Airport,0.42,2026-06-02T12:29:59.650000Z,adsbexchange-samples|airplanes-live,HELD_BY_ADSBEXCHANGE-SAMPLES+AIRPLANES-LIVE,HELD_BY_AIRPLANES-LIVE,0,yes,yes,overnight,
N1098L,2026-06-01,2026-06-01,0,KBLI,Bellingham International Airport,0.2,2026-06-01T19:17:22.490000Z,KBIF,Biggs Army Air Field (Fort Bliss),0.4,2026-06-01T23:03:03.620000Z,adsbexchange-samples,HELD_BY_ADSBEXCHANGE-SAMPLES+AIRPLANES-LIVE,HELD_BY_ADSBEXCHANGE-SAMPLES+AIRPLANES-LIVE,0,no,no,direct,
N1098L,2026-06-01,2026-06-02,1,KBIF,Biggs Army Air Field (Fort Bliss),0.4,2026-06-01T23:07:00.880000Z,KBLI,Bellingham International Airport,0.75,2026-06-02T17:02:59.340000Z,adsbexchange-samples|airplanes-live,HELD_BY_ADSBEXCHANGE-SAMPLES+AIRPLANES-LIVE,HELD_BY_AIRPLANES-LIVE,0,yes,yes,overnight,
N102DZ,2026-06-02,2026-06-02,0,KFLL,Fort Lauderdale Hollywood International Airport,0.42,2026-06-02T14:02:02.150000Z,KAPA,Centennial Airport,0.06,2026-06-02T17:40:17.680000Z,airplanes-live,HELD_BY_AIRPLANES-LIVE,HELD_BY_AIRPLANES-LIVE,0,yes,no,direct,
N1098L,2026-06-02,2026-06-02,0,KBLI,Bellingham International Airport,0.75,2026-06-02T17:03:33.850000Z,KL45,Bakersfield International Airport,2.81,2026-06-02T19:52:42.960000Z,airplanes-live,HELD_BY_AIRPLANES-LIVE,HELD_BY_AIRPLANES-LIVE,0,yes,no,direct,
N1098L,2026-06-02,2026-06-02,0,KL45,Bakersfield International Airport,2.81,2026-06-02T20:07:37.860000Z,KBIF,Biggs Army Air Field (Fort Bliss),6.22,2026-06-02T21:43:16.600000Z,airplanes-live,HELD_BY_AIRPLANES-LIVE,HELD_BY_AIRPLANES-LIVE,0,yes,no,direct,
N1098L,2026-06-02,2026-07-01,29,KBIF,Biggs Army Air Field (Fort Bliss),6.22,2026-06-02T21:43:16.600000Z,KELP,El Paso International Airport,0.88,2026-07-01T03:10:36.520000Z,adsbexchange-samples|airplanes-live,HELD_BY_AIRPLANES-LIVE,HELD_BY_ADSBEXCHANGE-SAMPLES,28,yes,yes,GAP -- aircraft unobserved for 28 day(s) between these two fields; intermediate stops are possible and are NOT ruled out,
N102DZ,2026-06-03,2026-06-04,1,KAPA,Centennial Airport,0.86,2026-06-03T21:51:29.300000Z,KSGJ,Northeast Florida Regional Airport,0.38,2026-06-04T00:48:11.980000Z,airplanes-live,HELD_BY_AIRPLANES-LIVE,HELD_BY_AIRPLANES-LIVE,0,yes,yes,overnight,
N872RA,2026-06-03,2026-06-03,0,KSNA,John Wayne Orange County International Airport,0.14,2026-06-03T15:53:09.640000Z,KCRQ,McClellan-Palomar Airport,0.64,2026-06-03T17:09:41.290000Z,airplanes-live,HELD_BY_AIRPLANES-LIVE,HELD_BY_AIRPLANES-LIVE,0,yes,no,direct,
N872RA,2026-06-03,2026-06-04,1,KCRQ,McClellan-Palomar Airport,0.64,2026-06-03T17:11:10.070000Z,KCYS,Cheyenne Regional Jerry Olson Field,3.29,2026-06-04T19:17:33.660000Z,airplanes-live,HELD_BY_AIRPLANES-LIVE,HELD_BY_AIRPLANES-LIVE,0,yes,yes,overnight,
N102DZ,2026-06-04,2026-06-04,0,KSGJ,Northeast Florida Regional Airport,0.38,2026-06-04T01:33:32.010000Z,KFRG,Republic Airport,0.42,2026-06-04T03:32:30.340000Z,airplanes-live,HELD_BY_AIRPLANES-LIVE,HELD_BY_AIRPLANES-LIVE,0,yes,no,direct,
N102DZ,2026-06-04,2026-06-04,0,KFRG,Republic Airport,0.65,2026-06-04T04:34:40.930000Z,KSDL,Scottsdale Airport,0.65,2026-06-04T21:48:17.970000Z,airplanes-live,HELD_BY_AIRPLANES-LIVE,HELD_BY_AIRPLANES-LIVE,0,yes,no,direct,
N2100L,2026-06-04,2026-06-04,0,KCOE,Coeur D'Alene Airport - Pappy Boyington Field,0.34,2026-06-04T18:23:41.880000Z,,,,2026-06-04T20:45:53.960000Z,airplanes-live,HELD_BY_AIRPLANES-LIVE,HELD_BY_AIRPLANES-LIVE,0,yes,no,direct,
N872RA,2026-06-04,2026-06-04,0,KCYS,Cheyenne Regional Jerry Olson Field,3.29,2026-06-04T19:17:33.660000Z,KSNA,John Wayne Orange County International Airport,0.38,2026-06-04T23:35:24.230000Z,airplanes-live,HELD_BY_AIRPLANES-LIVE,HELD_BY_AIRPLANES-LIVE,0,yes,no,direct,
SU-BND,2026-06-04,2026-07-01,27,KPVU,Provo Municipal Airport,1.05,2026-06-04T22:12:34.090000Z,HEAZ,Almaza Air Force Base,0.72,2026-07-01T06:48:07.540000Z,adsbexchange-samples|airplanes-live,HELD_BY_AIRPLANES-LIVE,HELD_BY_ADSBEXCHANGE-SAMPLES,26,yes,yes,GAP -- aircraft unobserved for 26 day(s) between these two fields; intermediate stops are possible and are NOT ruled out,
N560TW,2026-06-05,2026-06-05,0,KFFZ,Falcon Field,0.2,2026-06-05T16:02:15.340000Z,KSDL,Scottsdale Airport,0.11,2026-06-05T20:24:33.320000Z,airplanes-live,HELD_BY_AIRPLANES-LIVE,HELD_BY_AIRPLANES-LIVE,0,yes,no,direct,
N872RA,2026-06-05,2026-08-01,57,KSNA,John Wayne Orange County International Airport,0.2,2026-06-05T16:21:05.930000Z,KVNY,Van Nuys Airport,0.3,2026-08-01T00:00:04.940000Z,adsbexchange-samples|airplanes-live,HELD_BY_AIRPLANES-LIVE,HELD_BY_ADSBEXCHANGE-SAMPLES,56,yes,yes,GAP -- aircraft unobserved for 56 day(s) between these two fields; intermediate stops are possible and are NOT ruled out,
N1098L,2026-07-01,2026-07-01,0,KELP,El Paso International Airport,1.44,2026-07-01T14:06:50.800000Z,KCOU,Columbia Regional Airport,0.32,2026-07-01T17:07:23.540000Z,adsbexchange-samples,HELD_BY_ADSBEXCHANGE-SAMPLES,HELD_BY_ADSBEXCHANGE-SAMPLES,0,yes,no,direct,
N1098L,2026-07-01,2026-08-01,31,KCOU,Columbia Regional Airport,0.32,2026-07-01T17:15:34.510000Z,KBIF,Biggs Army Air Field (Fort Bliss),1.9,2026-08-01T02:47:16.690000Z,adsbexchange-samples,HELD_BY_ADSBEXCHANGE-SAMPLES,HELD_BY_ADSBEXCHANGE-SAMPLES,30,yes,yes,GAP -- aircraft unobserved for 30 day(s) between these two fields; intermediate stops are possible and are NOT ruled out,
N560TW,2026-08-01,2026-08-01,0,KSDL,Scottsdale Airport,0.23,2026-08-01T17:11:58.530000Z,KJAC,Jackson Hole Airport,0.34,2026-08-01T19:04:29.580000Z,adsbexchange-samples,HELD_BY_ADSBEXCHANGE-SAMPLES,HELD_BY_ADSBEXCHANGE-SAMPLES,0,yes,no,direct,
N560TW,2026-08-01,2026-08-01,0,KJAC,Jackson Hole Airport,0.34,2026-08-01T20:05:12.020000Z,KSDL,Scottsdale Airport,0.08,2026-08-01T21:37:12.420000Z,adsbexchange-samples,HELD_BY_ADSBEXCHANGE-SAMPLES,HELD_BY_ADSBEXCHANGE-SAMPLES,0,yes,no,direct,
N872RA,2026-08-01,2026-08-01,0,KVNY,Van Nuys Airport,0.3,2026-08-01T00:28:36.140000Z,KCRQ,McClellan-Palomar Airport,0.04,2026-08-01T16:26:53.830000Z,adsbexchange-samples,HELD_BY_ADSBEXCHANGE-SAMPLES,HELD_BY_ADSBEXCHANGE-SAMPLES,0,yes,no,direct,
N872RA,2026-08-01,2026-08-01,0,KCRQ,McClellan-Palomar Airport,0.04,2026-08-01T18:50:09.790000Z,KTUS,Tucson International Airport,0.21,2026-08-01T19:49:35.760000Z,adsbexchange-samples,HELD_BY_ADSBEXCHANGE-SAMPLES,HELD_BY_ADSBEXCHANGE-SAMPLES,0,yes,no,direct,
N872RA,2026-08-01,2026-08-01,0,KTUS,Tucson International Airport,0.41,2026-08-01T20:59:00.410000Z,KCRQ,McClellan-Palomar Airport,0.16,2026-08-01T21:55:23.520000Z,adsbexchange-samples,HELD_BY_ADSBEXCHANGE-SAMPLES,HELD_BY_ADSBEXCHANGE-SAMPLES,0,yes,no,direct,
T7-ELL,2026-08-01,2026-08-01,0,LZPP,Piešťany Airport,1.03,2026-08-01T06:34:56.170000Z,OMDW,Al Maktoum International Airport,2.47,2026-08-01T13:33:13.690000Z,adsbexchange-samples,HELD_BY_ADSBEXCHANGE-SAMPLES,HELD_BY_ADSBEXCHANGE-SAMPLES,0,yes,no,direct,
