hex,reg,type,operator,event_days,states,events,fields,flag_reasons,also_near_control_cities,control_contaminated
a77e75,N582MM,LJ60,"TK ENTERPRISES LLC, JRO AVIATION LLC, DOJA CONTRACTING LLC",65,AZ|CA|CO|FL|GA|MI|NC|NV|OR|TX|UT|WI,"2023-09-14 San Diego,CA; 2023-09-14 San Diego,CA; 2023-09-14 San Diego,CA; 2023-09-28 Tempe,AZ; 2023-12-16 Phoenix,AZ; 2023-12-16 Phoenix,AZ; 2023-12-17 Phoenix,AZ; 2023-12-17 Phoenix,AZ; 2023-12-17 Phoenix,AZ; 2023-12-19 Phoenix,AZ; 2023-12-19 Phoenix,AZ; 2024-03-14 Fullerton,CA; 2024-03-21 Las Vegas,NV; 2024-04-23 Salt Lake City,UT; 2024-04-24 Salt Lake City,UT; 2024-06-07 San Antonio,TX; 2024-06-07 San Antonio,TX; 2024-06-15 Detroit,MI; 2024-06-15 Detroit,MI; 2024-06-15 Detroit,MI; 2024-09-04 Phoenix,AZ; 2024-09-05 Madison,WI; 2024-09-10 Boulder,CO; 2024-09-11 Denton,TX; 2024-09-12 Denton,TX; 2024-10-12 Corvallis,OR; 2024-10-15 Flagstaff,AZ; 2024-10-21 Atlanta,GA; 2024-10-21 Chapel Hill,NC; 2024-10-22 Chapel Hill,NC; 2024-10-23 Athens,GA; 2024-10-23 Duluth,GA; 2024-10-24 Duluth,GA; 2024-10-24 Las Vegas,NV; 2024-10-27 Phoenix,AZ; 2024-12-20 Phoenix,AZ; 2024-12-20 Phoenix,AZ; 2024-12-20 Phoenix,AZ; 2024-12-21 Phoenix,AZ; 2024-12-21 Phoenix,AZ; 2024-12-21 Phoenix,AZ; 2024-12-22 Phoenix,AZ; 2024-12-22 Phoenix,AZ; 2024-12-23 Phoenix,AZ; 2025-02-19 Phoenix,AZ; 2025-02-19 Phoenix,AZ; 2025-02-20 Phoenix,AZ; 2025-02-20 Tampa,FL; 2025-03-03 Los Angeles,CA; 2025-05-01 San Diego,CA; 2025-05-06 San Francisco,CA; 2025-06-13 Grapevine,TX; 2025-06-13 Grapevine,TX; 2025-06-15 Grapevine,TX; 2025-06-15 Grapevine,TX; 2025-07-10 Tampa,FL; 2025-07-10 Tampa,FL; 2025-07-10 Tampa,FL; 2025-07-13 Tampa,FL; 2025-07-13 Tampa,FL; 2025-08-07 Rancho Palos Verdes,CA; 2025-08-07 Rancho Palos Verdes,CA; 2025-08-07 Rancho Palos Verdes,CA; 2025-08-09 Rancho Palos Verdes,CA; 2025-09-11 Orem,UT",KATL|KBJC|KCOE|KDAL|KDFW|KDTW|KDVT|KEUG|KFLG|KHHR|KLAS|KLGB|KLZU|KMSN|KPHX|KPVU|KRDU|KSAN|KSAT|KSDL|KSFO|KSLC|KSNA|KTOA|KTPA,tracked_fleet:N582MM,Spokane,yes
a8b6d5,N66018,C172,EXECUTIVE AVIATION LLC,23,AZ|CA,"2023-09-26 Tempe,AZ; 2023-09-27 Tempe,AZ; 2023-12-15 Phoenix,AZ; 2023-12-16 Phoenix,AZ; 2023-12-16 Phoenix,AZ; 2023-12-19 Phoenix,AZ; 2023-12-19 Phoenix,AZ; 2023-12-20 Phoenix,AZ; 2024-03-18 Phoenix,AZ; 2024-09-02 Phoenix,AZ; 2024-09-03 Phoenix,AZ; 2024-10-27 Phoenix,AZ; 2024-12-19 Phoenix,AZ; 2024-12-19 Phoenix,AZ; 2024-12-20 Phoenix,AZ; 2024-12-20 Phoenix,AZ; 2024-12-20 Phoenix,AZ; 2024-12-21 Phoenix,AZ; 2024-12-21 Phoenix,AZ; 2024-12-21 Phoenix,AZ; 2024-12-23 Phoenix,AZ; 2025-08-06 Rancho Palos Verdes,CA; 2025-08-06 Rancho Palos Verdes,CA",KGEU|KGYR|KVNY|US-1816,government_operator_string,,no
a64342,N502VJ,GL5T,BANK OF UTAH TRUSTEE,21,AZ|CA|DC|NJ|NV|OR,"2023-03-20 New Brunswick,NJ; 2023-12-17 Phoenix,AZ; 2023-12-17 Phoenix,AZ; 2023-12-17 Phoenix,AZ; 2024-01-31 Las Vegas,NV; 2024-01-31 Las Vegas,NV; 2024-01-31 Las Vegas,NV; 2024-02-01 Las Vegas,NV; 2024-02-01 Las Vegas,NV; 2024-02-01 Las Vegas,NV; 2024-10-12 Corvallis,OR; 2025-01-19 Washington,DC; 2025-01-19 Washington,DC; 2025-01-20 Washington,DC; 2025-01-20 Washington,DC; 2025-03-04 Los Angeles,CA; 2025-08-06 Rancho Palos Verdes,CA; 2025-08-06 Rancho Palos Verdes,CA; 2025-08-07 Rancho Palos Verdes,CA; 2025-08-07 Rancho Palos Verdes,CA; 2025-08-07 Rancho Palos Verdes,CA",KEUG|KIAD|KLAS|KLAX|KSDL|KTEB|KVNY,dbflag:LADD,,no
a8454e,N632BL,E550,PACIFIC LEGACY LLC,21,AZ|CA,"2023-09-28 Tempe,AZ; 2023-12-15 Phoenix,AZ; 2023-12-16 Phoenix,AZ; 2023-12-16 Phoenix,AZ; 2023-12-17 Phoenix,AZ; 2023-12-17 Phoenix,AZ; 2023-12-17 Phoenix,AZ; 2024-09-03 Phoenix,AZ; 2024-10-27 Phoenix,AZ; 2024-12-19 Phoenix,AZ; 2024-12-19 Phoenix,AZ; 2024-12-20 Phoenix,AZ; 2024-12-20 Phoenix,AZ; 2024-12-20 Phoenix,AZ; 2024-12-21 Phoenix,AZ; 2024-12-21 Phoenix,AZ; 2024-12-21 Phoenix,AZ; 2024-12-22 Phoenix,AZ; 2024-12-22 Phoenix,AZ; 2025-02-17 Phoenix,AZ; 2025-04-30 San Diego,CA",KCRQ|KPHX|KSDL,dbflag:LADD,,no
a7d264,N603A,P28A,PIPER ARCHER THREE LLC,20,FL|GA|MI,"2024-06-13 Detroit,MI; 2024-06-15 Detroit,MI; 2024-06-15 Detroit,MI; 2024-06-15 Detroit,MI; 2024-06-17 Detroit,MI; 2024-10-23 Athens,GA; 2024-10-23 Duluth,GA; 2024-10-24 Duluth,GA; 2025-02-21 Tampa,FL; 2025-07-10 Tampa,FL; 2025-07-10 Tampa,FL; 2025-07-10 Tampa,FL; 2025-07-11 Tampa,FL; 2025-07-11 Tampa,FL; 2025-07-11 Tampa,FL; 2025-07-12 Tampa,FL; 2025-07-12 Tampa,FL; 2025-07-12 Tampa,FL; 2025-07-13 Tampa,FL; 2025-07-13 Tampa,FL",2E8|FA40|KCLW|KLZU|KPIE|KX49|KYIP|US-0630,dbflag:LADD,,no
a2264a,N238AT,PA44,AIRLINE TRANSPORT PROFESSIONALS CORP OF USA,19,FL|GA,"2024-10-21 Athens,GA; 2024-10-21 Atlanta,GA; 2024-10-22 Athens,GA; 2024-10-22 Atlanta,GA; 2024-10-22 Duluth,GA; 2024-10-23 Athens,GA; 2024-10-23 Duluth,GA; 2025-07-09 Tampa,FL; 2025-07-09 Tampa,FL; 2025-07-10 Tampa,FL; 2025-07-10 Tampa,FL; 2025-07-10 Tampa,FL; 2025-07-11 Tampa,FL; 2025-07-11 Tampa,FL; 2025-07-11 Tampa,FL; 2025-07-12 Tampa,FL; 2025-07-12 Tampa,FL; 2025-07-12 Tampa,FL; 2025-07-14 Tampa,FL",KLZU|KPIE,dbflag:LADD,,no
a944c8,N697AS,E55P,EXECUTIVE AIRSHARE LLC,19,AZ|CA|CO|TX,"2024-09-09 Boulder,CO; 2024-09-10 Boulder,CO; 2024-10-27 Phoenix,AZ; 2024-12-20 Phoenix,AZ; 2024-12-20 Phoenix,AZ; 2024-12-20 Phoenix,AZ; 2024-12-22 Phoenix,AZ; 2024-12-22 Phoenix,AZ; 2025-04-30 San Diego,CA; 2025-05-01 San Diego,CA; 2025-06-15 Grapevine,TX; 2025-06-15 Grapevine,TX; 2025-08-20 Dallas,TX; 2025-08-20 Dallas,TX; 2025-08-21 Dallas,TX; 2025-08-21 Dallas,TX; 2025-08-21 Dallas,TX; 2025-08-22 Dallas,TX; 2025-08-22 Dallas,TX",KBJC|KCRQ|KDAL|KFFZ|KFTW|KSDL,government_operator_string,,no
acae33,N916NT,C172,9K AIR LLC,18,AZ|CA,"2023-09-12 San Diego,CA; 2023-09-13 San Diego,CA; 2023-09-13 San Diego,CA; 2023-09-14 San Diego,CA; 2023-09-14 San Diego,CA; 2023-09-14 San Diego,CA; 2023-09-15 San Diego,CA; 2023-09-15 San Diego,CA; 2023-09-16 San Diego,CA; 2023-12-15 Phoenix,AZ; 2023-12-19 Phoenix,AZ; 2023-12-19 Phoenix,AZ; 2024-05-17 San Diego,CA; 2024-10-27 Phoenix,AZ; 2025-08-07 Rancho Palos Verdes,CA; 2025-08-07 Rancho Palos Verdes,CA; 2025-08-07 Rancho Palos Verdes,CA; 2025-08-09 Rancho Palos Verdes,CA",KFFZ|KLGB|KMYF|KSNA,dbflag:LADD,,no
a18781,N198SP,C172,FLIGHT TRAINING AIRCRAFT LLC,17,AZ|CA,"2023-09-12 San Diego,CA; 2023-09-13 San Diego,CA; 2023-09-13 San Diego,CA; 2023-09-14 San Diego,CA; 2023-09-14 San Diego,CA; 2023-09-14 San Diego,CA; 2023-09-15 San Diego,CA; 2023-09-15 San Diego,CA; 2024-03-17 San Diego,CA; 2024-03-18 San Diego,CA; 2024-10-27 Phoenix,AZ; 2024-12-19 Phoenix,AZ; 2024-12-19 Phoenix,AZ; 2024-12-20 Phoenix,AZ; 2024-12-20 Phoenix,AZ; 2024-12-20 Phoenix,AZ; 2025-09-20 Glendale,AZ",KIWA|KMYF,dbflag:LADD,,no
a3284b,N302RV,LJ45,AERO JET AVIATION I INC,17,CA|DC|FL,"2024-07-24 West Palm Beach,FL; 2024-07-24 West Palm Beach,FL; 2024-07-25 West Palm Beach,FL; 2024-07-25 West Palm Beach,FL; 2024-07-25 West Palm Beach,FL; 2024-07-26 West Palm Beach,FL; 2024-07-26 West Palm Beach,FL; 2024-07-26 West Palm Beach,FL; 2025-01-20 Washington,DC; 2025-01-20 Washington,DC; 2025-05-02 San Diego,CA; 2025-07-10 Tampa,FL; 2025-07-10 Tampa,FL; 2025-07-10 Tampa,FL; 2025-07-11 Tampa,FL; 2025-07-11 Tampa,FL; 2025-07-11 Tampa,FL",KFXE|KIAD|KSAN|KTPA,dbflag:LADD,,no
a968b8,N705SG,C56X,"UNION OF OPERATING ENGINEERS, LOCAL 12/NOMINEE",17,AZ|CA|NV,"2023-09-12 San Diego,CA; 2023-09-13 San Diego,CA; 2023-09-13 San Diego,CA; 2023-11-08 Los Angeles,CA; 2024-03-14 Fullerton,CA; 2024-05-09 Las Vegas,NV; 2024-05-15 San Diego,CA; 2024-09-04 Phoenix,AZ; 2025-02-20 Phoenix,AZ; 2025-03-03 Los Angeles,CA; 2025-03-04 Los Angeles,CA; 2025-08-06 Rancho Palos Verdes,CA; 2025-08-06 Rancho Palos Verdes,CA; 2025-08-07 Rancho Palos Verdes,CA; 2025-08-07 Rancho Palos Verdes,CA; 2025-08-07 Rancho Palos Verdes,CA; 2025-08-09 Rancho Palos Verdes,CA",KHND|KMYF|KONT|KPHX,dbflag:LADD,,no
aa9cde,N783NG,PC12,GJV EQUIPMENT LEASING LLC,17,AZ|NV,"2023-12-19 Phoenix,AZ; 2023-12-19 Phoenix,AZ; 2024-05-07 Las Vegas,NV; 2024-10-17 Tucson,AZ; 2024-12-19 Phoenix,AZ; 2024-12-19 Phoenix,AZ; 2024-12-20 Phoenix,AZ; 2024-12-20 Phoenix,AZ; 2024-12-20 Phoenix,AZ; 2024-12-21 Phoenix,AZ; 2024-12-21 Phoenix,AZ; 2024-12-21 Phoenix,AZ; 2024-12-23 Phoenix,AZ; 2025-02-17 Phoenix,AZ; 2025-02-19 Phoenix,AZ; 2025-02-19 Phoenix,AZ; 2025-02-20 Phoenix,AZ",KABQ|KLAS|KPHX|KTUS,dbflag:LADD,Albuquerque,yes
ad3c15,N952A,P28A,ARCHER AERO LLC,17,FL|GA|MI,"2024-07-23 West Palm Beach,FL; 2024-07-24 West Palm Beach,FL; 2024-07-24 West Palm Beach,FL; 2024-07-26 West Palm Beach,FL; 2024-07-26 West Palm Beach,FL; 2024-07-26 West Palm Beach,FL; 2024-07-27 West Palm Beach,FL; 2024-07-27 West Palm Beach,FL; 2024-07-27 West Palm Beach,FL; 2024-10-21 Atlanta,GA; 2025-04-11 East Lansing,MI; 2025-04-12 East Lansing,MI; 2025-07-09 Tampa,FL; 2025-07-09 Tampa,FL; 2025-07-10 Tampa,FL; 2025-07-10 Tampa,FL; 2025-07-10 Tampa,FL",35L|3FL1|KBCT|KCLW|KFXE|KVPC|MI29,dbflag:LADD,,no
ad5c83,N960DT,G280,U S BANK NA TRUSTEE,17,CO|DC|TX,"2023-03-26 Fort Worth,TX; 2024-09-10 Boulder,CO; 2024-09-10 Denton,TX; 2025-01-19 Washington,DC; 2025-01-19 Washington,DC; 2025-01-21 Washington,DC; 2025-06-12 Grapevine,TX; 2025-06-14 Grapevine,TX; 2025-06-14 Grapevine,TX; 2025-06-14 Grapevine,TX; 2025-06-15 Grapevine,TX; 2025-06-15 Grapevine,TX; 2025-06-16 Grapevine,TX; 2025-08-20 Dallas,TX; 2025-08-20 Dallas,TX; 2025-08-22 Dallas,TX; 2025-08-22 Dallas,TX",KABQ|KAPA|KFTW|KIAD,dbflag:LADD,Albuquerque,yes
a2f5b7,N290CL,CL30,JS LEASING LLC,16,CA|TX,"2025-06-13 Grapevine,TX; 2025-06-13 Grapevine,TX; 2025-06-14 Grapevine,TX; 2025-06-14 Grapevine,TX; 2025-06-14 Grapevine,TX; 2025-06-15 Grapevine,TX; 2025-06-15 Grapevine,TX; 2025-08-07 Rancho Palos Verdes,CA; 2025-08-07 Rancho Palos Verdes,CA; 2025-08-07 Rancho Palos Verdes,CA; 2025-08-20 Dallas,TX; 2025-08-20 Dallas,TX; 2025-08-21 Dallas,TX; 2025-08-21 Dallas,TX; 2025-08-21 Dallas,TX; 2025-08-23 Dallas,TX",KDAL|KVNY,dbflag:LADD,,no
abe1ec,N865FE,C208,FEDERAL EXPRESS CORPORATION,16,AZ|NJ,"2023-03-21 New Brunswick,NJ; 2024-12-19 Phoenix,AZ; 2024-12-19 Phoenix,AZ; 2024-12-20 Phoenix,AZ; 2024-12-20 Phoenix,AZ; 2024-12-20 Phoenix,AZ; 2024-12-21 Phoenix,AZ; 2024-12-21 Phoenix,AZ; 2024-12-21 Phoenix,AZ; 2024-12-23 Phoenix,AZ; 2025-02-17 Phoenix,AZ; 2025-02-19 Phoenix,AZ; 2025-02-19 Phoenix,AZ; 2025-02-20 Phoenix,AZ; 2025-09-20 Glendale,AZ; 2025-09-22 Glendale,AZ",KEWR|KPHX,government_operator_string,,no
a3ed96,N352PX,B350,FREEPORT MINERALS CORP,15,AZ|CA|UT,"2023-12-15 Phoenix,AZ; 2023-12-20 Phoenix,AZ; 2024-03-18 Phoenix,AZ; 2024-03-20 Phoenix,AZ; 2024-09-02 Phoenix,AZ; 2024-09-03 Phoenix,AZ; 2024-09-04 Phoenix,AZ; 2024-10-27 Phoenix,AZ; 2024-12-23 Phoenix,AZ; 2025-02-17 Phoenix,AZ; 2025-02-20 Phoenix,AZ; 2025-03-03 Los Angeles,CA; 2025-09-10 Orem,UT; 2025-09-21 Glendale,AZ; 2025-09-22 Glendale,AZ",KABQ|KHHR|KPHX|KPVU,dbflag:LADD,Albuquerque,yes
a9f084,N74DH,GL5T,HALBERT & ASSOCIATES LLC,15,AZ|TX,"2023-06-09 Grapevine,TX; 2023-06-09 Grapevine,TX; 2023-06-10 Grapevine,TX; 2023-06-10 Grapevine,TX; 2023-06-10 Grapevine,TX; 2023-06-12 Grapevine,TX; 2024-03-20 Phoenix,AZ; 2024-09-11 Denton,TX; 2024-12-23 Phoenix,AZ; 2025-02-20 Phoenix,AZ; 2025-06-13 Grapevine,TX; 2025-06-13 Grapevine,TX; 2025-08-21 Dallas,TX; 2025-08-21 Dallas,TX; 2025-08-21 Dallas,TX",KAFW|KDFW|KPHX,dbflag:LADD,,no
aaa3ef,N785JP,BE9L,GUARDIAN FLIGHT LLC,15,AZ|CO,"2023-12-15 Phoenix,AZ; 2023-12-16 Phoenix,AZ; 2023-12-16 Phoenix,AZ; 2023-12-17 Phoenix,AZ; 2023-12-17 Phoenix,AZ; 2023-12-17 Phoenix,AZ; 2023-12-20 Phoenix,AZ; 2024-03-18 Phoenix,AZ; 2024-09-02 Phoenix,AZ; 2024-09-03 Phoenix,AZ; 2024-09-04 Phoenix,AZ; 2025-02-17 Phoenix,AZ; 2025-02-20 Phoenix,AZ; 2025-09-12 Woodland Park,CO; 2025-09-20 Glendale,AZ",KABQ|KAEG|KAPA|KDVT|KPHX|KSAF,dbflag:LADD,Albuquerque,yes
aab5ff,N79DH,G280,CARIS SCIENCE INC,15,AZ|TX,"2023-06-12 Grapevine,TX; 2023-12-16 Phoenix,AZ; 2023-12-16 Phoenix,AZ; 2023-12-19 Phoenix,AZ; 2023-12-19 Phoenix,AZ; 2025-06-13 Grapevine,TX; 2025-06-13 Grapevine,TX; 2025-06-14 Grapevine,TX; 2025-06-14 Grapevine,TX; 2025-06-14 Grapevine,TX; 2025-06-15 Grapevine,TX; 2025-06-15 Grapevine,TX; 2025-08-21 Dallas,TX; 2025-08-21 Dallas,TX; 2025-08-21 Dallas,TX",KAFW|KDFW|KPHX,dbflag:LADD,,no
ad260e,N94618,C172,FLIGHT TRAINER LLC,15,AZ|UT,"2023-12-15 Phoenix,AZ; 2023-12-16 Phoenix,AZ; 2023-12-16 Phoenix,AZ; 2023-12-17 Phoenix,AZ; 2023-12-17 Phoenix,AZ; 2023-12-17 Phoenix,AZ; 2023-12-19 Phoenix,AZ; 2023-12-19 Phoenix,AZ; 2023-12-20 Phoenix,AZ; 2024-04-22 Salt Lake City,UT; 2024-04-23 Salt Lake City,UT; 2024-04-24 Salt Lake City,UT; 2024-12-21 Phoenix,AZ; 2024-12-21 Phoenix,AZ; 2024-12-21 Phoenix,AZ",KGEU|KOGD,dbflag:LADD,,no
a2cf09,N280LV,G280,ASNY AVIATION LLC,14,CA|NV,"2024-01-31 Las Vegas,NV; 2024-01-31 Las Vegas,NV; 2024-01-31 Las Vegas,NV; 2024-02-02 Las Vegas,NV; 2024-02-02 Las Vegas,NV; 2024-02-02 Las Vegas,NV; 2024-02-03 Las Vegas,NV; 2024-02-03 Las Vegas,NV; 2024-02-03 Las Vegas,NV; 2024-02-04 Las Vegas,NV; 2024-02-04 Las Vegas,NV; 2024-02-05 Las Vegas,NV; 2024-03-20 Las Vegas,NV; 2025-05-02 San Diego,CA",KLAS|KSAN,dbflag:LADD,,no
a42a15,N368AS,E55P,"EXECUTIVE AIRSHARE LLC, DAVIS JILL, PEREGRINE FLIGHT SERVICES LL",14,AZ|CO|TX,"2023-09-26 Tempe,AZ; 2024-06-09 San Antonio,TX; 2024-06-09 San Antonio,TX; 2025-06-13 Grapevine,TX; 2025-06-13 Grapevine,TX; 2025-06-14 Grapevine,TX; 2025-06-14 Grapevine,TX; 2025-06-14 Grapevine,TX; 2025-06-15 Grapevine,TX; 2025-06-15 Grapevine,TX; 2025-06-16 Grapevine,TX; 2025-08-22 Dallas,TX; 2025-08-22 Dallas,TX; 2025-09-10 Woodland Park,CO",KAPA|KFTW|KSAT|KSDL,government_operator_string,,no
a4cf33,N409MR,CL30,FLEX AIR LLC,14,AZ|GA,"2023-09-27 Tempe,AZ; 2023-12-17 Phoenix,AZ; 2023-12-17 Phoenix,AZ; 2023-12-17 Phoenix,AZ; 2024-03-20 Phoenix,AZ; 2024-09-03 Phoenix,AZ; 2024-10-24 Duluth,GA; 2024-12-21 Phoenix,AZ; 2024-12-21 Phoenix,AZ; 2024-12-21 Phoenix,AZ; 2024-12-22 Phoenix,AZ; 2024-12-22 Phoenix,AZ; 2025-02-20 Phoenix,AZ; 2025-09-21 Glendale,AZ",KDSM|KGVL|KSDL,dbflag:LADD,Des Moines,yes
a4f7fb,N4190V,C72R,ATP AIRCRAFT 2 LLC,14,AZ|CA,"2023-03-13 Davis,CA; 2023-03-15 Davis,CA; 2024-05-16 San Diego,CA; 2024-05-17 San Diego,CA; 2024-10-16 Tucson,AZ; 2024-10-27 Phoenix,AZ; 2024-12-23 Phoenix,AZ; 2025-02-20 Phoenix,AZ; 2025-03-02 Los Angeles,CA; 2025-03-03 Los Angeles,CA; 2025-03-04 Los Angeles,CA; 2025-04-30 San Diego,CA; 2025-05-01 San Diego,CA; 2025-05-02 San Diego,CA",KAVQ|KCRQ|KIWA|KLGB|KMYF|KSAC,dbflag:LADD,,no
a95d9d,N702SS,H25B,N702SS LLC,14,AZ|CA|MN|NV|VA,"2023-10-01 San Jose,CA; 2023-12-17 Phoenix,AZ; 2023-12-17 Phoenix,AZ; 2023-12-17 Phoenix,AZ; 2023-12-20 Phoenix,AZ; 2024-03-18 Phoenix,AZ; 2024-05-07 Las Vegas,NV; 2025-05-01 San Diego,CA; 2025-08-09 Rancho Palos Verdes,CA; 2025-09-22 Glendale,AZ; 2025-09-23 Blacksburg,VA; 2025-09-23 Minneapolis,MN; 2025-09-24 Blacksburg,VA; 2025-09-25 Blacksburg,VA",KBCB|KCRQ|KLAS|KONT|KSDL|KSFO|KSTP,dbflag:LADD,,no
a9961f,N717AS,CL30,"EXECUTIVE AIRSHARE LLC, PRICE KENT, PRICE ANDREA, TOM AND PAM RU",14,AZ|DC|TN|TX,"2025-01-19 Washington,DC; 2025-01-19 Washington,DC; 2025-01-20 Washington,DC; 2025-01-20 Washington,DC; 2025-06-15 Grapevine,TX; 2025-06-15 Grapevine,TX; 2025-06-16 Grapevine,TX; 2025-08-22 Dallas,TX; 2025-08-22 Dallas,TX; 2025-08-23 Dallas,TX; 2025-09-20 Murfreesboro,TN; 2025-09-20 Murfreesboro,TN; 2025-09-21 Glendale,AZ; 2025-09-22 Glendale,AZ",KFTW|KIAD|KJWN|KPHX|KSDL,government_operator_string,,no
ace044,N929GW,LJ60,PUBLIX SUPER MARKETS INC,14,FL|GA,"2024-07-25 West Palm Beach,FL; 2024-07-25 West Palm Beach,FL; 2024-07-25 West Palm Beach,FL; 2024-07-26 West Palm Beach,FL; 2024-07-26 West Palm Beach,FL; 2024-07-26 West Palm Beach,FL; 2024-10-22 Athens,GA; 2024-10-22 Atlanta,GA; 2024-10-22 Duluth,GA; 2024-10-23 Athens,GA; 2024-10-23 Duluth,GA; 2025-07-09 Tampa,FL; 2025-07-09 Tampa,FL; 2025-07-14 Tampa,FL",KGVL|KLAL|KSUA,dbflag:LADD,,no
a08a96,N134FM,C56X,PENO BOTTOM AIRCRAFT LLC,13,AZ|CA|TX,"2024-10-27 Phoenix,AZ; 2025-06-12 Grapevine,TX; 2025-06-13 Grapevine,TX; 2025-06-13 Grapevine,TX; 2025-06-14 Grapevine,TX; 2025-06-14 Grapevine,TX; 2025-06-14 Grapevine,TX; 2025-08-05 Rancho Palos Verdes,CA; 2025-08-06 Rancho Palos Verdes,CA; 2025-08-06 Rancho Palos Verdes,CA; 2025-08-07 Rancho Palos Verdes,CA; 2025-08-07 Rancho Palos Verdes,CA; 2025-08-07 Rancho Palos Verdes,CA",KDAL|KFTW|KPHX|KVNY,dbflag:LADD,,no
a48322,N390DP,PRM1,JETSTART CLUB LLC,13,AZ|MT,"2023-12-17 Phoenix,AZ; 2023-12-17 Phoenix,AZ; 2023-12-17 Phoenix,AZ; 2023-12-19 Phoenix,AZ; 2023-12-19 Phoenix,AZ; 2023-12-20 Phoenix,AZ; 2024-12-19 Phoenix,AZ; 2024-12-19 Phoenix,AZ; 2024-12-20 Phoenix,AZ; 2024-12-20 Phoenix,AZ; 2024-12-20 Phoenix,AZ; 2025-02-17 Phoenix,AZ; 2025-10-08 Bozeman,MT",KBZN|KSDL,dbflag:LADD,,no
a71295,N555GA,GLF6,TVPX ARS INC TRUSTEE,13,AZ|CA|DC|TX,"2024-03-20 Phoenix,AZ; 2024-09-11 Denton,TX; 2024-09-12 Denton,TX; 2025-01-21 Washington,DC; 2025-03-02 Los Angeles,CA; 2025-08-20 Dallas,TX; 2025-08-20 Dallas,TX; 2025-08-21 Dallas,TX; 2025-08-21 Dallas,TX; 2025-08-21 Dallas,TX; 2025-08-22 Dallas,TX; 2025-08-22 Dallas,TX; 2025-08-23 Dallas,TX",KDAL|KIAD|KLAX|KSDL,dbflag:LADD,,no
a75235,N571AW,BE30,CSI 135 DIVISION LLC,13,AZ|TX,"2024-09-03 Phoenix,AZ; 2024-12-19 Phoenix,AZ; 2024-12-19 Phoenix,AZ; 2024-12-20 Phoenix,AZ; 2024-12-20 Phoenix,AZ; 2024-12-20 Phoenix,AZ; 2024-12-21 Phoenix,AZ; 2024-12-21 Phoenix,AZ; 2024-12-21 Phoenix,AZ; 2024-12-22 Phoenix,AZ; 2024-12-22 Phoenix,AZ; 2025-08-20 Dallas,TX; 2025-08-20 Dallas,TX",KABQ|KDAL|KIWA|KPHX,dbflag:LADD,Albuquerque,yes
a7e4f9,N608AB,CL30,CL350 20589 LLC,13,AZ|TX,"2023-12-17 Phoenix,AZ; 2023-12-17 Phoenix,AZ; 2023-12-17 Phoenix,AZ; 2024-09-12 Denton,TX; 2025-06-12 Grapevine,TX; 2025-06-13 Grapevine,TX; 2025-06-13 Grapevine,TX; 2025-06-14 Grapevine,TX; 2025-06-14 Grapevine,TX; 2025-06-14 Grapevine,TX; 2025-06-15 Grapevine,TX; 2025-06-15 Grapevine,TX; 2025-06-16 Grapevine,TX",KFTW|KPHX,dbflag:LADD,,no
a98074,N711HA,CL30,HOYT AIR INC,13,AZ|CA,"2023-09-27 Tempe,AZ; 2023-12-19 Phoenix,AZ; 2023-12-19 Phoenix,AZ; 2023-12-20 Phoenix,AZ; 2024-09-02 Phoenix,AZ; 2024-09-04 Phoenix,AZ; 2024-12-21 Phoenix,AZ; 2024-12-21 Phoenix,AZ; 2024-12-21 Phoenix,AZ; 2024-12-22 Phoenix,AZ; 2024-12-22 Phoenix,AZ; 2024-12-23 Phoenix,AZ; 2025-05-02 San Diego,CA",KSAN|KSDL,dbflag:LADD,,no
aa83fb,N777KT,C750,FPV LLC,13,AZ|DC,"2023-12-17 Phoenix,AZ; 2023-12-17 Phoenix,AZ; 2023-12-17 Phoenix,AZ; 2024-03-18 Phoenix,AZ; 2024-03-20 Phoenix,AZ; 2024-12-20 Phoenix,AZ; 2024-12-20 Phoenix,AZ; 2024-12-20 Phoenix,AZ; 2025-01-19 Washington,DC; 2025-01-19 Washington,DC; 2025-01-21 Washington,DC; 2025-02-19 Phoenix,AZ; 2025-02-19 Phoenix,AZ",KIAD|KSDL,dbflag:LADD,,no
ab73a0,N837P,P28A,PROFESSIONAL TRAINING AIRCRAFT LLC,13,FL|GA|MI,"2024-06-14 Detroit,MI; 2024-06-14 Detroit,MI; 2024-06-15 Detroit,MI; 2024-06-15 Detroit,MI; 2024-06-15 Detroit,MI; 2024-06-16 Detroit,MI; 2024-06-16 Detroit,MI; 2025-03-21 Gainesville,GA; 2025-07-09 Tampa,FL; 2025-07-09 Tampa,FL; 2025-07-10 Tampa,FL; 2025-07-10 Tampa,FL; 2025-07-10 Tampa,FL",2E8|KLAL|KLZU|KYIP|US-4965,dbflag:LADD,,no
ab8b3e,N843CP,LJ60,MAROON AND GOLD LLC,13,AZ|FL,"2024-12-20 Phoenix,AZ; 2024-12-20 Phoenix,AZ; 2024-12-20 Phoenix,AZ; 2024-12-21 Phoenix,AZ; 2024-12-21 Phoenix,AZ; 2024-12-21 Phoenix,AZ; 2024-12-22 Phoenix,AZ; 2024-12-22 Phoenix,AZ; 2024-12-23 Phoenix,AZ; 2025-02-19 Phoenix,AZ; 2025-02-19 Phoenix,AZ; 2025-07-09 Tampa,FL; 2025-07-09 Tampa,FL",KABQ|KDVT|KTPA,dbflag:LADD,Albuquerque,yes
a03fc6,N115LF,CL30,AIRLYNNER LLC,12,AZ|DC,"2024-12-19 Phoenix,AZ; 2024-12-19 Phoenix,AZ; 2024-12-20 Phoenix,AZ; 2024-12-20 Phoenix,AZ; 2024-12-20 Phoenix,AZ; 2024-12-21 Phoenix,AZ; 2024-12-21 Phoenix,AZ; 2024-12-21 Phoenix,AZ; 2025-01-21 Washington,DC; 2025-02-17 Phoenix,AZ; 2025-09-21 Glendale,AZ; 2025-09-22 Glendale,AZ",KDVT|KIAD,dbflag:LADD,,no
a12701,N1732S,C172,CAREER PILOT TRAINING LLC,12,AZ|UT,"2023-12-16 Phoenix,AZ; 2023-12-16 Phoenix,AZ; 2023-12-17 Phoenix,AZ; 2023-12-17 Phoenix,AZ; 2023-12-17 Phoenix,AZ; 2023-12-19 Phoenix,AZ; 2023-12-19 Phoenix,AZ; 2023-12-20 Phoenix,AZ; 2025-09-09 Orem,UT; 2025-09-10 Orem,UT; 2025-09-11 Orem,UT; 2025-10-01 Logan,UT",KGEU|KOGD|KPVU|US-3999,dbflag:LADD,,no
a3276a,N302GV,E55P,GRANDVIEW AVIATION LLC,12,AZ|FL|GA,"2024-03-20 Phoenix,AZ; 2024-07-25 West Palm Beach,FL; 2024-07-25 West Palm Beach,FL; 2024-07-25 West Palm Beach,FL; 2024-07-26 West Palm Beach,FL; 2024-07-26 West Palm Beach,FL; 2024-07-26 West Palm Beach,FL; 2024-07-27 West Palm Beach,FL; 2024-07-27 West Palm Beach,FL; 2024-07-27 West Palm Beach,FL; 2024-10-22 Atlanta,GA; 2024-10-22 Duluth,GA",KFLL|KPDK|KSDL|KSUA,dbflag:LADD,,no
a4fbf5,N420DL,C56X,PERFECT AGREEMENTS LEASING INC,12,AZ|CA,"2025-02-19 Phoenix,AZ; 2025-02-19 Phoenix,AZ; 2025-02-20 Phoenix,AZ; 2025-03-03 Los Angeles,CA; 2025-05-07 San Francisco,CA; 2025-08-05 Rancho Palos Verdes,CA; 2025-08-06 Rancho Palos Verdes,CA; 2025-08-06 Rancho Palos Verdes,CA; 2025-08-07 Rancho Palos Verdes,CA; 2025-08-07 Rancho Palos Verdes,CA; 2025-08-07 Rancho Palos Verdes,CA; 2025-08-09 Rancho Palos Verdes,CA",KABQ|KGEG|KLAX|KOAK|KSDL|KSNA,dbflag:LADD,Albuquerque|Spokane,yes
a728a8,N560TW,C56X,T W LEWIS-AVIATION LLC,12,AZ|UT,"2023-09-28 Tempe,AZ; 2023-12-19 Phoenix,AZ; 2023-12-19 Phoenix,AZ; 2024-03-18 Phoenix,AZ; 2024-09-03 Phoenix,AZ; 2024-09-04 Phoenix,AZ; 2024-12-21 Phoenix,AZ; 2024-12-21 Phoenix,AZ; 2024-12-21 Phoenix,AZ; 2025-09-10 Orem,UT; 2025-09-21 Glendale,AZ; 2025-09-22 Glendale,AZ",KABQ|KPVU|KSDL,tracked_fleet:N560TW,Albuquerque,yes
a7d267,N603AC,LJ60,CRITICAL AIR RESPONSE ENTERPRISES LLC,12,AZ|CA,"2023-12-15 Phoenix,AZ; 2023-12-19 Phoenix,AZ; 2023-12-19 Phoenix,AZ; 2024-03-18 Phoenix,AZ; 2024-09-04 Phoenix,AZ; 2025-02-17 Phoenix,AZ; 2025-02-19 Phoenix,AZ; 2025-02-19 Phoenix,AZ; 2025-02-20 Phoenix,AZ; 2025-08-09 Rancho Palos Verdes,CA; 2025-09-20 Glendale,AZ; 2025-09-21 Glendale,AZ",KABQ|KDVT|KLGB,dbflag:LADD,Albuquerque,yes
aa9913,N782MM,E550,MANDALAY RESORT GROUP LLC,12,AZ|CA|NV|TX,"2023-09-27 Tempe,AZ; 2023-11-09 Los Angeles,CA; 2023-12-15 Phoenix,AZ; 2024-01-30 Las Vegas,NV; 2024-01-30 Las Vegas,NV; 2024-01-30 Las Vegas,NV; 2024-03-20 Las Vegas,NV; 2024-05-07 Las Vegas,NV; 2024-09-12 Denton,TX; 2024-10-23 Las Vegas,NV; 2024-10-24 Las Vegas,NV; 2025-03-02 Los Angeles,CA",KDAL|KLAS|KLAX|KSDL,dbflag:LADD,,no
ad5a5c,N96FT,G280,WILMINGTON TRUST CO TRUSTEE,12,CA|GA|NV,"2024-02-01 Las Vegas,NV; 2024-02-01 Las Vegas,NV; 2024-02-01 Las Vegas,NV; 2024-10-22 Atlanta,GA; 2024-10-22 Duluth,GA; 2024-10-23 Las Vegas,NV; 2025-08-05 Rancho Palos Verdes,CA; 2025-08-06 Rancho Palos Verdes,CA; 2025-08-06 Rancho Palos Verdes,CA; 2025-08-07 Rancho Palos Verdes,CA; 2025-08-07 Rancho Palos Verdes,CA; 2025-08-07 Rancho Palos Verdes,CA",KHND|KLAS|KRYY|KSNA|KVNY,dbflag:LADD,,no
a2178d,N234BZ,E135,RVR AIR CHARTER LLC,11,AZ|CA|CO|UT,"2023-12-16 Phoenix,AZ; 2023-12-16 Phoenix,AZ; 2023-12-20 Phoenix,AZ; 2025-08-06 Rancho Palos Verdes,CA; 2025-08-06 Rancho Palos Verdes,CA; 2025-08-07 Rancho Palos Verdes,CA; 2025-08-07 Rancho Palos Verdes,CA; 2025-08-07 Rancho Palos Verdes,CA; 2025-08-09 Rancho Palos Verdes,CA; 2025-09-10 Orem,UT; 2025-09-11 Woodland Park,CO",KABQ|KAPA|KDSM|KPHX|KSLC|KVNY,dbflag:LADD,Albuquerque|Des Moines,yes
a30615,N294TX,E55P,TRANSMEDICS INC,11,AZ|FL|GA|TX,"2024-07-26 West Palm Beach,FL; 2024-07-26 West Palm Beach,FL; 2024-07-26 West Palm Beach,FL; 2024-10-20 Atlanta,GA; 2024-10-21 Atlanta,GA; 2024-10-22 Atlanta,GA; 2024-10-22 Duluth,GA; 2025-06-15 Grapevine,TX; 2025-06-15 Grapevine,TX; 2025-06-16 Grapevine,TX; 2025-09-21 Glendale,AZ",KABQ|KATL|KDAL|KFXE|KGEG|KSDL,dbflag:LADD,Albuquerque|Spokane,yes
a482cb,N390AB,PRM1,"T FARC LLC, BYRON AVIATION LLC",11,DC|FL,"2025-01-19 Washington,DC; 2025-01-19 Washington,DC; 2025-01-21 Washington,DC; 2025-07-09 Tampa,FL; 2025-07-09 Tampa,FL; 2025-07-10 Tampa,FL; 2025-07-10 Tampa,FL; 2025-07-10 Tampa,FL; 2025-07-11 Tampa,FL; 2025-07-11 Tampa,FL; 2025-07-11 Tampa,FL",KIAD|KTPA,dbflag:LADD,,no
a4fc13,N420ER,C72R,ATP AIRCRAFT 2 LLC,11,CA|UT,"2024-04-23 Salt Lake City,UT; 2024-04-24 Salt Lake City,UT; 2025-04-30 San Diego,CA; 2025-05-01 San Diego,CA; 2025-05-02 San Diego,CA; 2025-08-05 Rancho Palos Verdes,CA; 2025-08-06 Rancho Palos Verdes,CA; 2025-08-06 Rancho Palos Verdes,CA; 2025-08-07 Rancho Palos Verdes,CA; 2025-08-07 Rancho Palos Verdes,CA; 2025-08-07 Rancho Palos Verdes,CA",KCRQ|KLGB|KOGD|KOKB,dbflag:LADD,,no
a58504,N455DK,PC12,DANCO BUILDERS,11,AZ|CA,"2023-10-02 San Jose,CA; 2023-12-17 Phoenix,AZ; 2023-12-17 Phoenix,AZ; 2023-12-17 Phoenix,AZ; 2023-12-19 Phoenix,AZ; 2023-12-19 Phoenix,AZ; 2024-12-21 Phoenix,AZ; 2024-12-21 Phoenix,AZ; 2024-12-21 Phoenix,AZ; 2024-12-22 Phoenix,AZ; 2024-12-22 Phoenix,AZ",KPHX|KSJC,dbflag:LADD,,no
a7facd,N613KJ,C25B,J2 AVIATION LLC,11,AZ|CA|FL|NV,"2023-10-01 San Jose,CA; 2023-12-17 Phoenix,AZ; 2023-12-17 Phoenix,AZ; 2023-12-17 Phoenix,AZ; 2024-02-05 Las Vegas,NV; 2024-05-07 Las Vegas,NV; 2025-07-12 Tampa,FL; 2025-07-12 Tampa,FL; 2025-07-12 Tampa,FL; 2025-07-13 Tampa,FL; 2025-07-13 Tampa,FL",KABQ|KLAS|KOAK|KSDL|KVDF,dbflag:LADD,Albuquerque,yes
aa955c,N781MM,E550,MIRAGE RESORTS LLC,11,CA|NV,"2024-01-31 Las Vegas,NV; 2024-01-31 Las Vegas,NV; 2024-01-31 Las Vegas,NV; 2024-02-02 Las Vegas,NV; 2024-02-02 Las Vegas,NV; 2024-02-02 Las Vegas,NV; 2024-02-04 Las Vegas,NV; 2024-02-04 Las Vegas,NV; 2025-08-06 Rancho Palos Verdes,CA; 2025-08-06 Rancho Palos Verdes,CA; 2025-08-09 Rancho Palos Verdes,CA",KLAS|KONT|KVNY,dbflag:LADD,,no
ac66df,N899BC,F2TH,"THABIT HOLDING CO LLC, DELAWARE TRUST CO TRUSTEE",11,CA|NV,"2024-02-02 Las Vegas,NV; 2024-02-02 Las Vegas,NV; 2024-02-02 Las Vegas,NV; 2024-02-04 Las Vegas,NV; 2024-02-04 Las Vegas,NV; 2025-08-05 Rancho Palos Verdes,CA; 2025-08-06 Rancho Palos Verdes,CA; 2025-08-06 Rancho Palos Verdes,CA; 2025-08-07 Rancho Palos Verdes,CA; 2025-08-07 Rancho Palos Verdes,CA; 2025-08-07 Rancho Palos Verdes,CA",KLAS|KSNA,dbflag:LADD,,no
ace6cb,N930MQ,BE9L,GUARDIAN FLIGHT LLC,11,AZ|CA|CO,"2024-03-20 Phoenix,AZ; 2024-09-09 Boulder,CO; 2024-12-20 Phoenix,AZ; 2024-12-20 Phoenix,AZ; 2024-12-20 Phoenix,AZ; 2024-12-22 Phoenix,AZ; 2024-12-22 Phoenix,AZ; 2025-02-19 Phoenix,AZ; 2025-02-19 Phoenix,AZ; 2025-02-20 Phoenix,AZ; 2025-08-09 Rancho Palos Verdes,CA",KABQ|KAEG|KDVT|KFNL|KPHX|KSAF|KSNA,dbflag:LADD,Albuquerque,yes
a0fef7,,,,10,AZ|MT|TX,"2024-09-10 Denton,TX; 2024-12-23 Phoenix,AZ; 2025-08-20 Dallas,TX; 2025-08-20 Dallas,TX; 2025-08-21 Dallas,TX; 2025-08-21 Dallas,TX; 2025-08-21 Dallas,TX; 2025-08-22 Dallas,TX; 2025-08-22 Dallas,TX; 2025-10-07 Bozeman,MT",KBZN|KFTW|KGYR,dbflag:PIA|no_registration,,no
c066dd,C-GMYU,BCS3,Air Canada,10,CO|TX|UT,"2024-09-09 Boulder,CO; 2025-08-20 Dallas,TX; 2025-08-20 Dallas,TX; 2025-08-21 Dallas,TX; 2025-08-21 Dallas,TX; 2025-08-21 Dallas,TX; 2025-08-22 Dallas,TX; 2025-08-22 Dallas,TX; 2025-08-23 Dallas,TX; 2025-09-09 Orem,UT",KDEN|KDFW|KSLC,non_us_registration,,no
a00f8c,N10274,GLF5,RED CLOUD AVIATION LLC,10,DC|FL,"2025-01-19 Washington,DC; 2025-01-19 Washington,DC; 2025-07-09 Tampa,FL; 2025-07-09 Tampa,FL; 2025-07-10 Tampa,FL; 2025-07-10 Tampa,FL; 2025-07-10 Tampa,FL; 2025-07-11 Tampa,FL; 2025-07-11 Tampa,FL; 2025-07-11 Tampa,FL",KIAD|KTPA,dbflag:LADD,,no
a04a41,N118DL,H25B,"CHAUCER CREEK OUTDOORS LLC, PDTT LLC",10,AZ|FL|UT,"2024-04-22 Salt Lake City,UT; 2024-04-23 Salt Lake City,UT; 2024-12-22 Phoenix,AZ; 2024-12-22 Phoenix,AZ; 2025-07-12 Tampa,FL; 2025-07-12 Tampa,FL; 2025-07-12 Tampa,FL; 2025-07-13 Tampa,FL; 2025-07-13 Tampa,FL; 2025-07-14 Tampa,FL",KABQ|KPIE|KPVU|KSDL,dbflag:LADD,Albuquerque,yes
a126bb,N1730S,C172,CAREER PILOT TRAINING LLC,10,AZ|TX|UT,"2024-06-06 San Antonio,TX; 2024-06-07 San Antonio,TX; 2024-06-07 San Antonio,TX; 2024-06-09 San Antonio,TX; 2024-06-09 San Antonio,TX; 2024-06-10 San Antonio,TX; 2024-12-23 Phoenix,AZ; 2025-09-29 Logan,UT; 2025-09-30 Logan,UT; 2025-10-01 Logan,UT",KGEU|KOGD|KSAT,dbflag:LADD,,no
a1aec2,N20727,C172,ATPCE LLC,10,AZ|CA|UT,"2024-09-02 Phoenix,AZ; 2024-09-03 Phoenix,AZ; 2024-09-04 Phoenix,AZ; 2024-10-27 Phoenix,AZ; 2024-10-29 Phoenix,AZ; 2025-03-04 Los Angeles,CA; 2025-05-02 San Diego,CA; 2025-09-29 Logan,UT; 2025-09-30 Logan,UT; 2025-10-01 Logan,UT",KAEG|KCRQ|KGEU|KOGD|KPOC,dbflag:LADD,Albuquerque,yes
a1ecac,N223FJ,F2TH,VAN DUZER AVIATION LLC,10,AZ|TX,"2023-12-19 Phoenix,AZ; 2023-12-19 Phoenix,AZ; 2024-09-10 Denton,TX; 2024-12-20 Phoenix,AZ; 2024-12-20 Phoenix,AZ; 2024-12-20 Phoenix,AZ; 2025-02-17 Phoenix,AZ; 2025-06-12 Grapevine,TX; 2025-06-15 Grapevine,TX; 2025-06-15 Grapevine,TX",KDAL|KPHX|KSDL,dbflag:LADD,,no
a23a06,N24215,C172,CAREER TRACK 1 LLC,10,AZ|TX,"2024-09-02 Phoenix,AZ; 2024-10-17 Tucson,AZ; 2024-12-20 Phoenix,AZ; 2024-12-20 Phoenix,AZ; 2024-12-20 Phoenix,AZ; 2024-12-23 Phoenix,AZ; 2025-08-21 Dallas,TX; 2025-08-21 Dallas,TX; 2025-08-21 Dallas,TX; 2025-08-23 Dallas,TX",KAVQ|KFFZ|KGEU|KGKY,dbflag:LADD,,no
a3231a,N301AS,E55P,"EXECUTIVE AIRSHARE LLC, SAP PROPERTIES LLC, LAE HOLDINGS LLC",10,AZ|CO|MN|TX,"2024-09-10 Denton,TX; 2024-09-11 Denton,TX; 2025-02-17 Phoenix,AZ; 2025-02-20 Phoenix,AZ; 2025-06-16 Grapevine,TX; 2025-08-20 Dallas,TX; 2025-08-20 Dallas,TX; 2025-08-23 Dallas,TX; 2025-09-10 Woodland Park,CO; 2025-09-21 Minneapolis,MN",KAFW|KCOS|KFCM|KFTW|KPHX|KSDL,government_operator_string,,no
a31d98,N30GJ,LJ60,PUBLIX SUPER MARKETS INC,10,FL|GA,"2024-07-23 West Palm Beach,FL; 2024-07-24 West Palm Beach,FL; 2024-07-24 West Palm Beach,FL; 2025-03-17 Gainesville,GA; 2025-07-10 Tampa,FL; 2025-07-10 Tampa,FL; 2025-07-10 Tampa,FL; 2025-07-11 Tampa,FL; 2025-07-11 Tampa,FL; 2025-07-11 Tampa,FL",KLAL|KRYY|KSUA,dbflag:LADD,,no
a3a873,N335AS,E55P,"EXECUTIVE AIRSHARE LLC, JLK AVIATION LLC, MAC-TECH INC, TIMBUKTO",10,AZ|CO|GA|MT|TX,"2023-03-28 Fort Worth,TX; 2024-09-10 Boulder,CO; 2024-10-20 Atlanta,GA; 2024-12-19 Phoenix,AZ; 2024-12-19 Phoenix,AZ; 2025-08-20 Dallas,TX; 2025-08-20 Dallas,TX; 2025-08-22 Dallas,TX; 2025-08-22 Dallas,TX; 2025-10-07 Bozeman,MT",KAFW|KAPA|KBZN|KFTW|KFTY|KSDL,government_operator_string,,no
a3f5a4,N354WG,CL30,AUTOMATIC PRESS LLC,10,AZ|NV,"2023-09-28 Tempe,AZ; 2024-03-20 Las Vegas,NV; 2024-03-20 Phoenix,AZ; 2024-12-19 Phoenix,AZ; 2024-12-19 Phoenix,AZ; 2024-12-20 Phoenix,AZ; 2024-12-20 Phoenix,AZ; 2024-12-20 Phoenix,AZ; 2025-02-20 Phoenix,AZ; 2025-09-21 Glendale,AZ",KGEU|KLAS|KSDL,dbflag:LADD,,no
a3fcfb,N356VJ,CL30,BANK OF UTAH TRUSTEE,10,AZ|CA|DC|TX,"2023-09-26 Tempe,AZ; 2024-05-17 San Diego,CA; 2025-01-19 Washington,DC; 2025-01-19 Washington,DC; 2025-01-20 Washington,DC; 2025-01-20 Washington,DC; 2025-01-21 Washington,DC; 2025-06-13 Grapevine,TX; 2025-06-13 Grapevine,TX; 2025-08-05 Rancho Palos Verdes,CA",KCRQ|KDAL|KIAD|KLAX|KSDL,dbflag:LADD,,no
a4327a,N37LP,GL5T,TVPX AIRCRAFT SOLUTIONS INC TRUSTEE,10,AZ|NV|TX,"2024-02-03 Las Vegas,NV; 2024-02-03 Las Vegas,NV; 2024-02-03 Las Vegas,NV; 2024-02-04 Las Vegas,NV; 2024-02-04 Las Vegas,NV; 2024-03-18 Phoenix,AZ; 2025-08-21 Dallas,TX; 2025-08-21 Dallas,TX; 2025-08-21 Dallas,TX; 2025-08-23 Dallas,TX",KCOE|KFTW|KGEG|KLAS|KSDL,dbflag:LADD,Spokane,yes
a48e39,N393D,P28A,NATIONAL TRAINING 1 LLC,10,FL|GA,"2024-07-23 West Palm Beach,FL; 2024-07-25 West Palm Beach,FL; 2024-07-25 West Palm Beach,FL; 2024-07-25 West Palm Beach,FL; 2024-07-26 West Palm Beach,FL; 2024-07-26 West Palm Beach,FL; 2024-07-26 West Palm Beach,FL; 2025-03-20 Gainesville,GA; 2025-03-20 Gainesville,GA; 2025-03-21 Gainesville,GA",6GA0|FD08|KFXE|KLZU,dbflag:LADD,,no
a4c314,N406BR,C25B,PRESTIGE WORLDWIDE UNLIMITED LLC,10,AZ|TX|UT,"2024-09-03 Phoenix,AZ; 2024-12-20 Phoenix,AZ; 2024-12-20 Phoenix,AZ; 2024-12-20 Phoenix,AZ; 2025-06-14 Grapevine,TX; 2025-06-14 Grapevine,TX; 2025-06-14 Grapevine,TX; 2025-06-15 Grapevine,TX; 2025-06-15 Grapevine,TX; 2025-09-09 Orem,UT",KFTW|KPHX|KSPK,dbflag:LADD,,no
a50495,N422RS,E55P,SSI DIAGNOSTICS LLC,10,AZ|FL,"2024-07-23 West Palm Beach,FL; 2024-07-24 West Palm Beach,FL; 2024-07-24 West Palm Beach,FL; 2024-12-20 Phoenix,AZ; 2024-12-20 Phoenix,AZ; 2024-12-20 Phoenix,AZ; 2024-12-21 Phoenix,AZ; 2024-12-21 Phoenix,AZ; 2024-12-21 Phoenix,AZ; 2025-02-20 Phoenix,AZ",KBCT|KPHX,dbflag:LADD,,no
a5487b,N44CE,GLF4,EVERGREEN EXECUTIVE HOLDINGS LLC,10,FL|GA,"2024-07-24 West Palm Beach,FL; 2024-07-24 West Palm Beach,FL; 2024-07-25 West Palm Beach,FL; 2024-07-25 West Palm Beach,FL; 2024-07-25 West Palm Beach,FL; 2024-07-26 West Palm Beach,FL; 2024-07-26 West Palm Beach,FL; 2024-07-26 West Palm Beach,FL; 2024-10-22 Atlanta,GA; 2024-10-22 Duluth,GA",KATL|KFXE,government_operator_string,,no
a5945e,N459JL,H25B,H850XP V LLC,10,CO|FL|GA|NJ,"2023-03-21 New Brunswick,NJ; 2024-07-23 West Palm Beach,FL; 2024-07-24 West Palm Beach,FL; 2024-07-24 West Palm Beach,FL; 2024-07-25 West Palm Beach,FL; 2024-07-25 West Palm Beach,FL; 2024-07-25 West Palm Beach,FL; 2024-09-09 Boulder,CO; 2024-09-10 Boulder,CO; 2024-10-20 Atlanta,GA",KABQ|KAPA|KPDK|KSUA|KTEB,dbflag:LADD,Albuquerque,yes
a615d4,N491WS,C172,DHS OPERATIONS LLC,10,AZ|CA,"2023-09-12 San Diego,CA; 2023-09-13 San Diego,CA; 2023-09-13 San Diego,CA; 2023-09-14 San Diego,CA; 2023-09-14 San Diego,CA; 2023-09-14 San Diego,CA; 2024-10-17 Tucson,AZ; 2024-12-20 Phoenix,AZ; 2024-12-20 Phoenix,AZ; 2024-12-20 Phoenix,AZ",KIWA|KMYF|KRYN,dbflag:LADD,,no
a63c56,N5000P,GL5T,GEO LEASING LLC,10,AZ|FL,"2024-07-25 West Palm Beach,FL; 2024-07-25 West Palm Beach,FL; 2024-07-25 West Palm Beach,FL; 2024-07-26 West Palm Beach,FL; 2024-07-26 West Palm Beach,FL; 2024-07-26 West Palm Beach,FL; 2024-07-27 West Palm Beach,FL; 2024-07-27 West Palm Beach,FL; 2024-07-27 West Palm Beach,FL; 2025-02-20 Phoenix,AZ",KBCT|KPHX,dbflag:LADD,,no
a642e3,N502RP,G280,OMICRON TRANSPORTATION INC,10,AZ|CA|NV|TX,"2023-11-09 Los Angeles,CA; 2024-05-09 Las Vegas,NV; 2024-10-27 Phoenix,AZ; 2025-02-17 Phoenix,AZ; 2025-02-20 Phoenix,AZ; 2025-08-09 Rancho Palos Verdes,CA; 2025-08-21 Dallas,TX; 2025-08-21 Dallas,TX; 2025-08-21 Dallas,TX; 2025-08-23 Dallas,TX",KADS|KGKY|KLAS|KLGB|KSDL,dbflag:LADD,,no
a6bf49,N534A,P28A,PA28 AIRCRAFT LLC,10,FL|MI,"2023-10-09 Orlando,FL; 2024-06-14 Detroit,MI; 2024-06-14 Detroit,MI; 2024-06-15 Detroit,MI; 2024-06-15 Detroit,MI; 2024-06-15 Detroit,MI; 2024-06-17 Detroit,MI; 2024-07-29 West Palm Beach,FL; 2025-02-20 Tampa,FL; 2025-02-21 Tampa,FL",KCLW|KORL|KPMP|KSPG|KYIP,dbflag:LADD,,no
a7d72e,N604M,CL60,N604M LLC,10,AZ|NV,"2024-01-30 Las Vegas,NV; 2024-01-30 Las Vegas,NV; 2024-01-30 Las Vegas,NV; 2024-02-01 Las Vegas,NV; 2024-02-01 Las Vegas,NV; 2024-02-01 Las Vegas,NV; 2024-03-18 Phoenix,AZ; 2024-12-20 Phoenix,AZ; 2024-12-20 Phoenix,AZ; 2024-12-20 Phoenix,AZ",KCOE|KLAS|KSDL,dbflag:LADD,Spokane,yes
a953f0,N70TT,F900,CJE II INC,10,AZ|NV|TX,"2023-12-19 Phoenix,AZ; 2023-12-19 Phoenix,AZ; 2024-02-02 Las Vegas,NV; 2024-02-02 Las Vegas,NV; 2024-02-02 Las Vegas,NV; 2025-02-19 Phoenix,AZ; 2025-02-19 Phoenix,AZ; 2025-02-20 Phoenix,AZ; 2025-08-22 Dallas,TX; 2025-08-22 Dallas,TX",KFTW|KLAS|KSDL,dbflag:LADD,,no
aad24a,N797CT,GLEX,CATERPILLAR INC,10,DC|TX,"2025-01-19 Washington,DC; 2025-01-19 Washington,DC; 2025-01-20 Washington,DC; 2025-01-20 Washington,DC; 2025-06-16 Grapevine,TX; 2025-08-21 Dallas,TX; 2025-08-21 Dallas,TX; 2025-08-21 Dallas,TX; 2025-08-22 Dallas,TX; 2025-08-22 Dallas,TX",KAFW|KIAD,dbflag:LADD,,no
aaf4a5,N805CC,FA7X,CCC 100 AVIATION LLC,10,AZ|CA|OR|TX,"2024-09-11 Denton,TX; 2024-10-11 Corvallis,OR; 2024-12-22 Phoenix,AZ; 2024-12-22 Phoenix,AZ; 2025-08-06 Rancho Palos Verdes,CA; 2025-08-06 Rancho Palos Verdes,CA; 2025-08-20 Dallas,TX; 2025-08-20 Dallas,TX; 2025-08-22 Dallas,TX; 2025-08-22 Dallas,TX",KDAL|KPHX|KSLE|KSNA,dbflag:LADD,,no
ab238e,N817BZ,C56X,BRAZOS AVIATION LLC,10,CO|TX,"2024-09-10 Denton,TX; 2024-09-11 Boulder,CO; 2024-09-12 Denton,TX; 2025-06-12 Grapevine,TX; 2025-06-14 Grapevine,TX; 2025-06-14 Grapevine,TX; 2025-06-14 Grapevine,TX; 2025-08-21 Dallas,TX; 2025-08-21 Dallas,TX; 2025-08-21 Dallas,TX",KBJC|KFTW,dbflag:LADD,,no
ab9dc6,N848CC,G280,TRUIST EQUIPMENT FINANCE CORP,10,FL|GA,"2024-10-23 Duluth,GA; 2024-10-24 Duluth,GA; 2025-02-19 Tampa,FL; 2025-02-20 Tampa,FL; 2025-02-21 Tampa,FL; 2025-07-11 Tampa,FL; 2025-07-11 Tampa,FL; 2025-07-11 Tampa,FL; 2025-07-13 Tampa,FL; 2025-07-13 Tampa,FL",KFTY|KTPA,dbflag:LADD,,no
abff3c,N872RA,BE40,A&E HAWKER LP,10,AZ|CA|CO|UT,"2024-09-10 Boulder,CO; 2024-09-11 Boulder,CO; 2024-12-20 Phoenix,AZ; 2024-12-20 Phoenix,AZ; 2024-12-20 Phoenix,AZ; 2024-12-23 Phoenix,AZ; 2025-04-30 San Diego,CA; 2025-05-01 San Diego,CA; 2025-09-10 Orem,UT; 2025-09-11 Orem,UT",KABQ|KAPA|KCRQ|KPHX|KPVU|KSAF|KSAN|KSLC,tracked_fleet:N872RA,Albuquerque,yes
ac7140,N900XG,H25B,"KINGSTON AVIATION LLC, SANSONE AVIATION LLC",10,AZ|CA|NV,"2023-12-15 Phoenix,AZ; 2024-02-04 Las Vegas,NV; 2024-02-04 Las Vegas,NV; 2024-10-15 Flagstaff,AZ; 2024-10-16 Flagstaff,AZ; 2024-10-23 Las Vegas,NV; 2025-08-09 Rancho Palos Verdes,CA; 2025-09-20 Glendale,AZ; 2025-09-21 Glendale,AZ; 2025-09-22 Glendale,AZ",KLAS|KPHX|KSDL|KSEZ|KSNA,dbflag:LADD,,no
acc306,N921MT,GLEX,RADICAL VENTURES LLC,10,AZ|CA|TX,"2024-10-27 Phoenix,AZ; 2025-02-19 Phoenix,AZ; 2025-02-19 Phoenix,AZ; 2025-02-20 Phoenix,AZ; 2025-08-05 Rancho Palos Verdes,CA; 2025-08-21 Dallas,TX; 2025-08-21 Dallas,TX; 2025-08-21 Dallas,TX; 2025-08-22 Dallas,TX; 2025-08-22 Dallas,TX",55NM|KDAL|KPHX|KSNA,dbflag:LADD,Albuquerque,yes
2998c2,,,,9,AZ|NV,"2024-02-01 Las Vegas,NV; 2024-02-01 Las Vegas,NV; 2024-02-01 Las Vegas,NV; 2024-12-20 Phoenix,AZ; 2024-12-20 Phoenix,AZ; 2024-12-20 Phoenix,AZ; 2024-12-22 Phoenix,AZ; 2024-12-22 Phoenix,AZ; 2025-09-20 Glendale,AZ",KABQ|KGYR|KLAS|KSDL,no_registration,Albuquerque,yes
c05ed9,C-GJXW,BCS3,Air Canada,9,CO|TX,"2023-06-10 Grapevine,TX; 2023-06-10 Grapevine,TX; 2023-06-10 Grapevine,TX; 2024-09-11 Boulder,CO; 2025-06-14 Grapevine,TX; 2025-06-14 Grapevine,TX; 2025-06-14 Grapevine,TX; 2025-06-15 Grapevine,TX; 2025-06-15 Grapevine,TX",KDEN|KDFW,non_us_registration,,no
a0434a,N116JE,C172,ATP AIRCRAFT 6 LLC,9,AZ|UT,"2024-03-18 Phoenix,AZ; 2024-10-16 Tucson,AZ; 2024-10-27 Phoenix,AZ; 2024-12-20 Phoenix,AZ; 2024-12-20 Phoenix,AZ; 2024-12-20 Phoenix,AZ; 2024-12-22 Phoenix,AZ; 2024-12-22 Phoenix,AZ; 2025-09-10 Orem,UT",KIWA|KPVU|KRYN|KSDL,dbflag:LADD,,no
a127d3,N1738S,C172,CAREER PILOT TRAINING LLC,9,AZ|UT,"2023-12-15 Phoenix,AZ; 2023-12-16 Phoenix,AZ; 2023-12-16 Phoenix,AZ; 2023-12-17 Phoenix,AZ; 2023-12-17 Phoenix,AZ; 2023-12-17 Phoenix,AZ; 2024-04-22 Salt Lake City,UT; 2024-04-23 Salt Lake City,UT; 2024-04-24 Salt Lake City,UT",KGEU|KPVU,dbflag:LADD,,no
a13a67,N1788T,C172,FLIGHT OPERATIONS AIRCRAFT LLC,9,CA|UT,"2024-04-22 Salt Lake City,UT; 2024-04-24 Salt Lake City,UT; 2025-08-05 Rancho Palos Verdes,CA; 2025-08-06 Rancho Palos Verdes,CA; 2025-08-06 Rancho Palos Verdes,CA; 2025-08-07 Rancho Palos Verdes,CA; 2025-08-07 Rancho Palos Verdes,CA; 2025-08-07 Rancho Palos Verdes,CA; 2025-08-09 Rancho Palos Verdes,CA",KOGD|KPOC,dbflag:LADD,,no
a161b3,N1887B,E55P,FT LEASING INC,9,DC|TX,"2024-09-11 Denton,TX; 2025-01-19 Washington,DC; 2025-01-19 Washington,DC; 2025-01-21 Washington,DC; 2025-06-12 Grapevine,TX; 2025-08-20 Dallas,TX; 2025-08-20 Dallas,TX; 2025-08-22 Dallas,TX; 2025-08-22 Dallas,TX",KABQ|KDAL|KHQZ|KIAD,dbflag:LADD,Albuquerque,yes
a23fdc,N244LG,E55P,MERIDIAN PARTNERS LLC,9,FL|GA,"2024-07-26 West Palm Beach,FL; 2024-07-26 West Palm Beach,FL; 2024-07-26 West Palm Beach,FL; 2024-07-27 West Palm Beach,FL; 2024-07-27 West Palm Beach,FL; 2024-07-27 West Palm Beach,FL; 2024-07-29 West Palm Beach,FL; 2025-03-20 Gainesville,GA; 2025-03-20 Gainesville,GA",KBCT|KFXE|KGVL,dbflag:LADD,,no
a2587b,N250LC,E550,BANK OF UTAH TRUSTEE,9,AZ|CA|TX,"2025-08-06 Rancho Palos Verdes,CA; 2025-08-06 Rancho Palos Verdes,CA; 2025-08-09 Rancho Palos Verdes,CA; 2025-08-20 Dallas,TX; 2025-08-20 Dallas,TX; 2025-08-21 Dallas,TX; 2025-08-21 Dallas,TX; 2025-08-21 Dallas,TX; 2025-09-22 Glendale,AZ",KADS|KLGB|KPHX,dbflag:LADD,,no
a3431a,N3090A,PA44,FLIGHT TRAINING AIRCRAFT LLC,9,CA|GA,"2024-10-22 Athens,GA; 2024-10-22 Atlanta,GA; 2024-10-22 Duluth,GA; 2025-08-05 Rancho Palos Verdes,CA; 2025-08-06 Rancho Palos Verdes,CA; 2025-08-06 Rancho Palos Verdes,CA; 2025-08-07 Rancho Palos Verdes,CA; 2025-08-07 Rancho Palos Verdes,CA; 2025-08-07 Rancho Palos Verdes,CA",KLGB|KLZU|KPOC,dbflag:LADD,,no
a3df08,N349D,P28A,PROFESSIONAL TRAINING AIRCRAFT LLC,9,FL|GA,"2024-10-24 Duluth,GA; 2025-07-10 Tampa,FL; 2025-07-10 Tampa,FL; 2025-07-10 Tampa,FL; 2025-07-11 Tampa,FL; 2025-07-11 Tampa,FL; 2025-07-11 Tampa,FL; 2025-07-13 Tampa,FL; 2025-07-13 Tampa,FL",KFTY|KLAL|KPIE|KSPG,dbflag:LADD,,no
a475b1,N387EB,GA6C,N387EB GULFSTREAM LLC,9,AZ|TX,"2023-12-15 Phoenix,AZ; 2024-09-02 Phoenix,AZ; 2024-09-04 Phoenix,AZ; 2024-12-21 Phoenix,AZ; 2024-12-21 Phoenix,AZ; 2024-12-21 Phoenix,AZ; 2025-08-22 Dallas,TX; 2025-08-22 Dallas,TX; 2025-09-21 Glendale,AZ",KDAL|KSDL,dbflag:LADD,,no
a47d4f,N389G,P28A,CAREER PILOT TRAINING LLC,9,GA|TX,"2023-06-08 Grapevine,TX; 2024-10-21 Athens,GA; 2024-10-21 Atlanta,GA; 2024-10-23 Athens,GA; 2024-10-23 Duluth,GA; 2024-10-24 Duluth,GA; 2025-03-20 Gainesville,GA; 2025-03-20 Gainesville,GA; 2025-03-21 Gainesville,GA",KGKY|KLZU,dbflag:LADD,,no
a694c6,N523HD,C25B,"NEW MFIS HOLDINGS LLC, BAM CCM LLC",9,AZ|NV,"2024-05-09 Las Vegas,NV; 2024-12-20 Phoenix,AZ; 2024-12-20 Phoenix,AZ; 2024-12-20 Phoenix,AZ; 2024-12-21 Phoenix,AZ; 2024-12-21 Phoenix,AZ; 2024-12-21 Phoenix,AZ; 2024-12-22 Phoenix,AZ; 2024-12-22 Phoenix,AZ",KHND|KSDL,dbflag:LADD,,no
a76d02,N578K,P28A,ATP AIRCRAFT 3 LLC,9,FL|GA|MI,"2024-06-14 Detroit,MI; 2024-06-14 Detroit,MI; 2024-06-15 Detroit,MI; 2024-06-15 Detroit,MI; 2024-06-15 Detroit,MI; 2024-10-21 Atlanta,GA; 2024-10-22 Atlanta,GA; 2025-02-20 Tampa,FL; 2025-02-21 Tampa,FL",GA73|KPIE|KSPG|KYIP|MI29|US-5884,dbflag:LADD,,no
a81ed7,N622N,CL30,NICHOLAS SERVICES LLC,9,AZ|TX,"2023-12-19 Phoenix,AZ; 2023-12-19 Phoenix,AZ; 2023-12-20 Phoenix,AZ; 2024-12-21 Phoenix,AZ; 2024-12-21 Phoenix,AZ; 2024-12-21 Phoenix,AZ; 2025-06-16 Grapevine,TX; 2025-08-22 Dallas,TX; 2025-08-22 Dallas,TX",KABQ|KAFW|KDAL|KSAF|KSDL,dbflag:LADD,Albuquerque,yes
a855ad,N636SY,GALX,PREMIUM POINT AVIATION LLC,9,AZ|CA,"2024-10-27 Phoenix,AZ; 2025-02-20 Phoenix,AZ; 2025-05-01 San Diego,CA; 2025-05-02 San Diego,CA; 2025-08-06 Rancho Palos Verdes,CA; 2025-08-06 Rancho Palos Verdes,CA; 2025-08-07 Rancho Palos Verdes,CA; 2025-08-07 Rancho Palos Verdes,CA; 2025-08-07 Rancho Palos Verdes,CA",KSAN|KSDL|KVNY,dbflag:LADD,,no
a8926a,N651WE,GLF6,BANK OF UTAH TRUSTEE,9,CA|NJ,"2023-03-20 New Brunswick,NJ; 2025-05-01 San Diego,CA; 2025-05-07 San Francisco,CA; 2025-08-05 Rancho Palos Verdes,CA; 2025-08-06 Rancho Palos Verdes,CA; 2025-08-06 Rancho Palos Verdes,CA; 2025-08-07 Rancho Palos Verdes,CA; 2025-08-07 Rancho Palos Verdes,CA; 2025-08-07 Rancho Palos Verdes,CA",KLGB|KOAK|KSAN|KTEB|KVNY,dbflag:LADD,,no
a8ab24,N658HC,GLF6,TVPX AIRCRAFT SOLUTIONS INC TRUSTEE,9,DC|TX,"2024-06-06 San Antonio,TX; 2024-09-12 Denton,TX; 2025-01-19 Washington,DC; 2025-01-19 Washington,DC; 2025-01-20 Washington,DC; 2025-01-20 Washington,DC; 2025-08-21 Dallas,TX; 2025-08-21 Dallas,TX; 2025-08-21 Dallas,TX",KFTW|KIAD|KSAT,dbflag:LADD,,no
a8b255,N66ES,C510,N49HJ LLC,9,AZ|TX,"2023-10-19 San Antonio,TX; 2023-12-15 Phoenix,AZ; 2023-12-16 Phoenix,AZ; 2023-12-16 Phoenix,AZ; 2023-12-17 Phoenix,AZ; 2023-12-17 Phoenix,AZ; 2023-12-17 Phoenix,AZ; 2023-12-19 Phoenix,AZ; 2023-12-19 Phoenix,AZ",KSAT|KSDL,dbflag:LADD,,no
a95fe9,N703CD,H25B,STK AIR LLC,9,AZ|CA|NV,"2023-12-15 Phoenix,AZ; 2023-12-16 Phoenix,AZ; 2023-12-16 Phoenix,AZ; 2024-03-21 Las Vegas,NV; 2024-10-24 Las Vegas,NV; 2025-02-17 Phoenix,AZ; 2025-02-19 Phoenix,AZ; 2025-02-19 Phoenix,AZ; 2025-05-05 San Francisco,CA",KLAS|KOAK|KPHX|KSDL,dbflag:LADD,,no
a981b1,N711VT,GA5C,AEROHEAD AVIATION INC,9,AZ|CA,"2023-09-26 Tempe,AZ; 2023-09-28 Tempe,AZ; 2023-12-15 Phoenix,AZ; 2023-12-20 Phoenix,AZ; 2024-09-03 Phoenix,AZ; 2024-09-04 Phoenix,AZ; 2025-02-17 Phoenix,AZ; 2025-03-04 Los Angeles,CA; 2025-08-05 Rancho Palos Verdes,CA",KSDL|KSNA,dbflag:LADD,,no
aa7bcf,N775CC,PC12,PEOPLE'S CAPITAL AND LEASING CORP,9,CA|NV|UT,"2023-10-02 San Jose,CA; 2023-10-03 San Jose,CA; 2024-01-30 Las Vegas,NV; 2024-01-30 Las Vegas,NV; 2024-01-30 Las Vegas,NV; 2024-01-31 Las Vegas,NV; 2024-01-31 Las Vegas,NV; 2024-01-31 Las Vegas,NV; 2024-04-22 Salt Lake City,UT",KLAS|KSFO|KSLC,dbflag:LADD,,no
a950eb,N7LW,FA50,LIVING WORD CHRISTIAN CENTER,9,AZ|GA,"2024-10-22 Athens,GA; 2024-10-22 Atlanta,GA; 2024-10-22 Duluth,GA; 2024-10-23 Athens,GA; 2024-10-23 Duluth,GA; 2024-10-24 Duluth,GA; 2025-09-20 Glendale,AZ; 2025-09-21 Glendale,AZ; 2025-09-22 Glendale,AZ",KGEU|KLZU,dbflag:LADD,,no
ab1257,N812RX,F2TH,TVPX AIRCRAFT SOLUTIONS INC TRUSTEE,9,FL|MN,"2025-02-19 Tampa,FL; 2025-02-20 Tampa,FL; 2025-02-21 Tampa,FL; 2025-07-09 Tampa,FL; 2025-07-09 Tampa,FL; 2025-07-10 Tampa,FL; 2025-07-10 Tampa,FL; 2025-07-10 Tampa,FL; 2025-09-21 Minneapolis,MN",KFCM|KTPA,dbflag:LADD,,no
ab6a1b,N8344A,PA44,ATP AIRCRAFT 8 LLC,9,CA|UT,"2024-04-22 Salt Lake City,UT; 2024-04-23 Salt Lake City,UT; 2024-04-24 Salt Lake City,UT; 2025-03-03 Los Angeles,CA; 2025-03-04 Los Angeles,CA; 2025-09-09 Orem,UT; 2025-09-29 Logan,UT; 2025-09-30 Logan,UT; 2025-10-01 Logan,UT",KOGD|KPOC|KTVY,dbflag:LADD,,no
aba15a,N849AT,PA44,ATP TAA LLC,9,CO|TX,"2025-08-21 Dallas,TX; 2025-08-21 Dallas,TX; 2025-08-21 Dallas,TX; 2025-08-22 Dallas,TX; 2025-08-22 Dallas,TX; 2025-08-23 Dallas,TX; 2025-09-10 Woodland Park,CO; 2025-09-12 Woodland Park,CO; 2025-09-17 Fort Collins,CO",KAPA|KGKY|KLMO,dbflag:LADD,,no
acadb6,N916HT,C172,9K AIR LLC,9,AZ|CA,"2024-03-17 San Diego,CA; 2024-05-15 San Diego,CA; 2024-05-16 San Diego,CA; 2024-05-17 San Diego,CA; 2024-12-19 Phoenix,AZ; 2024-12-19 Phoenix,AZ; 2025-02-19 Phoenix,AZ; 2025-02-19 Phoenix,AZ; 2025-02-20 Phoenix,AZ",KFFZ|KMYF,dbflag:LADD,,no
acb9c4,N919TA,C72R,ATP AIRCRAFT 4 LLC,9,AZ|CA,"2023-03-15 Davis,CA; 2024-03-13 Fullerton,CA; 2024-03-15 Fullerton,CA; 2024-12-21 Phoenix,AZ; 2024-12-21 Phoenix,AZ; 2024-12-21 Phoenix,AZ; 2025-03-04 Los Angeles,CA; 2025-05-01 San Diego,CA; 2025-05-02 San Diego,CA",KCRQ|KGEU|KPOC|KRAL|KSAC,dbflag:LADD,,no
adca1d,N988NW,FA7X,TVPX ARS INC TRUSTEE,9,CA|NV|UT,"2023-10-01 San Jose,CA; 2023-10-02 San Jose,CA; 2024-02-02 Las Vegas,NV; 2024-02-02 Las Vegas,NV; 2024-02-02 Las Vegas,NV; 2024-02-04 Las Vegas,NV; 2024-02-04 Las Vegas,NV; 2025-08-09 Rancho Palos Verdes,CA; 2025-09-09 Orem,UT",KHND|KLAS|KSFO|KSLC|KVNY,dbflag:LADD,,no
adf0ff,N998GP,GLF4,AIR MCCORMACK2 LLC,9,AZ|CA|GA,"2024-09-02 Phoenix,AZ; 2024-10-24 Duluth,GA; 2024-12-20 Phoenix,AZ; 2024-12-20 Phoenix,AZ; 2024-12-20 Phoenix,AZ; 2024-12-21 Phoenix,AZ; 2024-12-21 Phoenix,AZ; 2024-12-21 Phoenix,AZ; 2025-03-03 Los Angeles,CA",KABQ|KLAX|KPDK|KPHX|KSDL,dbflag:LADD,Albuquerque,yes
adf567,N999PR,H25B,TIPAC 999 LLC,9,AZ|CA|OR,"2024-10-12 Corvallis,OR; 2024-10-27 Phoenix,AZ; 2024-12-20 Phoenix,AZ; 2024-12-20 Phoenix,AZ; 2024-12-20 Phoenix,AZ; 2025-08-07 Rancho Palos Verdes,CA; 2025-08-07 Rancho Palos Verdes,CA; 2025-08-07 Rancho Palos Verdes,CA; 2025-08-09 Rancho Palos Verdes,CA",KCOE|KEUG|KSDL|KVNY,dbflag:LADD,Spokane,yes
0d09d4,XA-COS,E550,,9,FL|NV,"2024-02-02 Las Vegas,NV; 2024-02-02 Las Vegas,NV; 2024-02-02 Las Vegas,NV; 2024-07-25 West Palm Beach,FL; 2024-07-25 West Palm Beach,FL; 2024-07-25 West Palm Beach,FL; 2024-07-26 West Palm Beach,FL; 2024-07-26 West Palm Beach,FL; 2024-07-26 West Palm Beach,FL",KFLL|KLAS,non_us_registration,,no
000001,,,,8,AZ|CA|CO,"2023-09-15 San Diego,CA; 2023-09-15 San Diego,CA; 2023-09-27 Tempe,AZ; 2024-05-15 San Diego,CA; 2024-05-16 San Diego,CA; 2024-05-17 San Diego,CA; 2024-09-11 Boulder,CO; 2025-02-20 Phoenix,AZ",5AZ3|KABQ|KBKF|KFFZ|KNKX|KNZY,no_registration,Albuquerque,yes
ae06e1,163553,BE20,,8,AZ|CA,"2023-03-15 Davis,CA; 2023-09-12 San Diego,CA; 2023-12-16 Phoenix,AZ; 2023-12-16 Phoenix,AZ; 2023-12-17 Phoenix,AZ; 2023-12-17 Phoenix,AZ; 2023-12-17 Phoenix,AZ; 2024-03-18 San Diego,CA",KABQ|KAEG|KMHR|KNKX|KSDL,dbflag:military|non_us_registration,Albuquerque,yes
c0301a,C-FSFP,C25B,Airsprint Inc.,8,AZ|CA,"2024-12-19 Phoenix,AZ; 2024-12-19 Phoenix,AZ; 2024-12-20 Phoenix,AZ; 2024-12-20 Phoenix,AZ; 2024-12-20 Phoenix,AZ; 2025-08-07 Rancho Palos Verdes,CA; 2025-08-07 Rancho Palos Verdes,CA; 2025-08-07 Rancho Palos Verdes,CA",KSDL|KSNA|KSYR,non_us_registration,Syracuse,yes
c030ea,C-FSNP,C25B,Airsprint Inc.,8,AZ|CA|NJ|NV|WA,"2023-03-20 New Brunswick,NJ; 2024-02-02 Las Vegas,NV; 2024-02-02 Las Vegas,NV; 2024-02-02 Las Vegas,NV; 2024-05-06 Seattle,WA; 2024-09-03 Phoenix,AZ; 2025-08-06 Rancho Palos Verdes,CA; 2025-08-06 Rancho Palos Verdes,CA",KBFI|KBUR|KGEG|KLAS|KPHX|KTEB,non_us_registration,Spokane,yes
c03d0c,C-FXDB,GLEX,Flightpath Charter Airways Inc.,8,DC|FL,"2024-07-26 West Palm Beach,FL; 2024-07-26 West Palm Beach,FL; 2024-07-26 West Palm Beach,FL; 2025-01-19 Washington,DC; 2025-01-19 Washington,DC; 2025-01-20 Washington,DC; 2025-01-20 Washington,DC; 2025-01-21 Washington,DC",KFXE|KIAD,non_us_registration,,no
a010f7,N103ML,C56X,PERFECT AGREEMENTS LEASING INC,8,AZ|CA,"2025-05-01 San Diego,CA; 2025-08-06 Rancho Palos Verdes,CA; 2025-08-06 Rancho Palos Verdes,CA; 2025-08-07 Rancho Palos Verdes,CA; 2025-08-07 Rancho Palos Verdes,CA; 2025-08-07 Rancho Palos Verdes,CA; 2025-08-09 Rancho Palos Verdes,CA; 2025-09-22 Glendale,AZ",KABQ|KSAN|KSDL|KSNA,dbflag:LADD,Albuquerque,yes
a11fda,N1714T,C172,FLIGHT OPERATIONS AIRCRAFT LLC,8,CA|CO|MN,"2023-11-08 Los Angeles,CA; 2023-11-09 Los Angeles,CA; 2023-11-10 Los Angeles,CA; 2024-09-09 Boulder,CO; 2024-09-10 Boulder,CO; 2024-09-11 Boulder,CO; 2025-09-21 Minneapolis,MN; 2025-09-23 Minneapolis,MN",KBJC|KFCM|KLGB,dbflag:LADD,,no
a13060,N176KH,GLF6,WILMINGTON TRUST CO TRUSTEE,8,CA|NV,"2024-02-01 Las Vegas,NV; 2024-02-01 Las Vegas,NV; 2024-02-01 Las Vegas,NV; 2024-02-04 Las Vegas,NV; 2024-02-04 Las Vegas,NV; 2025-08-05 Rancho Palos Verdes,CA; 2025-08-06 Rancho Palos Verdes,CA; 2025-08-06 Rancho Palos Verdes,CA",KBUR|KLAS,dbflag:LADD,,no
a146ef,N1811S,H25B,POPPING UP EVERYWHERE LLC,8,AZ|NV,"2023-12-15 Phoenix,AZ; 2024-01-31 Las Vegas,NV; 2024-01-31 Las Vegas,NV; 2024-01-31 Las Vegas,NV; 2024-02-02 Las Vegas,NV; 2024-02-02 Las Vegas,NV; 2024-02-02 Las Vegas,NV; 2024-05-09 Las Vegas,NV",KLAS|KPHX,dbflag:LADD,,no
a0001a,N1AZ,FA7X,WILMINGTON TRUST CO TRUSTEE,8,AZ|CA,"2023-09-28 Tempe,AZ; 2023-10-01 San Jose,CA; 2024-12-21 Phoenix,AZ; 2024-12-21 Phoenix,AZ; 2024-12-21 Phoenix,AZ; 2024-12-23 Phoenix,AZ; 2025-09-21 Glendale,AZ; 2025-09-22 Glendale,AZ",KSDL|KSJC,dbflag:LADD,,no
a1a777,N20537,C172,ATPCE LLC,8,AZ|TX,"2024-06-06 San Antonio,TX; 2024-06-07 San Antonio,TX; 2024-06-07 San Antonio,TX; 2024-06-09 San Antonio,TX; 2024-06-09 San Antonio,TX; 2024-06-10 San Antonio,TX; 2025-02-19 Phoenix,AZ; 2025-02-19 Phoenix,AZ",KFFZ|KSAT,dbflag:LADD,,no
a242e6,N245DJ,C56X,LTLVSD LLC,8,AZ|CA,"2024-09-02 Phoenix,AZ; 2024-12-22 Phoenix,AZ; 2024-12-22 Phoenix,AZ; 2025-03-03 Los Angeles,CA; 2025-08-05 Rancho Palos Verdes,CA; 2025-08-06 Rancho Palos Verdes,CA; 2025-08-06 Rancho Palos Verdes,CA; 2025-08-09 Rancho Palos Verdes,CA",KABQ|KLAX|KSDL|KVNY,dbflag:LADD,Albuquerque,yes
a25667,N25NX,PC12,TVPX AIRCRAFT SOLUTIONS INC TRUSTEE,8,AZ|UT,"2024-04-24 Salt Lake City,UT; 2024-12-19 Phoenix,AZ; 2024-12-19 Phoenix,AZ; 2024-12-20 Phoenix,AZ; 2024-12-20 Phoenix,AZ; 2024-12-20 Phoenix,AZ; 2025-09-10 Orem,UT; 2025-09-11 Orem,UT",KSDL|KSLC,dbflag:LADD,,no
a2f5d0,N290DL,GLF6,TVPX AIRCRAFT SOLUTIONS INC TRUSTEE,8,AZ|CA,"2023-12-16 Phoenix,AZ; 2023-12-16 Phoenix,AZ; 2024-12-20 Phoenix,AZ; 2024-12-20 Phoenix,AZ; 2024-12-20 Phoenix,AZ; 2025-02-20 Phoenix,AZ; 2025-03-02 Los Angeles,CA; 2025-09-22 Glendale,AZ",KCOE|KDVT|KSDL|KVNY,dbflag:LADD,Spokane,yes
a388e8,N327GA,ASTR,LMI LLC,8,FL|GA|NV|TX|VA,"2024-10-22 Atlanta,GA; 2024-10-22 Duluth,GA; 2024-10-23 Las Vegas,NV; 2025-02-20 Tampa,FL; 2025-02-21 Tampa,FL; 2025-08-20 Dallas,TX; 2025-08-20 Dallas,TX; 2025-09-24 Blacksburg,VA",KDAL|KHND|KPDK|KPIE|KROA,dbflag:LADD,,no
a491af,N394AK,GLF4,G4SP HOLDINGS LLC,8,AZ|FL,"2024-07-23 West Palm Beach,FL; 2024-07-24 West Palm Beach,FL; 2024-07-24 West Palm Beach,FL; 2024-12-22 Phoenix,AZ; 2024-12-22 Phoenix,AZ; 2024-12-23 Phoenix,AZ; 2025-02-19 Phoenix,AZ; 2025-02-19 Phoenix,AZ",KBCT|KFXE|KSDL,dbflag:LADD,,no
a4d905,N411NB,C750,V LEASING LLC,8,AZ|DC|MI|MT,"2023-12-17 Phoenix,AZ; 2023-12-17 Phoenix,AZ; 2023-12-17 Phoenix,AZ; 2024-06-14 Detroit,MI; 2024-06-14 Detroit,MI; 2025-01-21 Washington,DC; 2025-10-07 Bozeman,MT; 2025-10-08 Bozeman,MT",KBZN|KDET|KIAD|KPHX,dbflag:LADD,,no
a4dcba,N412N,E55P,NICHOLAS SERVICES LLC,8,AZ|FL|TX,"2023-06-11 Grapevine,TX; 2023-06-11 Grapevine,TX; 2023-09-26 Tempe,AZ; 2025-07-12 Tampa,FL; 2025-07-12 Tampa,FL; 2025-07-12 Tampa,FL; 2025-07-13 Tampa,FL; 2025-07-13 Tampa,FL",KDFW|KSDL|KTPA,dbflag:LADD,,no
a56d9d,N449SA,F2TH,TVPX AIRCRAFT SOLUTIONS INC TRUSTEE,8,CO|DC|TX,"2024-06-06 San Antonio,TX; 2024-06-07 San Antonio,TX; 2024-06-07 San Antonio,TX; 2024-06-10 San Antonio,TX; 2025-01-20 Washington,DC; 2025-01-20 Washington,DC; 2025-01-21 Washington,DC; 2025-09-11 Woodland Park,CO",KCOS|KIAD|KSAT,dbflag:LADD,,no
a5bfc7,N47LM,C25B,LUCKY STARS LLC,8,AZ|CA|NJ,"2023-03-20 New Brunswick,NJ; 2023-12-17 Phoenix,AZ; 2023-12-17 Phoenix,AZ; 2023-12-17 Phoenix,AZ; 2023-12-20 Phoenix,AZ; 2024-03-14 Fullerton,CA; 2024-12-19 Phoenix,AZ; 2024-12-19 Phoenix,AZ",KABQ|KSDL|KSNA|KTEB,dbflag:LADD,Albuquerque,yes
a74ff0,N570RR,LJ60,RMR CAPITAL AVIATION LLC,8,CA|NV,"2024-01-31 Las Vegas,NV; 2024-01-31 Las Vegas,NV; 2024-01-31 Las Vegas,NV; 2024-03-20 Las Vegas,NV; 2025-08-05 Rancho Palos Verdes,CA; 2025-08-06 Rancho Palos Verdes,CA; 2025-08-06 Rancho Palos Verdes,CA; 2025-08-09 Rancho Palos Verdes,CA",KABQ|KLAS|KSNA|KVNY,dbflag:LADD,Albuquerque,yes
a789cb,N585PL,G280,TARGET CORP,8,TX|UT,"2024-04-24 Salt Lake City,UT; 2025-08-20 Dallas,TX; 2025-08-20 Dallas,TX; 2025-08-21 Dallas,TX; 2025-08-21 Dallas,TX; 2025-08-21 Dallas,TX; 2025-08-22 Dallas,TX; 2025-08-22 Dallas,TX",KDFW|KSLC,dbflag:LADD,,no
a7df86,N606WJ,H25B,EXPRESS TRANSPORTATION CORP,8,AZ|DC|NJ,"2023-03-22 New Brunswick,NJ; 2023-12-15 Phoenix,AZ; 2023-12-16 Phoenix,AZ; 2023-12-16 Phoenix,AZ; 2025-01-20 Washington,DC; 2025-01-20 Washington,DC; 2025-01-21 Washington,DC; 2025-02-17 Phoenix,AZ",KIAD|KPHX|KTEB,dbflag:LADD,,no
a8053b,N616CA,GLF5,CORTEVA AGRISCIENCE LLC,8,DC|FL,"2024-07-24 West Palm Beach,FL; 2024-07-24 West Palm Beach,FL; 2024-07-25 West Palm Beach,FL; 2024-07-25 West Palm Beach,FL; 2024-07-25 West Palm Beach,FL; 2025-01-19 Washington,DC; 2025-01-19 Washington,DC; 2025-01-21 Washington,DC",KBCT|KDSM|KIAD,dbflag:LADD,Des Moines,yes
a82300,N623SP,C172,ATP AIRCRAFT 2 LLC,8,AZ|CA,"2023-03-13 Davis,CA; 2023-03-14 Davis,CA; 2023-03-15 Davis,CA; 2023-11-08 Los Angeles,CA; 2023-11-09 Los Angeles,CA; 2023-11-10 Los Angeles,CA; 2025-08-09 Rancho Palos Verdes,CA; 2025-09-20 Glendale,AZ",KIWA|KLGB|KPOC|KSAC,dbflag:LADD,,no
a87504,N644KM,E550,TVPX AIRCRAFT SOLUTIONS INC TRUSTEE,8,DC|TX,"2025-01-20 Washington,DC; 2025-01-20 Washington,DC; 2025-01-21 Washington,DC; 2025-08-20 Dallas,TX; 2025-08-20 Dallas,TX; 2025-08-21 Dallas,TX; 2025-08-21 Dallas,TX; 2025-08-21 Dallas,TX",KADS|KIAD,dbflag:LADD,,no
a921a9,N688HL,GALX,H&L 168 LLC,8,FL|TX,"2024-07-27 West Palm Beach,FL; 2024-07-27 West Palm Beach,FL; 2024-07-27 West Palm Beach,FL; 2025-06-13 Grapevine,TX; 2025-06-13 Grapevine,TX; 2025-06-14 Grapevine,TX; 2025-06-14 Grapevine,TX; 2025-06-14 Grapevine,TX",KDAL|KDSM|KFLL,dbflag:LADD,Des Moines,yes
a93fa4,N6950C,G150,MILLOAKS LLC,8,CA|UT,"2024-04-22 Salt Lake City,UT; 2024-04-23 Salt Lake City,UT; 2024-04-24 Salt Lake City,UT; 2025-08-07 Rancho Palos Verdes,CA; 2025-08-07 Rancho Palos Verdes,CA; 2025-08-07 Rancho Palos Verdes,CA; 2025-08-09 Rancho Palos Verdes,CA; 2025-09-11 Orem,UT",KSLC|KSNA,dbflag:LADD,,no
a981ad,N711VP,G280,"BAKER STREET MANAGEMENT LLC, PIERCE AUTOMOTIVE MANAGEMENT LLC",8,AZ|CA,"2023-10-03 San Jose,CA; 2023-12-20 Phoenix,AZ; 2024-09-02 Phoenix,AZ; 2024-12-20 Phoenix,AZ; 2024-12-20 Phoenix,AZ; 2024-12-20 Phoenix,AZ; 2024-12-22 Phoenix,AZ; 2024-12-22 Phoenix,AZ",KCOE|KIWA|KOAK|KSDL,dbflag:LADD,Spokane,yes
a9bcf5,N7265Z,C72R,ATP AIRCRAFT 2 LLC,8,AZ|CA,"2023-11-08 Los Angeles,CA; 2024-10-27 Phoenix,AZ; 2024-12-21 Phoenix,AZ; 2024-12-21 Phoenix,AZ; 2024-12-21 Phoenix,AZ; 2024-12-22 Phoenix,AZ; 2024-12-22 Phoenix,AZ; 2025-08-09 Rancho Palos Verdes,CA",KIWA|KLGB,dbflag:LADD,,no
aa26b3,N753RP,CL30,RP GOALS LLC,8,AZ|CA|NV,"2023-11-10 Los Angeles,CA; 2024-01-31 Las Vegas,NV; 2024-01-31 Las Vegas,NV; 2024-01-31 Las Vegas,NV; 2025-08-07 Rancho Palos Verdes,CA; 2025-08-07 Rancho Palos Verdes,CA; 2025-08-07 Rancho Palos Verdes,CA; 2025-09-20 Glendale,AZ",KCOE|KDVT|KLAS|KSNA,dbflag:LADD,Spokane,yes
aa8af8,N779FE,C208,FEDERAL EXPRESS CORP,8,AZ|OR|WA,"2024-05-06 Seattle,WA; 2024-05-07 Seattle,WA; 2024-10-10 Corvallis,OR; 2024-10-11 Corvallis,OR; 2024-12-20 Phoenix,AZ; 2024-12-20 Phoenix,AZ; 2024-12-20 Phoenix,AZ; 2025-02-20 Phoenix,AZ",KEUG|KPHX|KSEA,government_operator_string,,no
aba2c0,N849RA,C525,H2AIR LLC,8,AZ|TX,"2024-10-27 Phoenix,AZ; 2024-12-19 Phoenix,AZ; 2024-12-19 Phoenix,AZ; 2025-08-20 Dallas,TX; 2025-08-20 Dallas,TX; 2025-08-21 Dallas,TX; 2025-08-21 Dallas,TX; 2025-08-21 Dallas,TX",KABQ|KADS|KSDL,dbflag:LADD,Albuquerque,yes
abbee7,N856P,P28A,PROFESSIONAL TRAINING AIRCRAFT LLC,8,FL|GA|MI,"2023-10-11 Orlando,FL; 2024-10-20 Atlanta,GA; 2024-10-21 Atlanta,GA; 2024-10-22 Atlanta,GA; 2024-10-22 Duluth,GA; 2024-10-23 Duluth,GA; 2024-10-24 Duluth,GA; 2025-04-11 East Lansing,MI",KISM|KMGE|KPDK|MI29,dbflag:LADD,,no
abdac6,N863JB,C560,PJ ONE LLC,8,FL|NV,"2024-01-31 Las Vegas,NV; 2024-01-31 Las Vegas,NV; 2024-01-31 Las Vegas,NV; 2025-07-10 Tampa,FL; 2025-07-10 Tampa,FL; 2025-07-10 Tampa,FL; 2025-07-13 Tampa,FL; 2025-07-13 Tampa,FL",KLAS|KTPA,dbflag:LADD,,no
ac34a1,N886FE,C208,FEDERAL EXPRESS CORPORATION,8,CA|NV,"2023-10-02 San Jose,CA; 2023-10-03 San Jose,CA; 2023-11-08 Los Angeles,CA; 2023-11-09 Los Angeles,CA; 2023-11-10 Los Angeles,CA; 2024-02-01 Las Vegas,NV; 2024-02-01 Las Vegas,NV; 2024-02-01 Las Vegas,NV",KLAS|KOAK|KONT,government_operator_string,,no
ac9c89,N911YA,E50P,700PC LLC,8,AZ|CA|TX,"2024-09-12 Denton,TX; 2024-12-20 Phoenix,AZ; 2024-12-20 Phoenix,AZ; 2024-12-20 Phoenix,AZ; 2024-12-22 Phoenix,AZ; 2024-12-22 Phoenix,AZ; 2025-08-06 Rancho Palos Verdes,CA; 2025-08-06 Rancho Palos Verdes,CA",KDAL|KPHX|KVNY,dbflag:LADD,,no
ad83da,N970CC,F900,FJ20 166 LLC,8,CA|TX|UT,"2024-04-24 Salt Lake City,UT; 2025-08-07 Rancho Palos Verdes,CA; 2025-08-07 Rancho Palos Verdes,CA; 2025-08-07 Rancho Palos Verdes,CA; 2025-08-09 Rancho Palos Verdes,CA; 2025-08-21 Dallas,TX; 2025-08-21 Dallas,TX; 2025-08-21 Dallas,TX",KDFW|KOGD|KSNA,dbflag:LADD,,no
ad83fc,N970DM,C25B,LUCKY STARS LLC,8,AZ|CO|GA|OR,"2023-12-15 Phoenix,AZ; 2023-12-19 Phoenix,AZ; 2023-12-19 Phoenix,AZ; 2024-09-02 Phoenix,AZ; 2024-09-03 Phoenix,AZ; 2024-09-09 Boulder,CO; 2024-10-10 Corvallis,OR; 2024-10-20 Atlanta,GA",KDEN|KPDK|KSDL|KSLE,dbflag:LADD,,no
ad9ea3,N977LC,H25B,WG INVESTMENT GROUP LLC,8,FL|GA,"2024-07-25 West Palm Beach,FL; 2024-07-25 West Palm Beach,FL; 2024-07-25 West Palm Beach,FL; 2024-07-26 West Palm Beach,FL; 2024-07-26 West Palm Beach,FL; 2024-07-26 West Palm Beach,FL; 2024-07-29 West Palm Beach,FL; 2024-10-23 Duluth,GA",KPDK|KSUA,dbflag:LADD,,no
ada9bd,N98KS,BE9L,GUARDIAN FLIGHT LLC,8,AZ|CO,"2024-09-02 Phoenix,AZ; 2024-12-21 Phoenix,AZ; 2024-12-21 Phoenix,AZ; 2024-12-21 Phoenix,AZ; 2025-02-17 Phoenix,AZ; 2025-09-10 Woodland Park,CO; 2025-09-11 Woodland Park,CO; 2025-09-12 Woodland Park,CO",KABQ|KCOS|KDVT|KGYR|KPHX,dbflag:LADD,Albuquerque,yes
ade71a,N995VJ,SF50,ALBREDA LEASING LLC,8,CO|NV,"2024-01-30 Las Vegas,NV; 2024-01-30 Las Vegas,NV; 2024-01-30 Las Vegas,NV; 2024-01-31 Las Vegas,NV; 2024-01-31 Las Vegas,NV; 2024-01-31 Las Vegas,NV; 2024-09-09 Boulder,CO; 2024-09-11 Boulder,CO",KAPA|KHND,dbflag:LADD,,no
ae10c1,01,GLF5,,7,AZ|FL,"2025-07-11 Tampa,FL; 2025-07-11 Tampa,FL; 2025-07-11 Tampa,FL; 2025-07-13 Tampa,FL; 2025-07-13 Tampa,FL; 2025-09-21 Glendale,AZ; 2025-09-22 Glendale,AZ",KDVT|KTPA,dbflag:military|non_us_registration,,no
c051ec,C-GFAP,CL60,2106701 Ontario Inc (NOVAJET),7,AZ|NV,"2024-02-02 Las Vegas,NV; 2024-02-02 Las Vegas,NV; 2024-02-02 Las Vegas,NV; 2024-02-04 Las Vegas,NV; 2024-02-04 Las Vegas,NV; 2024-12-22 Phoenix,AZ; 2024-12-22 Phoenix,AZ",KLAS|KSDL,dbflag:LADD|non_us_registration,,no
c05ee1,C-GJYE,BCS3,Air Canada,7,AZ|TX,"2024-09-10 Denton,TX; 2025-02-19 Phoenix,AZ; 2025-02-19 Phoenix,AZ; 2025-06-15 Grapevine,TX; 2025-06-15 Grapevine,TX; 2025-08-22 Dallas,TX; 2025-08-22 Dallas,TX",KDFW|KPHX,non_us_registration,,no
a0224c,N1079D,BE9L,GUARDIAN FLIGHT LLC,7,AZ|NV,"2023-12-15 Phoenix,AZ; 2024-02-04 Las Vegas,NV; 2024-02-04 Las Vegas,NV; 2024-02-05 Las Vegas,NV; 2024-03-21 Las Vegas,NV; 2024-09-03 Phoenix,AZ; 2025-09-20 Glendale,AZ",KABQ|KLAS|KPHX,dbflag:LADD,Albuquerque,yes
a03762,N113AK,C172,FLIGHT TRAINING AIRCRAFT LLC,7,CA|UT,"2023-11-08 Los Angeles,CA; 2023-11-09 Los Angeles,CA; 2023-11-10 Los Angeles,CA; 2024-04-22 Salt Lake City,UT; 2024-04-23 Salt Lake City,UT; 2024-04-24 Salt Lake City,UT; 2025-09-11 Orem,UT",KLGB|KOGD|KPVU,dbflag:LADD,,no
a06697,N125DG,C25B,FUGAL AVIATION LLC,7,AZ|UT,"2023-09-27 Tempe,AZ; 2024-04-22 Salt Lake City,UT; 2024-04-23 Salt Lake City,UT; 2024-04-24 Salt Lake City,UT; 2025-02-19 Phoenix,AZ; 2025-02-19 Phoenix,AZ; 2025-09-10 Orem,UT",KABQ|KPVU|KSDL,dbflag:LADD,Albuquerque,yes
a0add4,N143,GLF6,TVPX AIRCRAFT SOLUTIONS INC TRUSTEE,7,CA|DC,"2025-01-19 Washington,DC; 2025-01-19 Washington,DC; 2025-01-20 Washington,DC; 2025-01-20 Washington,DC; 2025-08-07 Rancho Palos Verdes,CA; 2025-08-07 Rancho Palos Verdes,CA; 2025-08-07 Rancho Palos Verdes,CA",KDCA|KIAD|KVNY,dbflag:LADD,,no
a0da26,N154MH,GLF5,CINEMA AIRCRAFT EXECUTIVE TRANSPORTATION LLC,7,CA|TX,"2025-03-03 Los Angeles,CA; 2025-08-20 Dallas,TX; 2025-08-20 Dallas,TX; 2025-08-21 Dallas,TX; 2025-08-21 Dallas,TX; 2025-08-21 Dallas,TX; 2025-08-23 Dallas,TX",KDAL|KLGB,dbflag:LADD|government_operator_string,,no
a0e1fa,N156RK,BE40,TVPX AIRCRAFT SOLUTIONS INC TRUSTEE,7,AZ|FL,"2024-07-23 West Palm Beach,FL; 2024-07-24 West Palm Beach,FL; 2024-07-24 West Palm Beach,FL; 2024-07-25 West Palm Beach,FL; 2024-07-25 West Palm Beach,FL; 2024-07-25 West Palm Beach,FL; 2024-10-27 Phoenix,AZ",KFXE|KSDL,dbflag:LADD,,no
a0fb74,N1620,G280,COX AVIATION LLC,7,GA|NV,"2024-01-31 Las Vegas,NV; 2024-01-31 Las Vegas,NV; 2024-01-31 Las Vegas,NV; 2024-02-04 Las Vegas,NV; 2024-02-04 Las Vegas,NV; 2024-10-21 Atlanta,GA; 2024-10-23 Duluth,GA",KFTY|KLAS,dbflag:LADD,,no
a12747,N1734S,C172,CAREER PILOT TRAINING LLC,7,AZ|TX,"2024-10-27 Phoenix,AZ; 2025-08-20 Dallas,TX; 2025-08-20 Dallas,TX; 2025-08-21 Dallas,TX; 2025-08-21 Dallas,TX; 2025-08-21 Dallas,TX; 2025-08-23 Dallas,TX",KFTW|KGEU,dbflag:LADD,,no
a12484,N173C,PC12,REGISTRATION PENDING,7,AZ|CA,"2024-12-22 Phoenix,AZ; 2024-12-22 Phoenix,AZ; 2024-12-23 Phoenix,AZ; 2025-05-02 San Diego,CA; 2025-08-09 Rancho Palos Verdes,CA; 2025-09-20 Glendale,AZ; 2025-09-21 Glendale,AZ",KMYF|KPHX|KSNA,dbflag:LADD,,no
a1365b,N1776C,H25B,COAST TO COAST AVIATION LLC,7,FL|NJ,"2023-03-20 New Brunswick,NJ; 2024-07-23 West Palm Beach,FL; 2024-07-24 West Palm Beach,FL; 2024-07-24 West Palm Beach,FL; 2024-07-26 West Palm Beach,FL; 2024-07-26 West Palm Beach,FL; 2024-07-26 West Palm Beach,FL",KBLM|KFXE,dbflag:LADD,,no
a00082,N1FC,G280,TVPX ARS INC TRUSTEE,7,CA|DC,"2025-01-20 Washington,DC; 2025-01-20 Washington,DC; 2025-01-21 Washington,DC; 2025-08-05 Rancho Palos Verdes,CA; 2025-08-07 Rancho Palos Verdes,CA; 2025-08-07 Rancho Palos Verdes,CA; 2025-08-07 Rancho Palos Verdes,CA",KIAD|KLAX|KVNY,dbflag:LADD,,no
a1eb50,N22237,C172,AVIATION TRAINING LLC,7,AZ|UT,"2024-10-27 Phoenix,AZ; 2025-09-09 Orem,UT; 2025-09-10 Orem,UT; 2025-09-11 Orem,UT; 2025-09-29 Logan,UT; 2025-09-30 Logan,UT; 2025-10-01 Logan,UT",KGEU|KOGD|KPVU,dbflag:LADD,,no
a1fed3,N228BA,G280,BANK OF AMERICA NA,7,AZ|NJ,"2023-03-20 New Brunswick,NJ; 2023-03-21 New Brunswick,NJ; 2023-12-17 Phoenix,AZ; 2023-12-17 Phoenix,AZ; 2023-12-17 Phoenix,AZ; 2023-12-19 Phoenix,AZ; 2023-12-19 Phoenix,AZ",KSDL|KTEB,dbflag:LADD,,no
a20ecb,N23110,C172,ATP AIRCRAFT 1 LLC,7,AZ|CA|TX,"2024-06-06 San Antonio,TX; 2024-06-07 San Antonio,TX; 2024-06-07 San Antonio,TX; 2024-09-03 Phoenix,AZ; 2024-09-04 Phoenix,AZ; 2024-10-17 Tucson,AZ; 2025-05-01 San Diego,CA",KCRQ|KRYN|KSAT|KSDL,dbflag:LADD,,no
a28a34,N263AT,PA44,AIRLINE TRANSPORT PROFESSIONALS CORP OF USA,7,FL|GA,"2024-10-21 Athens,GA; 2024-10-21 Atlanta,GA; 2024-10-22 Athens,GA; 2024-10-22 Atlanta,GA; 2024-10-22 Duluth,GA; 2025-07-13 Tampa,FL; 2025-07-13 Tampa,FL",KLZU|KPIE,dbflag:LADD,,no
a2c938,N279PH,GLF5,WORD OF GOD FELLOWSHIP INC,7,AZ|TX,"2023-03-26 Fort Worth,TX; 2023-03-27 Fort Worth,TX; 2025-06-14 Grapevine,TX; 2025-06-14 Grapevine,TX; 2025-06-14 Grapevine,TX; 2025-09-21 Glendale,AZ; 2025-09-22 Glendale,AZ",KFTW|KGYR,dbflag:LADD,,no
a2de96,N284TX,E55P,TRANSMEDICS INC,7,AZ|TX,"2025-02-20 Phoenix,AZ; 2025-08-21 Dallas,TX; 2025-08-21 Dallas,TX; 2025-08-21 Dallas,TX; 2025-08-22 Dallas,TX; 2025-08-22 Dallas,TX; 2025-08-23 Dallas,TX",KABQ|KDAL|KSDL,dbflag:LADD,Albuquerque,yes
a3203b,N300KH,CL30,TVPX AIRCRAFT SOLUTIONS INC TRUSTEE,7,CA|FL|NC,"2024-07-29 West Palm Beach,FL; 2024-10-20 Chapel Hill,NC; 2025-08-06 Rancho Palos Verdes,CA; 2025-08-06 Rancho Palos Verdes,CA; 2025-08-07 Rancho Palos Verdes,CA; 2025-08-07 Rancho Palos Verdes,CA; 2025-08-07 Rancho Palos Verdes,CA",KBCT|KRDU|KSNA,dbflag:LADD,,no
a36549,N318HS,CL60,SILICONE SPECIALTIES INC,7,AZ|TN,"2024-03-18 Phoenix,AZ; 2024-09-04 Phoenix,AZ; 2024-12-20 Phoenix,AZ; 2024-12-20 Phoenix,AZ; 2024-12-20 Phoenix,AZ; 2025-09-21 Murfreesboro,TN; 2025-09-22 Glendale,AZ",KBNA|KCHA|KSDL,dbflag:LADD,Chattanooga,yes
a34498,N31BG,GLF4,GSBG ASSET HOLDINGS LLC,7,AZ|GA,"2024-09-03 Phoenix,AZ; 2024-09-04 Phoenix,AZ; 2024-10-20 Atlanta,GA; 2024-10-23 Duluth,GA; 2024-10-24 Duluth,GA; 2025-03-20 Gainesville,GA; 2025-03-20 Gainesville,GA",KCHA|KPHX|KRYY,dbflag:LADD,Chattanooga,yes
a379c0,N323D,P28A,PROFESSIONAL TRAINING AIRCRAFT LLC,7,FL|GA,"2024-10-20 Atlanta,GA; 2024-10-22 Athens,GA; 2024-10-22 Atlanta,GA; 2024-10-22 Duluth,GA; 2025-07-12 Tampa,FL; 2025-07-12 Tampa,FL; 2025-07-12 Tampa,FL",KLZU|KX49,dbflag:LADD,,no
a3bd5f,N340AS,E55P,"EXECUTIVE AIRSHARE LLC, D REYNOLDS COMPANY LLC, AMICUS G P INC",7,CA|TX,"2025-08-06 Rancho Palos Verdes,CA; 2025-08-06 Rancho Palos Verdes,CA; 2025-08-20 Dallas,TX; 2025-08-20 Dallas,TX; 2025-08-21 Dallas,TX; 2025-08-21 Dallas,TX; 2025-08-21 Dallas,TX",KFTW|KVNY,government_operator_string,,no
a3e6b1,N350VJ,CL30,TVPX ARS INC TRUSTEE,7,CA|TX,"2023-10-01 San Jose,CA; 2023-11-10 Los Angeles,CA; 2025-08-07 Rancho Palos Verdes,CA; 2025-08-07 Rancho Palos Verdes,CA; 2025-08-07 Rancho Palos Verdes,CA; 2025-08-20 Dallas,TX; 2025-08-20 Dallas,TX",KFTW|KOAK|KOXR|KVNY,dbflag:LADD,,no
a40d5f,N360M,F2TH,POPPING UP EVERYWHERE LLC,7,AZ|FL,"2024-10-27 Phoenix,AZ; 2025-07-11 Tampa,FL; 2025-07-11 Tampa,FL; 2025-07-11 Tampa,FL; 2025-07-12 Tampa,FL; 2025-07-12 Tampa,FL; 2025-07-12 Tampa,FL",KSDL|KTPA,dbflag:LADD,,no
a41ee6,N365AG,F2TH,AGA HOLDINGS LLC,7,AZ|FL|TX,"2023-12-15 Phoenix,AZ; 2024-07-27 West Palm Beach,FL; 2024-07-27 West Palm Beach,FL; 2024-07-27 West Palm Beach,FL; 2025-08-21 Dallas,TX; 2025-08-21 Dallas,TX; 2025-08-21 Dallas,TX",KBCT|KGKY|KPHX,dbflag:LADD,,no
a4dbd3,N412CU,PC12,TVPX AIRCRAFT SOLUTIONS INC TRUSTEE,7,AZ|NV,"2023-12-15 Phoenix,AZ; 2023-12-16 Phoenix,AZ; 2023-12-16 Phoenix,AZ; 2023-12-20 Phoenix,AZ; 2024-02-02 Las Vegas,NV; 2024-02-02 Las Vegas,NV; 2024-02-02 Las Vegas,NV",KLAS|KPHX,dbflag:LADD,,no
a4e7c7,N415MA,GLF4,8 WINDOWS LLC,7,AZ|FL,"2025-07-11 Tampa,FL; 2025-07-11 Tampa,FL; 2025-07-11 Tampa,FL; 2025-07-12 Tampa,FL; 2025-07-12 Tampa,FL; 2025-07-12 Tampa,FL; 2025-09-20 Glendale,AZ",KPHX|KTPA,dbflag:LADD,,no
a521de,N43MF,LJ35,MED FLIGHT AIR AMBULANCE INC,7,AZ|CA,"2023-12-17 Phoenix,AZ; 2023-12-17 Phoenix,AZ; 2023-12-17 Phoenix,AZ; 2024-12-21 Phoenix,AZ; 2024-12-21 Phoenix,AZ; 2024-12-21 Phoenix,AZ; 2025-04-30 San Diego,CA",KABQ|KPHX|KSAF|KSDM,dbflag:LADD,Albuquerque,yes
a4a848,N4DP,GLF4,GREEN CHAIR PRODUCTIONS INC,7,CA|TX,"2025-08-07 Rancho Palos Verdes,CA; 2025-08-07 Rancho Palos Verdes,CA; 2025-08-07 Rancho Palos Verdes,CA; 2025-08-09 Rancho Palos Verdes,CA; 2025-08-21 Dallas,TX; 2025-08-21 Dallas,TX; 2025-08-21 Dallas,TX",KDAL|KVNY,dbflag:LADD,,no
a712a5,N555GS,F2TH,MID-ATLANTIC AVIATION LLC,7,AZ|CO|FL,"2024-09-02 Phoenix,AZ; 2024-09-11 Boulder,CO; 2025-07-09 Tampa,FL; 2025-07-09 Tampa,FL; 2025-07-11 Tampa,FL; 2025-07-11 Tampa,FL; 2025-07-11 Tampa,FL",KAPA|KSDL|KTPA,dbflag:LADD,,no
a74eb4,N570D,F2TH,WARBLER I LLC,7,FL|GA|TX,"2024-07-24 West Palm Beach,FL; 2024-07-24 West Palm Beach,FL; 2024-07-25 West Palm Beach,FL; 2024-07-25 West Palm Beach,FL; 2024-07-25 West Palm Beach,FL; 2024-10-24 Duluth,GA; 2025-06-12 Grapevine,TX",KBCT|KDAL|KPDK,dbflag:LADD,,no
a78116,N583AJ,GLF4,"MF AVIATION LLC, SUN COUNTRY MARINE TRANSPORTATION LLC",7,FL|TX,"2024-07-25 West Palm Beach,FL; 2024-07-25 West Palm Beach,FL; 2024-07-25 West Palm Beach,FL; 2024-07-26 West Palm Beach,FL; 2024-07-26 West Palm Beach,FL; 2024-07-26 West Palm Beach,FL; 2024-09-11 Denton,TX",KBCT|KDAL|KFLL,dbflag:LADD,,no
a7d1a0,N6024Q,BE95,AERO EQUITIES LLC,7,AZ|CA,"2023-12-15 Phoenix,AZ; 2023-12-17 Phoenix,AZ; 2023-12-17 Phoenix,AZ; 2023-12-17 Phoenix,AZ; 2024-03-20 Phoenix,AZ; 2024-05-15 San Diego,CA; 2024-05-16 San Diego,CA",KFFZ|KMYF,dbflag:LADD,,no
a7db91,N605TX,C56X,PERFECT AGREEMENTS LEASING INC,7,CA|WA,"2024-05-06 Seattle,WA; 2025-08-06 Rancho Palos Verdes,CA; 2025-08-06 Rancho Palos Verdes,CA; 2025-08-07 Rancho Palos Verdes,CA; 2025-08-07 Rancho Palos Verdes,CA; 2025-08-07 Rancho Palos Verdes,CA; 2025-08-09 Rancho Palos Verdes,CA",KABQ|KBFI|KSNA,dbflag:LADD,Albuquerque,yes
a7c5f4,N60LV,LJ60,PDA LLC,7,AZ|CA|NV|TX,"2023-10-03 San Jose,CA; 2024-09-02 Phoenix,AZ; 2024-09-10 Denton,TX; 2024-10-24 Las Vegas,NV; 2025-08-21 Dallas,TX; 2025-08-21 Dallas,TX; 2025-08-21 Dallas,TX",KABQ|KDAL|KDFW|KLAS|KNUQ|KSDL,dbflag:LADD,Albuquerque,yes
a825fe,N624KD,CL30,N318MM LLC,7,AZ|NV,"2023-12-17 Phoenix,AZ; 2023-12-17 Phoenix,AZ; 2023-12-17 Phoenix,AZ; 2023-12-19 Phoenix,AZ; 2023-12-19 Phoenix,AZ; 2024-09-04 Phoenix,AZ; 2024-10-25 Las Vegas,NV",KDSM|KLAS|KSDL,dbflag:LADD,Des Moines,yes
a88dbb,N650LG,GLF4,WILMINGTON TRUST CO TRUSTEE,7,AZ|CA|FL,"2024-12-19 Phoenix,AZ; 2024-12-19 Phoenix,AZ; 2025-02-19 Tampa,FL; 2025-08-05 Rancho Palos Verdes,CA; 2025-08-07 Rancho Palos Verdes,CA; 2025-08-07 Rancho Palos Verdes,CA; 2025-08-07 Rancho Palos Verdes,CA",KPHX|KTPA|KVNY,dbflag:LADD,,no
a932be,N692GD,GLF6,QUALCOMM INC,7,CA|DC,"2023-09-13 San Diego,CA; 2023-09-13 San Diego,CA; 2023-10-02 San Jose,CA; 2025-01-19 Washington,DC; 2025-01-19 Washington,DC; 2025-01-20 Washington,DC; 2025-01-20 Washington,DC",KIAD|KSAN|KSFO,dbflag:LADD,,no
a9aec2,N723AS,CL30,EXECUTIVE AIRSHARE LLC,7,AZ|TX,"2024-09-04 Phoenix,AZ; 2024-09-12 Denton,TX; 2025-08-20 Dallas,TX; 2025-08-20 Dallas,TX; 2025-08-21 Dallas,TX; 2025-08-21 Dallas,TX; 2025-08-21 Dallas,TX",KDAL|KFTW|KIWA,government_operator_string,,no
a9b29a,N724C,E550,US BANK NA,7,CA|MN,"2025-08-06 Rancho Palos Verdes,CA; 2025-08-06 Rancho Palos Verdes,CA; 2025-08-07 Rancho Palos Verdes,CA; 2025-08-07 Rancho Palos Verdes,CA; 2025-08-07 Rancho Palos Verdes,CA; 2025-09-21 Minneapolis,MN; 2025-09-23 Minneapolis,MN",KLAX|KSTP,dbflag:LADD,,no
aa71c8,N772PP,LJ60,RSB INVESTEMENT LLC,7,DC|FL,"2025-01-20 Washington,DC; 2025-01-20 Washington,DC; 2025-07-09 Tampa,FL; 2025-07-09 Tampa,FL; 2025-07-10 Tampa,FL; 2025-07-10 Tampa,FL; 2025-07-10 Tampa,FL",KJYO|KTPA,dbflag:LADD,,no
aaa6d0,N786A,PA44,ATP AIRCRAFT 2 LLC,7,CA|UT,"2025-08-05 Rancho Palos Verdes,CA; 2025-08-06 Rancho Palos Verdes,CA; 2025-08-06 Rancho Palos Verdes,CA; 2025-08-09 Rancho Palos Verdes,CA; 2025-09-29 Logan,UT; 2025-09-30 Logan,UT; 2025-10-01 Logan,UT",KOGD|KPOC,dbflag:LADD,,no
aacf1f,N796JH,LJ45,GPC AVIATION INVESTMENTS LLC,7,AZ|CA|NV|TX|UT,"2024-09-04 Phoenix,AZ; 2024-10-24 Las Vegas,NV; 2024-10-25 Las Vegas,NV; 2025-08-09 Rancho Palos Verdes,CA; 2025-08-22 Dallas,TX; 2025-08-22 Dallas,TX; 2025-09-09 Orem,UT",KABQ|KDAL|KLAS|KSDL|KSLC|KVNY,dbflag:LADD,Albuquerque,yes
a950ce,N7KS,GA5C,TVPX AIRCRAFT SOLUTIONS INC TRUSTEE,7,AZ|DC|MI,"2024-06-15 Detroit,MI; 2024-06-15 Detroit,MI; 2024-06-15 Detroit,MI; 2025-01-21 Washington,DC; 2025-09-20 Glendale,AZ; 2025-09-21 Glendale,AZ; 2025-09-22 Glendale,AZ",KDET|KJYO|KPHX,dbflag:LADD,,no
ab0032,N808GG,C750,ND AVIATION LLC,7,CA|TX,"2025-06-12 Grapevine,TX; 2025-08-05 Rancho Palos Verdes,CA; 2025-08-06 Rancho Palos Verdes,CA; 2025-08-06 Rancho Palos Verdes,CA; 2025-08-07 Rancho Palos Verdes,CA; 2025-08-07 Rancho Palos Verdes,CA; 2025-08-07 Rancho Palos Verdes,CA",KDAL|KVNY,dbflag:LADD,,no
ab0420,N809JM,CL30,JM AVIATION HOLDINGS LLC,7,FL|NV,"2024-01-31 Las Vegas,NV; 2024-01-31 Las Vegas,NV; 2024-01-31 Las Vegas,NV; 2024-07-23 West Palm Beach,FL; 2024-07-25 West Palm Beach,FL; 2024-07-25 West Palm Beach,FL; 2024-07-25 West Palm Beach,FL",KFXE|KLAS,dbflag:LADD,,no
ab096e,N810AT,PA44,DOT AVIATION LLC,7,AZ|TX,"2023-12-15 Phoenix,AZ; 2025-08-20 Dallas,TX; 2025-08-20 Dallas,TX; 2025-08-21 Dallas,TX; 2025-08-21 Dallas,TX; 2025-08-21 Dallas,TX; 2025-08-23 Dallas,TX",KCGZ|KGKY,dbflag:LADD,,no
ab2cab,N819VE,GALX,60-206 LLC,7,FL|NV,"2024-01-30 Las Vegas,NV; 2024-01-30 Las Vegas,NV; 2024-01-30 Las Vegas,NV; 2024-07-23 West Palm Beach,FL; 2024-07-27 West Palm Beach,FL; 2024-07-27 West Palm Beach,FL; 2024-07-27 West Palm Beach,FL",KFXE|KLAS,dbflag:LADD,,no
ab8ba5,N843GS,CL60,EXPRESS TRANSPORTATION CORP,7,CA|NJ|TX,"2023-03-20 New Brunswick,NJ; 2023-03-21 New Brunswick,NJ; 2024-09-11 Denton,TX; 2025-08-05 Rancho Palos Verdes,CA; 2025-08-06 Rancho Palos Verdes,CA; 2025-08-06 Rancho Palos Verdes,CA; 2025-08-09 Rancho Palos Verdes,CA",KDAL|KTEB|KVNY,dbflag:LADD,,no
abd3d3,N861P,P28A,PROFESSIONAL TRAINING AIRCRAFT LLC,7,FL|IL,"2023-06-20 Deerfield,IL; 2025-07-10 Tampa,FL; 2025-07-10 Tampa,FL; 2025-07-10 Tampa,FL; 2025-07-12 Tampa,FL; 2025-07-12 Tampa,FL; 2025-07-12 Tampa,FL",KBKV|KDPA|KLAL,dbflag:LADD,,no
abe95a,N867FE,C208,FEDERAL EXPRESS CORPORATION,7,CA|NV,"2023-11-08 Los Angeles,CA; 2023-11-09 Los Angeles,CA; 2023-11-10 Los Angeles,CA; 2024-03-13 Fullerton,CA; 2024-03-14 Fullerton,CA; 2024-03-15 Fullerton,CA; 2024-05-09 Las Vegas,NV",KLAS|KONT,government_operator_string,,no
abcd31,N86HD,F2TH,HOMERLEASE CO INC,7,GA|TX,"2024-10-22 Atlanta,GA; 2024-10-22 Duluth,GA; 2025-08-20 Dallas,TX; 2025-08-20 Dallas,TX; 2025-08-21 Dallas,TX; 2025-08-21 Dallas,TX; 2025-08-21 Dallas,TX",KADS|KFTY,dbflag:LADD,,no
abf666,N870AR,F2TH,FTC AIR HOLDINGS LLC,7,FL|MN,"2025-02-20 Tampa,FL; 2025-07-09 Tampa,FL; 2025-07-09 Tampa,FL; 2025-07-11 Tampa,FL; 2025-07-11 Tampa,FL; 2025-07-11 Tampa,FL; 2025-09-22 Minneapolis,MN",KFCM|KTPA,dbflag:LADD,,no
ac1847,N879FE,C208,FEDERAL EXPRESS CORP,7,CA|NV,"2024-01-31 Las Vegas,NV; 2024-01-31 Las Vegas,NV; 2024-01-31 Las Vegas,NV; 2025-08-05 Rancho Palos Verdes,CA; 2025-08-06 Rancho Palos Verdes,CA; 2025-08-06 Rancho Palos Verdes,CA; 2025-08-09 Rancho Palos Verdes,CA",KLAS|KONT,government_operator_string,,no
ac2931,N883CE,F2TH,CEOC LLC,7,CA|NV,"2024-01-30 Las Vegas,NV; 2024-01-30 Las Vegas,NV; 2024-01-30 Las Vegas,NV; 2024-02-03 Las Vegas,NV; 2024-02-03 Las Vegas,NV; 2024-02-03 Las Vegas,NV; 2025-03-03 Los Angeles,CA",KLAS|KLAX,dbflag:LADD,,no
ac645f,N898PP,C56X,,7,AZ|CA,"2023-11-08 Los Angeles,CA; 2024-03-15 Fullerton,CA; 2024-12-22 Phoenix,AZ; 2024-12-22 Phoenix,AZ; 2025-02-19 Phoenix,AZ; 2025-02-19 Phoenix,AZ; 2025-03-04 Los Angeles,CA",KABQ|KLAX|KSDL|KSNA,dbflag:LADD,Albuquerque,yes
acbfd4,N920TA,C72R,ATP AIRCRAFT 4 LLC,7,AZ|CA,"2023-09-14 San Diego,CA; 2023-09-14 San Diego,CA; 2023-09-14 San Diego,CA; 2023-11-09 Los Angeles,CA; 2025-03-03 Los Angeles,CA; 2025-03-04 Los Angeles,CA; 2025-09-20 Glendale,AZ",KIWA|KMYF|KPOC,dbflag:LADD,,no
ad404e,N953FE,C208,FEDERAL EXPRESS CORPORATION,7,AZ|OR,"2023-12-15 Phoenix,AZ; 2023-12-16 Phoenix,AZ; 2023-12-16 Phoenix,AZ; 2023-12-19 Phoenix,AZ; 2023-12-19 Phoenix,AZ; 2023-12-20 Phoenix,AZ; 2024-10-10 Corvallis,OR",KGEG|KPHX|KSLE,government_operator_string,Spokane,yes
ad326b,N95BD,F900,KONFARA CO LLC,7,AZ|CA,"2023-09-27 Tempe,AZ; 2023-12-17 Phoenix,AZ; 2023-12-17 Phoenix,AZ; 2023-12-17 Phoenix,AZ; 2024-03-18 Phoenix,AZ; 2024-05-16 San Diego,CA; 2025-02-17 Phoenix,AZ",KSAN|KSDL,dbflag:LADD,,no
adbe39,N985FE,C208,FEDERAL EXPRESS CORPORATION,7,CA|NV,"2024-03-21 Las Vegas,NV; 2025-03-03 Los Angeles,CA; 2025-03-04 Los Angeles,CA; 2025-08-05 Rancho Palos Verdes,CA; 2025-08-07 Rancho Palos Verdes,CA; 2025-08-07 Rancho Palos Verdes,CA; 2025-08-07 Rancho Palos Verdes,CA",KLAS|KONT,government_operator_string,,no
0d09b3,XA-BRA,E55P,,7,AZ|NV|TX,"2023-12-19 Phoenix,AZ; 2023-12-19 Phoenix,AZ; 2023-12-20 Phoenix,AZ; 2024-02-01 Las Vegas,NV; 2024-02-01 Las Vegas,NV; 2024-02-01 Las Vegas,NV; 2024-06-10 San Antonio,TX",KLAS|KPHX|KSAT,non_us_registration,,no
a100f3,,,,6,NV|OR|UT,"2024-01-30 Las Vegas,NV; 2024-01-30 Las Vegas,NV; 2024-01-30 Las Vegas,NV; 2024-04-23 Salt Lake City,UT; 2024-04-24 Salt Lake City,UT; 2024-10-12 Corvallis,OR",KLAS|KSLC|KSLE,dbflag:PIA|no_registration,,no
c017d7,C-FJAS,E545,Airsprint Inc.,6,MI|NV,"2024-02-03 Las Vegas,NV; 2024-02-03 Las Vegas,NV; 2024-02-03 Las Vegas,NV; 2024-06-15 Detroit,MI; 2024-06-15 Detroit,MI; 2024-06-15 Detroit,MI",CYQG|KLAS,non_us_registration,,no
c05edb,C-GJXY,BCS3,Air Canada,6,CA|CO|IL|TX,"2023-06-17 Deerfield,IL; 2023-06-17 Deerfield,IL; 2024-09-09 Boulder,CO; 2025-08-05 Rancho Palos Verdes,CA; 2025-08-22 Dallas,TX; 2025-08-22 Dallas,TX",KDEN|KDFW|KLAX|KORD,non_us_registration,,no
c07e2c,C-GVUH,BCS3,Air Canada,6,CA|TX,"2024-05-15 San Diego,CA; 2025-08-07 Rancho Palos Verdes,CA; 2025-08-07 Rancho Palos Verdes,CA; 2025-08-07 Rancho Palos Verdes,CA; 2025-08-20 Dallas,TX; 2025-08-20 Dallas,TX",8NY8|KDFW|KLAX|KSAN,non_us_registration,Syracuse,yes
3c582d,D-AFAM,GLEX,,6,DC|TX,"2025-01-19 Washington,DC; 2025-01-19 Washington,DC; 2025-01-20 Washington,DC; 2025-01-20 Washington,DC; 2025-01-21 Washington,DC; 2025-08-23 Dallas,TX",KDAL|KIAD,non_us_registration,,no
a01b9e,N106GK,LJ45,UNRESTRICTED CLIMB LLC,6,CA|NV|TX|UT,"2024-03-20 Las Vegas,NV; 2025-06-15 Grapevine,TX; 2025-06-15 Grapevine,TX; 2025-06-16 Grapevine,TX; 2025-08-05 Rancho Palos Verdes,CA; 2025-09-09 Orem,UT",KABQ|KCOE|KDAL|KLAS|KSAF|KSLC|KVNY,dbflag:LADD,Albuquerque|Spokane,yes
a093bd,N136ZC,GLF6,"CORPORATE WINGS LLC, TVPX AIRCRAFT SOLUTIONS INC TRUSTEE",6,DC|TX,"2024-09-12 Denton,TX; 2025-01-19 Washington,DC; 2025-01-19 Washington,DC; 2025-01-20 Washington,DC; 2025-01-20 Washington,DC; 2025-01-21 Washington,DC",KFTW|KIAD,dbflag:LADD,,no
a0cb44,N150MB,CL30,CRAFT CHARTER LLC,6,CA|DC|NJ|TX,"2023-03-21 New Brunswick,NJ; 2025-01-21 Washington,DC; 2025-06-15 Grapevine,TX; 2025-06-15 Grapevine,TX; 2025-08-06 Rancho Palos Verdes,CA; 2025-08-06 Rancho Palos Verdes,CA",KDAL|KIAD|KTEB|KVNY,dbflag:LADD,,no
a0c9fc,N15Y,GLF4,G4SP LLC,6,CA|DC|NJ,"2023-03-20 New Brunswick,NJ; 2025-01-20 Washington,DC; 2025-01-20 Washington,DC; 2025-08-07 Rancho Palos Verdes,CA; 2025-08-07 Rancho Palos Verdes,CA; 2025-08-07 Rancho Palos Verdes,CA",KDSM|KIAD|KTEB|KVNY,dbflag:LADD,Des Moines,yes
a0ca2d,N15ZZ,C25B,SHAMROCK AIR LLC,6,CA|TX,"2025-06-15 Grapevine,TX; 2025-06-15 Grapevine,TX; 2025-08-05 Rancho Palos Verdes,CA; 2025-08-07 Rancho Palos Verdes,CA; 2025-08-07 Rancho Palos Verdes,CA; 2025-08-07 Rancho Palos Verdes,CA",KABQ|KFTW|KHHR|KLGB,dbflag:LADD,Albuquerque,yes
a16621,N19DD,CL30,CITATION X LLC,6,FL|TX,"2024-07-24 West Palm Beach,FL; 2024-07-24 West Palm Beach,FL; 2024-09-12 Denton,TX; 2025-06-12 Grapevine,TX; 2025-06-13 Grapevine,TX; 2025-06-13 Grapevine,TX",KBCT|KFTW,dbflag:LADD,,no
a000fd,N1LA,GLF5,TCRG SN5108 LLC,6,IL|TX,"2023-06-17 Deerfield,IL; 2023-06-17 Deerfield,IL; 2025-06-13 Grapevine,TX; 2025-06-13 Grapevine,TX; 2025-06-15 Grapevine,TX; 2025-06-15 Grapevine,TX",KABQ|KDAL|KMDW,dbflag:LADD,Albuquerque,yes
a1c831,N21381,CL30,HARDWICKE PROPERTIES LLC,6,FL|NV,"2024-02-04 Las Vegas,NV; 2024-02-04 Las Vegas,NV; 2024-02-05 Las Vegas,NV; 2025-07-10 Tampa,FL; 2025-07-10 Tampa,FL; 2025-07-10 Tampa,FL",KLAS|KTPA,dbflag:LADD,,no
a2717f,N257A,GLF5,TVPX ARS INC TRUSTEE,6,DC|TX,"2025-01-21 Washington,DC; 2025-06-12 Grapevine,TX; 2025-06-16 Grapevine,TX; 2025-08-21 Dallas,TX; 2025-08-21 Dallas,TX; 2025-08-21 Dallas,TX",KDAL|KIAD,dbflag:LADD,,no
a275cf,N258GC,CL60,TP MANAGEMENT SERVICES LLC,6,NV|TX,"2024-02-01 Las Vegas,NV; 2024-02-01 Las Vegas,NV; 2024-02-01 Las Vegas,NV; 2025-08-21 Dallas,TX; 2025-08-21 Dallas,TX; 2025-08-21 Dallas,TX",KDAL|KLAS,dbflag:LADD,,no
a2d728,N282TX,E55P,TRANSMEDICS INC,6,AZ|GA|TX,"2024-09-10 Denton,TX; 2024-10-20 Atlanta,GA; 2024-10-23 Duluth,GA; 2025-06-15 Grapevine,TX; 2025-06-15 Grapevine,TX; 2025-09-22 Glendale,AZ",KATL|KDAL|KGEG|KSDL,dbflag:LADD,Spokane,yes
a2cde7,N28ZF,H25B,CORE PROJECTS INC,6,CA|UT,"2025-08-06 Rancho Palos Verdes,CA; 2025-08-06 Rancho Palos Verdes,CA; 2025-08-07 Rancho Palos Verdes,CA; 2025-08-07 Rancho Palos Verdes,CA; 2025-08-07 Rancho Palos Verdes,CA; 2025-09-30 Logan,UT",KOGD|KSNA,dbflag:LADD,,no
a31de4,N30KK,C25C,30KK LLC,6,AZ|NV|OR|WA,"2024-05-07 Las Vegas,NV; 2024-05-07 Seattle,WA; 2024-09-03 Phoenix,AZ; 2024-10-10 Corvallis,OR; 2025-09-20 Glendale,AZ; 2025-09-22 Glendale,AZ",KBFI|KHND|KIWA|KPHX|KSLE,dbflag:LADD,,no
a37ab7,N323NX,PC12,TRIAL SUPPORT SERVICES INC,6,MT|TX,"2023-06-11 Grapevine,TX; 2023-06-11 Grapevine,TX; 2024-09-12 Denton,TX; 2025-06-15 Grapevine,TX; 2025-06-15 Grapevine,TX; 2025-10-07 Bozeman,MT",KBZN|KDAL|KHQZ,dbflag:LADD,,no
a38d34,N328N,C68A,"NICHOLAS SERVICES LLC, TAYLOR AIR LLC",6,AZ|CO|NJ|TX,"2023-03-20 New Brunswick,NJ; 2023-09-27 Tempe,AZ; 2024-09-11 Denton,TX; 2024-10-27 Phoenix,AZ; 2025-06-12 Grapevine,TX; 2025-09-17 Fort Collins,CO",KABQ|KBJC|KBLM|KDAL|KSDL,dbflag:LADD,Albuquerque,yes
a3ea68,N351VJ,CL30,BANK OF UTAH TRUSTEE,6,AZ|CA,"2023-12-16 Phoenix,AZ; 2023-12-16 Phoenix,AZ; 2023-12-17 Phoenix,AZ; 2023-12-17 Phoenix,AZ; 2023-12-17 Phoenix,AZ; 2025-05-07 San Francisco,CA",KSDL|KSFO,dbflag:LADD,,no
a43b55,N372BC,GLEX,JORDAN MCFORDEN LLC,6,AZ|TX,"2023-09-28 Tempe,AZ; 2024-09-04 Phoenix,AZ; 2024-09-10 Denton,TX; 2025-02-19 Phoenix,AZ; 2025-02-19 Phoenix,AZ; 2025-02-20 Phoenix,AZ",KFTW|KPHX|KSDL,dbflag:LADD,,no
a466c3,N383DJ,GLF4,4 E&M LLC,6,AZ|NV,"2023-12-16 Phoenix,AZ; 2023-12-16 Phoenix,AZ; 2023-12-17 Phoenix,AZ; 2023-12-17 Phoenix,AZ; 2023-12-17 Phoenix,AZ; 2024-10-23 Las Vegas,NV",KLAS|KPHX,dbflag:LADD,,no
a46b6e,N384PC,PC12,"JW AIR LLC, ROCK RIDGE EXPRESS LLC, TUOLUMNE RIDGE LLC, JENJIL A",6,AZ|CA,"2024-12-22 Phoenix,AZ; 2024-12-22 Phoenix,AZ; 2025-03-03 Los Angeles,CA; 2025-08-09 Rancho Palos Verdes,CA; 2025-09-21 Glendale,AZ; 2025-09-22 Glendale,AZ",KGYR|KIWA|KSMO|KSNA,dbflag:LADD,,no
a31b9e,N3LD,C25C,LUCKY DUCK ENTERPRISES LLC,6,AZ|CA,"2023-12-15 Phoenix,AZ; 2023-12-16 Phoenix,AZ; 2023-12-16 Phoenix,AZ; 2024-03-18 Phoenix,AZ; 2024-03-18 San Diego,CA; 2024-09-03 Phoenix,AZ",KIWA|KMYF|KPHX|KSDL,dbflag:LADD,,no
a4ac88,N40ZA,F900,PUSHPAK INC,6,DC|PA,"2024-09-17 Pittsburgh,PA; 2025-01-19 Washington,DC; 2025-01-19 Washington,DC; 2025-01-20 Washington,DC; 2025-01-20 Washington,DC; 2025-01-21 Washington,DC",KAGC|KIAD,dbflag:LADD,,no
a576c4,N451KR,GLF4,AIRCRAFT TRUST & FINANCING CORP TRUSTEE,6,AZ|CA|DC|NJ,"2023-03-21 New Brunswick,NJ; 2023-03-22 New Brunswick,NJ; 2023-11-09 Los Angeles,CA; 2025-01-21 Washington,DC; 2025-02-17 Phoenix,AZ; 2025-05-06 San Francisco,CA",KCOE|KGEG|KIAD|KOAK|KONT|KSDL|KTEB,dbflag:LADD,Spokane,yes
a5dc0c,N477KR,PC12,ORCHARD ELMS LLC,6,CA|UT,"2025-08-07 Rancho Palos Verdes,CA; 2025-08-07 Rancho Palos Verdes,CA; 2025-08-07 Rancho Palos Verdes,CA; 2025-09-29 Logan,UT; 2025-09-30 Logan,UT; 2025-10-01 Logan,UT",KABQ|KBUR|KE80|KGEG|KIKV|KOGD,dbflag:LADD,Albuquerque|Des Moines|Spokane,yes
a64160,N502AB,LJ60,LJ60-318 LLC,6,CA|TN,"2025-08-07 Rancho Palos Verdes,CA; 2025-08-07 Rancho Palos Verdes,CA; 2025-08-07 Rancho Palos Verdes,CA; 2025-09-20 Murfreesboro,TN; 2025-09-20 Murfreesboro,TN; 2025-09-21 Murfreesboro,TN",KBNA|KCOE|KSAF|KVNY,dbflag:LADD,Albuquerque|Spokane,yes
a64e67,N505VJ,GL5T,BANK OF UTAH TRUSTEE,6,AZ|CA|DC|NV,"2024-02-04 Las Vegas,NV; 2024-02-04 Las Vegas,NV; 2025-01-21 Washington,DC; 2025-08-09 Rancho Palos Verdes,CA; 2025-09-20 Glendale,AZ; 2025-09-21 Glendale,AZ",KIAD|KLAS|KSDL|KVNY,dbflag:LADD,,no
a63893,N50LB,F900,US BANK NA,6,DC|TN|TX,"2025-01-20 Washington,DC; 2025-01-20 Washington,DC; 2025-08-21 Dallas,TX; 2025-08-21 Dallas,TX; 2025-08-21 Dallas,TX; 2025-09-21 Murfreesboro,TN",KADS|KBNA|KIAD,dbflag:LADD,,no
a66561,N511CJ,H25B,GERRY AVIATION LLC,6,AZ|CO|WI,"2023-12-20 Phoenix,AZ; 2024-09-05 Madison,WI; 2024-12-22 Phoenix,AZ; 2024-12-22 Phoenix,AZ; 2024-12-23 Phoenix,AZ; 2025-09-11 Woodland Park,CO",KCOS|KMSN|KSDL,dbflag:LADD,,no
a8d95e,N67,BE30,FEDERAL AVIATION ADMINISTRATION,6,CO|GA,"2024-09-11 Boulder,CO; 2024-10-21 Atlanta,GA; 2024-10-22 Atlanta,GA; 2024-10-22 Duluth,GA; 2024-10-24 Duluth,GA; 2025-03-17 Gainesville,GA",KAPA|KRYY,dbflag:LADD|government_operator_string,,no
a95345,N70LX,F2TH,LIMERICK AVIATION LLC,6,AZ|CA|CO|TX,"2024-05-15 San Diego,CA; 2024-09-10 Boulder,CO; 2025-02-17 Phoenix,AZ; 2025-08-22 Dallas,TX; 2025-08-22 Dallas,TX; 2025-09-17 Fort Collins,CO",KBJC|KFTW|KPHX|KSAN,dbflag:LADD,,no
a992f0,N716GC,F2TH,GREAT CLIPS INC,6,AZ|CA,"2023-12-16 Phoenix,AZ; 2023-12-16 Phoenix,AZ; 2023-12-17 Phoenix,AZ; 2023-12-17 Phoenix,AZ; 2023-12-17 Phoenix,AZ; 2024-03-15 Fullerton,CA",KLGB|KSDL,dbflag:LADD,,no
a97ae6,N71NF,E550,NFI CORPORATE SERVICES GROUP LLC,6,PA|TX,"2024-09-17 Pittsburgh,PA; 2025-06-14 Grapevine,TX; 2025-06-14 Grapevine,TX; 2025-06-14 Grapevine,TX; 2025-06-15 Grapevine,TX; 2025-06-15 Grapevine,TX",KAGC|KDAL,dbflag:LADD,,no
a9cb1c,N730AS,CL30,"EXECUTIVE AIRSHARE LLC, BJAUP LLC, FOWLER AVIATION LLC, HW TRANS",6,CA|NV|TX,"2024-10-23 Las Vegas,NV; 2025-06-16 Grapevine,TX; 2025-08-09 Rancho Palos Verdes,CA; 2025-08-22 Dallas,TX; 2025-08-22 Dallas,TX; 2025-08-23 Dallas,TX",KDAL|KFTW|KHND|KSNA,government_operator_string,,no
aa05f6,N745JS,C25A,DIAMOND AVIATION INC,6,AZ|CA|CO,"2023-10-02 San Jose,CA; 2023-12-15 Phoenix,AZ; 2024-09-11 Boulder,CO; 2025-03-04 Los Angeles,CA; 2025-08-06 Rancho Palos Verdes,CA; 2025-08-06 Rancho Palos Verdes,CA",KABQ|KAPA|KOAK|KPHX|KVNY,dbflag:LADD,Albuquerque,yes
aa5163,N764LE,EPIC,XLEAR INC,6,AZ|UT,"2023-12-16 Phoenix,AZ; 2023-12-16 Phoenix,AZ; 2023-12-17 Phoenix,AZ; 2023-12-17 Phoenix,AZ; 2023-12-17 Phoenix,AZ; 2024-04-22 Salt Lake City,UT",KGEG|KPHX|KPVU,dbflag:LADD,Spokane,yes
aa8529,N777XV,FA7X,GSM ASSETS II LLC,6,CA|MN|TX,"2025-08-05 Rancho Palos Verdes,CA; 2025-08-06 Rancho Palos Verdes,CA; 2025-08-06 Rancho Palos Verdes,CA; 2025-08-22 Dallas,TX; 2025-08-22 Dallas,TX; 2025-09-23 Minneapolis,MN",KDAL|KLAX|KSTP,dbflag:LADD,,no
aae1fa,N800BD,CL30,KONFARA COMPANY LLC,6,AZ|GA,"2023-09-28 Tempe,AZ; 2023-12-20 Phoenix,AZ; 2024-10-17 Tucson,AZ; 2024-10-22 Atlanta,GA; 2024-10-22 Duluth,GA; 2025-09-21 Glendale,AZ",KABQ|KAVQ|KPDK|KSDL,dbflag:LADD,Albuquerque,yes
ab1964,N814N,E55P,NICHOLAS SERVICES LLC,6,TX|WI,"2024-09-04 Madison,WI; 2025-06-14 Grapevine,TX; 2025-06-14 Grapevine,TX; 2025-06-14 Grapevine,TX; 2025-06-15 Grapevine,TX; 2025-06-15 Grapevine,TX",KABQ|KFTW|KMSN,dbflag:LADD,Albuquerque,yes
ab48aa,N826RP,GLF4,WORLDWIDE JET CHARTER INC,6,AZ|CA,"2024-12-21 Phoenix,AZ; 2024-12-21 Phoenix,AZ; 2024-12-21 Phoenix,AZ; 2025-08-06 Rancho Palos Verdes,CA; 2025-08-06 Rancho Palos Verdes,CA; 2025-08-09 Rancho Palos Verdes,CA",KPHX|KVNY,dbflag:LADD,,no
ab2ec9,N82CW,G280,COSTCO WHOLESALE CORP,6,MT|OR|TX,"2024-10-10 Corvallis,OR; 2024-10-11 Corvallis,OR; 2025-08-20 Dallas,TX; 2025-08-20 Dallas,TX; 2025-10-07 Bozeman,MT; 2025-10-08 Bozeman,MT",KABQ|KBZN|KCOE|KEUG|KGEG|KHQZ|KSLE,dbflag:LADD,Albuquerque|Spokane,yes
ab7647,N838CC,G280,PNC BANK NA,6,DC|FL|NJ,"2023-03-22 New Brunswick,NJ; 2025-01-21 Washington,DC; 2025-02-20 Tampa,FL; 2025-02-21 Tampa,FL; 2025-07-09 Tampa,FL; 2025-07-09 Tampa,FL",KIAD|KTEB|KTPA,dbflag:LADD,,no
ab7d7f,N84,BE30,FEDERAL AVIATION ADMINISTRATION,6,CO|GA|OK|TX,"2024-10-22 Atlanta,GA; 2024-10-22 Duluth,GA; 2024-10-24 Duluth,GA; 2025-06-16 Grapevine,TX; 2025-09-10 Woodland Park,CO; 2025-10-17 Norman,OK",KABQ|KAFW|KCOS|KOKC|KRYY,dbflag:LADD|government_operator_string,Albuquerque,yes
abfe7e,N872HL,CL30,HL AIRCRAFT LLC,6,AZ|OK|TX,"2024-03-18 Phoenix,AZ; 2025-02-17 Phoenix,AZ; 2025-08-21 Dallas,TX; 2025-08-21 Dallas,TX; 2025-08-21 Dallas,TX; 2025-10-16 Norman,OK",KJWY|KOKC|KSDL,dbflag:LADD,,no
acac8c,N9157A,C172,9K AIR LLC,6,AZ|CA,"2025-04-30 San Diego,CA; 2025-05-01 San Diego,CA; 2025-05-02 San Diego,CA; 2025-08-09 Rancho Palos Verdes,CA; 2025-09-20 Glendale,AZ; 2025-09-21 Glendale,AZ",KFFZ|KMYF|KVNY,dbflag:LADD,,no
acb5fc,N918SJ,GALX,NONSTOP CAPITAL LLC,6,AZ|CA|TX,"2024-03-13 Fullerton,CA; 2024-09-02 Phoenix,AZ; 2024-09-10 Denton,TX; 2024-12-20 Phoenix,AZ; 2024-12-20 Phoenix,AZ; 2024-12-20 Phoenix,AZ",KFTW|KPHX|KSNA,dbflag:LADD,,no
ad59db,N96AP,GLEX,TWO CREEKS PARTNERS LLC,6,AZ|GA,"2024-10-22 Atlanta,GA; 2024-10-22 Duluth,GA; 2024-10-24 Duluth,GA; 2024-12-20 Phoenix,AZ; 2024-12-20 Phoenix,AZ; 2024-12-20 Phoenix,AZ",KFTY|KSDL,dbflag:LADD,,no
ad8c37,N972MS,GLF4,GLF4 1285 LLC,6,CA|FL,"2024-07-24 West Palm Beach,FL; 2024-07-24 West Palm Beach,FL; 2025-08-07 Rancho Palos Verdes,CA; 2025-08-07 Rancho Palos Verdes,CA; 2025-08-07 Rancho Palos Verdes,CA; 2025-08-09 Rancho Palos Verdes,CA",KFXE|KVNY,dbflag:LADD,,no
adb8b1,N9830R,BE35,POLLOCK CRAIG D,6,CA|TX,"2023-10-03 San Jose,CA; 2025-08-20 Dallas,TX; 2025-08-20 Dallas,TX; 2025-08-21 Dallas,TX; 2025-08-21 Dallas,TX; 2025-08-21 Dallas,TX",KSJC|KT67,dbflag:LADD,,no
adce1b,N989RS,C25B,LUCKY DEVIL LLC,6,AZ|NV,"2024-02-01 Las Vegas,NV; 2024-02-01 Las Vegas,NV; 2024-02-01 Las Vegas,NV; 2024-03-18 Phoenix,AZ; 2024-12-19 Phoenix,AZ; 2024-12-19 Phoenix,AZ",KLAS|KPHX|KSDL,dbflag:LADD,,no
adf5cb,N999TR,GLF4,N999TR LLC,6,AZ|NV,"2023-12-15 Phoenix,AZ; 2024-02-04 Las Vegas,NV; 2024-02-04 Las Vegas,NV; 2024-09-03 Phoenix,AZ; 2024-12-19 Phoenix,AZ; 2024-12-19 Phoenix,AZ",KGYR|KIWA|KLAS,dbflag:LADD,,no
48c9cf,SP-TOP,GLF6,,6,CA|TX,"2025-08-09 Rancho Palos Verdes,CA; 2025-08-20 Dallas,TX; 2025-08-20 Dallas,TX; 2025-08-21 Dallas,TX; 2025-08-21 Dallas,TX; 2025-08-21 Dallas,TX",KDAL|KLAX,dbflag:LADD|non_us_registration,,no
0d0e65,XA-JTS,H25B,,6,AZ|CA,"2023-11-09 Los Angeles,CA; 2023-12-16 Phoenix,AZ; 2023-12-16 Phoenix,AZ; 2023-12-17 Phoenix,AZ; 2023-12-17 Phoenix,AZ; 2023-12-17 Phoenix,AZ",KLGB|KPHX,dbflag:LADD|non_us_registration,,no
0d0fb1,XA-MLE,C68A,,6,AZ|DC|TX,"2024-03-20 Phoenix,AZ; 2025-01-20 Washington,DC; 2025-01-20 Washington,DC; 2025-08-21 Dallas,TX; 2025-08-21 Dallas,TX; 2025-08-21 Dallas,TX",KDFW|KIAD|KSDL,no_registration|non_us_registration,,no
a038c0,,,,5,CA|WA,"2024-05-06 Seattle,WA; 2025-08-05 Rancho Palos Verdes,CA; 2025-08-06 Rancho Palos Verdes,CA; 2025-08-06 Rancho Palos Verdes,CA; 2025-08-09 Rancho Palos Verdes,CA",KABQ|KBFI|KBUR,dbflag:PIA|no_registration,Albuquerque,yes
ae1258,166376,GLF5,,5,CA|GA,"2023-10-02 San Jose,CA; 2023-10-03 San Jose,CA; 2024-10-22 Atlanta,GA; 2024-10-22 Duluth,GA; 2024-10-23 Duluth,GA",KATL|KOAK,dbflag:military|non_us_registration,,no
ae0000,63-8146,T38,,5,NE|TX,"2024-04-09 Omaha,NE; 2024-06-06 San Antonio,TX; 2024-06-07 San Antonio,TX; 2024-06-07 San Antonio,TX; 2024-06-10 San Antonio,TX",KOFF|KRND,dbflag:military|us_military_serial,,no
adfe52,94-00323,BE20,,5,CA|CO|GA,"2024-09-10 Boulder,CO; 2024-09-11 Boulder,CO; 2024-10-21 Atlanta,GA; 2025-08-06 Rancho Palos Verdes,CA; 2025-08-06 Rancho Palos Verdes,CA",KATL|KDEN|KSLI,dbflag:military|us_military_serial,,no
4d247f,9H-VIT,GL7T,,5,AZ|CA|NJ,"2023-03-22 New Brunswick,NJ; 2023-12-17 Phoenix,AZ; 2023-12-17 Phoenix,AZ; 2023-12-17 Phoenix,AZ; 2025-05-05 San Francisco,CA",KPHX|KSFO|KTEB,non_us_registration,,no
c04688,C-GASL,E545,Airsprint Inc.,5,AZ|DC,"2023-12-15 Phoenix,AZ; 2025-01-19 Washington,DC; 2025-01-19 Washington,DC; 2025-02-20 Phoenix,AZ; 2025-09-22 Glendale,AZ",KIAD|KIWA|KSAF|KSDL,non_us_registration,Albuquerque,yes
c05ed8,C-GJXV,BCS3,Air Canada,5,CO|TX,"2024-09-09 Boulder,CO; 2024-09-12 Denton,TX; 2025-08-21 Dallas,TX; 2025-08-21 Dallas,TX; 2025-08-21 Dallas,TX",KDEN|KDFW,non_us_registration,,no
c0671b,C-GNBE,BCS3,Air Canada,5,AZ|CA|WA,"2024-05-06 Seattle,WA; 2025-02-17 Phoenix,AZ; 2025-05-01 San Diego,CA; 2025-08-06 Rancho Palos Verdes,CA; 2025-08-06 Rancho Palos Verdes,CA",KLAX|KPHX|KSAN|KSEA,non_us_registration,,no
c07e33,C-GVUO,BCS3,Air Canada,5,CA|NJ|TX,"2023-03-21 New Brunswick,NJ; 2024-09-11 Denton,TX; 2025-08-09 Rancho Palos Verdes,CA; 2025-08-20 Dallas,TX; 2025-08-20 Dallas,TX",K68S|KDFW|KLAX|KLGA,non_us_registration,Spokane,yes
a004ca,N100AX,F900,APPLIED UNDERWRITERS INC,5,CA|DC,"2025-01-19 Washington,DC; 2025-01-19 Washington,DC; 2025-01-20 Washington,DC; 2025-01-20 Washington,DC; 2025-05-05 San Francisco,CA",KHWD|KIAD|KSAF,dbflag:LADD,Albuquerque,yes
a022e2,N108ET,CL30,CARLISLE LLC,5,AZ|MN,"2023-09-27 Tempe,AZ; 2024-03-18 Phoenix,AZ; 2024-03-20 Phoenix,AZ; 2025-09-22 Glendale,AZ; 2025-09-22 Minneapolis,MN",KPHX|KSDL|KSTP,dbflag:LADD,,no
a023b3,N108PB,GLF6,REX ASSET MANAGEMENT LLC,5,DC|FL,"2024-07-25 West Palm Beach,FL; 2024-07-25 West Palm Beach,FL; 2024-07-25 West Palm Beach,FL; 2025-01-20 Washington,DC; 2025-01-20 Washington,DC",KIAD|KSUA,dbflag:LADD,,no
a02631,N109AP,C25A,DIRECT AVIATION LLC,5,AZ|TX,"2023-12-16 Phoenix,AZ; 2023-12-16 Phoenix,AZ; 2025-06-14 Grapevine,TX; 2025-06-14 Grapevine,TX; 2025-06-14 Grapevine,TX",KDVT|KFTW,dbflag:LADD,,no
a0405b,N115SE,CL30,ADVANTA AVIATION 3500 LLC,5,AZ|CA|NV,"2024-05-09 Las Vegas,NV; 2024-12-22 Phoenix,AZ; 2024-12-22 Phoenix,AZ; 2024-12-23 Phoenix,AZ; 2025-05-01 San Diego,CA",KLAS|KSDL|KSEE,dbflag:LADD,,no
a029e6,N11AM,LJ60,SUPERMAX SMXM LLC,5,AZ|CA,"2023-10-01 San Jose,CA; 2025-02-20 Phoenix,AZ; 2025-08-07 Rancho Palos Verdes,CA; 2025-08-07 Rancho Palos Verdes,CA; 2025-08-07 Rancho Palos Verdes,CA",KOAK|KPHX|KVNY,dbflag:LADD,,no
a09db5,N139MB,CL60,WARLEY AVIATION LLC,5,CA|NJ,"2023-03-20 New Brunswick,NJ; 2023-10-01 San Jose,CA; 2025-08-06 Rancho Palos Verdes,CA; 2025-08-06 Rancho Palos Verdes,CA; 2025-08-09 Rancho Palos Verdes,CA",KLAX|KNUQ|KSNA|KTEB,dbflag:LADD,,no
a0b2db,N144PK,GLF4,AVIRE LLC,5,NC|TX,"2024-10-21 Chapel Hill,NC; 2024-10-22 Chapel Hill,NC; 2025-08-21 Dallas,TX; 2025-08-21 Dallas,TX; 2025-08-21 Dallas,TX",KDAL|KRDU,dbflag:LADD,,no
a0e924,N158NS,E545,NORFOLK SOUTHERN RAILWAY CO,5,AZ|FL|GA,"2024-03-20 Phoenix,AZ; 2024-07-23 West Palm Beach,FL; 2024-10-22 Atlanta,GA; 2024-10-22 Duluth,GA; 2024-10-24 Duluth,GA",KFTY|KSDL|KSUA,dbflag:LADD,,no
a0c8c0,N15KJ,C700,SOVEREIGN SKIES LLC,5,AZ|CA|TX,"2025-02-20 Phoenix,AZ; 2025-08-09 Rancho Palos Verdes,CA; 2025-08-21 Dallas,TX; 2025-08-21 Dallas,TX; 2025-08-21 Dallas,TX",KFTW|KLAX|KSDL,dbflag:LADD,,no
a110c1,N168PX,C680,CITADEL AVIATION INVESTMENTS LLC,5,CA|NV,"2023-10-01 San Jose,CA; 2024-05-09 Las Vegas,NV; 2025-08-07 Rancho Palos Verdes,CA; 2025-08-07 Rancho Palos Verdes,CA; 2025-08-07 Rancho Palos Verdes,CA",KEMT|KHND|KHWD,dbflag:LADD,,no
a12ab8,N1742S,C172,CAREER PILOT TRAINING LLC,5,CA|UT,"2024-04-22 Salt Lake City,UT; 2024-04-23 Salt Lake City,UT; 2024-04-24 Salt Lake City,UT; 2025-03-03 Los Angeles,CA; 2025-03-04 Los Angeles,CA",KLGB|KPVU,dbflag:LADD,,no
a132b3,N1766T,C172,FLIGHT OPERATIONS AIRCRAFT LLC,5,AZ|CA,"2025-03-02 Los Angeles,CA; 2025-03-03 Los Angeles,CA; 2025-03-04 Los Angeles,CA; 2025-09-20 Glendale,AZ; 2025-09-22 Glendale,AZ",KGEU|KLGB,dbflag:LADD,,no
a16068,N188WR,GLF6,TVPX AIRCRAFT SOLUTIONS INC TRUSTEE,5,CA|NV,"2024-10-25 Las Vegas,NV; 2025-03-02 Los Angeles,CA; 2025-03-03 Los Angeles,CA; 2025-08-06 Rancho Palos Verdes,CA; 2025-08-06 Rancho Palos Verdes,CA",KLAS|KLAX|KLGB|KONT,dbflag:LADD,,no
a13f96,N18NY,GA5C,TSTC LLC,5,CA|TN,"2025-08-07 Rancho Palos Verdes,CA; 2025-08-07 Rancho Palos Verdes,CA; 2025-08-07 Rancho Palos Verdes,CA; 2025-08-09 Rancho Palos Verdes,CA; 2025-09-21 Murfreesboro,TN",KBNA|KVNY,dbflag:LADD,,no
a184d2,N1972H,LJ60,HL AIRCRAFT LLC,5,DC|TX,"2025-01-19 Washington,DC; 2025-01-19 Washington,DC; 2025-01-21 Washington,DC; 2025-08-22 Dallas,TX; 2025-08-22 Dallas,TX",KDAL|KIAD,dbflag:LADD,,no
a192a6,N200GN,GALX,MOUNTAIN MANAGEMENT GROUP LLC,5,AZ|CA,"2023-10-03 San Jose,CA; 2024-03-18 Phoenix,AZ; 2024-09-02 Phoenix,AZ; 2024-10-27 Phoenix,AZ; 2025-02-20 Phoenix,AZ",KSDL|KSFO,dbflag:LADD,,no
a1c9ea,N214RW,CL30,MIDWEST NAS INC,5,AZ|CA,"2023-03-14 Davis,CA; 2024-03-20 Phoenix,AZ; 2025-02-19 Phoenix,AZ; 2025-02-19 Phoenix,AZ; 2025-02-20 Phoenix,AZ",KMCC|KSDL,dbflag:LADD,,no
a1d4da,N217PT,FA50,JETLAGGED LLC,5,FL|TX,"2024-06-07 San Antonio,TX; 2024-06-07 San Antonio,TX; 2024-07-26 West Palm Beach,FL; 2024-07-26 West Palm Beach,FL; 2024-07-26 West Palm Beach,FL",KFXE|KSAT|KSYR,dbflag:LADD,Syracuse,yes
a20c6e,N231CE,GLF5,TVPX ARS INC TRUSTEE,5,AZ|GA|TX,"2024-03-18 Phoenix,AZ; 2024-10-21 Atlanta,GA; 2024-10-23 Duluth,GA; 2025-08-20 Dallas,TX; 2025-08-20 Dallas,TX",KFTW|KFTY|KSDL,dbflag:LADD,,no
a30017,N2926E,CL30,E350 LLC,5,AZ|CA,"2024-09-03 Phoenix,AZ; 2024-12-21 Phoenix,AZ; 2024-12-21 Phoenix,AZ; 2024-12-21 Phoenix,AZ; 2025-05-07 San Francisco,CA",KDVT|KHWD,dbflag:LADD,,no
a332f5,N305LX,CL60,APLUX LLC,5,AZ|TX,"2025-02-17 Phoenix,AZ; 2025-08-20 Dallas,TX; 2025-08-20 Dallas,TX; 2025-08-22 Dallas,TX; 2025-08-22 Dallas,TX",KADS|KSDL,dbflag:LADD,,no
a365a8,N318MM,C56X,PERFECT AGREEMENT LEASING INC,5,AZ|CA|CO|WA,"2024-05-06 Seattle,WA; 2024-09-02 Phoenix,AZ; 2025-03-04 Los Angeles,CA; 2025-08-05 Rancho Palos Verdes,CA; 2025-09-10 Woodland Park,CO",KABQ|KAPA|KBFI|KSDL|KSNA,dbflag:LADD,Albuquerque,yes
a344ab,N31CA,CL30,"HF SINCLAIR PAYROLL SERVICES INC, ATTN:BERNICE BLUDAU",5,DC|TX,"2025-01-20 Washington,DC; 2025-01-20 Washington,DC; 2025-06-12 Grapevine,TX; 2025-08-20 Dallas,TX; 2025-08-20 Dallas,TX",KDAL|KIAD,dbflag:LADD,,no
a3acc3,N336GV,E55P,GRANDVIEW AVIATION LLC,5,DC|GA,"2025-01-19 Washington,DC; 2025-01-19 Washington,DC; 2025-01-20 Washington,DC; 2025-01-20 Washington,DC; 2025-03-17 Gainesville,GA",KABQ|KGVL|KIAD,dbflag:LADD,Albuquerque,yes
a3afe1,N337AS,E55P,"EXECUTIVE AIRSHARE LLC, MEHLMANN G P LLC, HERMAN MICHAEL E TRUST",5,AZ|CA,"2023-10-01 San Jose,CA; 2023-10-03 San Jose,CA; 2023-12-19 Phoenix,AZ; 2023-12-19 Phoenix,AZ; 2023-12-20 Phoenix,AZ",KABQ|KCCR|KSDL|KSFO,government_operator_string,Albuquerque,yes
a3ecca,N352FT,GLF4,352 CORP,5,NV|TX,"2024-01-31 Las Vegas,NV; 2024-01-31 Las Vegas,NV; 2024-01-31 Las Vegas,NV; 2025-08-20 Dallas,TX; 2025-08-20 Dallas,TX",KDAL|KLAS,dbflag:LADD,,no
a3f13a,N353PC,CL30,"QUANTUM AVIATION LLC, MLS SERVICES LLC",5,FL|UT,"2025-02-19 Tampa,FL; 2025-07-10 Tampa,FL; 2025-07-10 Tampa,FL; 2025-07-10 Tampa,FL; 2025-09-11 Orem,UT",KSLC|KTPA,dbflag:LADD,,no
a406e3,N359GS,G280,US BANK NA TRUSTEE,5,NJ|TX,"2023-03-22 New Brunswick,NJ; 2025-06-16 Grapevine,TX; 2025-08-21 Dallas,TX; 2025-08-21 Dallas,TX; 2025-08-21 Dallas,TX",KFTW|KSYR|KTEB,dbflag:LADD,Syracuse,yes
a41fcc,N365KM,CL60,MANSFIELD AVIATION LLC,5,AZ|GA,"2024-10-22 Atlanta,GA; 2024-10-22 Duluth,GA; 2024-10-23 Athens,GA; 2024-10-23 Duluth,GA; 2025-02-17 Phoenix,AZ",KGVL|KIWA|KPDK,dbflag:LADD,,no
a472c7,N386NG,PC12,P W FEENSTRA CONSTRUCTION INC,5,AZ|CA,"2023-09-27 Tempe,AZ; 2023-12-15 Phoenix,AZ; 2024-03-18 San Diego,CA; 2025-04-30 San Diego,CA; 2025-05-02 San Diego,CA",KCHD|KCRQ|KMYF,dbflag:LADD,,no
a4bb80,N404AC,G280,WILMINGTON TRUST CO TRUSTEE,5,DC|TX,"2024-09-12 Denton,TX; 2025-01-19 Washington,DC; 2025-01-19 Washington,DC; 2025-01-20 Washington,DC; 2025-01-20 Washington,DC",KDAL|KIAD,dbflag:LADD,,no
a51e9f,N429SA,LJ45,SUPERIOR AMBULANCE AVIATION INC,5,IL|MN|PA|TX,"2023-06-16 Deerfield,IL; 2024-03-20 Pittsburgh,PA; 2025-06-13 Grapevine,TX; 2025-06-13 Grapevine,TX; 2025-09-23 Minneapolis,MN",KAGC|KDAL|KDPA|KMSP,dbflag:LADD,,no
a52446,N430MW,S22T,1ST AVENUE LRT CIRRUS LLC,5,AZ|CA|TX,"2024-03-15 Fullerton,CA; 2024-12-21 Phoenix,AZ; 2024-12-21 Phoenix,AZ; 2024-12-21 Phoenix,AZ; 2025-06-16 Grapevine,TX",KDVT|KFUL|KRBD,dbflag:LADD,,no
a53663,N435HC,GLF4,OCEANSIDE AVIATION LLC,5,CA|TX,"2025-05-07 San Francisco,CA; 2025-08-09 Rancho Palos Verdes,CA; 2025-08-22 Dallas,TX; 2025-08-22 Dallas,TX; 2025-08-23 Dallas,TX",KDAL|KSFO|KVNY,dbflag:LADD,,no
a568c9,N448ER,C72R,ATP AIRCRAFT 4 LLC,5,AZ|CA,"2024-05-16 San Diego,CA; 2024-05-17 San Diego,CA; 2024-09-02 Phoenix,AZ; 2024-10-27 Phoenix,AZ; 2025-03-04 Los Angeles,CA",KFUL|KIWA|KMYF,dbflag:LADD,,no
a56d31,N449MT,GLF6,WILMINGTON TRUST CO TRUSTEE,5,DC|MN,"2025-01-19 Washington,DC; 2025-01-19 Washington,DC; 2025-01-21 Washington,DC; 2025-09-21 Minneapolis,MN; 2025-09-23 Minneapolis,MN",KIAD|KMSP,dbflag:LADD,,no
a5724a,N450BW,GLF4,TVPX AIRCRAFT SOLUTIONS INC TRUSTEE,5,CA|TX,"2025-05-02 San Diego,CA; 2025-08-06 Rancho Palos Verdes,CA; 2025-08-06 Rancho Palos Verdes,CA; 2025-08-20 Dallas,TX; 2025-08-20 Dallas,TX",KADS|KCRQ|KVNY,dbflag:LADD,,no
a5f7dc,N484EC,F2TH,CONSTELLATION ENERGY GENERATION LLC,5,DC|TX,"2024-06-06 San Antonio,TX; 2025-01-19 Washington,DC; 2025-01-19 Washington,DC; 2025-01-20 Washington,DC; 2025-01-20 Washington,DC",KIAD|KSAT|KSYR,dbflag:LADD,Syracuse,yes
a63e49,N501GM,GLF5,SC TRANSPORT LLC,5,CA|TX,"2025-06-14 Grapevine,TX; 2025-06-14 Grapevine,TX; 2025-06-14 Grapevine,TX; 2025-08-06 Rancho Palos Verdes,CA; 2025-08-06 Rancho Palos Verdes,CA",KLGB|KRBD,dbflag:LADD,,no
a66a5d,N512RJ,GLF4,INTREPID PRODUCTION HOLDINGS LLC,5,AZ|TX,"2024-09-03 Phoenix,AZ; 2024-12-19 Phoenix,AZ; 2024-12-19 Phoenix,AZ; 2025-08-22 Dallas,TX; 2025-08-22 Dallas,TX",KDAL|KIWA|KSAF,dbflag:LADD,Albuquerque,yes
a69f97,N526DV,C25A,"AUTOMALL AVIATION LLC, JBM-CJ LEASING INC",5,FL|GA,"2024-10-23 Athens,GA; 2024-10-23 Duluth,GA; 2025-07-10 Tampa,FL; 2025-07-10 Tampa,FL; 2025-07-10 Tampa,FL",KLZU|KTPA,dbflag:LADD,,no
a6b439,N531AW,BE30,CSI 135 DIVISION LLC,5,AZ|FL,"2024-07-25 West Palm Beach,FL; 2024-07-25 West Palm Beach,FL; 2024-07-25 West Palm Beach,FL; 2024-07-29 West Palm Beach,FL; 2024-10-27 Phoenix,AZ",KABQ|KDVT|KSUA,dbflag:LADD,Albuquerque,yes
a6ff2d,N55XP,H25B,ATLAS LEASING PARTNERS LLC,5,FL|TN,"2024-07-25 West Palm Beach,FL; 2024-07-25 West Palm Beach,FL; 2024-07-25 West Palm Beach,FL; 2025-09-20 Murfreesboro,TN; 2025-09-20 Murfreesboro,TN",KBNA|KFXE,dbflag:LADD,,no
a74201,N567MC,C56X,N63XP LLC,5,AZ|CA|NV,"2024-03-14 Fullerton,CA; 2024-03-20 Las Vegas,NV; 2025-02-20 Phoenix,AZ; 2025-03-04 Los Angeles,CA; 2025-08-05 Rancho Palos Verdes,CA",KBUR|KCNO|KFFZ|KGEG|KLAS|KSNA,dbflag:LADD,Spokane,yes
a75d57,N574AT,PA44,ATP AIRCRAFT 3 LLC,5,CA|UT,"2024-03-14 Fullerton,CA; 2024-03-15 Fullerton,CA; 2025-09-29 Logan,UT; 2025-09-30 Logan,UT; 2025-10-01 Logan,UT",KLGB|KOGD,dbflag:LADD,,no
a7670b,N5760,P180,HAWK RIDGE LLC,5,AZ|CA,"2025-08-07 Rancho Palos Verdes,CA; 2025-08-07 Rancho Palos Verdes,CA; 2025-08-07 Rancho Palos Verdes,CA; 2025-09-21 Glendale,AZ; 2025-09-22 Glendale,AZ",KGEU|KSNA,dbflag:LADD,,no
a7acda,N594GA,GA5C,"NESTLE PURINA PETCARE CO, NESTLE USA INC",5,AZ|FL,"2024-07-25 West Palm Beach,FL; 2024-07-25 West Palm Beach,FL; 2024-07-25 West Palm Beach,FL; 2024-07-29 West Palm Beach,FL; 2024-10-27 Phoenix,AZ",KFLL|KGEU|KSUA,dbflag:LADD,,no
a7bd16,N598WC,F900,WASTE CONNECTIONS US INC,5,CA|DC|NV,"2023-03-15 Davis,CA; 2024-05-09 Las Vegas,NV; 2025-01-19 Washington,DC; 2025-01-19 Washington,DC; 2025-01-21 Washington,DC",KIAD|KLAS|KMHR,dbflag:LADD,,no
a7daf1,N605MM,CL60,"ORBIT AIR LLC, ASCEND AIR LLC",5,CA|NJ,"2023-03-21 New Brunswick,NJ; 2023-03-22 New Brunswick,NJ; 2025-08-07 Rancho Palos Verdes,CA; 2025-08-07 Rancho Palos Verdes,CA; 2025-08-07 Rancho Palos Verdes,CA",KLAX|KTEB,dbflag:LADD,,no
a82286,N623MS,GLF5,AULT AVIATION LLC,5,FL|NV,"2024-02-01 Las Vegas,NV; 2024-02-01 Las Vegas,NV; 2024-02-01 Las Vegas,NV; 2024-07-24 West Palm Beach,FL; 2024-07-24 West Palm Beach,FL",KFLL|KLAS,dbflag:LADD,,no
a82d58,N626JJ,GLEX,BANK OF UTAH TRUSTEE,5,FL|TX,"2024-07-29 West Palm Beach,FL; 2025-06-15 Grapevine,TX; 2025-06-15 Grapevine,TX; 2025-08-20 Dallas,TX; 2025-08-20 Dallas,TX",KADS|KDAL|KFLL,dbflag:LADD,,no
a86920,N641BW,GA6C,PNC BANK NA,5,DC|FL|TX,"2024-09-11 Denton,TX; 2024-09-12 Denton,TX; 2025-01-21 Washington,DC; 2025-02-20 Tampa,FL; 2025-02-21 Tampa,FL",KDAL|KIAD|KTPA,dbflag:LADD,,no
a88d8d,N650JL,C650,TRIAD AVIATION LLC,5,GA|TX,"2024-09-10 Denton,TX; 2024-09-11 Denton,TX; 2024-10-22 Athens,GA; 2024-10-22 Atlanta,GA; 2024-10-22 Duluth,GA",KABQ|KDAL|KGVL,dbflag:LADD,Albuquerque,yes
a8ac1e,N658TC,E550,TRAVEL YONDER CO LLC,5,AZ|TX,"2025-08-21 Dallas,TX; 2025-08-21 Dallas,TX; 2025-08-21 Dallas,TX; 2025-09-20 Glendale,AZ; 2025-09-22 Glendale,AZ",KDAL|KDSM|KPHX,dbflag:LADD,Des Moines,yes
a8b47d,N660CT,E550,ANTELOPE LEASING LLC,5,AZ|FL|TX,"2024-07-29 West Palm Beach,FL; 2024-12-21 Phoenix,AZ; 2024-12-21 Phoenix,AZ; 2024-12-21 Phoenix,AZ; 2025-06-16 Grapevine,TX",KDFW|KFLL|KPHX,dbflag:LADD,,no
a91213,N684A,P28A,PIPER ARCHER THREE LLC,5,FL|GA,"2023-10-11 Atlanta,GA; 2025-02-26 Gainesville,FL; 2025-07-13 Tampa,FL; 2025-07-13 Tampa,FL; 2025-07-14 Tampa,FL",6GA0|FA49|KPIE,dbflag:LADD,,no
a9331e,N692L,GL5T,USH LEASING LLC,5,CA|FL,"2023-11-09 Los Angeles,CA; 2024-03-15 Fullerton,CA; 2024-07-25 West Palm Beach,FL; 2024-07-25 West Palm Beach,FL; 2024-07-25 West Palm Beach,FL",KONT|KSUA,dbflag:LADD,,no
a9cbec,N730K,LJ45,CORPORATE JET LEASING COMPANY LLC,5,AZ|MN|TX,"2023-09-27 Tempe,AZ; 2023-09-28 Tempe,AZ; 2025-08-22 Dallas,TX; 2025-08-22 Dallas,TX; 2025-09-22 Minneapolis,MN",KDAL|KSDL|KSTP,dbflag:LADD,,no
aa0ccb,N747CP,LJ35,ROYAL AIR CHARTER LLC,5,AZ|NV,"2024-03-22 Las Vegas,NV; 2024-05-07 Las Vegas,NV; 2024-12-20 Phoenix,AZ; 2024-12-20 Phoenix,AZ; 2024-12-20 Phoenix,AZ",KABQ|KLAS|KPHX,government_operator_string,Albuquerque,yes
aa3053,N756A,PA44,ATP AIRCRAFT 6 LLC,5,CA|UT,"2023-11-10 Los Angeles,CA; 2024-04-22 Salt Lake City,UT; 2024-04-23 Salt Lake City,UT; 2024-04-24 Salt Lake City,UT; 2025-08-05 Rancho Palos Verdes,CA",KLGB|KOGD,dbflag:LADD,,no
aa5bcb,N767CR,C172,ATP AIRCRAFT 2 LLC,5,TX|UT,"2023-06-08 Grapevine,TX; 2023-06-09 Grapevine,TX; 2023-06-09 Grapevine,TX; 2023-06-12 Grapevine,TX; 2025-10-01 Logan,UT",KOGD|KTKI|US-0998,dbflag:LADD,,no
aafc2d,N807DD,CL60,EXPRESS TRANSPORTATION CORP,5,AZ|CA,"2023-10-02 San Jose,CA; 2023-10-03 San Jose,CA; 2023-11-09 Los Angeles,CA; 2025-02-17 Phoenix,AZ; 2025-08-05 Rancho Palos Verdes,CA",KOAK|KSDL|KSNA|KVNY,dbflag:LADD,,no
ab184a,N814AT,PA44,DOT AVIATION LLC,5,AZ|TX,"2023-12-19 Phoenix,AZ; 2023-12-19 Phoenix,AZ; 2025-08-21 Dallas,TX; 2025-08-21 Dallas,TX; 2025-08-21 Dallas,TX",KCGZ|KGKY,dbflag:LADD,,no
ab198d,N814PR,GLF5,TOPANGA AVIATION LLC,5,CA|TX,"2025-08-07 Rancho Palos Verdes,CA; 2025-08-07 Rancho Palos Verdes,CA; 2025-08-07 Rancho Palos Verdes,CA; 2025-08-20 Dallas,TX; 2025-08-20 Dallas,TX",KDAL|KVNY,dbflag:LADD,,no
ab4010,N824DP,CL30,TVPX AIRCRAFT SOLUTIONS INC TRUSTEE,5,MN|TX,"2025-08-21 Dallas,TX; 2025-08-21 Dallas,TX; 2025-08-21 Dallas,TX; 2025-08-23 Dallas,TX; 2025-09-21 Minneapolis,MN",KABQ|KADS|KMSP,dbflag:LADD,Albuquerque,yes
ab2eae,N82BU,F900,LACORE ADVENTURES LLC,5,CA|DC|NV,"2024-05-07 Las Vegas,NV; 2024-05-09 Las Vegas,NV; 2025-01-20 Washington,DC; 2025-01-20 Washington,DC; 2025-05-01 San Diego,CA",KCRQ|KHND|KJYO,dbflag:LADD,,no
ab800d,N840CB,E545,JGS PRAETOR LLC,5,FL|GA,"2024-07-25 West Palm Beach,FL; 2024-07-25 West Palm Beach,FL; 2024-07-25 West Palm Beach,FL; 2025-03-20 Gainesville,GA; 2025-03-20 Gainesville,GA",KCHA|KDZJ|KFXE,dbflag:LADD,Chattanooga,yes
ababb9,N851GV,LJ60,BENEDICTUS HOLDINGS LLC,5,FL|TX,"2024-07-26 West Palm Beach,FL; 2024-07-26 West Palm Beach,FL; 2024-07-26 West Palm Beach,FL; 2025-08-20 Dallas,TX; 2025-08-20 Dallas,TX",KBCT|KDFW,dbflag:LADD,,no
abc545,N858CC,G280,COMMERCE BANK,5,AZ|FL,"2024-03-20 Phoenix,AZ; 2025-02-21 Tampa,FL; 2025-07-13 Tampa,FL; 2025-07-13 Tampa,FL; 2025-07-14 Tampa,FL",KDSM|KPHX|KTPA,dbflag:LADD,Des Moines,yes
abe6d6,N866TM,CL30,TVPX AIRCRAFT SOLUTIONS INC TRUSTEE,5,DC|NJ,"2023-03-20 New Brunswick,NJ; 2025-01-19 Washington,DC; 2025-01-19 Washington,DC; 2025-01-20 Washington,DC; 2025-01-20 Washington,DC",KIAD|KTEB,dbflag:LADD,,no
ac11e9,N877SB,GLF5,SB COMPANIES LLC,5,DC|TX,"2024-06-07 San Antonio,TX; 2024-06-07 San Antonio,TX; 2025-01-20 Washington,DC; 2025-01-20 Washington,DC; 2025-01-21 Washington,DC",KJYO|KSAT,dbflag:LADD,,no
ac1fcc,N880WC,C25B,TVPX AIRCRAFT SOLUTIONS INC TRUSTEE,5,AZ|TX,"2023-09-28 Tempe,AZ; 2024-06-07 San Antonio,TX; 2024-06-07 San Antonio,TX; 2025-08-20 Dallas,TX; 2025-08-20 Dallas,TX",KADS|KSAT|KSDL,dbflag:LADD,,no
ac380d,N887CE,F2TH,CEOC LLC,5,CA|NV|TX,"2024-03-22 Las Vegas,NV; 2024-05-15 San Diego,CA; 2024-05-16 San Diego,CA; 2025-05-02 San Diego,CA; 2025-08-23 Dallas,TX",KCRQ|KHQZ|KLAS,dbflag:LADD,,no
ac38d3,N887LC,CL30,BANK OF UTAH TRUSTEE,5,AZ|TX,"2024-09-10 Denton,TX; 2024-09-11 Denton,TX; 2025-02-17 Phoenix,AZ; 2025-06-12 Grapevine,TX; 2025-06-16 Grapevine,TX",KDAL|KPHX,dbflag:LADD,,no
ac3cae,N888MP,BE20,PROBASCO MITCH,5,AZ|TX,"2024-12-22 Phoenix,AZ; 2024-12-22 Phoenix,AZ; 2025-08-23 Dallas,TX; 2025-09-20 Glendale,AZ; 2025-09-21 Glendale,AZ",KDFW|KDVT|KSDL,dbflag:LADD,,no
ac1d80,N88WR,GLF5,TVPX AIRCRAFT SOLUTIONS INC TRUSTEE,5,CA|NV,"2024-01-31 Las Vegas,NV; 2024-01-31 Las Vegas,NV; 2024-01-31 Las Vegas,NV; 2024-05-09 Las Vegas,NV; 2025-05-05 San Francisco,CA",KLAS|KOAK,dbflag:LADD,,no
ac442a,N89NC,GA6C,BANK OF UTAH TRUSTEE,5,CA|NJ,"2023-03-21 New Brunswick,NJ; 2025-03-03 Los Angeles,CA; 2025-08-07 Rancho Palos Verdes,CA; 2025-08-07 Rancho Palos Verdes,CA; 2025-08-07 Rancho Palos Verdes,CA",KLAX|KTEB,dbflag:LADD,,no
ac979e,N910KT,PA44,ATP AIRCRAFT 6 LLC,5,DC|GA,"2025-01-19 Washington,DC; 2025-01-19 Washington,DC; 2025-03-20 Gainesville,GA; 2025-03-20 Gainesville,GA; 2025-03-21 Gainesville,GA",KJYO|KLZU,dbflag:LADD,,no
acb0c8,N917BC,F900,FLYAWAY INC,5,AZ|TX,"2024-03-20 Phoenix,AZ; 2024-09-02 Phoenix,AZ; 2025-08-21 Dallas,TX; 2025-08-21 Dallas,TX; 2025-08-21 Dallas,TX",KFTW|KSDL,dbflag:LADD,,no
ac952b,N91JS,GLF4,ONEIDA II LLC,5,CA|NJ,"2023-03-20 New Brunswick,NJ; 2023-03-21 New Brunswick,NJ; 2025-08-07 Rancho Palos Verdes,CA; 2025-08-07 Rancho Palos Verdes,CA; 2025-08-07 Rancho Palos Verdes,CA",KBUR|KTEB,dbflag:LADD,,no
acc8e1,N92266,C172,DHS OPERATIONS LLC,5,CA|UT,"2024-04-22 Salt Lake City,UT; 2024-04-23 Salt Lake City,UT; 2024-04-24 Salt Lake City,UT; 2025-03-02 Los Angeles,CA; 2025-03-04 Los Angeles,CA",KLGB|KOGD,dbflag:LADD,,no
acbc60,N92FT,G280,WILMINGTON TRUST CO TRUSTEE,5,AZ|CA,"2025-02-20 Phoenix,AZ; 2025-05-02 San Diego,CA; 2025-08-07 Rancho Palos Verdes,CA; 2025-08-07 Rancho Palos Verdes,CA; 2025-08-07 Rancho Palos Verdes,CA",KGEG|KSAN|KSDL|KSNA,dbflag:LADD,Spokane,yes
ad424b,N9531D,C72R,ATP AIRCRAFT 4 LLC,5,AZ|CA,"2023-03-13 Davis,CA; 2023-03-15 Davis,CA; 2025-09-20 Glendale,AZ; 2025-09-21 Glendale,AZ; 2025-09-22 Glendale,AZ",2AZ4|41AZ|AZ61|KSAC,dbflag:LADD,,no
adc192,N986BL,LJ45,WALMART INC,5,FL|NC,"2024-07-27 West Palm Beach,FL; 2024-07-27 West Palm Beach,FL; 2024-07-27 West Palm Beach,FL; 2024-07-29 West Palm Beach,FL; 2024-10-22 Chapel Hill,NC",KFLL|KRDU|KSUA,dbflag:LADD,,no
adc98b,N988H,FA7X,HONEYWELL INTERNATIONAL INC,5,AZ|CA,"2024-09-03 Phoenix,AZ; 2025-08-07 Rancho Palos Verdes,CA; 2025-08-07 Rancho Palos Verdes,CA; 2025-08-07 Rancho Palos Verdes,CA; 2025-09-22 Glendale,AZ",KLAX|KPHX,dbflag:LADD,,no
424786,VP-CBB,GLF6,,5,AZ|CA|DC,"2025-01-20 Washington,DC; 2025-01-20 Washington,DC; 2025-01-21 Washington,DC; 2025-02-17 Phoenix,AZ; 2025-04-30 San Diego,CA",KIAD|KIWA|KSAN,dbflag:LADD|non_us_registration,,no
a0fefb,,,,4,AZ|CA,"2023-09-28 Tempe,AZ; 2025-08-06 Rancho Palos Verdes,CA; 2025-08-06 Rancho Palos Verdes,CA; 2025-08-09 Rancho Palos Verdes,CA",KSDL|KVNY,dbflag:PIA|no_registration,,no
123456,,,,4,FL|GA,"2024-07-27 West Palm Beach,FL; 2024-07-27 West Palm Beach,FL; 2024-07-27 West Palm Beach,FL; 2024-10-23 Duluth,GA",KFLL|KMGE,no_registration,,no
0aa918,,,,4,CA|CO,"2024-09-10 Boulder,CO; 2024-09-11 Boulder,CO; 2025-03-02 Los Angeles,CA; 2025-09-11 Woodland Park,CO",KAPA|KLAX,no_registration,,no
a4d3a6,,,,4,FL|TX,"2025-07-14 Tampa,FL; 2025-08-21 Dallas,TX; 2025-08-21 Dallas,TX; 2025-08-21 Dallas,TX",KDFW|KTPA,no_registration,,no
a4a9e6,,,,4,AZ|CO,"2025-09-11 Woodland Park,CO; 2025-09-20 Glendale,AZ; 2025-09-21 Glendale,AZ; 2025-09-22 Glendale,AZ",KAPA|KSDL,no_registration,,no
ae06d9,163561,BE20,,4,GA|TX,"2024-09-10 Denton,TX; 2024-09-11 Denton,TX; 2024-09-12 Denton,TX; 2024-10-24 Duluth,GA",KFTW|KRYY,dbflag:military|non_us_registration,,no
ae03eb,165314,C130,,4,CA|TX,"2024-03-18 San Diego,CA; 2025-06-12 Grapevine,TX; 2025-06-13 Grapevine,TX; 2025-06-13 Grapevine,TX",KNFW|KNZY,dbflag:military|non_us_registration,,no
ae1e81,166035,TEX2,,4,AZ|TX,"2024-06-06 San Antonio,TX; 2024-06-07 San Antonio,TX; 2024-06-07 San Antonio,TX; 2024-10-27 Phoenix,AZ",KSAT|KSDL,dbflag:military|non_us_registration,,no
adfecf,84-00489,BE20,,4,CA|NV,"2023-03-15 Davis,CA; 2024-02-03 Las Vegas,NV; 2024-02-03 Las Vegas,NV; 2024-02-03 Las Vegas,NV",KLAS|KMHR,dbflag:military|us_military_serial,,no
06a1d3,A7-CGO,GLF6,,4,CA|DC,"2025-01-20 Washington,DC; 2025-01-20 Washington,DC; 2025-08-06 Rancho Palos Verdes,CA; 2025-08-06 Rancho Palos Verdes,CA",KIAD|KLAX,non_us_registration,,no
c00394,C-FBJF,TAIL,Sunwest Aviation Ltd.,4,AZ|CA,"2023-12-17 Phoenix,AZ; 2023-12-17 Phoenix,AZ; 2023-12-17 Phoenix,AZ; 2025-04-30 San Diego,CA",KSAN|KSDL,non_us_registration,,no
c03c3c,C-FWVB,PRM1,Eleva Aviation Ltd.,4,AZ|CO,"2024-12-20 Phoenix,AZ; 2024-12-20 Phoenix,AZ; 2024-12-20 Phoenix,AZ; 2025-09-10 Woodland Park,CO",KCOS|KSDL,dbflag:LADD|non_us_registration,,no
c04852,C-GBKB,CL60,Morningstar Partners Ltd.,4,AZ|CO,"2023-12-16 Phoenix,AZ; 2023-12-16 Phoenix,AZ; 2025-09-10 Woodland Park,CO; 2025-09-12 Woodland Park,CO",KAPA|KSDL,non_us_registration,,no
c053b4,C-GFSD,C25B,Airsprint Inc.,4,AZ|DC,"2025-01-20 Washington,DC; 2025-01-20 Washington,DC; 2025-01-21 Washington,DC; 2025-02-20 Phoenix,AZ",KIAD|KSDL,non_us_registration,,no
c080dc,C-GWUT,BCS3,Air Canada,4,CO|TX,"2024-09-11 Boulder,CO; 2025-06-12 Grapevine,TX; 2025-06-13 Grapevine,TX; 2025-06-13 Grapevine,TX",KDEN|KDFW,non_us_registration,,no
a004bf,N100AL,GLF6,ABBOTT LABORATORIES INC,4,DC|TX,"2023-06-12 Grapevine,TX; 2025-01-19 Washington,DC; 2025-01-19 Washington,DC; 2025-01-21 Washington,DC",KDFW|KIAD,dbflag:LADD,,no
a00ce6,N102HW,C172,DHS OPERATIONS LLC,4,AZ|CA,"2024-10-27 Phoenix,AZ; 2025-03-02 Los Angeles,CA; 2025-03-03 Los Angeles,CA; 2025-03-04 Los Angeles,CA",KIWA|KLGB,dbflag:LADD,,no
a00dcf,N102TD,GLF5,BOPPER AIRWAYS LLC,4,GA|TN,"2024-10-20 Atlanta,GA; 2025-09-20 Murfreesboro,TN; 2025-09-20 Murfreesboro,TN; 2025-09-21 Murfreesboro,TN",KBNA|KLZU,dbflag:LADD,,no
a03028,N111CM,E545,MUNDAY AVIATION LLC,4,CA|NV|TX,"2024-09-12 Denton,TX; 2024-10-23 Las Vegas,NV; 2025-08-06 Rancho Palos Verdes,CA; 2025-08-06 Rancho Palos Verdes,CA",KDAL|KGEG|KLAS|KVNY,dbflag:LADD,Spokane,yes
a04413,N116SF,GLEX,ALTEN CONSULTING LLC,4,DC|FL,"2024-07-26 West Palm Beach,FL; 2024-07-26 West Palm Beach,FL; 2024-07-26 West Palm Beach,FL; 2025-01-21 Washington,DC",KFXE|KIAD,dbflag:LADD,,no
a06673,N125BW,PC12,125 LLC,4,AZ|NV,"2024-05-07 Las Vegas,NV; 2024-12-20 Phoenix,AZ; 2024-12-20 Phoenix,AZ; 2024-12-20 Phoenix,AZ",KHND|KSDL,dbflag:LADD,,no
a0a536,N1401L,C56X,JAZ CAPITAL PARTNERS LLC,4,AZ|CA,"2024-10-27 Phoenix,AZ; 2025-04-30 San Diego,CA; 2025-05-01 San Diego,CA; 2025-09-22 Glendale,AZ",KCRQ|KDSM|KSDL,dbflag:LADD,Des Moines,yes
a0c6c6,N1492J,F2TH,TVPX ARS INC TRUSTEE,4,AZ|FL,"2024-07-25 West Palm Beach,FL; 2024-07-25 West Palm Beach,FL; 2024-07-25 West Palm Beach,FL; 2025-02-20 Phoenix,AZ",KSDL|KSUA,dbflag:LADD,,no
a0cf78,N151SB,C750,VANDELAY AMERICA LLC,4,AZ|CA|FL,"2024-09-04 Phoenix,AZ; 2025-02-20 Tampa,FL; 2025-02-21 Tampa,FL; 2025-03-03 Los Angeles,CA",KCOE|KDVT|KPIE|KSNA,dbflag:LADD,Spokane,yes
a106bf,N1651C,C172,CE-172 AIRCRAFT LLC,4,AZ|UT,"2024-09-02 Phoenix,AZ; 2025-09-09 Orem,UT; 2025-09-10 Orem,UT; 2025-09-11 Orem,UT",KGEU|KPVU,dbflag:LADD,,no
a10e50,N1672C,C172,CE-172 AIRCRAFT LLC,4,CA|CO,"2023-11-08 Los Angeles,CA; 2023-11-09 Los Angeles,CA; 2023-11-10 Los Angeles,CA; 2025-09-11 Woodland Park,CO",KAPA|KLGB,dbflag:LADD,,no
a0ef95,N16CP,C680,WALMART INC,4,TX|UT,"2025-08-21 Dallas,TX; 2025-08-21 Dallas,TX; 2025-08-21 Dallas,TX; 2025-09-09 Orem,UT",KLNC|KPVU,dbflag:LADD,,no
a12724,N1733S,C172,CAREER PILOT TRAINING LLC,4,AZ|TX,"2023-06-08 Grapevine,TX; 2025-02-20 Phoenix,AZ; 2025-09-20 Glendale,AZ; 2025-09-21 Glendale,AZ",KCHD|KGKY|KSDL,dbflag:LADD,,no
a12491,N173CN,FA7X,CIGNA HOLDING CO,4,CO|MN|NJ,"2023-03-21 New Brunswick,NJ; 2025-09-11 Woodland Park,CO; 2025-09-12 Woodland Park,CO; 2025-09-23 Minneapolis,MN",KAPA|KMSP|KTEB,dbflag:LADD,,no
a12a95,N1741S,C172,CAREER PILOT TRAINING LLC,4,TX|UT,"2023-06-08 Grapevine,TX; 2025-09-09 Orem,UT; 2025-09-10 Orem,UT; 2025-09-11 Orem,UT",KPVU|KTKI,dbflag:LADD,,no
a12e70,N1752T,C172,FLIGHT OPERATIONS AIRCRAFT LLC,4,CA|UT,"2023-11-10 Los Angeles,CA; 2025-03-04 Los Angeles,CA; 2025-09-29 Logan,UT; 2025-09-30 Logan,UT",KLGB|KOGD,dbflag:LADD,,no
a117be,N17KJ,CL30,TVPX AIRCRAFT SOLUTIONS INC TRUSTEE,4,CA|NJ,"2023-03-22 New Brunswick,NJ; 2025-08-07 Rancho Palos Verdes,CA; 2025-08-07 Rancho Palos Verdes,CA; 2025-08-07 Rancho Palos Verdes,CA",KTEB|KVNY,dbflag:LADD,,no
a172a0,N1925,F2TH,RHEEM MANUFACTURING CO,4,CA|GA,"2024-03-13 Fullerton,CA; 2024-03-14 Fullerton,CA; 2024-03-15 Fullerton,CA; 2024-10-21 Atlanta,GA",KONT|KPDK,dbflag:LADD,,no
a1883f,N1980D,G280,JET SPECIALTY INC,4,OK|TX,"2025-08-21 Dallas,TX; 2025-08-21 Dallas,TX; 2025-08-21 Dallas,TX; 2025-10-15 Norman,OK",KDAL|KOKC,dbflag:LADD,,no
a1b37e,N209AM,C25A,APPLE AUTOS GROUP INC,4,CO|MN,"2025-09-11 Woodland Park,CO; 2025-09-21 Minneapolis,MN; 2025-09-22 Minneapolis,MN; 2025-09-23 Minneapolis,MN",KCOS|KDSM|KFCM,dbflag:LADD,Des Moines,yes
a1c1a5,N212HF,C56X,GOPHER AIR LLC,4,AZ|MN|NC,"2024-10-22 Chapel Hill,NC; 2025-02-17 Phoenix,AZ; 2025-09-21 Minneapolis,MN; 2025-09-22 Minneapolis,MN",KFCM|KRDU|KSDL,dbflag:LADD,,no
a1d63c,N21722,C82S,VAN BORTEL AIRCRAFT INC,4,AZ|NV,"2023-12-15 Phoenix,AZ; 2024-01-31 Las Vegas,NV; 2024-01-31 Las Vegas,NV; 2024-01-31 Las Vegas,NV",KABQ|KFFZ|KLAS,dbflag:LADD,Albuquerque,yes
a1d7ef,N218HF,GLF5,TVPX AIRCRAFT SOLUTIONS INC TRUSTEE,4,AZ|TX,"2024-03-18 Phoenix,AZ; 2025-02-17 Phoenix,AZ; 2025-08-20 Dallas,TX; 2025-08-20 Dallas,TX",KDAL|KSDL,dbflag:LADD,,no
a1f025,N224CX,C750,WINGS & WHEELS LLC,4,AZ|DC|NJ,"2023-03-20 New Brunswick,NJ; 2025-01-20 Washington,DC; 2025-01-20 Washington,DC; 2025-02-20 Phoenix,AZ",KCHA|KJYO|KSDL|KTEB,dbflag:LADD,Chattanooga,yes
a1fce6,N227VJ,PC24,PRIORITY AIR LLC,4,CA|CO,"2024-09-09 Boulder,CO; 2025-08-06 Rancho Palos Verdes,CA; 2025-08-06 Rancho Palos Verdes,CA; 2025-08-09 Rancho Palos Verdes,CA",KABQ|KAPA|KSNA,dbflag:LADD,Albuquerque,yes
a23c93,N243QS,CL60,"DCAC FLIGHTS LLC, PLOTKIN GABRIEL, ROYAL PALM CONSULTING LLC, BA",4,NV|TX,"2024-03-20 Las Vegas,NV; 2024-09-10 Denton,TX; 2024-09-11 Denton,TX; 2024-09-12 Denton,TX",KDAL|KLAS,government_operator_string,,no
a24a70,N247EM,GLF5,TVPX AIRCRAFT SOLUTIONS INC TRUSTEE,4,AZ|CO,"2024-09-09 Boulder,CO; 2024-12-20 Phoenix,AZ; 2024-12-20 Phoenix,AZ; 2024-12-20 Phoenix,AZ",KAPA|KPHX,dbflag:LADD,,no
a257f8,N250EX,ASTR,MID-SOUTH SERVICES INC,4,AZ|FL,"2025-02-20 Tampa,FL; 2025-02-21 Tampa,FL; 2025-09-20 Glendale,AZ; 2025-09-22 Glendale,AZ",KGEU|KPIE|KTPA,dbflag:LADD,,no
a26e0f,N256CW,GLF5,SRIT LLC,4,CA|NV,"2024-02-03 Las Vegas,NV; 2024-02-03 Las Vegas,NV; 2024-02-03 Las Vegas,NV; 2025-03-02 Los Angeles,CA",KHND|KLGB,dbflag:LADD,,no
a2793b,N259DC,E50P,MD FLIGHT LLC,4,CA|NJ,"2023-03-20 New Brunswick,NJ; 2025-08-07 Rancho Palos Verdes,CA; 2025-08-07 Rancho Palos Verdes,CA; 2025-08-07 Rancho Palos Verdes,CA",KTEB|KVNY,dbflag:LADD,,no
a29dfd,N268PC,G280,BANC OF AMERICA LEASING & CAPITAL LLC,4,CA|GA,"2024-10-24 Duluth,GA; 2025-08-05 Rancho Palos Verdes,CA; 2025-08-06 Rancho Palos Verdes,CA; 2025-08-06 Rancho Palos Verdes,CA",KLAX|KPDK|KSNA,dbflag:LADD,,no
a2a7c4,N270PC,G280,BANK OF UTAH TRUSTEE,4,CA|GA,"2024-10-22 Atlanta,GA; 2024-10-22 Duluth,GA; 2025-05-05 San Francisco,CA; 2025-05-06 San Francisco,CA",KPDK|KSFO,dbflag:LADD,,no
a2a7d1,N270PR,C56X,"QUEENSTOWN EXPRESS LLC, MR AIRCRAFT LLC",4,AZ|CO,"2024-09-11 Boulder,CO; 2024-12-21 Phoenix,AZ; 2024-12-21 Phoenix,AZ; 2024-12-21 Phoenix,AZ",KAPA|KFFZ,dbflag:LADD,,no
a2c4cb,N278GA,GALX,SFC GLOBAL SUPPLY CHAIN INC,4,CA|TX,"2023-11-09 Los Angeles,CA; 2025-06-14 Grapevine,TX; 2025-06-14 Grapevine,TX; 2025-06-14 Grapevine,TX",KDAL|KSNA,dbflag:LADD,,no
a2dadf,N283TX,E55P,TRANSMEDICS INC,4,GA|TX,"2024-09-11 Denton,TX; 2024-10-20 Atlanta,GA; 2024-10-23 Duluth,GA; 2024-10-24 Duluth,GA",KATL|KDAL,dbflag:LADD,,no
a2ddff,N284MW,G280,SCHWEITZER AIRCRAFT LEASING INC,4,AZ|FL,"2025-02-19 Tampa,FL; 2025-02-20 Tampa,FL; 2025-09-20 Glendale,AZ; 2025-09-21 Glendale,AZ",KIWA|KSDL|KTPA,dbflag:LADD,,no
a2f44f,N29NB,ASTR,PPP AVIATION LLC,4,AZ|CA,"2023-09-15 San Diego,CA; 2023-09-15 San Diego,CA; 2023-09-16 San Diego,CA; 2025-02-20 Phoenix,AZ",KCOE|KMYF|KPHX,dbflag:LADD,Spokane,yes
a18e0b,N2HL,CL30,HL AIRCRAFT LLC,4,OK|TX,"2025-08-22 Dallas,TX; 2025-08-22 Dallas,TX; 2025-10-16 Norman,OK; 2025-10-17 Norman,OK",KDAL|KOKC,dbflag:LADD,,no
a32010,N300HQ,CL30,COMERICA LEASING CORP,4,CA|FL|NV|TX,"2024-10-23 Las Vegas,NV; 2025-04-30 San Diego,CA; 2025-06-16 Grapevine,TX; 2025-07-14 Tampa,FL",KFTW|KHND|KLAL|KSAN,dbflag:LADD,,no
a327a4,N302KC,CL30,KROGER CO,4,CA|CO|GA,"2025-03-20 Gainesville,GA; 2025-03-20 Gainesville,GA; 2025-08-05 Rancho Palos Verdes,CA; 2025-09-10 Woodland Park,CO",KCOS|KLZU|KSNA,dbflag:LADD,,no
a373a3,N321SM,C25B,LUCKY STARS LLC,4,AZ|CO,"2023-09-27 Tempe,AZ; 2024-09-02 Phoenix,AZ; 2024-09-09 Boulder,CO; 2024-10-27 Phoenix,AZ",KABQ|KAPA|KIWA|KSAF|KSDL,dbflag:LADD,Albuquerque,yes
a39ef2,N332TM,GALX,JMT LLC,4,CO|DC,"2024-09-10 Boulder,CO; 2024-09-11 Boulder,CO; 2025-01-19 Washington,DC; 2025-01-19 Washington,DC",KAPA|KDCA|KDSM,dbflag:LADD,Des Moines,yes
a3a44a,N3337J,CL30,BIG HORNS LEASING LLC,4,AZ|GA,"2024-12-19 Phoenix,AZ; 2024-12-19 Phoenix,AZ; 2025-03-17 Gainesville,GA; 2025-03-21 Gainesville,GA",KRYY|KSDL,dbflag:LADD,,no
a3a977,N335MB,C525,EMERALD SPRINGS LLC,4,AZ|CA,"2023-09-13 San Diego,CA; 2023-09-13 San Diego,CA; 2024-09-03 Phoenix,AZ; 2025-02-20 Phoenix,AZ",KDVT|KMYF|KPHX,dbflag:LADD,,no
a3c653,N342SG,LJ45,MHS 3-2-1 GO LLC,4,CA|CO,"2025-08-07 Rancho Palos Verdes,CA; 2025-08-07 Rancho Palos Verdes,CA; 2025-08-07 Rancho Palos Verdes,CA; 2025-09-11 Woodland Park,CO",KAPA|KVNY,dbflag:LADD,,no
a3d79a,N347D,P28A,PROFESSIONAL TRAINING AIRCRAFT LLC,4,FL|GA,"2024-07-24 West Palm Beach,FL; 2024-07-24 West Palm Beach,FL; 2024-10-24 Duluth,GA; 2025-03-21 Gainesville,GA",4GA9|KCHA|KFXE|KPDK,dbflag:LADD,Chattanooga,yes
a3e8c8,N351CT,CL30,NORTH DAKOTA ASSOCIATES LLC,4,FL|NV,"2024-01-31 Las Vegas,NV; 2024-01-31 Las Vegas,NV; 2024-01-31 Las Vegas,NV; 2025-02-21 Tampa,FL",KLAS|KPIE,dbflag:LADD,,no
a46e81,N385GP,GLF4,TCRG SN4057 LLC,4,AZ|NJ,"2023-03-21 New Brunswick,NJ; 2023-12-15 Phoenix,AZ; 2023-12-16 Phoenix,AZ; 2023-12-16 Phoenix,AZ",KSDL|KTEB,dbflag:LADD,,no
a493a2,N394WJ,GLEX,TVPX AIRCRAFT SOLUTIONS INC TRUSTEE,4,DC|TN|TX,"2025-01-20 Washington,DC; 2025-01-20 Washington,DC; 2025-08-23 Dallas,TX; 2025-09-21 Murfreesboro,TN",KBNA|KDAL|KIAD,dbflag:LADD,,no
a4992f,N396BC,CL30,AIRCAT LLC,4,AZ|CA,"2023-12-19 Phoenix,AZ; 2023-12-19 Phoenix,AZ; 2025-08-06 Rancho Palos Verdes,CA; 2025-08-06 Rancho Palos Verdes,CA",KSDL|KVNY,dbflag:LADD,,no
a31c39,N3SJ,C25B,JOBE INDUSTRIES LLC,4,AZ|TX,"2024-09-04 Phoenix,AZ; 2025-06-12 Grapevine,TX; 2025-06-15 Grapevine,TX; 2025-06-15 Grapevine,TX",KDVT|KFTW,dbflag:LADD,,no
a4cb64,N408LS,F2TH,JOKYAL LLC,4,DC|NJ,"2023-03-22 New Brunswick,NJ; 2025-01-19 Washington,DC; 2025-01-19 Washington,DC; 2025-01-21 Washington,DC",KIAD|KTEB,dbflag:LADD,,no
a4ab14,N40JD,PRM1,NUP AVIATION LLC,4,AZ|CA|UT,"2025-05-01 San Diego,CA; 2025-09-10 Orem,UT; 2025-09-20 Glendale,AZ; 2025-09-22 Glendale,AZ",KABQ|KPVU|KSAN|KSDL,tracked_fleet:N40JD,Albuquerque,yes
a4ab74,N40N,F2TH,SF1 HOLDINGS LLC,4,CA|NJ,"2023-03-21 New Brunswick,NJ; 2025-08-07 Rancho Palos Verdes,CA; 2025-08-07 Rancho Palos Verdes,CA; 2025-08-07 Rancho Palos Verdes,CA",KTEB|KVNY,dbflag:LADD,,no
a4dc25,N412GA,PC12,WILMINGTON TRUST CO TRUSTEE,4,AZ|TX,"2025-08-21 Dallas,TX; 2025-08-21 Dallas,TX; 2025-08-21 Dallas,TX; 2025-09-22 Glendale,AZ",KDAL|KIWA,dbflag:LADD,,no
a4eb4e,N416KC,F900,SPENAERO LC,4,CA|UT,"2024-04-22 Salt Lake City,UT; 2024-04-24 Salt Lake City,UT; 2025-08-06 Rancho Palos Verdes,CA; 2025-08-06 Rancho Palos Verdes,CA",KSLC|KSNA,dbflag:LADD,,no
a50c3d,N424U,F900,AERONAVIS LLC,4,AZ|TX,"2023-06-09 Grapevine,TX; 2023-06-09 Grapevine,TX; 2025-02-20 Phoenix,AZ; 2025-06-16 Grapevine,TX",KDSM|KFTW|KSDL,dbflag:LADD,Des Moines,yes
a53e35,N437MC,CL60,ALEXANDER AVIATION LLC,4,AZ|CA|NV,"2024-02-04 Las Vegas,NV; 2024-02-04 Las Vegas,NV; 2024-09-02 Phoenix,AZ; 2025-03-02 Los Angeles,CA",KLAS|KSDL|KSNA,dbflag:LADD,,no
a55a08,N444FT,PC12,GERMAN PLATINUM AVIATION SERVICES LLC,4,CA|NV,"2023-09-15 San Diego,CA; 2023-09-15 San Diego,CA; 2023-11-09 Los Angeles,CA; 2024-03-20 Las Vegas,NV",KLAS|KSAN|KSNA,dbflag:LADD,,no
a5b7f1,N468GH,GL5T,GROSVENOR HOLDINGS LLC,4,AZ|IL,"2023-06-16 Deerfield,IL; 2023-12-17 Phoenix,AZ; 2023-12-17 Phoenix,AZ; 2023-12-17 Phoenix,AZ",KMDW|KSDL,dbflag:LADD,,no
a5977e,N46CK,PRM1,EXECUTIVE AIRWAYS LLC,4,DC|NJ,"2023-03-22 New Brunswick,NJ; 2025-01-19 Washington,DC; 2025-01-19 Washington,DC; 2025-01-21 Washington,DC",KIAD|KTEB,government_operator_string,,no
a59922,N46VE,CL30,NOBLE PLANE LLC,4,FL|TN,"2025-07-14 Tampa,FL; 2025-09-20 Murfreesboro,TN; 2025-09-20 Murfreesboro,TN; 2025-09-21 Murfreesboro,TN",KBNA|KLAL,dbflag:LADD,,no
a5ec50,N481A,P28A,ARCHER AIRCRAFT LLC,4,FL|GA|IL,"2023-06-17 Deerfield,IL; 2023-06-17 Deerfield,IL; 2025-03-21 Gainesville,GA; 2025-07-14 Tampa,FL",85GA|KDPA|KLAL,dbflag:LADD,,no
a5f121,N482MG,H25B,PACE-O-MATIC INC,4,DC|GA,"2024-10-22 Atlanta,GA; 2024-10-22 Duluth,GA; 2024-10-23 Duluth,GA; 2025-01-21 Washington,DC",KIAD|KPDK,dbflag:LADD,,no
a5e790,N48PL,GLF4,LDP AVIATION LLC,4,CA|TX,"2025-05-02 San Diego,CA; 2025-06-12 Grapevine,TX; 2025-06-13 Grapevine,TX; 2025-06-13 Grapevine,TX",KCRQ|KDAL,dbflag:LADD,,no
a5e79a,N48PW,C750,"MADRONE AVIATION LLC, CGP HOLDCO LLC",4,AZ|CO|NJ,"2023-03-21 New Brunswick,NJ; 2024-09-09 Boulder,CO; 2024-10-27 Phoenix,AZ; 2025-09-11 Woodland Park,CO",KAPA|KSDL|KTEB,dbflag:LADD,,no
a64600,N503KK,C25B,SILVER PINE CAPITAL LLC,4,CA|NV,"2024-02-04 Las Vegas,NV; 2024-02-04 Las Vegas,NV; 2024-03-21 Las Vegas,NV; 2024-05-15 San Diego,CA",KLAS|KSAN,dbflag:LADD,,no
a646f9,N503VJ,GL5T,BANK OF UTAH TRUSTEE,4,AZ|CA,"2023-10-01 San Jose,CA; 2023-10-02 San Jose,CA; 2024-10-27 Phoenix,AZ; 2025-08-09 Rancho Palos Verdes,CA",KLAX|KSDL|KSFO|KSJC,dbflag:LADD,,no
a64a51,N504RP,G280,PTS AS LLC,4,AZ|NV,"2024-02-03 Las Vegas,NV; 2024-02-03 Las Vegas,NV; 2024-02-03 Las Vegas,NV; 2025-02-20 Phoenix,AZ",KLAS|KSDL,dbflag:LADD,,no
a66046,N51ND,C560,"N51ND LLC, MY JET DIRECT SERVICE LLC",4,FL|TX,"2025-07-14 Tampa,FL; 2025-08-21 Dallas,TX; 2025-08-21 Dallas,TX; 2025-08-21 Dallas,TX",KDFW|KLAL,dbflag:LADD,,no
a68a03,N520MB,E550,SKY LEGACY LLC,4,CA|UT,"2024-04-23 Salt Lake City,UT; 2025-05-02 San Diego,CA; 2025-09-10 Orem,UT; 2025-10-01 Logan,UT",KCRQ|KLGU|KPVU|KSLC,dbflag:LADD,,no
a6a33b,N527DA,F2TH,JORY AVIATION LLC,4,AZ|CO,"2024-12-21 Phoenix,AZ; 2024-12-21 Phoenix,AZ; 2024-12-21 Phoenix,AZ; 2025-09-12 Woodland Park,CO",KCOS|KSDL,dbflag:LADD,,no
a6a7cf,N528MX,H25B,COMBINED LLC,4,CA|CO|TX,"2025-05-07 San Francisco,CA; 2025-08-22 Dallas,TX; 2025-08-22 Dallas,TX; 2025-09-10 Woodland Park,CO",KAPA|KGKY|KOAK,dbflag:LADD,,no
a6aaf5,N529GB,E35L,BMH AIR LLC,4,AZ|NV,"2023-12-19 Phoenix,AZ; 2023-12-19 Phoenix,AZ; 2024-05-07 Las Vegas,NV; 2025-09-21 Glendale,AZ",KABQ|KGEU|KLAS|KPHX,dbflag:LADD,Albuquerque,yes
a686d5,N52CP,PC24,"CUTTER FLIGHT MANAGEMENT INC, BOND MANAGEMENT LLC, D N K AVIATIO",4,AZ|CO,"2025-09-12 Woodland Park,CO; 2025-09-20 Glendale,AZ; 2025-09-21 Glendale,AZ; 2025-09-22 Glendale,AZ",KCOS|KPHX,dbflag:LADD,,no
a6bbc7,N533CC,C56X,HARRIS TEETER SUPERMARKETS INC,4,DC|NC,"2024-10-22 Chapel Hill,NC; 2025-01-20 Washington,DC; 2025-01-20 Washington,DC; 2025-01-21 Washington,DC",KIAD|KRDU,dbflag:LADD,,no
a6c35d,N535DT,C25B,DIAMOND AVIATION INC,4,AZ|CA|TX,"2023-09-26 Tempe,AZ; 2023-09-27 Tempe,AZ; 2024-05-17 San Diego,CA; 2025-06-16 Grapevine,TX",KCRQ|KDAL|KSDL,dbflag:LADD,,no
a6e6e2,N544BA,CL60,BOEING CO,4,AZ|TX|WA,"2024-03-18 Phoenix,AZ; 2024-05-06 Seattle,WA; 2024-05-07 Seattle,WA; 2025-08-23 Dallas,TX",KADS|KBFI|KSDL,dbflag:LADD,,no
a755e9,N572AT,PA44,ATP AIRCRAFT 3 LLC,4,GA|MN,"2025-03-17 Gainesville,GA; 2025-03-21 Gainesville,GA; 2025-09-22 Minneapolis,MN; 2025-09-23 Minneapolis,MN",KFCM|KLZU,dbflag:LADD,,no
a7a512,N592CL,F900,INTERNATIONAL AVIATION LLC,4,DC|FL,"2025-01-20 Washington,DC; 2025-01-20 Washington,DC; 2025-01-21 Washington,DC; 2025-02-20 Tampa,FL",KCHA|KIAD|KTPA,dbflag:LADD,Chattanooga,yes
a7cb14,N601BE,CL60,EXPRESS TRANSPORTATION CORP,4,AZ|CA,"2023-09-27 Tempe,AZ; 2025-03-02 Los Angeles,CA; 2025-05-06 San Francisco,CA; 2025-05-07 San Francisco,CA",KABQ|KDVT|KLAX|KOAK,dbflag:LADD,Albuquerque,yes
a7f294,N611BF,GLEX,AMB GROUP LLC,4,AZ|GA,"2023-12-16 Phoenix,AZ; 2023-12-16 Phoenix,AZ; 2024-10-20 Atlanta,GA; 2024-10-21 Atlanta,GA",KFTY|KSDL,dbflag:LADD,,no
a804fe,N61591,C68A,NICHOLAS SERVICES LLC,4,FL|VA,"2025-07-10 Tampa,FL; 2025-07-10 Tampa,FL; 2025-07-10 Tampa,FL; 2025-09-23 Blacksburg,VA",KBCB|KTPA,dbflag:LADD,,no
a8053d,N616CC,GLF4,WEST TEXAS HOLDINGS LLC,4,TN|TX,"2024-06-06 San Antonio,TX; 2024-06-07 San Antonio,TX; 2024-06-07 San Antonio,TX; 2025-09-21 Murfreesboro,TN",KBNA|KSAT,dbflag:LADD,,no
a82a63,N625SC,GL5T,STRYKER CORP,4,FL|NJ,"2023-03-20 New Brunswick,NJ; 2023-03-22 New Brunswick,NJ; 2025-07-09 Tampa,FL; 2025-07-09 Tampa,FL",KTEB|KTPA,dbflag:LADD,,no
a82d52,N626JC,LJ45,SEASCAPE AIR LLC,4,CA|NV,"2024-03-20 Las Vegas,NV; 2025-08-06 Rancho Palos Verdes,CA; 2025-08-06 Rancho Palos Verdes,CA; 2025-08-09 Rancho Palos Verdes,CA",KLAS|KSNA,dbflag:LADD,,no
a82d82,N626LA,C68A,TEXTRON AVIATION INC,4,AZ|CA,"2023-10-02 San Jose,CA; 2023-10-03 San Jose,CA; 2023-12-15 Phoenix,AZ; 2023-12-20 Phoenix,AZ",KABQ|KSDL|KSJC,dbflag:LADD,Albuquerque,yes
a88ebf,N650WS,GLF6,TVPX AIRCRAFT SOLUTIONS INC TRUSTEE,4,DC|NJ|UT,"2023-03-21 New Brunswick,NJ; 2024-04-23 Salt Lake City,UT; 2025-01-19 Washington,DC; 2025-01-19 Washington,DC",KDSM|KJYO|KSLC|KTEB,dbflag:LADD,Des Moines,yes
a8cfe3,N667T,C525,"TERRIBLE HERBST INC, HERBST MOTORSPORTS LLC",4,CA|NV,"2024-05-09 Las Vegas,NV; 2025-08-07 Rancho Palos Verdes,CA; 2025-08-07 Rancho Palos Verdes,CA; 2025-08-07 Rancho Palos Verdes,CA",KABQ|KLAS|KSNA,dbflag:LADD,Albuquerque,yes
a8d39a,N668T,G150,TERRIBLE HERBST INC,4,NV|TX,"2024-10-23 Las Vegas,NV; 2025-08-21 Dallas,TX; 2025-08-21 Dallas,TX; 2025-08-21 Dallas,TX",KABQ|KDAL|KLAS,dbflag:LADD,Albuquerque,yes
a903dd,N680GR,C680,TVPX AIRCRAFT SOLUTIONS INC TRUSTEE,4,FL|NV,"2024-03-21 Las Vegas,NV; 2025-07-10 Tampa,FL; 2025-07-10 Tampa,FL; 2025-07-10 Tampa,FL",KLAS|KTPA,dbflag:LADD,,no
a924c6,N689BG,GLF5,BUBBA TOKYO LLC,4,CA|NV,"2024-02-05 Las Vegas,NV; 2025-05-05 San Francisco,CA; 2025-05-07 San Francisco,CA; 2025-08-09 Rancho Palos Verdes,CA",KLAS|KLAX|KSFO,dbflag:LADD,,no
a93a07,N694ES,H25B,"MONFORT AVIATION LLC, CHARLOTTES REVENGE LLC",4,AZ|CO|UT,"2024-03-18 Phoenix,AZ; 2024-04-22 Salt Lake City,UT; 2024-09-09 Boulder,CO; 2025-09-11 Woodland Park,CO",KAPA|KSDL|KSLC,dbflag:LADD,,no
a97316,N708JH,GLF5,"UNITED STATES GOVERNMENT, DEPARTMENT OF JUSTICE",4,AZ|CA|UT,"2023-10-03 San Jose,CA; 2025-09-11 Orem,UT; 2025-09-21 Glendale,AZ; 2025-09-22 Glendale,AZ",KABQ|KPVU|KSDL|KSJC,government_operator_string,Albuquerque,yes
a987c5,N713FX,C208,FEDERAL EXPRESS CORPORATION,4,CA|NV,"2023-11-08 Los Angeles,CA; 2023-11-09 Los Angeles,CA; 2023-11-10 Los Angeles,CA; 2024-05-09 Las Vegas,NV",KLAS|KONT,government_operator_string,,no
a98fcc,N715N,C68A,NICHOLAS SERVICES LLC,4,AZ|TN|TX,"2024-03-18 Phoenix,AZ; 2024-09-10 Denton,TX; 2025-09-20 Murfreesboro,TN; 2025-09-20 Murfreesboro,TN",KBNA|KDAL|KDSM|KSDL,dbflag:LADD,Des Moines,yes
a997aa,N717SM,C750,SMA77 LLC,4,AZ|NV,"2023-12-20 Phoenix,AZ; 2024-02-03 Las Vegas,NV; 2024-02-03 Las Vegas,NV; 2024-02-03 Las Vegas,NV",KCOE|KLAS|KSDL,dbflag:LADD,Spokane,yes
a99adb,N718MC,GLF5,RADICAL VENTURES LLC,4,TN|TX,"2025-06-15 Grapevine,TX; 2025-06-15 Grapevine,TX; 2025-06-16 Grapevine,TX; 2025-09-21 Murfreesboro,TN",KBNA|KDAL,dbflag:LADD,,no
a9ab17,N722BD,LJ60,LR60271 LLC,4,DC|FL,"2024-07-29 West Palm Beach,FL; 2025-01-19 Washington,DC; 2025-01-19 Washington,DC; 2025-01-21 Washington,DC",KFXE|KIAD,dbflag:LADD,,no
a9ba31,N726DR,GALX,FORUM AIR LLC,4,CO|NJ,"2023-03-20 New Brunswick,NJ; 2024-09-09 Boulder,CO; 2024-09-11 Boulder,CO; 2025-09-11 Woodland Park,CO",KAPA|KTEB,dbflag:LADD,,no
a9c8b1,N73,BE30,FEDERAL AVIATION ADMINISTRATION,4,GA|TX,"2024-10-23 Duluth,GA; 2025-03-21 Gainesville,GA; 2025-08-20 Dallas,TX; 2025-08-20 Dallas,TX",KAFW|KRYY,dbflag:LADD|government_operator_string,,no
a9d72d,N733LC,C700,LOREN COOK COMPANY,4,AZ|MI,"2023-12-16 Phoenix,AZ; 2023-12-16 Phoenix,AZ; 2024-06-14 Detroit,MI; 2024-06-14 Detroit,MI",KDVT|KYIP,dbflag:LADD,,no
a9f36b,N740K,LJ45,CORPORATE JET LEASING COMPANY LLC,4,AZ|GA,"2024-10-24 Duluth,GA; 2024-12-20 Phoenix,AZ; 2024-12-20 Phoenix,AZ; 2024-12-20 Phoenix,AZ",KFTY|KSDL,dbflag:LADD,,no
a9f821,N741VE,GLF4,TVPX AIRCRAFT SOLUTIONS INC TRUSTEE,4,CA|TX,"2025-06-13 Grapevine,TX; 2025-06-13 Grapevine,TX; 2025-06-16 Grapevine,TX; 2025-08-05 Rancho Palos Verdes,CA",KBUR|KDAL,dbflag:LADD,,no
a9fd22,N7426,CL35,BANK OF UTAH TRUSTEE,4,CA|FL,"2025-04-30 San Diego,CA; 2025-05-01 San Diego,CA; 2025-07-09 Tampa,FL; 2025-07-09 Tampa,FL",KSAN|KTPA,dbflag:LADD,,no
aa11b1,N748QS,GALX,JKP ENTERPRISES INC,4,NV|TN,"2024-02-03 Las Vegas,NV; 2024-02-03 Las Vegas,NV; 2024-02-03 Las Vegas,NV; 2025-09-21 Murfreesboro,TN",KBNA|KLAS,dbflag:LADD,,no
aa3520,N757MC,GLF4,SMTV ONTARIO LLC,4,CO|NV|OR,"2024-02-04 Las Vegas,NV; 2024-02-04 Las Vegas,NV; 2024-10-11 Corvallis,OR; 2025-09-11 Woodland Park,CO",KAPA|KEUG|KLAS,dbflag:LADD,,no
aa54f1,N765JP,C25B,LUCKY STARS LLC,4,AZ|CO,"2024-03-20 Phoenix,AZ; 2024-09-03 Phoenix,AZ; 2024-09-09 Boulder,CO; 2025-09-20 Glendale,AZ",KABQ|KAPA|KCHD|KCOE|KSDL,dbflag:LADD,Albuquerque|Spokane,yes
aac363,N793CG,F2TH,N793WF LEASE LLC,4,CA|TX,"2023-11-09 Los Angeles,CA; 2025-08-21 Dallas,TX; 2025-08-21 Dallas,TX; 2025-08-21 Dallas,TX",KDAL|KSNA,dbflag:LADD,,no
a9510d,N7NE,C25C,NORFOLK IRON & METAL CO,4,AZ|NV,"2024-01-31 Las Vegas,NV; 2024-01-31 Las Vegas,NV; 2024-01-31 Las Vegas,NV; 2024-03-18 Phoenix,AZ",KLAS|KSDL,dbflag:LADD,,no
aaed95,N803FX,AT73,"FEDERAL EXPRESS CORP, ATTN VP SUPPLEMENTAL AIR OPERATIONS",4,MT|TX,"2024-09-10 Denton,TX; 2024-09-11 Denton,TX; 2025-10-07 Bozeman,MT; 2025-10-08 Bozeman,MT",KAFW|KBZN|KSHV,government_operator_string,Shreveport,yes
aafc2c,N807DC,GLEX,FJ 900 INC,4,DC|UT,"2024-04-23 Salt Lake City,UT; 2024-04-24 Salt Lake City,UT; 2025-01-20 Washington,DC; 2025-01-20 Washington,DC",KIAD|KSLC,dbflag:LADD,,no
aafcd9,N807LA,GL7T,TVPX AIRCRAFT SOLUTIONS INC TRUSTEE,4,CA|DC,"2025-01-20 Washington,DC; 2025-01-20 Washington,DC; 2025-01-21 Washington,DC; 2025-03-04 Los Angeles,CA",KIAD|KVNY,dbflag:LADD,,no
aae0b2,N80NB,E55P,TRANSMEDICS INC,4,AZ|NC,"2024-10-20 Chapel Hill,NC; 2024-12-22 Phoenix,AZ; 2024-12-22 Phoenix,AZ; 2024-12-23 Phoenix,AZ",KRDU|KSDL,dbflag:LADD,,no
ab0b11,N810TM,GLF4,CANAL AIR LLC,4,AZ|CA,"2023-10-01 San Jose,CA; 2023-12-19 Phoenix,AZ; 2023-12-19 Phoenix,AZ; 2025-05-06 San Francisco,CA",KOAK|KSDL,dbflag:LADD,,no
aba798,N850CP,C25B,CJ3 PARTNERS LLC,4,DC|FL,"2024-07-25 West Palm Beach,FL; 2024-07-25 West Palm Beach,FL; 2024-07-25 West Palm Beach,FL; 2025-01-21 Washington,DC",KFLL|KIAD,dbflag:LADD,,no
abac22,N851M,F2TH,JET PLANE MANAGEMENT LLC,4,DC|MN,"2025-01-19 Washington,DC; 2025-01-19 Washington,DC; 2025-09-21 Minneapolis,MN; 2025-09-23 Minneapolis,MN",KFCM|KIAD,dbflag:LADD,,no
abaf1c,N852DL,CL30,PNC FINANCIAL SERVICES GROUP INC,4,CO|PA,"2024-03-18 Pittsburgh,PA; 2024-09-17 Pittsburgh,PA; 2025-09-11 Woodland Park,CO; 2025-09-12 Woodland Park,CO",KAGC|KAPA,dbflag:LADD,,no
abc67f,N858QS,C700,"BULL CREEK MANAGEMENT LLC, SCARBOROUGH DEAN, GLOBAL FEDERAL CRED",4,AZ|TX,"2025-06-14 Grapevine,TX; 2025-06-14 Grapevine,TX; 2025-06-14 Grapevine,TX; 2025-09-21 Glendale,AZ",KDAL|KPHX,government_operator_string,,no
abee27,N868SH,F2TH,HCA SQUARED LLC,4,AZ|NV,"2024-02-02 Las Vegas,NV; 2024-02-02 Las Vegas,NV; 2024-02-02 Las Vegas,NV; 2025-02-20 Phoenix,AZ",KLAS|KPHX,dbflag:LADD,,no
ac2cb0,N884,SR22,PATRONUS WINGS LLC,4,AZ|CA,"2023-09-14 San Diego,CA; 2023-09-14 San Diego,CA; 2023-09-14 San Diego,CA; 2025-02-20 Phoenix,AZ",KFFZ|KMYF,dbflag:LADD,,no
ac499c,N891FV,C560,SUPER KING LLC,4,FL|TX,"2024-07-26 West Palm Beach,FL; 2024-07-26 West Palm Beach,FL; 2024-07-26 West Palm Beach,FL; 2025-06-12 Grapevine,TX",KDAL|KFLL,dbflag:LADD,,no
ac4cfc,N892CH,GLF5,FOREIGN MANUFACTURERS FINANCE CORP,4,FL|MN,"2025-02-19 Tampa,FL; 2025-02-21 Tampa,FL; 2025-07-14 Tampa,FL; 2025-09-23 Minneapolis,MN",KMSP|KTPA,dbflag:LADD,,no
ac5d89,N896VR,H25B,TETRA TRVL LLC,4,AZ|CA,"2023-12-19 Phoenix,AZ; 2023-12-19 Phoenix,AZ; 2023-12-20 Phoenix,AZ; 2025-08-09 Rancho Palos Verdes,CA",KCNO|KPHX,dbflag:LADD,,no
ac6335,N898BR,BE20,"ELITE MEDICAL AIR TRANSPORT LLC DBA, EMERGENT AIR",4,AZ|TX,"2024-09-03 Phoenix,AZ; 2025-06-16 Grapevine,TX; 2025-08-22 Dallas,TX; 2025-08-22 Dallas,TX",KABQ|KAEG|KDAL|KPHX,dbflag:LADD,Albuquerque,yes
ac66cd,N899AK,HA4T,MACK CONSULTANTS LLC,4,AZ|TX,"2024-03-18 Phoenix,AZ; 2024-09-02 Phoenix,AZ; 2025-08-22 Dallas,TX; 2025-08-22 Dallas,TX",KDAL|KSDL,dbflag:LADD,,no
ac701d,N900KR,F900,AVATAR WINGS LLC,4,AZ|TX,"2024-03-18 Phoenix,AZ; 2024-03-20 Phoenix,AZ; 2025-08-22 Dallas,TX; 2025-08-22 Dallas,TX",KGKY|KGYR,dbflag:LADD,,no
aca2ed,N913MK,GLF4,GR AIRCRAFT ACQUISITION LLC,4,AZ|TX,"2025-08-22 Dallas,TX; 2025-08-22 Dallas,TX; 2025-08-23 Dallas,TX; 2025-09-22 Glendale,AZ",KADS|KGKY|KGYR,dbflag:LADD,,no
acad4a,N916DK,C56X,SAPPHIRE AIR LLC,4,CA|NV,"2023-11-09 Los Angeles,CA; 2024-02-02 Las Vegas,NV; 2024-02-02 Las Vegas,NV; 2024-02-02 Las Vegas,NV",KDSM|KGEG|KLAS|KSAF|KSNA,dbflag:LADD,Albuquerque|Des Moines|Spokane,yes
ac948c,N91CH,C510,U K CAPITAL,4,AZ|CA|UT,"2024-05-16 San Diego,CA; 2024-09-03 Phoenix,AZ; 2025-04-30 San Diego,CA; 2025-09-10 Orem,UT",KCRQ|KSDL|KSLC,dbflag:LADD,,no
acc83e,N9222H,C172,DHS OPERATIONS LLC,4,CO|MN,"2024-09-09 Boulder,CO; 2024-09-10 Boulder,CO; 2024-09-11 Boulder,CO; 2025-09-22 Minneapolis,MN",KANE|KBJC,dbflag:LADD,,no
acdc88,N928GR,C25C,N928GR LLC,4,CA|NV,"2024-01-31 Las Vegas,NV; 2024-01-31 Las Vegas,NV; 2024-01-31 Las Vegas,NV; 2024-05-17 San Diego,CA",KCRQ|KLAS,dbflag:LADD,,no
acf1ec,N933ML,GL5T,TVPX AIRCRAFT SOLUTIONS INC TRUSTEE,4,CA|OR,"2024-10-12 Corvallis,OR; 2025-08-07 Rancho Palos Verdes,CA; 2025-08-07 Rancho Palos Verdes,CA; 2025-08-07 Rancho Palos Verdes,CA",KBUR|KCOE|KEUG,dbflag:LADD,Spokane,yes
ad074d,N939CC,CL60,601 ASSETS LLC,4,AZ|TX,"2024-12-21 Phoenix,AZ; 2024-12-21 Phoenix,AZ; 2024-12-21 Phoenix,AZ; 2025-06-12 Grapevine,TX",KFTW|KSDL,dbflag:LADD,,no
ad5022,N957RC,F900,VULCAN MATERIALS CO,4,CA|TX,"2024-03-13 Fullerton,CA; 2024-06-08 San Antonio,TX; 2024-06-08 San Antonio,TX; 2024-06-08 San Antonio,TX",KONT|KSAT,dbflag:LADD,,no
ad6446,N962HC,CL35,GLOBAL FLIGHT INC,4,CA|TX,"2025-06-15 Grapevine,TX; 2025-06-15 Grapevine,TX; 2025-08-06 Rancho Palos Verdes,CA; 2025-08-06 Rancho Palos Verdes,CA",KDAL|KLAX,dbflag:LADD,,no
ad7f99,N969WR,G280,BANK OF UTAH TRUSTEE,4,AZ|CA|CO|NV,"2024-02-05 Las Vegas,NV; 2025-05-01 San Diego,CA; 2025-09-17 Fort Collins,CO; 2025-09-21 Glendale,AZ",KBJC|KCRQ|KLAS|KSDL,dbflag:LADD,,no
ad9746,N975LV,LJ60,ICG AVIATION LLC,4,AZ|NV,"2024-03-20 Phoenix,AZ; 2024-05-09 Las Vegas,NV; 2024-09-04 Phoenix,AZ; 2024-10-27 Phoenix,AZ",KLAS|KSDL,dbflag:LADD,,no
adb41e,N982RW,GA6C,BANK OF UTAH TRUSTEE,4,GA|NJ,"2023-03-20 New Brunswick,NJ; 2024-10-20 Atlanta,GA; 2024-10-23 Duluth,GA; 2024-10-24 Duluth,GA",KEWR|KFTY,dbflag:LADD,,no
adb7c6,N983RF,E55P,TRANSMEDICS INC,4,AZ|UT|WA,"2024-04-22 Salt Lake City,UT; 2024-04-23 Salt Lake City,UT; 2024-05-07 Seattle,WA; 2024-09-02 Phoenix,AZ",KBFI|KOGD|KSDL,dbflag:LADD,,no
adde5e,N993G,P28A,ATP AIRCRAFT 9 LLC,4,LA|TX,"2023-03-22 Baton Rouge,LA; 2023-06-08 Grapevine,TX; 2023-06-11 Grapevine,TX; 2023-06-11 Grapevine,TX",66LA|KGKY|TA11,dbflag:LADD,,no
7c4325,VH-NJR,E55P,AVCAIR PTY LTD,4,AZ|DC,"2025-01-19 Washington,DC; 2025-01-19 Washington,DC; 2025-01-21 Washington,DC; 2025-02-17 Phoenix,AZ",KIAD|KIWA,dbflag:LADD|non_us_registration,,no
424267,VP-BMS,A345,,4,DC|NV,"2024-01-31 Las Vegas,NV; 2024-01-31 Las Vegas,NV; 2024-01-31 Las Vegas,NV; 2025-01-21 Washington,DC",KIAD|KLAS,dbflag:LADD|non_us_registration,,no
0d0c45,XA-ASR,H25B,,4,NV|TX,"2024-02-04 Las Vegas,NV; 2024-02-04 Las Vegas,NV; 2024-06-09 San Antonio,TX; 2024-06-09 San Antonio,TX",KLAS|KSAT,dbflag:LADD|non_us_registration,,no
0d0adf,XA-PMS,CL60,,4,AZ|NV,"2023-12-16 Phoenix,AZ; 2023-12-16 Phoenix,AZ; 2024-02-04 Las Vegas,NV; 2024-02-04 Las Vegas,NV",KCHA|KLAS|KSDL,non_us_registration,Chattanooga,yes
200654,,,,3,GA|IL,"2023-06-17 Deerfield,IL; 2023-06-17 Deerfield,IL; 2025-03-17 Gainesville,GA",KARR|KDSM|KLZU,no_registration,Des Moines,yes
ae14c7,161070,BE9L,,3,CA|TX,"2024-06-07 San Antonio,TX; 2024-06-07 San Antonio,TX; 2025-08-09 Rancho Palos Verdes,CA",K8T8|KABQ|KVNY,dbflag:military|non_us_registration,Albuquerque,yes
ae5735,169018,C30J,,3,TX|WI,"2024-09-04 Madison,WI; 2024-09-10 Denton,TX; 2025-06-12 Grapevine,TX",KMSN|KNFW,dbflag:military|non_us_registration,,no
ae5c77,169319,B350,,3,AZ|CA,"2024-05-15 San Diego,CA; 2024-05-17 San Diego,CA; 2025-02-20 Phoenix,AZ",KABQ|KGEG|KNFG|KSDL,dbflag:military|non_us_registration,Albuquerque|Spokane,yes
ae6ceb,6056,H60,,3,AZ|CA,"2024-10-16 Flagstaff,AZ; 2025-05-01 San Diego,CA; 2025-05-02 San Diego,CA",KSAN|KSEZ,dbflag:military|no_registration|non_us_registration,,no
06a1cc,A7-CGG,GLF6,,3,AZ|CA,"2024-03-18 Phoenix,AZ; 2025-05-05 San Francisco,CA; 2025-05-06 San Francisco,CA",KPHX|KSFO,non_us_registration,,no
c03140,C-FSQX,C25B,Airsprint Inc.,3,AZ|NV,"2023-09-28 Tempe,AZ; 2024-05-07 Las Vegas,NV; 2025-02-20 Phoenix,AZ",KABQ|KCOE|KLAS|KSDL,non_us_registration,Albuquerque|Spokane,yes
c04ed6,C-GDWF,CL60,Chartright Air Inc.,3,CA|TX,"2025-05-02 San Diego,CA; 2025-06-13 Grapevine,TX; 2025-06-13 Grapevine,TX",KDAL|KSAN,dbflag:LADD|non_us_registration,,no
c06171,C-GKXK,E295,PORTER AIRLINES (CANADA) LIMITED,3,CA|FL,"2024-07-29 West Palm Beach,FL; 2025-03-02 Los Angeles,CA; 2025-08-09 Rancho Palos Verdes,CA",KFLL|KLAX,non_us_registration,,no
c06357,C-GLQC,DH8D,Porter Airlines Inc.,3,DC|NJ,"2023-03-20 New Brunswick,NJ; 2025-01-19 Washington,DC; 2025-01-19 Washington,DC",KEWR|KIAD,non_us_registration,,no
c066f0,C-GMZN,BCS3,Air Canada,3,CA|TX,"2023-06-12 Grapevine,TX; 2025-08-06 Rancho Palos Verdes,CA; 2025-08-06 Rancho Palos Verdes,CA",KDFW|KLAX,non_us_registration,,no
c07864,C-GTPJ,CL35,Chartright Air Inc.,3,AZ|CA,"2023-09-26 Tempe,AZ; 2023-09-27 Tempe,AZ; 2025-08-09 Rancho Palos Verdes,CA",KSDL|KVNY,non_us_registration,,no
c07971,C-GTZS,BCS3,Air Canada,3,TX|WA,"2024-05-07 Seattle,WA; 2025-06-13 Grapevine,TX; 2025-06-13 Grapevine,TX",KDFW|KSEA,non_us_registration,,no
c07b09,C-GUPK,BCS3,Air Canada,3,CO|TX,"2025-08-20 Dallas,TX; 2025-08-20 Dallas,TX; 2025-09-17 Fort Collins,CO",KDEN|KDFW,non_us_registration,,no
c07c7a,C-GVDP,BCS3,Air Canada,3,CO|TX,"2024-09-11 Boulder,CO; 2025-06-12 Grapevine,TX; 2025-06-16 Grapevine,TX",KDEN|KDFW,non_us_registration,,no
c0885e,C-GZQR,E295,Porter Airlines (Canada) Limited,3,CA|NV,"2024-05-09 Las Vegas,NV; 2025-08-06 Rancho Palos Verdes,CA; 2025-08-06 Rancho Palos Verdes,CA",KLAS|KLAX,non_us_registration,,no
c08863,C-GZQW,E295,Porter Airlines (Canada) Limited,3,AZ|CA,"2025-02-19 Phoenix,AZ; 2025-02-19 Phoenix,AZ; 2025-05-02 San Diego,CA",KPHX|KSAN,non_us_registration,,no
491d8a,CS-GLJ,GLEX,,3,CA|NJ,"2023-03-20 New Brunswick,NJ; 2023-03-22 New Brunswick,NJ; 2025-05-05 San Francisco,CA",KSFO|KTEB,non_us_registration,,no
43e7a2,M-SNER,F2TH,,3,AZ|NV,"2024-03-21 Las Vegas,NV; 2024-10-27 Phoenix,AZ; 2025-09-22 Glendale,AZ",KLAS|KSDL,non_us_registration,,no
a00c85,N102DZ,GLF5,GV 555 LLC,3,AZ|UT,"2025-09-10 Orem,UT; 2025-09-11 Orem,UT; 2025-09-22 Glendale,AZ",KGEG|KPVU|KSDL|KSLC,tracked_fleet:N102DZ,Spokane,yes
a01500,N104QT,F2TH,FREEBASE HOLDING LLC,3,CA|CO,"2023-10-02 San Jose,CA; 2023-10-03 San Jose,CA; 2024-09-11 Boulder,CO",KBJC|KOAK,dbflag:LADD,,no
a0265d,N109CH,GLF6,TRASIMENE CAPITAL MANAGEMENT LLC,3,CA|NV,"2023-10-03 San Jose,CA; 2024-05-07 Las Vegas,NV; 2024-05-09 Las Vegas,NV",KHND|KLAS|KSFO,dbflag:LADD,,no
a05f66,N123FT,GLF5,FRANKLIN TEMPLETON TRAVEL INC,3,CA|CO,"2025-05-05 San Francisco,CA; 2025-09-10 Woodland Park,CO; 2025-09-12 Woodland Park,CO",KAPA|KSFO,dbflag:LADD,,no
a06035,N123Q,CL30,WILMINGTON TRUST CO TRUSTEE,3,CA|NC,"2023-11-08 Los Angeles,CA; 2023-11-09 Los Angeles,CA; 2024-10-21 Chapel Hill,NC",KLGB|KRDU,dbflag:LADD,,no
a051c0,N12EC,CL30,CUSTOMERS COMMERCIAL FINANCE LLC,3,DC|GA,"2024-10-23 Athens,GA; 2024-10-23 Duluth,GA; 2025-01-21 Washington,DC",KIAD|KLZU,dbflag:LADD,,no
a07f44,N131DS,GLF6,DS V AVIATION LLC,3,CA|UT,"2024-04-24 Salt Lake City,UT; 2025-04-30 San Diego,CA; 2025-05-01 San Diego,CA",KCRQ|KSLC,dbflag:LADD,,no
a0856a,N1323K,C172,FLIGHT OPERATIONS AIRCRAFT LLC,3,AZ|CA,"2023-09-26 Tempe,AZ; 2023-12-15 Phoenix,AZ; 2025-08-09 Rancho Palos Verdes,CA",KFFZ|KPOC|KSDL,dbflag:LADD,,no
a09902,N138B,FA7X,CDG LLC,3,AZ|DC,"2025-01-21 Washington,DC; 2025-02-17 Phoenix,AZ; 2025-02-20 Phoenix,AZ",KJYO|KPHX,dbflag:LADD,,no
a0998a,N138GL,GLF5,SWR SERVICES II LLC,3,CA|NJ,"2023-03-21 New Brunswick,NJ; 2025-05-06 San Francisco,CA; 2025-05-07 San Francisco,CA",KOAK|KTEB,dbflag:LADD,,no
a0be47,N147SF,GLF5,AS AVIATION III LLC,3,CA|UT,"2025-08-06 Rancho Palos Verdes,CA; 2025-08-06 Rancho Palos Verdes,CA; 2025-09-10 Orem,UT",KDSM|KSLC|KSNA,dbflag:LADD,Des Moines,yes
a0a184,N14NA,F900,ANSCHUTZ CORP,3,CA|CO,"2024-09-09 Boulder,CO; 2025-03-02 Los Angeles,CA; 2025-03-03 Los Angeles,CA",KGXY|KLAX,dbflag:LADD,,no
a0cd44,N1505P,E55P,RODFORCE 2 LLC,3,AZ|TX,"2023-12-16 Phoenix,AZ; 2023-12-16 Phoenix,AZ; 2024-09-11 Denton,TX",KDAL|KSDL,dbflag:LADD,,no
a10d2a,N167RD,CL30,ISLAND PARK AVIATION LLC,3,AZ|MN,"2023-12-19 Phoenix,AZ; 2023-12-19 Phoenix,AZ; 2025-09-22 Minneapolis,MN",KFCM|KPHX,dbflag:LADD,,no
a12bdc,N175BC,F900,BARNARD AVIATION LLC,3,AZ|MT,"2024-03-18 Phoenix,AZ; 2024-10-27 Phoenix,AZ; 2025-10-08 Bozeman,MT",KBZN|KCOE|KGEG|KSDL,dbflag:LADD,Spokane,yes
a147e4,N1818S,F900,SIGMA EQUITY LLC,3,DC|TX,"2023-06-08 Grapevine,TX; 2025-01-20 Washington,DC; 2025-01-20 Washington,DC",KGKY|KIAD,dbflag:LADD,,no
a15e22,N1878E,GLF5,GALAXY LIFT LLC,3,CA|DC,"2023-10-03 San Jose,CA; 2025-01-20 Washington,DC; 2025-01-20 Washington,DC",KIAD|KSFO,dbflag:LADD,,no
a17343,N1929Y,F2TH,LIGHTENING ENTERPRISES LLC,3,AZ|CA,"2024-05-17 San Diego,CA; 2025-02-19 Phoenix,AZ; 2025-02-19 Phoenix,AZ",KSAN|KSDL,dbflag:LADD,,no
a17c62,N195SV,F900,BANK OF UTAH TRUSTEE,3,AZ|TX,"2024-06-06 San Antonio,TX; 2025-09-21 Glendale,AZ; 2025-09-22 Glendale,AZ",KPHX|KSAT,dbflag:LADD,,no
a18c39,N1992A,SR22,FEDERALIST EXPRESS PA,3,DC|FL,"2025-01-21 Washington,DC; 2025-07-13 Tampa,FL; 2025-07-13 Tampa,FL",KIAD|KTPA,government_operator_string,,no
a18a34,N199GD,CL60,BANK OF UTAH TRUSTEE,3,CO|TX,"2025-06-12 Grapevine,TX; 2025-09-11 Woodland Park,CO; 2025-09-12 Woodland Park,CO",KAPA|KDAL,dbflag:LADD,,no
a0003c,N1CH,E55P,CMH HOMES INC,3,AZ|GA,"2023-12-15 Phoenix,AZ; 2024-10-21 Athens,GA; 2024-10-21 Atlanta,GA",KABQ|KLZU|KSDL,dbflag:LADD,Albuquerque,yes
a1c2f3,N212WQ,GL7T,ONE CAMPUS DRIVE SERVICES LLC,3,CA|NJ,"2023-03-20 New Brunswick,NJ; 2023-03-21 New Brunswick,NJ; 2025-08-05 Rancho Palos Verdes,CA",KTEB|KVNY,dbflag:LADD,,no
a1e903,N222FY,C750,2FLIU LLC,3,AZ|CO,"2025-09-10 Woodland Park,CO; 2025-09-21 Glendale,AZ; 2025-09-22 Glendale,AZ",KAPA|KPHX,dbflag:LADD,,no
a1f526,N225SB,BE40,ENCORE JET MANAGEMENT LLC,3,CA|TX,"2025-08-09 Rancho Palos Verdes,CA; 2025-08-22 Dallas,TX; 2025-08-22 Dallas,TX",KDAL|KSNA,dbflag:LADD,,no
a1fc18,N227MC,C56X,MATSCO INC,3,AZ|GA,"2024-09-04 Phoenix,AZ; 2025-03-20 Gainesville,GA; 2025-03-20 Gainesville,GA",KFFZ|KRYY,dbflag:LADD,,no
a1fcfd,N227WG,CL60,FLYING M LLC,3,AZ|CA,"2024-03-14 Fullerton,CA; 2024-09-03 Phoenix,AZ; 2025-03-02 Los Angeles,CA",KLGB|KPHX,dbflag:LADD,,no
a21fda,N236LX,F2TH,WILMINGTON TRUST CO TRUSTEE,3,CA|CO,"2023-11-08 Los Angeles,CA; 2025-09-11 Woodland Park,CO; 2025-09-12 Woodland Park,CO",KAPA|KLGB,dbflag:LADD,,no
a2278f,N238PT,DH4T,NORDLUFT LLC,3,CA|CO,"2025-04-30 San Diego,CA; 2025-05-01 San Diego,CA; 2025-09-11 Woodland Park,CO",KCOS|KNZY,dbflag:LADD,,no
a227e5,N238TD,C25C,PACIFIC INTERNATIONAL VEGETABLE MARKETING INC,3,AZ|GA,"2024-10-20 Atlanta,GA; 2024-12-23 Phoenix,AZ; 2025-02-20 Phoenix,AZ",KABQ|KPDK|KPHX,dbflag:LADD,Albuquerque,yes
a251f4,N249FJ,F2TH,ONSET AVIATION LLC,3,MN|UT,"2025-09-10 Orem,UT; 2025-09-11 Orem,UT; 2025-09-23 Minneapolis,MN",KFCM|KPVU,dbflag:LADD,,no
a266b9,N254DV,E550,600 AVIATION LLC,3,CO|DC,"2025-01-20 Washington,DC; 2025-01-20 Washington,DC; 2025-09-10 Woodland Park,CO",2Y1|CO02|KDCA,dbflag:LADD,Des Moines,yes
a26f42,N256RC,F2TH,VULCAN MATERIALS COMPANY,3,GA|TX,"2024-10-20 Atlanta,GA; 2025-06-13 Grapevine,TX; 2025-06-13 Grapevine,TX",KDAL|KPDK,dbflag:LADD,,no
a28fb4,N264V,F2TH,FLIGHT BASIC SERVICES LLC,3,DC|MN,"2025-01-20 Washington,DC; 2025-01-20 Washington,DC; 2025-09-23 Minneapolis,MN",KFCM|KIAD,dbflag:LADD,,no
a27d26,N26FE,CL30,FEDERAL EXPRESS LEASING CORP,3,AZ|CA|DC,"2024-03-18 Phoenix,AZ; 2024-03-18 San Diego,CA; 2025-01-21 Washington,DC",KCHA|KIAD|KPHX|KSAN,dbflag:LADD|government_operator_string,Chattanooga,yes
a2a91a,N2702,GLF6,TVPX AIRCRAFT SOLUTIONS INC TRUSTEE,3,CA|NJ,"2023-03-20 New Brunswick,NJ; 2025-08-06 Rancho Palos Verdes,CA; 2025-08-06 Rancho Palos Verdes,CA",KLAX|KTEB,dbflag:LADD,,no
a3025e,N293TX,E55P,TRANSMEDICS INC,3,AZ|TX,"2025-06-12 Grapevine,TX; 2025-09-20 Glendale,AZ; 2025-09-21 Glendale,AZ",KDAL|KSDL,dbflag:LADD,,no
a18e4c,N2LA,GLF6,TVPX AIRCRAFT SOLUTIONS INC TRUSTEE,3,IL|NJ,"2023-03-20 New Brunswick,NJ; 2023-06-17 Deerfield,IL; 2023-06-17 Deerfield,IL",KMDW|KTEB,dbflag:LADD,,no
a348c4,N310VZ,CL30,KJ CHALLENGER LLC,3,GA|NJ,"2023-03-21 New Brunswick,NJ; 2024-10-22 Atlanta,GA; 2024-10-22 Duluth,GA",KPDK|KTEB,dbflag:LADD,,no
a39074,N329HF,GLF4,TVPX AIRCRAFT SOLUTIONS INC TRUSTEE,3,AZ|CA,"2024-03-18 Phoenix,AZ; 2025-08-06 Rancho Palos Verdes,CA; 2025-08-06 Rancho Palos Verdes,CA",KSDL|KVNY,dbflag:LADD,,no
a3c705,N342ZK,GLF6,TVPX AIRCRAFT SOLUTIONS INC TRUSTEE,3,AZ|MI,"2024-03-18 Phoenix,AZ; 2025-02-17 Phoenix,AZ; 2025-04-10 East Lansing,MI",KJXN|KSDL,dbflag:LADD,,no
a3e5b6,N350KH,CL30,AMERICAN BUILDERS & CONTRACTORS SUPPLY CO INC,3,CO|GA,"2024-09-11 Boulder,CO; 2024-10-22 Atlanta,GA; 2024-10-22 Duluth,GA",KABQ|KAPA|KPDK,dbflag:LADD,Albuquerque,yes
a3e6e3,N350XJ,CL30,GENERAL ATOMICS AERONAUTICAL SYSTEMS INC,3,CA|DC,"2025-01-19 Washington,DC; 2025-01-19 Washington,DC; 2025-05-01 San Diego,CA",KJYO|KSEE,dbflag:LADD,,no
a400b2,N357VJ,CL30,BANK OF UTAH TRUSTEE,3,AZ|NJ,"2023-03-22 New Brunswick,NJ; 2024-03-20 Phoenix,AZ; 2025-02-17 Phoenix,AZ",KPHX|KSDL|KTEB,dbflag:LADD,,no
a49fd2,N3975A,CL30,PCSA 1 LLC,3,AZ|CA|NJ,"2023-03-22 New Brunswick,NJ; 2023-10-02 San Jose,CA; 2025-09-21 Glendale,AZ",KABQ|KDVT|KSJC|KTEB,dbflag:LADD,Albuquerque,yes
a55ddf,N445H,GLF5,FLIGHT ADVISORS LLC,3,DC|MN,"2025-01-21 Washington,DC; 2025-09-21 Minneapolis,MN; 2025-09-22 Minneapolis,MN",KIAD|KMSP,dbflag:LADD,,no
a57061,N45GH,LJ45,WALMART INC,3,CA|TX,"2023-10-03 San Jose,CA; 2025-08-20 Dallas,TX; 2025-08-20 Dallas,TX",KLNC|KSJC,dbflag:LADD,,no
a5d02e,N474CF,H25B,CARROUSEL AVIATION LLC,3,GA|TX,"2024-10-23 Duluth,GA; 2025-08-22 Dallas,TX; 2025-08-22 Dallas,TX",KABQ|KATL|KDFW|KDSM,dbflag:LADD,Albuquerque|Des Moines,yes
a5d4fb,N475PJ,E545,TVPX AIRCRAFT SOLUTIONS INC TRUSTEE,3,AZ|TX,"2024-03-20 Phoenix,AZ; 2025-02-20 Phoenix,AZ; 2025-06-12 Grapevine,TX",KDAL|KPHX|KSDL,dbflag:LADD,,no
a5f7e5,N484EM,G280,TARGET CORP,3,MN|TX,"2025-06-16 Grapevine,TX; 2025-09-22 Minneapolis,MN; 2025-09-23 Minneapolis,MN",KDFW|KMSP,dbflag:LADD,,no
a6331a,N499SC,GLF4,FLYING ACE LLC,3,CA|FL,"2025-02-21 Tampa,FL; 2025-08-06 Rancho Palos Verdes,CA; 2025-08-06 Rancho Palos Verdes,CA",KBUR|KGEG|KTPA,dbflag:LADD,Spokane,yes
a63ba1,N500TH,BE40,CAROLINA AIR TRANSFER LLC,3,DC|GA,"2024-10-21 Atlanta,GA; 2025-01-20 Washington,DC; 2025-01-20 Washington,DC",KIAD|KPDK,dbflag:LADD,,no
a65b61,N509AB,LJ60,LJ60-073 LLC,3,MI|TN,"2024-06-14 Detroit,MI; 2024-06-14 Detroit,MI; 2025-09-21 Murfreesboro,TN",KBNA|KDET|KGEG|KSHV,dbflag:LADD,Shreveport|Spokane,yes
a63975,N50VC,GL5T,VERDE CAPITAL CORP,3,AZ|CA,"2025-08-05 Rancho Palos Verdes,CA; 2025-09-21 Glendale,AZ; 2025-09-22 Glendale,AZ",KPHX|KSNA,dbflag:LADD,,no
a6620a,N510GE,C510,FRANPLANE INC,3,CA|FL,"2024-07-24 West Palm Beach,FL; 2024-07-24 West Palm Beach,FL; 2025-04-30 San Diego,CA",KFXE|KMYF,dbflag:LADD,,no
a66cea,N513DL,GL5T,PNC FINANCIAL SERVICES GROUP INC,3,CO|PA,"2024-03-18 Pittsburgh,PA; 2025-09-10 Woodland Park,CO; 2025-09-12 Woodland Park,CO",KAGC|KAPA,dbflag:LADD,,no
a66e58,N513UB,GALX,C STREET HOLDINGS LLC,3,CA|NV,"2024-03-20 Las Vegas,NV; 2024-03-21 Las Vegas,NV; 2025-08-05 Rancho Palos Verdes,CA",KLAS|KSNA,dbflag:LADD,,no
a678e5,N516N,E55P,AIRROEDERER LLC,3,AZ|TX,"2025-02-20 Phoenix,AZ; 2025-08-20 Dallas,TX; 2025-08-20 Dallas,TX",KABQ|KFFZ|KFTW,dbflag:LADD,Albuquerque,yes
a65f86,N51EM,C25C,JDI HOLDINGS LLC,3,DC|NV,"2024-02-04 Las Vegas,NV; 2024-02-04 Las Vegas,NV; 2025-01-21 Washington,DC",KIAD|KLAS,dbflag:LADD,,no
a6982f,N524EA,GLF6,BANK OF UTAH TRUSTEE,3,DC|IL,"2023-06-20 Deerfield,IL; 2025-01-20 Washington,DC; 2025-01-20 Washington,DC",KIAD|KMDW,dbflag:LADD,,no
a6ac07,N529TA,C525,TODHUNTER AVIATION LLC,3,AZ|TX,"2024-03-18 Phoenix,AZ; 2025-08-20 Dallas,TX; 2025-08-20 Dallas,TX",KADS|KSDL,dbflag:LADD,,no
a6d9e0,N540W,GLF6,WILMINGTON TRUST CO TRUSTEE,3,NJ|TX,"2023-03-20 New Brunswick,NJ; 2025-06-13 Grapevine,TX; 2025-06-13 Grapevine,TX",KDAL|KTEB,dbflag:LADD,,no
a6eac3,N545CT,E545,ANTELOPE LEASING LLC,3,AZ|GA,"2023-12-15 Phoenix,AZ; 2024-10-21 Atlanta,GA; 2024-10-24 Duluth,GA",KFTY|KPHX,dbflag:LADD,,no
a6f30e,N547MP,HDJT,CBGA LLC,3,CO|TX,"2024-09-09 Boulder,CO; 2025-08-22 Dallas,TX; 2025-08-22 Dallas,TX",KADS|KBJC,dbflag:LADD,,no
a6d5ec,N54DP,GLEX,GPS 1 LLC,3,DC|FL,"2025-01-20 Washington,DC; 2025-01-20 Washington,DC; 2025-02-19 Tampa,FL",KIAD|KTPA,dbflag:LADD,,no
a7196e,N557AB,LJ60,LJ60-259 LLC,3,AZ|TN,"2025-02-19 Phoenix,AZ; 2025-02-19 Phoenix,AZ; 2025-09-21 Murfreesboro,TN",KABQ|KBNA|KSDL|KSYR,dbflag:LADD,Albuquerque|Syracuse,yes
a74d26,N57MC,LJ45,MASSMAN CONSTRUCTION CO,3,CO|TX,"2025-06-16 Grapevine,TX; 2025-09-10 Woodland Park,CO; 2025-09-12 Woodland Park,CO",KAPA|KFTW,dbflag:LADD,,no
a788c6,N585D,GLF5,ST CON AVIATION LLC,3,TN|TX,"2025-06-13 Grapevine,TX; 2025-06-13 Grapevine,TX; 2025-09-21 Murfreesboro,TN",KBNA|KFTW,dbflag:LADD,,no
a7b02e,N595CB,CL30,TVPX ARS INC TRUSTEE,3,GA|TX,"2024-06-06 San Antonio,TX; 2024-09-10 Denton,TX; 2024-10-24 Duluth,GA",KATL|KDAL|KSAT,dbflag:LADD,,no
a7cd01,N601WY,CL60,"601 ASSETS LLC, JDSD AVIATION PARTNERS LLC, PTSP III LLC, WAGGIN",3,CO|FL|TX,"2024-07-29 West Palm Beach,FL; 2024-09-11 Boulder,CO; 2024-09-12 Denton,TX",KBJC|KFTW|KFXE,dbflag:LADD,,no
a7d6c6,N604GW,CL60,CFC LLC,3,CA|FL,"2025-02-19 Tampa,FL; 2025-02-20 Tampa,FL; 2025-05-02 San Diego,CA",KSAN|KTPA,dbflag:LADD,,no
a7d73a,N604MM,CL60,TC FLIGHT LLC,3,CA|DC,"2023-03-14 Davis,CA; 2025-01-20 Washington,DC; 2025-01-20 Washington,DC",KIAD|KMCC,dbflag:LADD,,no
a7fc7f,N61318,GLF5,WILMINGTON TRUST CO TRUSTEE,3,CA|TX,"2024-03-14 Fullerton,CA; 2025-06-13 Grapevine,TX; 2025-06-13 Grapevine,TX",KDAL|KLAX,dbflag:LADD,,no
a8170d,N620JH,GLF5,BANK OF UTAH TRUSTEE,3,CA|FL,"2024-07-29 West Palm Beach,FL; 2025-05-02 San Diego,CA; 2025-08-09 Rancho Palos Verdes,CA",KBCT|KLAX|KSAN,dbflag:LADD,,no
a87e69,N6464,C680,TVPX AIRCRAFT SOLUTIONS INC TRUSTEE,3,MN|UT,"2025-09-09 Orem,UT; 2025-09-22 Minneapolis,MN; 2025-09-23 Minneapolis,MN",KFCM|KSLC|KSTP,dbflag:LADD,,no
a88db7,N650LC,CL60,AGCO CORP,3,CO|MN,"2025-09-17 Fort Collins,CO; 2025-09-22 Minneapolis,MN; 2025-09-23 Minneapolis,MN",KBJC|KFCM,dbflag:LADD,,no
a89ab9,N65330,C172,FLIGHT TRAINING AIRCRAFT LLC,3,AZ|CA,"2025-03-03 Los Angeles,CA; 2025-03-04 Los Angeles,CA; 2025-09-20 Glendale,AZ",KGEU|KPOC,dbflag:LADD,,no
a88a96,N65CC,GLF5,NBI HOLDINGS LLC,3,NV|TX,"2024-02-04 Las Vegas,NV; 2024-02-04 Las Vegas,NV; 2024-06-06 San Antonio,TX",KLAS|KSAT,dbflag:LADD,,no
a8e479,N672PP,E550,LIVE OAK BANKING CO,3,CA|NJ,"2023-03-13 Davis,CA; 2023-03-14 Davis,CA; 2023-03-20 New Brunswick,NJ",KSAC|KTEB,dbflag:LADD,,no
a904f0,N680TR,C680,BRASK T-4 EQUIPMENT LLC,3,AZ|MT,"2023-12-20 Phoenix,AZ; 2025-10-07 Bozeman,MT; 2025-10-08 Bozeman,MT",KBZN|KPHX,dbflag:LADD,,no
a91ddf,N687GS,GLF6,TVPX AIRCRAFT SOLUTIONS INC TRUSTEE,3,CA|DC,"2023-10-01 San Jose,CA; 2025-01-20 Washington,DC; 2025-01-20 Washington,DC",KDCA|KSJC,dbflag:LADD,,no
a941b2,N696HC,G280,"HENRY CROWN AND COMPANY S LLCDBA, CC INDUSTRIES",3,CA|NV,"2024-02-04 Las Vegas,NV; 2024-02-04 Las Vegas,NV; 2025-03-03 Los Angeles,CA",KLAS|KVNY,dbflag:LADD,,no
a954aa,N700BC,CL30,COX AVIATION LLC,3,GA|MT|OK,"2024-10-24 Duluth,GA; 2025-10-08 Bozeman,MT; 2025-10-17 Norman,OK",KBZN|KFTY|KOKC,dbflag:LADD,,no
a9552a,N700GF,GA7C,GULFSTREAM AEROSPACE CORP,3,CA|TN,"2025-03-04 Los Angeles,CA; 2025-08-09 Rancho Palos Verdes,CA; 2025-09-21 Murfreesboro,TN",KBNA|KVNY,dbflag:LADD,,no
a99d8d,N719AS,CL30,EXECUTIVE AIRSHARE LLC,3,AZ|CA|TX,"2023-03-26 Fort Worth,TX; 2025-02-20 Phoenix,AZ; 2025-08-05 Rancho Palos Verdes,CA",KFTW|KLAX|KSDL,government_operator_string,,no
a99e32,N719HG,H25B,FLIGHTWORKS INC,3,AZ|CA|TX,"2024-03-14 Fullerton,CA; 2024-03-20 Phoenix,AZ; 2024-09-11 Denton,TX",KFTW|KONT|KPHX,dbflag:LADD,,no
a9a83d,N721L,GLF5,STARBUCKS CAPITAL ASSET LEASING COMPANY LLC,3,NJ|WA,"2023-03-21 New Brunswick,NJ; 2024-05-06 Seattle,WA; 2024-05-07 Seattle,WA",KBFI|KTEB,dbflag:LADD,,no
a9c5e2,N729KF,GL7T,KW FLIGHT LLC,3,CA|CO,"2024-09-10 Boulder,CO; 2025-08-09 Rancho Palos Verdes,CA; 2025-09-11 Woodland Park,CO",KAPA|KLAX,dbflag:LADD,,no
aa0a93,N746TX,H25B,SIERRA AVIATION HOLDINGS LLC,3,AZ|CO,"2024-03-20 Phoenix,AZ; 2025-09-10 Woodland Park,CO; 2025-09-11 Woodland Park,CO",KCOE|KCOS|KSDL,dbflag:LADD,Spokane,yes
a9f273,N74ZC,CL30,ZIEGLER INC,3,MN|WA,"2024-05-06 Seattle,WA; 2025-09-22 Minneapolis,MN; 2025-09-23 Minneapolis,MN",KBFI|KIKV|KMSP,dbflag:LADD,Des Moines,yes
aa4973,N762F,GL7T,WILMINGTON TRUST CO TUSTEE,3,CA|NV,"2024-02-05 Las Vegas,NV; 2025-08-06 Rancho Palos Verdes,CA; 2025-08-06 Rancho Palos Verdes,CA",KLAS|KVNY,dbflag:LADD,,no
aa788b,N774GT,GLF4,BENGAL INVESTMENTS LLC,3,CA|NJ,"2023-03-20 New Brunswick,NJ; 2023-03-21 New Brunswick,NJ; 2023-10-01 San Jose,CA",KOAK|KTEB,dbflag:LADD,,no
aa842c,N777MS,CL30,KGC AVIATION LLC,3,CA|NV,"2024-02-04 Las Vegas,NV; 2024-02-04 Las Vegas,NV; 2025-08-05 Rancho Palos Verdes,CA",KBUR|KCOE|KLAS,dbflag:LADD,Spokane,yes
aa8557,N777ZR,GALX,G200 LLC,3,AZ|CA|TX,"2023-09-28 Tempe,AZ; 2023-10-02 San Jose,CA; 2024-09-10 Denton,TX",KFTW|KHWD|KSDL,dbflag:LADD,,no
aaab60,N787JS,GLF4,TVPX AIRCRAFT SOLUTIONS INC TRUSTEE,3,NJ|NV|UT,"2023-03-21 New Brunswick,NJ; 2024-02-05 Las Vegas,NV; 2025-09-11 Orem,UT",KLAS|KSLC|KTEB,dbflag:LADD,,no
aac36a,N793CP,GA6C,CONOCOPHILLIPS COMPANY,3,DC|TX,"2024-09-11 Denton,TX; 2025-01-20 Washington,DC; 2025-01-20 Washington,DC",KDAL|KIAD,dbflag:LADD,,no
ab1160,N812G,CL60,GAP INC,3,CA|NJ,"2023-03-22 New Brunswick,NJ; 2023-10-01 San Jose,CA; 2023-10-02 San Jose,CA",KEWR|KOAK,dbflag:LADD,,no
ab1192,N812J,C510,BUCKEYE AVIATION LLC,3,GA|OR,"2024-10-10 Corvallis,OR; 2024-10-23 Athens,GA; 2024-10-23 Duluth,GA",KEUG|KLZU,dbflag:LADD,,no
ab198e,N814PS,CL60,TVPX AIRCRAFT SOLUTIONS INC TRUSTEE,3,CO|DC,"2024-09-11 Boulder,CO; 2025-01-21 Washington,DC; 2025-09-12 Woodland Park,CO",KAPA|KIAD,dbflag:LADD,,no
ab206f,N816JA,E550,ARLO CONSULTING LLC,3,CA|FL,"2023-10-02 San Jose,CA; 2023-10-03 San Jose,CA; 2024-07-29 West Palm Beach,FL",KFLL|KOAK,dbflag:LADD,,no
ab44ff,N825SA,CL60,RURAL TV PRODUCTIONS LLC,3,FL|TX,"2023-06-12 Grapevine,TX; 2025-02-19 Tampa,FL; 2025-02-20 Tampa,FL",KFTW|KTPA,dbflag:LADD,,no
ab500c,N828RB,CL30,"RB AVIATION 1 LLC, RB AVIATION 2 LLC",3,AZ|CA,"2025-03-03 Los Angeles,CA; 2025-09-21 Glendale,AZ; 2025-09-22 Glendale,AZ",KCOE|KLAX|KSDL,dbflag:LADD,Spokane,yes
ab5c91,N831FC,C25B,NACHES AVIATION LLC,3,AZ|MN,"2024-03-18 Phoenix,AZ; 2025-09-21 Minneapolis,MN; 2025-09-22 Minneapolis,MN",KFCM|KPHX,dbflag:LADD,,no
ab8c8e,N843S,FA7X,US BANK NATIONAL ASSOCIATION TRUSTEE,3,DC|MN,"2025-01-20 Washington,DC; 2025-01-20 Washington,DC; 2025-09-23 Minneapolis,MN",KIAD|KSTP,dbflag:LADD,,no
ab943c,N845UP,F2TH,UNION PACIFIC RAILROAD CO,3,AZ|TX,"2025-02-19 Phoenix,AZ; 2025-02-19 Phoenix,AZ; 2025-06-12 Grapevine,TX",KFTW|KPHX,dbflag:LADD,,no
ab7fb9,N84YU,GLEX,TXPX AIRCRAFT SOLUTIONS INC TRUSTEE,3,CA|TX,"2025-06-15 Grapevine,TX; 2025-06-15 Grapevine,TX; 2025-08-05 Rancho Palos Verdes,CA",KDAL|KSNA|KSYR,dbflag:LADD,Syracuse,yes
aba882,N850MY,TBM7,GREEN DOORS LLC,3,AZ|CO,"2024-09-10 Boulder,CO; 2025-02-19 Phoenix,AZ; 2025-02-19 Phoenix,AZ",KAPA|KPHX,dbflag:LADD,,no
aba63f,N85NV,GLF5,KHOSLA VENTURES LLC,3,CA|NJ,"2023-03-21 New Brunswick,NJ; 2023-03-22 New Brunswick,NJ; 2025-05-05 San Francisco,CA",KHWD|KTEB,dbflag:LADD,,no
abecc4,N868CC,G280,FIFTH THIRD BANK NA,3,FL|NJ,"2023-03-22 New Brunswick,NJ; 2025-02-20 Tampa,FL; 2025-02-21 Tampa,FL",KTEB|KTPA,dbflag:LADD,,no
ac1f5c,N880RR,C25C,"TEXTRON INC, E Z GO DIVISION",3,AZ|FL,"2024-07-28 West Palm Beach,FL; 2024-07-28 West Palm Beach,FL; 2024-09-03 Phoenix,AZ",KABQ|KBCT|KSDL,dbflag:LADD,Albuquerque,yes
ac2a8d,N883SC,C56X,BUFFALO BAYOU AIR LLC,3,MN|TX,"2025-06-13 Grapevine,TX; 2025-06-13 Grapevine,TX; 2025-09-21 Minneapolis,MN",KDAL|KFCM|KSAF,dbflag:LADD,Albuquerque,yes
ac3c46,N888HK,GLF5,BANKER AVIATION LLC,3,CA|FL,"2024-07-29 West Palm Beach,FL; 2025-08-06 Rancho Palos Verdes,CA; 2025-08-06 Rancho Palos Verdes,CA",KFXE|KVNY,dbflag:LADD,,no
ac3cef,N888QD,E550,QUAD ASCENT LLC,3,CA|FL,"2024-07-23 West Palm Beach,FL; 2025-08-06 Rancho Palos Verdes,CA; 2025-08-06 Rancho Palos Verdes,CA",KBUR|KFLL|KSYR,dbflag:LADD,Syracuse,yes
ac3f77,N889CA,LJ45,GRACON EXPRESS LLC,3,AZ|CO,"2024-09-09 Boulder,CO; 2024-09-11 Boulder,CO; 2025-02-20 Phoenix,AZ",KABQ|KBJC|KSDL,dbflag:LADD,Albuquerque,yes
ac6f9c,N900EM,E35L,EWM INVESTMENTS LLC,3,CA|NV|TX,"2024-05-15 San Diego,CA; 2024-10-25 Las Vegas,NV; 2025-06-16 Grapevine,TX",KCRQ|KDFW|KLAS,dbflag:LADD,,no
ac8587,N906AS,H25B,O PLUS A AVIATION LLC,3,CA|UT,"2025-05-07 San Francisco,CA; 2025-08-09 Rancho Palos Verdes,CA; 2025-09-09 Orem,UT",KOAK|KSLC|KSNA,dbflag:LADD,,no
ac859a,N906BL,H25B,FLYAWAY INC,3,NV|TX,"2024-09-11 Denton,TX; 2024-09-12 Denton,TX; 2024-10-25 Las Vegas,NV",KFTW|KHND,dbflag:LADD,,no
acb29f,N917VZ,GLF4,WILMINGTON TRUST CO TRUSTEE,3,CA|DC,"2023-10-01 San Jose,CA; 2025-01-19 Washington,DC; 2025-01-19 Washington,DC",KIAD|KSJC,dbflag:LADD,,no
ace6dd,N930NH,EC35,WILMINGTON TRUST CO TRUSTEE,3,NE|TX,"2024-04-10 Omaha,NE; 2024-06-07 San Antonio,TX; 2024-06-07 San Antonio,TX",KAHQ|KSAT,dbflag:LADD,,no
ad52a1,N958CR,CL30,JH TRANSPORTATION LLC,3,AZ|CO,"2024-09-10 Boulder,CO; 2024-09-11 Boulder,CO; 2024-12-23 Phoenix,AZ",KFNL|KPHX,dbflag:LADD,,no
ad342e,N95VE,GA6C,CHIM CHIM AVIATION LLC,3,CA|DC,"2023-10-02 San Jose,CA; 2023-10-03 San Jose,CA; 2025-01-21 Washington,DC",KIAD|KOAK,dbflag:LADD,,no
adc642,N987MK,SF50,KAHOOTS INC,3,AZ|CA|UT,"2023-09-12 San Diego,CA; 2024-03-20 Phoenix,AZ; 2025-10-01 Logan,UT",KABQ|KGYR|KMYF|KOGD,dbflag:LADD,Albuquerque,yes
adc93b,N988DV,F2TH,DEVON REALTY ADVISORS LLC,3,DC|OK,"2025-01-21 Washington,DC; 2025-10-16 Norman,OK; 2025-10-17 Norman,OK",KIAD|KOKC,dbflag:LADD,,no
addf73,N993TB,CL30,JKDB AIR LLC,3,AZ|CA,"2024-09-04 Phoenix,AZ; 2025-08-06 Rancho Palos Verdes,CA; 2025-08-06 Rancho Palos Verdes,CA",KABQ|KPHX|KSNA,dbflag:LADD,Albuquerque,yes
4403bd,OE-IIS,GLF5,,3,CA|TX,"2025-06-13 Grapevine,TX; 2025-06-13 Grapevine,TX; 2025-08-09 Rancho Palos Verdes,CA",KDAL|KLAX,dbflag:LADD|non_us_registration,,no
030012,OK1,GLEX,Government of Botswana,3,CA|NJ,"2023-03-20 New Brunswick,NJ; 2023-03-21 New Brunswick,NJ; 2025-03-03 Los Angeles,CA",KLAX|KTEB,dbflag:LADD|dbflag:military|government_operator_string|non_us_registration,,no
0c0920,,,,2,NV|TX,"2024-05-07 Las Vegas,NV; 2024-06-06 San Antonio,TX",KLAS|KSAT,no_registration,,no
ae14b4,160977,BE9L,,2,AZ|TX,"2023-12-15 Phoenix,AZ; 2024-09-10 Denton,TX",KABQ|KNFW|NM74|US-1816,dbflag:military|non_us_registration,Albuquerque,yes
ae03dc,165352,C130,,2,CA|TX,"2024-09-11 Denton,TX; 2025-05-02 San Diego,CA",KNFW|KNZY,dbflag:military|non_us_registration,,no
ae2eee,166113,TEX2,,2,GA|NC,"2024-10-20 Atlanta,GA; 2024-10-20 Chapel Hill,NC",KRDU|KRYY,dbflag:military|non_us_registration,,no
ae1480,166763,C30J,,2,OK|TX,"2025-06-16 Grapevine,TX; 2025-10-16 Norman,OK",KABQ|KNFW|KPWA,dbflag:military|non_us_registration,Albuquerque,yes
ae1481,166764,C30J,,2,TX|WI,"2024-09-04 Madison,WI; 2024-09-12 Denton,TX",KMSN|KNFW,dbflag:military|non_us_registration,,no
ae116a,84-00166,BE20,,2,CO|UT,"2024-04-22 Salt Lake City,UT; 2024-09-10 Boulder,CO",KABQ|KBKF|KCOE|KSLC,dbflag:military|us_military_serial,Albuquerque|Spokane,yes
adfdf9,92-9000,B742,,2,AZ|NV,"2024-02-05 Las Vegas,NV; 2025-09-21 Glendale,AZ",KLAS|KLUF,dbflag:military|us_military_serial,,no
ae0806,99-0060,C17,,2,MN|NV,"2024-03-20 Las Vegas,NV; 2025-09-22 Minneapolis,MN",KLAS|KMSP,dbflag:military|us_military_serial,,no
ae0406,99-0402,GLF5,,2,AZ|NV,"2024-10-23 Las Vegas,NV; 2025-09-21 Glendale,AZ",KLAS|KPHX,dbflag:military|us_military_serial,,no
4d23ab,9H-VISTA,GL7T,,2,CA|FL,"2023-10-03 San Jose,CA; 2024-07-29 West Palm Beach,FL",KFLL|KSFO,non_us_registration,,no
c03019,C-FSFO,C25B,Airsprint Inc.,2,AZ|NJ,"2023-03-22 New Brunswick,NJ; 2024-09-03 Phoenix,AZ",KSDL|KTEB,non_us_registration,,no
c05ee5,C-GJYI,BCS3,Air Canada,2,CO|WA,"2024-05-07 Seattle,WA; 2024-09-10 Boulder,CO",KDEN|KSEA,non_us_registration,,no
c060c7,C-GKQW,E295,Porter Airlines (Canada) Limited,2,FL|NV,"2024-10-24 Las Vegas,NV; 2025-02-20 Tampa,FL",KLAS|KTPA,non_us_registration,,no
c060ca,C-GKQZ,E295,Porter Airlines (Canada) Limited,2,AZ|CA,"2024-12-23 Phoenix,AZ; 2025-03-03 Los Angeles,CA",KLAX|KPHX,non_us_registration,,no
c06177,C-GKXQ,E295,PORTER AIRLINES (CANADA) LIMITED,2,AZ|FL,"2025-02-21 Tampa,FL; 2025-09-22 Glendale,AZ",KPHX|KTPA,non_us_registration,,no
c0633a,C-GLOZ,GL7T,FLYGTA Inc.,2,FL|GA,"2024-10-20 Atlanta,GA; 2025-02-19 Tampa,FL",KPDK|KTPA,dbflag:LADD|non_us_registration,,no
c06709,C-GNAM,BCS3,Air Canada,2,CO|NJ,"2023-03-20 New Brunswick,NJ; 2024-09-10 Boulder,CO",KDEN|KLGA,non_us_registration,,no
c06a2c,C-GOFJ,FA7X,Sunwest Aviation Ltd.,2,AZ|CA,"2025-02-17 Phoenix,AZ; 2025-05-02 San Diego,CA",KSAN|KSDL,dbflag:LADD|non_us_registration,,no
c07a62,C-GUIZ,DH8D,Private Air Inc.,2,CO|NJ,"2023-03-20 New Brunswick,NJ; 2024-09-09 Boulder,CO",KAPA|KCHA|KTEB,dbflag:LADD|non_us_registration,Chattanooga,yes
c08859,C-GZQM,E295,Porter Airlines (Canada) Limited,2,CA|FL,"2025-02-21 Tampa,FL; 2025-03-03 Los Angeles,CA",KLAX|KTPA,non_us_registration,,no
3ffb77,D-MCVA,CLON,,2,CA|TX,"2025-06-12 Grapevine,TX; 2025-08-09 Rancho Palos Verdes,CA",KSNA|KT67,non_us_registration,,no
a00560,N100GX,G150,BRULECREEK AVIATION LLC,2,CA|UT,"2023-10-01 San Jose,CA; 2024-04-24 Salt Lake City,UT",KNUQ|KSLC,dbflag:LADD,,no
a02ff6,N111AM,GLF5,MARNELL GAMING MANAGEMENT LLC,2,NV|OR,"2024-02-05 Las Vegas,NV; 2024-10-10 Corvallis,OR",KCVO|KHND,dbflag:LADD,,no
a04b1e,N118NG,PC12,AVODAH BLUE LLC,2,CA|UT,"2023-11-08 Los Angeles,CA; 2025-10-01 Logan,UT",KLGB|KLGU,dbflag:LADD,,no
a05a1b,N1212V,E55P,TRANSMEDICS INC,2,TX|UT,"2024-04-23 Salt Lake City,UT; 2024-09-11 Denton,TX",KDAL|KSLC,dbflag:LADD,,no
a05f67,N123FU,S22T,GM321GO AVIATION GROUP LLC,2,AZ|CA,"2024-03-18 Phoenix,AZ; 2024-03-18 San Diego,CA",KSAN|KSDL,dbflag:LADD,,no
a065e0,N1247E,PC12,BOZEMAN TECHNOLOGY INCUBATOR INC,2,AZ|MT,"2025-09-21 Glendale,AZ; 2025-10-07 Bozeman,MT",KBZN|KDVT,dbflag:LADD,,no
a06abb,N126HR,GLF5,SEMINOLE TRIBE OF FLORIDA,2,FL|GA,"2025-02-20 Tampa,FL; 2025-03-21 Gainesville,GA",KRYY|KTPA,dbflag:LADD,,no
a0977d,N137ZM,GL5T,ZOMA FALCON LLC,2,AZ|CO,"2023-09-26 Tempe,AZ; 2024-09-09 Boulder,CO",KAPA|KSDL,dbflag:LADD,,no
a07a7f,N13SY,C750,SY AIR LLC,2,AZ|FL,"2025-02-20 Phoenix,AZ; 2025-02-20 Tampa,FL",KSDL|KTPA,dbflag:LADD,,no
a0f3a5,N160WC,CL30,WCA HOLDINGS II LLC,2,CA|UT,"2024-04-24 Salt Lake City,UT; 2025-03-04 Los Angeles,CA",KSLC|KVNY,dbflag:LADD,,no
a107b4,N1658C,C172,CE-172 AIRCRAFT LLC,2,CA|OR,"2024-10-11 Corvallis,OR; 2025-03-04 Los Angeles,CA",KEUG|KLGB,dbflag:LADD,,no
a108b2,N166HL,C680,PARK ASSOCIATES INC,2,FL|UT,"2025-02-26 Gainesville,FL; 2025-09-10 Orem,UT",KOCF|KSLC,dbflag:LADD,,no
a10e2d,N1671C,C172,CE-172 AIRCRAFT LLC,2,GA|MN,"2025-03-21 Gainesville,GA; 2025-09-23 Minneapolis,MN",KFCM|KRYY,dbflag:LADD,,no
a11b24,N170WC,CL30,WCA HOLDINGS IV LLC,2,CA|TX,"2023-10-03 San Jose,CA; 2024-09-12 Denton,TX",KDAL|KSJC,dbflag:LADD,,no
a12eb6,N1754T,C172,FLIGHT OPERATIONS AIRCRAFT LLC,2,TX|UT,"2023-06-08 Grapevine,TX; 2024-04-23 Salt Lake City,UT",KGKY|KPVU,dbflag:LADD,,no
a1316e,N176WC,CL35,WCA HOLDINGS IV LLC,2,CA|TX,"2025-04-30 San Diego,CA; 2025-08-23 Dallas,TX",KAFW|KCRQ|KGEG,dbflag:LADD,Spokane,yes
a15ffa,N188SF,CL30,MS AIR LLC,2,AZ|MI,"2024-06-17 Detroit,MI; 2025-02-17 Phoenix,AZ",KPTK|KSDL,dbflag:LADD,,no
a1723e,N1922G,F2TH,GRANITE CONSTRUCTION INC,2,TX|UT,"2025-06-16 Grapevine,TX; 2025-09-11 Orem,UT",KFTW|KSLC,dbflag:LADD,,no
a175ff,N1932S,CL30,SHEHADEY ENTERPRISE SOLUTIONS LLC,2,AZ|NV,"2023-12-15 Phoenix,AZ; 2024-05-07 Las Vegas,NV",KCHD|KLAS,dbflag:LADD,,no
a17393,N193CS,PRM1,CSOKI AVIATION INC,2,AZ|UT,"2024-04-22 Salt Lake City,UT; 2025-02-17 Phoenix,AZ",KABQ|KIWA|KSLC,dbflag:LADD,Albuquerque,yes
a181cb,N1967J,GLF5,EAGLE MOUNTAIN INTERNATIONAL CHURCH INC,2,MN|TX,"2025-08-23 Dallas,TX; 2025-09-22 Minneapolis,MN",KAFW|KSTP,dbflag:LADD,,no
a17e83,N196AP,GA6C,QUOGUE AVIATION IV LLC,2,FL|WA,"2024-05-06 Seattle,WA; 2024-07-29 West Palm Beach,FL",KBCT|KBFI,dbflag:LADD,,no
a0015a,N1PU,H25B,SMN INVESTMENTS INC,2,IN|UT,"2025-04-09 West Lafayette,IN; 2025-09-11 Orem,UT",KPVU|KTYQ,dbflag:LADD,,no
a19253,N200DE,CL60,TVPX AIRCRAFT SOLUTIONS INC TRUSTEE,2,CA|NJ,"2023-03-20 New Brunswick,NJ; 2025-03-04 Los Angeles,CA",KTEB|KVNY,dbflag:LADD,,no
a195c2,N201AH,S22T,PRJE TECHNOLOGY SERVICES LLC,2,AZ|CO,"2025-02-20 Phoenix,AZ; 2025-09-10 Woodland Park,CO",KABQ|KAPA|KPHX,dbflag:LADD,Albuquerque,yes
a1b609,N20913,C172,ATPCE LLC,2,AZ|UT,"2024-09-03 Phoenix,AZ; 2025-09-09 Orem,UT",KFFZ|KPVU,dbflag:LADD,,no
a1b8c7,N21SP,GLF6,GPS 2 LLC,2,CA|DC,"2025-01-21 Washington,DC; 2025-03-04 Los Angeles,CA",KIAD|KLGB,dbflag:LADD,,no
a1e8b2,N222CS,TBM7,"SEIDNER STEVE TRUSTEE, SEIDNER CHRISTINE TRUSTEE",2,AZ|CA,"2024-12-23 Phoenix,AZ; 2025-03-03 Los Angeles,CA",KPHX|KPOC,dbflag:LADD,,no
a20150,N22813,C172,CAREER PILOT TRAINING LLC,2,AZ|CO,"2024-03-18 Phoenix,AZ; 2024-09-09 Boulder,CO",KAPA|KGEU,dbflag:LADD,,no
a21603,N2330F,C172,FLIGHT OPERATIONS AIRCRAFT LLC,2,AZ|CO,"2023-12-15 Phoenix,AZ; 2025-09-11 Woodland Park,CO",KAPA|KSDL,dbflag:LADD,,no
a218f4,N234SH,C172,ATP AIRCRAFT 2 LLC,2,AZ|MN,"2025-02-20 Phoenix,AZ; 2025-09-23 Minneapolis,MN",KFCM|KIWA,dbflag:LADD,,no
a22318,N237GA,GLF5,ORANGE COUNTY/SUNBIRD AVIATION LLC,2,CA|DC,"2024-03-15 Fullerton,CA; 2025-01-21 Washington,DC",KCOE|KIAD|KSNA,dbflag:LADD,Spokane,yes
a22753,N238MH,GLF4,"MHL LOGISTICS LLC, C/O CORPORATION TRUST CO",2,CA|NJ,"2023-03-21 New Brunswick,NJ; 2023-10-02 San Jose,CA",KOAK|KTEB,dbflag:LADD,,no
a2380f,N242GM,GLF5,TRANS-EXEC AIR SERVICE INC,2,CA|DC,"2023-10-03 San Jose,CA; 2025-01-21 Washington,DC",KIAD|KSFO,dbflag:LADD,,no
a2383d,N242JH,PC12,DELTA PROPERTIES LLP,2,AZ|CA,"2024-03-17 San Diego,CA; 2025-09-22 Glendale,AZ",KMYF|KPHX,dbflag:LADD,,no
a23c6c,N243PC,C700,BANK OF UTAH TRUSTEE,2,CA|PA,"2024-03-18 Pittsburgh,PA; 2025-03-03 Los Angeles,CA",KAGC|KLGB,dbflag:LADD,,no
a258cd,N250PK,C560,VANDELAY AMERICA LLC,2,AZ|WA,"2024-05-07 Seattle,WA; 2025-02-17 Phoenix,AZ",KSDL|KSEA,dbflag:LADD,,no
a27929,N259CK,C680,REGISTRATION PENDING,2,GA|TX,"2024-09-12 Denton,TX; 2024-10-21 Atlanta,GA",KDAL|KPDK,dbflag:LADD,,no
a2995e,N267DW,CL60,"1055145 LLC, WLBX LLC",2,CA|UT,"2025-05-02 San Diego,CA; 2025-09-10 Orem,UT",KSAN|KSLC,dbflag:LADD,,no
a2a127,N269HM,GLF5,FLYNT LOGISTICS LLC,2,AZ|CA,"2023-11-10 Los Angeles,CA; 2024-12-23 Phoenix,AZ",KLGB|KPHX,dbflag:LADD,,no
a2aea4,N272HL,LJ45,HL AIRCRAFT LLC,2,AZ|OK,"2023-09-28 Tempe,AZ; 2025-10-15 Norman,OK",KGYR|KOKC,dbflag:LADD,,no
a2b346,N273SW,F2TH,CONTRACT TRANSPORTATION SYSTEMS CO,2,GA|NC,"2024-10-22 Chapel Hill,NC; 2024-10-23 Duluth,GA",KFTY|KRDU,dbflag:LADD,,no
a2f424,N29LJ,LJ60,DULCICH JET LLC,2,AZ|UT,"2024-03-18 Phoenix,AZ; 2024-04-22 Salt Lake City,UT",KSDL|KSLC,dbflag:LADD,,no
a35206,N313AR,GLF4,DORA 13 LLC,2,FL|MN,"2025-02-21 Tampa,FL; 2025-09-23 Minneapolis,MN",KCOE|KMSP|KTPA,dbflag:LADD,Spokane,yes
a3522e,N313CF,E545,EVANS GENERAL AVIATION LLC,2,GA|TX,"2024-09-11 Denton,TX; 2024-10-21 Atlanta,GA",KDAL|KPDK,dbflag:LADD,,no
a37d3d,N324AS,E55P,"EXECUTIVE AIRSHARE LLC, CAPITOL FEDERAL FINANCIAL INC, DILLON DE",2,CA|TX,"2025-03-03 Los Angeles,CA; 2025-06-16 Grapevine,TX",KFTW|KSNA,government_operator_string,,no
a380f4,N325AS,E55P,"EXECUTIVE AIRSHARE LLC, RIVIERE ENERGY LLC, KNSSE LLC, L&E LLC, ",2,AZ|NC,"2024-10-20 Chapel Hill,NC; 2024-12-23 Phoenix,AZ",KRDU|KSDL,government_operator_string,,no
a3874a,N3262T,GLEX,TVPX AIRCRAFT SOLUTIONS INC TRUSTEE,2,CA|NJ,"2023-03-21 New Brunswick,NJ; 2025-03-02 Los Angeles,CA",KTEB|KVNY,dbflag:LADD,,no
a3a21d,N333MX,F2TH,M D C HOLDINGS INC,2,AZ|CO,"2024-09-09 Boulder,CO; 2025-02-20 Phoenix,AZ",KABQ|KAPA|KPHX,dbflag:LADD,Albuquerque,yes
a3c231,N341N,C25B,LUCKY STARS LLC,2,GA|NJ,"2023-03-21 New Brunswick,NJ; 2024-10-20 Atlanta,GA",KABQ|KPDK|KTEB,dbflag:LADD,Albuquerque,yes
a3d024,N345CS,C172,FLIGHT TRAINING AIRCRAFT LLC,2,CA|CO,"2023-09-16 San Diego,CA; 2025-09-10 Woodland Park,CO",KCOS|KMYF,dbflag:LADD,,no
a3d87c,N347NA,G280,US BANK NA TRUSTEE,2,CO|DC,"2025-01-21 Washington,DC; 2025-09-11 Woodland Park,CO",KAPA|KIAD,dbflag:LADD,,no
a3e6e4,N350XK,CL30,GENERAL ATOMICS AERONAUTICAL SYSTEMS INC,2,CA|CO,"2024-09-09 Boulder,CO; 2025-04-30 San Diego,CA",KABQ|KAPA|KSEE,dbflag:LADD,Albuquerque,yes
a40469,N358VJ,CL30,BANK OF UTAH TRUSTEE,2,CO|NJ,"2023-03-20 New Brunswick,NJ; 2025-09-17 Fort Collins,CO",KBJC|KTEB,dbflag:LADD,,no
a413cb,N362AS,E55P,"EXECUTIVE AIRSHARE LLC, 7-HIGHWAY INVESTORS LLC, KESSENICH DAVID",2,CA|TX,"2023-03-26 Fort Worth,TX; 2025-03-02 Los Angeles,CA",KFTW|KSNA,government_operator_string,,no
a41804,N363FX,E55P,FLEXJET LLC,2,AZ|FL,"2024-07-29 West Palm Beach,FL; 2024-10-27 Phoenix,AZ",KBCT|KSDL,dbflag:LADD,,no
a4380d,N371FP,GLF4,WING AVIATION GROUP LLC,2,AZ|NJ,"2023-03-20 New Brunswick,NJ; 2025-09-21 Glendale,AZ",KABQ|KBLM|KGEU,dbflag:LADD,Albuquerque,yes
a45a24,N38NG,GLF5,NORTHROP GRUMMAN SYSTEMS CORP,2,AZ|FL,"2025-02-17 Phoenix,AZ; 2025-02-19 Tampa,FL",KABQ|KPHX|KPIE,dbflag:LADD,Albuquerque,yes
a48ebb,N393JE,C68A,JEB INVESTMENTS LLC,2,NJ|OH,"2023-03-20 New Brunswick,NJ; 2023-03-23 Columbus,OH",KDLZ|KTEB,dbflag:LADD,,no
a31ab9,N3B,C750,GOING UP LLC,2,AZ|NV,"2024-05-09 Las Vegas,NV; 2025-02-17 Phoenix,AZ",KFFZ|KHND,dbflag:LADD,,no
a31c5a,N3TS,GL7T,XRS LLC,2,AZ|CA,"2025-05-02 San Diego,CA; 2025-09-20 Glendale,AZ",KPHX|KSAN,dbflag:LADD,,no
a4e7f8,N415P,GA6C,GEE 6 LLC,2,AZ|CA,"2023-10-02 San Jose,CA; 2025-02-17 Phoenix,AZ",KIWA|KSFO,dbflag:LADD,,no
a4ef4d,N417N,E55P,567852 LLC,2,MT|TN,"2025-09-21 Murfreesboro,TN; 2025-10-06 Bozeman,MT",KBNA|KBZN,dbflag:LADD,,no
a55d5e,N445BW,C172,FLIGHT OPERATIONS AIRCRAFT LLC,2,AZ|CA,"2025-02-20 Phoenix,AZ; 2025-03-04 Los Angeles,CA",KGEU|KLGB,dbflag:LADD,,no
a56c3f,N449CA,TBM7,CHARLIE ALPHA LLC,2,AZ|GA,"2024-10-27 Phoenix,AZ; 2025-03-17 Gainesville,GA",KLZU|KSDL,dbflag:LADD,,no
a5721e,N450AB,GLF4,BLUE VISTA LLC,2,CA|TX,"2024-09-10 Denton,TX; 2025-08-09 Rancho Palos Verdes,CA",KDAL|KSNA,dbflag:LADD,,no
a570d1,N45LV,LJ45,"HAMMERFLY LLC, SILVER WINGS LLC, Z AIR LLC",2,AZ|CO,"2023-12-20 Phoenix,AZ; 2024-09-10 Boulder,CO",KAPA|KSDL,dbflag:LADD,,no
a5a226,N462MK,GLF5,MERCK SHARP & DOHME LLC,2,CA|MN,"2023-10-01 San Jose,CA; 2025-09-21 Minneapolis,MN",KMSP|KSFO,dbflag:LADD,,no
a5ac61,N465CA,C172,ATP AIRCRAFT 4 LLC,2,AZ|CA,"2024-10-16 Tucson,AZ; 2025-03-04 Los Angeles,CA",KLGB|KRYN,dbflag:LADD,,no
a5b0af,N466JB,F2TH,JABIL INC,2,AZ|FL,"2025-02-17 Phoenix,AZ; 2025-02-19 Tampa,FL",KPIE|KSDL,dbflag:LADD,,no
a5c237,N470MK,F2TH,AAE LEASING LLC,2,NJ|UT,"2023-03-22 New Brunswick,NJ; 2024-04-23 Salt Lake City,UT",KSLC|KTEB,dbflag:LADD,,no
a5c9f7,N472QS,E55P,"AAJ AVIATION LLC, WILLIAMS ARTHUR T III, BUTLER BRENDA TRUSTEE, ",2,AZ|FL,"2024-10-27 Phoenix,AZ; 2025-02-20 Tampa,FL",KABQ|KCHA|KSDL|KTPA,dbflag:LADD,Albuquerque|Chattanooga,yes
a5e96a,N480JJ,G150,REGISTRATION PENDING,2,NJ|TX,"2023-03-22 New Brunswick,NJ; 2024-09-12 Denton,TX",KFTW|KTEB,dbflag:LADD,,no
a600e3,N486WM,GLF4,TVPX AIRCRAFT SOLUTIONS TRUSTEE,2,CA|NV,"2024-05-07 Las Vegas,NV; 2025-05-07 San Francisco,CA",KHWD|KLAS,dbflag:LADD,,no
a6076c,N488MH,F900,SMYRNA READY MIX CONCRETE LLC,2,DC|FL,"2025-01-21 Washington,DC; 2025-02-26 Gainesville,FL",KJYO|KOCF,dbflag:LADD,,no
a63e9a,N501KT,LJ45,BRAVO 997 LLC,2,AZ|TX,"2024-09-11 Denton,TX; 2025-02-20 Phoenix,AZ",KDAL|KSDL,dbflag:LADD,,no
a64517,N503AB,LJ60,LJ60-311 LLC,2,AZ|TN,"2025-02-17 Phoenix,AZ; 2025-09-21 Murfreesboro,TN",KBNA|KCHA|KSDL,dbflag:LADD,Chattanooga,yes
a6517f,N506P,E50P,TVPX AIRCRAFT SOLUTIONS INC TRUSTEE,2,CA|UT,"2025-08-05 Rancho Palos Verdes,CA; 2025-09-10 Orem,UT",KPVU|KSNA,dbflag:LADD,,no
a651bf,N506RP,G280,PTS AS LLC,2,CA|NV,"2024-05-07 Las Vegas,NV; 2025-03-03 Los Angeles,CA",KLAS|KLGB,dbflag:LADD,,no
a655f1,N507WM,BE40,GLEN AVALON LLC,2,AZ|IN,"2023-12-20 Phoenix,AZ; 2025-04-11 West Lafayette,IN",KSDL|KTYQ,dbflag:LADD,,no
a66171,N510AB,LJ60,LJ60-036 LLC,2,NC|TX,"2024-10-21 Chapel Hill,NC; 2025-06-16 Grapevine,TX",KDAL|KDSM|KRDU,dbflag:LADD,Des Moines,yes
a678d2,N516MF,GLF6,BAKERS MF II LLC,2,CA|FL,"2025-02-21 Tampa,FL; 2025-05-07 San Francisco,CA",KOAK|KPIE,dbflag:LADD,,no
a699aa,N524VE,GLF5,VALERO SERVICES INC,2,DC|TX,"2024-06-06 San Antonio,TX; 2025-01-21 Washington,DC",KIAD|KSAT,dbflag:LADD,,no
a69bfa,N525EW,C25A,RYAN INVESTMENTS LLC,2,AZ|CA,"2024-03-18 San Diego,CA; 2025-09-20 Glendale,AZ",KGYR|KMYF,dbflag:LADD,,no
a6afd8,N53UB,C56X,UMPQUA BANK,2,AZ|OR,"2024-10-11 Corvallis,OR; 2025-02-20 Phoenix,AZ",KEUG|KGEG|KPHX,dbflag:LADD,Spokane,yes
a6d604,N54EN,E545,ERGON OIL PURCHASING INC,2,AZ|VA,"2025-02-17 Phoenix,AZ; 2025-09-24 Blacksburg,VA",KPHX|KROA,dbflag:LADD,,no
a70284,N5505T,CL60,BANK OF UTAH TRUSTEE,2,CA|UT,"2025-05-05 San Francisco,CA; 2025-09-09 Orem,UT",KSFO|KSLC,dbflag:LADD,,no
a72aa3,N561AB,LJ60,LJ60-308 LLC,2,CA|TX,"2025-05-06 San Francisco,CA; 2025-06-16 Grapevine,TX",KDAL|KDSM|KSFO,dbflag:LADD,Des Moines,yes
a7398d,N565AR,C550,AR AVIATION GROUP LLC,2,DC|OR,"2024-10-10 Corvallis,OR; 2025-01-21 Washington,DC",KEUG|KJYO,dbflag:LADD,,no
a75d60,N574BB,C25C,BBI INC,2,TX|UT,"2024-04-22 Salt Lake City,UT; 2024-09-10 Denton,TX",KDAL|KOGD,dbflag:LADD,,no
a77160,N579RS,CL60,FRANCIS VICTOR LLC,2,CA|TN,"2025-08-09 Rancho Palos Verdes,CA; 2025-09-21 Murfreesboro,TN",KBNA|KVNY,dbflag:LADD,,no
a78911,N585G,GA5C,GENERAL DYNAMICS CORP,2,DC|NJ,"2023-03-20 New Brunswick,NJ; 2025-01-21 Washington,DC",KIAD|KTEB,dbflag:LADD,,no
a7896d,N585KS,C550,SAAI.COM LLC,2,AZ|CO,"2024-09-11 Boulder,CO; 2025-02-17 Phoenix,AZ",KAPA|KPHX,dbflag:LADD,,no
a7fa26,N613CS,F2TH,AVLEASE COMPANY LLC,2,AZ|FL,"2024-03-20 Phoenix,AZ; 2024-07-23 West Palm Beach,FL",KFFZ|KFXE,dbflag:LADD,,no
a80689,N616RK,GLF5,BANK OF UTAH TRUSTEE,2,AZ|UT,"2025-09-11 Orem,UT; 2025-09-22 Glendale,AZ",KABQ|KPHX|KPVU,dbflag:LADD,Albuquerque,yes
a8313f,N627LG,F2TH,LIVE MAS ENTERPRISES LLC,2,AZ|CO,"2025-02-17 Phoenix,AZ; 2025-09-12 Woodland Park,CO",KABQ|KAPA|KSDL,dbflag:LADD,Albuquerque,yes
a83bf1,N63FS,F2TH,IRON CUMBERLAND LLC,2,DC|GA,"2024-10-23 Duluth,GA; 2025-01-21 Washington,DC",KFTY|KIAD,dbflag:LADD,,no
a88b6b,N65LR,LJ60,CONCORDE HOLDINGS LLC,2,CO|TX,"2024-09-11 Boulder,CO; 2024-09-11 Denton,TX",KAPA|KDFW,dbflag:LADD,,no
a8b539,N660LF,PC12,LIFE FLIGHT NETWORK LLC,2,CO|UT,"2025-09-11 Orem,UT; 2025-09-12 Woodland Park,CO",KAPA|KCOE|KSLC,dbflag:LADD,Spokane,yes
a8b9e8,N661WD,BE40,ENCORE JET MANAGEMENT LLC,2,AZ|TX,"2025-02-17 Phoenix,AZ; 2025-06-12 Grapevine,TX",KDAL|KSDL,dbflag:LADD,,no
a905ad,N68005,GLEX,SN 9003 LLC,2,AZ|CA,"2023-09-28 Tempe,AZ; 2025-08-09 Rancho Palos Verdes,CA",KSDL|KVNY,dbflag:LADD,,no
a90428,N680KR,C680,"JSR REAL ESTATE INVESTMENT GROUP LLC, JDM CONSTRUCTION LLC",2,CA|NC,"2023-10-03 San Jose,CA; 2024-10-20 Chapel Hill,NC",KCCR|KRDU,dbflag:LADD,,no
a9285c,N69,BE30,FEDERAL AVIATION ADMINISTRATION,2,GA|OK,"2025-03-21 Gainesville,GA; 2025-10-16 Norman,OK",KDSM|KOKC|KRYY,dbflag:LADD|government_operator_string,Des Moines,yes
a996af,N717GL,GL7T,BOMBARDIER AEROSPACE CORP.,2,FL|NJ,"2023-03-20 New Brunswick,NJ; 2023-10-10 Orlando,FL",KEWR|KTTS,dbflag:LADD,,no
a9ab8d,N722FX,C208,FEDERAL EXPRESS CORPORATION,2,CA|NV,"2024-03-20 Las Vegas,NV; 2025-03-04 Los Angeles,CA",KLAS|KONT,government_operator_string,,no
a9ac30,N722NK,GLF4,OSPREY WINGS LLC,2,DC|FL,"2024-07-29 West Palm Beach,FL; 2025-01-21 Washington,DC",KBCT|KIAD,dbflag:LADD,,no
a9b339,N724JJ,GLEX,KOGA AIR LLC,2,CA|NJ,"2023-03-22 New Brunswick,NJ; 2023-10-03 San Jose,CA",KNUQ|KTEB,dbflag:LADD,,no
a9f09a,N74EE,PA46,LATHEM DOUGLAS,2,AZ|CA,"2023-12-20 Phoenix,AZ; 2024-03-13 Fullerton,CA",KFUL|KSDL,dbflag:LADD,,no
aa4dd2,N763MT,CL30,PACIFIC CHALLENGER AIRCRAFT SERVICES LLC,2,AZ|CO,"2025-09-11 Woodland Park,CO; 2025-09-22 Glendale,AZ",KAPA|KSDL,dbflag:LADD,,no
aa5621,N765WT,CL60,W W TICHENOR & CO INC,2,CA|TX,"2024-06-06 San Antonio,TX; 2025-05-06 San Francisco,CA",KOAK|KSAT,dbflag:LADD,,no
aa63d4,N769JW,F2TH,DEVON REALTY ADVISORS LLC,2,CO|OK,"2024-09-09 Boulder,CO; 2025-10-15 Norman,OK",KAPA|KOKC,dbflag:LADD,,no
aa3fb7,N76FL,S76,HELINET AVIATION SERVICES LLC,2,CA|NV,"2023-11-08 Los Angeles,CA; 2024-03-20 Las Vegas,NV",KLAS|KVNY,dbflag:LADD,,no
aa4089,N76PW,GA6C,"MADRONE AVIATION LLC, CPG HOLDCO LLC",2,AZ|CO,"2024-03-18 Phoenix,AZ; 2024-09-11 Boulder,CO",KAPA|KSDL,dbflag:LADD,,no
aa714e,N772JS,CL30,SCHNITZER AIR LLC,2,OR|WA,"2024-05-06 Seattle,WA; 2024-10-12 Corvallis,OR",KBFI|KEUG,dbflag:LADD,,no
aa830f,N777AG,H25B,STEWARD FINANCIAL HOLDINGS INC,2,CA|UT,"2024-04-23 Salt Lake City,UT; 2025-03-04 Los Angeles,CA",KABQ|KBUR|KSLC,dbflag:LADD,Albuquerque,yes
aaa88b,N786TT,C56X,XLS GRIZ LLC,2,AZ|TX,"2024-06-06 San Antonio,TX; 2025-02-20 Phoenix,AZ",KABQ|KCOE|KDSM|KIKV|KSAT|KSDL,dbflag:LADD,Albuquerque|Des Moines|Spokane,yes
aac60d,N79339,M20P,"WETZEL MATTHEW DBA, MW PILOT SERVICES",2,AZ|TX,"2023-06-08 Grapevine,TX; 2024-10-27 Phoenix,AZ",KCGZ|KGPM,dbflag:LADD,,no
aab731,N79RP,GLF5,TRANSPORTATION HOLDINGS II LLC,2,AZ|UT,"2023-09-27 Tempe,AZ; 2025-09-10 Orem,UT",KSDL|KSLC,dbflag:LADD,,no
a950d6,N7L,G280,MALTESE JOURNEYS 280 LLC,2,NJ|TX,"2023-03-22 New Brunswick,NJ; 2023-03-26 Fort Worth,TX",KFTW|KTEB,dbflag:LADD,,no
aae280,N800GN,H25B,JAUNT JET LLC,2,CO|TX,"2025-08-23 Dallas,TX; 2025-09-10 Woodland Park,CO",KABQ|KAPA|KGKY,dbflag:LADD,Albuquerque,yes
aae72a,N801SF,LJ60,FCP AVIATION LLC,2,CO|GA,"2024-10-24 Duluth,GA; 2025-09-10 Woodland Park,CO",KAPA|KPDK,dbflag:LADD,,no
aaf5bc,N805PG,E55P,VALTI LLC,2,AZ|NJ,"2023-03-22 New Brunswick,NJ; 2025-02-17 Phoenix,AZ",KSDL|KTEB,dbflag:LADD,,no
aadfa8,N80BL,F2TH,TVPX AIRCRAFT SOLUTIONS INC TRUSTEE,2,CA|NJ,"2023-03-22 New Brunswick,NJ; 2025-05-07 San Francisco,CA",KSFO|KTEB,dbflag:LADD,,no
ab09d2,N810ET,F2TH,MILLROCK AVIATION FINANCIAL LLC,2,CA|TX,"2023-10-02 San Jose,CA; 2024-06-10 San Antonio,TX",KSAT|KSJC,dbflag:LADD,,no
ab0a88,N810N,E55P,NICHOLAS SERVICES LLC,2,DC|TX,"2024-09-11 Denton,TX; 2025-01-21 Washington,DC",KFTW|KIAD,dbflag:LADD,,no
ab1262,N812SH,C560,CAMP LOGISTICS LLC,2,AZ|CA,"2024-03-18 San Diego,CA; 2025-09-20 Glendale,AZ",KDVT|KMYF,dbflag:LADD,,no
ab1864,N814BU,GL7T,WILMINGTON TRUST CO TRUSTEE,2,CA|TX,"2025-06-12 Grapevine,TX; 2025-08-05 Rancho Palos Verdes,CA",KDAL|KSNA,dbflag:LADD,,no
ab087b,N81RA,LJ35,ROYAL AIR FREIGHT INC,2,AZ|FL,"2024-07-23 West Palm Beach,FL; 2024-10-27 Phoenix,AZ",KBCT|KSDL,government_operator_string,,no
ab4d63,N8271M,T210,BOYD DAVID R,2,AZ|CA,"2023-10-02 San Jose,CA; 2024-10-15 Flagstaff,AZ",KRHV|KSEZ,dbflag:LADD,,no
ab5c9e,N831FR,GA6C,FREEDOM 105 LLC,2,CO|DC,"2024-09-10 Boulder,CO; 2025-01-21 Washington,DC",KBJC|KIAD,dbflag:LADD,,no
ab6449,N833JB,F2TH,IMT HOLDINGS MANAGEMENT CO LLC,2,CA|MN,"2025-08-09 Rancho Palos Verdes,CA; 2025-09-21 Minneapolis,MN",KMSP|KVNY,dbflag:LADD,,no
ab56b4,N83HD,F900,HOMERLEASE CO INC,2,AZ|GA,"2024-09-03 Phoenix,AZ; 2024-10-24 Duluth,GA",KABQ|KFTY|KPHX,dbflag:LADD,Albuquerque,yes
abc2fb,N857ST,GLF4,SEMINOLE TRIBE OF FLORIDA,2,FL|NV,"2024-05-07 Las Vegas,NV; 2024-07-29 West Palm Beach,FL",KFLL|KLAS,dbflag:LADD,,no
abc556,N858CV,CL60,MAJESTIC AIR LLC,2,AZ|NJ,"2023-03-20 New Brunswick,NJ; 2023-12-15 Phoenix,AZ",KPHX|KTEB,dbflag:LADD,,no
abe1d1,N865EC,C680,"WRC TURTLE CREEK, PARAGON HOLDINGS INC, TERERRO HOLDINGS LLC",2,CO|TX,"2024-09-12 Denton,TX; 2025-09-12 Woodland Park,CO",KAPA|KDAL,dbflag:LADD,,no
ac39dc,N887WT,GLF6,QUALCOMM INCORPORATED,2,AZ|CA,"2024-05-15 San Diego,CA; 2025-09-22 Glendale,AZ",KCRQ|KIWA,dbflag:LADD,,no
ac3ce8,N888PX,GA6C,CITADEL AVIATION INVESTMENTS LLC,2,CA|TX,"2025-06-12 Grapevine,TX; 2025-08-09 Rancho Palos Verdes,CA",KBUR|KDAL,dbflag:LADD,,no
ac1c76,N88L,GL7T,TVPX AIRCRAFT SOLUTIONS INC TRUSTEE,2,CA|UT,"2025-05-07 San Francisco,CA; 2025-09-09 Orem,UT",KSFO|KSLC,dbflag:LADD,,no
ac6341,N898CC,G280,CENTENE MANAGEMENT CO LLC,2,CO|TX,"2025-06-16 Grapevine,TX; 2025-09-17 Fort Collins,CO",KBJC|KDAL,dbflag:LADD,,no
ac6343,N898CE,GLF5,CEOC LLC,2,CA|NV,"2024-03-15 Fullerton,CA; 2024-05-09 Las Vegas,NV",KLAS|KSNA,dbflag:LADD,,no
ac7473,N901S,C680,ROXIE LLC,2,AZ|NV,"2023-12-20 Phoenix,AZ; 2024-03-21 Las Vegas,NV",KLAS|KSDL,dbflag:LADD,,no
ac8609,N906FX,AT43,FEDERAL EXPRESS CORP,2,MN|NC,"2024-10-22 Chapel Hill,NC; 2025-09-23 Minneapolis,MN",KMSP|KRDU,government_operator_string,,no
acb169,N917HP,CL30,TVPX AIRCRAFT SOLUTIONS INC TRUSTEE,2,TX|WI,"2024-09-04 Madison,WI; 2025-06-12 Grapevine,TX",KDAL|KMSN,dbflag:LADD,,no
ad2b95,N948HF,C25C,VENTANA ASSOCIATES LLC,2,GA|TX,"2024-06-06 San Antonio,TX; 2024-10-20 Atlanta,GA",KPDK|KSAT,dbflag:LADD,,no
ad0beb,N94MJ,BE20,TVPX AIRCRAFT SOLUTIONS INC TRUSTEE,2,AZ|CA,"2023-12-15 Phoenix,AZ; 2025-04-30 San Diego,CA",KPHX|KSDM,dbflag:LADD,,no
ad36b4,N950X,FA7X,TP AVIATION II LLC,2,CA|TX,"2023-10-01 San Jose,CA; 2024-09-11 Denton,TX",KDAL|KSFO,dbflag:LADD,,no
ad4454,N954JJ,GLEX,SN 9103 LLC,2,AZ|TX,"2023-09-27 Tempe,AZ; 2024-09-12 Denton,TX",KFTW|KSDL,dbflag:LADD,,no
ad7a60,N968FE,C208,FEDERAL EXPRESS CORPORATION,2,CA|NV,"2023-10-03 San Jose,CA; 2024-03-21 Las Vegas,NV",KLAS|KOAK,government_operator_string,,no
ad8156,N97AK,GL5T,OCTOBER HOLDINGS LLC,2,AZ|NJ,"2023-03-22 New Brunswick,NJ; 2024-10-15 Tucson,AZ",KTEB|KTUS,dbflag:LADD,,no
0d0309,XA-AFA,BE40,,2,NV|TX,"2024-10-24 Las Vegas,NV; 2025-06-16 Grapevine,TX",KDAL|KLAS,non_us_registration,,no
0d0d61,XA-FTY,FA7X,,2,DC|NJ,"2023-03-22 New Brunswick,NJ; 2025-01-21 Washington,DC",KEWR|KIAD,dbflag:LADD|non_us_registration,,no
0d0339,XA-KCM,LJ60,,2,CA|NJ,"2023-03-20 New Brunswick,NJ; 2025-03-03 Los Angeles,CA",KLAX|KTEB,non_us_registration,,no
0d063d,XB-GTH,LJ45,,2,CA|NV,"2024-10-25 Las Vegas,NV; 2025-04-30 San Diego,CA",KCRQ|KLAS,non_us_registration,,no
