date,key,kind,city,state,entering,on_ground,tracked_fleet,milgov,foreign_civil,unregistered,tisb_artifact,pia_only,ladd_only,other
2023-03-13,20230314_davis,event,Davis,CA,959,101,0,7,0,0,0,0,14,0
2023-03-13,control_albuquerque,control,Albuquerque,NM,937,110,0,5,1,0,0,0,2,0
2023-03-13,control_chattanooga,control,Chattanooga,TN,920,0,0,0,0,0,0,0,0,0
2023-03-13,control_des_moines,control,Des Moines,IA,737,0,0,0,0,0,0,0,0,0
2023-03-13,control_shreveport,control,Shreveport,LA,548,0,0,0,0,0,0,0,0,0
2023-03-13,control_spokane,control,Spokane,WA,295,3,0,0,0,0,0,0,0,0
2023-03-13,control_syracuse,control,Syracuse,NY,563,0,0,0,0,0,0,0,0,0
2023-03-14,20230314_davis,event,Davis,CA,817,58,0,1,1,0,0,0,7,0
2023-03-14,control_albuquerque,control,Albuquerque,NM,1069,145,0,11,0,1,0,0,5,0
2023-03-14,control_chattanooga,control,Chattanooga,TN,889,0,0,0,0,0,0,0,0,0
2023-03-14,control_des_moines,control,Des Moines,IA,855,0,0,0,0,0,0,0,0,0
2023-03-14,control_shreveport,control,Shreveport,LA,507,0,0,0,0,0,0,0,0,0
2023-03-14,control_spokane,control,Spokane,WA,336,6,0,1,0,0,0,0,3,0
2023-03-14,control_syracuse,control,Syracuse,NY,482,0,0,0,0,0,0,0,0,0
2023-03-15,20230314_davis,event,Davis,CA,1254,152,0,7,0,0,0,0,13,0
2023-03-15,control_albuquerque,control,Albuquerque,NM,1144,136,0,6,0,0,0,0,6,0
2023-03-15,control_chattanooga,control,Chattanooga,TN,940,0,0,0,0,0,0,0,0,0
2023-03-15,control_des_moines,control,Des Moines,IA,798,0,0,0,0,0,0,0,0,0
2023-03-15,control_shreveport,control,Shreveport,LA,539,0,0,0,0,0,0,0,0,0
2023-03-15,control_spokane,control,Spokane,WA,353,4,0,0,0,0,0,0,2,0
2023-03-15,control_syracuse,control,Syracuse,NY,590,0,0,0,0,0,0,0,0,0
2023-03-20,20230321_baton_rouge,event,Baton Rouge,LA,793,3,0,0,0,0,0,0,0,0
2023-03-20,20230321_new_brunswick,event,New Brunswick,NJ,3045,813,0,2,8,2,3,0,67,0
2023-03-20,control_albuquerque,control,Albuquerque,NM,957,108,0,6,2,0,0,0,2,0
2023-03-20,control_chattanooga,control,Chattanooga,TN,893,0,0,0,0,0,0,0,0,0
2023-03-20,control_des_moines,control,Des Moines,IA,800,0,0,0,0,0,0,0,0,0
2023-03-20,control_shreveport,control,Shreveport,LA,488,0,0,0,0,0,0,0,0,0
2023-03-20,control_spokane,control,Spokane,WA,329,9,0,0,0,0,0,0,2,0
2023-03-20,control_syracuse,control,Syracuse,NY,679,0,0,0,0,0,0,0,0,0
2023-03-21,20230321_baton_rouge,event,Baton Rouge,LA,788,4,0,0,0,0,0,0,0,0
2023-03-21,20230321_new_brunswick,event,New Brunswick,NJ,3161,842,0,9,11,2,5,0,55,0
2023-03-21,20230322_columbus,event,Columbus,OH,1145,14,0,0,0,1,0,0,0,0
2023-03-21,control_albuquerque,control,Albuquerque,NM,860,110,0,10,0,0,0,0,8,0
2023-03-21,control_chattanooga,control,Chattanooga,TN,958,0,0,0,0,0,0,0,0,0
2023-03-21,control_des_moines,control,Des Moines,IA,815,0,0,0,0,0,0,0,0,0
2023-03-21,control_shreveport,control,Shreveport,LA,474,0,0,0,0,0,0,0,0,0
2023-03-21,control_spokane,control,Spokane,WA,354,3,0,1,0,0,0,0,1,0
2023-03-21,control_syracuse,control,Syracuse,NY,633,0,0,0,0,0,0,0,0,0
2023-03-22,20230321_baton_rouge,event,Baton Rouge,LA,736,2,0,0,0,0,0,0,1,0
2023-03-22,20230321_new_brunswick,event,New Brunswick,NJ,3131,678,0,6,13,2,6,0,51,0
2023-03-22,20230322_columbus,event,Columbus,OH,1081,5,0,0,0,0,0,0,0,0
2023-03-22,control_albuquerque,control,Albuquerque,NM,890,114,0,7,0,0,1,0,10,0
2023-03-22,control_chattanooga,control,Chattanooga,TN,951,0,0,0,0,0,0,0,0,0
2023-03-22,control_des_moines,control,Des Moines,IA,765,0,0,0,0,0,0,0,0,0
2023-03-22,control_shreveport,control,Shreveport,LA,504,0,0,0,0,0,0,0,0,0
2023-03-22,control_spokane,control,Spokane,WA,374,4,0,0,0,0,0,0,1,0
2023-03-22,control_syracuse,control,Syracuse,NY,579,0,0,0,0,0,0,0,0,0
2023-03-23,20230322_columbus,event,Columbus,OH,1101,1,0,0,0,0,0,0,1,0
2023-03-23,control_albuquerque,control,Albuquerque,NM,1127,100,0,7,0,1,0,0,2,0
2023-03-23,control_chattanooga,control,Chattanooga,TN,1196,0,0,0,0,0,0,0,0,0
2023-03-23,control_des_moines,control,Des Moines,IA,803,0,0,0,0,0,0,0,0,0
2023-03-23,control_shreveport,control,Shreveport,LA,589,0,0,0,0,0,0,0,0,0
2023-03-23,control_spokane,control,Spokane,WA,319,4,0,0,0,0,0,0,1,0
2023-03-23,control_syracuse,control,Syracuse,NY,597,0,0,0,0,0,0,0,0,0
2023-03-26,20230327_fort_worth,event,Fort Worth,TX,2317,58,0,4,0,0,0,0,12,0
2023-03-26,control_albuquerque,control,Albuquerque,NM,931,53,0,1,0,0,0,0,0,0
2023-03-26,control_chattanooga,control,Chattanooga,TN,971,0,0,0,0,0,0,0,0,0
2023-03-26,control_des_moines,control,Des Moines,IA,678,0,0,0,0,0,0,0,0,0
2023-03-26,control_shreveport,control,Shreveport,LA,486,0,0,0,0,0,0,0,0,0
2023-03-26,control_spokane,control,Spokane,WA,295,7,0,0,0,0,0,0,1,0
2023-03-26,control_syracuse,control,Syracuse,NY,587,0,0,0,0,0,0,0,0,0
2023-03-27,20230327_fort_worth,event,Fort Worth,TX,2100,34,0,7,0,0,0,0,4,0
2023-03-27,control_albuquerque,control,Albuquerque,NM,937,111,0,6,0,0,0,0,8,0
2023-03-27,control_chattanooga,control,Chattanooga,TN,929,0,0,0,0,0,0,0,0,0
2023-03-27,control_des_moines,control,Des Moines,IA,679,0,0,0,0,0,0,0,0,0
2023-03-27,control_shreveport,control,Shreveport,LA,343,0,0,0,0,0,0,0,0,0
2023-03-27,control_spokane,control,Spokane,WA,332,7,0,1,0,0,0,0,4,0
2023-03-27,control_syracuse,control,Syracuse,NY,607,0,0,0,0,0,0,0,0,0
2023-03-28,20230327_fort_worth,event,Fort Worth,TX,523,20,0,1,0,0,0,0,1,0
2023-03-28,control_albuquerque,control,Albuquerque,NM,276,37,0,3,0,0,0,0,1,0
2023-03-28,control_chattanooga,control,Chattanooga,TN,228,0,0,0,0,0,0,0,0,0
2023-03-28,control_des_moines,control,Des Moines,IA,180,0,0,0,0,0,0,0,0,0
2023-03-28,control_shreveport,control,Shreveport,LA,150,0,0,0,0,0,0,0,0,0
2023-03-28,control_spokane,control,Spokane,WA,87,0,0,0,0,0,0,0,0,0
2023-03-28,control_syracuse,control,Syracuse,NY,144,0,0,0,0,0,0,0,0,0
2023-04-01,20230402_jefferson_city,event,Jefferson City,MO,608,0,0,0,0,0,0,0,0,0
2023-04-01,control_albuquerque,control,Albuquerque,NM,1024,135,0,8,0,0,0,0,6,0
2023-04-01,control_chattanooga,control,Chattanooga,TN,880,0,0,0,0,0,0,0,0,0
2023-04-01,control_des_moines,control,Des Moines,IA,616,0,0,0,0,0,0,0,0,0
2023-04-01,control_shreveport,control,Shreveport,LA,679,0,0,0,0,0,0,0,0,0
2023-04-01,control_spokane,control,Spokane,WA,265,1,0,0,0,0,0,0,0,0
2023-04-01,control_syracuse,control,Syracuse,NY,549,0,0,0,0,0,0,0,0,0
2023-04-02,20230402_jefferson_city,event,Jefferson City,MO,404,0,0,0,0,0,0,0,0,0
2023-04-02,control_albuquerque,control,Albuquerque,NM,721,65,0,1,0,0,0,0,1,0
2023-04-02,control_chattanooga,control,Chattanooga,TN,696,0,0,0,0,0,0,0,0,0
2023-04-02,control_des_moines,control,Des Moines,IA,452,1,0,1,0,0,0,0,0,0
2023-04-02,control_shreveport,control,Shreveport,LA,477,0,0,0,0,0,0,0,0,0
2023-04-02,control_spokane,control,Spokane,WA,194,1,0,0,0,0,0,0,1,0
2023-04-02,control_syracuse,control,Syracuse,NY,416,0,0,0,0,0,0,0,0,0
2023-04-03,20230402_jefferson_city,event,Jefferson City,MO,234,0,0,0,0,0,0,0,0,0
2023-04-03,control_albuquerque,control,Albuquerque,NM,322,31,0,1,0,0,0,0,1,0
2023-04-03,control_chattanooga,control,Chattanooga,TN,288,0,0,0,0,0,0,0,0,0
2023-04-03,control_des_moines,control,Des Moines,IA,248,0,0,0,0,0,0,0,0,0
2023-04-03,control_shreveport,control,Shreveport,LA,247,0,0,0,0,0,0,0,0,0
2023-04-03,control_spokane,control,Spokane,WA,109,0,0,0,0,0,0,0,0,0
2023-04-03,control_syracuse,control,Syracuse,NY,225,0,0,0,0,0,0,0,0,0
2023-04-22,20230423_topeka,event,Topeka,KS,550,0,0,0,0,0,0,0,0,0
2023-04-22,control_albuquerque,control,Albuquerque,NM,858,126,0,3,1,0,1,0,7,0
2023-04-22,control_chattanooga,control,Chattanooga,TN,874,0,0,0,0,0,0,0,0,0
2023-04-22,control_des_moines,control,Des Moines,IA,662,2,0,0,0,0,0,0,0,0
2023-04-22,control_shreveport,control,Shreveport,LA,599,0,0,0,0,0,0,0,0,0
2023-04-22,control_spokane,control,Spokane,WA,319,8,0,0,0,0,0,0,3,0
2023-04-22,control_syracuse,control,Syracuse,NY,680,0,0,0,0,0,0,0,0,0
2023-04-23,20230423_topeka,event,Topeka,KS,527,0,0,0,0,0,0,0,0,0
2023-04-23,control_albuquerque,control,Albuquerque,NM,1005,114,0,2,0,1,0,0,8,0
2023-04-23,control_chattanooga,control,Chattanooga,TN,923,0,0,0,0,0,0,0,0,0
2023-04-23,control_des_moines,control,Des Moines,IA,750,1,0,0,0,0,0,0,0,0
2023-04-23,control_shreveport,control,Shreveport,LA,686,0,0,0,0,0,0,0,0,0
2023-04-23,control_spokane,control,Spokane,WA,303,3,0,0,0,0,0,0,0,0
2023-04-23,control_syracuse,control,Syracuse,NY,639,0,0,0,0,0,0,0,0,0
2023-04-24,20230423_topeka,event,Topeka,KS,640,0,0,0,0,0,0,0,0,0
2023-04-24,control_albuquerque,control,Albuquerque,NM,981,120,0,8,1,0,0,0,4,0
2023-04-24,control_chattanooga,control,Chattanooga,TN,934,0,0,0,0,0,0,0,0,0
2023-04-24,control_des_moines,control,Des Moines,IA,794,0,0,0,0,0,0,0,0,0
2023-04-24,control_shreveport,control,Shreveport,LA,652,0,0,0,0,0,0,0,0,0
2023-04-24,control_spokane,control,Spokane,WA,316,9,0,0,2,0,0,0,2,0
2023-04-24,control_syracuse,control,Syracuse,NY,576,0,0,0,0,0,0,0,0,0
2023-06-08,20230609_grapevine,event,Grapevine,TX,2362,743,0,6,1,2,2,0,32,0
2023-06-08,control_albuquerque,control,Albuquerque,NM,1168,159,0,17,0,0,0,0,7,0
2023-06-08,control_chattanooga,control,Chattanooga,TN,979,0,0,0,0,0,0,0,0,0
2023-06-08,control_des_moines,control,Des Moines,IA,924,0,0,0,0,0,0,0,0,0
2023-06-08,control_shreveport,control,Shreveport,LA,875,0,0,0,0,0,0,0,0,0
2023-06-08,control_spokane,control,Spokane,WA,419,9,0,0,0,0,0,0,1,0
2023-06-08,control_syracuse,control,Syracuse,NY,737,0,0,0,0,0,0,0,0,0
2023-06-09,20230609_grapevine,event,Grapevine,TX,2497,569,0,1,0,3,1,0,8,0
2023-06-09,20230610_grapevine,event,Grapevine,TX,2497,569,0,1,0,3,1,0,8,0
2023-06-09,control_albuquerque,control,Albuquerque,NM,1163,151,0,10,0,0,0,0,4,0
2023-06-09,control_chattanooga,control,Chattanooga,TN,999,0,0,0,0,0,0,0,0,0
2023-06-09,control_des_moines,control,Des Moines,IA,910,0,0,0,0,0,0,0,0,0
2023-06-09,control_shreveport,control,Shreveport,LA,883,0,0,0,0,0,0,0,0,0
2023-06-09,control_spokane,control,Spokane,WA,347,13,0,0,0,0,0,0,3,0
2023-06-09,control_syracuse,control,Syracuse,NY,714,0,0,0,0,0,0,0,0,0
2023-06-10,20230609_grapevine,event,Grapevine,TX,2006,468,0,1,1,2,0,0,2,0
2023-06-10,20230610_grapevine,event,Grapevine,TX,2006,468,0,1,1,2,0,0,2,0
2023-06-10,20230611_grapevine,event,Grapevine,TX,2006,468,0,1,1,2,0,0,2,0
2023-06-10,control_albuquerque,control,Albuquerque,NM,1133,154,0,4,1,1,0,0,8,0
2023-06-10,control_chattanooga,control,Chattanooga,TN,1013,0,0,0,0,0,0,0,0,0
2023-06-10,control_des_moines,control,Des Moines,IA,803,0,0,0,0,0,0,0,0,0
2023-06-10,control_shreveport,control,Shreveport,LA,683,0,0,0,0,0,0,0,0,0
2023-06-10,control_spokane,control,Spokane,WA,368,14,0,0,0,0,0,0,4,0
2023-06-10,control_syracuse,control,Syracuse,NY,606,0,0,0,0,0,0,0,0,0
2023-06-11,20230610_grapevine,event,Grapevine,TX,2103,451,0,0,0,0,1,0,6,0
2023-06-11,20230611_grapevine,event,Grapevine,TX,2103,451,0,0,0,0,1,0,6,0
2023-06-11,control_albuquerque,control,Albuquerque,NM,928,110,0,5,0,1,0,0,6,0
2023-06-11,control_chattanooga,control,Chattanooga,TN,1103,0,0,0,0,0,0,0,0,0
2023-06-11,control_des_moines,control,Des Moines,IA,838,1,0,0,0,0,0,0,0,0
2023-06-11,control_shreveport,control,Shreveport,LA,765,1,0,0,0,0,0,0,0,0
2023-06-11,control_spokane,control,Spokane,WA,419,10,0,0,0,0,0,0,4,0
2023-06-11,control_syracuse,control,Syracuse,NY,679,0,0,0,0,0,0,0,0,0
2023-06-12,20230611_grapevine,event,Grapevine,TX,1852,548,0,1,0,3,1,0,7,0
2023-06-12,control_albuquerque,control,Albuquerque,NM,970,132,0,15,0,0,0,0,12,0
2023-06-12,control_chattanooga,control,Chattanooga,TN,881,0,0,0,0,0,0,0,0,0
2023-06-12,control_des_moines,control,Des Moines,IA,841,0,0,0,0,0,0,0,0,0
2023-06-12,control_shreveport,control,Shreveport,LA,1020,0,0,0,0,0,0,0,0,0
2023-06-12,control_spokane,control,Spokane,WA,451,15,0,0,1,0,0,0,3,0
2023-06-12,control_syracuse,control,Syracuse,NY,684,0,0,0,0,0,0,0,0,0
2023-06-16,20230617_deerfield,event,Deerfield,IL,2458,133,0,0,0,1,1,0,5,0
2023-06-16,control_albuquerque,control,Albuquerque,NM,1032,141,0,13,0,2,0,0,6,0
2023-06-16,control_chattanooga,control,Chattanooga,TN,1064,0,0,0,0,0,0,0,0,0
2023-06-16,control_des_moines,control,Des Moines,IA,870,0,0,0,0,0,0,0,0,0
2023-06-16,control_shreveport,control,Shreveport,LA,932,0,0,0,0,0,0,0,0,0
2023-06-16,control_spokane,control,Spokane,WA,505,18,0,0,1,0,0,0,4,0
2023-06-16,control_syracuse,control,Syracuse,NY,796,0,0,0,0,0,0,0,0,0
2023-06-17,20230617_deerfield,event,Deerfield,IL,2380,300,0,0,0,1,7,0,12,0
2023-06-17,20230618_deerfield,event,Deerfield,IL,2380,300,0,0,0,1,7,0,12,0
2023-06-17,control_albuquerque,control,Albuquerque,NM,1123,119,0,6,0,0,0,0,3,0
2023-06-17,control_chattanooga,control,Chattanooga,TN,950,0,0,0,0,0,0,0,0,0
2023-06-17,control_des_moines,control,Des Moines,IA,632,0,0,0,0,0,0,0,0,0
2023-06-17,control_shreveport,control,Shreveport,LA,665,0,0,0,0,0,0,0,0,0
2023-06-17,control_spokane,control,Spokane,WA,440,20,0,0,0,0,0,0,3,0
2023-06-17,control_syracuse,control,Syracuse,NY,599,0,0,0,0,0,0,0,0,0
2023-06-20,20230619_deerfield,event,Deerfield,IL,2421,144,0,0,0,1,0,0,6,0
2023-06-20,control_albuquerque,control,Albuquerque,NM,901,120,0,10,0,1,0,0,1,0
2023-06-20,control_chattanooga,control,Chattanooga,TN,856,0,0,0,0,0,0,0,0,0
2023-06-20,control_des_moines,control,Des Moines,IA,928,0,0,0,0,0,0,0,0,0
2023-06-20,control_shreveport,control,Shreveport,LA,774,0,0,0,0,0,0,0,0,0
2023-06-20,control_spokane,control,Spokane,WA,410,7,0,0,0,0,0,0,1,0
2023-06-20,control_syracuse,control,Syracuse,NY,704,0,0,0,0,0,0,0,0,0
2023-07-11,20230712_west_palm_beach,event,West Palm Beach,FL,804,0,0,0,0,0,0,0,0,0
2023-07-11,control_albuquerque,control,Albuquerque,NM,969,131,0,11,0,0,0,0,7,0
2023-07-11,control_chattanooga,control,Chattanooga,TN,949,0,0,0,0,0,0,0,0,0
2023-07-11,control_des_moines,control,Des Moines,IA,982,0,0,0,0,0,0,0,0,0
2023-07-11,control_shreveport,control,Shreveport,LA,719,0,0,0,0,0,0,0,0,0
2023-07-11,control_spokane,control,Spokane,WA,476,26,0,0,1,0,0,0,4,0
2023-07-11,control_syracuse,control,Syracuse,NY,793,1,0,0,0,0,0,0,0,0
2023-07-12,20230712_west_palm_beach,event,West Palm Beach,FL,784,0,0,0,0,0,0,0,0,0
2023-07-12,20230713_west_palm_beach,event,West Palm Beach,FL,784,0,0,0,0,0,0,0,0,0
2023-07-12,control_albuquerque,control,Albuquerque,NM,1017,133,0,11,0,0,0,0,5,0
2023-07-12,control_chattanooga,control,Chattanooga,TN,962,0,0,0,0,0,0,0,0,0
2023-07-12,control_des_moines,control,Des Moines,IA,529,0,0,0,0,0,0,0,0,0
2023-07-12,control_shreveport,control,Shreveport,LA,689,0,0,0,0,0,0,0,0,0
2023-07-12,control_spokane,control,Spokane,WA,502,17,0,1,0,0,0,0,6,0
2023-07-12,control_syracuse,control,Syracuse,NY,833,0,0,0,0,0,0,0,0,0
2023-07-13,20230712_west_palm_beach,event,West Palm Beach,FL,843,0,0,0,0,0,0,0,0,0
2023-07-13,20230713_west_palm_beach,event,West Palm Beach,FL,843,0,0,0,0,0,0,0,0,0
2023-07-13,20230714_west_palm_beach,event,West Palm Beach,FL,843,0,0,0,0,0,0,0,0,0
2023-07-13,control_albuquerque,control,Albuquerque,NM,989,160,0,15,0,0,0,0,6,0
2023-07-13,control_chattanooga,control,Chattanooga,TN,1105,0,0,0,0,0,0,0,0,0
2023-07-13,control_des_moines,control,Des Moines,IA,877,0,0,0,0,0,0,0,0,0
2023-07-13,control_shreveport,control,Shreveport,LA,854,0,0,0,0,0,0,0,0,0
2023-07-13,control_spokane,control,Spokane,WA,551,27,0,1,0,1,0,0,7,0
2023-07-13,control_syracuse,control,Syracuse,NY,644,0,0,0,0,0,0,0,0,0
2023-07-14,20230713_west_palm_beach,event,West Palm Beach,FL,857,0,0,0,0,0,0,0,0,0
2023-07-14,20230714_west_palm_beach,event,West Palm Beach,FL,857,0,0,0,0,0,0,0,0,0
2023-07-14,20230715_west_palm_beach,event,West Palm Beach,FL,857,0,0,0,0,0,0,0,0,0
2023-07-14,control_albuquerque,control,Albuquerque,NM,949,139,0,8,0,0,0,0,9,0
2023-07-14,control_chattanooga,control,Chattanooga,TN,1089,0,0,0,0,0,0,0,0,0
2023-07-14,control_des_moines,control,Des Moines,IA,822,1,0,0,0,0,0,0,0,0
2023-07-14,control_shreveport,control,Shreveport,LA,992,0,0,0,0,0,0,0,0,0
2023-07-14,control_spokane,control,Spokane,WA,526,20,0,1,0,0,0,0,6,0
2023-07-14,control_syracuse,control,Syracuse,NY,898,0,0,0,0,0,0,0,0,0
2023-07-15,20230714_west_palm_beach,event,West Palm Beach,FL,889,1,0,0,0,0,0,0,0,0
2023-07-15,20230715_west_palm_beach,event,West Palm Beach,FL,889,1,0,0,0,0,0,0,0,0
2023-07-15,20230716_west_palm_beach,event,West Palm Beach,FL,889,1,0,0,0,0,0,0,0,0
2023-07-15,control_albuquerque,control,Albuquerque,NM,896,135,0,6,0,1,0,0,5,0
2023-07-15,control_chattanooga,control,Chattanooga,TN,1007,0,0,0,0,0,0,0,0,0
2023-07-15,control_des_moines,control,Des Moines,IA,775,0,0,0,0,0,0,0,0,0
2023-07-15,control_shreveport,control,Shreveport,LA,884,0,0,0,0,0,0,0,0,0
2023-07-15,control_spokane,control,Spokane,WA,477,20,0,0,0,0,0,0,2,0
2023-07-15,control_syracuse,control,Syracuse,NY,878,0,0,0,0,0,0,0,0,0
2023-07-16,20230715_west_palm_beach,event,West Palm Beach,FL,741,0,0,0,0,0,0,0,0,0
2023-07-16,20230716_west_palm_beach,event,West Palm Beach,FL,741,0,0,0,0,0,0,0,0,0
2023-07-16,control_albuquerque,control,Albuquerque,NM,798,111,0,2,1,0,0,0,7,0
2023-07-16,control_chattanooga,control,Chattanooga,TN,922,0,0,0,0,0,0,0,0,0
2023-07-16,control_des_moines,control,Des Moines,IA,846,0,0,0,0,0,0,0,0,0
2023-07-16,control_shreveport,control,Shreveport,LA,617,0,0,0,0,0,0,0,0,0
2023-07-16,control_spokane,control,Spokane,WA,456,26,0,0,2,0,0,0,9,0
2023-07-16,control_syracuse,control,Syracuse,NY,855,0,0,0,0,0,0,0,0,0
2023-07-17,20230716_west_palm_beach,event,West Palm Beach,FL,885,0,0,0,0,0,0,0,0,0
2023-07-17,control_albuquerque,control,Albuquerque,NM,855,131,0,7,1,0,0,0,4,0
2023-07-17,control_chattanooga,control,Chattanooga,TN,957,0,0,0,0,0,0,0,0,0
2023-07-17,control_des_moines,control,Des Moines,IA,901,0,0,0,0,0,0,0,0,0
2023-07-17,control_shreveport,control,Shreveport,LA,767,0,0,0,0,0,0,0,0,0
2023-07-17,control_spokane,control,Spokane,WA,487,17,0,0,0,1,0,0,5,0
2023-07-17,control_syracuse,control,Syracuse,NY,832,0,0,0,0,0,0,0,0,0
2023-08-24,20230825_lincoln,event,Lincoln,NE,892,13,0,5,0,0,0,0,0,0
2023-08-24,control_albuquerque,control,Albuquerque,NM,1000,115,0,9,0,0,0,0,3,0
2023-08-24,control_chattanooga,control,Chattanooga,TN,1083,0,0,0,0,0,0,0,0,0
2023-08-24,control_des_moines,control,Des Moines,IA,809,2,0,0,0,0,0,0,0,0
2023-08-24,control_shreveport,control,Shreveport,LA,885,1,0,0,0,0,0,0,0,0
2023-08-24,control_spokane,control,Spokane,WA,496,14,0,0,0,0,0,0,6,0
2023-08-24,control_syracuse,control,Syracuse,NY,842,0,0,0,0,0,0,0,0,0
2023-08-25,20230825_lincoln,event,Lincoln,NE,863,16,0,7,0,0,0,0,1,0
2023-08-25,control_albuquerque,control,Albuquerque,NM,1061,141,0,15,0,0,0,0,6,0
2023-08-25,control_chattanooga,control,Chattanooga,TN,1000,0,0,0,0,0,0,0,0,0
2023-08-25,control_des_moines,control,Des Moines,IA,803,0,0,0,0,0,0,0,0,0
2023-08-25,control_shreveport,control,Shreveport,LA,862,0,0,0,0,0,0,0,0,0
2023-08-25,control_spokane,control,Spokane,WA,506,24,0,0,0,0,0,0,9,0
2023-08-25,control_syracuse,control,Syracuse,NY,831,0,0,0,0,0,0,0,0,0
2023-08-26,20230825_lincoln,event,Lincoln,NE,815,4,0,0,0,0,0,0,1,0
2023-08-26,control_albuquerque,control,Albuquerque,NM,866,132,1,7,0,0,0,0,3,0
2023-08-26,control_chattanooga,control,Chattanooga,TN,945,0,0,0,0,0,0,0,0,0
2023-08-26,control_des_moines,control,Des Moines,IA,891,0,0,0,0,0,0,0,0,0
2023-08-26,control_shreveport,control,Shreveport,LA,761,1,0,0,0,0,0,0,1,0
2023-08-26,control_spokane,control,Spokane,WA,499,17,0,0,0,0,0,0,2,0
2023-08-26,control_syracuse,control,Syracuse,NY,725,0,0,0,0,0,0,0,0,0
2023-09-12,20230913_san_diego,event,San Diego,CA,1658,192,0,17,0,5,0,0,21,0
2023-09-12,control_albuquerque,control,Albuquerque,NM,818,114,0,7,0,0,0,0,7,0
2023-09-12,control_chattanooga,control,Chattanooga,TN,947,1,0,0,0,0,0,0,0,0
2023-09-12,control_des_moines,control,Des Moines,IA,959,0,0,0,0,0,0,0,0,0
2023-09-12,control_shreveport,control,Shreveport,LA,905,1,0,0,0,0,0,0,0,0
2023-09-12,control_spokane,control,Spokane,WA,480,16,0,1,0,0,0,0,2,0
2023-09-12,control_syracuse,control,Syracuse,NY,781,0,0,0,0,0,0,0,0,0
2023-09-13,20230913_san_diego,event,San Diego,CA,1730,203,0,19,0,8,0,0,23,0
2023-09-13,20230914_san_diego,event,San Diego,CA,1730,203,0,19,0,8,0,0,23,0
2023-09-13,control_albuquerque,control,Albuquerque,NM,860,124,0,9,0,1,0,0,7,0
2023-09-13,control_chattanooga,control,Chattanooga,TN,953,0,0,0,0,0,0,0,0,0
2023-09-13,control_des_moines,control,Des Moines,IA,876,0,0,0,0,0,0,0,0,0
2023-09-13,control_shreveport,control,Shreveport,LA,694,0,0,0,0,0,0,0,0,0
2023-09-13,control_spokane,control,Spokane,WA,496,17,0,0,0,0,0,0,2,0
2023-09-13,control_syracuse,control,Syracuse,NY,733,0,0,0,0,0,0,0,0,0
2023-09-14,20230913_san_diego,event,San Diego,CA,1748,220,1,9,0,6,1,0,21,0
2023-09-14,20230914_san_diego,event,San Diego,CA,1748,220,1,9,0,6,1,0,21,0
2023-09-14,20230915_san_diego,event,San Diego,CA,1748,220,1,9,0,6,1,0,21,0
2023-09-14,control_albuquerque,control,Albuquerque,NM,1102,124,0,9,0,1,0,0,5,0
2023-09-14,control_chattanooga,control,Chattanooga,TN,1042,0,0,0,0,0,0,0,0,0
2023-09-14,control_des_moines,control,Des Moines,IA,1001,0,0,0,0,0,0,0,0,0
2023-09-14,control_shreveport,control,Shreveport,LA,815,0,0,0,0,0,0,0,0,0
2023-09-14,control_spokane,control,Spokane,WA,486,17,0,0,0,0,0,0,5,0
2023-09-14,control_syracuse,control,Syracuse,NY,851,0,0,0,0,0,0,0,0,0
2023-09-15,20230914_san_diego,event,San Diego,CA,1557,249,0,21,0,7,2,0,17,0
2023-09-15,20230915_san_diego,event,San Diego,CA,1557,249,0,21,0,7,2,0,17,0
2023-09-15,control_albuquerque,control,Albuquerque,NM,1072,137,0,15,0,0,0,0,4,0
2023-09-15,control_chattanooga,control,Chattanooga,TN,1025,0,0,0,0,0,0,0,0,0
2023-09-15,control_des_moines,control,Des Moines,IA,922,0,0,0,0,0,0,0,0,0
2023-09-15,control_shreveport,control,Shreveport,LA,924,1,0,0,0,0,0,0,0,0
2023-09-15,control_spokane,control,Spokane,WA,476,19,0,0,0,0,0,0,2,0
2023-09-15,control_syracuse,control,Syracuse,NY,882,0,0,0,0,0,0,0,0,0
2023-09-16,20230915_san_diego,event,San Diego,CA,999,170,0,5,0,2,1,0,11,0
2023-09-16,control_albuquerque,control,Albuquerque,NM,912,122,0,4,0,0,0,0,4,0
2023-09-16,control_chattanooga,control,Chattanooga,TN,760,0,0,0,0,0,0,0,0,0
2023-09-16,control_des_moines,control,Des Moines,IA,831,0,0,0,0,0,0,0,0,0
2023-09-16,control_shreveport,control,Shreveport,LA,849,0,0,0,0,0,0,0,0,0
2023-09-16,control_spokane,control,Spokane,WA,462,17,0,0,0,0,0,0,0,0
2023-09-16,control_syracuse,control,Syracuse,NY,653,0,0,0,0,0,0,0,0,0
2023-09-20,20230919_flagstaff,event,Flagstaff,AZ,812,0,0,0,0,0,0,0,0,0
2023-09-20,control_albuquerque,control,Albuquerque,NM,905,148,0,13,0,1,0,0,7,0
2023-09-20,control_chattanooga,control,Chattanooga,TN,993,0,0,0,0,0,0,0,0,0
2023-09-20,control_des_moines,control,Des Moines,IA,834,0,0,0,0,0,0,0,0,0
2023-09-20,control_shreveport,control,Shreveport,LA,1040,0,0,0,0,0,0,0,0,0
2023-09-20,control_spokane,control,Spokane,WA,431,14,0,0,2,0,0,0,2,0
2023-09-20,control_syracuse,control,Syracuse,NY,822,1,0,0,0,0,0,0,0,0
2023-09-26,20230927_tempe,event,Tempe,AZ,1801,330,0,2,3,1,5,0,24,0
2023-09-26,control_albuquerque,control,Albuquerque,NM,1086,136,0,8,0,0,0,0,7,0
2023-09-26,control_chattanooga,control,Chattanooga,TN,925,0,0,0,0,0,0,0,0,0
2023-09-26,control_des_moines,control,Des Moines,IA,804,0,0,0,0,0,0,0,0,0
2023-09-26,control_shreveport,control,Shreveport,LA,868,0,0,0,0,0,0,0,0,0
2023-09-26,control_spokane,control,Spokane,WA,428,11,0,0,1,0,0,0,3,0
2023-09-26,control_syracuse,control,Syracuse,NY,773,0,0,0,0,0,0,0,0,0
2023-09-27,20230927_tempe,event,Tempe,AZ,1857,376,0,4,3,4,4,0,31,0
2023-09-27,control_albuquerque,control,Albuquerque,NM,1068,140,0,11,0,0,0,0,5,0
2023-09-27,control_chattanooga,control,Chattanooga,TN,1104,0,0,0,0,0,0,0,0,0
2023-09-27,control_des_moines,control,Des Moines,IA,895,4,0,0,0,0,0,0,0,0
2023-09-27,control_shreveport,control,Shreveport,LA,904,0,0,0,0,0,0,0,0,0
2023-09-27,control_spokane,control,Spokane,WA,374,10,0,0,1,0,0,0,2,0
2023-09-27,control_syracuse,control,Syracuse,NY,760,1,0,0,0,0,0,0,0,0
2023-09-28,20230927_tempe,event,Tempe,AZ,1345,237,2,1,4,1,4,0,31,0
2023-09-28,control_albuquerque,control,Albuquerque,NM,1059,141,0,7,0,0,0,0,9,0
2023-09-28,control_chattanooga,control,Chattanooga,TN,1126,0,0,0,0,0,0,0,0,0
2023-09-28,control_des_moines,control,Des Moines,IA,979,13,0,1,0,0,0,0,0,0
2023-09-28,control_shreveport,control,Shreveport,LA,921,0,0,0,0,0,0,0,0,0
2023-09-28,control_spokane,control,Spokane,WA,451,19,0,1,1,0,0,0,5,0
2023-09-28,control_syracuse,control,Syracuse,NY,826,0,0,0,0,0,0,0,0,0
2023-10-01,20231002_san_jose,event,San Jose,CA,2161,1113,0,3,6,4,3,0,72,0
2023-10-01,control_albuquerque,control,Albuquerque,NM,925,103,0,1,0,1,0,0,8,0
2023-10-01,control_chattanooga,control,Chattanooga,TN,1008,1,0,0,0,0,0,0,0,0
2023-10-01,control_des_moines,control,Des Moines,IA,942,7,0,0,0,0,0,0,1,0
2023-10-01,control_shreveport,control,Shreveport,LA,806,0,0,0,0,0,0,0,0,0
2023-10-01,control_spokane,control,Spokane,WA,423,13,0,0,2,0,0,0,2,0
2023-10-01,control_syracuse,control,Syracuse,NY,831,2,0,0,0,0,0,0,0,0
2023-10-02,20231002_san_jose,event,San Jose,CA,1943,1050,0,4,5,3,0,0,65,0
2023-10-02,control_albuquerque,control,Albuquerque,NM,922,117,0,2,0,0,0,0,8,0
2023-10-02,control_chattanooga,control,Chattanooga,TN,925,0,0,0,0,0,0,0,0,0
2023-10-02,control_des_moines,control,Des Moines,IA,961,3,0,0,0,0,0,0,0,0
2023-10-02,control_shreveport,control,Shreveport,LA,823,1,0,0,0,0,0,0,0,0
2023-10-02,control_spokane,control,Spokane,WA,418,15,0,0,0,0,0,0,7,0
2023-10-02,control_syracuse,control,Syracuse,NY,758,1,0,0,0,0,0,0,0,0
2023-10-03,20231002_san_jose,event,San Jose,CA,1929,1054,0,11,2,7,2,0,68,0
2023-10-03,control_albuquerque,control,Albuquerque,NM,996,141,0,11,0,0,0,0,6,0
2023-10-03,control_chattanooga,control,Chattanooga,TN,923,0,0,0,0,0,0,0,0,0
2023-10-03,control_des_moines,control,Des Moines,IA,893,4,0,0,0,0,0,0,0,0
2023-10-03,control_shreveport,control,Shreveport,LA,930,0,0,0,0,0,0,0,0,0
2023-10-03,control_spokane,control,Spokane,WA,405,11,0,0,0,0,0,0,6,0
2023-10-03,control_syracuse,control,Syracuse,NY,811,0,0,0,0,0,0,0,0,0
2023-10-09,20231010_orlando,event,Orlando,FL,2248,56,0,0,0,0,0,0,6,0
2023-10-09,control_albuquerque,control,Albuquerque,NM,1033,140,0,3,0,0,0,0,5,0
2023-10-09,control_chattanooga,control,Chattanooga,TN,1043,0,0,0,0,0,0,0,0,0
2023-10-09,control_des_moines,control,Des Moines,IA,947,21,0,0,0,0,0,0,0,0
2023-10-09,control_shreveport,control,Shreveport,LA,895,0,0,0,0,0,0,0,0,0
2023-10-09,control_spokane,control,Spokane,WA,425,17,0,0,0,0,0,0,4,0
2023-10-09,control_syracuse,control,Syracuse,NY,715,0,0,0,0,0,0,0,0,0
2023-10-10,20231010_orlando,event,Orlando,FL,2145,51,0,0,0,0,1,0,4,0
2023-10-10,control_albuquerque,control,Albuquerque,NM,1089,150,0,8,0,0,0,0,11,0
2023-10-10,control_chattanooga,control,Chattanooga,TN,1030,1,0,0,0,0,0,0,1,0
2023-10-10,control_des_moines,control,Des Moines,IA,994,23,0,1,0,0,0,0,0,0
2023-10-10,control_shreveport,control,Shreveport,LA,930,1,0,0,0,0,0,0,0,0
2023-10-10,control_spokane,control,Spokane,WA,405,12,0,0,0,0,0,0,3,0
2023-10-10,control_syracuse,control,Syracuse,NY,747,1,0,0,0,0,0,0,0,0
2023-10-11,20231010_orlando,event,Orlando,FL,2112,54,0,0,0,0,0,0,7,0
2023-10-11,20231012_atlanta,event,Atlanta,GA,1947,2,0,0,0,0,0,0,1,0
2023-10-11,control_albuquerque,control,Albuquerque,NM,1129,149,0,12,0,0,0,0,5,0
2023-10-11,control_chattanooga,control,Chattanooga,TN,1135,1,0,0,0,0,0,0,0,0
2023-10-11,control_des_moines,control,Des Moines,IA,940,16,0,1,0,0,0,0,0,0
2023-10-11,control_shreveport,control,Shreveport,LA,962,0,0,0,0,0,0,0,0,0
2023-10-11,control_spokane,control,Spokane,WA,404,12,0,0,0,0,0,0,6,0
2023-10-11,control_syracuse,control,Syracuse,NY,767,0,0,0,0,0,0,0,0,0
2023-10-12,20231012_atlanta,event,Atlanta,GA,1876,59,0,0,0,3,0,0,0,0
2023-10-12,control_albuquerque,control,Albuquerque,NM,1151,144,0,13,0,0,0,0,7,0
2023-10-12,control_chattanooga,control,Chattanooga,TN,1186,0,0,0,0,0,0,0,0,0
2023-10-12,control_des_moines,control,Des Moines,IA,619,21,0,1,0,1,0,0,1,0
2023-10-12,control_shreveport,control,Shreveport,LA,985,0,0,0,0,0,0,0,0,0
2023-10-12,control_spokane,control,Spokane,WA,422,17,0,0,0,0,0,0,5,0
2023-10-12,control_syracuse,control,Syracuse,NY,810,0,0,0,0,0,0,0,0,0
2023-10-13,20231012_atlanta,event,Atlanta,GA,1837,64,0,0,0,0,0,0,0,0
2023-10-13,control_albuquerque,control,Albuquerque,NM,1340,176,0,19,1,0,0,0,7,0
2023-10-13,control_chattanooga,control,Chattanooga,TN,1207,1,0,0,0,0,0,0,0,0
2023-10-13,control_des_moines,control,Des Moines,IA,663,15,0,0,0,0,0,0,0,0
2023-10-13,control_shreveport,control,Shreveport,LA,981,1,0,0,0,0,0,0,0,0
2023-10-13,control_spokane,control,Spokane,WA,458,19,0,0,1,0,0,0,4,0
2023-10-13,control_syracuse,control,Syracuse,NY,801,0,0,0,0,0,0,0,0,0
2023-10-17,20231018_san_antonio,event,San Antonio,TX,801,50,0,2,0,0,1,0,2,0
2023-10-17,control_albuquerque,control,Albuquerque,NM,1159,169,0,14,0,0,0,0,9,0
2023-10-17,control_chattanooga,control,Chattanooga,TN,1008,0,0,0,0,0,0,0,0,0
2023-10-17,control_des_moines,control,Des Moines,IA,873,20,0,0,0,0,0,0,1,0
2023-10-17,control_shreveport,control,Shreveport,LA,902,0,0,0,0,0,0,0,0,0
2023-10-17,control_spokane,control,Spokane,WA,410,10,0,1,0,0,0,0,1,0
2023-10-17,control_syracuse,control,Syracuse,NY,682,0,0,0,0,0,0,0,0,0
2023-10-19,20231018_san_antonio,event,San Antonio,TX,898,46,0,1,1,0,0,0,3,0
2023-10-19,20231019_springfield,event,Springfield,MO,802,1,0,0,0,0,0,0,0,0
2023-10-19,control_albuquerque,control,Albuquerque,NM,1214,169,0,18,1,0,0,0,5,0
2023-10-19,control_chattanooga,control,Chattanooga,TN,1085,0,0,0,0,0,0,0,0,0
2023-10-19,control_des_moines,control,Des Moines,IA,916,7,0,0,0,0,0,0,0,0
2023-10-19,control_shreveport,control,Shreveport,LA,973,1,0,0,0,0,0,0,0,0
2023-10-19,control_spokane,control,Spokane,WA,448,13,0,0,0,0,0,0,4,0
2023-10-19,control_syracuse,control,Syracuse,NY,775,0,0,0,0,0,0,0,0,0
2023-10-20,20231019_springfield,event,Springfield,MO,820,1,0,0,0,0,0,0,0,0
2023-10-20,control_albuquerque,control,Albuquerque,NM,1231,169,0,12,2,0,0,0,8,0
2023-10-20,control_chattanooga,control,Chattanooga,TN,1143,0,0,0,0,0,0,0,0,0
2023-10-20,control_des_moines,control,Des Moines,IA,973,29,0,1,1,0,0,0,1,0
2023-10-20,control_shreveport,control,Shreveport,LA,959,5,0,0,0,0,0,0,1,0
2023-10-20,control_spokane,control,Spokane,WA,432,14,0,0,0,0,0,0,4,0
2023-10-20,control_syracuse,control,Syracuse,NY,756,1,0,0,0,0,0,0,0,0
2023-10-24,20231025_buffalo,event,Buffalo,NY,904,0,0,0,0,0,0,0,0,0
2023-10-24,control_albuquerque,control,Albuquerque,NM,987,132,0,9,0,0,0,0,6,0
2023-10-24,control_chattanooga,control,Chattanooga,TN,1083,0,0,0,0,0,0,0,0,0
2023-10-24,control_des_moines,control,Des Moines,IA,1014,4,0,0,0,0,0,0,0,0
2023-10-24,control_shreveport,control,Shreveport,LA,903,0,0,0,0,0,0,0,0,0
2023-10-24,control_spokane,control,Spokane,WA,403,11,0,1,0,0,0,0,1,0
2023-10-24,control_syracuse,control,Syracuse,NY,730,1,0,0,0,0,0,0,0,0
2023-10-25,20231025_buffalo,event,Buffalo,NY,965,0,0,0,0,0,0,0,0,0
2023-10-25,control_albuquerque,control,Albuquerque,NM,1010,140,0,10,0,0,0,0,10,0
2023-10-25,control_chattanooga,control,Chattanooga,TN,1166,0,0,0,0,0,0,0,0,0
2023-10-25,control_des_moines,control,Des Moines,IA,990,6,0,0,0,0,0,0,0,0
2023-10-25,control_shreveport,control,Shreveport,LA,948,0,0,0,0,0,0,0,0,0
2023-10-25,control_spokane,control,Spokane,WA,335,5,0,0,1,0,0,0,2,0
2023-10-25,control_syracuse,control,Syracuse,NY,729,0,0,0,0,0,0,0,0,0
2023-10-26,20231025_buffalo,event,Buffalo,NY,937,0,0,0,0,0,0,0,0,0
2023-10-26,control_albuquerque,control,Albuquerque,NM,1091,143,0,14,0,0,0,0,7,0
2023-10-26,control_chattanooga,control,Chattanooga,TN,1169,0,0,0,0,0,0,0,0,0
2023-10-26,control_des_moines,control,Des Moines,IA,809,8,0,0,0,0,0,0,0,0
2023-10-26,control_shreveport,control,Shreveport,LA,922,0,0,0,0,0,0,0,0,0
2023-10-26,control_spokane,control,Spokane,WA,380,10,0,0,0,0,0,0,3,0
2023-10-26,control_syracuse,control,Syracuse,NY,770,0,0,0,0,0,0,0,0,0
2023-11-08,20231109_los_angeles,event,Los Angeles,CA,3217,728,0,26,2,1,78,0,29,0
2023-11-08,control_albuquerque,control,Albuquerque,NM,1091,134,0,14,0,0,1,0,9,0
2023-11-08,control_chattanooga,control,Chattanooga,TN,1145,0,0,0,0,0,0,0,0,0
2023-11-08,control_des_moines,control,Des Moines,IA,779,0,0,0,0,0,0,0,0,0
2023-11-08,control_shreveport,control,Shreveport,LA,926,0,0,0,0,0,0,0,0,0
2023-11-08,control_spokane,control,Spokane,WA,348,0,0,0,0,0,0,0,0,0
2023-11-08,control_syracuse,control,Syracuse,NY,704,0,0,0,0,0,0,0,0,0
2023-11-09,20231109_los_angeles,event,Los Angeles,CA,3245,829,0,21,2,1,57,0,43,0
2023-11-09,control_albuquerque,control,Albuquerque,NM,1134,127,0,10,0,0,0,0,7,0
2023-11-09,control_chattanooga,control,Chattanooga,TN,1196,0,0,0,0,0,0,0,0,0
2023-11-09,control_des_moines,control,Des Moines,IA,845,0,0,0,0,0,0,0,0,0
2023-11-09,control_shreveport,control,Shreveport,LA,914,0,0,0,0,0,0,0,0,0
2023-11-09,control_spokane,control,Spokane,WA,372,0,0,0,0,0,0,0,0,0
2023-11-09,control_syracuse,control,Syracuse,NY,661,0,0,0,0,0,0,0,0,0
2023-11-10,20231109_los_angeles,event,Los Angeles,CA,3698,996,0,20,2,1,81,0,52,0
2023-11-10,control_albuquerque,control,Albuquerque,NM,1010,116,0,6,0,0,0,0,6,0
2023-11-10,control_chattanooga,control,Chattanooga,TN,1069,0,0,0,0,0,0,0,0,0
2023-11-10,control_des_moines,control,Des Moines,IA,893,0,0,0,0,0,0,0,0,0
2023-11-10,control_shreveport,control,Shreveport,LA,905,0,0,0,0,0,0,0,0,0
2023-11-10,control_spokane,control,Spokane,WA,369,0,0,0,0,0,0,0,0,0
2023-11-10,control_syracuse,control,Syracuse,NY,697,0,0,0,0,0,0,0,0,0
2023-12-15,20231216_phoenix,event,Phoenix,AZ,2372,1063,0,12,7,4,10,0,83,0
2023-12-15,control_albuquerque,control,Albuquerque,NM,1066,150,0,13,1,1,0,0,10,0
2023-12-15,control_chattanooga,control,Chattanooga,TN,1136,0,0,0,0,0,0,0,0,0
2023-12-15,control_des_moines,control,Des Moines,IA,955,0,0,0,0,0,0,0,0,0
2023-12-15,control_shreveport,control,Shreveport,LA,960,0,0,0,0,0,0,0,0,0
2023-12-15,control_spokane,control,Spokane,WA,362,0,0,0,0,0,0,0,0,0
2023-12-15,control_syracuse,control,Syracuse,NY,721,2,0,0,0,0,0,0,0,0
2023-12-16,20231216_phoenix,event,Phoenix,AZ,1964,1007,1,11,9,3,2,0,58,0
2023-12-16,20231217_phoenix,event,Phoenix,AZ,1964,1007,1,11,9,3,2,0,58,0
2023-12-16,control_albuquerque,control,Albuquerque,NM,971,121,0,9,0,0,0,0,4,0
2023-12-16,control_chattanooga,control,Chattanooga,TN,942,0,0,0,0,0,0,0,0,0
2023-12-16,control_des_moines,control,Des Moines,IA,712,0,0,0,0,0,0,0,0,0
2023-12-16,control_shreveport,control,Shreveport,LA,757,1,0,0,0,0,0,0,0,0
2023-12-16,control_spokane,control,Spokane,WA,307,0,0,0,0,0,0,0,0,0
2023-12-16,control_syracuse,control,Syracuse,NY,683,1,0,0,0,0,0,0,0,0
2023-12-17,20231216_phoenix,event,Phoenix,AZ,1908,951,1,5,9,4,11,0,62,0
2023-12-17,20231217_phoenix,event,Phoenix,AZ,1908,951,1,5,9,4,11,0,62,0
2023-12-17,20231218_phoenix,event,Phoenix,AZ,1908,951,1,5,9,4,11,0,62,0
2023-12-17,control_albuquerque,control,Albuquerque,NM,938,102,0,4,0,0,0,0,5,0
2023-12-17,control_chattanooga,control,Chattanooga,TN,826,0,0,0,0,0,0,0,0,0
2023-12-17,control_des_moines,control,Des Moines,IA,721,0,0,0,0,0,0,0,0,0
2023-12-17,control_shreveport,control,Shreveport,LA,820,0,0,0,0,0,0,0,0,0
2023-12-17,control_spokane,control,Spokane,WA,281,0,0,0,0,0,0,0,0,0
2023-12-17,control_syracuse,control,Syracuse,NY,598,0,0,0,0,0,0,0,0,0
2023-12-18,20231217_phoenix,event,Phoenix,AZ,79,40,0,1,0,0,1,0,1,0
2023-12-18,20231218_phoenix,event,Phoenix,AZ,79,40,0,1,0,0,1,0,1,0
2023-12-18,20231219_phoenix,event,Phoenix,AZ,79,40,0,1,0,0,1,0,1,0
2023-12-18,control_albuquerque,control,Albuquerque,NM,31,2,0,1,0,0,0,0,0,0
2023-12-18,control_chattanooga,control,Chattanooga,TN,36,0,0,0,0,0,0,0,0,0
2023-12-18,control_des_moines,control,Des Moines,IA,19,0,0,0,0,0,0,0,0,0
2023-12-18,control_shreveport,control,Shreveport,LA,24,0,0,0,0,0,0,0,0,0
2023-12-18,control_spokane,control,Spokane,WA,17,0,0,0,0,0,0,0,0,0
2023-12-18,control_syracuse,control,Syracuse,NY,14,0,0,0,0,0,0,0,0,0
2023-12-19,20231218_phoenix,event,Phoenix,AZ,2033,956,2,12,8,3,6,0,60,0
2023-12-19,20231219_phoenix,event,Phoenix,AZ,2033,956,2,12,8,3,6,0,60,0
2023-12-19,control_albuquerque,control,Albuquerque,NM,995,128,0,14,0,0,0,0,10,0
2023-12-19,control_chattanooga,control,Chattanooga,TN,948,0,0,0,0,0,0,0,0,0
2023-12-19,control_des_moines,control,Des Moines,IA,779,2,0,0,0,0,0,0,0,0
2023-12-19,control_shreveport,control,Shreveport,LA,801,0,0,0,0,0,0,0,0,0
2023-12-19,control_spokane,control,Spokane,WA,304,0,0,0,0,0,0,0,0,0
2023-12-19,control_syracuse,control,Syracuse,NY,621,2,0,0,0,0,0,0,0,0
2023-12-20,20231219_phoenix,event,Phoenix,AZ,2059,1022,0,13,6,6,15,0,68,0
2023-12-20,control_albuquerque,control,Albuquerque,NM,1027,142,0,13,1,0,0,0,8,0
2023-12-20,control_chattanooga,control,Chattanooga,TN,1052,0,0,0,0,0,0,0,0,0
2023-12-20,control_des_moines,control,Des Moines,IA,887,0,0,0,0,0,0,0,0,0
2023-12-20,control_shreveport,control,Shreveport,LA,934,0,0,0,0,0,0,0,0,0
2023-12-20,control_spokane,control,Spokane,WA,347,0,0,0,0,0,0,0,0,0
2023-12-20,control_syracuse,control,Syracuse,NY,733,3,0,0,0,0,0,0,0,0
2024-01-30,20240129_las_vegas,event,Las Vegas,NV,1455,260,0,5,2,9,3,0,12,0
2024-01-30,20240130_las_vegas,event,Las Vegas,NV,1455,260,0,5,2,9,3,0,12,0
2024-01-30,20240131_las_vegas,event,Las Vegas,NV,1455,260,0,5,2,9,3,0,12,0
2024-01-30,control_albuquerque,control,Albuquerque,NM,1033,151,0,15,0,0,0,0,5,0
2024-01-30,control_chattanooga,control,Chattanooga,TN,931,0,0,0,0,0,0,0,0,0
2024-01-30,control_des_moines,control,Des Moines,IA,770,0,0,0,0,0,0,0,0,0
2024-01-30,control_shreveport,control,Shreveport,LA,808,0,0,0,0,0,0,0,0,0
2024-01-30,control_spokane,control,Spokane,WA,324,0,0,0,0,0,0,0,0,0
2024-01-30,control_syracuse,control,Syracuse,NY,569,0,0,0,0,0,0,0,0,0
2024-01-31,20240130_las_vegas,event,Las Vegas,NV,1474,284,0,7,3,8,3,0,25,0
2024-01-31,20240131_las_vegas,event,Las Vegas,NV,1474,284,0,7,3,8,3,0,25,0
2024-01-31,20240201_las_vegas,event,Las Vegas,NV,1474,284,0,7,3,8,3,0,25,0
2024-01-31,control_albuquerque,control,Albuquerque,NM,1024,149,0,19,0,0,0,0,6,0
2024-01-31,control_chattanooga,control,Chattanooga,TN,917,0,0,0,0,0,0,0,0,0
2024-01-31,control_des_moines,control,Des Moines,IA,843,0,0,0,0,0,0,0,0,0
2024-01-31,control_shreveport,control,Shreveport,LA,879,1,0,0,0,0,0,0,0,0
2024-01-31,control_spokane,control,Spokane,WA,305,0,0,0,0,0,0,0,0,0
2024-01-31,control_syracuse,control,Syracuse,NY,614,2,0,0,0,0,0,0,0,0
2024-02-01,20240131_las_vegas,event,Las Vegas,NV,1418,198,0,4,2,8,0,0,16,0
2024-02-01,20240201_las_vegas,event,Las Vegas,NV,1418,198,0,4,2,8,0,0,16,0
2024-02-01,20240202_las_vegas,event,Las Vegas,NV,1418,198,0,4,2,8,0,0,16,0
2024-02-01,control_albuquerque,control,Albuquerque,NM,1039,167,0,17,0,0,0,0,10,0
2024-02-01,control_chattanooga,control,Chattanooga,TN,1007,0,0,0,0,0,0,0,0,0
2024-02-01,control_des_moines,control,Des Moines,IA,826,0,0,0,0,0,0,0,0,0
2024-02-01,control_shreveport,control,Shreveport,LA,908,0,0,0,0,0,0,0,0,0
2024-02-01,control_spokane,control,Spokane,WA,313,0,0,0,0,0,0,0,0,0
2024-02-01,control_syracuse,control,Syracuse,NY,577,0,0,0,0,0,0,0,0,0
2024-02-02,20240201_las_vegas,event,Las Vegas,NV,1534,252,0,5,8,7,1,0,17,0
2024-02-02,20240202_las_vegas,event,Las Vegas,NV,1534,252,0,5,8,7,1,0,17,0
2024-02-02,20240203_las_vegas,event,Las Vegas,NV,1534,252,0,5,8,7,1,0,17,0
2024-02-02,control_albuquerque,control,Albuquerque,NM,1018,121,0,12,0,0,0,0,9,0
2024-02-02,control_chattanooga,control,Chattanooga,TN,994,0,0,0,0,0,0,0,0,0
2024-02-02,control_des_moines,control,Des Moines,IA,809,1,0,0,0,0,0,0,0,0
2024-02-02,control_shreveport,control,Shreveport,LA,887,0,0,0,0,0,0,0,0,0
2024-02-02,control_spokane,control,Spokane,WA,302,0,0,0,0,0,0,0,0,0
2024-02-02,control_syracuse,control,Syracuse,NY,598,0,0,0,0,0,0,0,0,0
2024-02-03,20240202_las_vegas,event,Las Vegas,NV,1470,290,0,5,5,6,1,0,11,0
2024-02-03,20240203_las_vegas,event,Las Vegas,NV,1470,290,0,5,5,6,1,0,11,0
2024-02-03,20240204_las_vegas,event,Las Vegas,NV,1470,290,0,5,5,6,1,0,11,0
2024-02-03,control_albuquerque,control,Albuquerque,NM,789,104,0,6,0,0,0,0,5,0
2024-02-03,control_chattanooga,control,Chattanooga,TN,982,1,0,0,0,0,0,0,0,0
2024-02-03,control_des_moines,control,Des Moines,IA,669,1,0,0,0,0,0,0,1,0
2024-02-03,control_shreveport,control,Shreveport,LA,696,0,0,0,0,0,0,0,0,0
2024-02-03,control_spokane,control,Spokane,WA,265,0,0,0,0,0,0,0,0,0
2024-02-03,control_syracuse,control,Syracuse,NY,546,0,0,0,0,0,0,0,0,0
2024-02-04,20240203_las_vegas,event,Las Vegas,NV,1405,349,0,3,5,6,1,0,37,0
2024-02-04,20240204_las_vegas,event,Las Vegas,NV,1405,349,0,3,5,6,1,0,37,0
2024-02-04,control_albuquerque,control,Albuquerque,NM,906,108,0,4,0,0,0,0,6,0
2024-02-04,control_chattanooga,control,Chattanooga,TN,931,0,0,0,0,0,0,0,0,0
2024-02-04,control_des_moines,control,Des Moines,IA,771,1,0,0,0,0,0,0,0,0
2024-02-04,control_shreveport,control,Shreveport,LA,754,0,0,0,0,0,0,0,0,0
2024-02-04,control_spokane,control,Spokane,WA,249,0,0,0,0,0,0,0,0,0
2024-02-04,control_syracuse,control,Syracuse,NY,648,0,0,0,0,0,0,0,0,0
2024-02-05,20240204_las_vegas,event,Las Vegas,NV,1186,199,0,7,1,7,0,0,13,0
2024-02-05,control_albuquerque,control,Albuquerque,NM,924,119,0,12,0,0,0,0,6,0
2024-02-05,control_chattanooga,control,Chattanooga,TN,973,0,0,0,0,0,0,0,0,0
2024-02-05,control_des_moines,control,Des Moines,IA,843,0,0,0,0,0,0,0,0,0
2024-02-05,control_shreveport,control,Shreveport,LA,869,0,0,0,0,0,0,0,0,0
2024-02-05,control_spokane,control,Spokane,WA,304,0,0,0,0,0,0,0,0,0
2024-02-05,control_syracuse,control,Syracuse,NY,620,0,0,0,0,0,0,0,0,0
2024-03-05,20240306_chapel_hill,event,Chapel Hill,NC,1470,11,0,0,0,0,0,0,0,0
2024-03-05,control_albuquerque,control,Albuquerque,NM,1040,113,0,11,0,0,0,0,6,0
2024-03-05,control_chattanooga,control,Chattanooga,TN,972,0,0,0,0,0,0,0,0,0
2024-03-05,control_des_moines,control,Des Moines,IA,754,0,0,0,0,0,0,0,0,0
2024-03-05,control_shreveport,control,Shreveport,LA,707,0,0,0,0,0,0,0,0,0
2024-03-05,control_spokane,control,Spokane,WA,290,0,0,0,0,0,0,0,0,0
2024-03-05,control_syracuse,control,Syracuse,NY,605,0,0,0,0,0,0,0,0,0
2024-03-06,20240306_chapel_hill,event,Chapel Hill,NC,1416,4,0,0,0,0,0,0,0,0
2024-03-06,20240307_san_luis_obispo,event,San Luis Obispo,CA,634,3,0,0,0,0,0,0,0,0
2024-03-06,control_albuquerque,control,Albuquerque,NM,953,119,0,13,0,1,0,0,6,0
2024-03-06,control_chattanooga,control,Chattanooga,TN,1015,0,0,0,0,0,0,0,0,0
2024-03-06,control_des_moines,control,Des Moines,IA,906,0,0,0,0,0,0,0,0,0
2024-03-06,control_shreveport,control,Shreveport,LA,894,0,0,0,0,0,0,0,0,0
2024-03-06,control_spokane,control,Spokane,WA,291,0,0,0,0,0,0,0,0,0
2024-03-06,control_syracuse,control,Syracuse,NY,630,1,0,0,0,0,0,0,0,0
2024-03-07,20240306_chapel_hill,event,Chapel Hill,NC,1813,10,0,0,0,0,0,0,0,0
2024-03-07,20240307_san_luis_obispo,event,San Luis Obispo,CA,696,5,0,0,0,0,0,0,1,0
2024-03-07,control_albuquerque,control,Albuquerque,NM,934,124,1,15,0,0,0,0,5,0
2024-03-07,control_chattanooga,control,Chattanooga,TN,1142,0,0,0,0,0,0,0,0,0
2024-03-07,control_des_moines,control,Des Moines,IA,983,1,0,0,0,0,0,0,0,0
2024-03-07,control_shreveport,control,Shreveport,LA,994,0,0,0,0,0,0,0,0,0
2024-03-07,control_spokane,control,Spokane,WA,288,0,0,0,0,0,0,0,0,0
2024-03-07,control_syracuse,control,Syracuse,NY,683,0,0,0,0,0,0,0,0,0
2024-03-08,20240307_san_luis_obispo,event,San Luis Obispo,CA,866,5,0,0,0,0,0,0,0,0
2024-03-08,control_albuquerque,control,Albuquerque,NM,1009,132,0,15,0,0,0,0,2,0
2024-03-08,control_chattanooga,control,Chattanooga,TN,1192,0,0,0,0,0,0,0,0,0
2024-03-08,control_des_moines,control,Des Moines,IA,908,0,0,0,0,0,0,0,0,0
2024-03-08,control_shreveport,control,Shreveport,LA,647,0,0,0,0,0,0,0,0,0
2024-03-08,control_spokane,control,Spokane,WA,289,0,0,0,0,0,0,0,0,0
2024-03-08,control_syracuse,control,Syracuse,NY,734,1,0,0,1,0,0,0,0,0
2024-03-13,20240314_fullerton,event,Fullerton,CA,3425,757,0,18,0,1,67,0,32,0
2024-03-13,control_albuquerque,control,Albuquerque,NM,1043,118,0,9,0,0,0,0,5,0
2024-03-13,control_chattanooga,control,Chattanooga,TN,1009,0,0,0,0,0,0,0,0,0
2024-03-13,control_des_moines,control,Des Moines,IA,945,0,0,0,0,0,0,0,0,0
2024-03-13,control_shreveport,control,Shreveport,LA,910,0,0,0,0,0,0,0,0,0
2024-03-13,control_spokane,control,Spokane,WA,274,0,0,0,0,0,0,0,0,0
2024-03-13,control_syracuse,control,Syracuse,NY,613,1,0,0,0,0,0,0,0,0
2024-03-14,20240314_fullerton,event,Fullerton,CA,2702,573,1,19,0,2,12,0,27,0
2024-03-14,control_albuquerque,control,Albuquerque,NM,1098,126,0,13,1,0,0,0,7,0
2024-03-14,control_chattanooga,control,Chattanooga,TN,1168,0,0,0,0,0,0,0,0,0
2024-03-14,control_des_moines,control,Des Moines,IA,769,0,0,0,0,0,0,0,0,0
2024-03-14,control_shreveport,control,Shreveport,LA,945,0,0,0,0,0,0,0,0,0
2024-03-14,control_spokane,control,Spokane,WA,263,0,0,0,0,0,0,0,0,0
2024-03-14,control_syracuse,control,Syracuse,NY,670,1,0,0,0,0,0,0,0,0
2024-03-15,20240314_fullerton,event,Fullerton,CA,3543,669,0,16,1,1,26,0,35,0
2024-03-15,control_albuquerque,control,Albuquerque,NM,953,109,0,4,0,0,0,0,3,0
2024-03-15,control_chattanooga,control,Chattanooga,TN,942,0,0,0,0,0,0,0,0,0
2024-03-15,control_des_moines,control,Des Moines,IA,921,1,0,0,0,0,0,0,0,0
2024-03-15,control_shreveport,control,Shreveport,LA,821,0,0,0,0,0,0,0,0,0
2024-03-15,control_spokane,control,Spokane,WA,283,0,0,0,0,0,0,0,0,0
2024-03-15,control_syracuse,control,Syracuse,NY,614,1,0,0,0,0,0,0,0,0
2024-03-17,20240318_san_diego,event,San Diego,CA,1390,263,0,12,0,2,0,0,13,0
2024-03-17,control_albuquerque,control,Albuquerque,NM,1001,98,0,2,0,0,0,0,8,0
2024-03-17,control_chattanooga,control,Chattanooga,TN,1137,2,0,0,0,0,0,0,0,0
2024-03-17,control_des_moines,control,Des Moines,IA,752,1,0,0,0,0,0,0,0,0
2024-03-17,control_shreveport,control,Shreveport,LA,891,0,0,0,0,0,0,0,0,0
2024-03-17,control_spokane,control,Spokane,WA,226,0,0,0,0,0,0,0,0,0
2024-03-17,control_syracuse,control,Syracuse,NY,637,0,0,0,0,0,0,0,0,0
2024-03-18,20240318_san_diego,event,San Diego,CA,1446,260,0,16,0,2,0,0,14,0
2024-03-18,20240319_phoenix,event,Phoenix,AZ,2315,1090,1,8,7,1,6,0,76,0
2024-03-18,20240319_pittsburgh,event,Pittsburgh,PA,1167,20,0,0,0,0,0,0,6,0
2024-03-18,control_albuquerque,control,Albuquerque,NM,1037,128,0,6,2,0,0,0,7,0
2024-03-18,control_chattanooga,control,Chattanooga,TN,1068,0,0,0,0,0,0,0,0,0
2024-03-18,control_des_moines,control,Des Moines,IA,844,0,0,0,0,0,0,0,0,0
2024-03-18,control_shreveport,control,Shreveport,LA,977,1,0,0,0,0,0,0,0,0
2024-03-18,control_spokane,control,Spokane,WA,283,0,0,0,0,0,0,0,0,0
2024-03-18,control_syracuse,control,Syracuse,NY,655,0,0,0,0,0,0,0,0,0
2024-03-19,20240318_san_diego,event,San Diego,CA,58,7,0,0,0,1,0,0,0,0
2024-03-19,20240319_phoenix,event,Phoenix,AZ,93,41,0,1,1,0,0,0,0,0
2024-03-19,20240319_pittsburgh,event,Pittsburgh,PA,57,0,0,0,0,0,0,0,0,0
2024-03-19,control_albuquerque,control,Albuquerque,NM,35,5,0,1,0,0,0,0,0,0
2024-03-19,control_chattanooga,control,Chattanooga,TN,52,0,0,0,0,0,0,0,0,0
2024-03-19,control_des_moines,control,Des Moines,IA,35,0,0,0,0,0,0,0,0,0
2024-03-19,control_shreveport,control,Shreveport,LA,35,0,0,0,0,0,0,0,0,0
2024-03-19,control_spokane,control,Spokane,WA,11,0,0,0,0,0,0,0,0,0
2024-03-19,control_syracuse,control,Syracuse,NY,23,0,0,0,0,0,0,0,0,0
2024-03-20,20240319_phoenix,event,Phoenix,AZ,1844,912,0,8,5,2,6,0,53,0
2024-03-20,20240319_pittsburgh,event,Pittsburgh,PA,1190,35,0,0,0,0,0,0,11,0
2024-03-20,20240321_las_vegas,event,Las Vegas,NV,1582,283,0,8,3,8,3,0,18,0
2024-03-20,control_albuquerque,control,Albuquerque,NM,1086,144,0,13,0,0,0,0,11,0
2024-03-20,control_chattanooga,control,Chattanooga,TN,1111,0,0,0,0,0,0,0,0,0
2024-03-20,control_des_moines,control,Des Moines,IA,911,0,0,0,0,0,0,0,0,0
2024-03-20,control_shreveport,control,Shreveport,LA,934,0,0,0,0,0,0,0,0,0
2024-03-20,control_spokane,control,Spokane,WA,303,0,0,0,0,0,0,0,0,0
2024-03-20,control_syracuse,control,Syracuse,NY,614,1,0,0,0,0,0,0,0,0
2024-03-21,20240321_las_vegas,event,Las Vegas,NV,1688,308,1,5,2,7,1,0,19,0
2024-03-21,control_albuquerque,control,Albuquerque,NM,1062,133,0,16,2,1,0,0,5,0
2024-03-21,control_chattanooga,control,Chattanooga,TN,1142,0,0,0,0,0,0,0,0,0
2024-03-21,control_des_moines,control,Des Moines,IA,957,0,0,0,0,0,0,0,0,0
2024-03-21,control_shreveport,control,Shreveport,LA,995,1,0,0,0,0,0,0,1,0
2024-03-21,control_spokane,control,Spokane,WA,292,0,0,0,0,0,0,0,0,0
2024-03-21,control_syracuse,control,Syracuse,NY,626,1,0,0,0,0,0,0,0,0
2024-03-22,20240321_las_vegas,event,Las Vegas,NV,395,45,0,4,0,3,0,0,3,0
2024-03-22,control_albuquerque,control,Albuquerque,NM,219,25,0,0,0,0,0,0,0,0
2024-03-22,control_chattanooga,control,Chattanooga,TN,218,0,0,0,0,0,0,0,0,0
2024-03-22,control_des_moines,control,Des Moines,IA,157,0,0,0,0,0,0,0,0,0
2024-03-22,control_shreveport,control,Shreveport,LA,192,0,0,0,0,0,0,0,0,0
2024-03-22,control_spokane,control,Spokane,WA,37,0,0,0,0,0,0,0,0,0
2024-03-22,control_syracuse,control,Syracuse,NY,129,0,0,0,0,0,0,0,0,0
2024-03-26,control_albuquerque,control,Albuquerque,NM,936,122,0,10,0,0,0,0,3,0
2024-03-26,control_chattanooga,control,Chattanooga,TN,924,0,0,0,0,0,0,0,0,0
2024-03-26,control_des_moines,control,Des Moines,IA,788,0,0,0,0,0,0,0,0,0
2024-03-26,control_shreveport,control,Shreveport,LA,853,1,0,0,0,0,0,0,0,0
2024-03-26,control_spokane,control,Spokane,WA,281,0,0,0,0,0,0,0,0,0
2024-03-26,control_syracuse,control,Syracuse,NY,663,0,0,0,0,0,0,0,0,0
2024-03-27,control_albuquerque,control,Albuquerque,NM,1042,147,0,14,0,0,0,0,4,0
2024-03-27,control_chattanooga,control,Chattanooga,TN,1027,0,0,0,0,0,0,0,0,0
2024-03-27,control_des_moines,control,Des Moines,IA,798,0,0,0,0,0,0,0,0,0
2024-03-27,control_shreveport,control,Shreveport,LA,936,1,0,0,0,0,0,0,0,0
2024-03-27,control_spokane,control,Spokane,WA,300,0,0,0,0,0,0,0,0,0
2024-03-27,control_syracuse,control,Syracuse,NY,619,0,0,0,0,0,0,0,0,0
2024-03-27,20240327_lubbock,event,Lubbock,TX,1,0,0,0,0,0,0,0,0,0
2024-03-28,control_albuquerque,control,Albuquerque,NM,150,18,0,1,0,0,0,0,2,0
2024-03-28,control_chattanooga,control,Chattanooga,TN,160,0,0,0,0,0,0,0,0,0
2024-03-28,control_des_moines,control,Des Moines,IA,131,0,0,0,0,0,0,0,0,0
2024-03-28,control_shreveport,control,Shreveport,LA,141,0,0,0,0,0,0,0,0,0
2024-03-28,control_spokane,control,Spokane,WA,51,0,0,0,0,0,0,0,0,0
2024-03-28,control_syracuse,control,Syracuse,NY,103,0,0,0,0,0,0,0,0,0
2024-04-02,20240403_lawrence,event,Lawrence,KS,841,7,0,0,0,0,0,0,1,0
2024-04-02,control_albuquerque,control,Albuquerque,NM,966,138,0,13,0,0,0,0,9,0
2024-04-02,control_chattanooga,control,Chattanooga,TN,972,0,0,0,0,0,0,0,0,0
2024-04-02,control_des_moines,control,Des Moines,IA,794,0,0,0,0,0,0,0,0,0
2024-04-02,control_shreveport,control,Shreveport,LA,897,0,0,0,0,0,0,0,0,0
2024-04-02,control_spokane,control,Spokane,WA,279,0,0,0,0,0,0,0,0,0
2024-04-02,control_syracuse,control,Syracuse,NY,681,0,0,0,0,0,0,0,0,0
2024-04-03,20240403_lawrence,event,Lawrence,KS,876,12,0,0,0,0,0,0,0,0
2024-04-03,control_albuquerque,control,Albuquerque,NM,1020,130,0,9,0,0,0,0,11,0
2024-04-03,control_chattanooga,control,Chattanooga,TN,870,0,0,0,0,0,0,0,0,0
2024-04-03,control_des_moines,control,Des Moines,IA,709,0,0,0,0,0,0,0,0,0
2024-04-03,control_shreveport,control,Shreveport,LA,872,0,0,0,0,0,0,0,0,0
2024-04-03,control_spokane,control,Spokane,WA,269,0,0,0,0,0,0,0,0,0
2024-04-03,control_syracuse,control,Syracuse,NY,675,0,0,0,0,0,0,0,0,0
2024-04-04,20240403_lawrence,event,Lawrence,KS,1084,32,0,0,0,0,0,0,3,0
2024-04-04,control_albuquerque,control,Albuquerque,NM,1096,149,0,15,0,0,0,0,5,0
2024-04-04,control_chattanooga,control,Chattanooga,TN,1061,1,0,0,0,1,0,0,0,0
2024-04-04,control_des_moines,control,Des Moines,IA,861,1,0,0,0,0,0,0,0,0
2024-04-04,control_shreveport,control,Shreveport,LA,1021,3,0,1,0,0,0,0,0,0
2024-04-04,control_spokane,control,Spokane,WA,265,0,0,0,0,0,0,0,0,0
2024-04-04,control_syracuse,control,Syracuse,NY,667,0,0,0,0,0,0,0,0,0
2024-04-08,20240409_omaha,event,Omaha,NE,828,6,0,3,0,0,0,0,0,0
2024-04-08,control_albuquerque,control,Albuquerque,NM,1087,136,0,8,0,0,0,0,6,0
2024-04-08,control_chattanooga,control,Chattanooga,TN,1174,0,0,0,0,0,0,0,0,0
2024-04-08,control_des_moines,control,Des Moines,IA,773,0,0,0,0,0,0,0,0,0
2024-04-08,control_shreveport,control,Shreveport,LA,825,0,0,0,0,0,0,0,0,0
2024-04-08,control_spokane,control,Spokane,WA,288,0,0,0,0,0,0,0,0,0
2024-04-08,control_syracuse,control,Syracuse,NY,838,1,0,0,0,0,0,0,0,0
2024-04-09,20240409_omaha,event,Omaha,NE,1007,17,0,10,0,0,0,0,0,0
2024-04-09,control_albuquerque,control,Albuquerque,NM,1039,131,0,11,0,1,0,0,5,0
2024-04-09,control_chattanooga,control,Chattanooga,TN,1165,0,0,0,0,0,0,0,0,0
2024-04-09,control_des_moines,control,Des Moines,IA,895,0,0,0,0,0,0,0,0,0
2024-04-09,control_shreveport,control,Shreveport,LA,168,0,0,0,0,0,0,0,0,0
2024-04-09,control_spokane,control,Spokane,WA,291,0,0,0,0,0,0,0,0,0
2024-04-09,control_syracuse,control,Syracuse,NY,775,1,0,0,0,0,0,0,0,0
2024-04-10,20240409_omaha,event,Omaha,NE,1012,20,0,6,0,0,0,0,1,0
2024-04-10,control_albuquerque,control,Albuquerque,NM,992,132,0,14,0,0,0,0,5,0
2024-04-10,control_chattanooga,control,Chattanooga,TN,1173,0,0,0,0,0,0,0,0,0
2024-04-10,control_des_moines,control,Des Moines,IA,909,0,0,0,0,0,0,0,0,0
2024-04-10,control_shreveport,control,Shreveport,LA,486,0,0,0,0,0,0,0,0,0
2024-04-10,control_spokane,control,Spokane,WA,274,0,0,0,0,0,0,0,0,0
2024-04-10,control_syracuse,control,Syracuse,NY,706,0,0,0,0,0,0,0,0,0
2024-04-22,20240423_salt_lake_city,event,Salt Lake City,UT,1083,484,0,5,1,1,6,0,50,0
2024-04-22,control_albuquerque,control,Albuquerque,NM,1021,138,0,7,0,0,0,0,9,0
2024-04-22,control_chattanooga,control,Chattanooga,TN,1053,0,0,0,0,0,0,0,0,0
2024-04-22,control_des_moines,control,Des Moines,IA,773,0,0,0,0,0,0,0,0,0
2024-04-22,control_shreveport,control,Shreveport,LA,857,0,0,0,0,0,0,0,0,0
2024-04-22,control_spokane,control,Spokane,WA,301,0,0,0,0,0,0,0,0,0
2024-04-22,control_syracuse,control,Syracuse,NY,680,0,0,0,0,0,0,0,0,0
2024-04-23,20240423_salt_lake_city,event,Salt Lake City,UT,1041,525,1,12,0,1,9,0,55,0
2024-04-23,control_albuquerque,control,Albuquerque,NM,1167,151,0,13,0,0,0,0,8,0
2024-04-23,control_chattanooga,control,Chattanooga,TN,1056,0,0,0,0,0,0,0,0,0
2024-04-23,control_des_moines,control,Des Moines,IA,802,0,0,0,0,0,0,0,0,0
2024-04-23,control_shreveport,control,Shreveport,LA,904,1,0,0,0,0,0,0,0,0
2024-04-23,control_spokane,control,Spokane,WA,320,0,0,0,0,0,0,0,0,0
2024-04-23,control_syracuse,control,Syracuse,NY,666,0,0,0,0,0,0,0,0,0
2024-04-24,20240423_salt_lake_city,event,Salt Lake City,UT,1179,531,1,13,1,2,9,0,52,0
2024-04-24,control_albuquerque,control,Albuquerque,NM,1055,133,1,13,0,0,0,0,9,0
2024-04-24,control_chattanooga,control,Chattanooga,TN,1081,0,0,0,0,0,0,0,0,0
2024-04-24,control_des_moines,control,Des Moines,IA,883,0,0,0,0,0,0,0,0,0
2024-04-24,control_shreveport,control,Shreveport,LA,918,0,0,0,0,0,0,0,0,0
2024-04-24,control_spokane,control,Spokane,WA,284,0,0,0,0,0,0,0,0,0
2024-04-24,control_syracuse,control,Syracuse,NY,667,1,0,0,0,0,0,0,0,0
2024-05-06,20240507_seattle,event,Seattle,WA,840,589,0,5,3,5,0,0,27,0
2024-05-06,control_albuquerque,control,Albuquerque,NM,1183,129,0,5,0,0,0,0,8,0
2024-05-06,control_chattanooga,control,Chattanooga,TN,970,0,0,0,0,0,0,0,0,0
2024-05-06,control_des_moines,control,Des Moines,IA,711,78,0,1,1,0,0,0,11,0
2024-05-06,control_shreveport,control,Shreveport,LA,901,1,0,1,0,0,0,0,0,0
2024-05-06,control_spokane,control,Spokane,WA,299,0,0,0,0,0,0,0,0,0
2024-05-06,control_syracuse,control,Syracuse,NY,724,1,0,0,0,0,0,0,0,0
2024-05-07,20240507_seattle,event,Seattle,WA,1056,614,0,9,1,2,1,0,20,0
2024-05-07,20240508_las_vegas,event,Las Vegas,NV,1501,443,0,5,2,7,1,0,27,0
2024-05-07,control_albuquerque,control,Albuquerque,NM,1176,135,0,13,0,0,0,0,2,0
2024-05-07,control_chattanooga,control,Chattanooga,TN,1200,0,0,0,0,0,0,0,0,0
2024-05-07,control_des_moines,control,Des Moines,IA,472,91,0,1,1,0,0,0,10,0
2024-05-07,control_shreveport,control,Shreveport,LA,1044,0,0,0,0,0,0,0,0,0
2024-05-07,control_spokane,control,Spokane,WA,279,0,0,0,0,0,0,0,0,0
2024-05-07,control_syracuse,control,Syracuse,NY,771,0,0,0,0,0,0,0,0,0
2024-05-08,20240507_seattle,event,Seattle,WA,105,56,0,0,0,0,0,0,5,0
2024-05-08,20240508_las_vegas,event,Las Vegas,NV,86,22,0,0,0,0,0,0,0,0
2024-05-08,control_albuquerque,control,Albuquerque,NM,63,12,0,1,0,0,0,0,0,0
2024-05-08,control_chattanooga,control,Chattanooga,TN,64,0,0,0,0,0,0,0,0,0
2024-05-08,control_des_moines,control,Des Moines,IA,59,5,0,0,0,0,0,0,3,0
2024-05-08,control_shreveport,control,Shreveport,LA,42,0,0,0,0,0,0,0,0,0
2024-05-08,control_spokane,control,Spokane,WA,15,0,0,0,0,0,0,0,0,0
2024-05-08,control_syracuse,control,Syracuse,NY,42,0,0,0,0,0,0,0,0,0
2024-05-09,20240508_las_vegas,event,Las Vegas,NV,1606,458,0,6,2,6,1,0,35,0
2024-05-09,control_albuquerque,control,Albuquerque,NM,1065,128,0,13,0,1,0,0,5,0
2024-05-09,control_chattanooga,control,Chattanooga,TN,767,1,0,0,0,0,0,0,0,0
2024-05-09,control_des_moines,control,Des Moines,IA,822,88,0,2,0,0,0,0,15,0
2024-05-09,control_shreveport,control,Shreveport,LA,1042,0,0,0,0,0,0,0,0,0
2024-05-09,control_spokane,control,Spokane,WA,365,0,0,0,0,0,0,0,0,0
2024-05-09,control_syracuse,control,Syracuse,NY,846,1,0,0,0,0,0,0,0,0
2024-05-15,20240516_san_diego,event,San Diego,CA,1551,307,0,32,0,6,0,0,36,0
2024-05-15,control_albuquerque,control,Albuquerque,NM,1152,143,0,12,1,0,0,0,10,0
2024-05-15,control_chattanooga,control,Chattanooga,TN,1009,0,0,0,0,0,0,0,0,0
2024-05-15,control_des_moines,control,Des Moines,IA,897,15,0,1,0,0,0,0,0,0
2024-05-15,control_shreveport,control,Shreveport,LA,979,0,0,0,0,0,0,0,0,0
2024-05-15,control_spokane,control,Spokane,WA,320,0,0,0,0,0,0,0,0,0
2024-05-15,control_syracuse,control,Syracuse,NY,734,0,0,0,0,0,0,0,0,0
2024-05-16,20240516_san_diego,event,San Diego,CA,1496,365,0,33,0,4,1,0,34,0
2024-05-16,control_albuquerque,control,Albuquerque,NM,740,112,0,9,0,0,0,0,4,0
2024-05-16,control_chattanooga,control,Chattanooga,TN,1220,0,0,0,0,0,0,0,0,0
2024-05-16,control_des_moines,control,Des Moines,IA,999,0,0,0,0,0,0,0,0,0
2024-05-16,control_shreveport,control,Shreveport,LA,775,0,0,0,0,0,0,0,0,0
2024-05-16,control_spokane,control,Spokane,WA,404,0,0,0,0,0,0,0,0,0
2024-05-16,control_syracuse,control,Syracuse,NY,799,1,0,0,0,0,0,0,0,0
2024-05-17,20240516_san_diego,event,San Diego,CA,1435,332,0,26,2,6,0,0,30,0
2024-05-17,control_albuquerque,control,Albuquerque,NM,1115,158,0,12,0,0,0,0,7,0
2024-05-17,control_chattanooga,control,Chattanooga,TN,1065,0,0,0,0,0,0,0,0,0
2024-05-17,control_des_moines,control,Des Moines,IA,1021,1,0,0,0,0,0,0,0,0
2024-05-17,control_shreveport,control,Shreveport,LA,906,0,0,0,0,0,0,0,0,0
2024-05-17,control_spokane,control,Spokane,WA,385,0,0,0,0,0,0,0,0,0
2024-05-17,control_syracuse,control,Syracuse,NY,804,1,0,0,0,0,0,0,0,0
2024-06-06,20240607_san_antonio,event,San Antonio,TX,884,340,0,30,1,1,0,0,42,0
2024-06-06,control_albuquerque,control,Albuquerque,NM,1208,186,0,20,0,0,0,0,10,0
2024-06-06,control_chattanooga,control,Chattanooga,TN,1274,2,0,0,0,0,0,0,1,0
2024-06-06,control_des_moines,control,Des Moines,IA,955,0,0,0,0,0,0,0,0,0
2024-06-06,control_shreveport,control,Shreveport,LA,990,0,0,0,0,0,0,0,0,0
2024-06-06,control_spokane,control,Spokane,WA,395,0,0,0,0,0,0,0,0,0
2024-06-06,control_syracuse,control,Syracuse,NY,785,0,0,0,0,0,0,0,0,0
2024-06-07,20240607_san_antonio,event,San Antonio,TX,916,346,1,37,3,0,1,0,30,0
2024-06-07,20240608_san_antonio,event,San Antonio,TX,916,346,1,37,3,0,1,0,30,0
2024-06-07,control_albuquerque,control,Albuquerque,NM,1133,173,0,20,0,2,1,0,7,0
2024-06-07,control_chattanooga,control,Chattanooga,TN,1158,0,0,0,0,0,0,0,0,0
2024-06-07,control_des_moines,control,Des Moines,IA,1003,0,0,0,0,0,0,0,0,0
2024-06-07,control_shreveport,control,Shreveport,LA,1012,3,0,1,0,0,0,0,0,0
2024-06-07,control_spokane,control,Spokane,WA,396,0,0,0,0,0,0,0,0,0
2024-06-07,control_syracuse,control,Syracuse,NY,830,0,0,0,0,0,0,0,0,0
2024-06-08,20240607_san_antonio,event,San Antonio,TX,29,13,0,0,0,0,0,0,1,0
2024-06-08,20240608_san_antonio,event,San Antonio,TX,29,13,0,0,0,0,0,0,1,0
2024-06-08,20240609_san_antonio,event,San Antonio,TX,29,13,0,0,0,0,0,0,1,0
2024-06-08,control_albuquerque,control,Albuquerque,NM,37,5,0,1,0,1,0,0,0,0
2024-06-08,control_chattanooga,control,Chattanooga,TN,48,0,0,0,0,0,0,0,0,0
2024-06-08,control_des_moines,control,Des Moines,IA,38,2,0,0,0,0,0,0,0,0
2024-06-08,control_shreveport,control,Shreveport,LA,33,0,0,0,0,0,0,0,0,0
2024-06-08,control_spokane,control,Spokane,WA,16,0,0,0,0,0,0,0,0,0
2024-06-08,control_syracuse,control,Syracuse,NY,39,0,0,0,0,0,0,0,0,0
2024-06-09,20240608_san_antonio,event,San Antonio,TX,726,232,0,2,4,0,0,0,17,0
2024-06-09,20240609_san_antonio,event,San Antonio,TX,726,232,0,2,4,0,0,0,17,0
2024-06-09,control_albuquerque,control,Albuquerque,NM,1029,119,0,1,0,1,0,0,5,0
2024-06-09,control_chattanooga,control,Chattanooga,TN,1042,1,0,0,0,0,0,0,0,0
2024-06-09,control_des_moines,control,Des Moines,IA,956,95,0,2,0,0,0,0,6,0
2024-06-09,control_shreveport,control,Shreveport,LA,886,0,0,0,0,0,0,0,0,0
2024-06-09,control_spokane,control,Spokane,WA,383,1,0,0,0,0,0,0,0,0
2024-06-09,control_syracuse,control,Syracuse,NY,791,0,0,0,0,0,0,0,0,0
2024-06-10,20240609_san_antonio,event,San Antonio,TX,774,272,0,23,3,2,0,0,23,0
2024-06-10,control_albuquerque,control,Albuquerque,NM,694,137,0,12,1,0,0,0,5,0
2024-06-10,control_chattanooga,control,Chattanooga,TN,1136,1,0,0,0,0,0,0,0,0
2024-06-10,control_des_moines,control,Des Moines,IA,1053,113,0,0,1,2,0,0,11,0
2024-06-10,control_shreveport,control,Shreveport,LA,895,0,0,0,0,0,0,0,0,0
2024-06-10,control_spokane,control,Spokane,WA,414,0,0,0,0,0,0,0,0,0
2024-06-10,control_syracuse,control,Syracuse,NY,813,0,0,0,0,0,0,0,0,0
2024-06-13,20240614_detroit,event,Detroit,MI,1686,148,0,2,0,0,8,0,5,0
2024-06-13,control_albuquerque,control,Albuquerque,NM,1143,155,0,16,0,0,0,0,10,0
2024-06-13,control_chattanooga,control,Chattanooga,TN,1130,0,0,0,0,0,0,0,0,0
2024-06-13,control_des_moines,control,Des Moines,IA,1000,112,0,2,1,1,0,0,18,0
2024-06-13,control_shreveport,control,Shreveport,LA,964,3,0,2,0,0,0,0,0,0
2024-06-13,control_spokane,control,Spokane,WA,378,0,0,0,0,0,0,0,0,0
2024-06-13,control_syracuse,control,Syracuse,NY,862,1,0,0,0,0,0,0,1,0
2024-06-14,20240614_detroit,event,Detroit,MI,1890,169,0,3,2,0,4,0,10,0
2024-06-14,20240615_detroit,event,Detroit,MI,1890,169,0,3,2,0,4,0,10,0
2024-06-14,control_albuquerque,control,Albuquerque,NM,1050,151,0,13,0,0,0,0,7,0
2024-06-14,control_chattanooga,control,Chattanooga,TN,1221,0,0,0,0,0,0,0,0,0
2024-06-14,control_des_moines,control,Des Moines,IA,1087,132,0,2,0,2,0,0,13,0
2024-06-14,control_shreveport,control,Shreveport,LA,1009,4,0,0,0,0,0,0,0,0
2024-06-14,control_spokane,control,Spokane,WA,393,0,0,0,0,0,0,0,0,0
2024-06-14,control_syracuse,control,Syracuse,NY,927,0,0,0,0,0,0,0,0,0
2024-06-15,20240614_detroit,event,Detroit,MI,1863,191,1,0,4,1,9,0,8,0
2024-06-15,20240615_detroit,event,Detroit,MI,1863,191,1,0,4,1,9,0,8,0
2024-06-15,20240616_detroit,event,Detroit,MI,1863,191,1,0,4,1,9,0,8,0
2024-06-15,control_albuquerque,control,Albuquerque,NM,1003,156,0,7,0,0,0,0,9,0
2024-06-15,control_chattanooga,control,Chattanooga,TN,1162,0,0,0,0,0,0,0,0,0
2024-06-15,control_des_moines,control,Des Moines,IA,531,76,0,2,0,0,0,0,6,0
2024-06-15,control_shreveport,control,Shreveport,LA,913,1,0,1,0,0,0,0,0,0
2024-06-15,control_spokane,control,Spokane,WA,325,0,0,0,0,0,0,0,0,0
2024-06-15,control_syracuse,control,Syracuse,NY,883,0,0,0,0,0,0,0,0,0
2024-06-16,20240615_detroit,event,Detroit,MI,1789,182,0,1,2,2,16,0,6,0
2024-06-16,20240616_detroit,event,Detroit,MI,1789,182,0,1,2,2,16,0,6,0
2024-06-16,control_albuquerque,control,Albuquerque,NM,1080,123,0,3,0,0,0,0,3,0
2024-06-16,control_chattanooga,control,Chattanooga,TN,1073,0,0,0,0,0,0,0,0,0
2024-06-16,control_des_moines,control,Des Moines,IA,851,82,0,1,0,0,0,0,3,0
2024-06-16,control_shreveport,control,Shreveport,LA,922,0,0,0,0,0,0,0,0,0
2024-06-16,control_spokane,control,Spokane,WA,357,0,0,0,0,0,0,0,0,0
2024-06-16,control_syracuse,control,Syracuse,NY,818,1,0,0,0,0,0,0,0,0
2024-06-17,20240616_detroit,event,Detroit,MI,1571,187,0,2,1,1,10,0,4,0
2024-06-17,control_albuquerque,control,Albuquerque,NM,1029,135,0,8,0,1,0,0,3,0
2024-06-17,control_chattanooga,control,Chattanooga,TN,1141,0,0,0,0,0,0,0,0,0
2024-06-17,control_des_moines,control,Des Moines,IA,867,108,0,1,2,1,0,0,8,0
2024-06-17,control_shreveport,control,Shreveport,LA,935,1,0,0,0,0,0,0,0,0
2024-06-17,control_spokane,control,Spokane,WA,368,0,0,0,0,0,0,0,0,0
2024-06-17,control_syracuse,control,Syracuse,NY,823,0,0,0,0,0,0,0,0,0
2024-07-23,20240724_west_palm_beach,event,West Palm Beach,FL,1655,410,0,4,10,3,1,0,41,0
2024-07-23,control_albuquerque,control,Albuquerque,NM,1089,156,1,15,0,0,0,0,8,0
2024-07-23,control_chattanooga,control,Chattanooga,TN,974,0,0,0,0,0,0,0,0,0
2024-07-23,control_des_moines,control,Des Moines,IA,1043,107,0,2,0,1,0,0,10,0
2024-07-23,control_shreveport,control,Shreveport,LA,831,0,0,0,0,0,0,0,0,0
2024-07-23,control_spokane,control,Spokane,WA,454,2,0,0,0,0,0,0,0,0
2024-07-23,control_syracuse,control,Syracuse,NY,885,0,0,0,0,0,0,0,0,0
2024-07-24,20240724_west_palm_beach,event,West Palm Beach,FL,1804,457,0,1,7,1,1,0,55,0
2024-07-24,20240725_west_palm_beach,event,West Palm Beach,FL,1804,457,0,1,7,1,1,0,55,0
2024-07-24,control_albuquerque,control,Albuquerque,NM,1063,167,0,13,0,0,0,0,12,0
2024-07-24,control_chattanooga,control,Chattanooga,TN,1063,0,0,0,0,0,0,0,0,0
2024-07-24,control_des_moines,control,Des Moines,IA,955,104,0,1,1,1,0,0,16,0
2024-07-24,control_shreveport,control,Shreveport,LA,932,0,0,0,0,0,0,0,0,0
2024-07-24,control_spokane,control,Spokane,WA,453,2,0,0,0,0,0,0,1,0
2024-07-24,control_syracuse,control,Syracuse,NY,849,0,0,0,0,0,0,0,0,0
2024-07-25,20240724_west_palm_beach,event,West Palm Beach,FL,1886,484,0,5,7,1,1,0,60,0
2024-07-25,20240725_west_palm_beach,event,West Palm Beach,FL,1886,484,0,5,7,1,1,0,60,0
2024-07-25,20240726_west_palm_beach,event,West Palm Beach,FL,1886,484,0,5,7,1,1,0,60,0
2024-07-25,control_albuquerque,control,Albuquerque,NM,1058,177,0,19,0,1,0,0,9,0
2024-07-25,control_chattanooga,control,Chattanooga,TN,1175,0,0,0,0,0,0,0,0,0
2024-07-25,control_des_moines,control,Des Moines,IA,1133,93,0,0,0,0,0,0,12,0
2024-07-25,control_shreveport,control,Shreveport,LA,893,0,0,0,0,0,0,0,0,0
2024-07-25,control_spokane,control,Spokane,WA,501,6,0,0,0,1,0,0,1,0
2024-07-25,control_syracuse,control,Syracuse,NY,945,0,0,0,0,0,0,0,0,0
2024-07-26,20240725_west_palm_beach,event,West Palm Beach,FL,1947,445,0,2,7,0,5,0,59,0
2024-07-26,20240726_west_palm_beach,event,West Palm Beach,FL,1947,445,0,2,7,0,5,0,59,0
2024-07-26,20240727_west_palm_beach,event,West Palm Beach,FL,1947,445,0,2,7,0,5,0,59,0
2024-07-26,control_albuquerque,control,Albuquerque,NM,1112,177,0,21,0,1,0,0,9,0
2024-07-26,control_chattanooga,control,Chattanooga,TN,1133,0,0,0,0,0,0,0,0,0
2024-07-26,control_des_moines,control,Des Moines,IA,1176,114,0,5,0,0,0,0,12,0
2024-07-26,control_shreveport,control,Shreveport,LA,909,0,0,0,0,0,0,0,0,0
2024-07-26,control_spokane,control,Spokane,WA,509,6,0,0,0,0,0,0,1,0
2024-07-26,control_syracuse,control,Syracuse,NY,963,0,0,0,0,0,0,0,0,0
2024-07-27,20240726_west_palm_beach,event,West Palm Beach,FL,1742,347,0,2,3,1,1,0,37,0
2024-07-27,20240727_west_palm_beach,event,West Palm Beach,FL,1742,347,0,2,3,1,1,0,37,0
2024-07-27,20240728_west_palm_beach,event,West Palm Beach,FL,1742,347,0,2,3,1,1,0,37,0
2024-07-27,control_albuquerque,control,Albuquerque,NM,966,148,0,4,0,0,0,0,7,0
2024-07-27,control_chattanooga,control,Chattanooga,TN,1084,0,0,0,0,0,0,0,0,0
2024-07-27,control_des_moines,control,Des Moines,IA,987,95,0,5,0,1,0,0,6,0
2024-07-27,control_shreveport,control,Shreveport,LA,923,0,0,0,0,0,0,0,0,0
2024-07-27,control_spokane,control,Spokane,WA,469,7,0,0,0,0,0,0,0,0
2024-07-27,control_syracuse,control,Syracuse,NY,844,0,0,0,0,0,0,0,0,0
2024-07-28,20240727_west_palm_beach,event,West Palm Beach,FL,104,22,0,0,0,0,0,0,5,0
2024-07-28,20240728_west_palm_beach,event,West Palm Beach,FL,104,22,0,0,0,0,0,0,5,0
2024-07-28,control_albuquerque,control,Albuquerque,NM,68,13,0,1,0,0,0,0,0,0
2024-07-28,control_chattanooga,control,Chattanooga,TN,86,0,0,0,0,0,0,0,0,0
2024-07-28,control_des_moines,control,Des Moines,IA,57,7,0,0,0,0,0,0,0,0
2024-07-28,control_shreveport,control,Shreveport,LA,67,0,0,0,0,0,0,0,0,0
2024-07-28,control_spokane,control,Spokane,WA,38,0,0,0,0,0,0,0,0,0
2024-07-28,control_syracuse,control,Syracuse,NY,58,0,0,0,0,0,0,0,0,0
2024-07-29,20240728_west_palm_beach,event,West Palm Beach,FL,1574,425,0,2,8,2,0,0,50,0
2024-07-29,control_albuquerque,control,Albuquerque,NM,1060,139,0,7,0,0,0,0,5,0
2024-07-29,control_chattanooga,control,Chattanooga,TN,848,0,0,0,0,0,0,0,0,0
2024-07-29,control_des_moines,control,Des Moines,IA,820,99,0,2,0,0,0,0,10,0
2024-07-29,control_shreveport,control,Shreveport,LA,923,0,0,0,0,0,0,0,0,0
2024-07-29,control_spokane,control,Spokane,WA,466,2,0,0,0,0,0,0,0,0
2024-07-29,control_syracuse,control,Syracuse,NY,861,0,0,0,0,0,0,0,0,0
2024-09-02,20240903_phoenix,event,Phoenix,AZ,1525,895,0,4,4,1,8,0,48,0
2024-09-02,control_albuquerque,control,Albuquerque,NM,966,116,0,1,0,0,0,0,10,0
2024-09-02,control_chattanooga,control,Chattanooga,TN,982,0,0,0,0,0,0,0,0,0
2024-09-02,control_des_moines,control,Des Moines,IA,955,71,0,0,0,0,0,0,2,0
2024-09-02,control_shreveport,control,Shreveport,LA,864,0,0,0,0,0,0,0,0,0
2024-09-02,control_spokane,control,Spokane,WA,424,4,0,0,0,0,0,0,0,0
2024-09-02,control_syracuse,control,Syracuse,NY,822,0,0,0,0,0,0,0,0,0
2024-09-03,20240903_phoenix,event,Phoenix,AZ,1933,1003,1,9,4,3,15,0,63,0
2024-09-03,control_albuquerque,control,Albuquerque,NM,971,139,0,8,0,0,0,0,11,0
2024-09-03,control_chattanooga,control,Chattanooga,TN,975,0,0,0,0,0,0,0,0,0
2024-09-03,control_des_moines,control,Des Moines,IA,980,51,1,1,0,0,0,0,3,0
2024-09-03,control_shreveport,control,Shreveport,LA,838,1,0,0,0,0,0,0,0,0
2024-09-03,control_spokane,control,Spokane,WA,444,2,0,0,0,0,0,0,0,0
2024-09-03,control_syracuse,control,Syracuse,NY,842,0,0,0,0,0,0,0,0,0
2024-09-04,20240903_phoenix,event,Phoenix,AZ,2143,978,2,11,4,2,29,0,54,0
2024-09-04,20240905_madison,event,Madison,WI,1047,42,1,7,1,0,0,0,8,0
2024-09-04,control_albuquerque,control,Albuquerque,NM,991,160,0,13,0,0,0,0,14,0
2024-09-04,control_chattanooga,control,Chattanooga,TN,978,0,0,0,0,0,0,0,0,0
2024-09-04,control_des_moines,control,Des Moines,IA,932,81,0,1,0,0,0,0,13,0
2024-09-04,control_shreveport,control,Shreveport,LA,865,1,0,0,0,0,0,0,0,0
2024-09-04,control_spokane,control,Spokane,WA,430,4,0,0,0,0,0,0,0,0
2024-09-04,control_syracuse,control,Syracuse,NY,812,1,0,0,0,0,0,0,0,0
2024-09-05,20240905_madison,event,Madison,WI,999,39,1,5,0,0,0,0,5,0
2024-09-05,control_albuquerque,control,Albuquerque,NM,1036,144,0,17,1,0,0,0,8,0
2024-09-05,control_chattanooga,control,Chattanooga,TN,994,0,0,0,0,0,0,0,0,0
2024-09-05,control_des_moines,control,Des Moines,IA,972,95,0,1,1,0,0,0,15,0
2024-09-05,control_shreveport,control,Shreveport,LA,807,0,0,0,0,0,0,0,0,0
2024-09-05,control_spokane,control,Spokane,WA,439,1,0,0,0,0,0,0,1,0
2024-09-05,control_syracuse,control,Syracuse,NY,830,0,0,0,0,0,0,0,0,0
2024-09-06,20240905_madison,event,Madison,WI,1087,19,0,3,0,1,0,0,1,0
2024-09-06,control_albuquerque,control,Albuquerque,NM,1008,140,0,17,0,0,0,0,6,0
2024-09-06,control_chattanooga,control,Chattanooga,TN,1071,0,0,0,0,0,0,0,0,0
2024-09-06,control_des_moines,control,Des Moines,IA,969,97,0,2,0,0,0,0,15,0
2024-09-06,control_shreveport,control,Shreveport,LA,878,0,0,0,0,0,0,0,0,0
2024-09-06,control_spokane,control,Spokane,WA,426,1,0,0,0,0,0,0,0,0
2024-09-06,control_syracuse,control,Syracuse,NY,793,0,0,0,0,0,0,0,0,0
2024-09-09,20240910_boulder,event,Boulder,CO,1860,1060,0,5,2,0,1,0,107,0
2024-09-09,control_albuquerque,control,Albuquerque,NM,1020,154,0,9,1,0,0,0,5,0
2024-09-09,control_chattanooga,control,Chattanooga,TN,942,0,0,0,0,0,0,0,0,0
2024-09-09,control_des_moines,control,Des Moines,IA,984,90,0,1,0,0,0,0,8,0
2024-09-09,control_shreveport,control,Shreveport,LA,871,0,0,0,0,0,0,0,0,0
2024-09-09,control_spokane,control,Spokane,WA,478,4,0,0,0,0,0,0,0,0
2024-09-09,control_syracuse,control,Syracuse,NY,724,0,0,0,0,0,0,0,0,0
2024-09-10,20240910_boulder,event,Boulder,CO,1959,1067,2,8,3,1,0,0,90,0
2024-09-10,20240911_denton,event,Denton,TX,2355,990,0,16,2,2,0,0,57,0
2024-09-10,control_albuquerque,control,Albuquerque,NM,1129,160,0,12,0,0,0,0,13,0
2024-09-10,control_chattanooga,control,Chattanooga,TN,1022,0,0,0,0,0,0,0,0,0
2024-09-10,control_des_moines,control,Des Moines,IA,921,54,0,0,0,0,0,0,3,0
2024-09-10,control_shreveport,control,Shreveport,LA,900,0,0,0,0,0,0,0,0,0
2024-09-10,control_spokane,control,Spokane,WA,465,2,0,0,0,0,0,0,1,0
2024-09-10,control_syracuse,control,Syracuse,NY,794,1,0,0,0,0,0,0,0,0
2024-09-11,20240910_boulder,event,Boulder,CO,1862,1072,1,9,1,3,1,0,103,0
2024-09-11,20240911_denton,event,Denton,TX,2250,926,1,16,1,1,0,0,54,0
2024-09-11,control_albuquerque,control,Albuquerque,NM,1031,150,0,14,0,0,0,0,11,0
2024-09-11,control_chattanooga,control,Chattanooga,TN,928,1,0,0,0,0,0,0,1,0
2024-09-11,control_des_moines,control,Des Moines,IA,973,100,0,1,0,1,0,0,10,0
2024-09-11,control_shreveport,control,Shreveport,LA,754,1,0,0,0,0,0,0,0,0
2024-09-11,control_spokane,control,Spokane,WA,432,5,0,0,0,0,0,0,4,0
2024-09-11,control_syracuse,control,Syracuse,NY,809,1,0,0,0,0,0,0,0,0
2024-09-12,20240911_denton,event,Denton,TX,2535,938,1,15,1,1,2,0,63,0
2024-09-12,20240913_manhattan,event,Manhattan,KS,899,2,0,0,0,0,0,0,0,0
2024-09-12,control_albuquerque,control,Albuquerque,NM,1094,143,0,11,0,1,0,0,9,0
2024-09-12,control_chattanooga,control,Chattanooga,TN,993,0,0,0,0,0,0,0,0,0
2024-09-12,control_des_moines,control,Des Moines,IA,1044,104,0,2,1,0,0,0,12,0
2024-09-12,control_shreveport,control,Shreveport,LA,724,0,0,0,0,0,0,0,0,0
2024-09-12,control_spokane,control,Spokane,WA,375,8,0,0,0,0,0,0,1,0
2024-09-12,control_syracuse,control,Syracuse,NY,867,1,0,0,0,0,0,0,0,0
2024-09-13,20240913_manhattan,event,Manhattan,KS,951,0,0,0,0,0,0,0,0,0
2024-09-13,control_albuquerque,control,Albuquerque,NM,1080,171,0,15,0,0,1,0,13,0
2024-09-13,control_chattanooga,control,Chattanooga,TN,1027,0,0,0,0,0,0,0,0,0
2024-09-13,control_des_moines,control,Des Moines,IA,1122,101,0,2,0,1,0,0,9,0
2024-09-13,control_shreveport,control,Shreveport,LA,894,0,0,0,0,0,0,0,0,0
2024-09-13,control_spokane,control,Spokane,WA,470,5,0,0,0,1,0,0,0,0
2024-09-13,control_syracuse,control,Syracuse,NY,909,1,0,0,0,0,0,0,0,0
2024-09-14,20240913_manhattan,event,Manhattan,KS,759,0,0,0,0,0,0,0,0,0
2024-09-14,control_albuquerque,control,Albuquerque,NM,962,147,0,4,0,1,1,0,4,0
2024-09-14,control_chattanooga,control,Chattanooga,TN,831,0,0,0,0,0,0,0,0,0
2024-09-14,control_des_moines,control,Des Moines,IA,857,74,0,0,0,1,0,0,7,0
2024-09-14,control_shreveport,control,Shreveport,LA,744,0,0,0,0,0,0,0,0,0
2024-09-14,control_spokane,control,Spokane,WA,441,10,0,0,0,0,0,0,2,0
2024-09-14,control_syracuse,control,Syracuse,NY,774,1,0,0,0,0,0,0,0,0
2024-09-17,20240918_pittsburgh,event,Pittsburgh,PA,1469,44,0,0,0,0,0,0,10,0
2024-09-17,control_albuquerque,control,Albuquerque,NM,1067,147,0,13,0,1,0,0,8,0
2024-09-17,control_chattanooga,control,Chattanooga,TN,990,0,0,0,0,0,0,0,0,0
2024-09-17,control_des_moines,control,Des Moines,IA,855,95,1,1,0,0,0,0,11,0
2024-09-17,control_shreveport,control,Shreveport,LA,868,0,0,0,0,0,0,0,0,0
2024-09-17,control_spokane,control,Spokane,WA,447,5,0,0,0,0,0,0,0,0
2024-09-17,control_syracuse,control,Syracuse,NY,787,0,0,0,0,0,0,0,0,0
2024-09-19,20240918_pittsburgh,event,Pittsburgh,PA,24,1,0,0,0,0,0,0,0,0
2024-09-19,20240919_university_park,event,University Park,PA,22,0,0,0,0,0,0,0,0,0
2024-09-19,control_albuquerque,control,Albuquerque,NM,20,4,0,1,0,0,0,0,0,0
2024-09-19,control_des_moines,control,Des Moines,IA,12,0,0,0,0,0,0,0,0,0
2024-09-19,control_shreveport,control,Shreveport,LA,14,0,0,0,0,0,0,0,0,0
2024-09-19,control_spokane,control,Spokane,WA,9,0,0,0,0,0,0,0,0,0
2024-09-19,control_syracuse,control,Syracuse,NY,19,0,0,0,0,0,0,0,0,0
2024-09-19,control_chattanooga,control,Chattanooga,TN,17,0,0,0,0,0,0,0,0,0
2024-09-20,20240919_university_park,event,University Park,PA,1383,0,0,0,0,0,0,0,0,0
2024-09-20,control_albuquerque,control,Albuquerque,NM,1024,183,0,17,0,1,0,0,9,0
2024-09-20,control_chattanooga,control,Chattanooga,TN,1185,0,0,0,0,0,0,0,0,0
2024-09-20,control_des_moines,control,Des Moines,IA,955,0,0,0,0,0,0,0,0,0
2024-09-20,control_shreveport,control,Shreveport,LA,991,0,0,0,0,0,0,0,0,0
2024-09-20,control_spokane,control,Spokane,WA,474,9,0,0,0,0,0,0,2,0
2024-09-20,control_syracuse,control,Syracuse,NY,884,1,0,0,0,0,0,0,0,0
2024-09-29,20240930_missoula,event,Missoula,MT,16,0,0,0,0,0,0,0,0,0
2024-09-29,control_albuquerque,control,Albuquerque,NM,981,162,0,3,1,0,0,0,9,0
2024-09-29,control_chattanooga,control,Chattanooga,TN,996,2,0,0,0,0,0,0,2,0
2024-09-29,control_des_moines,control,Des Moines,IA,982,1,0,0,0,0,0,0,0,0
2024-09-29,control_shreveport,control,Shreveport,LA,827,0,0,0,0,0,0,0,0,0
2024-09-29,control_spokane,control,Spokane,WA,435,5,0,0,0,0,0,0,1,0
2024-09-29,control_syracuse,control,Syracuse,NY,866,0,0,0,0,0,0,0,0,0
2024-09-30,20240930_missoula,event,Missoula,MT,11,0,0,0,0,0,0,0,0,0
2024-09-30,control_albuquerque,control,Albuquerque,NM,997,145,1,5,0,1,0,0,8,0
2024-09-30,control_chattanooga,control,Chattanooga,TN,1019,0,0,0,0,0,0,0,0,0
2024-09-30,control_des_moines,control,Des Moines,IA,1015,0,0,0,0,0,0,0,0,0
2024-09-30,control_shreveport,control,Shreveport,LA,839,0,0,0,0,0,0,0,0,0
2024-09-30,control_spokane,control,Spokane,WA,464,3,0,0,0,0,0,0,0,0
2024-09-30,control_syracuse,control,Syracuse,NY,786,0,0,0,0,0,0,0,0,0
2024-10-01,20240930_missoula,event,Missoula,MT,7,0,0,0,0,0,0,0,0,0
2024-10-01,control_albuquerque,control,Albuquerque,NM,1006,135,0,11,0,0,0,0,7,0
2024-10-01,control_chattanooga,control,Chattanooga,TN,1005,0,0,0,0,0,0,0,0,0
2024-10-01,control_des_moines,control,Des Moines,IA,909,0,0,0,0,0,0,0,0,0
2024-10-01,control_shreveport,control,Shreveport,LA,844,1,0,1,0,0,0,0,0,0
2024-10-01,control_spokane,control,Spokane,WA,463,4,1,0,0,0,0,0,0,0
2024-10-01,control_syracuse,control,Syracuse,NY,782,0,0,0,0,0,0,0,0,0
2024-10-10,20241011_corvallis,event,Corvallis,OR,647,115,0,11,0,0,0,0,15,0
2024-10-10,control_albuquerque,control,Albuquerque,NM,1146,192,0,20,2,0,0,0,14,0
2024-10-10,control_chattanooga,control,Chattanooga,TN,978,0,0,0,0,0,0,0,0,0
2024-10-10,control_des_moines,control,Des Moines,IA,1090,111,0,0,0,0,0,0,16,0
2024-10-10,control_shreveport,control,Shreveport,LA,875,1,0,0,0,0,0,0,0,0
2024-10-10,control_spokane,control,Spokane,WA,407,5,1,0,0,0,0,0,2,0
2024-10-10,control_syracuse,control,Syracuse,NY,864,0,0,0,0,0,0,0,0,0
2024-10-11,20241011_corvallis,event,Corvallis,OR,794,152,0,8,0,0,0,0,13,0
2024-10-11,control_albuquerque,control,Albuquerque,NM,1233,226,0,16,3,0,0,0,17,0
2024-10-11,control_chattanooga,control,Chattanooga,TN,1141,0,0,0,0,0,0,0,0,0
2024-10-11,control_des_moines,control,Des Moines,IA,1049,108,0,0,1,1,0,0,14,0
2024-10-11,control_shreveport,control,Shreveport,LA,980,0,0,0,0,0,0,0,0,0
2024-10-11,control_spokane,control,Spokane,WA,440,7,0,0,0,0,0,0,2,0
2024-10-11,control_syracuse,control,Syracuse,NY,902,0,0,0,0,0,0,0,0,0
2024-10-12,20241011_corvallis,event,Corvallis,OR,737,180,1,1,1,1,0,0,21,0
2024-10-12,control_albuquerque,control,Albuquerque,NM,1062,187,0,7,0,1,0,0,8,0
2024-10-12,control_chattanooga,control,Chattanooga,TN,1067,0,0,0,0,0,0,0,0,0
2024-10-12,control_des_moines,control,Des Moines,IA,861,91,0,0,0,0,0,0,7,0
2024-10-12,control_shreveport,control,Shreveport,LA,805,1,0,0,0,0,0,0,0,0
2024-10-12,control_spokane,control,Spokane,WA,428,2,0,0,0,0,0,0,0,0
2024-10-12,control_syracuse,control,Syracuse,NY,751,1,0,0,0,0,0,0,0,0
2024-10-14,20241015_flagstaff,event,Flagstaff,AZ,1172,43,0,0,0,0,0,0,2,0
2024-10-14,control_albuquerque,control,Albuquerque,NM,1066,159,0,6,0,0,0,0,11,0
2024-10-14,control_chattanooga,control,Chattanooga,TN,1158,0,0,0,0,0,0,0,0,0
2024-10-14,control_des_moines,control,Des Moines,IA,962,98,0,0,0,0,0,0,9,0
2024-10-14,control_shreveport,control,Shreveport,LA,897,0,0,0,0,0,0,0,0,0
2024-10-14,control_spokane,control,Spokane,WA,448,3,0,0,0,0,0,0,0,0
2024-10-14,control_syracuse,control,Syracuse,NY,807,0,0,0,0,0,0,0,0,0
2024-10-15,20241015_flagstaff,event,Flagstaff,AZ,1242,52,1,0,1,0,0,0,4,0
2024-10-15,20241016_tucson,event,Tucson,AZ,888,59,0,6,1,0,0,0,4,0
2024-10-15,control_albuquerque,control,Albuquerque,NM,1085,169,0,12,0,0,0,0,10,0
2024-10-15,control_chattanooga,control,Chattanooga,TN,1157,0,0,0,0,0,0,0,0,0
2024-10-15,control_des_moines,control,Des Moines,IA,946,114,0,0,0,0,0,0,18,0
2024-10-15,control_shreveport,control,Shreveport,LA,900,3,0,0,0,0,0,0,0,0
2024-10-15,control_spokane,control,Spokane,WA,449,3,0,1,0,0,0,0,1,0
2024-10-15,control_syracuse,control,Syracuse,NY,834,0,0,0,0,0,0,0,0,0
2024-10-16,20241015_flagstaff,event,Flagstaff,AZ,1138,41,0,1,0,0,0,0,4,0
2024-10-16,20241016_tucson,event,Tucson,AZ,1010,61,0,4,1,0,0,0,5,0
2024-10-16,control_albuquerque,control,Albuquerque,NM,1119,160,0,13,0,0,0,0,12,0
2024-10-16,control_chattanooga,control,Chattanooga,TN,1106,0,0,0,0,0,0,0,0,0
2024-10-16,control_des_moines,control,Des Moines,IA,968,115,0,5,2,0,0,0,18,0
2024-10-16,control_shreveport,control,Shreveport,LA,884,0,0,0,0,0,0,0,0,0
2024-10-16,control_spokane,control,Spokane,WA,393,3,0,0,0,0,0,0,1,0
2024-10-16,control_syracuse,control,Syracuse,NY,822,1,0,1,0,0,0,0,0,0
2024-10-17,20241016_tucson,event,Tucson,AZ,1008,86,0,6,0,0,1,0,10,0
2024-10-17,control_albuquerque,control,Albuquerque,NM,1080,146,0,11,0,0,0,0,9,0
2024-10-17,control_chattanooga,control,Chattanooga,TN,1216,0,0,0,0,0,0,0,0,0
2024-10-17,control_des_moines,control,Des Moines,IA,974,92,0,4,1,0,0,0,10,0
2024-10-17,control_shreveport,control,Shreveport,LA,930,0,0,0,0,0,0,0,0,0
2024-10-17,control_spokane,control,Spokane,WA,392,5,0,0,0,0,0,0,0,0
2024-10-17,control_syracuse,control,Syracuse,NY,856,0,0,0,0,0,0,0,0,0
2024-10-20,20241021_atlanta,event,Atlanta,GA,2445,1002,0,8,2,2,25,0,51,0
2024-10-20,20241021_chapel_hill,event,Chapel Hill,NC,1775,224,0,3,0,0,0,0,11,0
2024-10-20,control_albuquerque,control,Albuquerque,NM,841,128,0,1,0,0,0,0,10,0
2024-10-20,control_chattanooga,control,Chattanooga,TN,1272,0,0,0,0,0,0,0,0,0
2024-10-20,control_des_moines,control,Des Moines,IA,910,84,0,1,0,0,0,0,7,0
2024-10-20,control_shreveport,control,Shreveport,LA,910,0,0,0,0,0,0,0,0,0
2024-10-20,control_spokane,control,Spokane,WA,382,3,0,0,0,0,0,0,0,0
2024-10-20,control_syracuse,control,Syracuse,NY,865,0,0,0,0,0,0,0,0,0
2024-10-21,20241021_atlanta,event,Atlanta,GA,2412,1043,1,9,0,1,22,0,67,0
2024-10-21,20241021_chapel_hill,event,Chapel Hill,NC,1728,232,1,3,0,0,1,0,14,0
2024-10-21,20241022_athens,event,Athens,GA,1604,85,0,0,0,0,0,0,18,0
2024-10-21,20241022_omaha,event,Omaha,NE,949,11,0,3,0,0,0,0,0,0
2024-10-21,control_albuquerque,control,Albuquerque,NM,1196,163,0,10,0,0,0,0,11,0
2024-10-21,control_chattanooga,control,Chattanooga,TN,1217,0,0,0,0,0,0,0,0,0
2024-10-21,control_des_moines,control,Des Moines,IA,916,88,0,1,0,0,0,0,6,0
2024-10-21,control_shreveport,control,Shreveport,LA,946,0,0,0,0,0,0,0,0,0
2024-10-21,control_spokane,control,Spokane,WA,382,1,0,0,0,0,0,0,0,0
2024-10-21,control_syracuse,control,Syracuse,NY,799,0,0,0,0,0,0,0,0,0
2024-10-22,20241021_atlanta,event,Atlanta,GA,2373,1059,0,12,1,4,13,0,65,0
2024-10-22,20241021_chapel_hill,event,Chapel Hill,NC,1660,201,1,5,0,0,0,0,12,0
2024-10-22,20241022_athens,event,Athens,GA,1550,83,0,0,0,0,0,0,18,0
2024-10-22,20241022_omaha,event,Omaha,NE,797,13,0,5,0,0,0,0,0,0
2024-10-22,20241023_duluth,event,Duluth,GA,2313,1051,0,12,1,4,13,0,63,0
2024-10-22,control_albuquerque,control,Albuquerque,NM,1059,162,0,20,2,0,1,0,7,0
2024-10-22,control_chattanooga,control,Chattanooga,TN,1167,0,0,0,0,0,0,0,0,0
2024-10-22,control_des_moines,control,Des Moines,IA,742,91,0,0,0,0,0,0,12,0
2024-10-22,control_shreveport,control,Shreveport,LA,876,0,0,0,0,0,0,0,0,0
2024-10-22,control_spokane,control,Spokane,WA,395,1,0,0,0,0,0,0,0,0
2024-10-22,control_syracuse,control,Syracuse,NY,777,0,0,0,0,0,0,0,0,0
2024-10-23,20241022_athens,event,Athens,GA,1521,76,1,0,0,0,0,0,23,0
2024-10-23,20241022_omaha,event,Omaha,NE,969,12,0,3,0,0,0,0,0,0
2024-10-23,20241023_duluth,event,Duluth,GA,2288,1004,1,13,1,7,20,0,67,0
2024-10-23,20241024_las_vegas,event,Las Vegas,NV,1549,69,0,5,0,3,3,0,13,0
2024-10-23,control_albuquerque,control,Albuquerque,NM,1059,161,0,15,0,0,0,0,7,0
2024-10-23,control_chattanooga,control,Chattanooga,TN,1204,0,0,0,0,0,0,0,0,0
2024-10-23,control_des_moines,control,Des Moines,IA,919,107,0,2,0,0,0,0,18,0
2024-10-23,control_shreveport,control,Shreveport,LA,913,0,0,0,0,0,0,0,0,0
2024-10-23,control_spokane,control,Spokane,WA,373,0,0,0,0,0,0,0,0,0
2024-10-23,control_syracuse,control,Syracuse,NY,723,1,0,0,0,0,0,0,0,0
2024-10-24,20241023_duluth,event,Duluth,GA,2386,1026,1,9,3,4,27,0,80,0
2024-10-24,20241024_las_vegas,event,Las Vegas,NV,1803,105,1,4,3,3,1,0,11,0
2024-10-24,control_albuquerque,control,Albuquerque,NM,1192,186,0,17,0,0,0,0,7,0
2024-10-24,control_chattanooga,control,Chattanooga,TN,1288,0,0,0,0,0,0,0,0,0
2024-10-24,control_des_moines,control,Des Moines,IA,936,109,0,2,0,0,0,0,16,0
2024-10-24,control_shreveport,control,Shreveport,LA,957,0,0,0,0,0,0,0,0,0
2024-10-24,control_spokane,control,Spokane,WA,395,2,0,0,0,0,1,0,0,0
2024-10-24,control_syracuse,control,Syracuse,NY,822,0,0,0,0,0,0,0,0,0
2024-10-25,20241024_las_vegas,event,Las Vegas,NV,1657,76,0,1,5,2,0,0,9,0
2024-10-25,control_albuquerque,control,Albuquerque,NM,1216,173,0,20,0,0,0,0,8,0
2024-10-25,control_chattanooga,control,Chattanooga,TN,1269,0,0,0,0,0,0,0,0,0
2024-10-25,control_des_moines,control,Des Moines,IA,893,106,0,0,0,0,0,0,13,0
2024-10-25,control_shreveport,control,Shreveport,LA,1029,0,0,0,0,0,0,0,0,0
2024-10-25,control_spokane,control,Spokane,WA,429,0,0,0,0,0,0,0,0,0
2024-10-25,control_syracuse,control,Syracuse,NY,818,0,0,0,0,0,0,0,0,0
2024-10-27,20241028_phoenix,event,Phoenix,AZ,2345,1225,1,13,10,1,50,0,87,0
2024-10-27,control_albuquerque,control,Albuquerque,NM,1003,144,0,3,0,0,0,0,5,0
2024-10-27,control_chattanooga,control,Chattanooga,TN,1165,0,0,0,0,0,0,0,0,0
2024-10-27,control_des_moines,control,Des Moines,IA,939,94,0,1,1,1,0,0,9,0
2024-10-27,control_shreveport,control,Shreveport,LA,919,0,0,0,0,0,0,0,0,0
2024-10-27,control_spokane,control,Spokane,WA,342,4,0,0,0,0,0,0,1,0
2024-10-27,control_syracuse,control,Syracuse,NY,750,0,0,0,0,0,0,0,0,0
2024-10-29,20241028_phoenix,event,Phoenix,AZ,126,46,0,0,0,0,1,0,4,0
2024-10-29,20241030_greenville,event,Greenville,NC,60,1,0,0,0,0,0,0,0,0
2024-10-29,control_albuquerque,control,Albuquerque,NM,57,8,0,1,0,0,0,0,0,0
2024-10-29,control_chattanooga,control,Chattanooga,TN,62,0,0,0,0,0,0,0,0,0
2024-10-29,control_des_moines,control,Des Moines,IA,38,3,0,0,0,0,0,0,2,0
2024-10-29,control_shreveport,control,Shreveport,LA,32,0,0,0,0,0,0,0,0,0
2024-10-29,control_spokane,control,Spokane,WA,17,0,0,0,0,0,0,0,0,0
2024-10-29,control_syracuse,control,Syracuse,NY,36,0,0,0,0,0,0,0,0,0
2024-10-30,20241030_greenville,event,Greenville,NC,1198,0,0,0,0,0,0,0,0,0
2024-10-30,20241031_high_point,event,High Point,NC,1591,4,0,1,0,0,0,0,0,0
2024-10-30,control_albuquerque,control,Albuquerque,NM,1185,150,0,11,0,0,0,0,9,0
2024-10-30,control_chattanooga,control,Chattanooga,TN,1107,1,0,0,0,0,0,0,0,0
2024-10-30,control_des_moines,control,Des Moines,IA,534,79,0,1,1,0,0,0,14,0
2024-10-30,control_shreveport,control,Shreveport,LA,825,0,0,0,0,0,0,0,0,0
2024-10-30,control_spokane,control,Spokane,WA,340,0,0,0,0,0,0,0,0,0
2024-10-30,control_syracuse,control,Syracuse,NY,696,0,0,0,0,0,0,0,0,0
2024-10-31,20241030_greenville,event,Greenville,NC,1208,3,0,0,0,0,0,0,0,0
2024-10-31,20241031_high_point,event,High Point,NC,1584,3,0,0,0,0,0,0,2,0
2024-10-31,control_albuquerque,control,Albuquerque,NM,1071,158,0,16,0,1,0,0,9,0
2024-10-31,control_chattanooga,control,Chattanooga,TN,1102,0,0,0,0,0,0,0,0,0
2024-10-31,control_des_moines,control,Des Moines,IA,798,98,0,0,0,1,0,0,10,0
2024-10-31,control_shreveport,control,Shreveport,LA,513,0,0,0,0,0,0,0,0,0
2024-10-31,control_spokane,control,Spokane,WA,342,5,0,0,0,0,0,0,1,0
2024-10-31,control_syracuse,control,Syracuse,NY,749,0,0,0,0,0,0,0,0,0
2024-11-01,20241031_high_point,event,High Point,NC,1565,3,0,0,0,0,0,0,0,0
2024-11-01,control_albuquerque,control,Albuquerque,NM,1068,185,0,25,0,2,0,0,7,0
2024-11-01,control_chattanooga,control,Chattanooga,TN,1121,0,0,0,0,0,0,0,0,0
2024-11-01,control_des_moines,control,Des Moines,IA,953,110,0,0,1,1,0,0,11,0
2024-11-01,control_shreveport,control,Shreveport,LA,851,1,0,1,0,0,0,0,0,0
2024-11-01,control_spokane,control,Spokane,WA,336,3,0,0,0,0,0,0,0,0
2024-11-01,control_syracuse,control,Syracuse,NY,688,1,0,0,0,0,0,0,0,0
2024-12-19,20241219_phoenix,event,Phoenix,AZ,1514,703,0,7,7,2,20,0,55,0
2024-12-19,20241220_phoenix,event,Phoenix,AZ,1514,703,0,7,7,2,20,0,55,0
2024-12-19,control_albuquerque,control,Albuquerque,NM,658,83,0,6,0,1,0,0,6,0
2024-12-19,control_chattanooga,control,Chattanooga,TN,660,0,0,0,0,0,0,0,0,0
2024-12-19,control_des_moines,control,Des Moines,IA,442,0,0,0,0,0,0,0,0,0
2024-12-19,control_shreveport,control,Shreveport,LA,594,1,0,0,0,0,0,0,0,0
2024-12-19,control_spokane,control,Spokane,WA,214,0,0,0,0,0,0,0,0,0
2024-12-19,control_syracuse,control,Syracuse,NY,455,0,0,0,0,0,0,0,0,0
2024-12-20,20241219_phoenix,event,Phoenix,AZ,2528,1305,2,14,10,4,80,0,77,0
2024-12-20,20241220_phoenix,event,Phoenix,AZ,2528,1305,2,14,10,4,80,0,77,0
2024-12-20,20241221_phoenix,event,Phoenix,AZ,2528,1305,2,14,10,4,80,0,77,0
2024-12-20,control_albuquerque,control,Albuquerque,NM,1155,147,0,10,0,0,0,0,8,0
2024-12-20,control_chattanooga,control,Chattanooga,TN,1123,0,0,0,0,0,0,0,0,0
2024-12-20,control_des_moines,control,Des Moines,IA,914,0,0,0,0,0,0,0,0,0
2024-12-20,control_shreveport,control,Shreveport,LA,1027,0,0,0,0,0,0,0,0,0
2024-12-20,control_spokane,control,Spokane,WA,365,0,0,0,0,0,0,0,0,0
2024-12-20,control_syracuse,control,Syracuse,NY,717,0,0,0,0,0,0,0,0,0
2024-12-21,20241220_phoenix,event,Phoenix,AZ,2267,1218,2,9,8,2,52,0,74,0
2024-12-21,20241221_phoenix,event,Phoenix,AZ,2267,1218,2,9,8,2,52,0,74,0
2024-12-21,20241222_phoenix,event,Phoenix,AZ,2267,1218,2,9,8,2,52,0,74,0
2024-12-21,control_albuquerque,control,Albuquerque,NM,1035,152,0,6,0,1,1,0,8,0
2024-12-21,control_chattanooga,control,Chattanooga,TN,1076,0,0,0,0,0,0,0,0,0
2024-12-21,control_des_moines,control,Des Moines,IA,899,0,0,0,0,0,0,0,0,0
2024-12-21,control_shreveport,control,Shreveport,LA,930,0,0,0,0,0,0,0,0,0
2024-12-21,control_spokane,control,Spokane,WA,354,1,0,0,0,0,0,0,1,0
2024-12-21,control_syracuse,control,Syracuse,NY,679,1,0,0,0,0,0,0,0,0
2024-12-22,20241221_phoenix,event,Phoenix,AZ,2131,1149,1,4,9,4,55,0,59,0
2024-12-22,20241222_phoenix,event,Phoenix,AZ,2131,1149,1,4,9,4,55,0,59,0
2024-12-22,control_albuquerque,control,Albuquerque,NM,1010,134,1,3,0,0,1,0,5,0
2024-12-22,control_chattanooga,control,Chattanooga,TN,1057,0,0,0,0,0,0,0,0,0
2024-12-22,control_des_moines,control,Des Moines,IA,851,0,0,0,0,0,0,0,0,0
2024-12-22,control_shreveport,control,Shreveport,LA,916,0,0,0,0,0,0,0,0,0
2024-12-22,control_spokane,control,Spokane,WA,337,0,0,0,0,0,0,0,0,0
2024-12-22,control_syracuse,control,Syracuse,NY,699,2,0,0,0,0,0,0,0,0
2024-12-23,20241222_phoenix,event,Phoenix,AZ,2188,1120,2,8,3,5,42,0,65,0
2024-12-23,control_albuquerque,control,Albuquerque,NM,972,138,0,5,0,0,0,0,4,0
2024-12-23,control_chattanooga,control,Chattanooga,TN,1083,0,0,0,0,0,0,0,0,0
2024-12-23,control_des_moines,control,Des Moines,IA,830,0,0,0,0,0,0,0,0,0
2024-12-23,control_shreveport,control,Shreveport,LA,811,1,0,0,0,0,0,0,1,0
2024-12-23,control_spokane,control,Spokane,WA,329,0,0,0,0,0,0,0,0,0
2024-12-23,control_syracuse,control,Syracuse,NY,667,1,0,0,0,0,0,0,0,0
2025-01-19,20250119_washington,event,Washington,DC,1885,736,0,4,20,1,2,0,69,0
2025-01-19,20250120_washington,event,Washington,DC,1885,736,0,4,20,1,2,0,69,0
2025-01-19,control_albuquerque,control,Albuquerque,NM,803,109,0,5,0,0,0,0,7,0
2025-01-19,control_chattanooga,control,Chattanooga,TN,839,0,0,0,0,0,0,0,0,0
2025-01-19,control_des_moines,control,Des Moines,IA,621,70,0,0,0,1,0,0,4,0
2025-01-19,control_shreveport,control,Shreveport,LA,711,0,0,0,0,0,0,0,0,0
2025-01-19,control_spokane,control,Spokane,WA,264,0,0,0,0,0,0,0,0,0
2025-01-19,control_syracuse,control,Syracuse,NY,470,0,0,0,0,0,0,0,0,0
2025-01-20,20250119_washington,event,Washington,DC,2360,916,0,3,23,0,3,0,82,0
2025-01-20,20250120_washington,event,Washington,DC,2360,916,0,3,23,0,3,0,82,0
2025-01-20,control_albuquerque,control,Albuquerque,NM,894,120,0,9,0,0,0,0,10,0
2025-01-20,control_chattanooga,control,Chattanooga,TN,1203,0,0,0,0,0,0,0,0,0
2025-01-20,control_des_moines,control,Des Moines,IA,667,79,0,0,0,1,0,0,8,0
2025-01-20,control_shreveport,control,Shreveport,LA,778,0,0,0,0,0,0,0,0,0
2025-01-20,control_spokane,control,Spokane,WA,293,0,0,0,0,0,0,0,0,0
2025-01-20,control_syracuse,control,Syracuse,NY,585,0,0,0,0,0,0,0,0,0
2025-01-21,20250120_washington,event,Washington,DC,2835,1082,0,8,25,3,7,0,134,0
2025-01-21,control_albuquerque,control,Albuquerque,NM,925,129,1,8,1,0,0,0,10,0
2025-01-21,control_chattanooga,control,Chattanooga,TN,1078,1,0,0,0,0,0,0,0,0
2025-01-21,control_des_moines,control,Des Moines,IA,780,100,0,1,0,2,0,0,10,0
2025-01-21,control_shreveport,control,Shreveport,LA,592,0,0,0,0,0,0,0,0,0
2025-01-21,control_spokane,control,Spokane,WA,317,0,0,0,0,0,0,0,0,0
2025-01-21,control_syracuse,control,Syracuse,NY,619,0,0,0,0,0,0,0,0,0
2025-02-17,20250218_phoenix,event,Phoenix,AZ,2624,1407,0,11,10,1,69,0,112,0
2025-02-17,control_albuquerque,control,Albuquerque,NM,946,144,0,9,0,0,1,0,10,0
2025-02-17,control_chattanooga,control,Chattanooga,TN,1160,1,0,0,0,0,0,0,0,0
2025-02-17,control_des_moines,control,Des Moines,IA,811,81,0,0,0,1,0,0,8,0
2025-02-17,control_shreveport,control,Shreveport,LA,946,0,0,0,0,0,0,0,0,0
2025-02-17,control_spokane,control,Spokane,WA,321,1,0,0,0,0,0,0,1,0
2025-02-17,control_syracuse,control,Syracuse,NY,574,3,0,0,0,0,0,0,0,0
2025-02-19,20250218_phoenix,event,Phoenix,AZ,1688,824,1,9,8,2,41,0,57,0
2025-02-19,20250219_phoenix,event,Phoenix,AZ,1688,824,1,9,8,2,41,0,57,0
2025-02-19,20250220_tampa,event,Tampa,FL,1182,255,0,8,2,0,0,0,29,0
2025-02-19,control_albuquerque,control,Albuquerque,NM,651,89,0,7,0,0,0,0,5,0
2025-02-19,control_chattanooga,control,Chattanooga,TN,612,0,0,0,0,0,0,0,0,0
2025-02-19,control_des_moines,control,Des Moines,IA,478,61,0,1,0,1,0,0,9,0
2025-02-19,control_shreveport,control,Shreveport,LA,478,0,0,0,0,0,0,0,0,0
2025-02-19,control_spokane,control,Spokane,WA,202,1,0,0,0,0,0,0,0,0
2025-02-19,control_syracuse,control,Syracuse,NY,409,0,0,0,0,0,0,0,0,0
2025-02-20,20250219_phoenix,event,Phoenix,AZ,2989,1380,1,20,14,2,85,0,109,0
2025-02-20,20250220_tampa,event,Tampa,FL,2164,445,1,8,3,0,0,0,51,0
2025-02-20,control_albuquerque,control,Albuquerque,NM,1019,144,0,15,1,1,0,0,7,0
2025-02-20,control_chattanooga,control,Chattanooga,TN,1143,1,0,0,0,0,0,0,0,0
2025-02-20,control_des_moines,control,Des Moines,IA,768,95,0,2,0,0,0,0,15,0
2025-02-20,control_shreveport,control,Shreveport,LA,970,0,0,0,0,0,0,0,0,0
2025-02-20,control_spokane,control,Spokane,WA,327,1,0,0,0,0,0,0,0,0
2025-02-20,control_syracuse,control,Syracuse,NY,663,0,0,0,0,0,0,0,0,0
2025-02-21,20250220_tampa,event,Tampa,FL,2526,526,0,11,2,0,0,0,56,0
2025-02-21,control_albuquerque,control,Albuquerque,NM,1136,173,0,16,0,0,0,0,10,0
2025-02-21,control_chattanooga,control,Chattanooga,TN,1286,0,0,0,0,0,0,0,0,0
2025-02-21,control_des_moines,control,Des Moines,IA,975,103,0,1,0,1,0,0,12,0
2025-02-21,control_shreveport,control,Shreveport,LA,973,1,0,0,0,0,0,0,0,0
2025-02-21,control_spokane,control,Spokane,WA,401,0,0,0,0,0,0,0,0,0
2025-02-21,control_syracuse,control,Syracuse,NY,683,1,0,0,0,0,0,0,0,0
2025-02-26,20250227_gainesville,event,Gainesville,FL,1886,22,0,0,0,0,0,0,9,0
2025-02-26,control_albuquerque,control,Albuquerque,NM,1054,145,0,19,0,0,0,0,8,0
2025-02-26,control_chattanooga,control,Chattanooga,TN,1205,0,0,0,0,0,0,0,0,0
2025-02-26,control_des_moines,control,Des Moines,IA,830,97,0,2,2,0,0,0,12,0
2025-02-26,control_shreveport,control,Shreveport,LA,880,2,0,0,0,0,0,0,0,0
2025-02-26,control_spokane,control,Spokane,WA,363,0,0,0,0,0,0,0,0,0
2025-02-26,control_syracuse,control,Syracuse,NY,640,0,0,0,0,0,0,0,0,0
2025-02-27,20250227_gainesville,event,Gainesville,FL,2010,25,0,0,0,0,1,0,2,0
2025-02-27,20250228_tallahassee,event,Tallahassee,FL,1221,3,0,0,0,1,0,0,0,0
2025-02-27,control_albuquerque,control,Albuquerque,NM,1059,147,0,18,0,0,1,0,9,0
2025-02-27,control_chattanooga,control,Chattanooga,TN,1272,0,0,0,0,0,0,0,0,0
2025-02-27,control_des_moines,control,Des Moines,IA,924,102,0,1,0,0,0,0,10,0
2025-02-27,control_shreveport,control,Shreveport,LA,966,1,0,0,0,0,0,0,0,0
2025-02-27,control_spokane,control,Spokane,WA,394,0,0,0,0,0,0,0,0,0
2025-02-27,control_syracuse,control,Syracuse,NY,618,0,0,0,0,0,0,0,0,0
2025-02-28,20250227_gainesville,event,Gainesville,FL,104,1,0,0,0,0,0,0,1,0
2025-02-28,20250228_tallahassee,event,Tallahassee,FL,62,0,0,0,0,0,0,0,0,0
2025-02-28,control_albuquerque,control,Albuquerque,NM,63,14,0,1,0,0,0,0,0,0
2025-02-28,control_chattanooga,control,Chattanooga,TN,70,0,0,0,0,0,0,0,0,0
2025-02-28,control_des_moines,control,Des Moines,IA,52,7,0,0,0,1,0,0,1,0
2025-02-28,control_shreveport,control,Shreveport,LA,46,0,0,0,0,0,0,0,0,0
2025-02-28,control_spokane,control,Spokane,WA,15,0,0,0,0,0,0,0,0,0
2025-02-28,control_syracuse,control,Syracuse,NY,39,0,0,0,0,0,0,0,0,0
2025-03-01,20250228_tallahassee,event,Tallahassee,FL,1224,4,0,0,0,0,0,0,0,0
2025-03-01,control_albuquerque,control,Albuquerque,NM,986,138,0,4,0,0,0,0,4,0
2025-03-01,control_chattanooga,control,Chattanooga,TN,1157,0,0,0,0,0,0,0,0,0
2025-03-01,control_des_moines,control,Des Moines,IA,860,89,0,0,0,0,0,0,7,0
2025-03-01,control_shreveport,control,Shreveport,LA,879,1,0,0,0,0,0,0,0,0
2025-03-01,control_spokane,control,Spokane,WA,361,0,0,0,0,0,0,0,0,0
2025-03-01,control_syracuse,control,Syracuse,NY,580,0,0,0,0,0,0,0,0,0
2025-03-02,20250303_los_angeles,event,Los Angeles,CA,2554,1351,0,1,6,4,42,0,53,0
2025-03-02,control_albuquerque,control,Albuquerque,NM,834,104,0,0,0,0,0,0,2,0
2025-03-02,control_chattanooga,control,Chattanooga,TN,1133,0,0,0,0,0,0,0,0,0
2025-03-02,control_des_moines,control,Des Moines,IA,932,96,0,0,0,0,0,0,12,0
2025-03-02,control_shreveport,control,Shreveport,LA,875,1,0,0,0,0,0,0,0,0
2025-03-02,control_spokane,control,Spokane,WA,331,1,0,0,0,0,0,0,1,0
2025-03-02,control_syracuse,control,Syracuse,NY,603,1,0,0,0,0,0,0,0,0
2025-03-03,20250303_los_angeles,event,Los Angeles,CA,3072,1529,1,13,8,6,49,0,77,0
2025-03-03,control_albuquerque,control,Albuquerque,NM,857,102,0,3,0,0,0,0,11,0
2025-03-03,control_chattanooga,control,Chattanooga,TN,1172,0,0,0,0,0,0,0,0,0
2025-03-03,control_des_moines,control,Des Moines,IA,941,100,0,1,1,1,0,0,10,0
2025-03-03,control_shreveport,control,Shreveport,LA,823,0,0,0,0,0,0,0,0,0
2025-03-03,control_spokane,control,Spokane,WA,336,2,0,0,0,0,0,0,1,0
2025-03-03,control_syracuse,control,Syracuse,NY,661,0,0,0,0,0,0,0,0,0
2025-03-04,20250303_los_angeles,event,Los Angeles,CA,3708,1726,0,24,4,10,50,0,114,0
2025-03-04,control_albuquerque,control,Albuquerque,NM,811,102,0,4,1,0,0,0,3,0
2025-03-04,control_chattanooga,control,Chattanooga,TN,1097,1,0,0,0,0,0,0,0,0
2025-03-04,control_des_moines,control,Des Moines,IA,832,83,0,0,0,0,0,0,11,0
2025-03-04,control_shreveport,control,Shreveport,LA,496,0,0,0,0,0,0,0,0,0
2025-03-04,control_spokane,control,Spokane,WA,374,0,0,0,0,0,0,0,0,0
2025-03-04,control_syracuse,control,Syracuse,NY,672,1,0,0,0,0,0,0,0,0
2025-03-12,20250313_knoxville,event,Knoxville,TN,1320,3,0,0,0,0,0,0,0,0
2025-03-12,control_albuquerque,control,Albuquerque,NM,1075,146,0,10,0,0,0,0,11,0
2025-03-12,control_chattanooga,control,Chattanooga,TN,1254,0,0,0,0,0,0,0,0,0
2025-03-12,control_des_moines,control,Des Moines,IA,1031,121,0,1,0,0,0,0,13,0
2025-03-12,control_shreveport,control,Shreveport,LA,913,1,0,0,0,0,0,0,0,0
2025-03-12,control_spokane,control,Spokane,WA,348,0,0,0,0,0,0,0,0,0
2025-03-12,control_syracuse,control,Syracuse,NY,687,0,0,0,0,0,0,0,0,0
2025-03-13,20250313_knoxville,event,Knoxville,TN,1358,0,0,0,0,0,0,0,0,0
2025-03-13,control_albuquerque,control,Albuquerque,NM,1062,152,0,14,1,0,0,0,10,0
2025-03-13,control_chattanooga,control,Chattanooga,TN,1336,0,0,0,0,0,0,0,0,0
2025-03-13,control_des_moines,control,Des Moines,IA,989,119,0,1,0,0,0,0,16,0
2025-03-13,control_shreveport,control,Shreveport,LA,948,1,0,0,0,0,0,0,1,0
2025-03-13,control_spokane,control,Spokane,WA,340,0,0,0,0,0,0,0,0,0
2025-03-13,control_syracuse,control,Syracuse,NY,697,0,0,0,0,0,0,0,0,0
2025-03-14,20250313_knoxville,event,Knoxville,TN,1242,3,0,0,0,0,0,0,0,0
2025-03-14,control_albuquerque,control,Albuquerque,NM,1030,110,0,6,0,0,0,0,6,0
2025-03-14,control_chattanooga,control,Chattanooga,TN,1282,0,0,0,0,0,0,0,0,0
2025-03-14,control_des_moines,control,Des Moines,IA,910,94,0,2,0,1,0,0,6,0
2025-03-14,control_shreveport,control,Shreveport,LA,989,0,0,0,0,0,0,0,0,0
2025-03-14,control_spokane,control,Spokane,WA,403,3,0,0,0,0,0,0,0,0
2025-03-14,control_syracuse,control,Syracuse,NY,761,1,0,0,0,0,0,0,0,0
2025-03-17,20250318_gainesville,event,Gainesville,GA,2154,121,0,12,0,1,0,0,14,0
2025-03-17,control_albuquerque,control,Albuquerque,NM,1091,123,0,7,0,0,0,0,4,0
2025-03-17,control_chattanooga,control,Chattanooga,TN,1293,0,0,0,0,0,0,0,0,0
2025-03-17,control_des_moines,control,Des Moines,IA,881,79,0,0,0,0,0,0,9,0
2025-03-17,control_shreveport,control,Shreveport,LA,980,4,0,0,0,0,0,0,1,0
2025-03-17,control_spokane,control,Spokane,WA,342,4,0,0,0,0,1,0,0,0
2025-03-17,control_syracuse,control,Syracuse,NY,720,1,0,0,0,0,0,0,0,0
2025-03-20,20250319_gainesville,event,Gainesville,GA,2021,124,0,11,0,0,0,0,18,0
2025-03-20,20250320_gainesville,event,Gainesville,GA,2021,124,0,11,0,0,0,0,18,0
2025-03-20,control_albuquerque,control,Albuquerque,NM,1195,168,0,15,1,0,0,0,12,0
2025-03-20,control_chattanooga,control,Chattanooga,TN,1270,0,0,0,0,0,0,0,0,0
2025-03-20,control_des_moines,control,Des Moines,IA,922,3,0,1,0,0,0,0,0,0
2025-03-20,control_shreveport,control,Shreveport,LA,995,0,0,0,0,0,0,0,0,0
2025-03-20,control_spokane,control,Spokane,WA,355,0,0,0,0,0,0,0,0,0
2025-03-20,control_syracuse,control,Syracuse,NY,685,1,0,0,0,0,0,0,0,0
2025-03-21,20250320_gainesville,event,Gainesville,GA,2426,174,0,7,0,0,0,0,28,0
2025-03-21,control_albuquerque,control,Albuquerque,NM,1108,150,0,18,0,0,0,0,6,0
2025-03-21,control_chattanooga,control,Chattanooga,TN,1402,1,0,0,0,0,0,0,0,0
2025-03-21,control_des_moines,control,Des Moines,IA,955,1,0,0,0,0,0,0,0,0
2025-03-21,control_shreveport,control,Shreveport,LA,1001,3,0,0,0,0,0,0,0,0
2025-03-21,control_spokane,control,Spokane,WA,370,0,0,0,0,0,0,0,0,0
2025-03-21,control_syracuse,control,Syracuse,NY,768,1,0,0,0,0,0,0,0,0
2025-04-07,20250408_normal,event,Normal,IL,1047,6,0,0,0,0,0,0,1,0
2025-04-07,20250408_urbana,event,Urbana,IL,1085,9,0,0,0,0,0,0,0,0
2025-04-07,control_albuquerque,control,Albuquerque,NM,1018,130,0,7,1,0,1,0,8,0
2025-04-07,control_chattanooga,control,Chattanooga,TN,1088,0,0,0,0,0,0,0,0,0
2025-04-07,control_des_moines,control,Des Moines,IA,907,4,0,0,0,0,0,0,0,0
2025-04-07,control_shreveport,control,Shreveport,LA,955,2,0,0,0,0,0,0,1,0
2025-04-07,control_spokane,control,Spokane,WA,330,0,0,0,0,0,0,0,0,0
2025-04-07,control_syracuse,control,Syracuse,NY,719,0,0,0,0,0,0,0,0,0
2025-04-08,20250408_normal,event,Normal,IL,498,3,0,0,0,0,0,0,0,0
2025-04-08,20250408_urbana,event,Urbana,IL,546,6,0,0,0,0,0,0,0,0
2025-04-08,control_albuquerque,control,Albuquerque,NM,478,65,0,7,0,0,0,0,5,0
2025-04-08,control_chattanooga,control,Chattanooga,TN,497,0,0,0,0,0,0,0,0,0
2025-04-08,control_des_moines,control,Des Moines,IA,392,3,0,0,0,0,0,0,0,0
2025-04-08,control_shreveport,control,Shreveport,LA,424,0,0,0,0,0,0,0,0,0
2025-04-08,control_spokane,control,Spokane,WA,152,0,0,0,0,0,0,0,0,0
2025-04-08,control_syracuse,control,Syracuse,NY,284,0,0,0,0,0,0,0,0,0
2025-04-09,20250408_normal,event,Normal,IL,1018,8,0,0,0,0,0,0,1,0
2025-04-09,20250408_urbana,event,Urbana,IL,1108,12,0,0,0,0,0,0,2,0
2025-04-09,20250410_west_lafayette,event,West Lafayette,IN,1332,5,0,0,0,0,0,0,1,0
2025-04-09,control_albuquerque,control,Albuquerque,NM,1150,158,0,16,1,0,0,0,12,0
2025-04-09,control_chattanooga,control,Chattanooga,TN,1217,0,0,0,0,0,0,0,0,0
2025-04-09,control_des_moines,control,Des Moines,IA,882,3,0,0,0,0,0,0,1,0
2025-04-09,control_shreveport,control,Shreveport,LA,925,0,0,0,0,0,0,0,0,0
2025-04-09,control_spokane,control,Spokane,WA,402,2,0,0,0,0,0,0,0,0
2025-04-09,control_syracuse,control,Syracuse,NY,745,0,0,0,0,0,0,0,0,0
2025-04-10,20250410_west_lafayette,event,West Lafayette,IN,1490,7,0,0,0,0,0,0,0,0
2025-04-10,20250411_east_lansing,event,East Lansing,MI,1074,1,0,0,0,0,0,0,1,0
2025-04-10,control_albuquerque,control,Albuquerque,NM,1153,179,0,21,0,0,0,0,13,0
2025-04-10,control_chattanooga,control,Chattanooga,TN,1271,0,0,0,0,0,0,0,0,0
2025-04-10,control_des_moines,control,Des Moines,IA,956,4,0,0,0,0,0,0,0,0
2025-04-10,control_shreveport,control,Shreveport,LA,972,1,0,0,0,0,0,0,0,0
2025-04-10,control_spokane,control,Spokane,WA,400,0,0,0,0,0,0,0,0,0
2025-04-10,control_syracuse,control,Syracuse,NY,705,0,0,0,0,0,0,0,0,0
2025-04-11,20250410_west_lafayette,event,West Lafayette,IN,1483,9,0,0,0,0,0,0,1,0
2025-04-11,20250411_east_lansing,event,East Lansing,MI,1342,16,0,0,0,0,0,0,2,0
2025-04-11,control_albuquerque,control,Albuquerque,NM,1190,187,0,16,1,0,0,0,13,0
2025-04-11,control_chattanooga,control,Chattanooga,TN,1172,1,0,0,0,0,0,0,1,0
2025-04-11,control_des_moines,control,Des Moines,IA,986,2,0,0,0,0,0,0,0,0
2025-04-11,control_shreveport,control,Shreveport,LA,966,2,0,0,0,0,0,0,0,0
2025-04-11,control_spokane,control,Spokane,WA,418,1,0,0,0,0,0,0,0,0
2025-04-11,control_syracuse,control,Syracuse,NY,686,0,0,0,0,0,0,0,0,0
2025-04-12,20250411_east_lansing,event,East Lansing,MI,1386,25,0,0,0,0,0,0,6,0
2025-04-12,control_albuquerque,control,Albuquerque,NM,998,143,1,9,0,0,0,0,4,0
2025-04-12,control_chattanooga,control,Chattanooga,TN,1214,0,0,0,0,0,0,0,0,0
2025-04-12,control_des_moines,control,Des Moines,IA,763,5,0,1,0,0,0,0,0,0
2025-04-12,control_shreveport,control,Shreveport,LA,832,1,0,0,0,0,0,0,0,0
2025-04-12,control_spokane,control,Spokane,WA,331,0,0,0,0,0,0,0,0,0
2025-04-12,control_syracuse,control,Syracuse,NY,640,0,0,0,0,0,0,0,0,0
2025-04-21,20250422_college_station,event,College Station,TX,1285,3,0,1,0,0,0,0,0,0
2025-04-21,control_albuquerque,control,Albuquerque,NM,1043,135,1,4,0,0,0,0,6,0
2025-04-21,control_chattanooga,control,Chattanooga,TN,1311,111,0,1,0,0,0,0,13,0
2025-04-21,control_des_moines,control,Des Moines,IA,933,7,0,0,0,0,0,0,0,0
2025-04-21,control_shreveport,control,Shreveport,LA,890,0,0,0,0,0,0,0,0,0
2025-04-21,control_spokane,control,Spokane,WA,395,83,0,8,0,0,0,0,5,0
2025-04-21,control_syracuse,control,Syracuse,NY,702,0,0,0,0,0,0,0,0,0
2025-04-22,20250422_college_station,event,College Station,TX,1241,1,0,0,0,0,0,0,1,0
2025-04-22,control_albuquerque,control,Albuquerque,NM,1173,166,0,12,1,0,0,0,8,0
2025-04-22,control_chattanooga,control,Chattanooga,TN,1112,78,0,1,1,1,0,0,11,0
2025-04-22,control_des_moines,control,Des Moines,IA,863,3,0,0,0,0,0,0,0,0
2025-04-22,control_shreveport,control,Shreveport,LA,933,0,0,0,0,0,0,0,0,0
2025-04-22,control_spokane,control,Spokane,WA,429,94,0,6,1,0,0,0,5,0
2025-04-22,control_syracuse,control,Syracuse,NY,693,0,0,0,0,0,0,0,0,0
2025-04-23,20250422_college_station,event,College Station,TX,1005,3,0,1,0,0,0,0,0,0
2025-04-23,20250424_laramie,event,Laramie,WY,495,2,0,0,0,0,0,0,0,0
2025-04-23,control_albuquerque,control,Albuquerque,NM,1100,136,0,12,0,0,0,0,7,0
2025-04-23,control_chattanooga,control,Chattanooga,TN,1167,86,0,1,0,0,0,0,18,0
2025-04-23,control_des_moines,control,Des Moines,IA,880,3,0,0,0,0,0,0,2,0
2025-04-23,control_shreveport,control,Shreveport,LA,587,0,0,0,0,0,0,0,0,0
2025-04-23,control_spokane,control,Spokane,WA,424,83,0,6,1,0,0,0,5,0
2025-04-23,control_syracuse,control,Syracuse,NY,749,1,0,0,0,0,0,0,0,0
2025-04-24,20250424_laramie,event,Laramie,WY,548,0,0,0,0,0,0,0,0,0
2025-04-24,control_albuquerque,control,Albuquerque,NM,1231,160,0,11,0,0,0,0,11,0
2025-04-24,control_chattanooga,control,Chattanooga,TN,1097,93,0,1,0,0,0,0,16,0
2025-04-24,control_des_moines,control,Des Moines,IA,779,5,0,0,0,0,0,0,1,0
2025-04-24,control_shreveport,control,Shreveport,LA,843,0,0,0,0,0,0,0,0,0
2025-04-24,control_spokane,control,Spokane,WA,447,88,1,5,1,0,2,0,4,0
2025-04-24,control_syracuse,control,Syracuse,NY,718,2,0,0,0,0,0,0,1,0
2025-04-25,20250424_laramie,event,Laramie,WY,612,0,0,0,0,0,0,0,0,0
2025-04-25,control_albuquerque,control,Albuquerque,NM,1223,176,0,18,1,0,0,0,12,0
2025-04-25,control_chattanooga,control,Chattanooga,TN,1156,104,0,0,0,1,1,0,14,0
2025-04-25,control_des_moines,control,Des Moines,IA,818,1,0,0,0,0,0,0,0,0
2025-04-25,control_shreveport,control,Shreveport,LA,895,0,0,0,0,0,0,0,0,0
2025-04-25,control_spokane,control,Spokane,WA,457,85,1,5,0,0,0,0,4,0
2025-04-25,control_syracuse,control,Syracuse,NY,730,0,0,0,0,0,0,0,0,0
2025-04-30,20250501_san_diego,event,San Diego,CA,1589,576,1,36,6,8,0,0,52,0
2025-04-30,control_albuquerque,control,Albuquerque,NM,809,130,0,15,0,0,0,0,5,0
2025-04-30,control_chattanooga,control,Chattanooga,TN,1449,110,0,0,0,0,0,0,20,0
2025-04-30,control_des_moines,control,Des Moines,IA,1011,2,0,0,0,0,0,0,1,0
2025-04-30,control_shreveport,control,Shreveport,LA,788,0,0,0,0,0,0,0,0,0
2025-04-30,control_spokane,control,Spokane,WA,449,84,0,7,0,0,0,0,2,0
2025-04-30,control_syracuse,control,Syracuse,NY,700,1,0,0,0,0,0,0,0,0
2025-05-01,20250501_san_diego,event,San Diego,CA,1739,653,3,57,8,11,0,0,62,0
2025-05-01,control_albuquerque,control,Albuquerque,NM,1106,143,0,14,0,1,0,0,9,0
2025-05-01,control_chattanooga,control,Chattanooga,TN,1408,123,0,2,1,0,0,0,19,0
2025-05-01,control_des_moines,control,Des Moines,IA,800,2,0,0,0,0,0,0,1,0
2025-05-01,control_shreveport,control,Shreveport,LA,784,1,0,0,0,0,0,0,1,0
2025-05-01,control_spokane,control,Spokane,WA,493,94,0,6,1,0,0,0,6,0
2025-05-01,control_syracuse,control,Syracuse,NY,770,0,0,0,0,0,0,0,0,0
2025-05-02,20250501_san_diego,event,San Diego,CA,1724,655,0,54,6,10,1,0,54,0
2025-05-02,control_albuquerque,control,Albuquerque,NM,926,128,0,11,0,0,0,0,6,0
2025-05-02,control_chattanooga,control,Chattanooga,TN,1183,82,0,3,0,1,0,0,12,0
2025-05-02,control_des_moines,control,Des Moines,IA,824,1,0,0,0,0,0,0,0,0
2025-05-02,control_shreveport,control,Shreveport,LA,840,0,0,0,0,0,0,0,0,0
2025-05-02,control_spokane,control,Spokane,WA,460,80,0,5,0,0,0,0,4,0
2025-05-02,control_syracuse,control,Syracuse,NY,710,0,0,0,0,0,0,0,0,0
2025-05-05,20250506_san_francisco,event,San Francisco,CA,1017,769,0,0,3,0,0,0,31,0
2025-05-05,control_albuquerque,control,Albuquerque,NM,755,114,0,10,0,0,0,0,4,0
2025-05-05,control_chattanooga,control,Chattanooga,TN,1250,100,0,0,0,2,0,0,14,0
2025-05-05,control_des_moines,control,Des Moines,IA,920,3,0,0,0,0,0,0,0,0
2025-05-05,control_shreveport,control,Shreveport,LA,938,2,0,1,0,0,0,0,0,0
2025-05-05,control_spokane,control,Spokane,WA,432,80,0,5,0,0,0,0,1,0
2025-05-05,control_syracuse,control,Syracuse,NY,725,0,0,0,0,0,0,0,0,0
2025-05-06,20250506_san_francisco,event,San Francisco,CA,991,759,1,2,3,1,0,0,22,0
2025-05-06,control_albuquerque,control,Albuquerque,NM,830,128,0,11,0,0,0,0,6,0
2025-05-06,control_chattanooga,control,Chattanooga,TN,1297,119,0,0,1,0,0,0,14,0
2025-05-06,control_des_moines,control,Des Moines,IA,962,2,0,0,0,0,0,0,0,0
2025-05-06,control_shreveport,control,Shreveport,LA,544,0,0,0,0,0,0,0,0,0
2025-05-06,control_spokane,control,Spokane,WA,451,93,0,4,0,0,0,0,4,0
2025-05-06,control_syracuse,control,Syracuse,NY,860,0,0,0,0,0,0,0,0,0
2025-05-07,20250506_san_francisco,event,San Francisco,CA,1008,753,0,2,1,1,0,0,34,0
2025-05-07,control_albuquerque,control,Albuquerque,NM,1031,138,0,17,0,0,0,0,7,0
2025-05-07,control_chattanooga,control,Chattanooga,TN,1205,109,0,0,0,0,0,0,16,0
2025-05-07,control_des_moines,control,Des Moines,IA,1057,4,0,0,0,0,0,0,0,0
2025-05-07,control_shreveport,control,Shreveport,LA,848,0,0,0,0,0,0,0,0,0
2025-05-07,control_spokane,control,Spokane,WA,468,87,0,4,1,0,0,0,4,0
2025-05-07,control_syracuse,control,Syracuse,NY,787,0,0,0,0,0,0,0,0,0
2025-06-12,20250613_grapevine,event,Grapevine,TX,2429,1266,0,22,3,1,2,0,80,0
2025-06-12,control_albuquerque,control,Albuquerque,NM,1098,153,0,17,0,0,0,0,6,0
2025-06-12,control_chattanooga,control,Chattanooga,TN,1230,110,0,2,0,0,0,0,17,0
2025-06-12,control_des_moines,control,Des Moines,IA,1091,1,0,0,0,0,0,0,1,0
2025-06-12,control_shreveport,control,Shreveport,LA,561,0,0,0,0,0,0,0,0,0
2025-06-12,control_spokane,control,Spokane,WA,574,109,0,9,1,0,0,0,5,0
2025-06-12,control_syracuse,control,Syracuse,NY,916,1,0,0,0,0,0,0,0,0
2025-06-13,20250613_grapevine,event,Grapevine,TX,2842,1328,1,19,2,3,0,0,69,0
2025-06-13,20250614_grapevine,event,Grapevine,TX,2842,1328,1,19,2,3,0,0,69,0
2025-06-13,control_albuquerque,control,Albuquerque,NM,1072,155,0,12,0,0,0,0,9,0
2025-06-13,control_chattanooga,control,Chattanooga,TN,1248,101,0,0,0,0,0,0,8,0
2025-06-13,control_des_moines,control,Des Moines,IA,1081,1,0,0,0,0,0,0,0,0
2025-06-13,control_shreveport,control,Shreveport,LA,931,0,0,0,0,0,0,0,0,0
2025-06-13,control_spokane,control,Spokane,WA,567,105,0,8,0,0,0,0,0,0
2025-06-13,control_syracuse,control,Syracuse,NY,934,0,0,0,0,0,0,0,0,0
2025-06-14,20250613_grapevine,event,Grapevine,TX,2555,1185,0,12,0,2,1,0,54,0
2025-06-14,20250614_grapevine,event,Grapevine,TX,2555,1185,0,12,0,2,1,0,54,0
2025-06-14,20250615_grapevine,event,Grapevine,TX,2555,1185,0,12,0,2,1,0,54,0
2025-06-14,control_albuquerque,control,Albuquerque,NM,911,140,0,6,1,0,0,0,5,0
2025-06-14,control_chattanooga,control,Chattanooga,TN,1046,77,0,0,0,0,0,0,11,0
2025-06-14,control_des_moines,control,Des Moines,IA,934,2,0,0,0,0,0,0,0,0
2025-06-14,control_shreveport,control,Shreveport,LA,1000,0,0,0,0,0,0,0,0,0
2025-06-14,control_spokane,control,Spokane,WA,553,100,0,6,0,0,0,0,2,0
2025-06-14,control_syracuse,control,Syracuse,NY,791,0,0,0,0,0,0,0,0,0
2025-06-15,20250614_grapevine,event,Grapevine,TX,1881,1101,1,11,0,1,3,0,60,0
2025-06-15,20250615_grapevine,event,Grapevine,TX,1881,1101,1,11,0,1,3,0,60,0
2025-06-15,control_albuquerque,control,Albuquerque,NM,872,115,0,2,0,0,0,0,7,0
2025-06-15,control_chattanooga,control,Chattanooga,TN,1192,92,0,0,1,0,0,0,10,0
2025-06-15,control_des_moines,control,Des Moines,IA,917,3,0,0,0,0,0,0,0,0
2025-06-15,control_shreveport,control,Shreveport,LA,724,0,0,0,0,0,0,0,0,0
2025-06-15,control_spokane,control,Spokane,WA,491,87,0,0,0,0,0,0,3,0
2025-06-15,control_syracuse,control,Syracuse,NY,871,0,0,0,0,0,0,0,0,0
2025-06-16,20250615_grapevine,event,Grapevine,TX,2958,1364,0,23,1,1,0,0,91,0
2025-06-16,control_albuquerque,control,Albuquerque,NM,965,135,0,6,1,0,0,0,11,0
2025-06-16,control_chattanooga,control,Chattanooga,TN,1266,101,0,2,0,0,0,0,14,0
2025-06-16,control_des_moines,control,Des Moines,IA,1124,1,0,0,0,0,0,0,0,0
2025-06-16,control_shreveport,control,Shreveport,LA,905,0,0,0,0,0,0,0,0,0
2025-06-16,control_spokane,control,Spokane,WA,509,92,0,7,1,0,0,0,1,0
2025-06-16,control_syracuse,control,Syracuse,NY,914,0,0,0,0,0,0,0,0,0
2025-07-08,20250709_tampa,event,Tampa,FL,12,1,0,0,0,0,0,0,0,0
2025-07-08,control_albuquerque,control,Albuquerque,NM,4,0,0,0,0,0,0,0,0,0
2025-07-08,control_chattanooga,control,Chattanooga,TN,10,0,0,0,0,0,0,0,0,0
2025-07-08,control_des_moines,control,Des Moines,IA,4,0,0,0,0,0,0,0,0,0
2025-07-08,control_shreveport,control,Shreveport,LA,8,0,0,0,0,0,0,0,0,0
2025-07-08,control_spokane,control,Spokane,WA,5,2,0,0,0,0,0,0,0,0
2025-07-08,control_syracuse,control,Syracuse,NY,1,0,0,0,0,0,0,0,0,0
2025-07-09,20250709_tampa,event,Tampa,FL,1764,466,0,5,0,1,0,0,41,0
2025-07-09,20250710_tampa,event,Tampa,FL,1764,466,0,5,0,1,0,0,41,0
2025-07-09,control_albuquerque,control,Albuquerque,NM,883,117,0,5,0,0,0,0,6,0
2025-07-09,control_chattanooga,control,Chattanooga,TN,1174,2,0,0,0,0,1,0,0,0
2025-07-09,control_des_moines,control,Des Moines,IA,999,2,0,0,0,0,0,0,0,0
2025-07-09,control_shreveport,control,Shreveport,LA,830,1,0,0,1,0,0,0,0,0
2025-07-09,control_spokane,control,Spokane,WA,555,103,0,6,1,0,0,0,5,0
2025-07-09,control_syracuse,control,Syracuse,NY,970,1,0,0,0,0,0,0,0,0
2025-07-10,20250709_tampa,event,Tampa,FL,1987,539,1,8,2,3,0,0,56,0
2025-07-10,20250710_tampa,event,Tampa,FL,1987,539,1,8,2,3,0,0,56,0
2025-07-10,20250711_tampa,event,Tampa,FL,1987,539,1,8,2,3,0,0,56,0
2025-07-10,control_albuquerque,control,Albuquerque,NM,1108,119,0,8,0,0,0,0,9,0
2025-07-10,control_chattanooga,control,Chattanooga,TN,1356,0,0,0,0,0,0,0,0,0
2025-07-10,control_des_moines,control,Des Moines,IA,758,1,0,0,0,0,0,0,0,0
2025-07-10,control_shreveport,control,Shreveport,LA,987,1,0,0,1,0,0,0,0,0
2025-07-10,control_spokane,control,Spokane,WA,587,106,0,6,1,0,0,0,3,0
2025-07-10,control_syracuse,control,Syracuse,NY,1057,2,0,0,0,0,0,0,0,0
2025-07-11,20250710_tampa,event,Tampa,FL,1983,543,0,11,3,1,0,0,48,0
2025-07-11,20250711_tampa,event,Tampa,FL,1983,543,0,11,3,1,0,0,48,0
2025-07-11,20250712_tampa,event,Tampa,FL,1983,543,0,11,3,1,0,0,48,0
2025-07-11,control_albuquerque,control,Albuquerque,NM,997,135,0,11,0,0,0,0,4,0
2025-07-11,control_chattanooga,control,Chattanooga,TN,1277,0,0,0,0,0,0,0,0,0
2025-07-11,control_des_moines,control,Des Moines,IA,513,0,0,0,0,0,0,0,0,0
2025-07-11,control_shreveport,control,Shreveport,LA,891,1,0,0,1,0,0,0,0,0
2025-07-11,control_spokane,control,Spokane,WA,646,101,0,5,0,0,0,0,2,0
2025-07-11,control_syracuse,control,Syracuse,NY,1056,1,0,0,0,0,0,0,0,0
2025-07-12,20250711_tampa,event,Tampa,FL,1833,482,0,3,2,0,0,0,34,0
2025-07-12,20250712_tampa,event,Tampa,FL,1833,482,0,3,2,0,0,0,34,0
2025-07-12,20250713_tampa,event,Tampa,FL,1833,482,0,3,2,0,0,0,34,0
2025-07-12,control_albuquerque,control,Albuquerque,NM,922,131,0,7,0,0,0,0,7,0
2025-07-12,control_chattanooga,control,Chattanooga,TN,1259,0,0,0,0,0,0,0,0,0
2025-07-12,control_des_moines,control,Des Moines,IA,842,0,0,0,0,0,0,0,0,0
2025-07-12,control_shreveport,control,Shreveport,LA,757,1,0,0,1,0,0,0,0,0
2025-07-12,control_spokane,control,Spokane,WA,547,102,1,5,0,0,0,0,1,0
2025-07-12,control_syracuse,control,Syracuse,NY,1091,0,0,0,0,0,0,0,0,0
2025-07-13,20250712_tampa,event,Tampa,FL,1858,477,1,6,1,1,0,0,39,0
2025-07-13,20250713_tampa,event,Tampa,FL,1858,477,1,6,1,1,0,0,39,0
2025-07-13,control_albuquerque,control,Albuquerque,NM,796,104,0,4,0,0,0,0,5,0
2025-07-13,control_chattanooga,control,Chattanooga,TN,1167,0,0,0,0,0,0,0,0,0
2025-07-13,control_des_moines,control,Des Moines,IA,1076,5,0,0,0,0,0,0,1,0
2025-07-13,control_shreveport,control,Shreveport,LA,742,1,0,0,1,0,0,0,0,0
2025-07-13,control_spokane,control,Spokane,WA,523,89,1,0,0,0,0,0,3,0
2025-07-13,control_syracuse,control,Syracuse,NY,932,0,0,0,0,0,0,0,0,0
2025-07-14,20250713_tampa,event,Tampa,FL,1460,492,0,5,2,1,0,0,32,0
2025-07-14,control_albuquerque,control,Albuquerque,NM,1026,120,1,4,0,0,0,0,8,0
2025-07-14,control_chattanooga,control,Chattanooga,TN,1200,0,0,0,0,0,0,0,0,0
2025-07-14,control_des_moines,control,Des Moines,IA,995,0,0,0,0,0,0,0,0,0
2025-07-14,control_shreveport,control,Shreveport,LA,775,0,0,0,0,0,0,0,0,0
2025-07-14,control_spokane,control,Spokane,WA,596,104,1,5,0,0,0,0,1,0
2025-07-14,control_syracuse,control,Syracuse,NY,1085,0,0,0,0,0,0,0,0,0
2025-08-05,20250806_rancho_palos_verdes,event,Rancho Palos Verdes,CA,3332,1944,0,20,6,3,8,0,146,0
2025-08-05,control_albuquerque,control,Albuquerque,NM,1008,150,0,14,0,0,0,0,8,0
2025-08-05,control_chattanooga,control,Chattanooga,TN,1144,0,0,0,0,0,0,0,0,0
2025-08-05,control_des_moines,control,Des Moines,IA,1034,0,0,0,0,0,0,0,0,0
2025-08-05,control_shreveport,control,Shreveport,LA,921,0,0,0,0,0,0,0,0,0
2025-08-05,control_spokane,control,Spokane,WA,554,106,2,9,0,0,0,0,3,0
2025-08-05,control_syracuse,control,Syracuse,NY,873,0,0,0,0,0,0,0,0,0
2025-08-06,20250806_rancho_palos_verdes,event,Rancho Palos Verdes,CA,3539,1999,0,23,8,7,8,0,161,0
2025-08-06,20250807_rancho_palos_verdes,event,Rancho Palos Verdes,CA,3539,1999,0,23,8,7,8,0,161,0
2025-08-06,control_albuquerque,control,Albuquerque,NM,974,134,0,14,0,0,0,0,6,0
2025-08-06,control_chattanooga,control,Chattanooga,TN,1137,1,0,0,0,0,0,0,0,0
2025-08-06,control_des_moines,control,Des Moines,IA,836,2,0,0,0,0,0,0,1,0
2025-08-06,control_shreveport,control,Shreveport,LA,869,2,0,0,1,0,0,0,0,0
2025-08-06,control_spokane,control,Spokane,WA,551,108,1,7,1,1,0,0,3,0
2025-08-06,control_syracuse,control,Syracuse,NY,890,0,0,0,0,0,0,0,0,0
2025-08-07,20250806_rancho_palos_verdes,event,Rancho Palos Verdes,CA,3632,2049,1,22,10,5,4,0,172,0
2025-08-07,20250807_rancho_palos_verdes,event,Rancho Palos Verdes,CA,3632,2049,1,22,10,5,4,0,172,0
2025-08-07,20250808_rancho_palos_verdes,event,Rancho Palos Verdes,CA,3632,2049,1,22,10,5,4,0,172,0
2025-08-07,control_albuquerque,control,Albuquerque,NM,994,125,0,11,1,0,0,0,6,0
2025-08-07,control_chattanooga,control,Chattanooga,TN,1179,1,0,0,0,0,0,0,0,0
2025-08-07,control_des_moines,control,Des Moines,IA,941,0,0,0,0,0,0,0,0,0
2025-08-07,control_shreveport,control,Shreveport,LA,870,0,0,0,0,0,0,0,0,0
2025-08-07,control_spokane,control,Spokane,WA,527,96,0,9,0,0,0,0,3,0
2025-08-07,control_syracuse,control,Syracuse,NY,946,0,0,0,0,0,0,0,0,0
2025-08-09,20250808_rancho_palos_verdes,event,Rancho Palos Verdes,CA,3404,1949,1,15,11,6,9,0,149,0
2025-08-09,control_albuquerque,control,Albuquerque,NM,1002,142,0,11,0,0,0,0,5,0
2025-08-09,control_chattanooga,control,Chattanooga,TN,1038,2,0,0,0,0,0,0,0,0
2025-08-09,control_des_moines,control,Des Moines,IA,693,1,0,0,0,0,0,0,0,0
2025-08-09,control_shreveport,control,Shreveport,LA,799,1,0,1,0,0,0,0,0,0
2025-08-09,control_spokane,control,Spokane,WA,576,101,0,3,0,0,0,0,1,0
2025-08-09,control_syracuse,control,Syracuse,NY,820,0,0,0,0,0,0,0,0,0
2025-08-19,20250820_dallas,event,Dallas,TX,176,87,0,0,1,1,0,0,3,0
2025-08-19,control_albuquerque,control,Albuquerque,NM,55,7,0,0,0,0,0,0,1,0
2025-08-19,control_chattanooga,control,Chattanooga,TN,67,1,0,0,0,0,0,0,0,0
2025-08-19,control_des_moines,control,Des Moines,IA,47,0,0,0,0,0,0,0,0,0
2025-08-19,control_shreveport,control,Shreveport,LA,60,0,0,0,0,0,0,0,0,0
2025-08-19,control_spokane,control,Spokane,WA,35,4,0,0,0,0,0,0,0,0
2025-08-19,control_syracuse,control,Syracuse,NY,47,0,0,0,0,0,0,0,0,0
2025-08-20,20250820_dallas,event,Dallas,TX,2454,1324,0,23,4,8,0,0,105,0
2025-08-20,20250821_dallas,event,Dallas,TX,2454,1324,0,23,4,8,0,0,105,0
2025-08-20,20250821_north_myrtle_beach,event,North Myrtle Beach,SC,905,0,0,0,0,0,0,0,0,0
2025-08-20,control_albuquerque,control,Albuquerque,NM,896,125,0,14,0,0,0,0,8,0
2025-08-20,control_chattanooga,control,Chattanooga,TN,1029,0,0,0,0,0,0,0,0,0
2025-08-20,control_des_moines,control,Des Moines,IA,987,2,0,0,0,0,0,0,1,0
2025-08-20,control_shreveport,control,Shreveport,LA,820,0,0,0,0,0,0,0,0,0
2025-08-20,control_spokane,control,Spokane,WA,553,102,0,8,1,0,0,0,1,0
2025-08-20,control_syracuse,control,Syracuse,NY,775,0,0,0,0,0,0,0,0,0
2025-08-21,20250820_dallas,event,Dallas,TX,3245,1514,0,33,3,5,1,0,117,0
2025-08-21,20250821_dallas,event,Dallas,TX,3245,1514,0,33,3,5,1,0,117,0
2025-08-21,20250821_north_myrtle_beach,event,North Myrtle Beach,SC,985,2,0,1,0,0,0,0,0,0
2025-08-21,20250822_dallas,event,Dallas,TX,3245,1514,0,33,3,5,1,0,117,0
2025-08-21,control_albuquerque,control,Albuquerque,NM,955,158,0,12,0,0,0,0,5,0
2025-08-21,control_chattanooga,control,Chattanooga,TN,1212,0,0,0,0,0,0,0,0,0
2025-08-21,control_des_moines,control,Des Moines,IA,1074,2,0,0,0,0,0,0,1,0
2025-08-21,control_shreveport,control,Shreveport,LA,828,0,0,0,0,0,0,0,0,0
2025-08-21,control_spokane,control,Spokane,WA,617,102,0,8,0,0,0,0,1,0
2025-08-21,control_syracuse,control,Syracuse,NY,932,23,0,0,0,0,0,0,2,0
2025-08-22,20250821_dallas,event,Dallas,TX,3190,1440,0,28,7,5,1,0,101,0
2025-08-22,20250821_north_myrtle_beach,event,North Myrtle Beach,SC,956,0,0,0,0,0,0,0,0,0
2025-08-22,20250822_dallas,event,Dallas,TX,3190,1440,0,28,7,5,1,0,101,0
2025-08-22,control_albuquerque,control,Albuquerque,NM,993,172,0,18,0,1,0,0,10,0
2025-08-22,control_chattanooga,control,Chattanooga,TN,1171,0,0,0,0,0,0,0,0,0
2025-08-22,control_des_moines,control,Des Moines,IA,1077,0,0,0,0,0,0,0,0,0
2025-08-22,control_shreveport,control,Shreveport,LA,926,3,0,0,1,0,0,0,0,0
2025-08-22,control_spokane,control,Spokane,WA,562,98,0,4,1,0,0,0,3,0
2025-08-22,control_syracuse,control,Syracuse,NY,1025,91,0,1,1,0,0,0,4,0
2025-08-23,20250822_dallas,event,Dallas,TX,2996,1272,0,18,2,2,1,0,62,0
2025-08-23,control_albuquerque,control,Albuquerque,NM,1013,128,0,3,0,0,0,0,6,0
2025-08-23,control_chattanooga,control,Chattanooga,TN,933,2,0,0,0,0,0,0,0,0
2025-08-23,control_des_moines,control,Des Moines,IA,809,0,0,0,0,0,0,0,0,0
2025-08-23,control_shreveport,control,Shreveport,LA,787,1,0,0,0,0,0,0,0,0
2025-08-23,control_spokane,control,Spokane,WA,538,88,0,2,0,0,0,0,0,0
2025-08-23,control_syracuse,control,Syracuse,NY,829,72,0,1,0,0,0,0,2,0
2025-09-09,20250910_orem,event,Orem,UT,1279,500,1,7,3,1,2,0,36,0
2025-09-09,control_albuquerque,control,Albuquerque,NM,1064,152,0,14,0,0,0,0,12,0
2025-09-09,control_chattanooga,control,Chattanooga,TN,1138,2,0,0,0,0,0,0,0,0
2025-09-09,control_des_moines,control,Des Moines,IA,1030,2,0,0,0,0,0,0,0,0
2025-09-09,control_shreveport,control,Shreveport,LA,861,0,0,0,0,0,0,0,0,0
2025-09-09,control_spokane,control,Spokane,WA,561,94,0,6,0,0,0,0,2,0
2025-09-09,control_syracuse,control,Syracuse,NY,846,36,0,0,0,0,0,0,1,0
2025-09-10,20250910_orem,event,Orem,UT,1113,482,8,12,1,2,2,0,37,0
2025-09-10,20250911_woodland_park,event,Woodland Park,CO,1270,222,0,16,2,0,0,0,50,0
2025-09-10,control_albuquerque,control,Albuquerque,NM,863,144,0,12,0,0,0,0,14,0
2025-09-10,control_chattanooga,control,Chattanooga,TN,1224,6,0,0,0,0,0,0,0,0
2025-09-10,control_des_moines,control,Des Moines,IA,1058,2,0,0,0,0,0,0,2,0
2025-09-10,control_shreveport,control,Shreveport,LA,885,0,0,0,0,0,0,0,0,0
2025-09-10,control_spokane,control,Spokane,WA,541,91,0,8,0,0,0,0,2,0
2025-09-10,control_syracuse,control,Syracuse,NY,883,30,0,0,0,0,0,0,1,0
2025-09-11,20250910_orem,event,Orem,UT,1126,502,3,6,0,1,7,0,35,0
2025-09-11,20250911_woodland_park,event,Woodland Park,CO,1287,221,0,14,1,4,0,0,46,0
2025-09-11,control_albuquerque,control,Albuquerque,NM,1130,189,0,20,1,0,0,0,12,0
2025-09-11,control_chattanooga,control,Chattanooga,TN,1287,4,0,0,0,0,0,0,0,0
2025-09-11,control_des_moines,control,Des Moines,IA,1059,1,0,0,0,0,0,0,0,0
2025-09-11,control_shreveport,control,Shreveport,LA,869,0,0,0,0,0,0,0,0,0
2025-09-11,control_spokane,control,Spokane,WA,563,101,0,6,1,0,0,0,3,0
2025-09-11,control_syracuse,control,Syracuse,NY,935,1,0,0,0,0,0,0,0,0
2025-09-12,20250911_woodland_park,event,Woodland Park,CO,1272,252,0,13,6,1,0,0,45,0
2025-09-12,control_albuquerque,control,Albuquerque,NM,1153,212,0,19,0,0,0,0,13,0
2025-09-12,control_chattanooga,control,Chattanooga,TN,1348,2,0,0,0,0,0,0,0,0
2025-09-12,control_des_moines,control,Des Moines,IA,993,5,0,0,0,0,0,0,1,0
2025-09-12,control_shreveport,control,Shreveport,LA,870,0,0,0,0,0,0,0,0,0
2025-09-12,control_spokane,control,Spokane,WA,550,106,0,10,0,1,0,0,2,0
2025-09-12,control_syracuse,control,Syracuse,NY,953,0,0,0,0,0,0,0,0,0
2025-09-17,20250918_fort_collins,event,Fort Collins,CO,1286,540,0,0,4,3,0,0,61,0
2025-09-17,control_albuquerque,control,Albuquerque,NM,1089,195,0,20,0,0,0,0,18,0
2025-09-17,control_chattanooga,control,Chattanooga,TN,1157,2,0,0,0,0,0,0,0,0
2025-09-17,control_des_moines,control,Des Moines,IA,546,3,0,0,0,0,0,0,0,0
2025-09-17,control_shreveport,control,Shreveport,LA,874,0,0,0,0,0,0,0,0,0
2025-09-17,control_spokane,control,Spokane,WA,553,88,0,6,1,0,0,0,1,0
2025-09-17,control_syracuse,control,Syracuse,NY,911,0,0,0,0,0,0,0,0,0
2025-09-20,20250919_murfreesboro,event,Murfreesboro,TN,1428,253,0,4,0,0,0,0,12,0
2025-09-20,20250920_murfreesboro,event,Murfreesboro,TN,1428,253,0,4,0,0,0,0,12,0
2025-09-20,20250921_glendale,event,Glendale,AZ,2210,997,1,15,6,6,2,0,61,0
2025-09-20,control_albuquerque,control,Albuquerque,NM,848,187,0,8,0,1,0,0,9,0
2025-09-20,control_chattanooga,control,Chattanooga,TN,1084,4,0,0,0,0,0,0,0,0
2025-09-20,control_des_moines,control,Des Moines,IA,819,2,0,0,0,0,0,0,0,0
2025-09-20,control_shreveport,control,Shreveport,LA,742,0,0,0,0,0,0,0,0,0
2025-09-20,control_spokane,control,Spokane,WA,529,98,0,4,0,0,0,0,4,0
2025-09-20,control_syracuse,control,Syracuse,NY,746,1,0,0,0,0,0,0,0,0
2025-09-21,20250920_murfreesboro,event,Murfreesboro,TN,1530,256,0,1,2,0,0,0,25,0
2025-09-21,20250921_glendale,event,Glendale,AZ,1629,861,1,9,2,7,3,0,88,0
2025-09-21,20250922_minneapolis,event,Minneapolis,MN,1076,563,0,6,1,0,1,0,35,0
2025-09-21,control_albuquerque,control,Albuquerque,NM,841,181,0,2,0,1,2,0,11,0
2025-09-21,control_chattanooga,control,Chattanooga,TN,1156,2,0,0,0,0,1,0,1,0
2025-09-21,control_des_moines,control,Des Moines,IA,1026,2,0,0,0,0,0,0,0,0
2025-09-21,control_shreveport,control,Shreveport,LA,912,0,0,0,0,0,0,0,0,0
2025-09-21,control_spokane,control,Spokane,WA,478,80,0,1,0,0,1,0,3,0
2025-09-21,control_syracuse,control,Syracuse,NY,880,0,0,0,0,0,0,0,0,0
2025-09-22,20250921_glendale,event,Glendale,AZ,2045,1067,3,17,4,7,8,0,75,0
2025-09-22,20250922_minneapolis,event,Minneapolis,MN,938,536,0,4,3,2,0,0,36,0
2025-09-22,control_albuquerque,control,Albuquerque,NM,879,186,0,11,0,0,0,0,13,0
2025-09-22,control_chattanooga,control,Chattanooga,TN,1234,1,0,0,0,0,0,0,0,0
2025-09-22,control_des_moines,control,Des Moines,IA,1077,1,0,0,0,0,0,0,0,0
2025-09-22,control_shreveport,control,Shreveport,LA,862,0,0,0,0,0,0,0,0,0
2025-09-22,control_spokane,control,Spokane,WA,527,100,0,7,0,0,0,0,3,0
2025-09-22,control_syracuse,control,Syracuse,NY,766,0,0,0,0,0,0,0,0,0
2025-09-23,20250922_minneapolis,event,Minneapolis,MN,1198,565,0,8,0,4,0,0,52,0
2025-09-23,20250924_blacksburg,event,Blacksburg,VA,1234,51,0,2,0,0,0,0,6,0
2025-09-23,control_albuquerque,control,Albuquerque,NM,929,200,0,15,0,0,0,0,9,0
2025-09-23,control_chattanooga,control,Chattanooga,TN,1119,1,0,0,0,0,0,0,0,0
2025-09-23,control_des_moines,control,Des Moines,IA,853,2,0,1,0,0,0,0,0,0
2025-09-23,control_shreveport,control,Shreveport,LA,946,0,0,0,0,0,0,0,0,0
2025-09-23,control_spokane,control,Spokane,WA,511,97,0,9,0,0,0,0,0,0
2025-09-23,control_syracuse,control,Syracuse,NY,831,0,0,0,0,0,0,0,0,0
2025-09-24,20250924_blacksburg,event,Blacksburg,VA,1044,36,0,0,0,1,0,0,7,0
2025-09-24,20250925_hanover,event,Hanover,NH,462,0,0,0,0,0,0,0,0,0
2025-09-24,control_albuquerque,control,Albuquerque,NM,843,202,0,20,0,0,0,0,15,0
2025-09-24,control_chattanooga,control,Chattanooga,TN,1118,2,0,0,0,0,0,0,0,0
2025-09-24,control_des_moines,control,Des Moines,IA,1022,1,0,0,0,0,0,0,0,0
2025-09-24,control_shreveport,control,Shreveport,LA,535,0,0,0,0,0,0,0,0,0
2025-09-24,control_spokane,control,Spokane,WA,545,92,1,6,1,0,0,0,1,0
2025-09-24,control_syracuse,control,Syracuse,NY,811,0,0,0,0,0,0,0,0,0
2025-09-25,20250924_blacksburg,event,Blacksburg,VA,1221,36,0,0,0,0,0,0,4,0
2025-09-25,20250925_hanover,event,Hanover,NH,449,0,0,0,0,0,0,0,0,0
2025-09-25,control_albuquerque,control,Albuquerque,NM,990,222,0,18,0,0,0,0,13,0
2025-09-25,control_chattanooga,control,Chattanooga,TN,1109,0,0,0,0,0,0,0,0,0
2025-09-25,control_des_moines,control,Des Moines,IA,1078,5,0,2,0,0,0,0,0,0
2025-09-25,control_shreveport,control,Shreveport,LA,998,1,0,0,0,0,0,0,0,0
2025-09-25,control_spokane,control,Spokane,WA,539,111,0,9,1,1,0,0,4,0
2025-09-25,control_syracuse,control,Syracuse,NY,862,0,0,0,0,0,0,0,0,0
2025-09-26,20250925_hanover,event,Hanover,NH,521,0,0,0,0,0,0,0,0,0
2025-09-26,control_albuquerque,control,Albuquerque,NM,944,222,0,20,1,0,0,0,14,0
2025-09-26,control_chattanooga,control,Chattanooga,TN,1273,0,0,0,0,0,0,0,0,0
2025-09-26,control_des_moines,control,Des Moines,IA,1147,4,0,0,0,0,0,0,0,0
2025-09-26,control_shreveport,control,Shreveport,LA,1003,0,0,0,0,0,0,0,0,0
2025-09-26,control_spokane,control,Spokane,WA,563,107,0,10,2,0,0,0,0,0
2025-09-26,control_syracuse,control,Syracuse,NY,1007,0,0,0,0,0,0,0,0,0
2025-09-29,20250930_logan,event,Logan,UT,629,120,0,0,0,0,0,0,19,0
2025-09-29,control_albuquerque,control,Albuquerque,NM,953,177,0,11,0,0,0,0,14,0
2025-09-29,control_chattanooga,control,Chattanooga,TN,1170,2,0,0,0,0,0,0,1,0
2025-09-29,control_des_moines,control,Des Moines,IA,1055,2,0,0,0,0,0,0,0,0
2025-09-29,control_shreveport,control,Shreveport,LA,860,1,0,1,0,0,0,0,0,0
2025-09-29,control_spokane,control,Spokane,WA,512,93,0,7,0,0,0,0,0,0
2025-09-29,control_syracuse,control,Syracuse,NY,947,75,0,0,2,0,0,0,2,0
2025-09-30,20250930_logan,event,Logan,UT,594,94,0,1,1,0,0,0,17,0
2025-09-30,control_albuquerque,control,Albuquerque,NM,991,205,0,19,0,0,0,0,10,0
2025-09-30,control_chattanooga,control,Chattanooga,TN,1103,2,0,0,0,0,0,0,0,0
2025-09-30,control_des_moines,control,Des Moines,IA,1059,6,0,0,0,0,0,0,0,0
2025-09-30,control_shreveport,control,Shreveport,LA,841,0,0,0,0,0,0,0,0,0
2025-09-30,control_spokane,control,Spokane,WA,482,91,0,10,0,0,0,0,1,0
2025-09-30,control_syracuse,control,Syracuse,NY,837,84,0,0,1,0,0,0,5,0
2025-10-01,20250930_logan,event,Logan,UT,733,144,0,2,0,0,0,0,28,0
2025-10-01,control_albuquerque,control,Albuquerque,NM,982,207,0,27,0,0,0,0,11,0
2025-10-01,control_chattanooga,control,Chattanooga,TN,1187,2,0,0,0,0,0,0,0,0
2025-10-01,control_des_moines,control,Des Moines,IA,892,7,0,0,0,0,0,0,1,0
2025-10-01,control_shreveport,control,Shreveport,LA,849,0,0,0,0,0,0,0,0,0
2025-10-01,control_spokane,control,Spokane,WA,479,89,0,9,2,0,0,0,0,0
2025-10-01,control_syracuse,control,Syracuse,NY,829,90,0,0,1,0,0,0,5,0
2025-10-06,20251007_bozeman,event,Bozeman,MT,316,92,0,0,3,1,0,0,7,0
2025-10-06,control_albuquerque,control,Albuquerque,NM,1130,204,0,14,0,1,1,0,17,0
2025-10-06,control_chattanooga,control,Chattanooga,TN,1228,1,0,0,0,0,0,0,0,0
2025-10-06,control_des_moines,control,Des Moines,IA,710,3,0,0,0,0,0,0,1,0
2025-10-06,control_shreveport,control,Shreveport,LA,888,0,0,0,0,0,0,0,0,0
2025-10-06,control_spokane,control,Spokane,WA,526,100,0,6,2,0,0,0,1,0
2025-10-06,control_syracuse,control,Syracuse,NY,951,80,0,1,1,0,0,0,4,0
2025-10-07,20251007_bozeman,event,Bozeman,MT,319,101,0,2,0,1,0,0,11,0
2025-10-07,control_albuquerque,control,Albuquerque,NM,947,203,0,19,0,0,0,0,16,0
2025-10-07,control_chattanooga,control,Chattanooga,TN,1154,3,0,0,0,0,0,0,1,0
2025-10-07,control_des_moines,control,Des Moines,IA,977,6,0,0,0,0,0,0,1,0
2025-10-07,control_shreveport,control,Shreveport,LA,926,0,0,0,0,0,0,0,0,0
2025-10-07,control_spokane,control,Spokane,WA,492,96,0,9,1,0,0,0,1,0
2025-10-07,control_syracuse,control,Syracuse,NY,798,81,0,0,2,0,0,0,2,0
2025-10-08,20251007_bozeman,event,Bozeman,MT,318,100,0,1,0,0,0,0,11,0
2025-10-08,20251009_grand_forks,event,Grand Forks,ND,241,46,0,0,0,0,0,0,0,0
2025-10-08,control_albuquerque,control,Albuquerque,NM,849,206,0,18,0,0,0,0,18,0
2025-10-08,control_chattanooga,control,Chattanooga,TN,1160,5,0,0,0,0,0,0,2,0
2025-10-08,control_des_moines,control,Des Moines,IA,1041,4,0,0,0,0,0,0,0,0
2025-10-08,control_shreveport,control,Shreveport,LA,925,0,0,0,0,0,0,0,0,0
2025-10-08,control_spokane,control,Spokane,WA,519,93,0,7,0,0,0,0,1,0
2025-10-08,control_syracuse,control,Syracuse,NY,834,73,0,2,1,0,0,0,1,0
2025-10-09,20251009_grand_forks,event,Grand Forks,ND,246,33,0,0,0,0,0,0,0,0
2025-10-09,control_albuquerque,control,Albuquerque,NM,1056,225,1,20,0,0,6,0,22,0
2025-10-09,control_chattanooga,control,Chattanooga,TN,1406,3,0,0,0,0,0,0,0,0
2025-10-09,control_des_moines,control,Des Moines,IA,1075,5,0,0,0,0,0,0,1,0
2025-10-09,control_shreveport,control,Shreveport,LA,960,0,0,0,0,0,0,0,0,0
2025-10-09,control_spokane,control,Spokane,WA,531,94,0,8,2,0,0,0,4,0
2025-10-09,control_syracuse,control,Syracuse,NY,927,85,0,1,0,0,0,0,4,0
2025-10-10,20251009_grand_forks,event,Grand Forks,ND,262,12,0,0,0,0,0,0,1,0
2025-10-10,control_albuquerque,control,Albuquerque,NM,1222,235,0,17,0,0,0,0,25,0
2025-10-10,control_chattanooga,control,Chattanooga,TN,1549,4,0,0,0,0,0,0,0,0
2025-10-10,control_des_moines,control,Des Moines,IA,972,3,0,0,0,0,0,0,1,0
2025-10-10,control_shreveport,control,Shreveport,LA,985,1,0,0,0,0,0,0,0,0
2025-10-10,control_spokane,control,Spokane,WA,492,103,0,9,0,0,0,0,5,0
2025-10-10,control_syracuse,control,Syracuse,NY,985,99,0,0,3,0,1,0,7,0
2025-10-15,20251016_norman,event,Norman,OK,712,71,0,6,0,0,0,0,4,0
2025-10-15,control_albuquerque,control,Albuquerque,NM,826,144,0,17,0,0,0,0,8,0
2025-10-15,control_chattanooga,control,Chattanooga,TN,990,3,0,0,0,0,0,0,0,0
2025-10-15,control_des_moines,control,Des Moines,IA,642,1,0,0,0,0,0,0,0,0
2025-10-15,control_shreveport,control,Shreveport,LA,638,1,0,0,0,0,0,0,1,0
2025-10-15,control_spokane,control,Spokane,WA,349,66,0,5,0,0,0,0,4,0
2025-10-15,control_syracuse,control,Syracuse,NY,644,60,0,0,0,0,0,0,2,0
2025-10-16,20251016_norman,event,Norman,OK,1013,113,0,8,1,0,0,0,9,0
2025-10-16,control_albuquerque,control,Albuquerque,NM,1282,223,0,18,0,0,0,0,18,0
2025-10-16,control_chattanooga,control,Chattanooga,TN,1470,5,0,0,0,0,0,0,0,0
2025-10-16,control_des_moines,control,Des Moines,IA,878,4,0,0,0,0,0,0,0,0
2025-10-16,control_shreveport,control,Shreveport,LA,925,0,0,0,0,0,0,0,0,0
2025-10-16,control_spokane,control,Spokane,WA,526,102,0,7,1,0,0,0,2,0
2025-10-16,control_syracuse,control,Syracuse,NY,900,84,0,0,0,0,0,0,4,0
2025-10-17,20251016_norman,event,Norman,OK,955,80,0,6,0,0,0,0,5,0
2025-10-17,control_albuquerque,control,Albuquerque,NM,1258,252,0,23,1,0,0,0,23,0
2025-10-17,control_chattanooga,control,Chattanooga,TN,1448,3,0,0,0,0,0,0,1,0
2025-10-17,control_des_moines,control,Des Moines,IA,893,5,0,0,0,0,0,0,0,0
2025-10-17,control_shreveport,control,Shreveport,LA,931,0,0,0,0,0,0,0,0,0
2025-10-17,control_spokane,control,Spokane,WA,483,92,0,7,0,0,0,0,0,0
2025-10-17,control_syracuse,control,Syracuse,NY,923,102,0,0,0,0,0,0,6,0
2025-10-20,20251021_bloomington,event,Bloomington,IN,1786,0,0,0,0,0,0,0,0,0
2025-10-20,control_albuquerque,control,Albuquerque,NM,1128,183,0,12,0,0,0,0,18,0
2025-10-20,control_chattanooga,control,Chattanooga,TN,1396,3,0,0,0,0,0,0,0,0
2025-10-20,control_des_moines,control,Des Moines,IA,874,2,0,0,0,0,0,0,0,0
2025-10-20,control_shreveport,control,Shreveport,LA,871,0,0,0,0,0,0,0,0,0
2025-10-20,control_spokane,control,Spokane,WA,451,83,0,6,1,0,0,0,2,0
2025-10-20,control_syracuse,control,Syracuse,NY,754,71,0,1,1,0,0,0,5,0
2025-10-21,20251021_bloomington,event,Bloomington,IN,1810,1,0,0,0,0,0,0,0,0
2025-10-21,control_albuquerque,control,Albuquerque,NM,968,229,0,21,0,1,0,0,20,0
2025-10-21,control_chattanooga,control,Chattanooga,TN,1201,2,0,0,0,0,0,0,0,0
2025-10-21,control_des_moines,control,Des Moines,IA,881,2,0,0,0,0,0,0,0,0
2025-10-21,control_shreveport,control,Shreveport,LA,849,0,0,0,0,0,0,0,0,0
2025-10-21,control_spokane,control,Spokane,WA,472,85,0,8,0,0,0,0,1,0
2025-10-21,control_syracuse,control,Syracuse,NY,846,92,0,0,1,0,0,0,6,0
2025-10-22,20251021_bloomington,event,Bloomington,IN,1666,2,0,0,0,0,0,0,0,0
2025-10-22,control_albuquerque,control,Albuquerque,NM,1014,218,1,20,0,0,0,0,13,0
2025-10-22,control_chattanooga,control,Chattanooga,TN,1280,2,0,0,0,0,0,0,0,0
2025-10-22,control_des_moines,control,Des Moines,IA,960,0,0,0,0,0,0,0,0,0
2025-10-22,control_shreveport,control,Shreveport,LA,853,0,0,0,0,0,0,0,0,0
2025-10-22,control_spokane,control,Spokane,WA,477,96,0,10,1,0,0,0,2,0
2025-10-22,control_syracuse,control,Syracuse,NY,810,74,0,0,1,0,0,0,3,0
2025-10-26,20251027_baton_rouge,event,Baton Rouge,LA,688,11,0,0,0,0,0,0,0,0
2025-10-26,control_albuquerque,control,Albuquerque,NM,928,184,0,3,0,0,0,0,11,0
2025-10-26,control_chattanooga,control,Chattanooga,TN,1222,4,0,0,0,0,0,0,0,0
2025-10-26,control_des_moines,control,Des Moines,IA,1007,3,0,0,0,0,0,0,1,0
2025-10-26,control_shreveport,control,Shreveport,LA,780,0,0,0,0,0,0,0,0,0
2025-10-26,control_spokane,control,Spokane,WA,357,72,0,1,0,0,0,0,3,0
2025-10-26,control_syracuse,control,Syracuse,NY,830,71,0,0,0,0,0,0,0,0
2025-10-27,20251027_baton_rouge,event,Baton Rouge,LA,813,11,0,0,0,0,0,0,0,0
2025-10-27,control_albuquerque,control,Albuquerque,NM,1052,182,0,7,0,0,0,0,13,0
2025-10-27,control_chattanooga,control,Chattanooga,TN,1073,0,0,0,0,0,0,0,0,0
2025-10-27,control_des_moines,control,Des Moines,IA,980,4,0,0,0,0,0,0,1,0
2025-10-27,control_shreveport,control,Shreveport,LA,877,0,0,0,0,0,0,0,0,0
2025-10-27,control_spokane,control,Spokane,WA,459,88,0,6,0,0,0,0,3,0
2025-10-27,control_syracuse,control,Syracuse,NY,858,79,0,1,1,0,0,0,7,0
2025-10-29,20251029_oxford,event,Oxford,MS,860,0,0,0,0,0,0,0,0,0
2025-10-29,control_albuquerque,control,Albuquerque,NM,1064,224,0,25,0,0,1,0,17,0
2025-10-29,control_chattanooga,control,Chattanooga,TN,977,1,0,0,0,0,0,0,1,0
2025-10-29,control_des_moines,control,Des Moines,IA,944,7,0,0,0,0,0,0,2,0
2025-10-29,control_shreveport,control,Shreveport,LA,846,0,0,0,0,0,0,0,0,0
2025-10-29,control_spokane,control,Spokane,WA,427,86,0,7,0,1,0,0,2,0
2025-10-29,control_syracuse,control,Syracuse,NY,810,77,0,0,1,0,0,0,4,0
2025-10-30,20251029_oxford,event,Oxford,MS,1097,5,0,0,0,0,0,0,0,0
2025-10-30,control_albuquerque,control,Albuquerque,NM,1126,216,0,20,0,1,0,0,16,0
2025-10-30,control_chattanooga,control,Chattanooga,TN,1187,1,0,0,0,0,0,0,0,0
2025-10-30,control_des_moines,control,Des Moines,IA,933,4,0,0,0,0,0,0,1,0
2025-10-30,control_shreveport,control,Shreveport,LA,844,0,0,0,0,0,0,0,0,0
2025-10-30,control_spokane,control,Spokane,WA,403,87,0,7,0,0,0,0,2,0
2025-10-30,control_syracuse,control,Syracuse,NY,703,72,0,1,0,0,0,0,4,0
