sweep_date,circle_key,circle_kind,city,state,event_date,offset_days,who,entering,on_ground,notable_ground_all,notable_ground_excl_airliner
2023-03-13,20230314_davis,event,Davis,CA,2023-03-14,-1,Charlie,959,101,21,21
2023-03-13,control_albuquerque,control,Albuquerque,NM,,0,CONTROL — no known Kirk/TPUSA event,937,110,9,8
2023-03-13,control_chattanooga,control,Chattanooga,TN,,0,CONTROL — no known Kirk/TPUSA event,920,0,0,0
2023-03-13,control_des_moines,control,Des Moines,IA,,0,CONTROL — no known Kirk/TPUSA event,737,0,0,0
2023-03-13,control_shreveport,control,Shreveport,LA,,0,CONTROL — no known Kirk/TPUSA event,548,0,0,0
2023-03-13,control_spokane,control,Spokane,WA,,0,CONTROL — no known Kirk/TPUSA event,295,3,0,0
2023-03-13,control_syracuse,control,Syracuse,NY,,0,CONTROL — no known Kirk/TPUSA event,563,0,0,0
2023-03-14,20230314_davis,event,Davis,CA,2023-03-14,0,Charlie,817,58,10,9
2023-03-14,control_albuquerque,control,Albuquerque,NM,,0,CONTROL — no known Kirk/TPUSA event,1069,145,20,17
2023-03-14,control_chattanooga,control,Chattanooga,TN,,0,CONTROL — no known Kirk/TPUSA event,889,0,0,0
2023-03-14,control_des_moines,control,Des Moines,IA,,0,CONTROL — no known Kirk/TPUSA event,855,0,0,0
2023-03-14,control_shreveport,control,Shreveport,LA,,0,CONTROL — no known Kirk/TPUSA event,507,0,0,0
2023-03-14,control_spokane,control,Spokane,WA,,0,CONTROL — no known Kirk/TPUSA event,336,6,4,4
2023-03-14,control_syracuse,control,Syracuse,NY,,0,CONTROL — no known Kirk/TPUSA event,482,0,0,0
2023-03-15,20230314_davis,event,Davis,CA,2023-03-14,1,Charlie,1254,152,20,20
2023-03-15,control_albuquerque,control,Albuquerque,NM,,0,CONTROL — no known Kirk/TPUSA event,1144,136,15,12
2023-03-15,control_chattanooga,control,Chattanooga,TN,,0,CONTROL — no known Kirk/TPUSA event,940,0,0,0
2023-03-15,control_des_moines,control,Des Moines,IA,,0,CONTROL — no known Kirk/TPUSA event,798,0,0,0
2023-03-15,control_shreveport,control,Shreveport,LA,,0,CONTROL — no known Kirk/TPUSA event,539,0,0,0
2023-03-15,control_spokane,control,Spokane,WA,,0,CONTROL — no known Kirk/TPUSA event,353,4,2,2
2023-03-15,control_syracuse,control,Syracuse,NY,,0,CONTROL — no known Kirk/TPUSA event,590,0,0,0
2023-03-20,20230321_baton_rouge,event,Baton Rouge,LA,2023-03-21,-1,TPUSA,793,3,0,0
2023-03-20,20230321_new_brunswick,event,New Brunswick,NJ,2023-03-21,-1,TPUSA,3045,813,121,90
2023-03-20,control_albuquerque,control,Albuquerque,NM,,0,CONTROL — no known Kirk/TPUSA event,957,108,12,10
2023-03-20,control_chattanooga,control,Chattanooga,TN,,0,CONTROL — no known Kirk/TPUSA event,893,0,0,0
2023-03-20,control_des_moines,control,Des Moines,IA,,0,CONTROL — no known Kirk/TPUSA event,800,0,0,0
2023-03-20,control_shreveport,control,Shreveport,LA,,0,CONTROL — no known Kirk/TPUSA event,488,0,0,0
2023-03-20,control_spokane,control,Spokane,WA,,0,CONTROL — no known Kirk/TPUSA event,329,9,2,2
2023-03-20,control_syracuse,control,Syracuse,NY,,0,CONTROL — no known Kirk/TPUSA event,679,0,0,0
2023-03-21,20230321_baton_rouge,event,Baton Rouge,LA,2023-03-21,0,TPUSA,788,4,0,0
2023-03-21,20230321_new_brunswick,event,New Brunswick,NJ,2023-03-21,0,TPUSA,3161,842,128,88
2023-03-21,20230322_columbus,event,Columbus,OH,2023-03-22,-1,Charlie,1145,14,1,1
2023-03-21,control_albuquerque,control,Albuquerque,NM,,0,CONTROL — no known Kirk/TPUSA event,860,110,20,18
2023-03-21,control_chattanooga,control,Chattanooga,TN,,0,CONTROL — no known Kirk/TPUSA event,958,0,0,0
2023-03-21,control_des_moines,control,Des Moines,IA,,0,CONTROL — no known Kirk/TPUSA event,815,0,0,0
2023-03-21,control_shreveport,control,Shreveport,LA,,0,CONTROL — no known Kirk/TPUSA event,474,0,0,0
2023-03-21,control_spokane,control,Spokane,WA,,0,CONTROL — no known Kirk/TPUSA event,354,3,2,2
2023-03-21,control_syracuse,control,Syracuse,NY,,0,CONTROL — no known Kirk/TPUSA event,633,0,0,0
2023-03-22,20230321_baton_rouge,event,Baton Rouge,LA,2023-03-21,1,TPUSA,736,2,1,1
2023-03-22,20230321_new_brunswick,event,New Brunswick,NJ,2023-03-21,1,TPUSA,3131,678,119,82
2023-03-22,20230322_columbus,event,Columbus,OH,2023-03-22,0,Charlie,1081,5,0,0
2023-03-22,control_albuquerque,control,Albuquerque,NM,,0,CONTROL — no known Kirk/TPUSA event,890,114,22,18
2023-03-22,control_chattanooga,control,Chattanooga,TN,,0,CONTROL — no known Kirk/TPUSA event,951,0,0,0
2023-03-22,control_des_moines,control,Des Moines,IA,,0,CONTROL — no known Kirk/TPUSA event,765,0,0,0
2023-03-22,control_shreveport,control,Shreveport,LA,,0,CONTROL — no known Kirk/TPUSA event,504,0,0,0
2023-03-22,control_spokane,control,Spokane,WA,,0,CONTROL — no known Kirk/TPUSA event,374,4,1,1
2023-03-22,control_syracuse,control,Syracuse,NY,,0,CONTROL — no known Kirk/TPUSA event,579,0,0,0
2023-03-23,20230322_columbus,event,Columbus,OH,2023-03-22,1,Charlie,1101,1,1,1
2023-03-23,control_albuquerque,control,Albuquerque,NM,,0,CONTROL — no known Kirk/TPUSA event,1127,100,14,10
2023-03-23,control_chattanooga,control,Chattanooga,TN,,0,CONTROL — no known Kirk/TPUSA event,1196,0,0,0
2023-03-23,control_des_moines,control,Des Moines,IA,,0,CONTROL — no known Kirk/TPUSA event,803,0,0,0
2023-03-23,control_shreveport,control,Shreveport,LA,,0,CONTROL — no known Kirk/TPUSA event,589,0,0,0
2023-03-23,control_spokane,control,Spokane,WA,,0,CONTROL — no known Kirk/TPUSA event,319,4,1,1
2023-03-23,control_syracuse,control,Syracuse,NY,,0,CONTROL — no known Kirk/TPUSA event,597,0,0,0
2023-03-26,20230327_fort_worth,event,Fort Worth,TX,2023-03-27,-1,Charlie,2317,58,17,17
2023-03-26,control_albuquerque,control,Albuquerque,NM,,0,CONTROL — no known Kirk/TPUSA event,931,53,3,1
2023-03-26,control_chattanooga,control,Chattanooga,TN,,0,CONTROL — no known Kirk/TPUSA event,971,0,0,0
2023-03-26,control_des_moines,control,Des Moines,IA,,0,CONTROL — no known Kirk/TPUSA event,678,0,0,0
2023-03-26,control_shreveport,control,Shreveport,LA,,0,CONTROL — no known Kirk/TPUSA event,486,0,0,0
2023-03-26,control_spokane,control,Spokane,WA,,0,CONTROL — no known Kirk/TPUSA event,295,7,1,1
2023-03-26,control_syracuse,control,Syracuse,NY,,0,CONTROL — no known Kirk/TPUSA event,587,0,0,0
2023-03-27,20230327_fort_worth,event,Fort Worth,TX,2023-03-27,0,Charlie,2100,34,11,11
2023-03-27,control_albuquerque,control,Albuquerque,NM,,0,CONTROL — no known Kirk/TPUSA event,937,111,16,14
2023-03-27,control_chattanooga,control,Chattanooga,TN,,0,CONTROL — no known Kirk/TPUSA event,929,0,0,0
2023-03-27,control_des_moines,control,Des Moines,IA,,0,CONTROL — no known Kirk/TPUSA event,679,0,0,0
2023-03-27,control_shreveport,control,Shreveport,LA,,0,CONTROL — no known Kirk/TPUSA event,343,0,0,0
2023-03-27,control_spokane,control,Spokane,WA,,0,CONTROL — no known Kirk/TPUSA event,332,7,5,5
2023-03-27,control_syracuse,control,Syracuse,NY,,0,CONTROL — no known Kirk/TPUSA event,607,0,0,0
2023-03-28,20230327_fort_worth,event,Fort Worth,TX,2023-03-27,1,Charlie,523,20,2,2
2023-03-28,control_albuquerque,control,Albuquerque,NM,,0,CONTROL — no known Kirk/TPUSA event,276,37,5,4
2023-03-28,control_chattanooga,control,Chattanooga,TN,,0,CONTROL — no known Kirk/TPUSA event,228,0,0,0
2023-03-28,control_des_moines,control,Des Moines,IA,,0,CONTROL — no known Kirk/TPUSA event,180,0,0,0
2023-03-28,control_shreveport,control,Shreveport,LA,,0,CONTROL — no known Kirk/TPUSA event,150,0,0,0
2023-03-28,control_spokane,control,Spokane,WA,,0,CONTROL — no known Kirk/TPUSA event,87,0,0,0
2023-03-28,control_syracuse,control,Syracuse,NY,,0,CONTROL — no known Kirk/TPUSA event,144,0,0,0
2023-04-01,20230402_jefferson_city,event,Jefferson City,MO,2023-04-02,-1,TPUSA,608,0,0,0
2023-04-01,control_albuquerque,control,Albuquerque,NM,,0,CONTROL — no known Kirk/TPUSA event,1024,135,17,15
2023-04-01,control_chattanooga,control,Chattanooga,TN,,0,CONTROL — no known Kirk/TPUSA event,880,0,0,0
2023-04-01,control_des_moines,control,Des Moines,IA,,0,CONTROL — no known Kirk/TPUSA event,616,0,0,0
2023-04-01,control_shreveport,control,Shreveport,LA,,0,CONTROL — no known Kirk/TPUSA event,679,0,0,0
2023-04-01,control_spokane,control,Spokane,WA,,0,CONTROL — no known Kirk/TPUSA event,265,1,0,0
2023-04-01,control_syracuse,control,Syracuse,NY,,0,CONTROL — no known Kirk/TPUSA event,549,0,0,0
2023-04-02,20230402_jefferson_city,event,Jefferson City,MO,2023-04-02,0,TPUSA,404,0,0,0
2023-04-02,control_albuquerque,control,Albuquerque,NM,,0,CONTROL — no known Kirk/TPUSA event,721,65,4,2
2023-04-02,control_chattanooga,control,Chattanooga,TN,,0,CONTROL — no known Kirk/TPUSA event,696,0,0,0
2023-04-02,control_des_moines,control,Des Moines,IA,,0,CONTROL — no known Kirk/TPUSA event,452,1,1,1
2023-04-02,control_shreveport,control,Shreveport,LA,,0,CONTROL — no known Kirk/TPUSA event,477,0,0,0
2023-04-02,control_spokane,control,Spokane,WA,,0,CONTROL — no known Kirk/TPUSA event,194,1,1,1
2023-04-02,control_syracuse,control,Syracuse,NY,,0,CONTROL — no known Kirk/TPUSA event,416,0,0,0
2023-04-03,20230402_jefferson_city,event,Jefferson City,MO,2023-04-02,1,TPUSA,234,0,0,0
2023-04-03,control_albuquerque,control,Albuquerque,NM,,0,CONTROL — no known Kirk/TPUSA event,322,31,3,2
2023-04-03,control_chattanooga,control,Chattanooga,TN,,0,CONTROL — no known Kirk/TPUSA event,288,0,0,0
2023-04-03,control_des_moines,control,Des Moines,IA,,0,CONTROL — no known Kirk/TPUSA event,248,0,0,0
2023-04-03,control_shreveport,control,Shreveport,LA,,0,CONTROL — no known Kirk/TPUSA event,247,0,0,0
2023-04-03,control_spokane,control,Spokane,WA,,0,CONTROL — no known Kirk/TPUSA event,109,0,0,0
2023-04-03,control_syracuse,control,Syracuse,NY,,0,CONTROL — no known Kirk/TPUSA event,225,0,0,0
2023-04-22,20230423_topeka,event,Topeka,KS,2023-04-23,-1,TPUSA,550,0,0,0
2023-04-22,control_albuquerque,control,Albuquerque,NM,,0,CONTROL — no known Kirk/TPUSA event,858,126,14,12
2023-04-22,control_chattanooga,control,Chattanooga,TN,,0,CONTROL — no known Kirk/TPUSA event,874,0,0,0
2023-04-22,control_des_moines,control,Des Moines,IA,,0,CONTROL — no known Kirk/TPUSA event,662,2,0,0
2023-04-22,control_shreveport,control,Shreveport,LA,,0,CONTROL — no known Kirk/TPUSA event,599,0,0,0
2023-04-22,control_spokane,control,Spokane,WA,,0,CONTROL — no known Kirk/TPUSA event,319,8,3,3
2023-04-22,control_syracuse,control,Syracuse,NY,,0,CONTROL — no known Kirk/TPUSA event,680,0,0,0
2023-04-23,20230423_topeka,event,Topeka,KS,2023-04-23,0,TPUSA,527,0,0,0
2023-04-23,control_albuquerque,control,Albuquerque,NM,,0,CONTROL — no known Kirk/TPUSA event,1005,114,12,11
2023-04-23,control_chattanooga,control,Chattanooga,TN,,0,CONTROL — no known Kirk/TPUSA event,923,0,0,0
2023-04-23,control_des_moines,control,Des Moines,IA,,0,CONTROL — no known Kirk/TPUSA event,750,1,0,0
2023-04-23,control_shreveport,control,Shreveport,LA,,0,CONTROL — no known Kirk/TPUSA event,686,0,0,0
2023-04-23,control_spokane,control,Spokane,WA,,0,CONTROL — no known Kirk/TPUSA event,303,3,0,0
2023-04-23,control_syracuse,control,Syracuse,NY,,0,CONTROL — no known Kirk/TPUSA event,639,0,0,0
2023-04-24,20230423_topeka,event,Topeka,KS,2023-04-23,1,TPUSA,640,0,0,0
2023-04-24,control_albuquerque,control,Albuquerque,NM,,0,CONTROL — no known Kirk/TPUSA event,981,120,14,13
2023-04-24,control_chattanooga,control,Chattanooga,TN,,0,CONTROL — no known Kirk/TPUSA event,934,0,0,0
2023-04-24,control_des_moines,control,Des Moines,IA,,0,CONTROL — no known Kirk/TPUSA event,794,0,0,0
2023-04-24,control_shreveport,control,Shreveport,LA,,0,CONTROL — no known Kirk/TPUSA event,652,0,0,0
2023-04-24,control_spokane,control,Spokane,WA,,0,CONTROL — no known Kirk/TPUSA event,316,9,4,4
2023-04-24,control_syracuse,control,Syracuse,NY,,0,CONTROL — no known Kirk/TPUSA event,576,0,0,0
2023-06-08,20230609_grapevine,event,Grapevine,TX,2023-06-09,-1,Charlie,2362,743,87,43
2023-06-08,control_albuquerque,control,Albuquerque,NM,,0,CONTROL — no known Kirk/TPUSA event,1168,159,26,24
2023-06-08,control_chattanooga,control,Chattanooga,TN,,0,CONTROL — no known Kirk/TPUSA event,979,0,0,0
2023-06-08,control_des_moines,control,Des Moines,IA,,0,CONTROL — no known Kirk/TPUSA event,924,0,0,0
2023-06-08,control_shreveport,control,Shreveport,LA,,0,CONTROL — no known Kirk/TPUSA event,875,0,0,0
2023-06-08,control_spokane,control,Spokane,WA,,0,CONTROL — no known Kirk/TPUSA event,419,9,1,1
2023-06-08,control_syracuse,control,Syracuse,NY,,0,CONTROL — no known Kirk/TPUSA event,737,0,0,0
2023-06-09,20230609_grapevine,event,Grapevine,TX,2023-06-09,0,Charlie,2497,569,41,13
2023-06-09,20230610_grapevine,event,Grapevine,TX,2023-06-10,-1,Charlie,2497,569,41,13
2023-06-09,control_albuquerque,control,Albuquerque,NM,,0,CONTROL — no known Kirk/TPUSA event,1163,151,15,14
2023-06-09,control_chattanooga,control,Chattanooga,TN,,0,CONTROL — no known Kirk/TPUSA event,999,0,0,0
2023-06-09,control_des_moines,control,Des Moines,IA,,0,CONTROL — no known Kirk/TPUSA event,910,0,0,0
2023-06-09,control_shreveport,control,Shreveport,LA,,0,CONTROL — no known Kirk/TPUSA event,883,0,0,0
2023-06-09,control_spokane,control,Spokane,WA,,0,CONTROL — no known Kirk/TPUSA event,347,13,3,3
2023-06-09,control_syracuse,control,Syracuse,NY,,0,CONTROL — no known Kirk/TPUSA event,714,0,0,0
2023-06-10,20230609_grapevine,event,Grapevine,TX,2023-06-09,1,Charlie,2006,468,35,9
2023-06-10,20230610_grapevine,event,Grapevine,TX,2023-06-10,0,Charlie,2006,468,35,9
2023-06-10,20230611_grapevine,event,Grapevine,TX,2023-06-11,-1,Charlie,2006,468,35,9
2023-06-10,control_albuquerque,control,Albuquerque,NM,,0,CONTROL — no known Kirk/TPUSA event,1133,154,16,14
2023-06-10,control_chattanooga,control,Chattanooga,TN,,0,CONTROL — no known Kirk/TPUSA event,1013,0,0,0
2023-06-10,control_des_moines,control,Des Moines,IA,,0,CONTROL — no known Kirk/TPUSA event,803,0,0,0
2023-06-10,control_shreveport,control,Shreveport,LA,,0,CONTROL — no known Kirk/TPUSA event,683,0,0,0
2023-06-10,control_spokane,control,Spokane,WA,,0,CONTROL — no known Kirk/TPUSA event,368,14,4,4
2023-06-10,control_syracuse,control,Syracuse,NY,,0,CONTROL — no known Kirk/TPUSA event,606,0,0,0
2023-06-11,20230610_grapevine,event,Grapevine,TX,2023-06-10,1,Charlie,2103,451,28,7
2023-06-11,20230611_grapevine,event,Grapevine,TX,2023-06-11,0,Charlie,2103,451,28,7
2023-06-11,control_albuquerque,control,Albuquerque,NM,,0,CONTROL — no known Kirk/TPUSA event,928,110,13,12
2023-06-11,control_chattanooga,control,Chattanooga,TN,,0,CONTROL — no known Kirk/TPUSA event,1103,0,0,0
2023-06-11,control_des_moines,control,Des Moines,IA,,0,CONTROL — no known Kirk/TPUSA event,838,1,0,0
2023-06-11,control_shreveport,control,Shreveport,LA,,0,CONTROL — no known Kirk/TPUSA event,765,1,0,0
2023-06-11,control_spokane,control,Spokane,WA,,0,CONTROL — no known Kirk/TPUSA event,419,10,4,4
2023-06-11,control_syracuse,control,Syracuse,NY,,0,CONTROL — no known Kirk/TPUSA event,679,0,0,0
2023-06-12,20230611_grapevine,event,Grapevine,TX,2023-06-11,1,Charlie,1852,548,41,14
2023-06-12,control_albuquerque,control,Albuquerque,NM,,0,CONTROL — no known Kirk/TPUSA event,970,132,28,27
2023-06-12,control_chattanooga,control,Chattanooga,TN,,0,CONTROL — no known Kirk/TPUSA event,881,0,0,0
2023-06-12,control_des_moines,control,Des Moines,IA,,0,CONTROL — no known Kirk/TPUSA event,841,0,0,0
2023-06-12,control_shreveport,control,Shreveport,LA,,0,CONTROL — no known Kirk/TPUSA event,1020,0,0,0
2023-06-12,control_spokane,control,Spokane,WA,,0,CONTROL — no known Kirk/TPUSA event,451,15,4,4
2023-06-12,control_syracuse,control,Syracuse,NY,,0,CONTROL — no known Kirk/TPUSA event,684,0,0,0
2023-06-16,20230617_deerfield,event,Deerfield,IL,2023-06-17,-1,Charlie,2458,133,7,7
2023-06-16,control_albuquerque,control,Albuquerque,NM,,0,CONTROL — no known Kirk/TPUSA event,1032,141,23,21
2023-06-16,control_chattanooga,control,Chattanooga,TN,,0,CONTROL — no known Kirk/TPUSA event,1064,0,0,0
2023-06-16,control_des_moines,control,Des Moines,IA,,0,CONTROL — no known Kirk/TPUSA event,870,0,0,0
2023-06-16,control_shreveport,control,Shreveport,LA,,0,CONTROL — no known Kirk/TPUSA event,932,0,0,0
2023-06-16,control_spokane,control,Spokane,WA,,0,CONTROL — no known Kirk/TPUSA event,505,18,5,5
2023-06-16,control_syracuse,control,Syracuse,NY,,0,CONTROL — no known Kirk/TPUSA event,796,0,0,0
2023-06-17,20230617_deerfield,event,Deerfield,IL,2023-06-17,0,Charlie,2380,300,30,21
2023-06-17,20230618_deerfield,event,Deerfield,IL,2023-06-18,-1,Charlie,2380,300,30,21
2023-06-17,control_albuquerque,control,Albuquerque,NM,,0,CONTROL — no known Kirk/TPUSA event,1123,119,10,9
2023-06-17,control_chattanooga,control,Chattanooga,TN,,0,CONTROL — no known Kirk/TPUSA event,950,0,0,0
2023-06-17,control_des_moines,control,Des Moines,IA,,0,CONTROL — no known Kirk/TPUSA event,632,0,0,0
2023-06-17,control_shreveport,control,Shreveport,LA,,0,CONTROL — no known Kirk/TPUSA event,665,0,0,0
2023-06-17,control_spokane,control,Spokane,WA,,0,CONTROL — no known Kirk/TPUSA event,440,20,3,3
2023-06-17,control_syracuse,control,Syracuse,NY,,0,CONTROL — no known Kirk/TPUSA event,599,0,0,0
2023-06-20,20230619_deerfield,event,Deerfield,IL,2023-06-19,1,Charlie,2421,144,8,7
2023-06-20,control_albuquerque,control,Albuquerque,NM,,0,CONTROL — no known Kirk/TPUSA event,901,120,14,12
2023-06-20,control_chattanooga,control,Chattanooga,TN,,0,CONTROL — no known Kirk/TPUSA event,856,0,0,0
2023-06-20,control_des_moines,control,Des Moines,IA,,0,CONTROL — no known Kirk/TPUSA event,928,0,0,0
2023-06-20,control_shreveport,control,Shreveport,LA,,0,CONTROL — no known Kirk/TPUSA event,774,0,0,0
2023-06-20,control_spokane,control,Spokane,WA,,0,CONTROL — no known Kirk/TPUSA event,410,7,1,1
2023-06-20,control_syracuse,control,Syracuse,NY,,0,CONTROL — no known Kirk/TPUSA event,704,0,0,0
2023-07-11,20230712_west_palm_beach,event,West Palm Beach,FL,2023-07-12,-1,Charlie,804,0,0,0
2023-07-11,control_albuquerque,control,Albuquerque,NM,,0,CONTROL — no known Kirk/TPUSA event,969,131,20,18
2023-07-11,control_chattanooga,control,Chattanooga,TN,,0,CONTROL — no known Kirk/TPUSA event,949,0,0,0
2023-07-11,control_des_moines,control,Des Moines,IA,,0,CONTROL — no known Kirk/TPUSA event,982,0,0,0
2023-07-11,control_shreveport,control,Shreveport,LA,,0,CONTROL — no known Kirk/TPUSA event,719,0,0,0
2023-07-11,control_spokane,control,Spokane,WA,,0,CONTROL — no known Kirk/TPUSA event,476,26,5,5
2023-07-11,control_syracuse,control,Syracuse,NY,,0,CONTROL — no known Kirk/TPUSA event,793,1,0,0
2023-07-12,20230712_west_palm_beach,event,West Palm Beach,FL,2023-07-12,0,Charlie,784,0,0,0
2023-07-12,20230713_west_palm_beach,event,West Palm Beach,FL,2023-07-13,-1,Charlie,784,0,0,0
2023-07-12,control_albuquerque,control,Albuquerque,NM,,0,CONTROL — no known Kirk/TPUSA event,1017,133,18,16
2023-07-12,control_chattanooga,control,Chattanooga,TN,,0,CONTROL — no known Kirk/TPUSA event,962,0,0,0
2023-07-12,control_des_moines,control,Des Moines,IA,,0,CONTROL — no known Kirk/TPUSA event,529,0,0,0
2023-07-12,control_shreveport,control,Shreveport,LA,,0,CONTROL — no known Kirk/TPUSA event,689,0,0,0
2023-07-12,control_spokane,control,Spokane,WA,,0,CONTROL — no known Kirk/TPUSA event,502,17,7,7
2023-07-12,control_syracuse,control,Syracuse,NY,,0,CONTROL — no known Kirk/TPUSA event,833,0,0,0
2023-07-13,20230712_west_palm_beach,event,West Palm Beach,FL,2023-07-12,1,Charlie,843,0,0,0
2023-07-13,20230713_west_palm_beach,event,West Palm Beach,FL,2023-07-13,0,Charlie,843,0,0,0
2023-07-13,20230714_west_palm_beach,event,West Palm Beach,FL,2023-07-14,-1,Charlie,843,0,0,0
2023-07-13,control_albuquerque,control,Albuquerque,NM,,0,CONTROL — no known Kirk/TPUSA event,989,160,26,23
2023-07-13,control_chattanooga,control,Chattanooga,TN,,0,CONTROL — no known Kirk/TPUSA event,1105,0,0,0
2023-07-13,control_des_moines,control,Des Moines,IA,,0,CONTROL — no known Kirk/TPUSA event,877,0,0,0
2023-07-13,control_shreveport,control,Shreveport,LA,,0,CONTROL — no known Kirk/TPUSA event,854,0,0,0
2023-07-13,control_spokane,control,Spokane,WA,,0,CONTROL — no known Kirk/TPUSA event,551,27,9,9
2023-07-13,control_syracuse,control,Syracuse,NY,,0,CONTROL — no known Kirk/TPUSA event,644,0,0,0
2023-07-14,20230713_west_palm_beach,event,West Palm Beach,FL,2023-07-13,1,Charlie,857,0,0,0
2023-07-14,20230714_west_palm_beach,event,West Palm Beach,FL,2023-07-14,0,Charlie,857,0,0,0
2023-07-14,20230715_west_palm_beach,event,West Palm Beach,FL,2023-07-15,-1,Charlie,857,0,0,0
2023-07-14,control_albuquerque,control,Albuquerque,NM,,0,CONTROL — no known Kirk/TPUSA event,949,139,20,17
2023-07-14,control_chattanooga,control,Chattanooga,TN,,0,CONTROL — no known Kirk/TPUSA event,1089,0,0,0
2023-07-14,control_des_moines,control,Des Moines,IA,,0,CONTROL — no known Kirk/TPUSA event,822,1,0,0
2023-07-14,control_shreveport,control,Shreveport,LA,,0,CONTROL — no known Kirk/TPUSA event,992,0,0,0
2023-07-14,control_spokane,control,Spokane,WA,,0,CONTROL — no known Kirk/TPUSA event,526,20,7,7
2023-07-14,control_syracuse,control,Syracuse,NY,,0,CONTROL — no known Kirk/TPUSA event,898,0,0,0
2023-07-15,20230714_west_palm_beach,event,West Palm Beach,FL,2023-07-14,1,Charlie,889,1,0,0
2023-07-15,20230715_west_palm_beach,event,West Palm Beach,FL,2023-07-15,0,Charlie,889,1,0,0
2023-07-15,20230716_west_palm_beach,event,West Palm Beach,FL,2023-07-16,-1,Charlie,889,1,0,0
2023-07-15,control_albuquerque,control,Albuquerque,NM,,0,CONTROL — no known Kirk/TPUSA event,896,135,13,12
2023-07-15,control_chattanooga,control,Chattanooga,TN,,0,CONTROL — no known Kirk/TPUSA event,1007,0,0,0
2023-07-15,control_des_moines,control,Des Moines,IA,,0,CONTROL — no known Kirk/TPUSA event,775,0,0,0
2023-07-15,control_shreveport,control,Shreveport,LA,,0,CONTROL — no known Kirk/TPUSA event,884,0,0,0
2023-07-15,control_spokane,control,Spokane,WA,,0,CONTROL — no known Kirk/TPUSA event,477,20,2,2
2023-07-15,control_syracuse,control,Syracuse,NY,,0,CONTROL — no known Kirk/TPUSA event,878,0,0,0
2023-07-16,20230715_west_palm_beach,event,West Palm Beach,FL,2023-07-15,1,Charlie,741,0,0,0
2023-07-16,20230716_west_palm_beach,event,West Palm Beach,FL,2023-07-16,0,Charlie,741,0,0,0
2023-07-16,control_albuquerque,control,Albuquerque,NM,,0,CONTROL — no known Kirk/TPUSA event,798,111,11,10
2023-07-16,control_chattanooga,control,Chattanooga,TN,,0,CONTROL — no known Kirk/TPUSA event,922,0,0,0
2023-07-16,control_des_moines,control,Des Moines,IA,,0,CONTROL — no known Kirk/TPUSA event,846,0,0,0
2023-07-16,control_shreveport,control,Shreveport,LA,,0,CONTROL — no known Kirk/TPUSA event,617,0,0,0
2023-07-16,control_spokane,control,Spokane,WA,,0,CONTROL — no known Kirk/TPUSA event,456,26,11,11
2023-07-16,control_syracuse,control,Syracuse,NY,,0,CONTROL — no known Kirk/TPUSA event,855,0,0,0
2023-07-17,20230716_west_palm_beach,event,West Palm Beach,FL,2023-07-16,1,Charlie,885,0,0,0
2023-07-17,control_albuquerque,control,Albuquerque,NM,,0,CONTROL — no known Kirk/TPUSA event,855,131,13,13
2023-07-17,control_chattanooga,control,Chattanooga,TN,,0,CONTROL — no known Kirk/TPUSA event,957,0,0,0
2023-07-17,control_des_moines,control,Des Moines,IA,,0,CONTROL — no known Kirk/TPUSA event,901,0,0,0
2023-07-17,control_shreveport,control,Shreveport,LA,,0,CONTROL — no known Kirk/TPUSA event,767,0,0,0
2023-07-17,control_spokane,control,Spokane,WA,,0,CONTROL — no known Kirk/TPUSA event,487,17,6,6
2023-07-17,control_syracuse,control,Syracuse,NY,,0,CONTROL — no known Kirk/TPUSA event,832,0,0,0
2023-08-24,20230825_lincoln,event,Lincoln,NE,2023-08-25,-1,Charlie,892,13,5,5
2023-08-24,control_albuquerque,control,Albuquerque,NM,,0,CONTROL — no known Kirk/TPUSA event,1000,115,14,12
2023-08-24,control_chattanooga,control,Chattanooga,TN,,0,CONTROL — no known Kirk/TPUSA event,1083,0,0,0
2023-08-24,control_des_moines,control,Des Moines,IA,,0,CONTROL — no known Kirk/TPUSA event,809,2,0,0
2023-08-24,control_shreveport,control,Shreveport,LA,,0,CONTROL — no known Kirk/TPUSA event,885,1,0,0
2023-08-24,control_spokane,control,Spokane,WA,,0,CONTROL — no known Kirk/TPUSA event,496,14,6,6
2023-08-24,control_syracuse,control,Syracuse,NY,,0,CONTROL — no known Kirk/TPUSA event,842,0,0,0
2023-08-25,20230825_lincoln,event,Lincoln,NE,2023-08-25,0,Charlie,863,16,8,8
2023-08-25,control_albuquerque,control,Albuquerque,NM,,0,CONTROL — no known Kirk/TPUSA event,1061,141,23,21
2023-08-25,control_chattanooga,control,Chattanooga,TN,,0,CONTROL — no known Kirk/TPUSA event,1000,0,0,0
2023-08-25,control_des_moines,control,Des Moines,IA,,0,CONTROL — no known Kirk/TPUSA event,803,0,0,0
2023-08-25,control_shreveport,control,Shreveport,LA,,0,CONTROL — no known Kirk/TPUSA event,862,0,0,0
2023-08-25,control_spokane,control,Spokane,WA,,0,CONTROL — no known Kirk/TPUSA event,506,24,9,9
2023-08-25,control_syracuse,control,Syracuse,NY,,0,CONTROL — no known Kirk/TPUSA event,831,0,0,0
2023-08-26,20230825_lincoln,event,Lincoln,NE,2023-08-25,1,Charlie,815,4,1,1
2023-08-26,control_albuquerque,control,Albuquerque,NM,,0,CONTROL — no known Kirk/TPUSA event,866,132,14,11
2023-08-26,control_chattanooga,control,Chattanooga,TN,,0,CONTROL — no known Kirk/TPUSA event,945,0,0,0
2023-08-26,control_des_moines,control,Des Moines,IA,,0,CONTROL — no known Kirk/TPUSA event,891,0,0,0
2023-08-26,control_shreveport,control,Shreveport,LA,,0,CONTROL — no known Kirk/TPUSA event,761,1,1,1
2023-08-26,control_spokane,control,Spokane,WA,,0,CONTROL — no known Kirk/TPUSA event,499,17,2,2
2023-08-26,control_syracuse,control,Syracuse,NY,,0,CONTROL — no known Kirk/TPUSA event,725,0,0,0
2023-09-12,20230913_san_diego,event,San Diego,CA,2023-09-13,-1,Charlie,1658,192,46,43
2023-09-12,control_albuquerque,control,Albuquerque,NM,,0,CONTROL — no known Kirk/TPUSA event,818,114,18,14
2023-09-12,control_chattanooga,control,Chattanooga,TN,,0,CONTROL — no known Kirk/TPUSA event,947,1,0,0
2023-09-12,control_des_moines,control,Des Moines,IA,,0,CONTROL — no known Kirk/TPUSA event,959,0,0,0
2023-09-12,control_shreveport,control,Shreveport,LA,,0,CONTROL — no known Kirk/TPUSA event,905,1,0,0
2023-09-12,control_spokane,control,Spokane,WA,,0,CONTROL — no known Kirk/TPUSA event,480,16,3,3
2023-09-12,control_syracuse,control,Syracuse,NY,,0,CONTROL — no known Kirk/TPUSA event,781,0,0,0
2023-09-13,20230913_san_diego,event,San Diego,CA,2023-09-13,0,Charlie,1730,203,52,50
2023-09-13,20230914_san_diego,event,San Diego,CA,2023-09-14,-1,Charlie,1730,203,52,50
2023-09-13,control_albuquerque,control,Albuquerque,NM,,0,CONTROL — no known Kirk/TPUSA event,860,124,20,17
2023-09-13,control_chattanooga,control,Chattanooga,TN,,0,CONTROL — no known Kirk/TPUSA event,953,0,0,0
2023-09-13,control_des_moines,control,Des Moines,IA,,0,CONTROL — no known Kirk/TPUSA event,876,0,0,0
2023-09-13,control_shreveport,control,Shreveport,LA,,0,CONTROL — no known Kirk/TPUSA event,694,0,0,0
2023-09-13,control_spokane,control,Spokane,WA,,0,CONTROL — no known Kirk/TPUSA event,496,17,2,2
2023-09-13,control_syracuse,control,Syracuse,NY,,0,CONTROL — no known Kirk/TPUSA event,733,0,0,0
2023-09-14,20230913_san_diego,event,San Diego,CA,2023-09-13,1,Charlie,1748,220,40,38
2023-09-14,20230914_san_diego,event,San Diego,CA,2023-09-14,0,Charlie,1748,220,40,38
2023-09-14,20230915_san_diego,event,San Diego,CA,2023-09-15,-1,Charlie,1748,220,40,38
2023-09-14,control_albuquerque,control,Albuquerque,NM,,0,CONTROL — no known Kirk/TPUSA event,1102,124,18,15
2023-09-14,control_chattanooga,control,Chattanooga,TN,,0,CONTROL — no known Kirk/TPUSA event,1042,0,0,0
2023-09-14,control_des_moines,control,Des Moines,IA,,0,CONTROL — no known Kirk/TPUSA event,1001,0,0,0
2023-09-14,control_shreveport,control,Shreveport,LA,,0,CONTROL — no known Kirk/TPUSA event,815,0,0,0
2023-09-14,control_spokane,control,Spokane,WA,,0,CONTROL — no known Kirk/TPUSA event,486,17,5,5
2023-09-14,control_syracuse,control,Syracuse,NY,,0,CONTROL — no known Kirk/TPUSA event,851,0,0,0
2023-09-15,20230914_san_diego,event,San Diego,CA,2023-09-14,1,Charlie,1557,249,49,47
2023-09-15,20230915_san_diego,event,San Diego,CA,2023-09-15,0,Charlie,1557,249,49,47
2023-09-15,control_albuquerque,control,Albuquerque,NM,,0,CONTROL — no known Kirk/TPUSA event,1072,137,22,19
2023-09-15,control_chattanooga,control,Chattanooga,TN,,0,CONTROL — no known Kirk/TPUSA event,1025,0,0,0
2023-09-15,control_des_moines,control,Des Moines,IA,,0,CONTROL — no known Kirk/TPUSA event,922,0,0,0
2023-09-15,control_shreveport,control,Shreveport,LA,,0,CONTROL — no known Kirk/TPUSA event,924,1,0,0
2023-09-15,control_spokane,control,Spokane,WA,,0,CONTROL — no known Kirk/TPUSA event,476,19,2,2
2023-09-15,control_syracuse,control,Syracuse,NY,,0,CONTROL — no known Kirk/TPUSA event,882,0,0,0
2023-09-16,20230915_san_diego,event,San Diego,CA,2023-09-15,1,Charlie,999,170,23,19
2023-09-16,control_albuquerque,control,Albuquerque,NM,,0,CONTROL — no known Kirk/TPUSA event,912,122,11,8
2023-09-16,control_chattanooga,control,Chattanooga,TN,,0,CONTROL — no known Kirk/TPUSA event,760,0,0,0
2023-09-16,control_des_moines,control,Des Moines,IA,,0,CONTROL — no known Kirk/TPUSA event,831,0,0,0
2023-09-16,control_shreveport,control,Shreveport,LA,,0,CONTROL — no known Kirk/TPUSA event,849,0,0,0
2023-09-16,control_spokane,control,Spokane,WA,,0,CONTROL — no known Kirk/TPUSA event,462,17,0,0
2023-09-16,control_syracuse,control,Syracuse,NY,,0,CONTROL — no known Kirk/TPUSA event,653,0,0,0
2023-09-20,20230919_flagstaff,event,Flagstaff,AZ,2023-09-19,1,Charlie,812,0,0,0
2023-09-20,control_albuquerque,control,Albuquerque,NM,,0,CONTROL — no known Kirk/TPUSA event,905,148,24,21
2023-09-20,control_chattanooga,control,Chattanooga,TN,,0,CONTROL — no known Kirk/TPUSA event,993,0,0,0
2023-09-20,control_des_moines,control,Des Moines,IA,,0,CONTROL — no known Kirk/TPUSA event,834,0,0,0
2023-09-20,control_shreveport,control,Shreveport,LA,,0,CONTROL — no known Kirk/TPUSA event,1040,0,0,0
2023-09-20,control_spokane,control,Spokane,WA,,0,CONTROL — no known Kirk/TPUSA event,431,14,4,4
2023-09-20,control_syracuse,control,Syracuse,NY,,0,CONTROL — no known Kirk/TPUSA event,822,1,0,0
2023-09-26,20230927_tempe,event,Tempe,AZ,2023-09-27,-1,Charlie,1801,330,40,35
2023-09-26,control_albuquerque,control,Albuquerque,NM,,0,CONTROL — no known Kirk/TPUSA event,1086,136,19,16
2023-09-26,control_chattanooga,control,Chattanooga,TN,,0,CONTROL — no known Kirk/TPUSA event,925,0,0,0
2023-09-26,control_des_moines,control,Des Moines,IA,,0,CONTROL — no known Kirk/TPUSA event,804,0,0,0
2023-09-26,control_shreveport,control,Shreveport,LA,,0,CONTROL — no known Kirk/TPUSA event,868,0,0,0
2023-09-26,control_spokane,control,Spokane,WA,,0,CONTROL — no known Kirk/TPUSA event,428,11,4,4
2023-09-26,control_syracuse,control,Syracuse,NY,,0,CONTROL — no known Kirk/TPUSA event,773,0,0,0
2023-09-27,20230927_tempe,event,Tempe,AZ,2023-09-27,0,Charlie,1857,376,52,46
2023-09-27,control_albuquerque,control,Albuquerque,NM,,0,CONTROL — no known Kirk/TPUSA event,1068,140,19,16
2023-09-27,control_chattanooga,control,Chattanooga,TN,,0,CONTROL — no known Kirk/TPUSA event,1104,0,0,0
2023-09-27,control_des_moines,control,Des Moines,IA,,0,CONTROL — no known Kirk/TPUSA event,895,4,0,0
2023-09-27,control_shreveport,control,Shreveport,LA,,0,CONTROL — no known Kirk/TPUSA event,904,0,0,0
2023-09-27,control_spokane,control,Spokane,WA,,0,CONTROL — no known Kirk/TPUSA event,374,10,3,3
2023-09-27,control_syracuse,control,Syracuse,NY,,0,CONTROL — no known Kirk/TPUSA event,760,1,0,0
2023-09-28,20230927_tempe,event,Tempe,AZ,2023-09-27,1,Charlie,1345,237,45,43
2023-09-28,control_albuquerque,control,Albuquerque,NM,,0,CONTROL — no known Kirk/TPUSA event,1059,141,19,16
2023-09-28,control_chattanooga,control,Chattanooga,TN,,0,CONTROL — no known Kirk/TPUSA event,1126,0,0,0
2023-09-28,control_des_moines,control,Des Moines,IA,,0,CONTROL — no known Kirk/TPUSA event,979,13,1,1
2023-09-28,control_shreveport,control,Shreveport,LA,,0,CONTROL — no known Kirk/TPUSA event,921,0,0,0
2023-09-28,control_spokane,control,Spokane,WA,,0,CONTROL — no known Kirk/TPUSA event,451,19,7,7
2023-09-28,control_syracuse,control,Syracuse,NY,,0,CONTROL — no known Kirk/TPUSA event,826,0,0,0
2023-10-01,20231002_san_jose,event,San Jose,CA,2023-10-02,-1,Charlie,2161,1113,174,88
2023-10-01,control_albuquerque,control,Albuquerque,NM,,0,CONTROL — no known Kirk/TPUSA event,925,103,12,10
2023-10-01,control_chattanooga,control,Chattanooga,TN,,0,CONTROL — no known Kirk/TPUSA event,1008,1,0,0
2023-10-01,control_des_moines,control,Des Moines,IA,,0,CONTROL — no known Kirk/TPUSA event,942,7,1,1
2023-10-01,control_shreveport,control,Shreveport,LA,,0,CONTROL — no known Kirk/TPUSA event,806,0,0,0
2023-10-01,control_spokane,control,Spokane,WA,,0,CONTROL — no known Kirk/TPUSA event,423,13,4,4
2023-10-01,control_syracuse,control,Syracuse,NY,,0,CONTROL — no known Kirk/TPUSA event,831,2,0,0
2023-10-02,20231002_san_jose,event,San Jose,CA,2023-10-02,0,Charlie,1943,1050,153,77
2023-10-02,control_albuquerque,control,Albuquerque,NM,,0,CONTROL — no known Kirk/TPUSA event,922,117,10,10
2023-10-02,control_chattanooga,control,Chattanooga,TN,,0,CONTROL — no known Kirk/TPUSA event,925,0,0,0
2023-10-02,control_des_moines,control,Des Moines,IA,,0,CONTROL — no known Kirk/TPUSA event,961,3,0,0
2023-10-02,control_shreveport,control,Shreveport,LA,,0,CONTROL — no known Kirk/TPUSA event,823,1,0,0
2023-10-02,control_spokane,control,Spokane,WA,,0,CONTROL — no known Kirk/TPUSA event,418,15,7,7
2023-10-02,control_syracuse,control,Syracuse,NY,,0,CONTROL — no known Kirk/TPUSA event,758,1,0,0
2023-10-03,20231002_san_jose,event,San Jose,CA,2023-10-02,1,Charlie,1929,1054,198,90
2023-10-03,control_albuquerque,control,Albuquerque,NM,,0,CONTROL — no known Kirk/TPUSA event,996,141,20,17
2023-10-03,control_chattanooga,control,Chattanooga,TN,,0,CONTROL — no known Kirk/TPUSA event,923,0,0,0
2023-10-03,control_des_moines,control,Des Moines,IA,,0,CONTROL — no known Kirk/TPUSA event,893,4,0,0
2023-10-03,control_shreveport,control,Shreveport,LA,,0,CONTROL — no known Kirk/TPUSA event,930,0,0,0
2023-10-03,control_spokane,control,Spokane,WA,,0,CONTROL — no known Kirk/TPUSA event,405,11,6,6
2023-10-03,control_syracuse,control,Syracuse,NY,,0,CONTROL — no known Kirk/TPUSA event,811,0,0,0
2023-10-09,20231010_orlando,event,Orlando,FL,2023-10-10,-1,Charlie,2248,56,7,6
2023-10-09,control_albuquerque,control,Albuquerque,NM,,0,CONTROL — no known Kirk/TPUSA event,1033,140,8,8
2023-10-09,control_chattanooga,control,Chattanooga,TN,,0,CONTROL — no known Kirk/TPUSA event,1043,0,0,0
2023-10-09,control_des_moines,control,Des Moines,IA,,0,CONTROL — no known Kirk/TPUSA event,947,21,1,0
2023-10-09,control_shreveport,control,Shreveport,LA,,0,CONTROL — no known Kirk/TPUSA event,895,0,0,0
2023-10-09,control_spokane,control,Spokane,WA,,0,CONTROL — no known Kirk/TPUSA event,425,17,4,4
2023-10-09,control_syracuse,control,Syracuse,NY,,0,CONTROL — no known Kirk/TPUSA event,715,0,0,0
2023-10-10,20231010_orlando,event,Orlando,FL,2023-10-10,0,Charlie,2145,51,5,5
2023-10-10,control_albuquerque,control,Albuquerque,NM,,0,CONTROL — no known Kirk/TPUSA event,1089,150,22,19
2023-10-10,control_chattanooga,control,Chattanooga,TN,,0,CONTROL — no known Kirk/TPUSA event,1030,1,1,1
2023-10-10,control_des_moines,control,Des Moines,IA,,0,CONTROL — no known Kirk/TPUSA event,994,23,1,1
2023-10-10,control_shreveport,control,Shreveport,LA,,0,CONTROL — no known Kirk/TPUSA event,930,1,0,0
2023-10-10,control_spokane,control,Spokane,WA,,0,CONTROL — no known Kirk/TPUSA event,405,12,3,3
2023-10-10,control_syracuse,control,Syracuse,NY,,0,CONTROL — no known Kirk/TPUSA event,747,1,0,0
2023-10-11,20231010_orlando,event,Orlando,FL,2023-10-10,1,Charlie,2112,54,8,7
2023-10-11,20231012_atlanta,event,Atlanta,GA,2023-10-12,-1,TPUSA,1947,2,1,1
2023-10-11,control_albuquerque,control,Albuquerque,NM,,0,CONTROL — no known Kirk/TPUSA event,1129,149,20,17
2023-10-11,control_chattanooga,control,Chattanooga,TN,,0,CONTROL — no known Kirk/TPUSA event,1135,1,0,0
2023-10-11,control_des_moines,control,Des Moines,IA,,0,CONTROL — no known Kirk/TPUSA event,940,16,1,1
2023-10-11,control_shreveport,control,Shreveport,LA,,0,CONTROL — no known Kirk/TPUSA event,962,0,0,0
2023-10-11,control_spokane,control,Spokane,WA,,0,CONTROL — no known Kirk/TPUSA event,404,12,6,6
2023-10-11,control_syracuse,control,Syracuse,NY,,0,CONTROL — no known Kirk/TPUSA event,767,0,0,0
2023-10-12,20231012_atlanta,event,Atlanta,GA,2023-10-12,0,TPUSA,1876,59,4,3
2023-10-12,control_albuquerque,control,Albuquerque,NM,,0,CONTROL — no known Kirk/TPUSA event,1151,144,24,20
2023-10-12,control_chattanooga,control,Chattanooga,TN,,0,CONTROL — no known Kirk/TPUSA event,1186,0,0,0
2023-10-12,control_des_moines,control,Des Moines,IA,,0,CONTROL — no known Kirk/TPUSA event,619,21,3,3
2023-10-12,control_shreveport,control,Shreveport,LA,,0,CONTROL — no known Kirk/TPUSA event,985,0,0,0
2023-10-12,control_spokane,control,Spokane,WA,,0,CONTROL — no known Kirk/TPUSA event,422,17,5,5
2023-10-12,control_syracuse,control,Syracuse,NY,,0,CONTROL — no known Kirk/TPUSA event,810,0,0,0
2023-10-13,20231012_atlanta,event,Atlanta,GA,2023-10-12,1,TPUSA,1837,64,0,0
2023-10-13,control_albuquerque,control,Albuquerque,NM,,0,CONTROL — no known Kirk/TPUSA event,1340,176,30,27
2023-10-13,control_chattanooga,control,Chattanooga,TN,,0,CONTROL — no known Kirk/TPUSA event,1207,1,0,0
2023-10-13,control_des_moines,control,Des Moines,IA,,0,CONTROL — no known Kirk/TPUSA event,663,15,0,0
2023-10-13,control_shreveport,control,Shreveport,LA,,0,CONTROL — no known Kirk/TPUSA event,981,1,0,0
2023-10-13,control_spokane,control,Spokane,WA,,0,CONTROL — no known Kirk/TPUSA event,458,19,5,5
2023-10-13,control_syracuse,control,Syracuse,NY,,0,CONTROL — no known Kirk/TPUSA event,801,0,0,0
2023-10-17,20231018_san_antonio,event,San Antonio,TX,2023-10-18,-1,Charlie,801,50,7,5
2023-10-17,control_albuquerque,control,Albuquerque,NM,,0,CONTROL — no known Kirk/TPUSA event,1159,169,26,23
2023-10-17,control_chattanooga,control,Chattanooga,TN,,0,CONTROL — no known Kirk/TPUSA event,1008,0,0,0
2023-10-17,control_des_moines,control,Des Moines,IA,,0,CONTROL — no known Kirk/TPUSA event,873,20,1,1
2023-10-17,control_shreveport,control,Shreveport,LA,,0,CONTROL — no known Kirk/TPUSA event,902,0,0,0
2023-10-17,control_spokane,control,Spokane,WA,,0,CONTROL — no known Kirk/TPUSA event,410,10,2,2
2023-10-17,control_syracuse,control,Syracuse,NY,,0,CONTROL — no known Kirk/TPUSA event,682,0,0,0
2023-10-19,20231018_san_antonio,event,San Antonio,TX,2023-10-18,1,Charlie,898,46,5,5
2023-10-19,20231019_springfield,event,Springfield,MO,2023-10-19,0,Charlie,802,1,0,0
2023-10-19,control_albuquerque,control,Albuquerque,NM,,0,CONTROL — no known Kirk/TPUSA event,1214,169,27,24
2023-10-19,control_chattanooga,control,Chattanooga,TN,,0,CONTROL — no known Kirk/TPUSA event,1085,0,0,0
2023-10-19,control_des_moines,control,Des Moines,IA,,0,CONTROL — no known Kirk/TPUSA event,916,7,0,0
2023-10-19,control_shreveport,control,Shreveport,LA,,0,CONTROL — no known Kirk/TPUSA event,973,1,0,0
2023-10-19,control_spokane,control,Spokane,WA,,0,CONTROL — no known Kirk/TPUSA event,448,13,4,4
2023-10-19,control_syracuse,control,Syracuse,NY,,0,CONTROL — no known Kirk/TPUSA event,775,0,0,0
2023-10-20,20231019_springfield,event,Springfield,MO,2023-10-19,1,Charlie,820,1,0,0
2023-10-20,control_albuquerque,control,Albuquerque,NM,,0,CONTROL — no known Kirk/TPUSA event,1231,169,25,22
2023-10-20,control_chattanooga,control,Chattanooga,TN,,0,CONTROL — no known Kirk/TPUSA event,1143,0,0,0
2023-10-20,control_des_moines,control,Des Moines,IA,,0,CONTROL — no known Kirk/TPUSA event,973,29,3,3
2023-10-20,control_shreveport,control,Shreveport,LA,,0,CONTROL — no known Kirk/TPUSA event,959,5,1,1
2023-10-20,control_spokane,control,Spokane,WA,,0,CONTROL — no known Kirk/TPUSA event,432,14,4,4
2023-10-20,control_syracuse,control,Syracuse,NY,,0,CONTROL — no known Kirk/TPUSA event,756,1,0,0
2023-10-24,20231025_buffalo,event,Buffalo,NY,2023-10-25,-1,TPUSA,904,0,0,0
2023-10-24,control_albuquerque,control,Albuquerque,NM,,0,CONTROL — no known Kirk/TPUSA event,987,132,17,15
2023-10-24,control_chattanooga,control,Chattanooga,TN,,0,CONTROL — no known Kirk/TPUSA event,1083,0,0,0
2023-10-24,control_des_moines,control,Des Moines,IA,,0,CONTROL — no known Kirk/TPUSA event,1014,4,0,0
2023-10-24,control_shreveport,control,Shreveport,LA,,0,CONTROL — no known Kirk/TPUSA event,903,0,0,0
2023-10-24,control_spokane,control,Spokane,WA,,0,CONTROL — no known Kirk/TPUSA event,403,11,2,2
2023-10-24,control_syracuse,control,Syracuse,NY,,0,CONTROL — no known Kirk/TPUSA event,730,1,0,0
2023-10-25,20231025_buffalo,event,Buffalo,NY,2023-10-25,0,TPUSA,965,0,0,0
2023-10-25,control_albuquerque,control,Albuquerque,NM,,0,CONTROL — no known Kirk/TPUSA event,1010,140,22,20
2023-10-25,control_chattanooga,control,Chattanooga,TN,,0,CONTROL — no known Kirk/TPUSA event,1166,0,0,0
2023-10-25,control_des_moines,control,Des Moines,IA,,0,CONTROL — no known Kirk/TPUSA event,990,6,0,0
2023-10-25,control_shreveport,control,Shreveport,LA,,0,CONTROL — no known Kirk/TPUSA event,948,0,0,0
2023-10-25,control_spokane,control,Spokane,WA,,0,CONTROL — no known Kirk/TPUSA event,335,5,3,3
2023-10-25,control_syracuse,control,Syracuse,NY,,0,CONTROL — no known Kirk/TPUSA event,729,0,0,0
2023-10-26,20231025_buffalo,event,Buffalo,NY,2023-10-25,1,TPUSA,937,0,0,0
2023-10-26,control_albuquerque,control,Albuquerque,NM,,0,CONTROL — no known Kirk/TPUSA event,1091,143,24,21
2023-10-26,control_chattanooga,control,Chattanooga,TN,,0,CONTROL — no known Kirk/TPUSA event,1169,0,0,0
2023-10-26,control_des_moines,control,Des Moines,IA,,0,CONTROL — no known Kirk/TPUSA event,809,8,0,0
2023-10-26,control_shreveport,control,Shreveport,LA,,0,CONTROL — no known Kirk/TPUSA event,922,0,0,0
2023-10-26,control_spokane,control,Spokane,WA,,0,CONTROL — no known Kirk/TPUSA event,380,10,3,3
2023-10-26,control_syracuse,control,Syracuse,NY,,0,CONTROL — no known Kirk/TPUSA event,770,0,0,0
2023-11-08,20231109_los_angeles,event,Los Angeles,CA,2023-11-09,-1,Charlie,3217,728,168,136
2023-11-08,control_albuquerque,control,Albuquerque,NM,,0,CONTROL — no known Kirk/TPUSA event,1091,134,27,24
2023-11-08,control_chattanooga,control,Chattanooga,TN,,0,CONTROL — no known Kirk/TPUSA event,1145,0,0,0
2023-11-08,control_des_moines,control,Des Moines,IA,,0,CONTROL — no known Kirk/TPUSA event,779,0,0,0
2023-11-08,control_shreveport,control,Shreveport,LA,,0,CONTROL — no known Kirk/TPUSA event,926,0,0,0
2023-11-08,control_spokane,control,Spokane,WA,,0,CONTROL — no known Kirk/TPUSA event,348,0,0,0
2023-11-08,control_syracuse,control,Syracuse,NY,,0,CONTROL — no known Kirk/TPUSA event,704,0,0,0
2023-11-09,20231109_los_angeles,event,Los Angeles,CA,2023-11-09,0,Charlie,3245,829,167,124
2023-11-09,control_albuquerque,control,Albuquerque,NM,,0,CONTROL — no known Kirk/TPUSA event,1134,127,18,17
2023-11-09,control_chattanooga,control,Chattanooga,TN,,0,CONTROL — no known Kirk/TPUSA event,1196,0,0,0
2023-11-09,control_des_moines,control,Des Moines,IA,,0,CONTROL — no known Kirk/TPUSA event,845,0,0,0
2023-11-09,control_shreveport,control,Shreveport,LA,,0,CONTROL — no known Kirk/TPUSA event,914,0,0,0
2023-11-09,control_spokane,control,Spokane,WA,,0,CONTROL — no known Kirk/TPUSA event,372,0,0,0
2023-11-09,control_syracuse,control,Syracuse,NY,,0,CONTROL — no known Kirk/TPUSA event,661,0,0,0
2023-11-10,20231109_los_angeles,event,Los Angeles,CA,2023-11-09,1,Charlie,3698,996,203,156
2023-11-10,control_albuquerque,control,Albuquerque,NM,,0,CONTROL — no known Kirk/TPUSA event,1010,116,16,12
2023-11-10,control_chattanooga,control,Chattanooga,TN,,0,CONTROL — no known Kirk/TPUSA event,1069,0,0,0
2023-11-10,control_des_moines,control,Des Moines,IA,,0,CONTROL — no known Kirk/TPUSA event,893,0,0,0
2023-11-10,control_shreveport,control,Shreveport,LA,,0,CONTROL — no known Kirk/TPUSA event,905,0,0,0
2023-11-10,control_spokane,control,Spokane,WA,,0,CONTROL — no known Kirk/TPUSA event,369,0,0,0
2023-11-10,control_syracuse,control,Syracuse,NY,,0,CONTROL — no known Kirk/TPUSA event,697,0,0,0
2023-12-15,20231216_phoenix,event,Phoenix,AZ,2023-12-16,-1,Charlie,2372,1063,136,116
2023-12-15,control_albuquerque,control,Albuquerque,NM,,0,CONTROL — no known Kirk/TPUSA event,1066,150,28,25
2023-12-15,control_chattanooga,control,Chattanooga,TN,,0,CONTROL — no known Kirk/TPUSA event,1136,0,0,0
2023-12-15,control_des_moines,control,Des Moines,IA,,0,CONTROL — no known Kirk/TPUSA event,955,0,0,0
2023-12-15,control_shreveport,control,Shreveport,LA,,0,CONTROL — no known Kirk/TPUSA event,960,0,0,0
2023-12-15,control_spokane,control,Spokane,WA,,0,CONTROL — no known Kirk/TPUSA event,362,0,0,0
2023-12-15,control_syracuse,control,Syracuse,NY,,0,CONTROL — no known Kirk/TPUSA event,721,2,0,0
2023-12-16,20231216_phoenix,event,Phoenix,AZ,2023-12-16,0,Charlie,1964,1007,104,85
2023-12-16,20231217_phoenix,event,Phoenix,AZ,2023-12-17,-1,Charlie,1964,1007,104,85
2023-12-16,control_albuquerque,control,Albuquerque,NM,,0,CONTROL — no known Kirk/TPUSA event,971,121,15,13
2023-12-16,control_chattanooga,control,Chattanooga,TN,,0,CONTROL — no known Kirk/TPUSA event,942,0,0,0
2023-12-16,control_des_moines,control,Des Moines,IA,,0,CONTROL — no known Kirk/TPUSA event,712,0,0,0
2023-12-16,control_shreveport,control,Shreveport,LA,,0,CONTROL — no known Kirk/TPUSA event,757,1,0,0
2023-12-16,control_spokane,control,Spokane,WA,,0,CONTROL — no known Kirk/TPUSA event,307,0,0,0
2023-12-16,control_syracuse,control,Syracuse,NY,,0,CONTROL — no known Kirk/TPUSA event,683,1,0,0
2023-12-17,20231216_phoenix,event,Phoenix,AZ,2023-12-16,1,Charlie,1908,951,109,92
2023-12-17,20231217_phoenix,event,Phoenix,AZ,2023-12-17,0,Charlie,1908,951,109,92
2023-12-17,20231218_phoenix,event,Phoenix,AZ,2023-12-18,-1,Charlie,1908,951,109,92
2023-12-17,control_albuquerque,control,Albuquerque,NM,,0,CONTROL — no known Kirk/TPUSA event,938,102,10,9
2023-12-17,control_chattanooga,control,Chattanooga,TN,,0,CONTROL — no known Kirk/TPUSA event,826,0,0,0
2023-12-17,control_des_moines,control,Des Moines,IA,,0,CONTROL — no known Kirk/TPUSA event,721,0,0,0
2023-12-17,control_shreveport,control,Shreveport,LA,,0,CONTROL — no known Kirk/TPUSA event,820,0,0,0
2023-12-17,control_spokane,control,Spokane,WA,,0,CONTROL — no known Kirk/TPUSA event,281,0,0,0
2023-12-17,control_syracuse,control,Syracuse,NY,,0,CONTROL — no known Kirk/TPUSA event,598,0,0,0
2023-12-18,20231217_phoenix,event,Phoenix,AZ,2023-12-17,1,Charlie,79,40,4,3
2023-12-18,20231218_phoenix,event,Phoenix,AZ,2023-12-18,0,Charlie,79,40,4,3
2023-12-18,20231219_phoenix,event,Phoenix,AZ,2023-12-19,-1,Charlie,79,40,4,3
2023-12-18,control_albuquerque,control,Albuquerque,NM,,0,CONTROL — no known Kirk/TPUSA event,31,2,1,1
2023-12-18,control_chattanooga,control,Chattanooga,TN,,0,CONTROL — no known Kirk/TPUSA event,36,0,0,0
2023-12-18,control_des_moines,control,Des Moines,IA,,0,CONTROL — no known Kirk/TPUSA event,19,0,0,0
2023-12-18,control_shreveport,control,Shreveport,LA,,0,CONTROL — no known Kirk/TPUSA event,24,0,0,0
2023-12-18,control_spokane,control,Spokane,WA,,0,CONTROL — no known Kirk/TPUSA event,17,0,0,0
2023-12-18,control_syracuse,control,Syracuse,NY,,0,CONTROL — no known Kirk/TPUSA event,14,0,0,0
2023-12-19,20231218_phoenix,event,Phoenix,AZ,2023-12-18,1,Charlie,2033,956,112,91
2023-12-19,20231219_phoenix,event,Phoenix,AZ,2023-12-19,0,Charlie,2033,956,112,91
2023-12-19,control_albuquerque,control,Albuquerque,NM,,0,CONTROL — no known Kirk/TPUSA event,995,128,27,24
2023-12-19,control_chattanooga,control,Chattanooga,TN,,0,CONTROL — no known Kirk/TPUSA event,948,0,0,0
2023-12-19,control_des_moines,control,Des Moines,IA,,0,CONTROL — no known Kirk/TPUSA event,779,2,0,0
2023-12-19,control_shreveport,control,Shreveport,LA,,0,CONTROL — no known Kirk/TPUSA event,801,0,0,0
2023-12-19,control_spokane,control,Spokane,WA,,0,CONTROL — no known Kirk/TPUSA event,304,0,0,0
2023-12-19,control_syracuse,control,Syracuse,NY,,0,CONTROL — no known Kirk/TPUSA event,621,2,0,0
2023-12-20,20231219_phoenix,event,Phoenix,AZ,2023-12-19,1,Charlie,2059,1022,135,109
2023-12-20,control_albuquerque,control,Albuquerque,NM,,0,CONTROL — no known Kirk/TPUSA event,1027,142,26,22
2023-12-20,control_chattanooga,control,Chattanooga,TN,,0,CONTROL — no known Kirk/TPUSA event,1052,0,0,0
2023-12-20,control_des_moines,control,Des Moines,IA,,0,CONTROL — no known Kirk/TPUSA event,887,0,0,0
2023-12-20,control_shreveport,control,Shreveport,LA,,0,CONTROL — no known Kirk/TPUSA event,934,0,0,0
2023-12-20,control_spokane,control,Spokane,WA,,0,CONTROL — no known Kirk/TPUSA event,347,0,0,0
2023-12-20,control_syracuse,control,Syracuse,NY,,0,CONTROL — no known Kirk/TPUSA event,733,3,0,0
2024-01-30,20240129_las_vegas,event,Las Vegas,NV,2024-01-29,1,Charlie,1455,260,40,31
2024-01-30,20240130_las_vegas,event,Las Vegas,NV,2024-01-30,0,Charlie,1455,260,40,31
2024-01-30,20240131_las_vegas,event,Las Vegas,NV,2024-01-31,-1,Charlie,1455,260,40,31
2024-01-30,control_albuquerque,control,Albuquerque,NM,,0,CONTROL — no known Kirk/TPUSA event,1033,151,22,20
2024-01-30,control_chattanooga,control,Chattanooga,TN,,0,CONTROL — no known Kirk/TPUSA event,931,0,0,0
2024-01-30,control_des_moines,control,Des Moines,IA,,0,CONTROL — no known Kirk/TPUSA event,770,0,0,0
2024-01-30,control_shreveport,control,Shreveport,LA,,0,CONTROL — no known Kirk/TPUSA event,808,0,0,0
2024-01-30,control_spokane,control,Spokane,WA,,0,CONTROL — no known Kirk/TPUSA event,324,0,0,0
2024-01-30,control_syracuse,control,Syracuse,NY,,0,CONTROL — no known Kirk/TPUSA event,569,0,0,0
2024-01-31,20240130_las_vegas,event,Las Vegas,NV,2024-01-30,1,Charlie,1474,284,56,46
2024-01-31,20240131_las_vegas,event,Las Vegas,NV,2024-01-31,0,Charlie,1474,284,56,46
2024-01-31,20240201_las_vegas,event,Las Vegas,NV,2024-02-01,-1,Charlie,1474,284,56,46
2024-01-31,control_albuquerque,control,Albuquerque,NM,,0,CONTROL — no known Kirk/TPUSA event,1024,149,28,25
2024-01-31,control_chattanooga,control,Chattanooga,TN,,0,CONTROL — no known Kirk/TPUSA event,917,0,0,0
2024-01-31,control_des_moines,control,Des Moines,IA,,0,CONTROL — no known Kirk/TPUSA event,843,0,0,0
2024-01-31,control_shreveport,control,Shreveport,LA,,0,CONTROL — no known Kirk/TPUSA event,879,1,0,0
2024-01-31,control_spokane,control,Spokane,WA,,0,CONTROL — no known Kirk/TPUSA event,305,0,0,0
2024-01-31,control_syracuse,control,Syracuse,NY,,0,CONTROL — no known Kirk/TPUSA event,614,2,0,0
2024-02-01,20240131_las_vegas,event,Las Vegas,NV,2024-01-31,1,Charlie,1418,198,39,30
2024-02-01,20240201_las_vegas,event,Las Vegas,NV,2024-02-01,0,Charlie,1418,198,39,30
2024-02-01,20240202_las_vegas,event,Las Vegas,NV,2024-02-02,-1,Charlie,1418,198,39,30
2024-02-01,control_albuquerque,control,Albuquerque,NM,,0,CONTROL — no known Kirk/TPUSA event,1039,167,31,27
2024-02-01,control_chattanooga,control,Chattanooga,TN,,0,CONTROL — no known Kirk/TPUSA event,1007,0,0,0
2024-02-01,control_des_moines,control,Des Moines,IA,,0,CONTROL — no known Kirk/TPUSA event,826,0,0,0
2024-02-01,control_shreveport,control,Shreveport,LA,,0,CONTROL — no known Kirk/TPUSA event,908,0,0,0
2024-02-01,control_spokane,control,Spokane,WA,,0,CONTROL — no known Kirk/TPUSA event,313,0,0,0
2024-02-01,control_syracuse,control,Syracuse,NY,,0,CONTROL — no known Kirk/TPUSA event,577,0,0,0
2024-02-02,20240201_las_vegas,event,Las Vegas,NV,2024-02-01,1,Charlie,1534,252,52,38
2024-02-02,20240202_las_vegas,event,Las Vegas,NV,2024-02-02,0,Charlie,1534,252,52,38
2024-02-02,20240203_las_vegas,event,Las Vegas,NV,2024-02-03,-1,Charlie,1534,252,52,38
2024-02-02,control_albuquerque,control,Albuquerque,NM,,0,CONTROL — no known Kirk/TPUSA event,1018,121,24,21
2024-02-02,control_chattanooga,control,Chattanooga,TN,,0,CONTROL — no known Kirk/TPUSA event,994,0,0,0
2024-02-02,control_des_moines,control,Des Moines,IA,,0,CONTROL — no known Kirk/TPUSA event,809,1,0,0
2024-02-02,control_shreveport,control,Shreveport,LA,,0,CONTROL — no known Kirk/TPUSA event,887,0,0,0
2024-02-02,control_spokane,control,Spokane,WA,,0,CONTROL — no known Kirk/TPUSA event,302,0,0,0
2024-02-02,control_syracuse,control,Syracuse,NY,,0,CONTROL — no known Kirk/TPUSA event,598,0,0,0
2024-02-03,20240202_las_vegas,event,Las Vegas,NV,2024-02-02,1,Charlie,1470,290,40,28
2024-02-03,20240203_las_vegas,event,Las Vegas,NV,2024-02-03,0,Charlie,1470,290,40,28
2024-02-03,20240204_las_vegas,event,Las Vegas,NV,2024-02-04,-1,Charlie,1470,290,40,28
2024-02-03,control_albuquerque,control,Albuquerque,NM,,0,CONTROL — no known Kirk/TPUSA event,789,104,13,11
2024-02-03,control_chattanooga,control,Chattanooga,TN,,0,CONTROL — no known Kirk/TPUSA event,982,1,0,0
2024-02-03,control_des_moines,control,Des Moines,IA,,0,CONTROL — no known Kirk/TPUSA event,669,1,1,1
2024-02-03,control_shreveport,control,Shreveport,LA,,0,CONTROL — no known Kirk/TPUSA event,696,0,0,0
2024-02-03,control_spokane,control,Spokane,WA,,0,CONTROL — no known Kirk/TPUSA event,265,0,0,0
2024-02-03,control_syracuse,control,Syracuse,NY,,0,CONTROL — no known Kirk/TPUSA event,546,0,0,0
2024-02-04,20240203_las_vegas,event,Las Vegas,NV,2024-02-03,1,Charlie,1405,349,68,52
2024-02-04,20240204_las_vegas,event,Las Vegas,NV,2024-02-04,0,Charlie,1405,349,68,52
2024-02-04,control_albuquerque,control,Albuquerque,NM,,0,CONTROL — no known Kirk/TPUSA event,906,108,11,10
2024-02-04,control_chattanooga,control,Chattanooga,TN,,0,CONTROL — no known Kirk/TPUSA event,931,0,0,0
2024-02-04,control_des_moines,control,Des Moines,IA,,0,CONTROL — no known Kirk/TPUSA event,771,1,0,0
2024-02-04,control_shreveport,control,Shreveport,LA,,0,CONTROL — no known Kirk/TPUSA event,754,0,0,0
2024-02-04,control_spokane,control,Spokane,WA,,0,CONTROL — no known Kirk/TPUSA event,249,0,0,0
2024-02-04,control_syracuse,control,Syracuse,NY,,0,CONTROL — no known Kirk/TPUSA event,648,0,0,0
2024-02-05,20240204_las_vegas,event,Las Vegas,NV,2024-02-04,1,Charlie,1186,199,36,28
2024-02-05,control_albuquerque,control,Albuquerque,NM,,0,CONTROL — no known Kirk/TPUSA event,924,119,19,18
2024-02-05,control_chattanooga,control,Chattanooga,TN,,0,CONTROL — no known Kirk/TPUSA event,973,0,0,0
2024-02-05,control_des_moines,control,Des Moines,IA,,0,CONTROL — no known Kirk/TPUSA event,843,0,0,0
2024-02-05,control_shreveport,control,Shreveport,LA,,0,CONTROL — no known Kirk/TPUSA event,869,0,0,0
2024-02-05,control_spokane,control,Spokane,WA,,0,CONTROL — no known Kirk/TPUSA event,304,0,0,0
2024-02-05,control_syracuse,control,Syracuse,NY,,0,CONTROL — no known Kirk/TPUSA event,620,0,0,0
2024-03-05,20240306_chapel_hill,event,Chapel Hill,NC,2024-03-06,-1,TPUSA,1470,11,1,0
2024-03-05,control_albuquerque,control,Albuquerque,NM,,0,CONTROL — no known Kirk/TPUSA event,1040,113,19,17
2024-03-05,control_chattanooga,control,Chattanooga,TN,,0,CONTROL — no known Kirk/TPUSA event,972,0,0,0
2024-03-05,control_des_moines,control,Des Moines,IA,,0,CONTROL — no known Kirk/TPUSA event,754,0,0,0
2024-03-05,control_shreveport,control,Shreveport,LA,,0,CONTROL — no known Kirk/TPUSA event,707,0,0,0
2024-03-05,control_spokane,control,Spokane,WA,,0,CONTROL — no known Kirk/TPUSA event,290,0,0,0
2024-03-05,control_syracuse,control,Syracuse,NY,,0,CONTROL — no known Kirk/TPUSA event,605,0,0,0
2024-03-06,20240306_chapel_hill,event,Chapel Hill,NC,2024-03-06,0,TPUSA,1416,4,0,0
2024-03-06,20240307_san_luis_obispo,event,San Luis Obispo,CA,2024-03-07,-1,Charlie,634,3,0,0
2024-03-06,control_albuquerque,control,Albuquerque,NM,,0,CONTROL — no known Kirk/TPUSA event,953,119,23,20
2024-03-06,control_chattanooga,control,Chattanooga,TN,,0,CONTROL — no known Kirk/TPUSA event,1015,0,0,0
2024-03-06,control_des_moines,control,Des Moines,IA,,0,CONTROL — no known Kirk/TPUSA event,906,0,0,0
2024-03-06,control_shreveport,control,Shreveport,LA,,0,CONTROL — no known Kirk/TPUSA event,894,0,0,0
2024-03-06,control_spokane,control,Spokane,WA,,0,CONTROL — no known Kirk/TPUSA event,291,0,0,0
2024-03-06,control_syracuse,control,Syracuse,NY,,0,CONTROL — no known Kirk/TPUSA event,630,1,0,0
2024-03-07,20240306_chapel_hill,event,Chapel Hill,NC,2024-03-06,1,TPUSA,1813,10,0,0
2024-03-07,20240307_san_luis_obispo,event,San Luis Obispo,CA,2024-03-07,0,Charlie,696,5,1,1
2024-03-07,control_albuquerque,control,Albuquerque,NM,,0,CONTROL — no known Kirk/TPUSA event,934,124,25,21
2024-03-07,control_chattanooga,control,Chattanooga,TN,,0,CONTROL — no known Kirk/TPUSA event,1142,0,0,0
2024-03-07,control_des_moines,control,Des Moines,IA,,0,CONTROL — no known Kirk/TPUSA event,983,1,0,0
2024-03-07,control_shreveport,control,Shreveport,LA,,0,CONTROL — no known Kirk/TPUSA event,994,0,0,0
2024-03-07,control_spokane,control,Spokane,WA,,0,CONTROL — no known Kirk/TPUSA event,288,0,0,0
2024-03-07,control_syracuse,control,Syracuse,NY,,0,CONTROL — no known Kirk/TPUSA event,683,0,0,0
2024-03-08,20240307_san_luis_obispo,event,San Luis Obispo,CA,2024-03-07,1,Charlie,866,5,0,0
2024-03-08,control_albuquerque,control,Albuquerque,NM,,0,CONTROL — no known Kirk/TPUSA event,1009,132,21,17
2024-03-08,control_chattanooga,control,Chattanooga,TN,,0,CONTROL — no known Kirk/TPUSA event,1192,0,0,0
2024-03-08,control_des_moines,control,Des Moines,IA,,0,CONTROL — no known Kirk/TPUSA event,908,0,0,0
2024-03-08,control_shreveport,control,Shreveport,LA,,0,CONTROL — no known Kirk/TPUSA event,647,0,0,0
2024-03-08,control_spokane,control,Spokane,WA,,0,CONTROL — no known Kirk/TPUSA event,289,0,0,0
2024-03-08,control_syracuse,control,Syracuse,NY,,0,CONTROL — no known Kirk/TPUSA event,734,1,1,1
2024-03-13,20240314_fullerton,event,Fullerton,CA,2024-03-14,-1,Charlie,3425,757,168,118
2024-03-13,control_albuquerque,control,Albuquerque,NM,,0,CONTROL — no known Kirk/TPUSA event,1043,118,17,14
2024-03-13,control_chattanooga,control,Chattanooga,TN,,0,CONTROL — no known Kirk/TPUSA event,1009,0,0,0
2024-03-13,control_des_moines,control,Des Moines,IA,,0,CONTROL — no known Kirk/TPUSA event,945,0,0,0
2024-03-13,control_shreveport,control,Shreveport,LA,,0,CONTROL — no known Kirk/TPUSA event,910,0,0,0
2024-03-13,control_spokane,control,Spokane,WA,,0,CONTROL — no known Kirk/TPUSA event,274,0,0,0
2024-03-13,control_syracuse,control,Syracuse,NY,,0,CONTROL — no known Kirk/TPUSA event,613,1,0,0
2024-03-14,20240314_fullerton,event,Fullerton,CA,2024-03-14,0,Charlie,2702,573,104,61
2024-03-14,control_albuquerque,control,Albuquerque,NM,,0,CONTROL — no known Kirk/TPUSA event,1098,126,24,21
2024-03-14,control_chattanooga,control,Chattanooga,TN,,0,CONTROL — no known Kirk/TPUSA event,1168,0,0,0
2024-03-14,control_des_moines,control,Des Moines,IA,,0,CONTROL — no known Kirk/TPUSA event,769,0,0,0
2024-03-14,control_shreveport,control,Shreveport,LA,,0,CONTROL — no known Kirk/TPUSA event,945,0,0,0
2024-03-14,control_spokane,control,Spokane,WA,,0,CONTROL — no known Kirk/TPUSA event,263,0,0,0
2024-03-14,control_syracuse,control,Syracuse,NY,,0,CONTROL — no known Kirk/TPUSA event,670,1,0,0
2024-03-15,20240314_fullerton,event,Fullerton,CA,2024-03-14,1,Charlie,3543,669,107,79
2024-03-15,control_albuquerque,control,Albuquerque,NM,,0,CONTROL — no known Kirk/TPUSA event,953,109,8,7
2024-03-15,control_chattanooga,control,Chattanooga,TN,,0,CONTROL — no known Kirk/TPUSA event,942,0,0,0
2024-03-15,control_des_moines,control,Des Moines,IA,,0,CONTROL — no known Kirk/TPUSA event,921,1,0,0
2024-03-15,control_shreveport,control,Shreveport,LA,,0,CONTROL — no known Kirk/TPUSA event,821,0,0,0
2024-03-15,control_spokane,control,Spokane,WA,,0,CONTROL — no known Kirk/TPUSA event,283,0,0,0
2024-03-15,control_syracuse,control,Syracuse,NY,,0,CONTROL — no known Kirk/TPUSA event,614,1,0,0
2024-03-17,20240318_san_diego,event,San Diego,CA,2024-03-18,-1,Charlie,1390,263,27,27
2024-03-17,control_albuquerque,control,Albuquerque,NM,,0,CONTROL — no known Kirk/TPUSA event,1001,98,12,10
2024-03-17,control_chattanooga,control,Chattanooga,TN,,0,CONTROL — no known Kirk/TPUSA event,1137,2,0,0
2024-03-17,control_des_moines,control,Des Moines,IA,,0,CONTROL — no known Kirk/TPUSA event,752,1,0,0
2024-03-17,control_shreveport,control,Shreveport,LA,,0,CONTROL — no known Kirk/TPUSA event,891,0,0,0
2024-03-17,control_spokane,control,Spokane,WA,,0,CONTROL — no known Kirk/TPUSA event,226,0,0,0
2024-03-17,control_syracuse,control,Syracuse,NY,,0,CONTROL — no known Kirk/TPUSA event,637,0,0,0
2024-03-18,20240318_san_diego,event,San Diego,CA,2024-03-18,0,Charlie,1446,260,32,32
2024-03-18,20240319_phoenix,event,Phoenix,AZ,2024-03-19,-1,Charlie,2315,1090,115,99
2024-03-18,20240319_pittsburgh,event,Pittsburgh,PA,2024-03-19,-1,TPUSA,1167,20,6,6
2024-03-18,control_albuquerque,control,Albuquerque,NM,,0,CONTROL — no known Kirk/TPUSA event,1037,128,15,15
2024-03-18,control_chattanooga,control,Chattanooga,TN,,0,CONTROL — no known Kirk/TPUSA event,1068,0,0,0
2024-03-18,control_des_moines,control,Des Moines,IA,,0,CONTROL — no known Kirk/TPUSA event,844,0,0,0
2024-03-18,control_shreveport,control,Shreveport,LA,,0,CONTROL — no known Kirk/TPUSA event,977,1,0,0
2024-03-18,control_spokane,control,Spokane,WA,,0,CONTROL — no known Kirk/TPUSA event,283,0,0,0
2024-03-18,control_syracuse,control,Syracuse,NY,,0,CONTROL — no known Kirk/TPUSA event,655,0,0,0
2024-03-19,20240318_san_diego,event,San Diego,CA,2024-03-18,1,Charlie,58,7,1,1
2024-03-19,20240319_phoenix,event,Phoenix,AZ,2024-03-19,0,Charlie,93,41,2,2
2024-03-19,20240319_pittsburgh,event,Pittsburgh,PA,2024-03-19,0,TPUSA,57,0,0,0
2024-03-19,control_albuquerque,control,Albuquerque,NM,,0,CONTROL — no known Kirk/TPUSA event,35,5,1,1
2024-03-19,control_chattanooga,control,Chattanooga,TN,,0,CONTROL — no known Kirk/TPUSA event,52,0,0,0
2024-03-19,control_des_moines,control,Des Moines,IA,,0,CONTROL — no known Kirk/TPUSA event,35,0,0,0
2024-03-19,control_shreveport,control,Shreveport,LA,,0,CONTROL — no known Kirk/TPUSA event,35,0,0,0
2024-03-19,control_spokane,control,Spokane,WA,,0,CONTROL — no known Kirk/TPUSA event,11,0,0,0
2024-03-19,control_syracuse,control,Syracuse,NY,,0,CONTROL — no known Kirk/TPUSA event,23,0,0,0
2024-03-20,20240319_phoenix,event,Phoenix,AZ,2024-03-19,1,Charlie,1844,912,97,74
2024-03-20,20240319_pittsburgh,event,Pittsburgh,PA,2024-03-19,1,TPUSA,1190,35,11,11
2024-03-20,20240321_las_vegas,event,Las Vegas,NV,2024-03-21,-1,Charlie,1582,283,49,40
2024-03-20,control_albuquerque,control,Albuquerque,NM,,0,CONTROL — no known Kirk/TPUSA event,1086,144,27,24
2024-03-20,control_chattanooga,control,Chattanooga,TN,,0,CONTROL — no known Kirk/TPUSA event,1111,0,0,0
2024-03-20,control_des_moines,control,Des Moines,IA,,0,CONTROL — no known Kirk/TPUSA event,911,0,0,0
2024-03-20,control_shreveport,control,Shreveport,LA,,0,CONTROL — no known Kirk/TPUSA event,934,0,0,0
2024-03-20,control_spokane,control,Spokane,WA,,0,CONTROL — no known Kirk/TPUSA event,303,0,0,0
2024-03-20,control_syracuse,control,Syracuse,NY,,0,CONTROL — no known Kirk/TPUSA event,614,1,0,0
2024-03-21,20240321_las_vegas,event,Las Vegas,NV,2024-03-21,0,Charlie,1688,308,44,35
2024-03-21,control_albuquerque,control,Albuquerque,NM,,0,CONTROL — no known Kirk/TPUSA event,1062,133,27,24
2024-03-21,control_chattanooga,control,Chattanooga,TN,,0,CONTROL — no known Kirk/TPUSA event,1142,0,0,0
2024-03-21,control_des_moines,control,Des Moines,IA,,0,CONTROL — no known Kirk/TPUSA event,957,0,0,0
2024-03-21,control_shreveport,control,Shreveport,LA,,0,CONTROL — no known Kirk/TPUSA event,995,1,1,1
2024-03-21,control_spokane,control,Spokane,WA,,0,CONTROL — no known Kirk/TPUSA event,292,0,0,0
2024-03-21,control_syracuse,control,Syracuse,NY,,0,CONTROL — no known Kirk/TPUSA event,626,1,0,0
2024-03-22,20240321_las_vegas,event,Las Vegas,NV,2024-03-21,1,Charlie,395,45,11,10
2024-03-22,control_albuquerque,control,Albuquerque,NM,,0,CONTROL — no known Kirk/TPUSA event,219,25,1,0
2024-03-22,control_chattanooga,control,Chattanooga,TN,,0,CONTROL — no known Kirk/TPUSA event,218,0,0,0
2024-03-22,control_des_moines,control,Des Moines,IA,,0,CONTROL — no known Kirk/TPUSA event,157,0,0,0
2024-03-22,control_shreveport,control,Shreveport,LA,,0,CONTROL — no known Kirk/TPUSA event,192,0,0,0
2024-03-22,control_spokane,control,Spokane,WA,,0,CONTROL — no known Kirk/TPUSA event,37,0,0,0
2024-03-22,control_syracuse,control,Syracuse,NY,,0,CONTROL — no known Kirk/TPUSA event,129,0,0,0
2024-03-26,control_albuquerque,control,Albuquerque,NM,,0,CONTROL — no known Kirk/TPUSA event,936,122,16,13
2024-03-26,control_chattanooga,control,Chattanooga,TN,,0,CONTROL — no known Kirk/TPUSA event,924,0,0,0
2024-03-26,control_des_moines,control,Des Moines,IA,,0,CONTROL — no known Kirk/TPUSA event,788,0,0,0
2024-03-26,control_shreveport,control,Shreveport,LA,,0,CONTROL — no known Kirk/TPUSA event,853,1,0,0
2024-03-26,control_spokane,control,Spokane,WA,,0,CONTROL — no known Kirk/TPUSA event,281,0,0,0
2024-03-26,control_syracuse,control,Syracuse,NY,,0,CONTROL — no known Kirk/TPUSA event,663,0,0,0
2024-03-27,20240327_lubbock,event,Lubbock,TX,2024-03-27,0,Charlie,1,0,0,0
2024-03-27,control_albuquerque,control,Albuquerque,NM,,0,CONTROL — no known Kirk/TPUSA event,1042,147,21,18
2024-03-27,control_chattanooga,control,Chattanooga,TN,,0,CONTROL — no known Kirk/TPUSA event,1027,0,0,0
2024-03-27,control_des_moines,control,Des Moines,IA,,0,CONTROL — no known Kirk/TPUSA event,798,0,0,0
2024-03-27,control_shreveport,control,Shreveport,LA,,0,CONTROL — no known Kirk/TPUSA event,936,1,0,0
2024-03-27,control_spokane,control,Spokane,WA,,0,CONTROL — no known Kirk/TPUSA event,300,0,0,0
2024-03-27,control_syracuse,control,Syracuse,NY,,0,CONTROL — no known Kirk/TPUSA event,619,0,0,0
2024-03-28,control_albuquerque,control,Albuquerque,NM,,0,CONTROL — no known Kirk/TPUSA event,150,18,4,3
2024-03-28,control_chattanooga,control,Chattanooga,TN,,0,CONTROL — no known Kirk/TPUSA event,160,0,0,0
2024-03-28,control_des_moines,control,Des Moines,IA,,0,CONTROL — no known Kirk/TPUSA event,131,0,0,0
2024-03-28,control_shreveport,control,Shreveport,LA,,0,CONTROL — no known Kirk/TPUSA event,141,0,0,0
2024-03-28,control_spokane,control,Spokane,WA,,0,CONTROL — no known Kirk/TPUSA event,51,0,0,0
2024-03-28,control_syracuse,control,Syracuse,NY,,0,CONTROL — no known Kirk/TPUSA event,103,0,0,0
2024-04-02,20240403_lawrence,event,Lawrence,KS,2024-04-03,-1,Charlie,841,7,1,1
2024-04-02,control_albuquerque,control,Albuquerque,NM,,0,CONTROL — no known Kirk/TPUSA event,966,138,25,22
2024-04-02,control_chattanooga,control,Chattanooga,TN,,0,CONTROL — no known Kirk/TPUSA event,972,0,0,0
2024-04-02,control_des_moines,control,Des Moines,IA,,0,CONTROL — no known Kirk/TPUSA event,794,0,0,0
2024-04-02,control_shreveport,control,Shreveport,LA,,0,CONTROL — no known Kirk/TPUSA event,897,0,0,0
2024-04-02,control_spokane,control,Spokane,WA,,0,CONTROL — no known Kirk/TPUSA event,279,0,0,0
2024-04-02,control_syracuse,control,Syracuse,NY,,0,CONTROL — no known Kirk/TPUSA event,681,0,0,0
2024-04-03,20240403_lawrence,event,Lawrence,KS,2024-04-03,0,Charlie,876,12,0,0
2024-04-03,control_albuquerque,control,Albuquerque,NM,,0,CONTROL — no known Kirk/TPUSA event,1020,130,23,20
2024-04-03,control_chattanooga,control,Chattanooga,TN,,0,CONTROL — no known Kirk/TPUSA event,870,0,0,0
2024-04-03,control_des_moines,control,Des Moines,IA,,0,CONTROL — no known Kirk/TPUSA event,709,0,0,0
2024-04-03,control_shreveport,control,Shreveport,LA,,0,CONTROL — no known Kirk/TPUSA event,872,0,0,0
2024-04-03,control_spokane,control,Spokane,WA,,0,CONTROL — no known Kirk/TPUSA event,269,0,0,0
2024-04-03,control_syracuse,control,Syracuse,NY,,0,CONTROL — no known Kirk/TPUSA event,675,0,0,0
2024-04-04,20240403_lawrence,event,Lawrence,KS,2024-04-03,1,Charlie,1084,32,3,3
2024-04-04,control_albuquerque,control,Albuquerque,NM,,0,CONTROL — no known Kirk/TPUSA event,1096,149,23,20
2024-04-04,control_chattanooga,control,Chattanooga,TN,,0,CONTROL — no known Kirk/TPUSA event,1061,1,1,1
2024-04-04,control_des_moines,control,Des Moines,IA,,0,CONTROL — no known Kirk/TPUSA event,861,1,0,0
2024-04-04,control_shreveport,control,Shreveport,LA,,0,CONTROL — no known Kirk/TPUSA event,1021,3,1,1
2024-04-04,control_spokane,control,Spokane,WA,,0,CONTROL — no known Kirk/TPUSA event,265,0,0,0
2024-04-04,control_syracuse,control,Syracuse,NY,,0,CONTROL — no known Kirk/TPUSA event,667,0,0,0
2024-04-08,20240409_omaha,event,Omaha,NE,2024-04-09,-1,Charlie,828,6,3,3
2024-04-08,control_albuquerque,control,Albuquerque,NM,,0,CONTROL — no known Kirk/TPUSA event,1087,136,14,14
2024-04-08,control_chattanooga,control,Chattanooga,TN,,0,CONTROL — no known Kirk/TPUSA event,1174,0,0,0
2024-04-08,control_des_moines,control,Des Moines,IA,,0,CONTROL — no known Kirk/TPUSA event,773,0,0,0
2024-04-08,control_shreveport,control,Shreveport,LA,,0,CONTROL — no known Kirk/TPUSA event,825,0,0,0
2024-04-08,control_spokane,control,Spokane,WA,,0,CONTROL — no known Kirk/TPUSA event,288,0,0,0
2024-04-08,control_syracuse,control,Syracuse,NY,,0,CONTROL — no known Kirk/TPUSA event,838,1,0,0
2024-04-09,20240409_omaha,event,Omaha,NE,2024-04-09,0,Charlie,1007,17,10,10
2024-04-09,control_albuquerque,control,Albuquerque,NM,,0,CONTROL — no known Kirk/TPUSA event,1039,131,20,17
2024-04-09,control_chattanooga,control,Chattanooga,TN,,0,CONTROL — no known Kirk/TPUSA event,1165,0,0,0
2024-04-09,control_des_moines,control,Des Moines,IA,,0,CONTROL — no known Kirk/TPUSA event,895,0,0,0
2024-04-09,control_shreveport,control,Shreveport,LA,,0,CONTROL — no known Kirk/TPUSA event,168,0,0,0
2024-04-09,control_spokane,control,Spokane,WA,,0,CONTROL — no known Kirk/TPUSA event,291,0,0,0
2024-04-09,control_syracuse,control,Syracuse,NY,,0,CONTROL — no known Kirk/TPUSA event,775,1,0,0
2024-04-10,20240409_omaha,event,Omaha,NE,2024-04-09,1,Charlie,1012,20,7,7
2024-04-10,control_albuquerque,control,Albuquerque,NM,,0,CONTROL — no known Kirk/TPUSA event,992,132,22,19
2024-04-10,control_chattanooga,control,Chattanooga,TN,,0,CONTROL — no known Kirk/TPUSA event,1173,0,0,0
2024-04-10,control_des_moines,control,Des Moines,IA,,0,CONTROL — no known Kirk/TPUSA event,909,0,0,0
2024-04-10,control_shreveport,control,Shreveport,LA,,0,CONTROL — no known Kirk/TPUSA event,486,0,0,0
2024-04-10,control_spokane,control,Spokane,WA,,0,CONTROL — no known Kirk/TPUSA event,274,0,0,0
2024-04-10,control_syracuse,control,Syracuse,NY,,0,CONTROL — no known Kirk/TPUSA event,706,0,0,0
2024-04-22,20240423_salt_lake_city,event,Salt Lake City,UT,2024-04-23,-1,Charlie,1083,484,66,63
2024-04-22,control_albuquerque,control,Albuquerque,NM,,0,CONTROL — no known Kirk/TPUSA event,1021,138,16,16
2024-04-22,control_chattanooga,control,Chattanooga,TN,,0,CONTROL — no known Kirk/TPUSA event,1053,0,0,0
2024-04-22,control_des_moines,control,Des Moines,IA,,0,CONTROL — no known Kirk/TPUSA event,773,0,0,0
2024-04-22,control_shreveport,control,Shreveport,LA,,0,CONTROL — no known Kirk/TPUSA event,857,0,0,0
2024-04-22,control_spokane,control,Spokane,WA,,0,CONTROL — no known Kirk/TPUSA event,301,0,0,0
2024-04-22,control_syracuse,control,Syracuse,NY,,0,CONTROL — no known Kirk/TPUSA event,680,0,0,0
2024-04-23,20240423_salt_lake_city,event,Salt Lake City,UT,2024-04-23,0,Charlie,1041,525,90,79
2024-04-23,control_albuquerque,control,Albuquerque,NM,,0,CONTROL — no known Kirk/TPUSA event,1167,151,23,21
2024-04-23,control_chattanooga,control,Chattanooga,TN,,0,CONTROL — no known Kirk/TPUSA event,1056,0,0,0
2024-04-23,control_des_moines,control,Des Moines,IA,,0,CONTROL — no known Kirk/TPUSA event,802,0,0,0
2024-04-23,control_shreveport,control,Shreveport,LA,,0,CONTROL — no known Kirk/TPUSA event,904,1,0,0
2024-04-23,control_spokane,control,Spokane,WA,,0,CONTROL — no known Kirk/TPUSA event,320,0,0,0
2024-04-23,control_syracuse,control,Syracuse,NY,,0,CONTROL — no known Kirk/TPUSA event,666,0,0,0
2024-04-24,20240423_salt_lake_city,event,Salt Lake City,UT,2024-04-23,1,Charlie,1179,531,88,79
2024-04-24,control_albuquerque,control,Albuquerque,NM,,0,CONTROL — no known Kirk/TPUSA event,1055,133,25,23
2024-04-24,control_chattanooga,control,Chattanooga,TN,,0,CONTROL — no known Kirk/TPUSA event,1081,0,0,0
2024-04-24,control_des_moines,control,Des Moines,IA,,0,CONTROL — no known Kirk/TPUSA event,883,0,0,0
2024-04-24,control_shreveport,control,Shreveport,LA,,0,CONTROL — no known Kirk/TPUSA event,918,0,0,0
2024-04-24,control_spokane,control,Spokane,WA,,0,CONTROL — no known Kirk/TPUSA event,284,0,0,0
2024-04-24,control_syracuse,control,Syracuse,NY,,0,CONTROL — no known Kirk/TPUSA event,667,1,0,0
2024-05-06,20240507_seattle,event,Seattle,WA,2024-05-07,-1,Charlie,840,589,77,46
2024-05-06,control_albuquerque,control,Albuquerque,NM,,0,CONTROL — no known Kirk/TPUSA event,1183,129,14,14
2024-05-06,control_chattanooga,control,Chattanooga,TN,,0,CONTROL — no known Kirk/TPUSA event,970,0,0,0
2024-05-06,control_des_moines,control,Des Moines,IA,,0,CONTROL — no known Kirk/TPUSA event,711,78,14,13
2024-05-06,control_shreveport,control,Shreveport,LA,,0,CONTROL — no known Kirk/TPUSA event,901,1,1,1
2024-05-06,control_spokane,control,Spokane,WA,,0,CONTROL — no known Kirk/TPUSA event,299,0,0,0
2024-05-06,control_syracuse,control,Syracuse,NY,,0,CONTROL — no known Kirk/TPUSA event,724,1,0,0
2024-05-07,20240507_seattle,event,Seattle,WA,2024-05-07,0,Charlie,1056,614,73,39
2024-05-07,20240508_las_vegas,event,Las Vegas,NV,2024-05-08,-1,Charlie,1501,443,62,42
2024-05-07,control_albuquerque,control,Albuquerque,NM,,0,CONTROL — no known Kirk/TPUSA event,1176,135,18,15
2024-05-07,control_chattanooga,control,Chattanooga,TN,,0,CONTROL — no known Kirk/TPUSA event,1200,0,0,0
2024-05-07,control_des_moines,control,Des Moines,IA,,0,CONTROL — no known Kirk/TPUSA event,472,91,15,12
2024-05-07,control_shreveport,control,Shreveport,LA,,0,CONTROL — no known Kirk/TPUSA event,1044,0,0,0
2024-05-07,control_spokane,control,Spokane,WA,,0,CONTROL — no known Kirk/TPUSA event,279,0,0,0
2024-05-07,control_syracuse,control,Syracuse,NY,,0,CONTROL — no known Kirk/TPUSA event,771,0,0,0
2024-05-08,20240507_seattle,event,Seattle,WA,2024-05-07,1,Charlie,105,56,7,6
2024-05-08,20240508_las_vegas,event,Las Vegas,NV,2024-05-08,0,Charlie,86,22,1,0
2024-05-08,control_albuquerque,control,Albuquerque,NM,,0,CONTROL — no known Kirk/TPUSA event,63,12,1,1
2024-05-08,control_chattanooga,control,Chattanooga,TN,,0,CONTROL — no known Kirk/TPUSA event,64,0,0,0
2024-05-08,control_des_moines,control,Des Moines,IA,,0,CONTROL — no known Kirk/TPUSA event,59,5,3,3
2024-05-08,control_shreveport,control,Shreveport,LA,,0,CONTROL — no known Kirk/TPUSA event,42,0,0,0
2024-05-08,control_spokane,control,Spokane,WA,,0,CONTROL — no known Kirk/TPUSA event,15,0,0,0
2024-05-08,control_syracuse,control,Syracuse,NY,,0,CONTROL — no known Kirk/TPUSA event,42,0,0,0
2024-05-09,20240508_las_vegas,event,Las Vegas,NV,2024-05-08,1,Charlie,1606,458,75,51
2024-05-09,control_albuquerque,control,Albuquerque,NM,,0,CONTROL — no known Kirk/TPUSA event,1065,128,21,19
2024-05-09,control_chattanooga,control,Chattanooga,TN,,0,CONTROL — no known Kirk/TPUSA event,767,1,0,0
2024-05-09,control_des_moines,control,Des Moines,IA,,0,CONTROL — no known Kirk/TPUSA event,822,88,18,17
2024-05-09,control_shreveport,control,Shreveport,LA,,0,CONTROL — no known Kirk/TPUSA event,1042,0,0,0
2024-05-09,control_spokane,control,Spokane,WA,,0,CONTROL — no known Kirk/TPUSA event,365,0,0,0
2024-05-09,control_syracuse,control,Syracuse,NY,,0,CONTROL — no known Kirk/TPUSA event,846,1,0,0
2024-05-15,20240516_san_diego,event,San Diego,CA,2024-05-16,-1,Charlie,1551,307,85,75
2024-05-15,control_albuquerque,control,Albuquerque,NM,,0,CONTROL — no known Kirk/TPUSA event,1152,143,28,24
2024-05-15,control_chattanooga,control,Chattanooga,TN,,0,CONTROL — no known Kirk/TPUSA event,1009,0,0,0
2024-05-15,control_des_moines,control,Des Moines,IA,,0,CONTROL — no known Kirk/TPUSA event,897,15,1,1
2024-05-15,control_shreveport,control,Shreveport,LA,,0,CONTROL — no known Kirk/TPUSA event,979,0,0,0
2024-05-15,control_spokane,control,Spokane,WA,,0,CONTROL — no known Kirk/TPUSA event,320,0,0,0
2024-05-15,control_syracuse,control,Syracuse,NY,,0,CONTROL — no known Kirk/TPUSA event,734,0,0,0
2024-05-16,20240516_san_diego,event,San Diego,CA,2024-05-16,0,Charlie,1496,365,76,72
2024-05-16,control_albuquerque,control,Albuquerque,NM,,0,CONTROL — no known Kirk/TPUSA event,740,112,16,13
2024-05-16,control_chattanooga,control,Chattanooga,TN,,0,CONTROL — no known Kirk/TPUSA event,1220,0,0,0
2024-05-16,control_des_moines,control,Des Moines,IA,,0,CONTROL — no known Kirk/TPUSA event,999,0,0,0
2024-05-16,control_shreveport,control,Shreveport,LA,,0,CONTROL — no known Kirk/TPUSA event,775,0,0,0
2024-05-16,control_spokane,control,Spokane,WA,,0,CONTROL — no known Kirk/TPUSA event,404,0,0,0
2024-05-16,control_syracuse,control,Syracuse,NY,,0,CONTROL — no known Kirk/TPUSA event,799,1,0,0
2024-05-17,20240516_san_diego,event,San Diego,CA,2024-05-16,1,Charlie,1435,332,71,64
2024-05-17,control_albuquerque,control,Albuquerque,NM,,0,CONTROL — no known Kirk/TPUSA event,1115,158,22,19
2024-05-17,control_chattanooga,control,Chattanooga,TN,,0,CONTROL — no known Kirk/TPUSA event,1065,0,0,0
2024-05-17,control_des_moines,control,Des Moines,IA,,0,CONTROL — no known Kirk/TPUSA event,1021,1,0,0
2024-05-17,control_shreveport,control,Shreveport,LA,,0,CONTROL — no known Kirk/TPUSA event,906,0,0,0
2024-05-17,control_spokane,control,Spokane,WA,,0,CONTROL — no known Kirk/TPUSA event,385,0,0,0
2024-05-17,control_syracuse,control,Syracuse,NY,,0,CONTROL — no known Kirk/TPUSA event,804,1,0,0
2024-06-06,20240607_san_antonio,event,San Antonio,TX,2024-06-07,-1,Charlie,884,340,88,74
2024-06-06,control_albuquerque,control,Albuquerque,NM,,0,CONTROL — no known Kirk/TPUSA event,1208,186,34,30
2024-06-06,control_chattanooga,control,Chattanooga,TN,,0,CONTROL — no known Kirk/TPUSA event,1274,2,1,1
2024-06-06,control_des_moines,control,Des Moines,IA,,0,CONTROL — no known Kirk/TPUSA event,955,0,0,0
2024-06-06,control_shreveport,control,Shreveport,LA,,0,CONTROL — no known Kirk/TPUSA event,990,0,0,0
2024-06-06,control_spokane,control,Spokane,WA,,0,CONTROL — no known Kirk/TPUSA event,395,0,0,0
2024-06-06,control_syracuse,control,Syracuse,NY,,0,CONTROL — no known Kirk/TPUSA event,785,0,0,0
2024-06-07,20240607_san_antonio,event,San Antonio,TX,2024-06-07,0,Charlie,916,346,83,72
2024-06-07,20240608_san_antonio,event,San Antonio,TX,2024-06-08,-1,Charlie,916,346,83,72
2024-06-07,control_albuquerque,control,Albuquerque,NM,,0,CONTROL — no known Kirk/TPUSA event,1133,173,32,30
2024-06-07,control_chattanooga,control,Chattanooga,TN,,0,CONTROL — no known Kirk/TPUSA event,1158,0,0,0
2024-06-07,control_des_moines,control,Des Moines,IA,,0,CONTROL — no known Kirk/TPUSA event,1003,0,0,0
2024-06-07,control_shreveport,control,Shreveport,LA,,0,CONTROL — no known Kirk/TPUSA event,1012,3,2,1
2024-06-07,control_spokane,control,Spokane,WA,,0,CONTROL — no known Kirk/TPUSA event,396,0,0,0
2024-06-07,control_syracuse,control,Syracuse,NY,,0,CONTROL — no known Kirk/TPUSA event,830,0,0,0
2024-06-08,20240607_san_antonio,event,San Antonio,TX,2024-06-07,1,Charlie,29,13,2,1
2024-06-08,20240608_san_antonio,event,San Antonio,TX,2024-06-08,0,Charlie,29,13,2,1
2024-06-08,20240609_san_antonio,event,San Antonio,TX,2024-06-09,-1,Charlie,29,13,2,1
2024-06-08,control_albuquerque,control,Albuquerque,NM,,0,CONTROL — no known Kirk/TPUSA event,37,5,3,2
2024-06-08,control_chattanooga,control,Chattanooga,TN,,0,CONTROL — no known Kirk/TPUSA event,48,0,0,0
2024-06-08,control_des_moines,control,Des Moines,IA,,0,CONTROL — no known Kirk/TPUSA event,38,2,0,0
2024-06-08,control_shreveport,control,Shreveport,LA,,0,CONTROL — no known Kirk/TPUSA event,33,0,0,0
2024-06-08,control_spokane,control,Spokane,WA,,0,CONTROL — no known Kirk/TPUSA event,16,0,0,0
2024-06-08,control_syracuse,control,Syracuse,NY,,0,CONTROL — no known Kirk/TPUSA event,39,0,0,0
2024-06-09,20240608_san_antonio,event,San Antonio,TX,2024-06-08,1,Charlie,726,232,32,23
2024-06-09,20240609_san_antonio,event,San Antonio,TX,2024-06-09,0,Charlie,726,232,32,23
2024-06-09,control_albuquerque,control,Albuquerque,NM,,0,CONTROL — no known Kirk/TPUSA event,1029,119,9,7
2024-06-09,control_chattanooga,control,Chattanooga,TN,,0,CONTROL — no known Kirk/TPUSA event,1042,1,0,0
2024-06-09,control_des_moines,control,Des Moines,IA,,0,CONTROL — no known Kirk/TPUSA event,956,95,9,8
2024-06-09,control_shreveport,control,Shreveport,LA,,0,CONTROL — no known Kirk/TPUSA event,886,0,0,0
2024-06-09,control_spokane,control,Spokane,WA,,0,CONTROL — no known Kirk/TPUSA event,383,1,0,0
2024-06-09,control_syracuse,control,Syracuse,NY,,0,CONTROL — no known Kirk/TPUSA event,791,0,0,0
2024-06-10,20240609_san_antonio,event,San Antonio,TX,2024-06-09,1,Charlie,774,272,60,51
2024-06-10,control_albuquerque,control,Albuquerque,NM,,0,CONTROL — no known Kirk/TPUSA event,694,137,19,18
2024-06-10,control_chattanooga,control,Chattanooga,TN,,0,CONTROL — no known Kirk/TPUSA event,1136,1,0,0
2024-06-10,control_des_moines,control,Des Moines,IA,,0,CONTROL — no known Kirk/TPUSA event,1053,113,15,14
2024-06-10,control_shreveport,control,Shreveport,LA,,0,CONTROL — no known Kirk/TPUSA event,895,0,0,0
2024-06-10,control_spokane,control,Spokane,WA,,0,CONTROL — no known Kirk/TPUSA event,414,0,0,0
2024-06-10,control_syracuse,control,Syracuse,NY,,0,CONTROL — no known Kirk/TPUSA event,813,0,0,0
2024-06-13,20240614_detroit,event,Detroit,MI,2024-06-14,-1,Charlie,1686,148,17,15
2024-06-13,control_albuquerque,control,Albuquerque,NM,,0,CONTROL — no known Kirk/TPUSA event,1143,155,29,26
2024-06-13,control_chattanooga,control,Chattanooga,TN,,0,CONTROL — no known Kirk/TPUSA event,1130,0,0,0
2024-06-13,control_des_moines,control,Des Moines,IA,,0,CONTROL — no known Kirk/TPUSA event,1000,112,22,22
2024-06-13,control_shreveport,control,Shreveport,LA,,0,CONTROL — no known Kirk/TPUSA event,964,3,2,2
2024-06-13,control_spokane,control,Spokane,WA,,0,CONTROL — no known Kirk/TPUSA event,378,0,0,0
2024-06-13,control_syracuse,control,Syracuse,NY,,0,CONTROL — no known Kirk/TPUSA event,862,1,1,1
2024-06-14,20240614_detroit,event,Detroit,MI,2024-06-14,0,Charlie,1890,169,25,19
2024-06-14,20240615_detroit,event,Detroit,MI,2024-06-15,-1,Charlie,1890,169,25,19
2024-06-14,control_albuquerque,control,Albuquerque,NM,,0,CONTROL — no known Kirk/TPUSA event,1050,151,23,20
2024-06-14,control_chattanooga,control,Chattanooga,TN,,0,CONTROL — no known Kirk/TPUSA event,1221,0,0,0
2024-06-14,control_des_moines,control,Des Moines,IA,,0,CONTROL — no known Kirk/TPUSA event,1087,132,20,17
2024-06-14,control_shreveport,control,Shreveport,LA,,0,CONTROL — no known Kirk/TPUSA event,1009,4,0,0
2024-06-14,control_spokane,control,Spokane,WA,,0,CONTROL — no known Kirk/TPUSA event,393,0,0,0
2024-06-14,control_syracuse,control,Syracuse,NY,,0,CONTROL — no known Kirk/TPUSA event,927,0,0,0
2024-06-15,20240614_detroit,event,Detroit,MI,2024-06-14,1,Charlie,1863,191,26,23
2024-06-15,20240615_detroit,event,Detroit,MI,2024-06-15,0,Charlie,1863,191,26,23
2024-06-15,20240616_detroit,event,Detroit,MI,2024-06-16,-1,Charlie,1863,191,26,23
2024-06-15,control_albuquerque,control,Albuquerque,NM,,0,CONTROL — no known Kirk/TPUSA event,1003,156,17,16
2024-06-15,control_chattanooga,control,Chattanooga,TN,,0,CONTROL — no known Kirk/TPUSA event,1162,0,0,0
2024-06-15,control_des_moines,control,Des Moines,IA,,0,CONTROL — no known Kirk/TPUSA event,531,76,9,8
2024-06-15,control_shreveport,control,Shreveport,LA,,0,CONTROL — no known Kirk/TPUSA event,913,1,1,1
2024-06-15,control_spokane,control,Spokane,WA,,0,CONTROL — no known Kirk/TPUSA event,325,0,0,0
2024-06-15,control_syracuse,control,Syracuse,NY,,0,CONTROL — no known Kirk/TPUSA event,883,0,0,0
2024-06-16,20240615_detroit,event,Detroit,MI,2024-06-15,1,Charlie,1789,182,27,27
2024-06-16,20240616_detroit,event,Detroit,MI,2024-06-16,0,Charlie,1789,182,27,27
2024-06-16,control_albuquerque,control,Albuquerque,NM,,0,CONTROL — no known Kirk/TPUSA event,1080,123,8,6
2024-06-16,control_chattanooga,control,Chattanooga,TN,,0,CONTROL — no known Kirk/TPUSA event,1073,0,0,0
2024-06-16,control_des_moines,control,Des Moines,IA,,0,CONTROL — no known Kirk/TPUSA event,851,82,6,4
2024-06-16,control_shreveport,control,Shreveport,LA,,0,CONTROL — no known Kirk/TPUSA event,922,0,0,0
2024-06-16,control_spokane,control,Spokane,WA,,0,CONTROL — no known Kirk/TPUSA event,357,0,0,0
2024-06-16,control_syracuse,control,Syracuse,NY,,0,CONTROL — no known Kirk/TPUSA event,818,1,0,0
2024-06-17,20240616_detroit,event,Detroit,MI,2024-06-16,1,Charlie,1571,187,22,18
2024-06-17,control_albuquerque,control,Albuquerque,NM,,0,CONTROL — no known Kirk/TPUSA event,1029,135,12,12
2024-06-17,control_chattanooga,control,Chattanooga,TN,,0,CONTROL — no known Kirk/TPUSA event,1141,0,0,0
2024-06-17,control_des_moines,control,Des Moines,IA,,0,CONTROL — no known Kirk/TPUSA event,867,108,13,12
2024-06-17,control_shreveport,control,Shreveport,LA,,0,CONTROL — no known Kirk/TPUSA event,935,1,0,0
2024-06-17,control_spokane,control,Spokane,WA,,0,CONTROL — no known Kirk/TPUSA event,368,0,0,0
2024-06-17,control_syracuse,control,Syracuse,NY,,0,CONTROL — no known Kirk/TPUSA event,823,0,0,0
2024-07-23,20240724_west_palm_beach,event,West Palm Beach,FL,2024-07-24,-1,Charlie,1655,410,71,63
2024-07-23,control_albuquerque,control,Albuquerque,NM,,0,CONTROL — no known Kirk/TPUSA event,1089,156,27,24
2024-07-23,control_chattanooga,control,Chattanooga,TN,,0,CONTROL — no known Kirk/TPUSA event,974,0,0,0
2024-07-23,control_des_moines,control,Des Moines,IA,,0,CONTROL — no known Kirk/TPUSA event,1043,107,17,13
2024-07-23,control_shreveport,control,Shreveport,LA,,0,CONTROL — no known Kirk/TPUSA event,831,0,0,0
2024-07-23,control_spokane,control,Spokane,WA,,0,CONTROL — no known Kirk/TPUSA event,454,2,0,0
2024-07-23,control_syracuse,control,Syracuse,NY,,0,CONTROL — no known Kirk/TPUSA event,885,0,0,0
2024-07-24,20240724_west_palm_beach,event,West Palm Beach,FL,2024-07-24,0,Charlie,1804,457,77,66
2024-07-24,20240725_west_palm_beach,event,West Palm Beach,FL,2024-07-25,-1,Charlie,1804,457,77,66
2024-07-24,control_albuquerque,control,Albuquerque,NM,,0,CONTROL — no known Kirk/TPUSA event,1063,167,28,25
2024-07-24,control_chattanooga,control,Chattanooga,TN,,0,CONTROL — no known Kirk/TPUSA event,1063,0,0,0
2024-07-24,control_des_moines,control,Des Moines,IA,,0,CONTROL — no known Kirk/TPUSA event,955,104,22,19
2024-07-24,control_shreveport,control,Shreveport,LA,,0,CONTROL — no known Kirk/TPUSA event,932,0,0,0
2024-07-24,control_spokane,control,Spokane,WA,,0,CONTROL — no known Kirk/TPUSA event,453,2,1,1
2024-07-24,control_syracuse,control,Syracuse,NY,,0,CONTROL — no known Kirk/TPUSA event,849,0,0,0
2024-07-25,20240724_west_palm_beach,event,West Palm Beach,FL,2024-07-24,1,Charlie,1886,484,85,77
2024-07-25,20240725_west_palm_beach,event,West Palm Beach,FL,2024-07-25,0,Charlie,1886,484,85,77
2024-07-25,20240726_west_palm_beach,event,West Palm Beach,FL,2024-07-26,-1,Charlie,1886,484,85,77
2024-07-25,control_albuquerque,control,Albuquerque,NM,,0,CONTROL — no known Kirk/TPUSA event,1058,177,32,29
2024-07-25,control_chattanooga,control,Chattanooga,TN,,0,CONTROL — no known Kirk/TPUSA event,1175,0,0,0
2024-07-25,control_des_moines,control,Des Moines,IA,,0,CONTROL — no known Kirk/TPUSA event,1133,93,15,12
2024-07-25,control_shreveport,control,Shreveport,LA,,0,CONTROL — no known Kirk/TPUSA event,893,0,0,0
2024-07-25,control_spokane,control,Spokane,WA,,0,CONTROL — no known Kirk/TPUSA event,501,6,2,2
2024-07-25,control_syracuse,control,Syracuse,NY,,0,CONTROL — no known Kirk/TPUSA event,945,0,0,0
2024-07-26,20240725_west_palm_beach,event,West Palm Beach,FL,2024-07-25,1,Charlie,1947,445,87,74
2024-07-26,20240726_west_palm_beach,event,West Palm Beach,FL,2024-07-26,0,Charlie,1947,445,87,74
2024-07-26,20240727_west_palm_beach,event,West Palm Beach,FL,2024-07-27,-1,Charlie,1947,445,87,74
2024-07-26,control_albuquerque,control,Albuquerque,NM,,0,CONTROL — no known Kirk/TPUSA event,1112,177,34,31
2024-07-26,control_chattanooga,control,Chattanooga,TN,,0,CONTROL — no known Kirk/TPUSA event,1133,0,0,0
2024-07-26,control_des_moines,control,Des Moines,IA,,0,CONTROL — no known Kirk/TPUSA event,1176,114,19,17
2024-07-26,control_shreveport,control,Shreveport,LA,,0,CONTROL — no known Kirk/TPUSA event,909,0,0,0
2024-07-26,control_spokane,control,Spokane,WA,,0,CONTROL — no known Kirk/TPUSA event,509,6,1,1
2024-07-26,control_syracuse,control,Syracuse,NY,,0,CONTROL — no known Kirk/TPUSA event,963,0,0,0
2024-07-27,20240726_west_palm_beach,event,West Palm Beach,FL,2024-07-26,1,Charlie,1742,347,53,46
2024-07-27,20240727_west_palm_beach,event,West Palm Beach,FL,2024-07-27,0,Charlie,1742,347,53,46
2024-07-27,20240728_west_palm_beach,event,West Palm Beach,FL,2024-07-28,-1,Charlie,1742,347,53,46
2024-07-27,control_albuquerque,control,Albuquerque,NM,,0,CONTROL — no known Kirk/TPUSA event,966,148,14,11
2024-07-27,control_chattanooga,control,Chattanooga,TN,,0,CONTROL — no known Kirk/TPUSA event,1084,0,0,0
2024-07-27,control_des_moines,control,Des Moines,IA,,0,CONTROL — no known Kirk/TPUSA event,987,95,14,12
2024-07-27,control_shreveport,control,Shreveport,LA,,0,CONTROL — no known Kirk/TPUSA event,923,0,0,0
2024-07-27,control_spokane,control,Spokane,WA,,0,CONTROL — no known Kirk/TPUSA event,469,7,0,0
2024-07-27,control_syracuse,control,Syracuse,NY,,0,CONTROL — no known Kirk/TPUSA event,844,0,0,0
2024-07-28,20240727_west_palm_beach,event,West Palm Beach,FL,2024-07-27,1,Charlie,104,22,5,5
2024-07-28,20240728_west_palm_beach,event,West Palm Beach,FL,2024-07-28,0,Charlie,104,22,5,5
2024-07-28,control_albuquerque,control,Albuquerque,NM,,0,CONTROL — no known Kirk/TPUSA event,68,13,1,1
2024-07-28,control_chattanooga,control,Chattanooga,TN,,0,CONTROL — no known Kirk/TPUSA event,86,0,0,0
2024-07-28,control_des_moines,control,Des Moines,IA,,0,CONTROL — no known Kirk/TPUSA event,57,7,0,0
2024-07-28,control_shreveport,control,Shreveport,LA,,0,CONTROL — no known Kirk/TPUSA event,67,0,0,0
2024-07-28,control_spokane,control,Spokane,WA,,0,CONTROL — no known Kirk/TPUSA event,38,0,0,0
2024-07-28,control_syracuse,control,Syracuse,NY,,0,CONTROL — no known Kirk/TPUSA event,58,0,0,0
2024-07-29,20240728_west_palm_beach,event,West Palm Beach,FL,2024-07-28,1,Charlie,1574,425,77,64
2024-07-29,control_albuquerque,control,Albuquerque,NM,,0,CONTROL — no known Kirk/TPUSA event,1060,139,13,13
2024-07-29,control_chattanooga,control,Chattanooga,TN,,0,CONTROL — no known Kirk/TPUSA event,848,0,0,0
2024-07-29,control_des_moines,control,Des Moines,IA,,0,CONTROL — no known Kirk/TPUSA event,820,99,13,12
2024-07-29,control_shreveport,control,Shreveport,LA,,0,CONTROL — no known Kirk/TPUSA event,923,0,0,0
2024-07-29,control_spokane,control,Spokane,WA,,0,CONTROL — no known Kirk/TPUSA event,466,2,0,0
2024-07-29,control_syracuse,control,Syracuse,NY,,0,CONTROL — no known Kirk/TPUSA event,861,0,0,0
2024-09-02,20240903_phoenix,event,Phoenix,AZ,2024-09-03,-1,Charlie,1525,895,77,65
2024-09-02,control_albuquerque,control,Albuquerque,NM,,0,CONTROL — no known Kirk/TPUSA event,966,116,11,11
2024-09-02,control_chattanooga,control,Chattanooga,TN,,0,CONTROL — no known Kirk/TPUSA event,982,0,0,0
2024-09-02,control_des_moines,control,Des Moines,IA,,0,CONTROL — no known Kirk/TPUSA event,955,71,3,2
2024-09-02,control_shreveport,control,Shreveport,LA,,0,CONTROL — no known Kirk/TPUSA event,864,0,0,0
2024-09-02,control_spokane,control,Spokane,WA,,0,CONTROL — no known Kirk/TPUSA event,424,4,0,0
2024-09-02,control_syracuse,control,Syracuse,NY,,0,CONTROL — no known Kirk/TPUSA event,822,0,0,0
2024-09-03,20240903_phoenix,event,Phoenix,AZ,2024-09-03,0,Charlie,1933,1003,109,95
2024-09-03,control_albuquerque,control,Albuquerque,NM,,0,CONTROL — no known Kirk/TPUSA event,971,139,20,19
2024-09-03,control_chattanooga,control,Chattanooga,TN,,0,CONTROL — no known Kirk/TPUSA event,975,0,0,0
2024-09-03,control_des_moines,control,Des Moines,IA,,0,CONTROL — no known Kirk/TPUSA event,980,51,6,5
2024-09-03,control_shreveport,control,Shreveport,LA,,0,CONTROL — no known Kirk/TPUSA event,838,1,0,0
2024-09-03,control_spokane,control,Spokane,WA,,0,CONTROL — no known Kirk/TPUSA event,444,2,0,0
2024-09-03,control_syracuse,control,Syracuse,NY,,0,CONTROL — no known Kirk/TPUSA event,842,0,0,0
2024-09-04,20240903_phoenix,event,Phoenix,AZ,2024-09-03,1,Charlie,2143,978,124,102
2024-09-04,20240905_madison,event,Madison,WI,2024-09-05,-1,Charlie,1047,42,19,17
2024-09-04,control_albuquerque,control,Albuquerque,NM,,0,CONTROL — no known Kirk/TPUSA event,991,160,30,27
2024-09-04,control_chattanooga,control,Chattanooga,TN,,0,CONTROL — no known Kirk/TPUSA event,978,0,0,0
2024-09-04,control_des_moines,control,Des Moines,IA,,0,CONTROL — no known Kirk/TPUSA event,932,81,17,14
2024-09-04,control_shreveport,control,Shreveport,LA,,0,CONTROL — no known Kirk/TPUSA event,865,1,0,0
2024-09-04,control_spokane,control,Spokane,WA,,0,CONTROL — no known Kirk/TPUSA event,430,4,0,0
2024-09-04,control_syracuse,control,Syracuse,NY,,0,CONTROL — no known Kirk/TPUSA event,812,1,0,0
2024-09-05,20240905_madison,event,Madison,WI,2024-09-05,0,Charlie,999,39,13,11
2024-09-05,control_albuquerque,control,Albuquerque,NM,,0,CONTROL — no known Kirk/TPUSA event,1036,144,29,26
2024-09-05,control_chattanooga,control,Chattanooga,TN,,0,CONTROL — no known Kirk/TPUSA event,994,0,0,0
2024-09-05,control_des_moines,control,Des Moines,IA,,0,CONTROL — no known Kirk/TPUSA event,972,95,20,17
2024-09-05,control_shreveport,control,Shreveport,LA,,0,CONTROL — no known Kirk/TPUSA event,807,0,0,0
2024-09-05,control_spokane,control,Spokane,WA,,0,CONTROL — no known Kirk/TPUSA event,439,1,1,1
2024-09-05,control_syracuse,control,Syracuse,NY,,0,CONTROL — no known Kirk/TPUSA event,830,0,0,0
2024-09-06,20240905_madison,event,Madison,WI,2024-09-05,1,Charlie,1087,19,6,5
2024-09-06,control_albuquerque,control,Albuquerque,NM,,0,CONTROL — no known Kirk/TPUSA event,1008,140,26,23
2024-09-06,control_chattanooga,control,Chattanooga,TN,,0,CONTROL — no known Kirk/TPUSA event,1071,0,0,0
2024-09-06,control_des_moines,control,Des Moines,IA,,0,CONTROL — no known Kirk/TPUSA event,969,97,20,17
2024-09-06,control_shreveport,control,Shreveport,LA,,0,CONTROL — no known Kirk/TPUSA event,878,0,0,0
2024-09-06,control_spokane,control,Spokane,WA,,0,CONTROL — no known Kirk/TPUSA event,426,1,0,0
2024-09-06,control_syracuse,control,Syracuse,NY,,0,CONTROL — no known Kirk/TPUSA event,793,0,0,0
2024-09-09,20240910_boulder,event,Boulder,CO,2024-09-10,-1,Charlie,1860,1060,133,118
2024-09-09,control_albuquerque,control,Albuquerque,NM,,0,CONTROL — no known Kirk/TPUSA event,1020,154,15,15
2024-09-09,control_chattanooga,control,Chattanooga,TN,,0,CONTROL — no known Kirk/TPUSA event,942,0,0,0
2024-09-09,control_des_moines,control,Des Moines,IA,,0,CONTROL — no known Kirk/TPUSA event,984,90,10,9
2024-09-09,control_shreveport,control,Shreveport,LA,,0,CONTROL — no known Kirk/TPUSA event,871,0,0,0
2024-09-09,control_spokane,control,Spokane,WA,,0,CONTROL — no known Kirk/TPUSA event,478,4,0,0
2024-09-09,control_syracuse,control,Syracuse,NY,,0,CONTROL — no known Kirk/TPUSA event,724,0,0,0
2024-09-10,20240910_boulder,event,Boulder,CO,2024-09-10,0,Charlie,1959,1067,130,107
2024-09-10,20240911_denton,event,Denton,TX,2024-09-11,-1,Charlie,2355,990,114,79
2024-09-10,control_albuquerque,control,Albuquerque,NM,,0,CONTROL — no known Kirk/TPUSA event,1129,160,29,25
2024-09-10,control_chattanooga,control,Chattanooga,TN,,0,CONTROL — no known Kirk/TPUSA event,1022,0,0,0
2024-09-10,control_des_moines,control,Des Moines,IA,,0,CONTROL — no known Kirk/TPUSA event,921,54,5,3
2024-09-10,control_shreveport,control,Shreveport,LA,,0,CONTROL — no known Kirk/TPUSA event,900,0,0,0
2024-09-10,control_spokane,control,Spokane,WA,,0,CONTROL — no known Kirk/TPUSA event,465,2,1,1
2024-09-10,control_syracuse,control,Syracuse,NY,,0,CONTROL — no known Kirk/TPUSA event,794,1,0,0
2024-09-11,20240910_boulder,event,Boulder,CO,2024-09-10,1,Charlie,1862,1072,140,121
2024-09-11,20240911_denton,event,Denton,TX,2024-09-11,0,Charlie,2250,926,112,75
2024-09-11,control_albuquerque,control,Albuquerque,NM,,0,CONTROL — no known Kirk/TPUSA event,1031,150,28,25
2024-09-11,control_chattanooga,control,Chattanooga,TN,,0,CONTROL — no known Kirk/TPUSA event,928,1,1,1
2024-09-11,control_des_moines,control,Des Moines,IA,,0,CONTROL — no known Kirk/TPUSA event,973,100,15,12
2024-09-11,control_shreveport,control,Shreveport,LA,,0,CONTROL — no known Kirk/TPUSA event,754,1,0,0
2024-09-11,control_spokane,control,Spokane,WA,,0,CONTROL — no known Kirk/TPUSA event,432,5,4,4
2024-09-11,control_syracuse,control,Syracuse,NY,,0,CONTROL — no known Kirk/TPUSA event,809,1,0,0
2024-09-12,20240911_denton,event,Denton,TX,2024-09-11,1,Charlie,2535,938,107,85
2024-09-12,20240913_manhattan,event,Manhattan,KS,2024-09-13,-1,Charlie,899,2,0,0
2024-09-12,control_albuquerque,control,Albuquerque,NM,,0,CONTROL — no known Kirk/TPUSA event,1094,143,24,21
2024-09-12,control_chattanooga,control,Chattanooga,TN,,0,CONTROL — no known Kirk/TPUSA event,993,0,0,0
2024-09-12,control_des_moines,control,Des Moines,IA,,0,CONTROL — no known Kirk/TPUSA event,1044,104,18,15
2024-09-12,control_shreveport,control,Shreveport,LA,,0,CONTROL — no known Kirk/TPUSA event,724,0,0,0
2024-09-12,control_spokane,control,Spokane,WA,,0,CONTROL — no known Kirk/TPUSA event,375,8,1,1
2024-09-12,control_syracuse,control,Syracuse,NY,,0,CONTROL — no known Kirk/TPUSA event,867,1,0,0
2024-09-13,20240913_manhattan,event,Manhattan,KS,2024-09-13,0,Charlie,951,0,0,0
2024-09-13,control_albuquerque,control,Albuquerque,NM,,0,CONTROL — no known Kirk/TPUSA event,1080,171,33,29
2024-09-13,control_chattanooga,control,Chattanooga,TN,,0,CONTROL — no known Kirk/TPUSA event,1027,0,0,0
2024-09-13,control_des_moines,control,Des Moines,IA,,0,CONTROL — no known Kirk/TPUSA event,1122,101,15,12
2024-09-13,control_shreveport,control,Shreveport,LA,,0,CONTROL — no known Kirk/TPUSA event,894,0,0,0
2024-09-13,control_spokane,control,Spokane,WA,,0,CONTROL — no known Kirk/TPUSA event,470,5,1,1
2024-09-13,control_syracuse,control,Syracuse,NY,,0,CONTROL — no known Kirk/TPUSA event,909,1,0,0
2024-09-14,20240913_manhattan,event,Manhattan,KS,2024-09-13,1,Charlie,759,0,0,0
2024-09-14,control_albuquerque,control,Albuquerque,NM,,0,CONTROL — no known Kirk/TPUSA event,962,147,14,10
2024-09-14,control_chattanooga,control,Chattanooga,TN,,0,CONTROL — no known Kirk/TPUSA event,831,0,0,0
2024-09-14,control_des_moines,control,Des Moines,IA,,0,CONTROL — no known Kirk/TPUSA event,857,74,10,8
2024-09-14,control_shreveport,control,Shreveport,LA,,0,CONTROL — no known Kirk/TPUSA event,744,0,0,0
2024-09-14,control_spokane,control,Spokane,WA,,0,CONTROL — no known Kirk/TPUSA event,441,10,2,2
2024-09-14,control_syracuse,control,Syracuse,NY,,0,CONTROL — no known Kirk/TPUSA event,774,1,0,0
2024-09-17,20240918_pittsburgh,event,Pittsburgh,PA,2024-09-18,-1,Charlie,1469,44,10,10
2024-09-17,control_albuquerque,control,Albuquerque,NM,,0,CONTROL — no known Kirk/TPUSA event,1067,147,26,22
2024-09-17,control_chattanooga,control,Chattanooga,TN,,0,CONTROL — no known Kirk/TPUSA event,990,0,0,0
2024-09-17,control_des_moines,control,Des Moines,IA,,0,CONTROL — no known Kirk/TPUSA event,855,95,16,13
2024-09-17,control_shreveport,control,Shreveport,LA,,0,CONTROL — no known Kirk/TPUSA event,868,0,0,0
2024-09-17,control_spokane,control,Spokane,WA,,0,CONTROL — no known Kirk/TPUSA event,447,5,0,0
2024-09-17,control_syracuse,control,Syracuse,NY,,0,CONTROL — no known Kirk/TPUSA event,787,0,0,0
2024-09-19,20240918_pittsburgh,event,Pittsburgh,PA,2024-09-18,1,Charlie,24,1,0,0
2024-09-19,20240919_university_park,event,University Park,PA,2024-09-19,0,Charlie,22,0,0,0
2024-09-19,control_albuquerque,control,Albuquerque,NM,,0,CONTROL — no known Kirk/TPUSA event,20,4,1,1
2024-09-19,control_chattanooga,control,Chattanooga,TN,,0,CONTROL — no known Kirk/TPUSA event,17,0,0,0
2024-09-19,control_des_moines,control,Des Moines,IA,,0,CONTROL — no known Kirk/TPUSA event,12,0,0,0
2024-09-19,control_shreveport,control,Shreveport,LA,,0,CONTROL — no known Kirk/TPUSA event,14,0,0,0
2024-09-19,control_spokane,control,Spokane,WA,,0,CONTROL — no known Kirk/TPUSA event,9,0,0,0
2024-09-19,control_syracuse,control,Syracuse,NY,,0,CONTROL — no known Kirk/TPUSA event,19,0,0,0
2024-09-20,20240919_university_park,event,University Park,PA,2024-09-19,1,Charlie,1383,0,0,0
2024-09-20,control_albuquerque,control,Albuquerque,NM,,0,CONTROL — no known Kirk/TPUSA event,1024,183,30,27
2024-09-20,control_chattanooga,control,Chattanooga,TN,,0,CONTROL — no known Kirk/TPUSA event,1185,0,0,0
2024-09-20,control_des_moines,control,Des Moines,IA,,0,CONTROL — no known Kirk/TPUSA event,955,0,0,0
2024-09-20,control_shreveport,control,Shreveport,LA,,0,CONTROL — no known Kirk/TPUSA event,991,0,0,0
2024-09-20,control_spokane,control,Spokane,WA,,0,CONTROL — no known Kirk/TPUSA event,474,9,2,2
2024-09-20,control_syracuse,control,Syracuse,NY,,0,CONTROL — no known Kirk/TPUSA event,884,1,0,0
2024-09-29,20240930_missoula,event,Missoula,MT,2024-09-30,-1,Charlie,16,0,0,0
2024-09-29,control_albuquerque,control,Albuquerque,NM,,0,CONTROL — no known Kirk/TPUSA event,981,162,15,13
2024-09-29,control_chattanooga,control,Chattanooga,TN,,0,CONTROL — no known Kirk/TPUSA event,996,2,2,2
2024-09-29,control_des_moines,control,Des Moines,IA,,0,CONTROL — no known Kirk/TPUSA event,982,1,0,0
2024-09-29,control_shreveport,control,Shreveport,LA,,0,CONTROL — no known Kirk/TPUSA event,827,0,0,0
2024-09-29,control_spokane,control,Spokane,WA,,0,CONTROL — no known Kirk/TPUSA event,435,5,1,1
2024-09-29,control_syracuse,control,Syracuse,NY,,0,CONTROL — no known Kirk/TPUSA event,866,0,0,0
2024-09-30,20240930_missoula,event,Missoula,MT,2024-09-30,0,Charlie,11,0,0,0
2024-09-30,control_albuquerque,control,Albuquerque,NM,,0,CONTROL — no known Kirk/TPUSA event,997,145,15,15
2024-09-30,control_chattanooga,control,Chattanooga,TN,,0,CONTROL — no known Kirk/TPUSA event,1019,0,0,0
2024-09-30,control_des_moines,control,Des Moines,IA,,0,CONTROL — no known Kirk/TPUSA event,1015,0,0,0
2024-09-30,control_shreveport,control,Shreveport,LA,,0,CONTROL — no known Kirk/TPUSA event,839,0,0,0
2024-09-30,control_spokane,control,Spokane,WA,,0,CONTROL — no known Kirk/TPUSA event,464,3,0,0
2024-09-30,control_syracuse,control,Syracuse,NY,,0,CONTROL — no known Kirk/TPUSA event,786,0,0,0
2024-10-01,20240930_missoula,event,Missoula,MT,2024-09-30,1,Charlie,7,0,0,0
2024-10-01,control_albuquerque,control,Albuquerque,NM,,0,CONTROL — no known Kirk/TPUSA event,1006,135,21,18
2024-10-01,control_chattanooga,control,Chattanooga,TN,,0,CONTROL — no known Kirk/TPUSA event,1005,0,0,0
2024-10-01,control_des_moines,control,Des Moines,IA,,0,CONTROL — no known Kirk/TPUSA event,909,0,0,0
2024-10-01,control_shreveport,control,Shreveport,LA,,0,CONTROL — no known Kirk/TPUSA event,844,1,1,1
2024-10-01,control_spokane,control,Spokane,WA,,0,CONTROL — no known Kirk/TPUSA event,463,4,1,1
2024-10-01,control_syracuse,control,Syracuse,NY,,0,CONTROL — no known Kirk/TPUSA event,782,0,0,0
2024-10-10,20241011_corvallis,event,Corvallis,OR,2024-10-11,-1,Charlie,647,115,26,26
2024-10-10,control_albuquerque,control,Albuquerque,NM,,0,CONTROL — no known Kirk/TPUSA event,1146,192,38,36
2024-10-10,control_chattanooga,control,Chattanooga,TN,,0,CONTROL — no known Kirk/TPUSA event,978,0,0,0
2024-10-10,control_des_moines,control,Des Moines,IA,,0,CONTROL — no known Kirk/TPUSA event,1090,111,19,16
2024-10-10,control_shreveport,control,Shreveport,LA,,0,CONTROL — no known Kirk/TPUSA event,875,1,0,0
2024-10-10,control_spokane,control,Spokane,WA,,0,CONTROL — no known Kirk/TPUSA event,407,5,3,3
2024-10-10,control_syracuse,control,Syracuse,NY,,0,CONTROL — no known Kirk/TPUSA event,864,0,0,0
2024-10-11,20241011_corvallis,event,Corvallis,OR,2024-10-11,0,Charlie,794,152,21,21
2024-10-11,control_albuquerque,control,Albuquerque,NM,,0,CONTROL — no known Kirk/TPUSA event,1233,226,38,36
2024-10-11,control_chattanooga,control,Chattanooga,TN,,0,CONTROL — no known Kirk/TPUSA event,1141,0,0,0
2024-10-11,control_des_moines,control,Des Moines,IA,,0,CONTROL — no known Kirk/TPUSA event,1049,108,19,17
2024-10-11,control_shreveport,control,Shreveport,LA,,0,CONTROL — no known Kirk/TPUSA event,980,0,0,0
2024-10-11,control_spokane,control,Spokane,WA,,0,CONTROL — no known Kirk/TPUSA event,440,7,2,2
2024-10-11,control_syracuse,control,Syracuse,NY,,0,CONTROL — no known Kirk/TPUSA event,902,0,0,0
2024-10-12,20241011_corvallis,event,Corvallis,OR,2024-10-11,1,Charlie,737,180,25,25
2024-10-12,control_albuquerque,control,Albuquerque,NM,,0,CONTROL — no known Kirk/TPUSA event,1062,187,18,16
2024-10-12,control_chattanooga,control,Chattanooga,TN,,0,CONTROL — no known Kirk/TPUSA event,1067,0,0,0
2024-10-12,control_des_moines,control,Des Moines,IA,,0,CONTROL — no known Kirk/TPUSA event,861,91,10,7
2024-10-12,control_shreveport,control,Shreveport,LA,,0,CONTROL — no known Kirk/TPUSA event,805,1,0,0
2024-10-12,control_spokane,control,Spokane,WA,,0,CONTROL — no known Kirk/TPUSA event,428,2,0,0
2024-10-12,control_syracuse,control,Syracuse,NY,,0,CONTROL — no known Kirk/TPUSA event,751,1,0,0
2024-10-14,20241015_flagstaff,event,Flagstaff,AZ,2024-10-15,-1,Charlie,1172,43,2,2
2024-10-14,control_albuquerque,control,Albuquerque,NM,,0,CONTROL — no known Kirk/TPUSA event,1066,159,17,17
2024-10-14,control_chattanooga,control,Chattanooga,TN,,0,CONTROL — no known Kirk/TPUSA event,1158,0,0,0
2024-10-14,control_des_moines,control,Des Moines,IA,,0,CONTROL — no known Kirk/TPUSA event,962,98,9,9
2024-10-14,control_shreveport,control,Shreveport,LA,,0,CONTROL — no known Kirk/TPUSA event,897,0,0,0
2024-10-14,control_spokane,control,Spokane,WA,,0,CONTROL — no known Kirk/TPUSA event,448,3,0,0
2024-10-14,control_syracuse,control,Syracuse,NY,,0,CONTROL — no known Kirk/TPUSA event,807,0,0,0
2024-10-15,20241015_flagstaff,event,Flagstaff,AZ,2024-10-15,0,Charlie,1242,52,6,6
2024-10-15,20241016_tucson,event,Tucson,AZ,2024-10-16,-1,Charlie,888,59,11,11
2024-10-15,control_albuquerque,control,Albuquerque,NM,,0,CONTROL — no known Kirk/TPUSA event,1085,169,24,22
2024-10-15,control_chattanooga,control,Chattanooga,TN,,0,CONTROL — no known Kirk/TPUSA event,1157,0,0,0
2024-10-15,control_des_moines,control,Des Moines,IA,,0,CONTROL — no known Kirk/TPUSA event,946,114,21,18
2024-10-15,control_shreveport,control,Shreveport,LA,,0,CONTROL — no known Kirk/TPUSA event,900,3,0,0
2024-10-15,control_spokane,control,Spokane,WA,,0,CONTROL — no known Kirk/TPUSA event,449,3,2,2
2024-10-15,control_syracuse,control,Syracuse,NY,,0,CONTROL — no known Kirk/TPUSA event,834,0,0,0
2024-10-16,20241015_flagstaff,event,Flagstaff,AZ,2024-10-15,1,Charlie,1138,41,5,5
2024-10-16,20241016_tucson,event,Tucson,AZ,2024-10-16,0,Charlie,1010,61,10,10
2024-10-16,control_albuquerque,control,Albuquerque,NM,,0,CONTROL — no known Kirk/TPUSA event,1119,160,27,25
2024-10-16,control_chattanooga,control,Chattanooga,TN,,0,CONTROL — no known Kirk/TPUSA event,1106,0,0,0
2024-10-16,control_des_moines,control,Des Moines,IA,,0,CONTROL — no known Kirk/TPUSA event,968,115,27,25
2024-10-16,control_shreveport,control,Shreveport,LA,,0,CONTROL — no known Kirk/TPUSA event,884,0,0,0
2024-10-16,control_spokane,control,Spokane,WA,,0,CONTROL — no known Kirk/TPUSA event,393,3,1,1
2024-10-16,control_syracuse,control,Syracuse,NY,,0,CONTROL — no known Kirk/TPUSA event,822,1,1,1
2024-10-17,20241016_tucson,event,Tucson,AZ,2024-10-16,1,Charlie,1008,86,17,17
2024-10-17,control_albuquerque,control,Albuquerque,NM,,0,CONTROL — no known Kirk/TPUSA event,1080,146,22,20
2024-10-17,control_chattanooga,control,Chattanooga,TN,,0,CONTROL — no known Kirk/TPUSA event,1216,0,0,0
2024-10-17,control_des_moines,control,Des Moines,IA,,0,CONTROL — no known Kirk/TPUSA event,974,92,17,15
2024-10-17,control_shreveport,control,Shreveport,LA,,0,CONTROL — no known Kirk/TPUSA event,930,0,0,0
2024-10-17,control_spokane,control,Spokane,WA,,0,CONTROL — no known Kirk/TPUSA event,392,5,1,0
2024-10-17,control_syracuse,control,Syracuse,NY,,0,CONTROL — no known Kirk/TPUSA event,856,0,0,0
2024-10-20,20241021_atlanta,event,Atlanta,GA,2024-10-21,-1,Charlie,2445,1002,127,88
2024-10-20,20241021_chapel_hill,event,Chapel Hill,NC,2024-10-21,-1,Charlie,1775,224,21,14
2024-10-20,control_albuquerque,control,Albuquerque,NM,,0,CONTROL — no known Kirk/TPUSA event,841,128,11,11
2024-10-20,control_chattanooga,control,Chattanooga,TN,,0,CONTROL — no known Kirk/TPUSA event,1272,0,0,0
2024-10-20,control_des_moines,control,Des Moines,IA,,0,CONTROL — no known Kirk/TPUSA event,910,84,8,8
2024-10-20,control_shreveport,control,Shreveport,LA,,0,CONTROL — no known Kirk/TPUSA event,910,0,0,0
2024-10-20,control_spokane,control,Spokane,WA,,0,CONTROL — no known Kirk/TPUSA event,382,3,0,0
2024-10-20,control_syracuse,control,Syracuse,NY,,0,CONTROL — no known Kirk/TPUSA event,865,0,0,0
2024-10-21,20241021_atlanta,event,Atlanta,GA,2024-10-21,0,Charlie,2412,1043,139,100
2024-10-21,20241021_chapel_hill,event,Chapel Hill,NC,2024-10-21,0,Charlie,1728,232,28,19
2024-10-21,20241022_athens,event,Athens,GA,2024-10-22,-1,Charlie,1604,85,18,18
2024-10-21,20241022_omaha,event,Omaha,NE,2024-10-22,-1,Charlie,949,11,3,3
2024-10-21,control_albuquerque,control,Albuquerque,NM,,0,CONTROL — no known Kirk/TPUSA event,1196,163,21,21
2024-10-21,control_chattanooga,control,Chattanooga,TN,,0,CONTROL — no known Kirk/TPUSA event,1217,0,0,0
2024-10-21,control_des_moines,control,Des Moines,IA,,0,CONTROL — no known Kirk/TPUSA event,916,88,8,7
2024-10-21,control_shreveport,control,Shreveport,LA,,0,CONTROL — no known Kirk/TPUSA event,946,0,0,0
2024-10-21,control_spokane,control,Spokane,WA,,0,CONTROL — no known Kirk/TPUSA event,382,1,0,0
2024-10-21,control_syracuse,control,Syracuse,NY,,0,CONTROL — no known Kirk/TPUSA event,799,0,0,0
2024-10-22,20241021_atlanta,event,Atlanta,GA,2024-10-21,1,Charlie,2373,1059,128,95
2024-10-22,20241021_chapel_hill,event,Chapel Hill,NC,2024-10-21,1,Charlie,1660,201,28,18
2024-10-22,20241022_athens,event,Athens,GA,2024-10-22,0,Charlie,1550,83,18,18
2024-10-22,20241022_omaha,event,Omaha,NE,2024-10-22,0,Charlie,797,13,5,5
2024-10-22,20241023_duluth,event,Duluth,GA,2024-10-23,-1,Charlie,2313,1051,126,93
2024-10-22,control_albuquerque,control,Albuquerque,NM,,0,CONTROL — no known Kirk/TPUSA event,1059,162,32,30
2024-10-22,control_chattanooga,control,Chattanooga,TN,,0,CONTROL — no known Kirk/TPUSA event,1167,0,0,0
2024-10-22,control_des_moines,control,Des Moines,IA,,0,CONTROL — no known Kirk/TPUSA event,742,91,15,12
2024-10-22,control_shreveport,control,Shreveport,LA,,0,CONTROL — no known Kirk/TPUSA event,876,0,0,0
2024-10-22,control_spokane,control,Spokane,WA,,0,CONTROL — no known Kirk/TPUSA event,395,1,0,0
2024-10-22,control_syracuse,control,Syracuse,NY,,0,CONTROL — no known Kirk/TPUSA event,777,0,0,0
2024-10-23,20241022_athens,event,Athens,GA,2024-10-22,1,Charlie,1521,76,24,24
2024-10-23,20241022_omaha,event,Omaha,NE,2024-10-22,1,Charlie,969,12,3,3
2024-10-23,20241023_duluth,event,Duluth,GA,2024-10-23,0,Charlie,2288,1004,146,109
2024-10-23,20241024_las_vegas,event,Las Vegas,NV,2024-10-24,-1,Charlie,1549,69,25,24
2024-10-23,control_albuquerque,control,Albuquerque,NM,,0,CONTROL — no known Kirk/TPUSA event,1059,161,25,22
2024-10-23,control_chattanooga,control,Chattanooga,TN,,0,CONTROL — no known Kirk/TPUSA event,1204,0,0,0
2024-10-23,control_des_moines,control,Des Moines,IA,,0,CONTROL — no known Kirk/TPUSA event,919,107,22,20
2024-10-23,control_shreveport,control,Shreveport,LA,,0,CONTROL — no known Kirk/TPUSA event,913,0,0,0
2024-10-23,control_spokane,control,Spokane,WA,,0,CONTROL — no known Kirk/TPUSA event,373,0,0,0
2024-10-23,control_syracuse,control,Syracuse,NY,,0,CONTROL — no known Kirk/TPUSA event,723,1,0,0
2024-10-24,20241023_duluth,event,Duluth,GA,2024-10-23,1,Charlie,2386,1026,162,124
2024-10-24,20241024_las_vegas,event,Las Vegas,NV,2024-10-24,0,Charlie,1803,105,27,24
2024-10-24,control_albuquerque,control,Albuquerque,NM,,0,CONTROL — no known Kirk/TPUSA event,1192,186,26,24
2024-10-24,control_chattanooga,control,Chattanooga,TN,,0,CONTROL — no known Kirk/TPUSA event,1288,0,0,0
2024-10-24,control_des_moines,control,Des Moines,IA,,0,CONTROL — no known Kirk/TPUSA event,936,109,20,18
2024-10-24,control_shreveport,control,Shreveport,LA,,0,CONTROL — no known Kirk/TPUSA event,957,0,0,0
2024-10-24,control_spokane,control,Spokane,WA,,0,CONTROL — no known Kirk/TPUSA event,395,2,1,1
2024-10-24,control_syracuse,control,Syracuse,NY,,0,CONTROL — no known Kirk/TPUSA event,822,0,0,0
2024-10-25,20241024_las_vegas,event,Las Vegas,NV,2024-10-24,1,Charlie,1657,76,18,17
2024-10-25,control_albuquerque,control,Albuquerque,NM,,0,CONTROL — no known Kirk/TPUSA event,1216,173,30,28
2024-10-25,control_chattanooga,control,Chattanooga,TN,,0,CONTROL — no known Kirk/TPUSA event,1269,0,0,0
2024-10-25,control_des_moines,control,Des Moines,IA,,0,CONTROL — no known Kirk/TPUSA event,893,106,15,13
2024-10-25,control_shreveport,control,Shreveport,LA,,0,CONTROL — no known Kirk/TPUSA event,1029,0,0,0
2024-10-25,control_spokane,control,Spokane,WA,,0,CONTROL — no known Kirk/TPUSA event,429,0,0,0
2024-10-25,control_syracuse,control,Syracuse,NY,,0,CONTROL — no known Kirk/TPUSA event,818,0,0,0
2024-10-27,20241028_phoenix,event,Phoenix,AZ,2024-10-28,-1,Charlie,2345,1225,180,163
2024-10-27,control_albuquerque,control,Albuquerque,NM,,0,CONTROL — no known Kirk/TPUSA event,1003,144,8,8
2024-10-27,control_chattanooga,control,Chattanooga,TN,,0,CONTROL — no known Kirk/TPUSA event,1165,0,0,0
2024-10-27,control_des_moines,control,Des Moines,IA,,0,CONTROL — no known Kirk/TPUSA event,939,94,12,12
2024-10-27,control_shreveport,control,Shreveport,LA,,0,CONTROL — no known Kirk/TPUSA event,919,0,0,0
2024-10-27,control_spokane,control,Spokane,WA,,0,CONTROL — no known Kirk/TPUSA event,342,4,1,1
2024-10-27,control_syracuse,control,Syracuse,NY,,0,CONTROL — no known Kirk/TPUSA event,750,0,0,0
2024-10-29,20241028_phoenix,event,Phoenix,AZ,2024-10-28,1,Charlie,126,46,5,5
2024-10-29,20241030_greenville,event,Greenville,NC,2024-10-30,-1,Charlie,60,1,0,0
2024-10-29,control_albuquerque,control,Albuquerque,NM,,0,CONTROL — no known Kirk/TPUSA event,57,8,1,1
2024-10-29,control_chattanooga,control,Chattanooga,TN,,0,CONTROL — no known Kirk/TPUSA event,62,0,0,0
2024-10-29,control_des_moines,control,Des Moines,IA,,0,CONTROL — no known Kirk/TPUSA event,38,3,2,2
2024-10-29,control_shreveport,control,Shreveport,LA,,0,CONTROL — no known Kirk/TPUSA event,32,0,0,0
2024-10-29,control_spokane,control,Spokane,WA,,0,CONTROL — no known Kirk/TPUSA event,17,0,0,0
2024-10-29,control_syracuse,control,Syracuse,NY,,0,CONTROL — no known Kirk/TPUSA event,36,0,0,0
2024-10-30,20241030_greenville,event,Greenville,NC,2024-10-30,0,Charlie,1198,0,0,0
2024-10-30,20241031_high_point,event,High Point,NC,2024-10-31,-1,Charlie,1591,4,1,1
2024-10-30,control_albuquerque,control,Albuquerque,NM,,0,CONTROL — no known Kirk/TPUSA event,1185,150,23,20
2024-10-30,control_chattanooga,control,Chattanooga,TN,,0,CONTROL — no known Kirk/TPUSA event,1107,1,0,0
2024-10-30,control_des_moines,control,Des Moines,IA,,0,CONTROL — no known Kirk/TPUSA event,534,79,19,16
2024-10-30,control_shreveport,control,Shreveport,LA,,0,CONTROL — no known Kirk/TPUSA event,825,0,0,0
2024-10-30,control_spokane,control,Spokane,WA,,0,CONTROL — no known Kirk/TPUSA event,340,0,0,0
2024-10-30,control_syracuse,control,Syracuse,NY,,0,CONTROL — no known Kirk/TPUSA event,696,0,0,0
2024-10-31,20241030_greenville,event,Greenville,NC,2024-10-30,1,Charlie,1208,3,0,0
2024-10-31,20241031_high_point,event,High Point,NC,2024-10-31,0,Charlie,1584,3,2,2
2024-10-31,control_albuquerque,control,Albuquerque,NM,,0,CONTROL — no known Kirk/TPUSA event,1071,158,29,26
2024-10-31,control_chattanooga,control,Chattanooga,TN,,0,CONTROL — no known Kirk/TPUSA event,1102,0,0,0
2024-10-31,control_des_moines,control,Des Moines,IA,,0,CONTROL — no known Kirk/TPUSA event,798,98,13,11
2024-10-31,control_shreveport,control,Shreveport,LA,,0,CONTROL — no known Kirk/TPUSA event,513,0,0,0
2024-10-31,control_spokane,control,Spokane,WA,,0,CONTROL — no known Kirk/TPUSA event,342,5,1,1
2024-10-31,control_syracuse,control,Syracuse,NY,,0,CONTROL — no known Kirk/TPUSA event,749,0,0,0
2024-11-01,20241031_high_point,event,High Point,NC,2024-10-31,1,Charlie,1565,3,0,0
2024-11-01,control_albuquerque,control,Albuquerque,NM,,0,CONTROL — no known Kirk/TPUSA event,1068,185,36,34
2024-11-01,control_chattanooga,control,Chattanooga,TN,,0,CONTROL — no known Kirk/TPUSA event,1121,0,0,0
2024-11-01,control_des_moines,control,Des Moines,IA,,0,CONTROL — no known Kirk/TPUSA event,953,110,16,13
2024-11-01,control_shreveport,control,Shreveport,LA,,0,CONTROL — no known Kirk/TPUSA event,851,1,1,1
2024-11-01,control_spokane,control,Spokane,WA,,0,CONTROL — no known Kirk/TPUSA event,336,3,0,0
2024-11-01,control_syracuse,control,Syracuse,NY,,0,CONTROL — no known Kirk/TPUSA event,688,1,0,0
2024-12-19,20241219_phoenix,event,Phoenix,AZ,2024-12-19,0,Charlie,1514,703,108,91
2024-12-19,20241220_phoenix,event,Phoenix,AZ,2024-12-20,-1,Charlie,1514,703,108,91
2024-12-19,control_albuquerque,control,Albuquerque,NM,,0,CONTROL — no known Kirk/TPUSA event,658,83,13,13
2024-12-19,control_chattanooga,control,Chattanooga,TN,,0,CONTROL — no known Kirk/TPUSA event,660,0,0,0
2024-12-19,control_des_moines,control,Des Moines,IA,,0,CONTROL — no known Kirk/TPUSA event,442,0,0,0
2024-12-19,control_shreveport,control,Shreveport,LA,,0,CONTROL — no known Kirk/TPUSA event,594,1,0,0
2024-12-19,control_spokane,control,Spokane,WA,,0,CONTROL — no known Kirk/TPUSA event,214,0,0,0
2024-12-19,control_syracuse,control,Syracuse,NY,,0,CONTROL — no known Kirk/TPUSA event,455,0,0,0
2024-12-20,20241219_phoenix,event,Phoenix,AZ,2024-12-19,1,Charlie,2528,1305,208,188
2024-12-20,20241220_phoenix,event,Phoenix,AZ,2024-12-20,0,Charlie,2528,1305,208,188
2024-12-20,20241221_phoenix,event,Phoenix,AZ,2024-12-21,-1,Charlie,2528,1305,208,188
2024-12-20,control_albuquerque,control,Albuquerque,NM,,0,CONTROL — no known Kirk/TPUSA event,1155,147,20,18
2024-12-20,control_chattanooga,control,Chattanooga,TN,,0,CONTROL — no known Kirk/TPUSA event,1123,0,0,0
2024-12-20,control_des_moines,control,Des Moines,IA,,0,CONTROL — no known Kirk/TPUSA event,914,0,0,0
2024-12-20,control_shreveport,control,Shreveport,LA,,0,CONTROL — no known Kirk/TPUSA event,1027,0,0,0
2024-12-20,control_spokane,control,Spokane,WA,,0,CONTROL — no known Kirk/TPUSA event,365,0,0,0
2024-12-20,control_syracuse,control,Syracuse,NY,,0,CONTROL — no known Kirk/TPUSA event,717,0,0,0
2024-12-21,20241220_phoenix,event,Phoenix,AZ,2024-12-20,1,Charlie,2267,1218,167,149
2024-12-21,20241221_phoenix,event,Phoenix,AZ,2024-12-21,0,Charlie,2267,1218,167,149
2024-12-21,20241222_phoenix,event,Phoenix,AZ,2024-12-22,-1,Charlie,2267,1218,167,149
2024-12-21,control_albuquerque,control,Albuquerque,NM,,0,CONTROL — no known Kirk/TPUSA event,1035,152,19,16
2024-12-21,control_chattanooga,control,Chattanooga,TN,,0,CONTROL — no known Kirk/TPUSA event,1076,0,0,0
2024-12-21,control_des_moines,control,Des Moines,IA,,0,CONTROL — no known Kirk/TPUSA event,899,0,0,0
2024-12-21,control_shreveport,control,Shreveport,LA,,0,CONTROL — no known Kirk/TPUSA event,930,0,0,0
2024-12-21,control_spokane,control,Spokane,WA,,0,CONTROL — no known Kirk/TPUSA event,354,1,1,1
2024-12-21,control_syracuse,control,Syracuse,NY,,0,CONTROL — no known Kirk/TPUSA event,679,1,0,0
2024-12-22,20241221_phoenix,event,Phoenix,AZ,2024-12-21,1,Charlie,2131,1149,153,134
2024-12-22,20241222_phoenix,event,Phoenix,AZ,2024-12-22,0,Charlie,2131,1149,153,134
2024-12-22,control_albuquerque,control,Albuquerque,NM,,0,CONTROL — no known Kirk/TPUSA event,1010,134,10,10
2024-12-22,control_chattanooga,control,Chattanooga,TN,,0,CONTROL — no known Kirk/TPUSA event,1057,0,0,0
2024-12-22,control_des_moines,control,Des Moines,IA,,0,CONTROL — no known Kirk/TPUSA event,851,0,0,0
2024-12-22,control_shreveport,control,Shreveport,LA,,0,CONTROL — no known Kirk/TPUSA event,916,0,0,0
2024-12-22,control_spokane,control,Spokane,WA,,0,CONTROL — no known Kirk/TPUSA event,337,0,0,0
2024-12-22,control_syracuse,control,Syracuse,NY,,0,CONTROL — no known Kirk/TPUSA event,699,2,0,0
2024-12-23,20241222_phoenix,event,Phoenix,AZ,2024-12-22,1,Charlie,2188,1120,146,126
2024-12-23,control_albuquerque,control,Albuquerque,NM,,0,CONTROL — no known Kirk/TPUSA event,972,138,9,9
2024-12-23,control_chattanooga,control,Chattanooga,TN,,0,CONTROL — no known Kirk/TPUSA event,1083,0,0,0
2024-12-23,control_des_moines,control,Des Moines,IA,,0,CONTROL — no known Kirk/TPUSA event,830,0,0,0
2024-12-23,control_shreveport,control,Shreveport,LA,,0,CONTROL — no known Kirk/TPUSA event,811,1,1,1
2024-12-23,control_spokane,control,Spokane,WA,,0,CONTROL — no known Kirk/TPUSA event,329,0,0,0
2024-12-23,control_syracuse,control,Syracuse,NY,,0,CONTROL — no known Kirk/TPUSA event,667,1,0,0
2025-01-19,20250119_washington,event,Washington,DC,2025-01-19,0,Charlie,1885,736,140,97
2025-01-19,20250120_washington,event,Washington,DC,2025-01-20,-1,Charlie,1885,736,140,97
2025-01-19,control_albuquerque,control,Albuquerque,NM,,0,CONTROL — no known Kirk/TPUSA event,803,109,12,12
2025-01-19,control_chattanooga,control,Chattanooga,TN,,0,CONTROL — no known Kirk/TPUSA event,839,0,0,0
2025-01-19,control_des_moines,control,Des Moines,IA,,0,CONTROL — no known Kirk/TPUSA event,621,70,5,5
2025-01-19,control_shreveport,control,Shreveport,LA,,0,CONTROL — no known Kirk/TPUSA event,711,0,0,0
2025-01-19,control_spokane,control,Spokane,WA,,0,CONTROL — no known Kirk/TPUSA event,264,0,0,0
2025-01-19,control_syracuse,control,Syracuse,NY,,0,CONTROL — no known Kirk/TPUSA event,470,0,0,0
2025-01-20,20250119_washington,event,Washington,DC,2025-01-19,1,Charlie,2360,916,165,112
2025-01-20,20250120_washington,event,Washington,DC,2025-01-20,0,Charlie,2360,916,165,112
2025-01-20,control_albuquerque,control,Albuquerque,NM,,0,CONTROL — no known Kirk/TPUSA event,894,120,20,19
2025-01-20,control_chattanooga,control,Chattanooga,TN,,0,CONTROL — no known Kirk/TPUSA event,1203,0,0,0
2025-01-20,control_des_moines,control,Des Moines,IA,,0,CONTROL — no known Kirk/TPUSA event,667,79,9,9
2025-01-20,control_shreveport,control,Shreveport,LA,,0,CONTROL — no known Kirk/TPUSA event,778,0,0,0
2025-01-20,control_spokane,control,Spokane,WA,,0,CONTROL — no known Kirk/TPUSA event,293,0,0,0
2025-01-20,control_syracuse,control,Syracuse,NY,,0,CONTROL — no known Kirk/TPUSA event,585,0,0,0
2025-01-21,20250120_washington,event,Washington,DC,2025-01-20,1,Charlie,2835,1082,227,177
2025-01-21,control_albuquerque,control,Albuquerque,NM,,0,CONTROL — no known Kirk/TPUSA event,925,129,22,20
2025-01-21,control_chattanooga,control,Chattanooga,TN,,0,CONTROL — no known Kirk/TPUSA event,1078,1,0,0
2025-01-21,control_des_moines,control,Des Moines,IA,,0,CONTROL — no known Kirk/TPUSA event,780,100,14,13
2025-01-21,control_shreveport,control,Shreveport,LA,,0,CONTROL — no known Kirk/TPUSA event,592,0,0,0
2025-01-21,control_spokane,control,Spokane,WA,,0,CONTROL — no known Kirk/TPUSA event,317,0,0,0
2025-01-21,control_syracuse,control,Syracuse,NY,,0,CONTROL — no known Kirk/TPUSA event,619,0,0,0
2025-02-17,20250218_phoenix,event,Phoenix,AZ,2025-02-18,-1,Charlie,2624,1407,224,206
2025-02-17,control_albuquerque,control,Albuquerque,NM,,0,CONTROL — no known Kirk/TPUSA event,946,144,20,20
2025-02-17,control_chattanooga,control,Chattanooga,TN,,0,CONTROL — no known Kirk/TPUSA event,1160,1,0,0
2025-02-17,control_des_moines,control,Des Moines,IA,,0,CONTROL — no known Kirk/TPUSA event,811,81,10,9
2025-02-17,control_shreveport,control,Shreveport,LA,,0,CONTROL — no known Kirk/TPUSA event,946,0,0,0
2025-02-17,control_spokane,control,Spokane,WA,,0,CONTROL — no known Kirk/TPUSA event,321,1,1,1
2025-02-17,control_syracuse,control,Syracuse,NY,,0,CONTROL — no known Kirk/TPUSA event,574,3,0,0
2025-02-19,20250218_phoenix,event,Phoenix,AZ,2025-02-18,1,Charlie,1688,824,131,121
2025-02-19,20250219_phoenix,event,Phoenix,AZ,2025-02-19,0,Charlie,1688,824,131,121
2025-02-19,20250220_tampa,event,Tampa,FL,2025-02-20,-1,Charlie,1182,255,46,40
2025-02-19,control_albuquerque,control,Albuquerque,NM,,0,CONTROL — no known Kirk/TPUSA event,651,89,12,12
2025-02-19,control_chattanooga,control,Chattanooga,TN,,0,CONTROL — no known Kirk/TPUSA event,612,0,0,0
2025-02-19,control_des_moines,control,Des Moines,IA,,0,CONTROL — no known Kirk/TPUSA event,478,61,12,11
2025-02-19,control_shreveport,control,Shreveport,LA,,0,CONTROL — no known Kirk/TPUSA event,478,0,0,0
2025-02-19,control_spokane,control,Spokane,WA,,0,CONTROL — no known Kirk/TPUSA event,202,1,0,0
2025-02-19,control_syracuse,control,Syracuse,NY,,0,CONTROL — no known Kirk/TPUSA event,409,0,0,0
2025-02-20,20250219_phoenix,event,Phoenix,AZ,2025-02-19,1,Charlie,2989,1380,255,233
2025-02-20,20250220_tampa,event,Tampa,FL,2025-02-20,0,Charlie,2164,445,78,64
2025-02-20,control_albuquerque,control,Albuquerque,NM,,0,CONTROL — no known Kirk/TPUSA event,1019,144,26,24
2025-02-20,control_chattanooga,control,Chattanooga,TN,,0,CONTROL — no known Kirk/TPUSA event,1143,1,0,0
2025-02-20,control_des_moines,control,Des Moines,IA,,0,CONTROL — no known Kirk/TPUSA event,768,95,18,17
2025-02-20,control_shreveport,control,Shreveport,LA,,0,CONTROL — no known Kirk/TPUSA event,970,0,0,0
2025-02-20,control_spokane,control,Spokane,WA,,0,CONTROL — no known Kirk/TPUSA event,327,1,0,0
2025-02-20,control_syracuse,control,Syracuse,NY,,0,CONTROL — no known Kirk/TPUSA event,663,0,0,0
2025-02-21,20250220_tampa,event,Tampa,FL,2025-02-20,1,Charlie,2526,526,90,72
2025-02-21,control_albuquerque,control,Albuquerque,NM,,0,CONTROL — no known Kirk/TPUSA event,1136,173,28,26
2025-02-21,control_chattanooga,control,Chattanooga,TN,,0,CONTROL — no known Kirk/TPUSA event,1286,0,0,0
2025-02-21,control_des_moines,control,Des Moines,IA,,0,CONTROL — no known Kirk/TPUSA event,975,103,18,14
2025-02-21,control_shreveport,control,Shreveport,LA,,0,CONTROL — no known Kirk/TPUSA event,973,1,0,0
2025-02-21,control_spokane,control,Spokane,WA,,0,CONTROL — no known Kirk/TPUSA event,401,0,0,0
2025-02-21,control_syracuse,control,Syracuse,NY,,0,CONTROL — no known Kirk/TPUSA event,683,1,0,0
2025-02-26,20250227_gainesville,event,Gainesville,FL,2025-02-27,-1,Charlie,1886,22,9,9
2025-02-26,control_albuquerque,control,Albuquerque,NM,,0,CONTROL — no known Kirk/TPUSA event,1054,145,29,27
2025-02-26,control_chattanooga,control,Chattanooga,TN,,0,CONTROL — no known Kirk/TPUSA event,1205,0,0,0
2025-02-26,control_des_moines,control,Des Moines,IA,,0,CONTROL — no known Kirk/TPUSA event,830,97,20,16
2025-02-26,control_shreveport,control,Shreveport,LA,,0,CONTROL — no known Kirk/TPUSA event,880,2,0,0
2025-02-26,control_spokane,control,Spokane,WA,,0,CONTROL — no known Kirk/TPUSA event,363,0,0,0
2025-02-26,control_syracuse,control,Syracuse,NY,,0,CONTROL — no known Kirk/TPUSA event,640,0,0,0
2025-02-27,20250227_gainesville,event,Gainesville,FL,2025-02-27,0,Charlie,2010,25,3,3
2025-02-27,20250228_tallahassee,event,Tallahassee,FL,2025-02-28,-1,Charlie,1221,3,1,1
2025-02-27,control_albuquerque,control,Albuquerque,NM,,0,CONTROL — no known Kirk/TPUSA event,1059,147,30,28
2025-02-27,control_chattanooga,control,Chattanooga,TN,,0,CONTROL — no known Kirk/TPUSA event,1272,0,0,0
2025-02-27,control_des_moines,control,Des Moines,IA,,0,CONTROL — no known Kirk/TPUSA event,924,102,15,11
2025-02-27,control_shreveport,control,Shreveport,LA,,0,CONTROL — no known Kirk/TPUSA event,966,1,0,0
2025-02-27,control_spokane,control,Spokane,WA,,0,CONTROL — no known Kirk/TPUSA event,394,0,0,0
2025-02-27,control_syracuse,control,Syracuse,NY,,0,CONTROL — no known Kirk/TPUSA event,618,0,0,0
2025-02-28,20250227_gainesville,event,Gainesville,FL,2025-02-27,1,Charlie,104,1,1,1
2025-02-28,20250228_tallahassee,event,Tallahassee,FL,2025-02-28,0,Charlie,62,0,0,0
2025-02-28,control_albuquerque,control,Albuquerque,NM,,0,CONTROL — no known Kirk/TPUSA event,63,14,2,1
2025-02-28,control_chattanooga,control,Chattanooga,TN,,0,CONTROL — no known Kirk/TPUSA event,70,0,0,0
2025-02-28,control_des_moines,control,Des Moines,IA,,0,CONTROL — no known Kirk/TPUSA event,52,7,2,2
2025-02-28,control_shreveport,control,Shreveport,LA,,0,CONTROL — no known Kirk/TPUSA event,46,0,0,0
2025-02-28,control_spokane,control,Spokane,WA,,0,CONTROL — no known Kirk/TPUSA event,15,0,0,0
2025-02-28,control_syracuse,control,Syracuse,NY,,0,CONTROL — no known Kirk/TPUSA event,39,0,0,0
2025-03-01,20250228_tallahassee,event,Tallahassee,FL,2025-02-28,1,Charlie,1224,4,0,0
2025-03-01,control_albuquerque,control,Albuquerque,NM,,0,CONTROL — no known Kirk/TPUSA event,986,138,10,8
2025-03-01,control_chattanooga,control,Chattanooga,TN,,0,CONTROL — no known Kirk/TPUSA event,1157,0,0,0
2025-03-01,control_des_moines,control,Des Moines,IA,,0,CONTROL — no known Kirk/TPUSA event,860,89,10,8
2025-03-01,control_shreveport,control,Shreveport,LA,,0,CONTROL — no known Kirk/TPUSA event,879,1,0,0
2025-03-01,control_spokane,control,Spokane,WA,,0,CONTROL — no known Kirk/TPUSA event,361,0,0,0
2025-03-01,control_syracuse,control,Syracuse,NY,,0,CONTROL — no known Kirk/TPUSA event,580,0,0,0
2025-03-02,20250303_los_angeles,event,Los Angeles,CA,2025-03-03,-1,Charlie,2554,1351,254,108
2025-03-02,control_albuquerque,control,Albuquerque,NM,,0,CONTROL — no known Kirk/TPUSA event,834,104,2,2
2025-03-02,control_chattanooga,control,Chattanooga,TN,,0,CONTROL — no known Kirk/TPUSA event,1133,0,0,0
2025-03-02,control_des_moines,control,Des Moines,IA,,0,CONTROL — no known Kirk/TPUSA event,932,96,12,12
2025-03-02,control_shreveport,control,Shreveport,LA,,0,CONTROL — no known Kirk/TPUSA event,875,1,0,0
2025-03-02,control_spokane,control,Spokane,WA,,0,CONTROL — no known Kirk/TPUSA event,331,1,1,1
2025-03-02,control_syracuse,control,Syracuse,NY,,0,CONTROL — no known Kirk/TPUSA event,603,1,0,0
2025-03-03,20250303_los_angeles,event,Los Angeles,CA,2025-03-03,0,Charlie,3072,1529,306,156
2025-03-03,control_albuquerque,control,Albuquerque,NM,,0,CONTROL — no known Kirk/TPUSA event,857,102,14,14
2025-03-03,control_chattanooga,control,Chattanooga,TN,,0,CONTROL — no known Kirk/TPUSA event,1172,0,0,0
2025-03-03,control_des_moines,control,Des Moines,IA,,0,CONTROL — no known Kirk/TPUSA event,941,100,14,13
2025-03-03,control_shreveport,control,Shreveport,LA,,0,CONTROL — no known Kirk/TPUSA event,823,0,0,0
2025-03-03,control_spokane,control,Spokane,WA,,0,CONTROL — no known Kirk/TPUSA event,336,2,1,1
2025-03-03,control_syracuse,control,Syracuse,NY,,0,CONTROL — no known Kirk/TPUSA event,661,0,0,0
2025-03-04,20250303_los_angeles,event,Los Angeles,CA,2025-03-03,1,Charlie,3708,1726,355,204
2025-03-04,control_albuquerque,control,Albuquerque,NM,,0,CONTROL — no known Kirk/TPUSA event,811,102,9,8
2025-03-04,control_chattanooga,control,Chattanooga,TN,,0,CONTROL — no known Kirk/TPUSA event,1097,1,0,0
2025-03-04,control_des_moines,control,Des Moines,IA,,0,CONTROL — no known Kirk/TPUSA event,832,83,15,11
2025-03-04,control_shreveport,control,Shreveport,LA,,0,CONTROL — no known Kirk/TPUSA event,496,0,0,0
2025-03-04,control_spokane,control,Spokane,WA,,0,CONTROL — no known Kirk/TPUSA event,374,0,0,0
2025-03-04,control_syracuse,control,Syracuse,NY,,0,CONTROL — no known Kirk/TPUSA event,672,1,0,0
2025-03-12,20250313_knoxville,event,Knoxville,TN,2025-03-13,-1,Charlie,1320,3,0,0
2025-03-12,control_albuquerque,control,Albuquerque,NM,,0,CONTROL — no known Kirk/TPUSA event,1075,146,23,21
2025-03-12,control_chattanooga,control,Chattanooga,TN,,0,CONTROL — no known Kirk/TPUSA event,1254,0,0,0
2025-03-12,control_des_moines,control,Des Moines,IA,,0,CONTROL — no known Kirk/TPUSA event,1031,121,19,14
2025-03-12,control_shreveport,control,Shreveport,LA,,0,CONTROL — no known Kirk/TPUSA event,913,1,0,0
2025-03-12,control_spokane,control,Spokane,WA,,0,CONTROL — no known Kirk/TPUSA event,348,0,0,0
2025-03-12,control_syracuse,control,Syracuse,NY,,0,CONTROL — no known Kirk/TPUSA event,687,0,0,0
2025-03-13,20250313_knoxville,event,Knoxville,TN,2025-03-13,0,Charlie,1358,0,0,0
2025-03-13,control_albuquerque,control,Albuquerque,NM,,0,CONTROL — no known Kirk/TPUSA event,1062,152,27,25
2025-03-13,control_chattanooga,control,Chattanooga,TN,,0,CONTROL — no known Kirk/TPUSA event,1336,0,0,0
2025-03-13,control_des_moines,control,Des Moines,IA,,0,CONTROL — no known Kirk/TPUSA event,989,119,21,17
2025-03-13,control_shreveport,control,Shreveport,LA,,0,CONTROL — no known Kirk/TPUSA event,948,1,1,1
2025-03-13,control_spokane,control,Spokane,WA,,0,CONTROL — no known Kirk/TPUSA event,340,0,0,0
2025-03-13,control_syracuse,control,Syracuse,NY,,0,CONTROL — no known Kirk/TPUSA event,697,0,0,0
2025-03-14,20250313_knoxville,event,Knoxville,TN,2025-03-13,1,Charlie,1242,3,0,0
2025-03-14,control_albuquerque,control,Albuquerque,NM,,0,CONTROL — no known Kirk/TPUSA event,1030,110,14,12
2025-03-14,control_chattanooga,control,Chattanooga,TN,,0,CONTROL — no known Kirk/TPUSA event,1282,0,0,0
2025-03-14,control_des_moines,control,Des Moines,IA,,0,CONTROL — no known Kirk/TPUSA event,910,94,13,9
2025-03-14,control_shreveport,control,Shreveport,LA,,0,CONTROL — no known Kirk/TPUSA event,989,0,0,0
2025-03-14,control_spokane,control,Spokane,WA,,0,CONTROL — no known Kirk/TPUSA event,403,3,0,0
2025-03-14,control_syracuse,control,Syracuse,NY,,0,CONTROL — no known Kirk/TPUSA event,761,1,0,0
2025-03-17,20250318_gainesville,event,Gainesville,GA,2025-03-18,-1,Charlie,2154,121,27,27
2025-03-17,control_albuquerque,control,Albuquerque,NM,,0,CONTROL — no known Kirk/TPUSA event,1091,123,11,11
2025-03-17,control_chattanooga,control,Chattanooga,TN,,0,CONTROL — no known Kirk/TPUSA event,1293,0,0,0
2025-03-17,control_des_moines,control,Des Moines,IA,,0,CONTROL — no known Kirk/TPUSA event,881,79,9,9
2025-03-17,control_shreveport,control,Shreveport,LA,,0,CONTROL — no known Kirk/TPUSA event,980,4,1,1
2025-03-17,control_spokane,control,Spokane,WA,,0,CONTROL — no known Kirk/TPUSA event,342,4,1,1
2025-03-17,control_syracuse,control,Syracuse,NY,,0,CONTROL — no known Kirk/TPUSA event,720,1,1,1
2025-03-20,20250319_gainesville,event,Gainesville,GA,2025-03-19,1,Charlie,2021,124,29,29
2025-03-20,20250320_gainesville,event,Gainesville,GA,2025-03-20,0,Charlie,2021,124,29,29
2025-03-20,control_albuquerque,control,Albuquerque,NM,,0,CONTROL — no known Kirk/TPUSA event,1195,168,30,28
2025-03-20,control_chattanooga,control,Chattanooga,TN,,0,CONTROL — no known Kirk/TPUSA event,1270,0,0,0
2025-03-20,control_des_moines,control,Des Moines,IA,,0,CONTROL — no known Kirk/TPUSA event,922,3,1,1
2025-03-20,control_shreveport,control,Shreveport,LA,,0,CONTROL — no known Kirk/TPUSA event,995,0,0,0
2025-03-20,control_spokane,control,Spokane,WA,,0,CONTROL — no known Kirk/TPUSA event,355,0,0,0
2025-03-20,control_syracuse,control,Syracuse,NY,,0,CONTROL — no known Kirk/TPUSA event,685,1,0,0
2025-03-21,20250320_gainesville,event,Gainesville,GA,2025-03-20,1,Charlie,2426,174,35,35
2025-03-21,control_albuquerque,control,Albuquerque,NM,,0,CONTROL — no known Kirk/TPUSA event,1108,150,28,24
2025-03-21,control_chattanooga,control,Chattanooga,TN,,0,CONTROL — no known Kirk/TPUSA event,1402,1,0,0
2025-03-21,control_des_moines,control,Des Moines,IA,,0,CONTROL — no known Kirk/TPUSA event,955,1,0,0
2025-03-21,control_shreveport,control,Shreveport,LA,,0,CONTROL — no known Kirk/TPUSA event,1001,3,0,0
2025-03-21,control_spokane,control,Spokane,WA,,0,CONTROL — no known Kirk/TPUSA event,370,0,0,0
2025-03-21,control_syracuse,control,Syracuse,NY,,0,CONTROL — no known Kirk/TPUSA event,768,1,0,0
2025-04-07,20250408_normal,event,Normal,IL,2025-04-08,-1,Charlie,1047,6,1,1
2025-04-07,20250408_urbana,event,Urbana,IL,2025-04-08,-1,Charlie,1085,9,0,0
2025-04-07,control_albuquerque,control,Albuquerque,NM,,0,CONTROL — no known Kirk/TPUSA event,1018,130,17,17
2025-04-07,control_chattanooga,control,Chattanooga,TN,,0,CONTROL — no known Kirk/TPUSA event,1088,0,0,0
2025-04-07,control_des_moines,control,Des Moines,IA,,0,CONTROL — no known Kirk/TPUSA event,907,4,0,0
2025-04-07,control_shreveport,control,Shreveport,LA,,0,CONTROL — no known Kirk/TPUSA event,955,2,1,1
2025-04-07,control_spokane,control,Spokane,WA,,0,CONTROL — no known Kirk/TPUSA event,330,0,0,0
2025-04-07,control_syracuse,control,Syracuse,NY,,0,CONTROL — no known Kirk/TPUSA event,719,0,0,0
2025-04-08,20250408_normal,event,Normal,IL,2025-04-08,0,Charlie,498,3,1,0
2025-04-08,20250408_urbana,event,Urbana,IL,2025-04-08,0,Charlie,546,6,1,0
2025-04-08,control_albuquerque,control,Albuquerque,NM,,0,CONTROL — no known Kirk/TPUSA event,478,65,12,12
2025-04-08,control_chattanooga,control,Chattanooga,TN,,0,CONTROL — no known Kirk/TPUSA event,497,0,0,0
2025-04-08,control_des_moines,control,Des Moines,IA,,0,CONTROL — no known Kirk/TPUSA event,392,3,0,0
2025-04-08,control_shreveport,control,Shreveport,LA,,0,CONTROL — no known Kirk/TPUSA event,424,0,0,0
2025-04-08,control_spokane,control,Spokane,WA,,0,CONTROL — no known Kirk/TPUSA event,152,0,0,0
2025-04-08,control_syracuse,control,Syracuse,NY,,0,CONTROL — no known Kirk/TPUSA event,284,0,0,0
2025-04-09,20250408_normal,event,Normal,IL,2025-04-08,1,Charlie,1018,8,2,1
2025-04-09,20250408_urbana,event,Urbana,IL,2025-04-08,1,Charlie,1108,12,3,2
2025-04-09,20250410_west_lafayette,event,West Lafayette,IN,2025-04-10,-1,Charlie,1332,5,1,1
2025-04-09,control_albuquerque,control,Albuquerque,NM,,0,CONTROL — no known Kirk/TPUSA event,1150,158,31,29
2025-04-09,control_chattanooga,control,Chattanooga,TN,,0,CONTROL — no known Kirk/TPUSA event,1217,0,0,0
2025-04-09,control_des_moines,control,Des Moines,IA,,0,CONTROL — no known Kirk/TPUSA event,882,3,1,1
2025-04-09,control_shreveport,control,Shreveport,LA,,0,CONTROL — no known Kirk/TPUSA event,925,0,0,0
2025-04-09,control_spokane,control,Spokane,WA,,0,CONTROL — no known Kirk/TPUSA event,402,2,0,0
2025-04-09,control_syracuse,control,Syracuse,NY,,0,CONTROL — no known Kirk/TPUSA event,745,0,0,0
2025-04-10,20250410_west_lafayette,event,West Lafayette,IN,2025-04-10,0,Charlie,1490,7,0,0
2025-04-10,20250411_east_lansing,event,East Lansing,MI,2025-04-11,-1,Charlie,1074,1,1,1
2025-04-10,control_albuquerque,control,Albuquerque,NM,,0,CONTROL — no known Kirk/TPUSA event,1153,179,36,34
2025-04-10,control_chattanooga,control,Chattanooga,TN,,0,CONTROL — no known Kirk/TPUSA event,1271,0,0,0
2025-04-10,control_des_moines,control,Des Moines,IA,,0,CONTROL — no known Kirk/TPUSA event,956,4,0,0
2025-04-10,control_shreveport,control,Shreveport,LA,,0,CONTROL — no known Kirk/TPUSA event,972,1,0,0
2025-04-10,control_spokane,control,Spokane,WA,,0,CONTROL — no known Kirk/TPUSA event,400,0,0,0
2025-04-10,control_syracuse,control,Syracuse,NY,,0,CONTROL — no known Kirk/TPUSA event,705,0,0,0
2025-04-11,20250410_west_lafayette,event,West Lafayette,IN,2025-04-10,1,Charlie,1483,9,1,1
2025-04-11,20250411_east_lansing,event,East Lansing,MI,2025-04-11,0,Charlie,1342,16,2,2
2025-04-11,control_albuquerque,control,Albuquerque,NM,,0,CONTROL — no known Kirk/TPUSA event,1190,187,32,30
2025-04-11,control_chattanooga,control,Chattanooga,TN,,0,CONTROL — no known Kirk/TPUSA event,1172,1,1,1
2025-04-11,control_des_moines,control,Des Moines,IA,,0,CONTROL — no known Kirk/TPUSA event,986,2,0,0
2025-04-11,control_shreveport,control,Shreveport,LA,,0,CONTROL — no known Kirk/TPUSA event,966,2,0,0
2025-04-11,control_spokane,control,Spokane,WA,,0,CONTROL — no known Kirk/TPUSA event,418,1,0,0
2025-04-11,control_syracuse,control,Syracuse,NY,,0,CONTROL — no known Kirk/TPUSA event,686,0,0,0
2025-04-12,20250411_east_lansing,event,East Lansing,MI,2025-04-11,1,Charlie,1386,25,6,6
2025-04-12,control_albuquerque,control,Albuquerque,NM,,0,CONTROL — no known Kirk/TPUSA event,998,143,16,14
2025-04-12,control_chattanooga,control,Chattanooga,TN,,0,CONTROL — no known Kirk/TPUSA event,1214,0,0,0
2025-04-12,control_des_moines,control,Des Moines,IA,,0,CONTROL — no known Kirk/TPUSA event,763,5,1,1
2025-04-12,control_shreveport,control,Shreveport,LA,,0,CONTROL — no known Kirk/TPUSA event,832,1,0,0
2025-04-12,control_spokane,control,Spokane,WA,,0,CONTROL — no known Kirk/TPUSA event,331,0,0,0
2025-04-12,control_syracuse,control,Syracuse,NY,,0,CONTROL — no known Kirk/TPUSA event,640,0,0,0
2025-04-21,20250422_college_station,event,College Station,TX,2025-04-22,-1,Charlie,1285,3,1,1
2025-04-21,control_albuquerque,control,Albuquerque,NM,,0,CONTROL — no known Kirk/TPUSA event,1043,135,11,11
2025-04-21,control_chattanooga,control,Chattanooga,TN,,0,CONTROL — no known Kirk/TPUSA event,1311,111,15,14
2025-04-21,control_des_moines,control,Des Moines,IA,,0,CONTROL — no known Kirk/TPUSA event,933,7,0,0
2025-04-21,control_shreveport,control,Shreveport,LA,,0,CONTROL — no known Kirk/TPUSA event,890,0,0,0
2025-04-21,control_spokane,control,Spokane,WA,,0,CONTROL — no known Kirk/TPUSA event,395,83,13,13
2025-04-21,control_syracuse,control,Syracuse,NY,,0,CONTROL — no known Kirk/TPUSA event,702,0,0,0
2025-04-22,20250422_college_station,event,College Station,TX,2025-04-22,0,Charlie,1241,1,1,1
2025-04-22,control_albuquerque,control,Albuquerque,NM,,0,CONTROL — no known Kirk/TPUSA event,1173,166,23,21
2025-04-22,control_chattanooga,control,Chattanooga,TN,,0,CONTROL — no known Kirk/TPUSA event,1112,78,16,14
2025-04-22,control_des_moines,control,Des Moines,IA,,0,CONTROL — no known Kirk/TPUSA event,863,3,0,0
2025-04-22,control_shreveport,control,Shreveport,LA,,0,CONTROL — no known Kirk/TPUSA event,933,0,0,0
2025-04-22,control_spokane,control,Spokane,WA,,0,CONTROL — no known Kirk/TPUSA event,429,94,15,12
2025-04-22,control_syracuse,control,Syracuse,NY,,0,CONTROL — no known Kirk/TPUSA event,693,0,0,0
2025-04-23,20250422_college_station,event,College Station,TX,2025-04-22,1,Charlie,1005,3,1,1
2025-04-23,20250424_laramie,event,Laramie,WY,2025-04-24,-1,Charlie,495,2,0,0
2025-04-23,control_albuquerque,control,Albuquerque,NM,,0,CONTROL — no known Kirk/TPUSA event,1100,136,21,19
2025-04-23,control_chattanooga,control,Chattanooga,TN,,0,CONTROL — no known Kirk/TPUSA event,1167,86,21,19
2025-04-23,control_des_moines,control,Des Moines,IA,,0,CONTROL — no known Kirk/TPUSA event,880,3,2,2
2025-04-23,control_shreveport,control,Shreveport,LA,,0,CONTROL — no known Kirk/TPUSA event,587,0,0,0
2025-04-23,control_spokane,control,Spokane,WA,,0,CONTROL — no known Kirk/TPUSA event,424,83,15,12
2025-04-23,control_syracuse,control,Syracuse,NY,,0,CONTROL — no known Kirk/TPUSA event,749,1,0,0
2025-04-24,20250424_laramie,event,Laramie,WY,2025-04-24,0,Charlie,548,0,0,0
2025-04-24,control_albuquerque,control,Albuquerque,NM,,0,CONTROL — no known Kirk/TPUSA event,1231,160,25,22
2025-04-24,control_chattanooga,control,Chattanooga,TN,,0,CONTROL — no known Kirk/TPUSA event,1097,93,18,17
2025-04-24,control_des_moines,control,Des Moines,IA,,0,CONTROL — no known Kirk/TPUSA event,779,5,1,1
2025-04-24,control_shreveport,control,Shreveport,LA,,0,CONTROL — no known Kirk/TPUSA event,843,0,0,0
2025-04-24,control_spokane,control,Spokane,WA,,0,CONTROL — no known Kirk/TPUSA event,447,88,15,13
2025-04-24,control_syracuse,control,Syracuse,NY,,0,CONTROL — no known Kirk/TPUSA event,718,2,1,1
2025-04-25,20250424_laramie,event,Laramie,WY,2025-04-24,1,Charlie,612,0,0,0
2025-04-25,control_albuquerque,control,Albuquerque,NM,,0,CONTROL — no known Kirk/TPUSA event,1223,176,33,31
2025-04-25,control_chattanooga,control,Chattanooga,TN,,0,CONTROL — no known Kirk/TPUSA event,1156,104,18,16
2025-04-25,control_des_moines,control,Des Moines,IA,,0,CONTROL — no known Kirk/TPUSA event,818,1,0,0
2025-04-25,control_shreveport,control,Shreveport,LA,,0,CONTROL — no known Kirk/TPUSA event,895,0,0,0
2025-04-25,control_spokane,control,Spokane,WA,,0,CONTROL — no known Kirk/TPUSA event,457,85,12,10
2025-04-25,control_syracuse,control,Syracuse,NY,,0,CONTROL — no known Kirk/TPUSA event,730,0,0,0
2025-04-30,20250501_san_diego,event,San Diego,CA,2025-05-01,-1,Charlie,1589,576,126,105
2025-04-30,control_albuquerque,control,Albuquerque,NM,,0,CONTROL — no known Kirk/TPUSA event,809,130,22,20
2025-04-30,control_chattanooga,control,Chattanooga,TN,,0,CONTROL — no known Kirk/TPUSA event,1449,110,22,20
2025-04-30,control_des_moines,control,Des Moines,IA,,0,CONTROL — no known Kirk/TPUSA event,1011,2,1,1
2025-04-30,control_shreveport,control,Shreveport,LA,,0,CONTROL — no known Kirk/TPUSA event,788,0,0,0
2025-04-30,control_spokane,control,Spokane,WA,,0,CONTROL — no known Kirk/TPUSA event,449,84,12,9
2025-04-30,control_syracuse,control,Syracuse,NY,,0,CONTROL — no known Kirk/TPUSA event,700,1,0,0
2025-05-01,20250501_san_diego,event,San Diego,CA,2025-05-01,0,Charlie,1739,653,160,142
2025-05-01,control_albuquerque,control,Albuquerque,NM,,0,CONTROL — no known Kirk/TPUSA event,1106,143,26,24
2025-05-01,control_chattanooga,control,Chattanooga,TN,,0,CONTROL — no known Kirk/TPUSA event,1408,123,25,22
2025-05-01,control_des_moines,control,Des Moines,IA,,0,CONTROL — no known Kirk/TPUSA event,800,2,1,1
2025-05-01,control_shreveport,control,Shreveport,LA,,0,CONTROL — no known Kirk/TPUSA event,784,1,1,1
2025-05-01,control_spokane,control,Spokane,WA,,0,CONTROL — no known Kirk/TPUSA event,493,94,14,13
2025-05-01,control_syracuse,control,Syracuse,NY,,0,CONTROL — no known Kirk/TPUSA event,770,0,0,0
2025-05-02,20250501_san_diego,event,San Diego,CA,2025-05-01,1,Charlie,1724,655,145,128
2025-05-02,control_albuquerque,control,Albuquerque,NM,,0,CONTROL — no known Kirk/TPUSA event,926,128,19,17
2025-05-02,control_chattanooga,control,Chattanooga,TN,,0,CONTROL — no known Kirk/TPUSA event,1183,82,19,16
2025-05-02,control_des_moines,control,Des Moines,IA,,0,CONTROL — no known Kirk/TPUSA event,824,1,0,0
2025-05-02,control_shreveport,control,Shreveport,LA,,0,CONTROL — no known Kirk/TPUSA event,840,0,0,0
2025-05-02,control_spokane,control,Spokane,WA,,0,CONTROL — no known Kirk/TPUSA event,460,80,11,9
2025-05-02,control_syracuse,control,Syracuse,NY,,0,CONTROL — no known Kirk/TPUSA event,710,0,0,0
2025-05-05,20250506_san_francisco,event,San Francisco,CA,2025-05-06,-1,Charlie,1017,769,118,35
2025-05-05,control_albuquerque,control,Albuquerque,NM,,0,CONTROL — no known Kirk/TPUSA event,755,114,14,14
2025-05-05,control_chattanooga,control,Chattanooga,TN,,0,CONTROL — no known Kirk/TPUSA event,1250,100,17,16
2025-05-05,control_des_moines,control,Des Moines,IA,,0,CONTROL — no known Kirk/TPUSA event,920,3,0,0
2025-05-05,control_shreveport,control,Shreveport,LA,,0,CONTROL — no known Kirk/TPUSA event,938,2,1,1
2025-05-05,control_spokane,control,Spokane,WA,,0,CONTROL — no known Kirk/TPUSA event,432,80,7,6
2025-05-05,control_syracuse,control,Syracuse,NY,,0,CONTROL — no known Kirk/TPUSA event,725,0,0,0
2025-05-06,20250506_san_francisco,event,San Francisco,CA,2025-05-06,0,Charlie,991,759,133,30
2025-05-06,control_albuquerque,control,Albuquerque,NM,,0,CONTROL — no known Kirk/TPUSA event,830,128,20,17
2025-05-06,control_chattanooga,control,Chattanooga,TN,,0,CONTROL — no known Kirk/TPUSA event,1297,119,17,15
2025-05-06,control_des_moines,control,Des Moines,IA,,0,CONTROL — no known Kirk/TPUSA event,962,2,0,0
2025-05-06,control_shreveport,control,Shreveport,LA,,0,CONTROL — no known Kirk/TPUSA event,544,0,0,0
2025-05-06,control_spokane,control,Spokane,WA,,0,CONTROL — no known Kirk/TPUSA event,451,93,13,9
2025-05-06,control_syracuse,control,Syracuse,NY,,0,CONTROL — no known Kirk/TPUSA event,860,0,0,0
2025-05-07,20250506_san_francisco,event,San Francisco,CA,2025-05-06,1,Charlie,1008,753,145,39
2025-05-07,control_albuquerque,control,Albuquerque,NM,,0,CONTROL — no known Kirk/TPUSA event,1031,138,25,24
2025-05-07,control_chattanooga,control,Chattanooga,TN,,0,CONTROL — no known Kirk/TPUSA event,1205,109,18,16
2025-05-07,control_des_moines,control,Des Moines,IA,,0,CONTROL — no known Kirk/TPUSA event,1057,4,0,0
2025-05-07,control_shreveport,control,Shreveport,LA,,0,CONTROL — no known Kirk/TPUSA event,848,0,0,0
2025-05-07,control_spokane,control,Spokane,WA,,0,CONTROL — no known Kirk/TPUSA event,468,87,12,9
2025-05-07,control_syracuse,control,Syracuse,NY,,0,CONTROL — no known Kirk/TPUSA event,787,0,0,0
2025-06-12,20250613_grapevine,event,Grapevine,TX,2025-06-13,-1,Both,2429,1266,162,111
2025-06-12,control_albuquerque,control,Albuquerque,NM,,0,CONTROL — no known Kirk/TPUSA event,1098,153,25,23
2025-06-12,control_chattanooga,control,Chattanooga,TN,,0,CONTROL — no known Kirk/TPUSA event,1230,110,21,19
2025-06-12,control_des_moines,control,Des Moines,IA,,0,CONTROL — no known Kirk/TPUSA event,1091,1,1,1
2025-06-12,control_shreveport,control,Shreveport,LA,,0,CONTROL — no known Kirk/TPUSA event,561,0,0,0
2025-06-12,control_spokane,control,Spokane,WA,,0,CONTROL — no known Kirk/TPUSA event,574,109,17,15
2025-06-12,control_syracuse,control,Syracuse,NY,,0,CONTROL — no known Kirk/TPUSA event,916,1,0,0
2025-06-13,20250613_grapevine,event,Grapevine,TX,2025-06-13,0,Both,2842,1328,145,98
2025-06-13,20250614_grapevine,event,Grapevine,TX,2025-06-14,-1,Both,2842,1328,145,98
2025-06-13,control_albuquerque,control,Albuquerque,NM,,0,CONTROL — no known Kirk/TPUSA event,1072,155,23,21
2025-06-13,control_chattanooga,control,Chattanooga,TN,,0,CONTROL — no known Kirk/TPUSA event,1248,101,10,8
2025-06-13,control_des_moines,control,Des Moines,IA,,0,CONTROL — no known Kirk/TPUSA event,1081,1,0,0
2025-06-13,control_shreveport,control,Shreveport,LA,,0,CONTROL — no known Kirk/TPUSA event,931,0,0,0
2025-06-13,control_spokane,control,Spokane,WA,,0,CONTROL — no known Kirk/TPUSA event,567,105,10,8
2025-06-13,control_syracuse,control,Syracuse,NY,,0,CONTROL — no known Kirk/TPUSA event,934,0,0,0
2025-06-14,20250613_grapevine,event,Grapevine,TX,2025-06-13,1,Both,2555,1185,105,71
2025-06-14,20250614_grapevine,event,Grapevine,TX,2025-06-14,0,Both,2555,1185,105,71
2025-06-14,20250615_grapevine,event,Grapevine,TX,2025-06-15,-1,Both,2555,1185,105,71
2025-06-14,control_albuquerque,control,Albuquerque,NM,,0,CONTROL — no known Kirk/TPUSA event,911,140,15,12
2025-06-14,control_chattanooga,control,Chattanooga,TN,,0,CONTROL — no known Kirk/TPUSA event,1046,77,12,11
2025-06-14,control_des_moines,control,Des Moines,IA,,0,CONTROL — no known Kirk/TPUSA event,934,2,0,0
2025-06-14,control_shreveport,control,Shreveport,LA,,0,CONTROL — no known Kirk/TPUSA event,1000,0,0,0
2025-06-14,control_spokane,control,Spokane,WA,,0,CONTROL — no known Kirk/TPUSA event,553,100,10,8
2025-06-14,control_syracuse,control,Syracuse,NY,,0,CONTROL — no known Kirk/TPUSA event,791,0,0,0
2025-06-15,20250614_grapevine,event,Grapevine,TX,2025-06-14,1,Both,1881,1101,118,79
2025-06-15,20250615_grapevine,event,Grapevine,TX,2025-06-15,0,Both,1881,1101,118,79
2025-06-15,control_albuquerque,control,Albuquerque,NM,,0,CONTROL — no known Kirk/TPUSA event,872,115,10,9
2025-06-15,control_chattanooga,control,Chattanooga,TN,,0,CONTROL — no known Kirk/TPUSA event,1192,92,11,11
2025-06-15,control_des_moines,control,Des Moines,IA,,0,CONTROL — no known Kirk/TPUSA event,917,3,0,0
2025-06-15,control_shreveport,control,Shreveport,LA,,0,CONTROL — no known Kirk/TPUSA event,724,0,0,0
2025-06-15,control_spokane,control,Spokane,WA,,0,CONTROL — no known Kirk/TPUSA event,491,87,4,3
2025-06-15,control_syracuse,control,Syracuse,NY,,0,CONTROL — no known Kirk/TPUSA event,871,0,0,0
2025-06-16,20250615_grapevine,event,Grapevine,TX,2025-06-15,1,Both,2958,1364,149,117
2025-06-16,control_albuquerque,control,Albuquerque,NM,,0,CONTROL — no known Kirk/TPUSA event,965,135,18,18
2025-06-16,control_chattanooga,control,Chattanooga,TN,,0,CONTROL — no known Kirk/TPUSA event,1266,101,17,16
2025-06-16,control_des_moines,control,Des Moines,IA,,0,CONTROL — no known Kirk/TPUSA event,1124,1,0,0
2025-06-16,control_shreveport,control,Shreveport,LA,,0,CONTROL — no known Kirk/TPUSA event,905,0,0,0
2025-06-16,control_spokane,control,Spokane,WA,,0,CONTROL — no known Kirk/TPUSA event,509,92,10,9
2025-06-16,control_syracuse,control,Syracuse,NY,,0,CONTROL — no known Kirk/TPUSA event,914,0,0,0
2025-07-08,20250709_tampa,event,Tampa,FL,2025-07-09,-1,Charlie,12,1,0,0
2025-07-08,control_albuquerque,control,Albuquerque,NM,,0,CONTROL — no known Kirk/TPUSA event,4,0,0,0
2025-07-08,control_chattanooga,control,Chattanooga,TN,,0,CONTROL — no known Kirk/TPUSA event,10,0,0,0
2025-07-08,control_des_moines,control,Des Moines,IA,,0,CONTROL — no known Kirk/TPUSA event,4,0,0,0
2025-07-08,control_shreveport,control,Shreveport,LA,,0,CONTROL — no known Kirk/TPUSA event,8,0,0,0
2025-07-08,control_spokane,control,Spokane,WA,,0,CONTROL — no known Kirk/TPUSA event,5,2,0,0
2025-07-08,control_syracuse,control,Syracuse,NY,,0,CONTROL — no known Kirk/TPUSA event,1,0,0,0
2025-07-09,20250709_tampa,event,Tampa,FL,2025-07-09,0,Charlie,1764,466,67,47
2025-07-09,20250710_tampa,event,Tampa,FL,2025-07-10,-1,Charlie,1764,466,67,47
2025-07-09,control_albuquerque,control,Albuquerque,NM,,0,CONTROL — no known Kirk/TPUSA event,883,117,14,11
2025-07-09,control_chattanooga,control,Chattanooga,TN,,0,CONTROL — no known Kirk/TPUSA event,1174,2,1,1
2025-07-09,control_des_moines,control,Des Moines,IA,,0,CONTROL — no known Kirk/TPUSA event,999,2,0,0
2025-07-09,control_shreveport,control,Shreveport,LA,,0,CONTROL — no known Kirk/TPUSA event,830,1,1,1
2025-07-09,control_spokane,control,Spokane,WA,,0,CONTROL — no known Kirk/TPUSA event,555,103,15,12
2025-07-09,control_syracuse,control,Syracuse,NY,,0,CONTROL — no known Kirk/TPUSA event,970,1,0,0
2025-07-10,20250709_tampa,event,Tampa,FL,2025-07-09,1,Charlie,1987,539,89,70
2025-07-10,20250710_tampa,event,Tampa,FL,2025-07-10,0,Charlie,1987,539,89,70
2025-07-10,20250711_tampa,event,Tampa,FL,2025-07-11,-1,Charlie,1987,539,89,70
2025-07-10,control_albuquerque,control,Albuquerque,NM,,0,CONTROL — no known Kirk/TPUSA event,1108,119,19,17
2025-07-10,control_chattanooga,control,Chattanooga,TN,,0,CONTROL — no known Kirk/TPUSA event,1356,0,0,0
2025-07-10,control_des_moines,control,Des Moines,IA,,0,CONTROL — no known Kirk/TPUSA event,758,1,0,0
2025-07-10,control_shreveport,control,Shreveport,LA,,0,CONTROL — no known Kirk/TPUSA event,987,1,1,1
2025-07-10,control_spokane,control,Spokane,WA,,0,CONTROL — no known Kirk/TPUSA event,587,106,12,10
2025-07-10,control_syracuse,control,Syracuse,NY,,0,CONTROL — no known Kirk/TPUSA event,1057,2,0,0
2025-07-11,20250710_tampa,event,Tampa,FL,2025-07-10,1,Charlie,1983,543,83,63
2025-07-11,20250711_tampa,event,Tampa,FL,2025-07-11,0,Charlie,1983,543,83,63
2025-07-11,20250712_tampa,event,Tampa,FL,2025-07-12,-1,Charlie,1983,543,83,63
2025-07-11,control_albuquerque,control,Albuquerque,NM,,0,CONTROL — no known Kirk/TPUSA event,997,135,17,15
2025-07-11,control_chattanooga,control,Chattanooga,TN,,0,CONTROL — no known Kirk/TPUSA event,1277,0,0,0
2025-07-11,control_des_moines,control,Des Moines,IA,,0,CONTROL — no known Kirk/TPUSA event,513,0,0,0
2025-07-11,control_shreveport,control,Shreveport,LA,,0,CONTROL — no known Kirk/TPUSA event,891,1,1,1
2025-07-11,control_spokane,control,Spokane,WA,,0,CONTROL — no known Kirk/TPUSA event,646,101,10,8
2025-07-11,control_syracuse,control,Syracuse,NY,,0,CONTROL — no known Kirk/TPUSA event,1056,1,0,0
2025-07-12,20250711_tampa,event,Tampa,FL,2025-07-11,1,Charlie,1833,482,51,39
2025-07-12,20250712_tampa,event,Tampa,FL,2025-07-12,0,Charlie,1833,482,51,39
2025-07-12,20250713_tampa,event,Tampa,FL,2025-07-13,-1,Charlie,1833,482,51,39
2025-07-12,control_albuquerque,control,Albuquerque,NM,,0,CONTROL — no known Kirk/TPUSA event,922,131,17,14
2025-07-12,control_chattanooga,control,Chattanooga,TN,,0,CONTROL — no known Kirk/TPUSA event,1259,0,0,0
2025-07-12,control_des_moines,control,Des Moines,IA,,0,CONTROL — no known Kirk/TPUSA event,842,0,0,0
2025-07-12,control_shreveport,control,Shreveport,LA,,0,CONTROL — no known Kirk/TPUSA event,757,1,1,1
2025-07-12,control_spokane,control,Spokane,WA,,0,CONTROL — no known Kirk/TPUSA event,547,102,9,7
2025-07-12,control_syracuse,control,Syracuse,NY,,0,CONTROL — no known Kirk/TPUSA event,1091,0,0,0
2025-07-13,20250712_tampa,event,Tampa,FL,2025-07-12,1,Charlie,1858,477,60,48
2025-07-13,20250713_tampa,event,Tampa,FL,2025-07-13,0,Charlie,1858,477,60,48
2025-07-13,control_albuquerque,control,Albuquerque,NM,,0,CONTROL — no known Kirk/TPUSA event,796,104,9,9
2025-07-13,control_chattanooga,control,Chattanooga,TN,,0,CONTROL — no known Kirk/TPUSA event,1167,0,0,0
2025-07-13,control_des_moines,control,Des Moines,IA,,0,CONTROL — no known Kirk/TPUSA event,1076,5,1,1
2025-07-13,control_shreveport,control,Shreveport,LA,,0,CONTROL — no known Kirk/TPUSA event,742,1,1,1
2025-07-13,control_spokane,control,Spokane,WA,,0,CONTROL — no known Kirk/TPUSA event,523,89,4,4
2025-07-13,control_syracuse,control,Syracuse,NY,,0,CONTROL — no known Kirk/TPUSA event,932,0,0,0
2025-07-14,20250713_tampa,event,Tampa,FL,2025-07-13,1,Charlie,1460,492,56,40
2025-07-14,control_albuquerque,control,Albuquerque,NM,,0,CONTROL — no known Kirk/TPUSA event,1026,120,13,13
2025-07-14,control_chattanooga,control,Chattanooga,TN,,0,CONTROL — no known Kirk/TPUSA event,1200,0,0,0
2025-07-14,control_des_moines,control,Des Moines,IA,,0,CONTROL — no known Kirk/TPUSA event,995,0,0,0
2025-07-14,control_shreveport,control,Shreveport,LA,,0,CONTROL — no known Kirk/TPUSA event,775,0,0,0
2025-07-14,control_spokane,control,Spokane,WA,,0,CONTROL — no known Kirk/TPUSA event,596,104,9,7
2025-07-14,control_syracuse,control,Syracuse,NY,,0,CONTROL — no known Kirk/TPUSA event,1085,0,0,0
2025-08-05,20250806_rancho_palos_verdes,event,Rancho Palos Verdes,CA,2025-08-06,-1,Charlie,3332,1944,368,186
2025-08-05,control_albuquerque,control,Albuquerque,NM,,0,CONTROL — no known Kirk/TPUSA event,1008,150,24,22
2025-08-05,control_chattanooga,control,Chattanooga,TN,,0,CONTROL — no known Kirk/TPUSA event,1144,0,0,0
2025-08-05,control_des_moines,control,Des Moines,IA,,0,CONTROL — no known Kirk/TPUSA event,1034,0,0,0
2025-08-05,control_shreveport,control,Shreveport,LA,,0,CONTROL — no known Kirk/TPUSA event,921,0,0,0
2025-08-05,control_spokane,control,Spokane,WA,,0,CONTROL — no known Kirk/TPUSA event,554,106,16,14
2025-08-05,control_syracuse,control,Syracuse,NY,,0,CONTROL — no known Kirk/TPUSA event,873,0,0,0
2025-08-06,20250806_rancho_palos_verdes,event,Rancho Palos Verdes,CA,2025-08-06,0,Charlie,3539,1999,405,211
2025-08-06,20250807_rancho_palos_verdes,event,Rancho Palos Verdes,CA,2025-08-07,-1,Charlie,3539,1999,405,211
2025-08-06,control_albuquerque,control,Albuquerque,NM,,0,CONTROL — no known Kirk/TPUSA event,974,134,22,20
2025-08-06,control_chattanooga,control,Chattanooga,TN,,0,CONTROL — no known Kirk/TPUSA event,1137,1,0,0
2025-08-06,control_des_moines,control,Des Moines,IA,,0,CONTROL — no known Kirk/TPUSA event,836,2,1,1
2025-08-06,control_shreveport,control,Shreveport,LA,,0,CONTROL — no known Kirk/TPUSA event,869,2,1,1
2025-08-06,control_spokane,control,Spokane,WA,,0,CONTROL — no known Kirk/TPUSA event,551,108,16,13
2025-08-06,control_syracuse,control,Syracuse,NY,,0,CONTROL — no known Kirk/TPUSA event,890,0,0,0
2025-08-07,20250806_rancho_palos_verdes,event,Rancho Palos Verdes,CA,2025-08-06,1,Charlie,3632,2049,405,218
2025-08-07,20250807_rancho_palos_verdes,event,Rancho Palos Verdes,CA,2025-08-07,0,Charlie,3632,2049,405,218
2025-08-07,20250808_rancho_palos_verdes,event,Rancho Palos Verdes,CA,2025-08-08,-1,Charlie,3632,2049,405,218
2025-08-07,control_albuquerque,control,Albuquerque,NM,,0,CONTROL — no known Kirk/TPUSA event,994,125,21,19
2025-08-07,control_chattanooga,control,Chattanooga,TN,,0,CONTROL — no known Kirk/TPUSA event,1179,1,0,0
2025-08-07,control_des_moines,control,Des Moines,IA,,0,CONTROL — no known Kirk/TPUSA event,941,0,0,0
2025-08-07,control_shreveport,control,Shreveport,LA,,0,CONTROL — no known Kirk/TPUSA event,870,0,0,0
2025-08-07,control_spokane,control,Spokane,WA,,0,CONTROL — no known Kirk/TPUSA event,527,96,14,12
2025-08-07,control_syracuse,control,Syracuse,NY,,0,CONTROL — no known Kirk/TPUSA event,946,0,0,0
2025-08-09,20250808_rancho_palos_verdes,event,Rancho Palos Verdes,CA,2025-08-08,1,Charlie,3404,1949,370,194
2025-08-09,control_albuquerque,control,Albuquerque,NM,,0,CONTROL — no known Kirk/TPUSA event,1002,142,18,16
2025-08-09,control_chattanooga,control,Chattanooga,TN,,0,CONTROL — no known Kirk/TPUSA event,1038,2,0,0
2025-08-09,control_des_moines,control,Des Moines,IA,,0,CONTROL — no known Kirk/TPUSA event,693,1,0,0
2025-08-09,control_shreveport,control,Shreveport,LA,,0,CONTROL — no known Kirk/TPUSA event,799,1,1,1
2025-08-09,control_spokane,control,Spokane,WA,,0,CONTROL — no known Kirk/TPUSA event,576,101,7,5
2025-08-09,control_syracuse,control,Syracuse,NY,,0,CONTROL — no known Kirk/TPUSA event,820,0,0,0
2025-08-19,20250820_dallas,event,Dallas,TX,2025-08-20,-1,Charlie,176,87,8,5
2025-08-19,control_albuquerque,control,Albuquerque,NM,,0,CONTROL — no known Kirk/TPUSA event,55,7,1,1
2025-08-19,control_chattanooga,control,Chattanooga,TN,,0,CONTROL — no known Kirk/TPUSA event,67,1,0,0
2025-08-19,control_des_moines,control,Des Moines,IA,,0,CONTROL — no known Kirk/TPUSA event,47,0,0,0
2025-08-19,control_shreveport,control,Shreveport,LA,,0,CONTROL — no known Kirk/TPUSA event,60,0,0,0
2025-08-19,control_spokane,control,Spokane,WA,,0,CONTROL — no known Kirk/TPUSA event,35,4,0,0
2025-08-19,control_syracuse,control,Syracuse,NY,,0,CONTROL — no known Kirk/TPUSA event,47,0,0,0
2025-08-20,20250820_dallas,event,Dallas,TX,2025-08-20,0,Charlie,2454,1324,204,145
2025-08-20,20250821_dallas,event,Dallas,TX,2025-08-21,-1,Charlie,2454,1324,204,145
2025-08-20,20250821_north_myrtle_beach,event,North Myrtle Beach,SC,2025-08-21,-1,Charlie,905,0,0,0
2025-08-20,control_albuquerque,control,Albuquerque,NM,,0,CONTROL — no known Kirk/TPUSA event,896,125,24,22
2025-08-20,control_chattanooga,control,Chattanooga,TN,,0,CONTROL — no known Kirk/TPUSA event,1029,0,0,0
2025-08-20,control_des_moines,control,Des Moines,IA,,0,CONTROL — no known Kirk/TPUSA event,987,2,1,1
2025-08-20,control_shreveport,control,Shreveport,LA,,0,CONTROL — no known Kirk/TPUSA event,820,0,0,0
2025-08-20,control_spokane,control,Spokane,WA,,0,CONTROL — no known Kirk/TPUSA event,553,102,13,10
2025-08-20,control_syracuse,control,Syracuse,NY,,0,CONTROL — no known Kirk/TPUSA event,775,0,0,0
2025-08-21,20250820_dallas,event,Dallas,TX,2025-08-20,1,Charlie,3245,1514,216,163
2025-08-21,20250821_dallas,event,Dallas,TX,2025-08-21,0,Charlie,3245,1514,216,163
2025-08-21,20250821_north_myrtle_beach,event,North Myrtle Beach,SC,2025-08-21,0,Charlie,985,2,1,1
2025-08-21,20250822_dallas,event,Dallas,TX,2025-08-22,-1,Charlie,3245,1514,216,163
2025-08-21,control_albuquerque,control,Albuquerque,NM,,0,CONTROL — no known Kirk/TPUSA event,955,158,19,17
2025-08-21,control_chattanooga,control,Chattanooga,TN,,0,CONTROL — no known Kirk/TPUSA event,1212,0,0,0
2025-08-21,control_des_moines,control,Des Moines,IA,,0,CONTROL — no known Kirk/TPUSA event,1074,2,1,1
2025-08-21,control_shreveport,control,Shreveport,LA,,0,CONTROL — no known Kirk/TPUSA event,828,0,0,0
2025-08-21,control_spokane,control,Spokane,WA,,0,CONTROL — no known Kirk/TPUSA event,617,102,11,9
2025-08-21,control_syracuse,control,Syracuse,NY,,0,CONTROL — no known Kirk/TPUSA event,932,23,2,2
2025-08-22,20250821_dallas,event,Dallas,TX,2025-08-21,1,Charlie,3190,1440,200,146
2025-08-22,20250821_north_myrtle_beach,event,North Myrtle Beach,SC,2025-08-21,1,Charlie,956,0,0,0
2025-08-22,20250822_dallas,event,Dallas,TX,2025-08-22,0,Charlie,3190,1440,200,146
2025-08-22,control_albuquerque,control,Albuquerque,NM,,0,CONTROL — no known Kirk/TPUSA event,993,172,31,29
2025-08-22,control_chattanooga,control,Chattanooga,TN,,0,CONTROL — no known Kirk/TPUSA event,1171,0,0,0
2025-08-22,control_des_moines,control,Des Moines,IA,,0,CONTROL — no known Kirk/TPUSA event,1077,0,0,0
2025-08-22,control_shreveport,control,Shreveport,LA,,0,CONTROL — no known Kirk/TPUSA event,926,3,2,1
2025-08-22,control_spokane,control,Spokane,WA,,0,CONTROL — no known Kirk/TPUSA event,562,98,12,8
2025-08-22,control_syracuse,control,Syracuse,NY,,0,CONTROL — no known Kirk/TPUSA event,1025,91,10,6
2025-08-23,20250822_dallas,event,Dallas,TX,2025-08-22,1,Charlie,2996,1272,126,89
2025-08-23,control_albuquerque,control,Albuquerque,NM,,0,CONTROL — no known Kirk/TPUSA event,1013,128,11,9
2025-08-23,control_chattanooga,control,Chattanooga,TN,,0,CONTROL — no known Kirk/TPUSA event,933,2,0,0
2025-08-23,control_des_moines,control,Des Moines,IA,,0,CONTROL — no known Kirk/TPUSA event,809,0,0,0
2025-08-23,control_shreveport,control,Shreveport,LA,,0,CONTROL — no known Kirk/TPUSA event,787,1,0,0
2025-08-23,control_spokane,control,Spokane,WA,,0,CONTROL — no known Kirk/TPUSA event,538,88,4,2
2025-08-23,control_syracuse,control,Syracuse,NY,,0,CONTROL — no known Kirk/TPUSA event,829,72,5,3
2025-09-09,20250910_orem,event,Orem,UT,2025-09-10,-1,Charlie,1279,500,59,51
2025-09-09,control_albuquerque,control,Albuquerque,NM,,0,CONTROL — no known Kirk/TPUSA event,1064,152,29,26
2025-09-09,control_chattanooga,control,Chattanooga,TN,,0,CONTROL — no known Kirk/TPUSA event,1138,2,0,0
2025-09-09,control_des_moines,control,Des Moines,IA,,0,CONTROL — no known Kirk/TPUSA event,1030,2,0,0
2025-09-09,control_shreveport,control,Shreveport,LA,,0,CONTROL — no known Kirk/TPUSA event,861,0,0,0
2025-09-09,control_spokane,control,Spokane,WA,,0,CONTROL — no known Kirk/TPUSA event,561,94,11,8
2025-09-09,control_syracuse,control,Syracuse,NY,,0,CONTROL — no known Kirk/TPUSA event,846,36,4,1
2025-09-10,20250910_orem,event,Orem,UT,2025-09-10,0,Charlie,1113,482,70,63
2025-09-10,20250911_woodland_park,event,Woodland Park,CO,2025-09-11,-1,Charlie,1270,222,71,68
2025-09-10,control_albuquerque,control,Albuquerque,NM,,0,CONTROL — no known Kirk/TPUSA event,863,144,28,26
2025-09-10,control_chattanooga,control,Chattanooga,TN,,0,CONTROL — no known Kirk/TPUSA event,1224,6,0,0
2025-09-10,control_des_moines,control,Des Moines,IA,,0,CONTROL — no known Kirk/TPUSA event,1058,2,2,2
2025-09-10,control_shreveport,control,Shreveport,LA,,0,CONTROL — no known Kirk/TPUSA event,885,0,0,0
2025-09-10,control_spokane,control,Spokane,WA,,0,CONTROL — no known Kirk/TPUSA event,541,91,13,10
2025-09-10,control_syracuse,control,Syracuse,NY,,0,CONTROL — no known Kirk/TPUSA event,883,30,5,1
2025-09-11,20250910_orem,event,Orem,UT,2025-09-10,1,Charlie,1126,502,62,52
2025-09-11,20250911_woodland_park,event,Woodland Park,CO,2025-09-11,0,Charlie,1287,221,69,66
2025-09-11,control_albuquerque,control,Albuquerque,NM,,0,CONTROL — no known Kirk/TPUSA event,1130,189,35,33
2025-09-11,control_chattanooga,control,Chattanooga,TN,,0,CONTROL — no known Kirk/TPUSA event,1287,4,0,0
2025-09-11,control_des_moines,control,Des Moines,IA,,0,CONTROL — no known Kirk/TPUSA event,1059,1,0,0
2025-09-11,control_shreveport,control,Shreveport,LA,,0,CONTROL — no known Kirk/TPUSA event,869,0,0,0
2025-09-11,control_spokane,control,Spokane,WA,,0,CONTROL — no known Kirk/TPUSA event,563,101,12,10
2025-09-11,control_syracuse,control,Syracuse,NY,,0,CONTROL — no known Kirk/TPUSA event,935,1,0,0
2025-09-12,20250911_woodland_park,event,Woodland Park,CO,2025-09-11,1,Charlie,1272,252,67,65
2025-09-12,control_albuquerque,control,Albuquerque,NM,,0,CONTROL — no known Kirk/TPUSA event,1153,212,34,32
2025-09-12,control_chattanooga,control,Chattanooga,TN,,0,CONTROL — no known Kirk/TPUSA event,1348,2,0,0
2025-09-12,control_des_moines,control,Des Moines,IA,,0,CONTROL — no known Kirk/TPUSA event,993,5,1,1
2025-09-12,control_shreveport,control,Shreveport,LA,,0,CONTROL — no known Kirk/TPUSA event,870,0,0,0
2025-09-12,control_spokane,control,Spokane,WA,,0,CONTROL — no known Kirk/TPUSA event,550,106,15,13
2025-09-12,control_syracuse,control,Syracuse,NY,,0,CONTROL — no known Kirk/TPUSA event,953,0,0,0
2025-09-17,20250918_fort_collins,event,Fort Collins,CO,2025-09-18,-1,Charlie,1286,540,71,69
2025-09-17,control_albuquerque,control,Albuquerque,NM,,0,CONTROL — no known Kirk/TPUSA event,1089,195,40,38
2025-09-17,control_chattanooga,control,Chattanooga,TN,,0,CONTROL — no known Kirk/TPUSA event,1157,2,0,0
2025-09-17,control_des_moines,control,Des Moines,IA,,0,CONTROL — no known Kirk/TPUSA event,546,3,0,0
2025-09-17,control_shreveport,control,Shreveport,LA,,0,CONTROL — no known Kirk/TPUSA event,874,0,0,0
2025-09-17,control_spokane,control,Spokane,WA,,0,CONTROL — no known Kirk/TPUSA event,553,88,10,8
2025-09-17,control_syracuse,control,Syracuse,NY,,0,CONTROL — no known Kirk/TPUSA event,911,0,0,0
2025-09-20,20250919_murfreesboro,event,Murfreesboro,TN,2025-09-19,1,Charlie,1428,253,20,16
2025-09-20,20250920_murfreesboro,event,Murfreesboro,TN,2025-09-20,0,Charlie,1428,253,20,16
2025-09-20,20250921_glendale,event,Glendale,AZ,2025-09-21,-1,Erika,2210,997,105,91
2025-09-20,control_albuquerque,control,Albuquerque,NM,,0,CONTROL — no known Kirk/TPUSA event,848,187,20,18
2025-09-20,control_chattanooga,control,Chattanooga,TN,,0,CONTROL — no known Kirk/TPUSA event,1084,4,0,0
2025-09-20,control_des_moines,control,Des Moines,IA,,0,CONTROL — no known Kirk/TPUSA event,819,2,0,0
2025-09-20,control_shreveport,control,Shreveport,LA,,0,CONTROL — no known Kirk/TPUSA event,742,0,0,0
2025-09-20,control_spokane,control,Spokane,WA,,0,CONTROL — no known Kirk/TPUSA event,529,98,10,8
2025-09-20,control_syracuse,control,Syracuse,NY,,0,CONTROL — no known Kirk/TPUSA event,746,1,0,0
2025-09-21,20250920_murfreesboro,event,Murfreesboro,TN,2025-09-20,1,Charlie,1530,256,36,28
2025-09-21,20250921_glendale,event,Glendale,AZ,2025-09-21,0,Erika,1629,861,126,110
2025-09-21,20250922_minneapolis,event,Minneapolis,MN,2025-09-22,-1,TPUSA,1076,563,59,44
2025-09-21,control_albuquerque,control,Albuquerque,NM,,0,CONTROL — no known Kirk/TPUSA event,841,181,16,16
2025-09-21,control_chattanooga,control,Chattanooga,TN,,0,CONTROL — no known Kirk/TPUSA event,1156,2,2,2
2025-09-21,control_des_moines,control,Des Moines,IA,,0,CONTROL — no known Kirk/TPUSA event,1026,2,0,0
2025-09-21,control_shreveport,control,Shreveport,LA,,0,CONTROL — no known Kirk/TPUSA event,912,0,0,0
2025-09-21,control_spokane,control,Spokane,WA,,0,CONTROL — no known Kirk/TPUSA event,478,80,5,5
2025-09-21,control_syracuse,control,Syracuse,NY,,0,CONTROL — no known Kirk/TPUSA event,880,0,0,0
2025-09-22,20250921_glendale,event,Glendale,AZ,2025-09-21,1,Erika,2045,1067,131,115
2025-09-22,20250922_minneapolis,event,Minneapolis,MN,2025-09-22,0,TPUSA,938,536,56,46
2025-09-22,control_albuquerque,control,Albuquerque,NM,,0,CONTROL — no known Kirk/TPUSA event,879,186,24,24
2025-09-22,control_chattanooga,control,Chattanooga,TN,,0,CONTROL — no known Kirk/TPUSA event,1234,1,0,0
2025-09-22,control_des_moines,control,Des Moines,IA,,0,CONTROL — no known Kirk/TPUSA event,1077,1,0,0
2025-09-22,control_shreveport,control,Shreveport,LA,,0,CONTROL — no known Kirk/TPUSA event,862,0,0,0
2025-09-22,control_spokane,control,Spokane,WA,,0,CONTROL — no known Kirk/TPUSA event,527,100,13,10
2025-09-22,control_syracuse,control,Syracuse,NY,,0,CONTROL — no known Kirk/TPUSA event,766,0,0,0
2025-09-23,20250922_minneapolis,event,Minneapolis,MN,2025-09-22,1,TPUSA,1198,565,83,65
2025-09-23,20250924_blacksburg,event,Blacksburg,VA,2025-09-24,-1,TPUSA,1234,51,10,8
2025-09-23,control_albuquerque,control,Albuquerque,NM,,0,CONTROL — no known Kirk/TPUSA event,929,200,26,24
2025-09-23,control_chattanooga,control,Chattanooga,TN,,0,CONTROL — no known Kirk/TPUSA event,1119,1,0,0
2025-09-23,control_des_moines,control,Des Moines,IA,,0,CONTROL — no known Kirk/TPUSA event,853,2,1,1
2025-09-23,control_shreveport,control,Shreveport,LA,,0,CONTROL — no known Kirk/TPUSA event,946,0,0,0
2025-09-23,control_spokane,control,Spokane,WA,,0,CONTROL — no known Kirk/TPUSA event,511,97,13,9
2025-09-23,control_syracuse,control,Syracuse,NY,,0,CONTROL — no known Kirk/TPUSA event,831,0,0,0
2025-09-24,20250924_blacksburg,event,Blacksburg,VA,2025-09-24,0,TPUSA,1044,36,10,8
2025-09-24,20250925_hanover,event,Hanover,NH,2025-09-25,-1,Charlie,462,0,0,0
2025-09-24,control_albuquerque,control,Albuquerque,NM,,0,CONTROL — no known Kirk/TPUSA event,843,202,38,35
2025-09-24,control_chattanooga,control,Chattanooga,TN,,0,CONTROL — no known Kirk/TPUSA event,1118,2,0,0
2025-09-24,control_des_moines,control,Des Moines,IA,,0,CONTROL — no known Kirk/TPUSA event,1022,1,0,0
2025-09-24,control_shreveport,control,Shreveport,LA,,0,CONTROL — no known Kirk/TPUSA event,535,0,0,0
2025-09-24,control_spokane,control,Spokane,WA,,0,CONTROL — no known Kirk/TPUSA event,545,92,12,9
2025-09-24,control_syracuse,control,Syracuse,NY,,0,CONTROL — no known Kirk/TPUSA event,811,0,0,0
2025-09-25,20250924_blacksburg,event,Blacksburg,VA,2025-09-24,1,TPUSA,1221,36,5,4
2025-09-25,20250925_hanover,event,Hanover,NH,2025-09-25,0,Charlie,449,0,0,0
2025-09-25,control_albuquerque,control,Albuquerque,NM,,0,CONTROL — no known Kirk/TPUSA event,990,222,34,31
2025-09-25,control_chattanooga,control,Chattanooga,TN,,0,CONTROL — no known Kirk/TPUSA event,1109,0,0,0
2025-09-25,control_des_moines,control,Des Moines,IA,,0,CONTROL — no known Kirk/TPUSA event,1078,5,2,2
2025-09-25,control_shreveport,control,Shreveport,LA,,0,CONTROL — no known Kirk/TPUSA event,998,1,0,0
2025-09-25,control_spokane,control,Spokane,WA,,0,CONTROL — no known Kirk/TPUSA event,539,111,18,15
2025-09-25,control_syracuse,control,Syracuse,NY,,0,CONTROL — no known Kirk/TPUSA event,862,0,0,0
2025-09-26,20250925_hanover,event,Hanover,NH,2025-09-25,1,Charlie,521,0,0,0
2025-09-26,control_albuquerque,control,Albuquerque,NM,,0,CONTROL — no known Kirk/TPUSA event,944,222,37,35
2025-09-26,control_chattanooga,control,Chattanooga,TN,,0,CONTROL — no known Kirk/TPUSA event,1273,0,0,0
2025-09-26,control_des_moines,control,Des Moines,IA,,0,CONTROL — no known Kirk/TPUSA event,1147,4,0,0
2025-09-26,control_shreveport,control,Shreveport,LA,,0,CONTROL — no known Kirk/TPUSA event,1003,0,0,0
2025-09-26,control_spokane,control,Spokane,WA,,0,CONTROL — no known Kirk/TPUSA event,563,107,15,13
2025-09-26,control_syracuse,control,Syracuse,NY,,0,CONTROL — no known Kirk/TPUSA event,1007,0,0,0
2025-09-29,20250930_logan,event,Logan,UT,2025-09-30,-1,TPUSA,629,120,19,19
2025-09-29,control_albuquerque,control,Albuquerque,NM,,0,CONTROL — no known Kirk/TPUSA event,953,177,25,25
2025-09-29,control_chattanooga,control,Chattanooga,TN,,0,CONTROL — no known Kirk/TPUSA event,1170,2,1,1
2025-09-29,control_des_moines,control,Des Moines,IA,,0,CONTROL — no known Kirk/TPUSA event,1055,2,0,0
2025-09-29,control_shreveport,control,Shreveport,LA,,0,CONTROL — no known Kirk/TPUSA event,860,1,1,1
2025-09-29,control_spokane,control,Spokane,WA,,0,CONTROL — no known Kirk/TPUSA event,512,93,9,7
2025-09-29,control_syracuse,control,Syracuse,NY,,0,CONTROL — no known Kirk/TPUSA event,947,75,8,5
2025-09-30,20250930_logan,event,Logan,UT,2025-09-30,0,TPUSA,594,94,19,19
2025-09-30,control_albuquerque,control,Albuquerque,NM,,0,CONTROL — no known Kirk/TPUSA event,991,205,31,29
2025-09-30,control_chattanooga,control,Chattanooga,TN,,0,CONTROL — no known Kirk/TPUSA event,1103,2,0,0
2025-09-30,control_des_moines,control,Des Moines,IA,,0,CONTROL — no known Kirk/TPUSA event,1059,6,0,0
2025-09-30,control_shreveport,control,Shreveport,LA,,0,CONTROL — no known Kirk/TPUSA event,841,0,0,0
2025-09-30,control_spokane,control,Spokane,WA,,0,CONTROL — no known Kirk/TPUSA event,482,91,14,11
2025-09-30,control_syracuse,control,Syracuse,NY,,0,CONTROL — no known Kirk/TPUSA event,837,84,8,6
2025-10-01,20250930_logan,event,Logan,UT,2025-09-30,1,TPUSA,733,144,30,30
2025-10-01,control_albuquerque,control,Albuquerque,NM,,0,CONTROL — no known Kirk/TPUSA event,982,207,40,38
2025-10-01,control_chattanooga,control,Chattanooga,TN,,0,CONTROL — no known Kirk/TPUSA event,1187,2,0,0
2025-10-01,control_des_moines,control,Des Moines,IA,,0,CONTROL — no known Kirk/TPUSA event,892,7,1,1
2025-10-01,control_shreveport,control,Shreveport,LA,,0,CONTROL — no known Kirk/TPUSA event,849,0,0,0
2025-10-01,control_spokane,control,Spokane,WA,,0,CONTROL — no known Kirk/TPUSA event,479,89,14,11
2025-10-01,control_syracuse,control,Syracuse,NY,,0,CONTROL — no known Kirk/TPUSA event,829,90,9,6
2025-10-06,20251007_bozeman,event,Bozeman,MT,2025-10-07,-1,TPUSA,316,92,11,11
2025-10-06,control_albuquerque,control,Albuquerque,NM,,0,CONTROL — no known Kirk/TPUSA event,1130,204,35,33
2025-10-06,control_chattanooga,control,Chattanooga,TN,,0,CONTROL — no known Kirk/TPUSA event,1228,1,0,0
2025-10-06,control_des_moines,control,Des Moines,IA,,0,CONTROL — no known Kirk/TPUSA event,710,3,1,1
2025-10-06,control_shreveport,control,Shreveport,LA,,0,CONTROL — no known Kirk/TPUSA event,888,0,0,0
2025-10-06,control_spokane,control,Spokane,WA,,0,CONTROL — no known Kirk/TPUSA event,526,100,11,9
2025-10-06,control_syracuse,control,Syracuse,NY,,0,CONTROL — no known Kirk/TPUSA event,951,80,7,6
2025-10-07,20251007_bozeman,event,Bozeman,MT,2025-10-07,0,TPUSA,319,101,14,14
2025-10-07,control_albuquerque,control,Albuquerque,NM,,0,CONTROL — no known Kirk/TPUSA event,947,203,37,35
2025-10-07,control_chattanooga,control,Chattanooga,TN,,0,CONTROL — no known Kirk/TPUSA event,1154,3,1,1
2025-10-07,control_des_moines,control,Des Moines,IA,,0,CONTROL — no known Kirk/TPUSA event,977,6,1,1
2025-10-07,control_shreveport,control,Shreveport,LA,,0,CONTROL — no known Kirk/TPUSA event,926,0,0,0
2025-10-07,control_spokane,control,Spokane,WA,,0,CONTROL — no known Kirk/TPUSA event,492,96,13,11
2025-10-07,control_syracuse,control,Syracuse,NY,,0,CONTROL — no known Kirk/TPUSA event,798,81,8,4
2025-10-08,20251007_bozeman,event,Bozeman,MT,2025-10-07,1,TPUSA,318,100,12,12
2025-10-08,20251009_grand_forks,event,Grand Forks,ND,2025-10-09,-1,TPUSA,241,46,0,0
2025-10-08,control_albuquerque,control,Albuquerque,NM,,0,CONTROL — no known Kirk/TPUSA event,849,206,38,36
2025-10-08,control_chattanooga,control,Chattanooga,TN,,0,CONTROL — no known Kirk/TPUSA event,1160,5,2,2
2025-10-08,control_des_moines,control,Des Moines,IA,,0,CONTROL — no known Kirk/TPUSA event,1041,4,1,0
2025-10-08,control_shreveport,control,Shreveport,LA,,0,CONTROL — no known Kirk/TPUSA event,925,0,0,0
2025-10-08,control_spokane,control,Spokane,WA,,0,CONTROL — no known Kirk/TPUSA event,519,93,11,8
2025-10-08,control_syracuse,control,Syracuse,NY,,0,CONTROL — no known Kirk/TPUSA event,834,73,8,4
2025-10-09,20251009_grand_forks,event,Grand Forks,ND,2025-10-09,0,TPUSA,246,33,0,0
2025-10-09,control_albuquerque,control,Albuquerque,NM,,0,CONTROL — no known Kirk/TPUSA event,1056,225,51,49
2025-10-09,control_chattanooga,control,Chattanooga,TN,,0,CONTROL — no known Kirk/TPUSA event,1406,3,0,0
2025-10-09,control_des_moines,control,Des Moines,IA,,0,CONTROL — no known Kirk/TPUSA event,1075,5,1,1
2025-10-09,control_shreveport,control,Shreveport,LA,,0,CONTROL — no known Kirk/TPUSA event,960,0,0,0
2025-10-09,control_spokane,control,Spokane,WA,,0,CONTROL — no known Kirk/TPUSA event,531,94,16,14
2025-10-09,control_syracuse,control,Syracuse,NY,,0,CONTROL — no known Kirk/TPUSA event,927,85,9,5
2025-10-10,20251009_grand_forks,event,Grand Forks,ND,2025-10-09,1,TPUSA,262,12,1,1
2025-10-10,control_albuquerque,control,Albuquerque,NM,,0,CONTROL — no known Kirk/TPUSA event,1222,235,44,42
2025-10-10,control_chattanooga,control,Chattanooga,TN,,0,CONTROL — no known Kirk/TPUSA event,1549,4,0,0
2025-10-10,control_des_moines,control,Des Moines,IA,,0,CONTROL — no known Kirk/TPUSA event,972,3,1,1
2025-10-10,control_shreveport,control,Shreveport,LA,,0,CONTROL — no known Kirk/TPUSA event,985,1,0,0
2025-10-10,control_spokane,control,Spokane,WA,,0,CONTROL — no known Kirk/TPUSA event,492,103,16,14
2025-10-10,control_syracuse,control,Syracuse,NY,,0,CONTROL — no known Kirk/TPUSA event,985,99,15,11
2025-10-15,20251016_norman,event,Norman,OK,2025-10-16,-1,TPUSA,712,71,13,10
2025-10-15,control_albuquerque,control,Albuquerque,NM,,0,CONTROL — no known Kirk/TPUSA event,826,144,26,25
2025-10-15,control_chattanooga,control,Chattanooga,TN,,0,CONTROL — no known Kirk/TPUSA event,990,3,0,0
2025-10-15,control_des_moines,control,Des Moines,IA,,0,CONTROL — no known Kirk/TPUSA event,642,1,0,0
2025-10-15,control_shreveport,control,Shreveport,LA,,0,CONTROL — no known Kirk/TPUSA event,638,1,1,1
2025-10-15,control_spokane,control,Spokane,WA,,0,CONTROL — no known Kirk/TPUSA event,349,66,12,9
2025-10-15,control_syracuse,control,Syracuse,NY,,0,CONTROL — no known Kirk/TPUSA event,644,60,5,2
2025-10-16,20251016_norman,event,Norman,OK,2025-10-16,0,TPUSA,1013,113,20,18
2025-10-16,control_albuquerque,control,Albuquerque,NM,,0,CONTROL — no known Kirk/TPUSA event,1282,223,38,36
2025-10-16,control_chattanooga,control,Chattanooga,TN,,0,CONTROL — no known Kirk/TPUSA event,1470,5,0,0
2025-10-16,control_des_moines,control,Des Moines,IA,,0,CONTROL — no known Kirk/TPUSA event,878,4,0,0
2025-10-16,control_shreveport,control,Shreveport,LA,,0,CONTROL — no known Kirk/TPUSA event,925,0,0,0
2025-10-16,control_spokane,control,Spokane,WA,,0,CONTROL — no known Kirk/TPUSA event,526,102,12,10
2025-10-16,control_syracuse,control,Syracuse,NY,,0,CONTROL — no known Kirk/TPUSA event,900,84,7,4
2025-10-17,20251016_norman,event,Norman,OK,2025-10-16,1,TPUSA,955,80,13,11
2025-10-17,control_albuquerque,control,Albuquerque,NM,,0,CONTROL — no known Kirk/TPUSA event,1258,252,49,47
2025-10-17,control_chattanooga,control,Chattanooga,TN,,0,CONTROL — no known Kirk/TPUSA event,1448,3,1,1
2025-10-17,control_des_moines,control,Des Moines,IA,,0,CONTROL — no known Kirk/TPUSA event,893,5,0,0
2025-10-17,control_shreveport,control,Shreveport,LA,,0,CONTROL — no known Kirk/TPUSA event,931,0,0,0
2025-10-17,control_spokane,control,Spokane,WA,,0,CONTROL — no known Kirk/TPUSA event,483,92,9,7
2025-10-17,control_syracuse,control,Syracuse,NY,,0,CONTROL — no known Kirk/TPUSA event,923,102,10,6
2025-10-20,20251021_bloomington,event,Bloomington,IN,2025-10-21,-1,TPUSA,1786,0,0,0
2025-10-20,control_albuquerque,control,Albuquerque,NM,,0,CONTROL — no known Kirk/TPUSA event,1128,183,30,30
2025-10-20,control_chattanooga,control,Chattanooga,TN,,0,CONTROL — no known Kirk/TPUSA event,1396,3,0,0
2025-10-20,control_des_moines,control,Des Moines,IA,,0,CONTROL — no known Kirk/TPUSA event,874,2,0,0
2025-10-20,control_shreveport,control,Shreveport,LA,,0,CONTROL — no known Kirk/TPUSA event,871,0,0,0
2025-10-20,control_spokane,control,Spokane,WA,,0,CONTROL — no known Kirk/TPUSA event,451,83,11,9
2025-10-20,control_syracuse,control,Syracuse,NY,,0,CONTROL — no known Kirk/TPUSA event,754,71,8,7
2025-10-21,20251021_bloomington,event,Bloomington,IN,2025-10-21,0,TPUSA,1810,1,0,0
2025-10-21,control_albuquerque,control,Albuquerque,NM,,0,CONTROL — no known Kirk/TPUSA event,968,229,44,42
2025-10-21,control_chattanooga,control,Chattanooga,TN,,0,CONTROL — no known Kirk/TPUSA event,1201,2,0,0
2025-10-21,control_des_moines,control,Des Moines,IA,,0,CONTROL — no known Kirk/TPUSA event,881,2,0,0
2025-10-21,control_shreveport,control,Shreveport,LA,,0,CONTROL — no known Kirk/TPUSA event,849,0,0,0
2025-10-21,control_spokane,control,Spokane,WA,,0,CONTROL — no known Kirk/TPUSA event,472,85,11,9
2025-10-21,control_syracuse,control,Syracuse,NY,,0,CONTROL — no known Kirk/TPUSA event,846,92,11,7
2025-10-22,20251021_bloomington,event,Bloomington,IN,2025-10-21,1,TPUSA,1666,2,0,0
2025-10-22,control_albuquerque,control,Albuquerque,NM,,0,CONTROL — no known Kirk/TPUSA event,1014,218,36,34
2025-10-22,control_chattanooga,control,Chattanooga,TN,,0,CONTROL — no known Kirk/TPUSA event,1280,2,0,0
2025-10-22,control_des_moines,control,Des Moines,IA,,0,CONTROL — no known Kirk/TPUSA event,960,0,0,0
2025-10-22,control_shreveport,control,Shreveport,LA,,0,CONTROL — no known Kirk/TPUSA event,853,0,0,0
2025-10-22,control_spokane,control,Spokane,WA,,0,CONTROL — no known Kirk/TPUSA event,477,96,16,13
2025-10-22,control_syracuse,control,Syracuse,NY,,0,CONTROL — no known Kirk/TPUSA event,810,74,7,4
2025-10-26,20251027_baton_rouge,event,Baton Rouge,LA,2025-10-27,-1,TPUSA,688,11,0,0
2025-10-26,control_albuquerque,control,Albuquerque,NM,,0,CONTROL — no known Kirk/TPUSA event,928,184,15,14
2025-10-26,control_chattanooga,control,Chattanooga,TN,,0,CONTROL — no known Kirk/TPUSA event,1222,4,0,0
2025-10-26,control_des_moines,control,Des Moines,IA,,0,CONTROL — no known Kirk/TPUSA event,1007,3,1,1
2025-10-26,control_shreveport,control,Shreveport,LA,,0,CONTROL — no known Kirk/TPUSA event,780,0,0,0
2025-10-26,control_spokane,control,Spokane,WA,,0,CONTROL — no known Kirk/TPUSA event,357,72,5,4
2025-10-26,control_syracuse,control,Syracuse,NY,,0,CONTROL — no known Kirk/TPUSA event,830,71,1,0
2025-10-27,20251027_baton_rouge,event,Baton Rouge,LA,2025-10-27,0,TPUSA,813,11,0,0
2025-10-27,control_albuquerque,control,Albuquerque,NM,,0,CONTROL — no known Kirk/TPUSA event,1052,182,20,20
2025-10-27,control_chattanooga,control,Chattanooga,TN,,0,CONTROL — no known Kirk/TPUSA event,1073,0,0,0
2025-10-27,control_des_moines,control,Des Moines,IA,,0,CONTROL — no known Kirk/TPUSA event,980,4,1,1
2025-10-27,control_shreveport,control,Shreveport,LA,,0,CONTROL — no known Kirk/TPUSA event,877,0,0,0
2025-10-27,control_spokane,control,Spokane,WA,,0,CONTROL — no known Kirk/TPUSA event,459,88,12,9
2025-10-27,control_syracuse,control,Syracuse,NY,,0,CONTROL — no known Kirk/TPUSA event,858,79,10,9
2025-10-29,20251029_oxford,event,Oxford,MS,2025-10-29,0,TPUSA,860,0,0,0
2025-10-29,control_albuquerque,control,Albuquerque,NM,,0,CONTROL — no known Kirk/TPUSA event,1064,224,45,43
2025-10-29,control_chattanooga,control,Chattanooga,TN,,0,CONTROL — no known Kirk/TPUSA event,977,1,1,1
2025-10-29,control_des_moines,control,Des Moines,IA,,0,CONTROL — no known Kirk/TPUSA event,944,7,2,2
2025-10-29,control_shreveport,control,Shreveport,LA,,0,CONTROL — no known Kirk/TPUSA event,846,0,0,0
2025-10-29,control_spokane,control,Spokane,WA,,0,CONTROL — no known Kirk/TPUSA event,427,86,13,10
2025-10-29,control_syracuse,control,Syracuse,NY,,0,CONTROL — no known Kirk/TPUSA event,810,77,9,5
2025-10-30,20251029_oxford,event,Oxford,MS,2025-10-29,1,TPUSA,1097,5,0,0
2025-10-30,control_albuquerque,control,Albuquerque,NM,,0,CONTROL — no known Kirk/TPUSA event,1126,216,39,37
2025-10-30,control_chattanooga,control,Chattanooga,TN,,0,CONTROL — no known Kirk/TPUSA event,1187,1,0,0
2025-10-30,control_des_moines,control,Des Moines,IA,,0,CONTROL — no known Kirk/TPUSA event,933,4,1,1
2025-10-30,control_shreveport,control,Shreveport,LA,,0,CONTROL — no known Kirk/TPUSA event,844,0,0,0
2025-10-30,control_spokane,control,Spokane,WA,,0,CONTROL — no known Kirk/TPUSA event,403,87,11,9
2025-10-30,control_syracuse,control,Syracuse,NY,,0,CONTROL — no known Kirk/TPUSA event,703,72,9,5
