overlap_id,owens_index,date,airport_code,airport_name,airport_class,city,state,country,subject,event,venue,kirk_tail,foreign_tail,foreign_type,registry,gap,arrived_from,departed_to,transponder,source,source_url,confidence,audit_verdict,claimed_erika_location,charlie_present_claimed,overlap_window,nearest_sourced_kirk_event,nearest_event_gap_days,counterargument,site_page,notes,attendee_class,charlie_present,erika_present,tpusa_event_present,days_before_sept10,survives_audit,sourced_kirk_event_same_day,metro_area,overlap_page,adsb_verified_verdict,adsb_closest_approach_km,adsb_verified_note,adsb_ground_position
OWENS-001,1,2022-10-05,KJFK,New York area (claimed),international,New York,NY,,Erika,claimed Erika location / TPUSA media,UNKNOWN,,SU-BTT,Dassault Falcon 7X,,,Cairo via Paris,UNKNOWN,,Owens sheet via Kanekoa audit screenshots; Erika Location column reads New York on the visible extract,https://x.com/KanekoaTheGreat/status/2000701268806062358,audited_inaccurate,inaccurate,New York,,,none sourced in NY that week,,"Audit: plane was in France 25 Sep to 10 Nov 2022. Three earliest 2022 rows invalidated for the same reason. Erika location is a claimed cell on the mommy-sleuth sheet (often a state, sometimes two states, sometimes 'potentially'). No dated itinerary published. Erika flight logs reported erased.",site/docs/Planes/following/73_overlaps.mdx,Claimed route Cairo→Paris→New York. Auditor: Plane was in France 9/25–11/10/2022.,ERIKA_ONLY,not_claimed,claimed,unknown,1071,no,,New York-Newark NY/NJ,site/docs/Planes/following/overlap/20221005_NY_new_york_owens_001/overview.mdx,NO_ARCHIVE_COVERAGE,,"SAYS NOTHING EITHER WAY. Neither free archive holds this date for any airframe we probed, so this is an archive limit and not suppression.",
OWENS-002,2,2022-10-20,KORD,Chicago area (claimed),international,Chicago,IL,,Erika,claimed Erika location / TPUSA,UNKNOWN,,SU-BTT,Dassault Falcon 7X,,,New York via Paris,UNKNOWN,,Owens sheet via Kanekoa audit,https://x.com/KanekoaTheGreat/status/2001099364304085159,audited_inaccurate,inaccurate,Illinois,,,Charlie at FSU Tallahassee 2022-10-20 (different state),,"Audit: still in France 25 Sep–10 Nov 2022. Same-day Charlie event is in Florida, not Illinois. Erika location is a claimed cell on the mommy-sleuth sheet (often a state, sometimes two states, sometimes 'potentially'). No dated itinerary published. Erika flight logs reported erased.",site/docs/Planes/following/73_overlaps.mdx,Claimed route New York→Paris→Chicago. Auditor: Plane was in France 9/25–11/10/2022.,ERIKA_ONLY,not_claimed,claimed,unknown,1056,no,,Chicago IL,site/docs/Planes/following/overlap/20221020_IL_chicago_owens_002/overview.mdx,NO_ARCHIVE_COVERAGE,,"SAYS NOTHING EITHER WAY. Neither free archive holds this date for any airframe we probed, so this is an archive limit and not suppression.",
OWENS-003,3,2022-11-01,KBOS,Boston area (claimed),international,Boston,MA,,Erika,claimed Erika location,UNKNOWN,,SU-BTT,Dassault Falcon 7X,,,Chicago via Paris,UNKNOWN,,Owens sheet via Kanekoa audit,https://x.com/KanekoaTheGreat/status/2000701268806062358,audited_inaccurate,inaccurate,Massachusetts,,,none sourced in MA,,"Audit: still in France 25 Sep–10 Nov 2022. Erika location is a claimed cell on the mommy-sleuth sheet (often a state, sometimes two states, sometimes 'potentially'). No dated itinerary published. Erika flight logs reported erased.",site/docs/Planes/following/73_overlaps.mdx,Claimed route Chicago→Paris→Boston.,ERIKA_ONLY,not_claimed,claimed,unknown,1044,no,,Boston MA,site/docs/Planes/following/overlap/20221101_MA_boston_owens_003/overview.mdx,NOT_HEARD,,"SAYS ALMOST NOTHING. adsbexchange-samples served other airframes that day but holds no trace for this one. Parked with the transponder off, outside receiver coverage, and a wrong claimed date all look identical from here. AN ABSENCE IS NOT A FINDING.",
OWENS-004,4,2022-11-13,KICT,Wichita Dwight D. Eisenhower National,international / Falcon MRO,Wichita,KS,,Erika,claimed Erika location / Kansas cluster,UNKNOWN,,SU-BTT,Dassault Falcon 7X,,,Cairo via Paris,Wilmington DE 2022-11-17,,Owens sheet via Kanekoa audit (ACCURATE); Owens Ep 268 Wilmington recap,https://x.com/KanekoaTheGreat/status/2000701268806062358,audited_accurate,accurate,Kansas,,,"Charlie Live Free UMKC Kansas City MO 2022-10-18 (25 days earlier, different state); Candace Owens Live Free UDelaware Newark DE 2022-10-03",25,"Flight itself is accurate (lasted 11/12–11/13). Wichita is the Air Capital; Yingling Aviation is an FAA Part 145 Dassault Falcon service centre. No sourced Kirk event in Kansas that week. Erika location is a claimed cell on the mommy-sleuth sheet (often a state, sometimes two states, sometimes 'potentially'). No dated itinerary published. Erika flight logs reported erased.",site/docs/Planes/following/Wichita_KICT_2022-11-13_to_2025-08-03/overview.mdx,"First US rotation that survives audit. Cairo→Paris→Wichita. Owens Ep 268: then Wilmington, back to Cairo. Four-leg two-continent hop.",ERIKA_ONLY,not_claimed,claimed,unknown,1032,yes,,Wichita KS,site/docs/Planes/following/overlap/20221113_KS_wichita_owens_004/overview.mdx,NO_ARCHIVE_COVERAGE,,"SAYS NOTHING EITHER WAY. Neither free archive holds this date for any airframe we probed, so this is an archive limit and not suppression.",
OWENS-005,5,2022-11-17,KILG,Wilmington New Castle,customs / bizjet,Wilmington,DE,,Erika,claimed Erika location / Delaware cluster,UNKNOWN,,SU-BTT,Dassault Falcon 7X,,,Wichita,Cairo (sheet said 11/17; audit says 11/20),,Owens sheet via Kanekoa audit; Owens Ep 268,https://x.com/KanekoaTheGreat/status/2000701268806062358,audited_inaccurate,inaccurate,Delaware,,,Candace Owens Live Free UDelaware Newark 2022-10-03 (45 days earlier),45,"Audit: flight did not occur until 11/20. Wilmington is used outbound-only for three years — a customs stop, not a destination. Erika location is a claimed cell on the mommy-sleuth sheet (often a state, sometimes two states, sometimes 'potentially'). No dated itinerary published. Erika flight logs reported erased.",site/docs/Planes/following/Wilmington_KILG_2022-11-17_to_2025-10-12/overview.mdx,"Owens Ep 268: two Wilmington arrivals in the same week (13th via Wichita, 17th Egypt-to-Wilmington staying until the 20th).",ERIKA_ONLY,not_claimed,claimed,unknown,1028,no,,Delaware Valley DE/PA/NJ,site/docs/Planes/following/overlap/20221117_DE_wilmington_owens_005/overview.mdx,NO_ARCHIVE_COVERAGE,,"SAYS NOTHING EITHER WAY. Neither free archive holds this date for any airframe we probed, so this is an archive limit and not suppression.",
OWENS-006,6,2022-12-20,KSTL,St. Louis Lambert / Downtown / Spirit (sheet says St. Louis),international / metro,St. Louis,MO,,Erika,claimed Erika location / Missouri cluster,UNKNOWN,,SU-BTT,Dassault Falcon 7X,,,Cairo via Paris,Bangor ME 2022-12-27,,Owens sheet via Kanekoa audit (ACCURATE),https://x.com/KanekoaTheGreat/status/2000701268806062358,audited_accurate,accurate,Missouri,,,"AmericaFest 2022 Phoenix AZ 2022-12-17 to 2022-12-20 (different state, same days)",0_different_state,"Flight accurate: Cairo–Paris 12/19, Paris–STL 12/20. Charlie was at AmericaFest in Phoenix those exact dates — a continent-and-a-half away from St. Louis. Erika location is a claimed cell on the mommy-sleuth sheet (often a state, sometimes two states, sometimes 'potentially'). No dated itinerary published. Erika flight logs reported erased.",site/docs/Planes/following/StLouis_KSTL_2022-12-20_to_2025-02-23/overview.mdx,Accurate aircraft location; no sourced Kirk presence in Missouri that week.,ERIKA_ONLY,not_claimed,claimed,unknown,995,yes,,St. Louis metro,site/docs/Planes/following/overlap/20221220_MO_st_louis_owens_006/overview.mdx,NO_ARCHIVE_COVERAGE,,"SAYS NOTHING EITHER WAY. Neither free archive holds this date for any airframe we probed, so this is an archive limit and not suppression.",
OWENS-007,7,2022-12-27,KBGR,Bangor International,international / tech stop,Bangor,ME,,Erika,claimed Erika location,UNKNOWN,,SU-BTT,Dassault Falcon 7X,,,St. Louis,Cairo (back 2023-01-03 per audit),,Owens sheet via Kanekoa audit (ACCURATE),https://x.com/KanekoaTheGreat/status/2000701268806062358,audited_accurate,accurate,UNKNOWN,,,none sourced in Maine,,"Bangor is a classic North Atlantic tech stop for eastbound transatlantics, not a Kirk/TPUSA city. No sourced event in Maine. Erika location is a claimed cell on the mommy-sleuth sheet (often a state, sometimes two states, sometimes 'potentially'). No dated itinerary published. Erika flight logs reported erased.",site/docs/Planes/following/73_overlaps.mdx,"Accurate — STL–Bangor 12/27, back on 1/3.",ERIKA_ONLY,not_claimed,claimed,unknown,988,yes,,Bangor ME,site/docs/Planes/following/overlap/20221227_ME_bangor_owens_007/overview.mdx,NO_ARCHIVE_COVERAGE,,"SAYS NOTHING EITHER WAY. Neither free archive holds this date for any airframe we probed, so this is an archive limit and not suppression.",
OWENS-008,8,2023-01-15,KATL,Atlanta (claimed),international,Atlanta,GA,,Erika,claimed Erika location,UNKNOWN,,SU-BTT,Dassault Falcon 7X,,,Cairo via Paris,UNKNOWN,,Owens sheet via Kanekoa audit,https://x.com/KanekoaTheGreat/status/2000701268806062358,audited_inaccurate,inaccurate,UNKNOWN,,,none sourced in GA that week,,"Kanekoa audit against FlightRadar24 Business + $950 FlightAware logs places the aircraft in Egypt / on another continent on this date. Counted in the 73 anyway because it is on the Owens sheet. Auditor: Cairo. Plane landed 5 Jan, sat, took off from Cairo 24 Jan.",site/docs/Planes/following/Cairo_HECA_2022-11-13_to_2025-10-12/overview.mdx,Claimed Cairo→Paris→Atlanta.,ERIKA_ONLY,not_claimed,claimed,unknown,969,no,,Atlanta GA,site/docs/Planes/following/overlap/20230115_GA_atlanta_owens_008/overview.mdx,NO_ARCHIVE_COVERAGE,,"SAYS NOTHING EITHER WAY. Neither free archive holds this date for any airframe we probed, so this is an archive limit and not suppression.",
OWENS-009,9,2023-02-10,KILG,Wilmington (claimed),customs / bizjet,Wilmington,DE,,Erika,claimed Erika location,UNKNOWN,,SU-BTT,Dassault Falcon 7X,,,Atlanta,Paris / Cairo,,Owens sheet via Kanekoa audit,https://x.com/KanekoaTheGreat/status/2000701268806062358,audited_inaccurate,inaccurate,Delaware,,,Charlie at ASU Tempe 2023-02-08 (different state),,"Kanekoa audit against FlightRadar24 Business + $950 FlightAware logs places the aircraft in Egypt / on another continent on this date. Counted in the 73 anyway because it is on the Owens sheet. Auditor: flew back to Cairo 1/29, took off from Cairo 2/14.",site/docs/Planes/following/Wilmington_KILG_2022-11-17_to_2025-10-12/overview.mdx,Claimed Atlanta→Wilmington→Paris.,ERIKA_ONLY,not_claimed,claimed,unknown,943,no,,Delaware Valley DE/PA/NJ,site/docs/Planes/following/overlap/20230210_DE_wilmington_owens_009/overview.mdx,NOT_HEARD,,"SAYS ALMOST NOTHING. airplanes-live served other airframes that day but holds no trace for this one. Parked with the transponder off, outside receiver coverage, and a wrong claimed date all look identical from here. AN ABSENCE IS NOT A FINDING.",
OWENS-010,10,2023-04-01,KSTL,St. Louis,international / metro,St. Louis,MO,,TPUSA,day before TPUSA Faith tour launch Jefferson City,St. Louis metro,,SU-BTT,Dassault Falcon 7X,,day_before,Cairo via Paris,Wilmington 2023-04-06,,Owens sheet via Kanekoa audit (ACCURATE 3/31–4/1); overlap page 20230402_MO_jefferson_city,https://x.com/KanekoaTheGreat/status/2000701268806062358,audited_accurate,accurate,Missouri,,,TPUSA Faith / Sean Feucht Jefferson City MO 2023-04-02,1,"Aircraft location accurate. Event is 130 miles / 2 hours' drive from St. Louis — the compiler footnoted the drive. Charlie Kirk is not named as the speaker. SU-BND had already been parked in St. Louis since 21 Feb. Duncan Aviation has held the Egyptian Air Force Falcon/VIP maintenance account since 1999; Lincoln is the main plant, Provo a second facility. A landing at Lincoln, Omaha (15-min hop to Lincoln), Wichita (Yingling Falcon service centre), or Wilmington (outbound customs only) is also what that contract produces.",site/docs/Planes/following/overlap/20230402_MO_jefferson_city/overview.mdx,"One of six dates that survive the directory's same-day-or-adjacent test, at a distance.",TPUSA_NO_KIRK,not_claimed,not_claimed,claimed,893,yes,,St. Louis metro,site/docs/Planes/following/overlap/20230401_MO_st_louis_owens_010/overview.mdx,AT_CLAIMED_AIRPORT,0.41,"CORROBORATED IN THE AIR, NOT ON THE GROUND. Closest recovered position is 0.4 km from KSTL at 3,357 ft above the field - an arrival, a departure or a low pass. This trace holds no on-ground positions at all, which is ordinary: receiver coverage of a parked aircraft is thin. It places NOBODY aboard.",no
OWENS-011,11,2023-04-06,KILG,Wilmington New Castle,customs / bizjet,Wilmington,DE,,Erika,claimed Erika location / outbound from Missouri stay,UNKNOWN,,SU-BTT,Dassault Falcon 7X,,,Missouri / St. Louis,Cairo (audit 4/6–4/8),,Owens sheet via Kanekoa audit (ACCURATE 4/6–4/8),https://x.com/KanekoaTheGreat/status/2000701268806062358,audited_accurate,accurate,Delaware / Missouri,,,"Jefferson City TPUSA Faith 2023-04-02 (4 days earlier, different state)",4,"Outbound customs stop. Accurate as a routing. Not a Kirk location. Duncan Aviation has held the Egyptian Air Force Falcon/VIP maintenance account since 1999; Lincoln is the main plant, Provo a second facility. A landing at Lincoln, Omaha (15-min hop to Lincoln), Wichita (Yingling Falcon service centre), or Wilmington (outbound customs only) is also what that contract produces.",site/docs/Planes/following/Wilmington_KILG_2022-11-17_to_2025-10-12/overview.mdx,Missouri→Wilmington DE→Cairo. Accurate 4/6–4/8.,ERIKA_ONLY,not_claimed,claimed,unknown,888,yes,,Delaware Valley DE/PA/NJ,site/docs/Planes/following/overlap/20230406_DE_wilmington_owens_011/overview.mdx,AT_CLAIMED_AIRPORT,1.63,"CORROBORATED IN THE AIR, NOT ON THE GROUND. Closest recovered position is 1.6 km from KILG at -105 ft above the field - an arrival, a departure or a low pass. This trace holds no on-ground positions at all, which is ordinary: receiver coverage of a parked aircraft is thin. It places NOBODY aboard.",no
OWENS-012,12,2023-04-14,KICT,Wichita Dwight D. Eisenhower National,international / Falcon MRO,Wichita,KS,,Erika,claimed Kansas cluster; Ep 256 ties next week to Topeka Faith tour,UNKNOWN,,SU-BTT,Dassault Falcon 7X,,,Cairo via Paris,Wilmington 2023-04-20,,Owens sheet via Kanekoa audit (ACCURATE 4/14); Owens Ep 256 INFILTRATION (Sacramento 4/13 then Cairo-to-Kansas),https://www.youtube.com/watch?v=YFmRH8p5lt0,audited_accurate,accurate,Kansas,,,TPUSA Faith Kingdom to the Capitol Topeka KS 2023-04-23,9,"Flight accurate. Topeka event is 9 days later and ~135 miles from Wichita; aircraft had already left for Wilmington on 4/20. Ep 256 also puts Charlie in Sacramento on 4/13 — a claimed pairing with this inbound. Duncan Aviation has held the Egyptian Air Force Falcon/VIP maintenance account since 1999; Lincoln is the main plant, Provo a second facility. A landing at Lincoln, Omaha (15-min hop to Lincoln), Wichita (Yingling Falcon service centre), or Wilmington (outbound customs only) is also what that contract produces.",site/docs/Planes/following/Wichita_KICT_2022-11-13_to_2025-08-03/overview.mdx,"Owens Ep 256: 'Charlie is speaking in Sacramento on April 13th, yellow plane again comes in. This time it flies to Kansas. Cairo to Kansas.'",ERIKA_ONLY,not_claimed,claimed,unknown,880,yes,,Wichita KS,site/docs/Planes/following/overlap/20230414_KS_wichita_owens_012/overview.mdx,SAME_METRO_WRONG_FIELD,27.58,"RIGHT AREA, WRONG FIELD. Closest recovered position is 28 km from KICT - inside the source sheet's own 50-100 mile tolerance, outside a same-airport test. Neither confirmed nor refuted.",
OWENS-013,13,2023-04-20,KILG,Wilmington New Castle,customs / bizjet,Wilmington,DE,,Erika,claimed Erika potentially in Giza on the onward leg,UNKNOWN,,SU-BTT,Dassault Falcon 7X,,,Wichita,Giza / Cairo 2023-04-21,,Owens sheet via Kanekoa audit (ACCURATE — second leg of ref 12); @liztalny1023 19 Nov 2025 on the Giza cell,https://x.com/liztalny1023/status/1991170383488372929,audited_accurate,accurate,Wichita / DE / potentially Giza,No,,Erika IG 2023-04-17 Odysea Aquarium with Charlie and GG (per @liztalny1023); Charlie Texas event 2023-04-22 per TPUSA IG; Topeka Faith 2023-04-23,3,"@liztalny1023: mommy-sleuth cell says Erika 'potentially in Giza' on 4/20; IG on 4/17 puts her at an Arizona aquarium with Charlie and daughter, and TPUSA IG puts Charlie in Texas 4/22. Aircraft routing itself is accurate (Wichita–Wilmington 4/20, Wilmington–Giza 4/21).",site/docs/Planes/following/Wilmington_KILG_2022-11-17_to_2025-10-12/overview.mdx,The only published row where a specific Erika-location cell ('potentially Giza') was read off the sheet in public and then checked against Instagram.,ERIKA_ONLY,not_claimed,claimed,unknown,874,yes,,Delaware Valley DE/PA/NJ,site/docs/Planes/following/overlap/20230420_DE_wilmington_owens_013/overview.mdx,AT_CLAIMED_AIRPORT,0.56,"CORROBORATED, AND ON THE GROUND. A trace we pulled and kept puts this airframe on the ground 0.6 km from KILG on the claimed date. It places NOBODY aboard.",yes
OWENS-014,14,2023-05-03,KCPS,St. Louis Downtown (sheet: Missouri test flight),municipal / metro,St. Louis,MO,,Erika,claimed test flight,UNKNOWN,,SU-BND,"Gulfstream (G550/G-IV, trackers disagree)",,,UNKNOWN,Cairo 2023-05-09,,Owens sheet via Kanekoa audit (ACCURATE that it flew in St. Louis; data does not say test flight),https://x.com/KanekoaTheGreat/status/2000701268806062358,audited_accurate,accurate,Missouri,,,"Charlie Nashville Pastors Summit May 2023 (month only, different state)",,"Local flight at a metro field after a long St. Louis stay is a post-maintenance test profile. Index 56 is this row plus one year. Duncan Aviation has held the Egyptian Air Force Falcon/VIP maintenance account since 1999; Lincoln is the main plant, Provo a second facility. A landing at Lincoln, Omaha (15-min hop to Lincoln), Wichita (Yingling Falcon service centre), or Wilmington (outbound customs only) is also what that contract produces.",site/docs/Planes/following/StLouis_KSTL_2022-12-20_to_2025-02-23/overview.mdx,SU-BND had been in St. Louis since 21 Feb 2023 per the location page.,ERIKA_ONLY,not_claimed,claimed,unknown,861,yes,,St. Louis metro,site/docs/Planes/following/overlap/20230503_MO_st_louis_owens_014/overview.mdx,AT_CLAIMED_AIRPORT,2.07,"CORROBORATED IN THE AIR, NOT ON THE GROUND. Closest recovered position is 2.1 km from KCPS at 1,137 ft above the field - an arrival, a departure or a low pass. This trace holds no on-ground positions at all, which is ordinary: receiver coverage of a parked aircraft is thin. It places NOBODY aboard.",no
OWENS-015,15,2023-05-09,CYYR,Goose Bay (via St. Louis → Cairo),tech stop,St. Louis then Goose Bay,MO,USA/Canada,Erika,claimed Missouri→Cairo,UNKNOWN,,SU-BND,"Gulfstream (G550/G-IV, trackers disagree)",,,St. Louis,Goose Bay → Paris → Cairo,,Owens sheet via Kanekoa audit (ACCURATE overall),https://x.com/KanekoaTheGreat/status/2000701268806062358,audited_accurate,accurate,Missouri / Cairo,,,none sourced,,Gulfstream IV range split: Goose Bay is the North Atlantic tech stop the G-IVs use instead of Wilmington. Not a Kirk city.,site/docs/Planes/following/StLouis_KSTL_2022-12-20_to_2025-02-23/overview.mdx,"STL to Goose Bay, GB to Paris, Paris to Cairo.",ERIKA_ONLY,not_claimed,claimed,unknown,855,yes,,Goose Bay NL,site/docs/Planes/following/overlap/20230509_MO_st_louis_then_goose_bay_owens_015/overview.mdx,ELSEWHERE,1062.56,"REFUTED. The airframe was tracked that day and its closest recovered position is 1,063 km from CYYR.",
OWENS-016,16,2023-06-12,KPVU,Provo Municipal (claimed),regional,Provo,UT,,Erika,claimed Provo→Paris→Salt Lake City,UNKNOWN,,SU-BND,"Gulfstream (G550/G-IV, trackers disagree)",,,Provo (claimed),Paris / SLC (claimed),,Owens sheet via Kanekoa audit,https://x.com/KanekoaTheGreat/status/2000701268806062358,audited_inaccurate,inaccurate,Utah,,,none sourced in UT in June 2023; Utah record on this site begins April 2024,,Kanekoa audit against FlightRadar24 Business + $950 FlightAware logs places the aircraft in Egypt / on another continent on this date. Counted in the 73 anyway because it is on the Owens sheet. Auditor: In Egypt. The Provo/Utah cluster in the sheet starts a year too early.,site/docs/Planes/following/Provo_KPVU_2024-04-19_to_2025-09-13/overview.mdx,First claimed Utah row. Aircraft was not in Utah.,ERIKA_ONLY,not_claimed,claimed,unknown,821,no,,Wasatch Front UT,site/docs/Planes/following/overlap/20230612_UT_provo_owens_016/overview.mdx,NOT_HEARD,,"SAYS ALMOST NOTHING. adsb-lol/airplanes-live served other airframes that day but holds no trace for this one. Parked with the transponder off, outside receiver coverage, and a wrong claimed date all look identical from here. AN ABSENCE IS NOT A FINDING.",
OWENS-017,17,2023-07-25,KLNK,Lincoln (claimed),municipal / Duncan main plant,Lincoln,NE,,Erika,claimed Cairo→Paris→Lincoln,UNKNOWN,,SU-BTT,Dassault Falcon 7X,,,Cairo via Paris,UNKNOWN,,Owens sheet via Kanekoa audit,https://x.com/KanekoaTheGreat/status/2000701268806062358,audited_inaccurate,inaccurate,Nebraska,,,Charlie speaks Lincoln NE 2023-08-25 (31 days later; audit still places aircraft in Egypt that day too),31,Kanekoa audit against FlightRadar24 Business + $950 FlightAware logs places the aircraft in Egypt / on another continent on this date. Counted in the 73 anyway because it is on the Owens sheet.,site/docs/Planes/following/Lincoln_KLNK_2024-02-09_to_2025-10-11/overview.mdx,"The one time Kirk is documented in Lincoln in 2023, the audit still has the plane in Egypt.",ERIKA_ONLY,not_claimed,claimed,unknown,778,no,,Omaha-Lincoln NE,site/docs/Planes/following/overlap/20230725_NE_lincoln_owens_017/overview.mdx,NOT_HEARD,,"SAYS ALMOST NOTHING. adsb-lol/airplanes-live served other airframes that day but holds no trace for this one. Parked with the transponder off, outside receiver coverage, and a wrong claimed date all look identical from here. AN ABSENCE IS NOT A FINDING.",
OWENS-018,18,2023-09-03,KILG,Wilmington (claimed),customs / bizjet,Wilmington,DE,,Erika,claimed Lincoln→Wilmington→Cairo,UNKNOWN,,SU-BTT,Dassault Falcon 7X,,,Lincoln (claimed),Cairo (claimed),,Owens sheet via Kanekoa audit,https://x.com/KanekoaTheGreat/status/2000701268806062358,audited_inaccurate,inaccurate,Delaware / Nebraska,,,none,,Kanekoa audit against FlightRadar24 Business + $950 FlightAware logs places the aircraft in Egypt / on another continent on this date. Counted in the 73 anyway because it is on the Owens sheet. Auditor: Still in Egypt.,site/docs/Planes/following/Wilmington_KILG_2022-11-17_to_2025-10-12/overview.mdx,,ERIKA_ONLY,not_claimed,claimed,unknown,738,no,,Delaware Valley DE/PA/NJ,site/docs/Planes/following/overlap/20230903_DE_wilmington_owens_018/overview.mdx,NOT_HEARD,,"SAYS ALMOST NOTHING. adsb-lol/airplanes-live served other airframes that day but holds no trace for this one. Parked with the transponder off, outside receiver coverage, and a wrong claimed date all look identical from here. AN ABSENCE IS NOT A FINDING.",
OWENS-019,19,2024-01-10,KSMF,Sacramento (claimed),international,Sacramento,CA,,Erika,claimed Cairo→Paris→Sacramento; mommy sleuth placed Erika in California,UNKNOWN,,SU-BTT,Dassault Falcon 7X,,,Cairo via Paris,UNKNOWN,,Owens sheet via Kanekoa audit; @liztalny1023 19 Nov 2025 quoting the California cell,https://x.com/liztalny1023/status/1991170383488372929,audited_inaccurate,inaccurate,California,,,"Charlie Restoring National Confidence Las Vegas 2024-01-29 to 2024-02-04 (different state, 19 days later)",,Kanekoa audit against FlightRadar24 Business + $950 FlightAware logs places the aircraft in Egypt / on another continent on this date. Counted in the 73 anyway because it is on the Owens sheet. Auditor: In Egypt; also can't fly Paris to Sacramento more than likely. @liztalny1023: California is 164k sq miles — a state-level match is not an airport match.,site/docs/Planes/following/73_overlaps.mdx,Publicly named Erika-location cell: California.,ERIKA_ONLY,not_claimed,claimed,unknown,609,no,,Sacramento CA,site/docs/Planes/following/overlap/20240110_CA_sacramento_owens_019/overview.mdx,NOT_HEARD,,"SAYS ALMOST NOTHING. adsb-lol/airplanes-live served other airframes that day but holds no trace for this one. Parked with the transponder off, outside receiver coverage, and a wrong claimed date all look identical from here. AN ABSENCE IS NOT A FINDING.",
OWENS-020,20,2024-02-09,KOMA,Omaha Eppley then Lincoln,international then municipal / Duncan,Omaha / Lincoln,NE,,TPUSA,TPUSA Lincoln chapter opening 2024-02-11 falls inside the 5-day stay,Lincoln Municipal / Duncan Aviation,,SU-BTT,Dassault Falcon 7X,,other,Cairo via Paris,Lincoln same day then Wilmington 2024-02-14,,Owens sheet via Kanekoa audit (partial — flew Omaha to Lincoln); Owens Ep 256; overlap page 20240211_NE_lincoln,https://www.youtube.com/watch?v=YFmRH8p5lt0,audited_partial,partial,Nebraska,,,TPUSA opens Lincoln chapter 2024-02-11 (inside the stay). Charlie not documented present.,2,"Same-airport co-location at the field that has held the Egyptian Air Force maintenance account since 1999. Ep 256: lands Omaha then 'straight flies straight over to Lincoln and it stays in Lincoln for a mysterious 5 days.' The 15-minute hop is a shop reposition, not a surveillance orbit. Duncan Aviation has held the Egyptian Air Force Falcon/VIP maintenance account since 1999; Lincoln is the main plant, Provo a second facility. A landing at Lincoln, Omaha (15-min hop to Lincoln), Wichita (Yingling Falcon service centre), or Wilmington (outbound customs only) is also what that contract produces.",site/docs/Planes/following/overlap/20240211_NE_lincoln/overview.mdx,Ep 256: campus tour publicly announced Feb 8; plane comes in Feb 9.,TPUSA_NO_KIRK,not_claimed,not_claimed,claimed,579,partial,,Omaha-Lincoln NE,site/docs/Planes/following/overlap/20240209_NE_omaha_lincoln_owens_020/overview.mdx,AT_CLAIMED_AIRPORT,0.31,"CORROBORATED IN THE AIR, NOT ON THE GROUND. Closest recovered position is 0.3 km from KOMA at 366 ft above the field - an arrival, a departure or a low pass. The only on-ground positions in this trace are at KLNK (Lincoln Airport). It places NOBODY aboard.",no
OWENS-021,21,2024-02-14,KILG,Wilmington New Castle,customs / bizjet,Wilmington,DE,,Erika,claimed Omaha→Wilmington→Cairo,UNKNOWN,,SU-BTT,Dassault Falcon 7X,,,Lincoln (audit) / Omaha (sheet),"Cairo (Wilmington 2 days per Ep 256, Cairo 16th)",,Owens sheet via Kanekoa audit (INACCURATE origin city); Owens Ep 256,https://x.com/KanekoaTheGreat/status/2000701268806062358,audited_inaccurate,inaccurate,Delaware / Nebraska,,,Lincoln chapter 2024-02-11 (3 days earlier),3,"Auditor: flew from Lincoln to Wilmington, not Omaha. Ep 256 agrees it sat Wilmington 2 days then Cairo on the 16th. Outbound customs.",site/docs/Planes/following/Wilmington_KILG_2022-11-17_to_2025-10-12/overview.mdx,Sheet mislabels the origin as Omaha; the aircraft had already hopped to Lincoln.,ERIKA_ONLY,not_claimed,claimed,unknown,574,no,,Delaware Valley DE/PA/NJ,site/docs/Planes/following/overlap/20240214_DE_wilmington_owens_021/overview.mdx,AT_CLAIMED_AIRPORT,0.82,"CORROBORATED IN THE AIR, NOT ON THE GROUND. Closest recovered position is 0.8 km from KILG at -180 ft above the field - an arrival, a departure or a low pass. This trace holds no on-ground positions at all, which is ordinary: receiver coverage of a parked aircraft is thin. It places NOBODY aboard.",no
OWENS-022,22,2024-03-18,KICT,Wichita (claimed),international / Falcon MRO,Wichita,KS,,Erika,claimed Paris→Wichita,UNKNOWN,,SU-BTT,Dassault Falcon 7X,,,Paris (claimed),UNKNOWN,,Owens sheet via Kanekoa audit,https://x.com/KanekoaTheGreat/status/2000701268806062358,audited_inaccurate,inaccurate,Kansas,,,"Charlie SDSU San Diego 2024-03-18 (different state, same day)",,"Kanekoa audit against FlightRadar24 Business + $950 FlightAware logs places the aircraft in Egypt / on another continent on this date. Counted in the 73 anyway because it is on the Owens sheet. Auditor: Cairo. Landed 2/16, sat, took off 3/26 from Cairo.",site/docs/Planes/following/Wichita_KICT_2022-11-13_to_2025-08-03/overview.mdx,Same calendar day Charlie is in San Diego. Plane in Egypt.,ERIKA_ONLY,not_claimed,claimed,unknown,541,no,,Wichita KS,site/docs/Planes/following/overlap/20240318_KS_wichita_owens_022/overview.mdx,NOT_HEARD,,"SAYS ALMOST NOTHING. adsb-lol/airplanes-live served other airframes that day but holds no trace for this one. Parked with the transponder off, outside receiver coverage, and a wrong claimed date all look identical from here. AN ABSENCE IS NOT A FINDING.",
OWENS-023,23,2024-03-29,KICT,Wichita Dwight D. Eisenhower National,international / Falcon MRO,Wichita,KS,,Charlie,Ep 256: lands 2:19 pm Wichita; 'guess who was in Kansas that week',UNKNOWN,,SU-BTT,Dassault Falcon 7X,,,Cairo via Paris,Wilmington 2024-04-03,,Owens sheet via Kanekoa audit (ACCURATE 28–29 Mar); Owens Ep 256,https://www.youtube.com/watch?v=YFmRH8p5lt0,audited_accurate,accurate,Kansas,,,"Charlie University of Kansas Lawrence 2024-04-03 (5 days later, ~160 miles)",5,"Aircraft in Wichita is accurate. Charlie's KU appearance is 5 days later and the aircraft departs the morning of that appearance. Duncan Aviation has held the Egyptian Air Force Falcon/VIP maintenance account since 1999; Lincoln is the main plant, Provo a second facility. A landing at Lincoln, Omaha (15-min hop to Lincoln), Wichita (Yingling Falcon service centre), or Wilmington (outbound customs only) is also what that contract produces.",site/docs/Planes/following/Wichita_KICT_2022-11-13_to_2025-08-03/overview.mdx,Ep 256 timestamp: lands 2:19 p.m. in Wichita.,CHARLIE_ONLY,claimed,not_claimed,unknown,530,yes,,Wichita KS,site/docs/Planes/following/overlap/20240329_KS_wichita_owens_023/overview.mdx,AT_CLAIMED_AIRPORT,1.83,"CORROBORATED IN THE AIR, NOT ON THE GROUND. Closest recovered position is 1.8 km from KICT at 267 ft above the field - an arrival, a departure or a low pass. This trace holds no on-ground positions at all, which is ordinary: receiver coverage of a parked aircraft is thin. It places NOBODY aboard.",no
OWENS-024,24,2024-04-03,KICT,Wichita (departing) vs Lawrence KU,international / Falcon MRO,Wichita / Lawrence,KS,,Charlie,Charlie Kirk Live Free Tour — University of Kansas,"University of Kansas, Lawrence",UNKNOWN,SU-BTT,Dassault Falcon 7X,,same_day,Wichita ramp,Wilmington then Cairo (sat Wilmington 2 days per audit),,Owens sheet via Kanekoa audit (partial); overlap page 20240403_KS_lawrence; tpusa_events.csv,https://backend.tpusa.com/wp-content/uploads/2024/02/Press-Release-Live-Free-Tour-Spring-2024-1.pdf,audited_partial,partial,Kansas / Delaware,UNKNOWN,,Charlie at KU Lawrence 2024-04-03,0,"Same day, same state, ~160 miles. Aircraft departed Wichita 8:43 am — leaving the state on the morning of the appearance. Audit: accurate-ish, but the plane sat in Wilmington for 2 days.",site/docs/Planes/following/overlap/20240403_KS_lawrence/overview.mdx,One of six dates in overlap/. The plane left.,CHARLIE_ONLY,unknown,not_claimed,unknown,525,partial,Live Free Tour — University of Kansas,Wichita KS,site/docs/Planes/following/overlap/20240403_KS_wichita_lawrence_owens_024/overview.mdx,AT_CLAIMED_AIRPORT,1.43,"CORROBORATED IN THE AIR, NOT ON THE GROUND. Closest recovered position is 1.4 km from KICT at 342 ft above the field - an arrival, a departure or a low pass. This trace holds no on-ground positions at all, which is ordinary: receiver coverage of a parked aircraft is thin. It places NOBODY aboard.",no
OWENS-025,25,2024-04-19,KPVU,Provo Municipal via SLC,regional,Provo,UT,,Erika,claimed Provo→Paris→SLC→Provo; Ep 256: blue plane to Provo via Paris and Salt Lake City,UNKNOWN,,SU-BND,"Gulfstream (G550/G-IV, trackers disagree)",,,"Cairo via Paris, Goose Bay, SLC (audit)",sat until 12 July (audit),,Owens sheet via Kanekoa audit (route wrong); Owens Ep 256,https://www.youtube.com/watch?v=YFmRH8p5lt0,audited_inaccurate,inaccurate,Utah,,,Charlie Prove Me Wrong University of Utah 2024-04-23 (4 days later),4,"Auditor: No — route was 4/18 Cairo–Paris, 4/19 Paris–Goose Bay–SLC–Provo, then sat until 12 July. The arrival itself is real; the sheet's route string is wrong. First documented Utah presence of this tail.",site/docs/Planes/following/Provo_KPVU_2024-04-19_to_2025-09-13/overview.mdx,Ep 256: 'our blue plane comes in... on April 19th. It goes to Provo. It comes in from Cairo via Paris. It makes a stop in Salt Lake City and then goes on to Provo.',ERIKA_ONLY,not_claimed,claimed,unknown,509,no,,Wasatch Front UT,site/docs/Planes/following/overlap/20240419_UT_provo_owens_025/overview.mdx,AT_CLAIMED_AIRPORT,0.05,"CORROBORATED, AND ON THE GROUND. A trace we pulled and kept puts this airframe on the ground 0.1 km from KPVU on the claimed date. It places NOBODY aboard.",yes
OWENS-026,26,2024-04-23,KPVU,Provo Municipal via Williston XWA,regional,Provo,UT,,Charlie,"Charlie Kirk Prove Me Wrong — University of Utah (Salt Lake City, ~45 mi)","University of Utah, Salt Lake City",,SU-BTT,Dassault Falcon 7X,,same_day,Cairo via Paris via Williston ND (XWA),Wilmington 2024-04-28,,Owens sheet via Kanekoa audit (ACCURATE 4/22–23); overlap page 20240423_UT_salt_lake_city; Owens Ep 256,https://x.com/KanekoaTheGreat/status/2000701268806062358,audited_accurate,accurate,Utah,UNKNOWN,,Charlie Prove Me Wrong U of Utah 2024-04-23,0,"Tightest sourced pre-2025 pairing: same day, 45 miles, SU-BND already parked since the 19th. Still a regional MRO field (Duncan Provo). Not the same airport as the event (SLC vs Provo).",site/docs/Planes/following/overlap/20240423_UT_salt_lake_city/overview.mdx,"Williston code XWA. SU-BTT lands Provo 12:13 pm per location page. Ep 256: 'who's in Utah at the same time? Of course, Charlie Kirk... Prove Me Wrong event at the University of Utah.'",CHARLIE_ONLY,unknown,not_claimed,unknown,505,yes,,Wasatch Front UT,site/docs/Planes/following/overlap/20240423_UT_provo_owens_026/overview.mdx,AT_CLAIMED_AIRPORT,0.00,"CORROBORATED, AND ON THE GROUND. A trace we pulled and kept puts this airframe on the ground 0.0 km from KPVU on the claimed date. It places NOBODY aboard.",yes
OWENS-027,27,2024-04-28,KILG,Wilmington New Castle,customs / bizjet,Wilmington,DE,,Erika,"claimed Provo→Wilmington→Cairo; Ep 256: 'Charlie's event is over, so we can move on'",UNKNOWN,,SU-BTT,Dassault Falcon 7X,,,Provo,Cairo,,Owens sheet via Kanekoa audit (ACCURATE); Owens Ep 256,https://www.youtube.com/watch?v=YFmRH8p5lt0,audited_accurate,accurate,Delaware / Utah,,,U of Utah 2024-04-23 (5 days earlier),5,Outbound customs after a Utah stay. Accurate routing. Ep 256 frames the departure as tracking the end of Charlie's event.,site/docs/Planes/following/Wilmington_KILG_2022-11-17_to_2025-10-12/overview.mdx,,ERIKA_ONLY,not_claimed,claimed,unknown,500,yes,,Delaware Valley DE/PA/NJ,site/docs/Planes/following/overlap/20240428_DE_wilmington_owens_027/overview.mdx,AT_CLAIMED_AIRPORT,1.56,"CORROBORATED IN THE AIR, NOT ON THE GROUND. Closest recovered position is 1.6 km from KILG at -80 ft above the field - an arrival, a departure or a low pass. The only on-ground positions in this trace are at KPVU (Provo Municipal Airport). It places NOBODY aboard.",no
OWENS-028,28,2024-07-20,KOMA,Omaha then Lincoln (claimed),international / Duncan,Omaha / Lincoln,NE,,Erika,claimed full Omaha→Lincoln→Wilmington→Cairo loop,UNKNOWN,,SU-BTT,Dassault Falcon 7X,,,Cairo via Paris,Wilmington / Cairo (claimed),,Owens sheet via Kanekoa audit,https://x.com/KanekoaTheGreat/status/2000701268806062358,audited_inaccurate,inaccurate,Nebraska,,,none in NE July 2024,,Kanekoa audit against FlightRadar24 Business + $950 FlightAware logs places the aircraft in Egypt / on another continent on this date. Counted in the 73 anyway because it is on the Owens sheet. This row is the 2024-dated twin of the real 2025-07-20 rotation (index 38/67).,site/docs/Planes/following/Omaha_KOMA_2024-02-09_to_2025-10-05/overview.mdx,Year-shifted copy of a 2025 rotation.,ERIKA_ONLY,not_claimed,claimed,unknown,417,no,,Omaha-Lincoln NE,site/docs/Planes/following/overlap/20240720_NE_omaha_lincoln_owens_028/overview.mdx,NOT_HEARD,,"SAYS ALMOST NOTHING. adsb-lol/airplanes-live served other airframes that day but holds no trace for this one. Parked with the transponder off, outside receiver coverage, and a wrong claimed date all look identical from here. AN ABSENCE IS NOT A FINDING.",
OWENS-029,29,2024-08-17,KOMA,Omaha then Lincoln (claimed),international / Duncan,Omaha / Lincoln,NE,,Erika,claimed Paris→Omaha→Lincoln→Wilmington→Cairo,UNKNOWN,,SU-BTT,Dassault Falcon 7X,,,Paris (claimed),Wilmington / Cairo (claimed),,Owens sheet via Kanekoa audit,https://x.com/KanekoaTheGreat/status/2000701268806062358,audited_inaccurate,inaccurate,Nebraska,,,none in NE Aug 2024,,Kanekoa audit against FlightRadar24 Business + $950 FlightAware logs places the aircraft in Egypt / on another continent on this date. Counted in the 73 anyway because it is on the Owens sheet. Auditor: Still in Egypt. Year-shifted copy of the real 2025-08-17 rotation (index 39).,site/docs/Planes/following/Omaha_KOMA_2024-02-09_to_2025-10-05/overview.mdx,,ERIKA_ONLY,not_claimed,claimed,unknown,389,no,,Omaha-Lincoln NE,site/docs/Planes/following/overlap/20240817_NE_omaha_lincoln_owens_029/overview.mdx,NOT_HEARD,,"SAYS ALMOST NOTHING. adsb-lol/airplanes-live served other airframes that day but holds no trace for this one. Parked with the transponder off, outside receiver coverage, and a wrong claimed date all look identical from here. AN ABSENCE IS NOT A FINDING.",
OWENS-030,30,2024-12-08,KPVU,Provo (claimed),regional,Provo,UT,,Erika,claimed Provo→Paris→Salt Lake City,UNKNOWN,,SU-BND,"Gulfstream (G550/G-IV, trackers disagree)",,,Provo (claimed),Paris / SLC (claimed),,Owens sheet via Kanekoa audit,https://x.com/KanekoaTheGreat/status/2000701268806062358,audited_inaccurate,inaccurate,Utah,,,AmericaFest 2024 Phoenix 2024-12-19 to 2024-12-24 (different state),,Kanekoa audit against FlightRadar24 Business + $950 FlightAware logs places the aircraft in Egypt / on another continent on this date. Counted in the 73 anyway because it is on the Owens sheet. Auditor: Cairo.,site/docs/Planes/following/Provo_KPVU_2024-04-19_to_2025-09-13/overview.mdx,,ERIKA_ONLY,not_claimed,claimed,unknown,276,no,,Wasatch Front UT,site/docs/Planes/following/overlap/20241208_UT_provo_owens_030/overview.mdx,NOT_HEARD,,"SAYS ALMOST NOTHING. adsb-lol/airplanes-live served other airframes that day but holds no trace for this one. Parked with the transponder off, outside receiver coverage, and a wrong claimed date all look identical from here. AN ABSENCE IS NOT A FINDING.",
OWENS-031,31,2025-01-12,KICT,Wichita (claimed),international / Falcon MRO,Wichita,KS,,Erika,claimed Paris→Wichita→Cairo,UNKNOWN,,SU-BTT,Dassault Falcon 7X,,,Paris (claimed),Cairo (claimed),,Owens sheet via Kanekoa audit,https://x.com/KanekoaTheGreat/status/2000701268806062358,audited_inaccurate,inaccurate,Kansas,,,Charlie Washington DC 2025-01-19 (different state),,Kanekoa audit against FlightRadar24 Business + $950 FlightAware logs places the aircraft in Egypt / on another continent on this date. Counted in the 73 anyway because it is on the Owens sheet.Duplicate row on the Owens sheet; counting it inflates the tally. Index 61 duplicates this row.,site/docs/Planes/following/Wichita_KICT_2022-11-13_to_2025-08-03/overview.mdx,Duplicate of OWENS-061.,ERIKA_ONLY,not_claimed,claimed,unknown,241,no,,Wichita KS,site/docs/Planes/following/overlap/20250112_KS_wichita_owens_031/overview.mdx,NOT_HEARD,,"SAYS ALMOST NOTHING. adsb-lol/airplanes-live served other airframes that day but holds no trace for this one. Parked with the transponder off, outside receiver coverage, and a wrong claimed date all look identical from here. AN ABSENCE IS NOT A FINDING.",
OWENS-032,32,2025-01-17,KICT,Wichita (claimed),international / Falcon MRO,Wichita,KS,,Erika,claimed Paris→Wichita,UNKNOWN,,SU-BTT,Dassault Falcon 7X,,,Paris (claimed),UNKNOWN,,Owens sheet via Kanekoa audit,https://x.com/KanekoaTheGreat/status/2000701268806062358,audited_inaccurate,inaccurate,Kansas,,,none in KS Jan 2025,,"Kanekoa audit against FlightRadar24 Business + $950 FlightAware logs places the aircraft in Egypt / on another continent on this date. Counted in the 73 anyway because it is on the Owens sheet. Auditor: Cairo / Berenice Airbase, Egypt.",site/docs/Planes/following/Wichita_KICT_2022-11-13_to_2025-08-03/overview.mdx,,ERIKA_ONLY,not_claimed,claimed,unknown,236,no,,Wichita KS,site/docs/Planes/following/overlap/20250117_KS_wichita_owens_032/overview.mdx,NOT_HEARD,,"SAYS ALMOST NOTHING. adsb-lol/airplanes-live served other airframes that day but holds no trace for this one. Parked with the transponder off, outside receiver coverage, and a wrong claimed date all look identical from here. AN ABSENCE IS NOT A FINDING.",
OWENS-033,33,2025-03-15,KICT,Wichita (claimed),international / Falcon MRO,Wichita,KS,,Charlie,sheet Charlie Present column reportedly Yes on the last three visible rows including this date,UNKNOWN,,SU-BTT,Dassault Falcon 7X,,,Wichita (claimed),Wilmington / Cairo (claimed),,"Owens sheet via Kanekoa audit; Following-Charlie-Erika.mdx on Charlie Present = Yes for 3/15/2025, 3/22/2025, 5/23/2025",https://x.com/KanekoaTheGreat/status/2000701268806062358,audited_inaccurate,inaccurate,Kansas / Delaware,Yes,,Charlie at UCLA Los Angeles 2025-03-03; Gainesville 2025-03-18 (neither Kansas),,Kanekoa audit against FlightRadar24 Business + $950 FlightAware logs places the aircraft in Egypt / on another continent on this date. Counted in the 73 anyway because it is on the Owens sheet.Duplicate row on the Owens sheet; counting it inflates the tally. Index 63 duplicates this row. Sheet's own Charlie Present = Yes is not backed by a sourced Kansas event.,site/docs/Planes/following/Wichita_KICT_2022-11-13_to_2025-08-03/overview.mdx,One of three visible Charlie Present = Yes cells. Plane in Cairo.,CHARLIE_AND_ERIKA,claimed,claimed,unknown,179,no,,Wichita KS,site/docs/Planes/following/overlap/20250315_KS_wichita_owens_033/overview.mdx,NOT_HEARD,,"SAYS ALMOST NOTHING. adsb-lol/airplanes-live served other airframes that day but holds no trace for this one. Parked with the transponder off, outside receiver coverage, and a wrong claimed date all look identical from here. AN ABSENCE IS NOT A FINDING.",
OWENS-034,34,2025-03-22,KICT,Wichita (claimed),international / Falcon MRO,Wichita,KS,,Charlie,sheet Charlie Present = Yes,UNKNOWN,,SU-BTT,Dassault Falcon 7X,,,Wichita (claimed),Wilmington / Cairo (claimed),,Owens sheet via Kanekoa audit; Following-Charlie-Erika.mdx Charlie Present extract,https://x.com/KanekoaTheGreat/status/2000701268806062358,audited_inaccurate,inaccurate,Kansas / Delaware,Yes,,none in KS March 2025,,Kanekoa audit against FlightRadar24 Business + $950 FlightAware logs places the aircraft in Egypt / on another continent on this date. Counted in the 73 anyway because it is on the Owens sheet.,site/docs/Planes/following/Wichita_KICT_2022-11-13_to_2025-08-03/overview.mdx,Second of three visible Charlie Present = Yes cells.,CHARLIE_AND_ERIKA,claimed,claimed,unknown,172,no,,Wichita KS,site/docs/Planes/following/overlap/20250322_KS_wichita_owens_034/overview.mdx,NOT_HEARD,,"SAYS ALMOST NOTHING. adsb-lol/airplanes-live served other airframes that day but holds no trace for this one. Parked with the transponder off, outside receiver coverage, and a wrong claimed date all look identical from here. AN ABSENCE IS NOT A FINDING.",
OWENS-035,35,2025-05-23,KPVU,Provo Municipal,regional / Duncan Provo,Provo,UT,,Charlie,"sheet: Lands in Provo, Utah; Charlie Present = Yes on visible extract",Provo Municipal / Duncan Aviation,,SU-BND,"Gulfstream (G550/G-IV, trackers disagree)",,other,UNKNOWN,sat until 2025-09-13 (113 days),,Owens sheet via Kanekoa audit (ACCURATE); SU-BND page,https://x.com/KanekoaTheGreat/status/2000701268806062358,audited_accurate,accurate,Utah,Yes,,Charlie San Francisco 2025-05-06; YWLS Grapevine TX 2025-06-13 (neither Provo). No sourced Kirk presence at Provo during the 113-day stay.,,Accurate landing. Auditor volunteers: 'ACCURATE POSS BROKEN JET GROUNDED IN PROVO.' Four-month stay is a maintenance-visit length. Sheet Charlie Present = Yes is not matched by a sourced Charlie location in Utah on 23 May. Duplicate as index 65.,site/docs/Planes/following/Provo_KPVU_2024-04-19_to_2025-09-13/overview.mdx,Longest single presence in the pattern. Survives every audit. Index 65 is the same landing counted twice.,CHARLIE_AND_ERIKA,claimed,claimed,unknown,110,yes,,Wasatch Front UT,site/docs/Planes/following/overlap/20250523_UT_provo_owens_035/overview.mdx,AT_CLAIMED_AIRPORT,0.03,"CORROBORATED, AND ON THE GROUND. A trace we pulled and kept puts this airframe on the ground 0.0 km from KPVU on the claimed date. It places NOBODY aboard.",yes
OWENS-036,36,2025-06-18,KOMA,Omaha then Lincoln (claimed),international / Duncan,Omaha / Lincoln,NE,,Erika,claimed Paris→Omaha→Lincoln→Wilmington→Cairo,UNKNOWN,,SU-BTT,Dassault Falcon 7X,,,Paris (claimed),Wilmington / Cairo (claimed),,Owens sheet via Kanekoa audit,https://x.com/KanekoaTheGreat/status/2000701268806062358,audited_inaccurate,inaccurate,Nebraska,,,YWLS Grapevine TX 2025-06-13 to 2025-06-15 (the only well-dated joint Charlie-and-Erika appearance before Sept 10 — and no aircraft in Texas),,Kanekoa audit against FlightRadar24 Business + $950 FlightAware logs places the aircraft in Egypt / on another continent on this date. Counted in the 73 anyway because it is on the Owens sheet. The one well-dated Erika appearance in the whole window has no jet in the state.,site/docs/Planes/following/Omaha_KOMA_2024-02-09_to_2025-10-05/overview.mdx,,ERIKA_ONLY,not_claimed,claimed,unknown,84,no,,Omaha-Lincoln NE,site/docs/Planes/following/overlap/20250618_NE_omaha_lincoln_owens_036/overview.mdx,ELSEWHERE,10139.55,"REFUTED. The airframe was tracked that day and its closest recovered position is 10,140 km from KOMA.",
OWENS-037,37,2025-07-07,KPVU,Provo (sheet said leaving; audit says still there),regional,Provo,UT,,Erika,claimed Goose Bay→Paris→Cairo departure,UNKNOWN,,SU-BND,"Gulfstream (G550/G-IV, trackers disagree)",,,Provo (actual),nowhere — still in Provo,,Owens sheet via Kanekoa audit,https://x.com/KanekoaTheGreat/status/2000701268806062358,audited_inaccurate,inaccurate,Utah,,,Charlie SAS Tampa 2025-07-11 (different state),,Auditor: Provo — the plane was in Provo from 5/23 until 9/13. Sheet has it leaving. Index 66 is the same claimed departure.,site/docs/Planes/following/Provo_KPVU_2024-04-19_to_2025-09-13/overview.mdx,"Wrong-direction error: aircraft was parked, sheet has it flying home.",ERIKA_ONLY,not_claimed,claimed,unknown,65,no,,Wasatch Front UT,site/docs/Planes/following/overlap/20250707_UT_provo_owens_037/overview.mdx,NOT_HEARD,,"SAYS ALMOST NOTHING. adsb-lol/airplanes-live served other airframes that day but holds no trace for this one. Parked with the transponder off, outside receiver coverage, and a wrong claimed date all look identical from here. AN ABSENCE IS NOT A FINDING.",
OWENS-038,38,2025-07-20,KOMA,Omaha Eppley then Lincoln,international / Duncan,Omaha / Lincoln,NE,,Erika,trackers call this SU-BTT first-ever US trip; claimed overlap with Erika,UNKNOWN,,SU-BTT,Dassault Falcon 7X,,,Cairo via Paris,Lincoln same day; Wilmington 2025-07-26; Cairo 2025-07-27,,Owens sheet via Kanekoa audit (partial); Candace first posts; flights.csv,https://x.com/RealCandaceO/status/1977168281456066960,audited_partial,partial,Nebraska,,,"Charlie SAS Tampa FL 2025-07-11 to 2025-07-13 (9 days earlier, different state). Charlie Omaha 2024-04-09 / 2024-10-22 (15+ months earlier).",9_different_state,"Partial: Cairo→Paris→Omaha→Lincoln 7/19–7/20 is real; Lincoln→Wilmington→Cairo is 7/26–7/27, not the same day. Some compilations relabel Omaha as 'an Army base'; research found no primary post naming Offutt. Duncan Aviation has held the Egyptian Air Force Falcon/VIP maintenance account since 1999; Lincoln is the main plant, Provo a second facility. A landing at Lincoln, Omaha (15-min hop to Lincoln), Wichita (Yingling Falcon service centre), or Wilmington (outbound customs only) is also what that contract produces.",site/docs/Planes/following/Omaha_KOMA_2024-02-09_to_2025-10-05/overview.mdx,Owens Oct 12 2025: 'It's first trip to America EVER was made on July 20t—to an army base in Nebraska.' Index 67 is this rotation counted again.,ERIKA_ONLY,not_claimed,claimed,unknown,52,partial,,Omaha-Lincoln NE,site/docs/Planes/following/overlap/20250720_NE_omaha_lincoln_owens_038/overview.mdx,AT_CLAIMED_AIRPORT,1.33,"CORROBORATED IN THE AIR, NOT ON THE GROUND. Closest recovered position is 1.3 km from KOMA at 591 ft above the field - an arrival, a departure or a low pass. The only on-ground positions in this trace are at LFPB (Paris-Le Bourget International Airport). It places NOBODY aboard.",no
OWENS-039,39,2025-08-17,KOMA,Omaha Eppley then Lincoln,international / Duncan,Omaha / Lincoln,NE,,Erika,claimed overlap; first sustained US stay per some compilations,UNKNOWN,,SU-BTT,Dassault Falcon 7X,,,Cairo via Paris 16 Aug (audit),Lincoln; Wilmington 8/23; Cairo 8/24,,Owens sheet via Kanekoa audit (partial); flights.csv,https://x.com/KanekoaTheGreat/status/2000701268806062358,audited_partial,partial,Nebraska,,,"Charlie Win the Storm Dallas 2025-08-20 to 2025-08-22 and North Myrtle Beach 2025-08-21 (different states, during the Lincoln dwell)",,"Accurate-ish routing. No Kirk/TPUSA event in Nebraska those days. Dwell is the standard 5–8 day shop window. Duncan Aviation has held the Egyptian Air Force Falcon/VIP maintenance account since 1999; Lincoln is the main plant, Provo a second facility. A landing at Lincoln, Omaha (15-min hop to Lincoln), Wichita (Yingling Falcon service centre), or Wilmington (outbound customs only) is also what that contract produces.",site/docs/Planes/following/Omaha_KOMA_2024-02-09_to_2025-10-05/overview.mdx,"While the jet sat in Lincoln, Charlie was in Texas and South Carolina.",ERIKA_ONLY,not_claimed,claimed,unknown,24,partial,,Omaha-Lincoln NE,site/docs/Planes/following/overlap/20250817_NE_omaha_lincoln_owens_039/overview.mdx,AT_CLAIMED_AIRPORT,0.50,"CORROBORATED IN THE AIR, NOT ON THE GROUND. Closest recovered position is 0.5 km from KOMA at 391 ft above the field - an arrival, a departure or a low pass. This trace holds no on-ground positions at all, which is ordinary: receiver coverage of a parked aircraft is thin. It places NOBODY aboard.",no
OWENS-040,40,2025-09-04,KPVU,Provo Municipal via Minot,regional / Duncan Provo,Provo,UT,,Charlie,six days before UVU; contractors/rental-car claims attach to this arrival,Provo Municipal / Duncan Aviation,,SU-BTT,Dassault Falcon 7X,,other,Cairo via Paris via Minot ND,Wilmington 2025-09-10,,Owens sheet via Kanekoa audit (ACCURATE 9/3 and 9/4); overlap page 20250910_UT_orem,https://x.com/KanekoaTheGreat/status/2000701268806062358,audited_accurate,accurate,Utah,,,Charlie in Seoul 2025-09-05 to 2025-09-06 then Tokyo 2025-09-07 then UVU Orem 2025-09-10. Aircraft already parked before he was back in the country.,6,Accurate arrival. Six-day gap to the event. Charlie was in Asia 5–7 Sep. Duncan Provo is a real Falcon shop. Survives every audit and is the September window.,site/docs/Planes/following/overlap/20250910_UT_orem/overview.mdx,"THE CENTRAL ARRIVAL. Minot is the US entry / customs field, not Provo.",CHARLIE_ONLY,claimed,not_claimed,unknown,6,yes,,Wasatch Front UT,site/docs/Planes/following/overlap/20250904_UT_provo_owens_040/overview.mdx,AT_CLAIMED_AIRPORT,0.16,"CORROBORATED, AND ON THE GROUND. A trace we pulled and kept puts this airframe on the ground 0.2 km from KPVU on the claimed date. It places NOBODY aboard.",yes
OWENS-041,41,2025-09-10,KPVU,Provo Municipal (origin) then Wilmington,regional then customs,Provo then Wilmington,UT/DE,,Both,Charlie Kirk assassinated UVU Orem ~7 mi from Provo; SU-BTT departs morning; sheet route said Paris→Lincoln→Wilmington→Cairo,"Utah Valley University, Orem / Wilmington KILG",,SU-BTT,Dassault Falcon 7X,,same_day,Provo ramp (not Paris),Wilmington evening 9/10 then Cairo 9/11,,"Owens sheet via Kanekoa audit (substance confirmed, origin corrected); Brick Suit time-zone correction; overlap pages 20250910_UT_orem and 20250910_DE_wilmington",https://x.com/Brick_Suit/status/1977228792868618560,audited_inaccurate,inaccurate,Nebraska / Delaware (spreadsheet) vs Arizona (Erika's own account),UNKNOWN,,Charlie at UVU Orem 2025-09-10 12:23:30 MDT,0,"Sheet origin is wrong (Paris/Lincoln vs Provo). Wheels-up ~7:08 AM MDT / 13:08 UTC per Brick Suit, hours BEFORE the shot — Owens first said AFTER, then corrected. Liz Wheeler's one same-day same-airport remainder. Erika has said she stayed home in Arizona; the sheet puts her in Nebraska/Delaware. SU-BND transponder on, no takeoff. Three irreconcilable departure clocks.",site/docs/Planes/following/overlap/20250910_UT_orem/overview.mdx,"The only same-day same-airport row Wheeler will grant. Audit marks the ROW inaccurate because of the origin string, while confirming the Provo→Wilmington→Cairo substance.",CHARLIE_AND_ERIKA,claimed,claimed,claimed,0,no,The American Comeback Tour — UVU (first stop of the fall tou,Wasatch Front UT,site/docs/Planes/following/overlap/20250910_UTDE_provo_then_wilmington_owens_041/overview.mdx,AT_CLAIMED_AIRPORT,1.23,"CORROBORATED, AND ON THE GROUND. A trace we pulled and kept puts this airframe on the ground 1.2 km from KPVU on the claimed date. It places NOBODY aboard.",yes
OWENS-042,42,2025-09-13,KPVU,Provo Municipal,regional,Provo,UT,,Erika,SU-BND leaves after 113 days,Provo Municipal,,SU-BND,"Gulfstream (G550/G-IV, trackers disagree)",,,Provo ramp since 2025-05-23,Goose Bay → Paris 9/13; Paris → Cairo 9/15,,Owens sheet via Kanekoa audit (ACCURATE),https://x.com/KanekoaTheGreat/status/2000701268806062358,audited_accurate,accurate,Utah,,,UVU 2025-09-10 (3 days earlier),3,"Accurate departure. Three days after the assassination, inside the sheet's ±3-day window. A four-month grounded stay ending after the event is also what a completed maintenance visit looks like.",site/docs/Planes/following/Provo_KPVU_2024-04-19_to_2025-09-13/overview.mdx,Closes the September window for the blue plane.,ERIKA_ONLY,not_claimed,claimed,unknown,-3,yes,,Wasatch Front UT,site/docs/Planes/following/overlap/20250913_UT_provo_owens_042/overview.mdx,AT_CLAIMED_AIRPORT,0.62,"CORROBORATED IN THE AIR, NOT ON THE GROUND. Closest recovered position is 0.6 km from KPVU at 3 ft above the field - an arrival, a departure or a low pass. This trace holds no on-ground positions at all, which is ordinary: receiver coverage of a parked aircraft is thin. It places NOBODY aboard.",no
OWENS-043,43,2022-11-25,KILG,Wilmington (claimed),customs / bizjet,Wilmington,DE,,Erika,claimed Paris→Wilmington→Cairo,UNKNOWN,,SU-BTT,Dassault Falcon 7X,,,Paris (claimed),Cairo (claimed),,Owens sheet via Kanekoa audit (archive gap),https://x.com/KanekoaTheGreat/status/2000701268806062358,claimed,archive_gap,Delaware,,,Charlie UNM Albuquerque 2022-11-30 (different state),,"Auditor: Data doesn't go back this far. In Cairo; closest flight was 11/20/22, Wilmington to Cairo.",site/docs/Planes/following/Wilmington_KILG_2022-11-17_to_2025-10-12/overview.mdx,2022 partly outside the archive Kanekoa used.,ERIKA_ONLY,not_claimed,claimed,unknown,1020,untestable_archive_gap,,Delaware Valley DE/PA/NJ,site/docs/Planes/following/overlap/20221125_DE_wilmington_owens_043/overview.mdx,NO_ARCHIVE_COVERAGE,,"SAYS NOTHING EITHER WAY. Neither free archive holds this date for any airframe we probed, so this is an archive limit and not suppression.",
OWENS-044,44,2022-12-05,KORD,Chicago (claimed),international,Chicago,IL,,Erika,claimed Paris→Chicago→Cairo,UNKNOWN,,SU-BTT,Dassault Falcon 7X,,,Paris (claimed),Cairo (claimed),,Owens sheet via Kanekoa audit (archive gap),https://x.com/KanekoaTheGreat/status/2000701268806062358,claimed,archive_gap,Illinois,,,none in IL Dec 2022,,"Auditor: Data doesn't go back this far. Still in Cairo; flew back into Cairo 20 Nov, out to Paris then St. Louis 20 Dec.",site/docs/Planes/following/73_overlaps.mdx,,ERIKA_ONLY,not_claimed,claimed,unknown,1010,untestable_archive_gap,,Chicago IL,site/docs/Planes/following/overlap/20221205_IL_chicago_owens_044/overview.mdx,NO_ARCHIVE_COVERAGE,,"SAYS NOTHING EITHER WAY. Neither free archive holds this date for any airframe we probed, so this is an archive limit and not suppression.",
OWENS-045,45,2023-01-12,KICT,Wichita (claimed),international / Falcon MRO,Wichita,KS,,Erika,claimed Paris→Wichita→Cairo,UNKNOWN,,SU-BTT,Dassault Falcon 7X,,,Paris (claimed),Cairo (claimed),,Owens sheet via Kanekoa audit,https://x.com/KanekoaTheGreat/status/2000701268806062358,audited_inaccurate,inaccurate,Kansas,,,none in KS Jan 2023,,Kanekoa audit against FlightRadar24 Business + $950 FlightAware logs places the aircraft in Egypt / on another continent on this date. Counted in the 73 anyway because it is on the Owens sheet. Auditor: In Cairo.,site/docs/Planes/following/Wichita_KICT_2022-11-13_to_2025-08-03/overview.mdx,,ERIKA_ONLY,not_claimed,claimed,unknown,972,no,,Wichita KS,site/docs/Planes/following/overlap/20230112_KS_wichita_owens_045/overview.mdx,NO_ARCHIVE_COVERAGE,,"SAYS NOTHING EITHER WAY. Neither free archive holds this date for any airframe we probed, so this is an archive limit and not suppression.",
OWENS-046,46,2023-02-25,KSUS,St. Louis Spirit of St. Louis (audit: one week at KSUS),municipal / metro,St. Louis,MO,,Erika,claimed Cairo→Paris→St. Louis→Wilmington→Cairo,UNKNOWN,,SU-BTT,Dassault Falcon 7X,,,Cairo via Paris,Wilmington 3/2; Cairo 3/4 (audit),,Owens sheet via Kanekoa audit (partial),https://x.com/KanekoaTheGreat/status/2000701268806062358,audited_partial,partial,Missouri,,,"Charlie UIC Chicago 2023-03-09 (12 days later, different state)",,"Partial: Cairo→Paris→St. Louis 2/24–2/25, one week at KSUS, then Wilmington 3/2, Cairo 3/4. Sheet compresses a week into one day. SU-BND is already in St. Louis from 21 Feb. Duncan Aviation has held the Egyptian Air Force Falcon/VIP maintenance account since 1999; Lincoln is the main plant, Provo a second facility. A landing at Lincoln, Omaha (15-min hop to Lincoln), Wichita (Yingling Falcon service centre), or Wilmington (outbound customs only) is also what that contract produces.",site/docs/Planes/following/StLouis_KSTL_2022-12-20_to_2025-02-23/overview.mdx,Three St. Louis fields (KSTL/KCPS/KSUS) get counted as separate visits in some tallies.,ERIKA_ONLY,not_claimed,claimed,unknown,928,partial,,St. Louis metro,site/docs/Planes/following/overlap/20230225_MO_st_louis_owens_046/overview.mdx,AT_CLAIMED_AIRPORT,2.22,"CORROBORATED IN THE AIR, NOT ON THE GROUND. Closest recovered position is 2.2 km from KSUS at -113 ft above the field - an arrival, a departure or a low pass. This trace holds no on-ground positions at all, which is ordinary: receiver coverage of a parked aircraft is thin. It places NOBODY aboard.",no
OWENS-047,47,2023-03-15,KOMA,Omaha (claimed),international,Omaha,NE,,Erika,claimed Paris→Omaha,UNKNOWN,,SU-BTT,Dassault Falcon 7X,,,Paris (claimed),UNKNOWN,,Owens sheet via Kanekoa audit,https://x.com/KanekoaTheGreat/status/2000701268806062358,audited_inaccurate,inaccurate,Nebraska,,,Charlie Rutgers New Brunswick 2023-03-21 / Columbus 2023-03-22 (different states),,Kanekoa audit against FlightRadar24 Business + $950 FlightAware logs places the aircraft in Egypt / on another continent on this date. Counted in the 73 anyway because it is on the Owens sheet. Auditor: In Egypt or Jordan.,site/docs/Planes/following/Omaha_KOMA_2024-02-09_to_2025-10-05/overview.mdx,,ERIKA_ONLY,not_claimed,claimed,unknown,910,no,,Omaha-Lincoln NE,site/docs/Planes/following/overlap/20230315_NE_omaha_owens_047/overview.mdx,NOT_HEARD,,"SAYS ALMOST NOTHING. adsb-lol/airplanes-live served other airframes that day but holds no trace for this one. Parked with the transponder off, outside receiver coverage, and a wrong claimed date all look identical from here. AN ABSENCE IS NOT A FINDING.",
OWENS-048,48,2023-03-27,KILG,Wilmington (claimed),customs / bizjet,Wilmington,DE,,Erika,claimed Omaha→Wilmington→Cairo,UNKNOWN,,SU-BTT,Dassault Falcon 7X,,,Omaha (claimed),Cairo (claimed),,Owens sheet via Kanekoa audit,https://x.com/KanekoaTheGreat/status/2000701268806062358,audited_inaccurate,inaccurate,Delaware / Nebraska,,,"Charlie TCU Fort Worth 2023-03-27 (same day, different state)",,Kanekoa audit against FlightRadar24 Business + $950 FlightAware logs places the aircraft in Egypt / on another continent on this date. Counted in the 73 anyway because it is on the Owens sheet.,site/docs/Planes/following/Wilmington_KILG_2022-11-17_to_2025-10-12/overview.mdx,Same day Charlie is in Texas. Plane in Egypt.,ERIKA_ONLY,not_claimed,claimed,unknown,898,no,,Delaware Valley DE/PA/NJ,site/docs/Planes/following/overlap/20230327_DE_wilmington_owens_048/overview.mdx,NOT_HEARD,,"SAYS ALMOST NOTHING. adsb-lol/airplanes-live served other airframes that day but holds no trace for this one. Parked with the transponder off, outside receiver coverage, and a wrong claimed date all look identical from here. AN ABSENCE IS NOT A FINDING.",
OWENS-049,49,2023-04-25,KICT,Wichita (claimed departure date),international / Falcon MRO,Wichita,KS,,TPUSA,two days after Topeka Faith event; sheet date is 5 days after actual Wichita–Wilmington hop,UNKNOWN,,SU-BTT,Dassault Falcon 7X,,,Wichita (claimed),Wilmington / Giza (claimed),,Owens sheet via Kanekoa audit,https://x.com/KanekoaTheGreat/status/2000701268806062358,audited_inaccurate,inaccurate,Kansas / Delaware,,,Topeka TPUSA Faith 2023-04-23,2,"Auditor: Close, but the plane flew Wichita–Wilmington on 4/20, then Wilmington–Giza 4/21. Sheet date is 5 days late. Topeka was already 3 days after the real departure.",site/docs/Planes/following/Wichita_KICT_2022-11-13_to_2025-08-03/overview.mdx,Date-shifted copy of OWENS-013.,TPUSA_NO_KIRK,not_claimed,not_claimed,claimed,869,no,,Wichita KS,site/docs/Planes/following/overlap/20230425_KS_wichita_owens_049/overview.mdx,NOT_HEARD,,"SAYS ALMOST NOTHING. adsb-lol/airplanes-live served other airframes that day but holds no trace for this one. Parked with the transponder off, outside receiver coverage, and a wrong claimed date all look identical from here. AN ABSENCE IS NOT A FINDING.",
OWENS-050,50,2023-05-12,KSTL,St. Louis (claimed),international / metro,St. Louis,MO,,Erika,claimed Missouri→Paris→Cairo,UNKNOWN,,SU-BND,"Gulfstream (G550/G-IV, trackers disagree)",,,Missouri (claimed),Paris / Cairo (claimed),,Owens sheet via Kanekoa audit,https://x.com/KanekoaTheGreat/status/2000701268806062358,audited_inaccurate,inaccurate,Missouri / Cairo,,,none in MO mid-May 2023,,Kanekoa audit against FlightRadar24 Business + $950 FlightAware logs places the aircraft in Egypt / on another continent on this date. Counted in the 73 anyway because it is on the Owens sheet. Auditor: Cairo. SU-BND's real Missouri departure is index 15 (5/9).,site/docs/Planes/following/StLouis_KSTL_2022-12-20_to_2025-02-23/overview.mdx,,ERIKA_ONLY,not_claimed,claimed,unknown,852,no,,St. Louis metro,site/docs/Planes/following/overlap/20230512_MO_st_louis_owens_050/overview.mdx,ELSEWHERE,7034.48,"REFUTED. The airframe was tracked that day and its closest recovered position is 7,034 km from KSTL.",
OWENS-051,51,2023-06-08,KICT,Wichita (claimed),international / Falcon MRO,Wichita,KS,,Erika,claimed Paris→Wichita→Cairo,UNKNOWN,,SU-BTT,Dassault Falcon 7X,,,Paris (claimed),Cairo (claimed),,Owens sheet via Kanekoa audit,https://x.com/KanekoaTheGreat/status/2000701268806062358,audited_inaccurate,inaccurate,Kansas,,,YWLS Grapevine TX 2023-06-09 (different state),,"Kanekoa audit against FlightRadar24 Business + $950 FlightAware logs places the aircraft in Egypt / on another continent on this date. Counted in the 73 anyway because it is on the Owens sheet. Auditor: Cairo — landed 1 June, took off out of Cairo 20 June.",site/docs/Planes/following/Wichita_KICT_2022-11-13_to_2025-08-03/overview.mdx,,ERIKA_ONLY,not_claimed,claimed,unknown,825,no,,Wichita KS,site/docs/Planes/following/overlap/20230608_KS_wichita_owens_051/overview.mdx,NOT_HEARD,,"SAYS ALMOST NOTHING. adsb-lol/airplanes-live served other airframes that day but holds no trace for this one. Parked with the transponder off, outside receiver coverage, and a wrong claimed date all look identical from here. AN ABSENCE IS NOT A FINDING.",
OWENS-052,52,2023-06-25,KILG,Wilmington (claimed),customs / bizjet,Wilmington,DE,,Erika,claimed Wilmington→Paris→Cairo,UNKNOWN,,SU-BND,"Gulfstream (G550/G-IV, trackers disagree)",,,Wilmington (claimed),Paris / Cairo (claimed),,Owens sheet via Kanekoa audit,https://x.com/KanekoaTheGreat/status/2000701268806062358,audited_inaccurate,inaccurate,Delaware,,,none in DE June 2023,,"Kanekoa audit against FlightRadar24 Business + $950 FlightAware logs places the aircraft in Egypt / on another continent on this date. Counted in the 73 anyway because it is on the Owens sheet. Auditor: Cairo — landed 20 June, took off 29 June.",site/docs/Planes/following/Wilmington_KILG_2022-11-17_to_2025-10-12/overview.mdx,SU-BND does not use Wilmington in the documented rotations; G-IVs use Goose Bay.,ERIKA_ONLY,not_claimed,claimed,unknown,808,no,,Delaware Valley DE/PA/NJ,site/docs/Planes/following/overlap/20230625_DE_wilmington_owens_052/overview.mdx,NOT_HEARD,,"SAYS ALMOST NOTHING. adsb-lol/airplanes-live served other airframes that day but holds no trace for this one. Parked with the transponder off, outside receiver coverage, and a wrong claimed date all look identical from here. AN ABSENCE IS NOT A FINDING.",
OWENS-053,53,2024-03-10,KSTL,St. Louis (claimed),international / metro,St. Louis,MO,,Erika,claimed Paris→St. Louis→Cairo,UNKNOWN,,SU-BTT,Dassault Falcon 7X,,,Paris (claimed),Cairo (claimed),,Owens sheet via Kanekoa audit,https://x.com/KanekoaTheGreat/status/2000701268806062358,audited_inaccurate,inaccurate,Missouri,,,Charlie Cal Poly SLO 2024-03-07 / Fullerton 2024-03-14 (California),,Kanekoa audit against FlightRadar24 Business + $950 FlightAware logs places the aircraft in Egypt / on another continent on this date. Counted in the 73 anyway because it is on the Owens sheet.,site/docs/Planes/following/StLouis_KSTL_2022-12-20_to_2025-02-23/overview.mdx,,ERIKA_ONLY,not_claimed,claimed,unknown,549,no,,St. Louis metro,site/docs/Planes/following/overlap/20240310_MO_st_louis_owens_053/overview.mdx,NOT_HEARD,,"SAYS ALMOST NOTHING. adsb-lol/airplanes-live served other airframes that day but holds no trace for this one. Parked with the transponder off, outside receiver coverage, and a wrong claimed date all look identical from here. AN ABSENCE IS NOT A FINDING.",
OWENS-054,54,2024-03-22,KICT,Wichita (claimed),international / Falcon MRO,Wichita,KS,,Erika,claimed Wichita→Wilmington→Cairo,UNKNOWN,,SU-BTT,Dassault Falcon 7X,,,Wichita (claimed),Wilmington / Cairo (claimed),,Owens sheet via Kanekoa audit,https://x.com/KanekoaTheGreat/status/2000701268806062358,audited_inaccurate,inaccurate,Kansas / Delaware,,,Charlie UNLV 2024-03-21 (different state),,Kanekoa audit against FlightRadar24 Business + $950 FlightAware logs places the aircraft in Egypt / on another continent on this date. Counted in the 73 anyway because it is on the Owens sheet.,site/docs/Planes/following/Wichita_KICT_2022-11-13_to_2025-08-03/overview.mdx,,ERIKA_ONLY,not_claimed,claimed,unknown,537,no,,Wichita KS,site/docs/Planes/following/overlap/20240322_KS_wichita_owens_054/overview.mdx,NOT_HEARD,,"SAYS ALMOST NOTHING. adsb-lol/airplanes-live served other airframes that day but holds no trace for this one. Parked with the transponder off, outside receiver coverage, and a wrong claimed date all look identical from here. AN ABSENCE IS NOT A FINDING.",
OWENS-055,55,2024-04-15,KOMA,Omaha (claimed),international,Omaha,NE,,Erika,claimed Paris→Omaha→Cairo,UNKNOWN,,SU-BTT,Dassault Falcon 7X,,,Paris (claimed),Cairo (claimed),,Owens sheet via Kanekoa audit,https://x.com/KanekoaTheGreat/status/2000701268806062358,audited_inaccurate,inaccurate,Nebraska,,,Charlie Omaha Lord of Hosts 2024-04-09 (6 days earlier) — a real Charlie appearance with NO aircraft in Nebraska,6,"Kanekoa audit against FlightRadar24 Business + $950 FlightAware logs places the aircraft in Egypt / on another continent on this date. Counted in the 73 anyway because it is on the Owens sheet. Auditor: Cairo, 5 Apr – 16 Apr. The nearby real Omaha event is a clean non-overlap.",site/docs/Planes/following/Omaha_KOMA_2024-02-09_to_2025-10-05/overview.mdx,Do not 'discover' the 4/9 Omaha appearance and publish it as a hit. No jet.,ERIKA_ONLY,not_claimed,claimed,unknown,513,no,,Omaha-Lincoln NE,site/docs/Planes/following/overlap/20240415_NE_omaha_owens_055/overview.mdx,NOT_HEARD,,"SAYS ALMOST NOTHING. adsb-lol/airplanes-live served other airframes that day but holds no trace for this one. Parked with the transponder off, outside receiver coverage, and a wrong claimed date all look identical from here. AN ABSENCE IS NOT A FINDING.",
OWENS-056,56,2024-05-03,KSTL,St. Louis (claimed test flight),municipal / metro,St. Louis,MO,,Erika,claimed test flight → Missouri,UNKNOWN,,SU-BND,"Gulfstream (G550/G-IV, trackers disagree)",,,UNKNOWN,UNKNOWN,,Owens sheet via Kanekoa audit,https://x.com/KanekoaTheGreat/status/2000701268806062358,audited_inaccurate,inaccurate,Missouri,,,Charlie Seattle 2024-05-07 (different state),,"Duplicate row on the Owens sheet; counting it inflates the tally. Auditor: Plane was on the ground in Provo. Also a duplicate of number 14, plus one year.",site/docs/Planes/following/Provo_KPVU_2024-04-19_to_2025-09-13/overview.mdx,"Year-advanced duplicate of OWENS-014. Aircraft actually in Provo, not Missouri.",ERIKA_ONLY,not_claimed,claimed,unknown,495,no,,St. Louis metro,site/docs/Planes/following/overlap/20240503_MO_st_louis_owens_056/overview.mdx,NOT_HEARD,,"SAYS ALMOST NOTHING. adsb-lol/airplanes-live served other airframes that day but holds no trace for this one. Parked with the transponder off, outside receiver coverage, and a wrong claimed date all look identical from here. AN ABSENCE IS NOT A FINDING.",
OWENS-057,57,2024-05-10,KSTL,St. Louis (claimed),international / metro,St. Louis,MO,,Erika,claimed Missouri→Paris→Cairo,UNKNOWN,,SU-BND,"Gulfstream (G550/G-IV, trackers disagree)",,,Missouri (claimed),Paris / Cairo (claimed),,Owens sheet via Kanekoa audit,https://x.com/KanekoaTheGreat/status/2000701268806062358,audited_inaccurate,inaccurate,Missouri,,,none in MO May 2024,,"Auditor: Provo — it was sitting in Provo 19 Apr – 17 Jul. Wrong city, wrong state, wrong continent relative to the sheet's Missouri cell.",site/docs/Planes/following/Provo_KPVU_2024-04-19_to_2025-09-13/overview.mdx,,ERIKA_ONLY,not_claimed,claimed,unknown,488,no,,St. Louis metro,site/docs/Planes/following/overlap/20240510_MO_st_louis_owens_057/overview.mdx,NOT_HEARD,,"SAYS ALMOST NOTHING. adsb-lol/airplanes-live served other airframes that day but holds no trace for this one. Parked with the transponder off, outside receiver coverage, and a wrong claimed date all look identical from here. AN ABSENCE IS NOT A FINDING.",
OWENS-058,58,2024-06-18,KLNK,Lincoln (claimed),municipal / Duncan,Lincoln,NE,,Erika,claimed Paris→Lincoln→Wilmington→Cairo,UNKNOWN,,SU-BTT,Dassault Falcon 7X,,,Paris (claimed),Wilmington / Cairo (claimed),,Owens sheet via Kanekoa audit,https://x.com/KanekoaTheGreat/status/2000701268806062358,audited_inaccurate,inaccurate,Nebraska,,,People's Convention Detroit 2024-06-14 (different state),,Kanekoa audit against FlightRadar24 Business + $950 FlightAware logs places the aircraft in Egypt / on another continent on this date. Counted in the 73 anyway because it is on the Owens sheet.,site/docs/Planes/following/Lincoln_KLNK_2024-02-09_to_2025-10-11/overview.mdx,,ERIKA_ONLY,not_claimed,claimed,unknown,449,no,,Omaha-Lincoln NE,site/docs/Planes/following/overlap/20240618_NE_lincoln_owens_058/overview.mdx,NOT_HEARD,,"SAYS ALMOST NOTHING. adsb-lol/airplanes-live served other airframes that day but holds no trace for this one. Parked with the transponder off, outside receiver coverage, and a wrong claimed date all look identical from here. AN ABSENCE IS NOT A FINDING.",
OWENS-059,59,2024-07-05,KICT,Wichita (claimed),international / Falcon MRO,Wichita,KS,,Erika,claimed Wichita→Wilmington→Paris,UNKNOWN,,SU-BTT,Dassault Falcon 7X,,,Wichita (claimed),Wilmington / Paris (claimed),,Owens sheet via Kanekoa audit,https://x.com/KanekoaTheGreat/status/2000701268806062358,audited_inaccurate,inaccurate,Kansas / Delaware,,,none in KS July 2024,,Kanekoa audit against FlightRadar24 Business + $950 FlightAware logs places the aircraft in Egypt / on another continent on this date. Counted in the 73 anyway because it is on the Owens sheet. Auditor: Still in Egypt.,site/docs/Planes/following/Wichita_KICT_2022-11-13_to_2025-08-03/overview.mdx,,ERIKA_ONLY,not_claimed,claimed,unknown,432,no,,Wichita KS,site/docs/Planes/following/overlap/20240705_KS_wichita_owens_059/overview.mdx,NOT_HEARD,,"SAYS ALMOST NOTHING. adsb-lol/airplanes-live served other airframes that day but holds no trace for this one. Parked with the transponder off, outside receiver coverage, and a wrong claimed date all look identical from here. AN ABSENCE IS NOT A FINDING.",
OWENS-060,60,2024-07-25,KOMA,Omaha then Lincoln (claimed),international / Duncan,Omaha / Lincoln,NE,,Erika,claimed Paris→Omaha→Lincoln→Wilmington→Cairo,UNKNOWN,,SU-BTT,Dassault Falcon 7X,,,Paris (claimed),Wilmington / Cairo (claimed),,Owens sheet via Kanekoa audit,https://x.com/KanekoaTheGreat/status/2000701268806062358,audited_inaccurate,inaccurate,Nebraska,,,Charlie West Palm Beach 2024-07-24 and 2024-07-26 (different state),,Kanekoa audit against FlightRadar24 Business + $950 FlightAware logs places the aircraft in Egypt / on another continent on this date. Counted in the 73 anyway because it is on the Owens sheet. Auditor note: 'Yeppers egypt'.,site/docs/Planes/following/Omaha_KOMA_2024-02-09_to_2025-10-05/overview.mdx,,ERIKA_ONLY,not_claimed,claimed,unknown,412,no,,Omaha-Lincoln NE,site/docs/Planes/following/overlap/20240725_NE_omaha_lincoln_owens_060/overview.mdx,NOT_HEARD,,"SAYS ALMOST NOTHING. adsb-lol/airplanes-live served other airframes that day but holds no trace for this one. Parked with the transponder off, outside receiver coverage, and a wrong claimed date all look identical from here. AN ABSENCE IS NOT A FINDING.",
OWENS-061,61,2025-01-12,KICT,Wichita (claimed),international / Falcon MRO,Wichita,KS,,Erika,claimed Paris→Wichita→Cairo — DUPLICATE of index 31,UNKNOWN,,SU-BTT,Dassault Falcon 7X,,,Paris (claimed),Cairo (claimed),,Owens sheet via Kanekoa audit,https://x.com/KanekoaTheGreat/status/2000701268806062358,audited_inaccurate,inaccurate,Kansas,,,none,,Duplicate row on the Owens sheet; counting it inflates the tally.Kanekoa audit against FlightRadar24 Business + $950 FlightAware logs places the aircraft in Egypt / on another continent on this date. Counted in the 73 anyway because it is on the Owens sheet. Duplicate of index 31.,site/docs/Planes/following/Wichita_KICT_2022-11-13_to_2025-08-03/overview.mdx,Mechanical double-count.,ERIKA_ONLY,not_claimed,claimed,unknown,241,no,,Wichita KS,site/docs/Planes/following/overlap/20250112_KS_wichita_owens_061/overview.mdx,NOT_HEARD,,"SAYS ALMOST NOTHING. adsb-lol/airplanes-live served other airframes that day but holds no trace for this one. Parked with the transponder off, outside receiver coverage, and a wrong claimed date all look identical from here. AN ABSENCE IS NOT A FINDING.",
OWENS-062,62,2025-02-08,KOMA,Omaha (claimed),international,Omaha,NE,,Erika,claimed Paris→Omaha→Cairo,UNKNOWN,,SU-BTT,Dassault Falcon 7X,,,Paris (claimed),Cairo (claimed),,Owens sheet via Kanekoa audit,https://x.com/KanekoaTheGreat/status/2000701268806062358,audited_inaccurate,inaccurate,Nebraska,,,Charlie Phoenix 2025-02-18 (different state),,Kanekoa audit against FlightRadar24 Business + $950 FlightAware logs places the aircraft in Egypt / on another continent on this date. Counted in the 73 anyway because it is on the Owens sheet.,site/docs/Planes/following/Omaha_KOMA_2024-02-09_to_2025-10-05/overview.mdx,,ERIKA_ONLY,not_claimed,claimed,unknown,214,no,,Omaha-Lincoln NE,site/docs/Planes/following/overlap/20250208_NE_omaha_owens_062/overview.mdx,NOT_HEARD,,"SAYS ALMOST NOTHING. adsb-lol/airplanes-live served other airframes that day but holds no trace for this one. Parked with the transponder off, outside receiver coverage, and a wrong claimed date all look identical from here. AN ABSENCE IS NOT A FINDING.",
OWENS-063,63,2025-03-15,KICT,Wichita (claimed),international / Falcon MRO,Wichita,KS,,Charlie,claimed Wichita→Wilmington→Cairo — DUPLICATE of index 33,UNKNOWN,,SU-BTT,Dassault Falcon 7X,,,Wichita (claimed),Wilmington / Cairo (claimed),,Owens sheet via Kanekoa audit,https://x.com/KanekoaTheGreat/status/2000701268806062358,audited_inaccurate,inaccurate,Kansas / Delaware,Yes,,none in KS,,Duplicate row on the Owens sheet; counting it inflates the tally.Kanekoa audit against FlightRadar24 Business + $950 FlightAware logs places the aircraft in Egypt / on another continent on this date. Counted in the 73 anyway because it is on the Owens sheet. Duplicate of index 33.,site/docs/Planes/following/Wichita_KICT_2022-11-13_to_2025-08-03/overview.mdx,Mechanical double-count of a Charlie Present = Yes cell.,CHARLIE_AND_ERIKA,claimed,claimed,unknown,179,no,,Wichita KS,site/docs/Planes/following/overlap/20250315_KS_wichita_owens_063/overview.mdx,NOT_HEARD,,"SAYS ALMOST NOTHING. adsb-lol/airplanes-live served other airframes that day but holds no trace for this one. Parked with the transponder off, outside receiver coverage, and a wrong claimed date all look identical from here. AN ABSENCE IS NOT A FINDING.",
OWENS-064,64,2025-04-19,KPVU,Provo (claimed),regional,Provo,UT,,Erika,claimed Provo→Paris→SLC→Provo — year-shifted copy of 2024-04-19,UNKNOWN,,SU-BND,"Gulfstream (G550/G-IV, trackers disagree)",,,Provo (claimed),Paris / SLC / Provo (claimed),,Owens sheet via Kanekoa audit,https://x.com/KanekoaTheGreat/status/2000701268806062358,audited_inaccurate,inaccurate,Utah,,,"Charlie Laramie 2025-04-24 (different state). SU-BGM WAS at Provo 2025-04-16 — different tail, not in the 73-tally.",,Kanekoa audit against FlightRadar24 Business + $950 FlightAware logs places the aircraft in Egypt / on another continent on this date. Counted in the 73 anyway because it is on the Owens sheet. Year-advanced copy of index 25. SU-BND's real 2025 Provo landing is 23 May (index 35).,site/docs/Planes/following/Provo_KPVU_2024-04-19_to_2025-09-13/overview.mdx,,ERIKA_ONLY,not_claimed,claimed,unknown,144,no,,Wasatch Front UT,site/docs/Planes/following/overlap/20250419_UT_provo_owens_064/overview.mdx,NOT_HEARD,,"SAYS ALMOST NOTHING. adsb-lol/airplanes-live served other airframes that day but holds no trace for this one. Parked with the transponder off, outside receiver coverage, and a wrong claimed date all look identical from here. AN ABSENCE IS NOT A FINDING.",
OWENS-065,65,2025-05-23,KPVU,Provo Municipal,regional / Duncan Provo,Provo,UT,,Charlie,Lands in Provo — DOUBLE ENTRY of index 35,Provo Municipal / Duncan Aviation,,SU-BND,"Gulfstream (G550/G-IV, trackers disagree)",,,UNKNOWN,sat until 2025-09-13,,"Owens sheet via Kanekoa audit (ACCURATE landing, counted twice)",https://x.com/KanekoaTheGreat/status/2000701268806062358,audited_accurate,accurate,Utah,Yes,,none in UT 23 May 2025,,Duplicate row on the Owens sheet; counting it inflates the tally. Double entry on the Owens sheet — ref index 35. The landing is real; counting it twice is not.,site/docs/Planes/following/Provo_KPVU_2024-04-19_to_2025-09-13/overview.mdx,Same event as OWENS-035.,CHARLIE_AND_ERIKA,claimed,claimed,unknown,110,yes,,Wasatch Front UT,site/docs/Planes/following/overlap/20250523_UT_provo_owens_065/overview.mdx,AT_CLAIMED_AIRPORT,0.03,"CORROBORATED, AND ON THE GROUND. A trace we pulled and kept puts this airframe on the ground 0.0 km from KPVU on the claimed date. It places NOBODY aboard.",yes
OWENS-066,66,2025-07-07,KPVU,Provo (sheet said leaving),regional,Provo,UT,,Erika,claimed leaves for Cairo via Goose Bay and Paris — same as index 37,UNKNOWN,,SU-BND,"Gulfstream (G550/G-IV, trackers disagree)",,,Provo,nowhere — still in Provo,,Owens sheet via Kanekoa audit,https://x.com/KanekoaTheGreat/status/2000701268806062358,audited_inaccurate,inaccurate,Utah,,,SAS Tampa 2025-07-11,,Duplicate row on the Owens sheet; counting it inflates the tally. Auditor: Provo. Ref index 35. Only local flights were flown in and around Provo from 10 June to 13 Sept.,site/docs/Planes/following/Provo_KPVU_2024-04-19_to_2025-09-13/overview.mdx,Duplicate of OWENS-037.,ERIKA_ONLY,not_claimed,claimed,unknown,65,no,,Wasatch Front UT,site/docs/Planes/following/overlap/20250707_UT_provo_owens_066/overview.mdx,NOT_HEARD,,"SAYS ALMOST NOTHING. adsb-lol/airplanes-live served other airframes that day but holds no trace for this one. Parked with the transponder off, outside receiver coverage, and a wrong claimed date all look identical from here. AN ABSENCE IS NOT A FINDING.",
OWENS-067,67,2025-07-20,KLNK,Lincoln (audit: terminated 20 Jul in Lincoln),municipal / Duncan,Lincoln,NE,,Erika,claimed Cairo→Paris→Omaha→Lincoln→Wilmington→Cairo — second copy of index 38,UNKNOWN,,SU-BTT,Dassault Falcon 7X,,,Cairo via Paris via Omaha,Lincoln 20 Jul; return 26 Jul,,Owens sheet via Kanekoa audit (accurate-ish),https://x.com/KanekoaTheGreat/status/2000701268806062358,audited_accurate,accurate,Nebraska,,,"SAS Tampa 2025-07-11 (9 days earlier, different state)",,"Duplicate row on the Owens sheet; counting it inflates the tally. Accurate-ish — began 19 Jul in Cairo, terminated 20 Jul in Lincoln; return leg six days later, 26 Jul. Same rotation as OWENS-038 counted again. Duncan Aviation has held the Egyptian Air Force Falcon/VIP maintenance account since 1999; Lincoln is the main plant, Provo a second facility. A landing at Lincoln, Omaha (15-min hop to Lincoln), Wichita (Yingling Falcon service centre), or Wilmington (outbound customs only) is also what that contract produces.",site/docs/Planes/following/Lincoln_KLNK_2024-02-09_to_2025-10-11/overview.mdx,Audit numbering runs to 67 while summary bars count of 65.,ERIKA_ONLY,not_claimed,claimed,unknown,52,yes,,Omaha-Lincoln NE,site/docs/Planes/following/overlap/20250720_NE_lincoln_owens_067/overview.mdx,AT_CLAIMED_AIRPORT,7.20,"CORROBORATED IN THE AIR, NOT ON THE GROUND. Closest recovered position is 7.2 km from KLNK at 881 ft above the field - an arrival, a departure or a low pass. The only on-ground positions in this trace are at LFPB (Paris-Le Bourget International Airport). It places NOBODY aboard.",no
UNPUB-001,,UNKNOWN,,,,,,,Erika,unpublished extra overlap Owens said she added on 17 Nov 2025 to take the count from 68 to 73,,,SU-BTT or SU-BND,UNKNOWN,,unknown,,,,"Candace Owens, Operation Mocking-Plane, 17 Nov 2025: '68 overlaps. I have since been able to add now 73 times that this overlapped.'",https://www.youtube.com/watch?v=JQjCAsfoXEE,unpublished,unpublished,UNKNOWN,UNKNOWN,UNKNOWN,,,"These five rows were never published as dates, cities, tails, or screenshots. Kanekoa and Liz Wheeler both note the promised updated spreadsheet / interactive timeline was not posted. They cannot be audited because they do not exist in public.",site/docs/Planes/following/73_overlaps.mdx,Placeholder 1 of 5. Do not invent a date for this row.,ERIKA_ONLY,not_claimed,claimed,unknown,,untestable_unpublished,,UNKNOWN,site/docs/Planes/following/overlap/unpublished_unpub_001/overview.mdx,NO_DATE_CLAIMED,,"The claim carries no date, so no archive can be asked about it. Untestable as published.",
UNPUB-002,,UNKNOWN,,,,,,,Erika,unpublished extra overlap Owens said she added on 17 Nov 2025 to take the count from 68 to 73,,,SU-BTT or SU-BND,UNKNOWN,,unknown,,,,"Candace Owens, Operation Mocking-Plane, 17 Nov 2025: '68 overlaps. I have since been able to add now 73 times that this overlapped.'",https://www.youtube.com/watch?v=JQjCAsfoXEE,unpublished,unpublished,UNKNOWN,UNKNOWN,UNKNOWN,,,"These five rows were never published as dates, cities, tails, or screenshots. Kanekoa and Liz Wheeler both note the promised updated spreadsheet / interactive timeline was not posted. They cannot be audited because they do not exist in public.",site/docs/Planes/following/73_overlaps.mdx,Placeholder 2 of 5. Do not invent a date for this row.,ERIKA_ONLY,not_claimed,claimed,unknown,,untestable_unpublished,,UNKNOWN,site/docs/Planes/following/overlap/unpublished_unpub_002/overview.mdx,NO_DATE_CLAIMED,,"The claim carries no date, so no archive can be asked about it. Untestable as published.",
UNPUB-003,,UNKNOWN,,,,,,,Erika,unpublished extra overlap Owens said she added on 17 Nov 2025 to take the count from 68 to 73,,,SU-BTT or SU-BND,UNKNOWN,,unknown,,,,"Candace Owens, Operation Mocking-Plane, 17 Nov 2025: '68 overlaps. I have since been able to add now 73 times that this overlapped.'",https://www.youtube.com/watch?v=JQjCAsfoXEE,unpublished,unpublished,UNKNOWN,UNKNOWN,UNKNOWN,,,"These five rows were never published as dates, cities, tails, or screenshots. Kanekoa and Liz Wheeler both note the promised updated spreadsheet / interactive timeline was not posted. They cannot be audited because they do not exist in public.",site/docs/Planes/following/73_overlaps.mdx,Placeholder 3 of 5. Do not invent a date for this row.,ERIKA_ONLY,not_claimed,claimed,unknown,,untestable_unpublished,,UNKNOWN,site/docs/Planes/following/overlap/unpublished_unpub_003/overview.mdx,NO_DATE_CLAIMED,,"The claim carries no date, so no archive can be asked about it. Untestable as published.",
UNPUB-004,,UNKNOWN,,,,,,,Erika,unpublished extra overlap Owens said she added on 17 Nov 2025 to take the count from 68 to 73,,,SU-BTT or SU-BND,UNKNOWN,,unknown,,,,"Candace Owens, Operation Mocking-Plane, 17 Nov 2025: '68 overlaps. I have since been able to add now 73 times that this overlapped.'",https://www.youtube.com/watch?v=JQjCAsfoXEE,unpublished,unpublished,UNKNOWN,UNKNOWN,UNKNOWN,,,"These five rows were never published as dates, cities, tails, or screenshots. Kanekoa and Liz Wheeler both note the promised updated spreadsheet / interactive timeline was not posted. They cannot be audited because they do not exist in public.",site/docs/Planes/following/73_overlaps.mdx,Placeholder 4 of 5. Do not invent a date for this row.,ERIKA_ONLY,not_claimed,claimed,unknown,,untestable_unpublished,,UNKNOWN,site/docs/Planes/following/overlap/unpublished_unpub_004/overview.mdx,NO_DATE_CLAIMED,,"The claim carries no date, so no archive can be asked about it. Untestable as published.",
UNPUB-005,,UNKNOWN,,,,,,,Erika,unpublished extra overlap Owens said she added on 17 Nov 2025 to take the count from 68 to 73,,,SU-BTT or SU-BND,UNKNOWN,,unknown,,,,"Candace Owens, Operation Mocking-Plane, 17 Nov 2025: '68 overlaps. I have since been able to add now 73 times that this overlapped.'",https://www.youtube.com/watch?v=JQjCAsfoXEE,unpublished,unpublished,UNKNOWN,UNKNOWN,UNKNOWN,,,"These five rows were never published as dates, cities, tails, or screenshots. Kanekoa and Liz Wheeler both note the promised updated spreadsheet / interactive timeline was not posted. They cannot be audited because they do not exist in public.",site/docs/Planes/following/73_overlaps.mdx,Placeholder 5 of 5. Do not invent a date for this row.,ERIKA_ONLY,not_claimed,claimed,unknown,,untestable_unpublished,,UNKNOWN,site/docs/Planes/following/overlap/unpublished_unpub_005/overview.mdx,NO_DATE_CLAIMED,,"The claim carries no date, so no archive can be asked about it. Untestable as published.",
EXTRA-001,,2024-09-14,KLNK,Lincoln (Kirk location only — no jet claimed that day),municipal,Lincoln,NE,,Charlie,Charlie Kirk in Lincoln Nebraska with Mikey McCoy — Owens addendum after Ep 256,UNKNOWN,,,,,other,,,,"@RealCandaceO reply to @alsacetx 1 Nov 2025: 'on September 14th 2024, Charlie was in Lincoln Nebraska with Mikey McCoy.'",https://x.com/RealCandaceO/status/1984666106569900231,claimed,,,Yes,,this row IS the Kirk event; no sourced SU- aircraft in Nebraska 14 Sep 2024,,"Owens added a Kirk location, not a pairing. No public ADS-B puts SU-BTT or SU-BND in Nebraska that day. Do not promote this into a 74th overlap.",site/docs/Planes/following/Lincoln_KLNK_2024-02-09_to_2025-10-11/overview.mdx,Alsace timeline update 2 Nov 2025 incorporated this.,CHARLIE_ONLY,claimed,not_claimed,unknown,361,not_audited,,Omaha-Lincoln NE,site/docs/Planes/following/overlap/20240914_NE_lincoln_extra_001/overview.mdx,NO_TAIL_CLAIMED,,"The claim names no tail number, so there is no airframe to look up. Untestable as published.",
EXTRA-002,,2024-04-09,KOMA,Omaha (Kirk location; no jet),international,Omaha,NE,,Charlie,Win Every Vote / Winner-Take-All rally — Lord of Hosts Church,"Lord of Hosts Church, 5351 S. 139th Plaza, Omaha",,,,,other,,,,Owens Ep 256 names April 9 Omaha; AP 10 Apr 2024; tpusa_events.csv; overlap overview tested-and-failed table,https://apnews.com/article/winner-take-all-electoral-votes-nebraska-trump-d5fb580a7f2ee1d4bb88bc3ae7d09d93,claimed,,,Yes,,this row,,CLEAN NON-OVERLAP. No aircraft in Nebraska. Ep 256 mentioned it in the Nebraska stretch of the timeline. Some compilations date it 11 April; neither date has an aircraft.,site/docs/Planes/following/speaking/20240409_omaha.mdx,15–16 months before SU-BTT's 2025 Omaha landings. A 15-month gap is not a shadowing event.,CHARLIE_ONLY,claimed,not_claimed,unknown,519,not_audited,Win Every Vote / Winner-Take-All rally — Omaha,Omaha-Lincoln NE,site/docs/Planes/following/overlap/20240409_NE_omaha_extra_002/overview.mdx,NO_TAIL_CLAIMED,,"The claim names no tail number, so there is no airframe to look up. Untestable as published.",
EXTRA-003,,2023-04-23,KTOP,Topeka / Philip Billard (event city; jet was at Wichita 3 days earlier),municipal,Topeka,KS,,TPUSA,TPUSA Faith Kingdom to the Capitol — Topeka,"Topeka, Kansas (TPUSA Faith)",,SU-BTT,Dassault Falcon 7X,,other,Wichita (had already left 2023-04-20),,,Owens Ep 256; tpusa_events.csv; overlap overview tested-and-failed table,https://www.youtube.com/watch?v=YFmRH8p5lt0,claimed,,,,,this row (Sean Feucht / TPUSA Faith; Charlie not named),3,"SU-BTT departed Wichita 20 April — three days earlier, ~135 miles away. Outside the one-day rule. Ep 256 presents it as the Kansas pairing for the April 14 Wichita arrival.",site/docs/Planes/following/speaking/20230423_topeka.mdx,Charlie Kirk is not named as the speaker on the speaking page.,TPUSA_NO_KIRK,not_claimed,not_claimed,claimed,871,not_audited,TPUSA Faith Kingdom to the Capitol — Topeka,UNKNOWN,site/docs/Planes/following/overlap/20230423_KS_topeka_extra_003/overview.mdx,NOT_HEARD,,"SAYS ALMOST NOTHING. adsb-lol/airplanes-live served other airframes that day but holds no trace for this one. Parked with the transponder off, outside receiver coverage, and a wrong claimed date all look identical from here. AN ABSENCE IS NOT A FINDING.",
EXTRA-004,,2025-07-11,KOMA,"Omaha (claimed by amplifier, not Owens sheet)",international,Omaha,NE,,Erika,amplifier claim: Egyptian plane in Omaha with somebody on board Googling Erika Frantze in Hebrew,UNKNOWN,,UNKNOWN,UNKNOWN,,other,,,,@bfr1273 19 Aug 2026 citing a Stew Peters X post of 5 Aug 2026 and a guest,https://x.com/bfr1273/status/2089920452051263518,claimed,,UNKNOWN,,,"Charlie SAS Tampa 2025-07-11 to 2025-07-13 (same day, Florida — not Omaha). SU-BTT's documented Omaha landing is 2025-07-20.",9,Unverified amplifier claim. No tail number in the post. Same day Charlie is documented in Tampa. The documented SU-BTT Omaha arrival is nine days later. Hebrew-Google-search-on-board is not an ADS-B fact.,site/docs/Planes/following/Omaha_KOMA_2024-02-09_to_2025-10-05/overview.mdx,Recorded because the query returned a dated Omaha claim not on the Owens sheet. Not a 74th row of the 73.,ERIKA_ONLY,not_claimed,claimed,unknown,61,not_audited,,Omaha-Lincoln NE,site/docs/Planes/following/overlap/20250711_NE_omaha_extra_004/overview.mdx,NO_TAIL_CLAIMED,,"The claim names no tail number, so there is no airframe to look up. Untestable as published.",
EXTRA-005,,2023-08-25,KLNK,Lincoln (Kirk location; jet in Egypt per audit),municipal,Lincoln,NE,,Charlie,"Charlie Kirk speaking appearance — Lincoln, Nebraska","Lincoln, Nebraska (venue not named)",,SU-BTT,Dassault Falcon 7X,,other,,,,tpusa_events.csv; overlap overview tested-and-failed table; audit of claimed Lincoln 2023 rows,/Planes/following/speaking/20230825_lincoln,claimed,inaccurate,,Yes,,this row,,"The one time Kirk is documented in Lincoln in 2023, the audit places the aircraft in Egypt. Negative finding, kept so it is not later 'discovered' as a hit.",site/docs/Planes/following/speaking/20230825_lincoln.mdx,Pairs against OWENS-017/018 which already failed.,CHARLIE_ONLY,claimed,not_claimed,unknown,747,no,"Charlie Kirk speaking appearance — Lincoln, Nebraska",Omaha-Lincoln NE,site/docs/Planes/following/overlap/20230825_NE_lincoln_extra_005/overview.mdx,NOT_HEARD,,"SAYS ALMOST NOTHING. adsb-lol/airplanes-live served other airframes that day but holds no trace for this one. Parked with the transponder off, outside receiver coverage, and a wrong claimed date all look identical from here. AN ABSENCE IS NOT A FINDING.",
EXTRA-006,,2025-09-10,KPVU,Provo Municipal,regional / Duncan Provo,Provo,UT,,Charlie,SU-BND transponder cycles; aircraft does not take off; UVU 7 miles away,Provo Municipal / UVU Orem,,SU-BND,"Gulfstream (G550/G-IV, trackers disagree)",,same_day,Provo ramp since 2025-05-23,did not take off 9/10; left 9/13,"ON 09:05:36 / OFF 10:34:05 / ON 12:40:53 / OFF 13:29:40 (Owens 17 Nov 2025, time base unstated)",Owens Operation Mocking-Plane 17 Nov 2025; overlap page 20250910_UT_orem; SU-BND page,https://www.youtube.com/watch?v=JQjCAsfoXEE,audited_accurate,accurate,disputed: sheet Nebraska/Delaware vs Erika Arizona,Yes,,UVU Orem 2025-09-10,0,"Transponder cycles on a parked aircraft have ordinary explanations (APU, ground power, coverage gap). Time base not stated — UTC vs MT is the same class of error as the SU-BTT 7:08 correction. John Cullen's read puts power-on ~21 min before the shot, not 17 min after. Aircraft never moved.",site/docs/Planes/following/overlap/20250910_UT_orem/overview.mdx,"Not a separate Owens-sheet index; it is the blue-plane half of 9/10, which the sheet's row 41 assigned to SU-BTT's (wrong-origin) departure.",CHARLIE_AND_ERIKA,claimed,claimed,unknown,0,yes,The American Comeback Tour — UVU (first stop of the fall tou,Wasatch Front UT,site/docs/Planes/following/overlap/20250910_UT_provo_extra_006/overview.mdx,AT_CLAIMED_AIRPORT,1.29,"CORROBORATED, AND ON THE GROUND. A trace we pulled and kept puts this airframe on the ground 1.3 km from KPVU on the claimed date. It places NOBODY aboard.",yes
EXTRA-007,,2025-04-29,KLNK,"Lincoln (claimed by amplifier — no tail, not on Owens sheet)",municipal / Duncan,Lincoln,NE,,Charlie,amplifier claim: Tyler Robinson apartment address Google-searched in Hebrew from Egyptian jet parked in Lincoln,Lincoln Municipal / Duncan Aviation (inferred),,UNKNOWN,UNKNOWN,,other,,,,@Omaruncovered / @ZeroBarkThirty2 / @DrAngKozak 5-6 Aug 2026 crediting Stew Peters,https://x.com/Omaruncovered/status/2084952708708982850,claimed,,,,,Charlie College Station TX 2025-04-22 / Laramie WY 2025-04-24 (different states). No sourced Kirk event in Nebraska 29 Apr 2025.,,Unverified amplifier claim. No tail number. This site's flights.csv has no Nebraska stay on 29 Apr 2025. Documented 2025 Nebraska rotations are 20 Jul and 17 Aug. Tyler Robinson was not a public name on 29 Apr 2025 — the shooting is 10 Sep. Hebrew-Google-search-on-board is not an ADS-B fact. Not a 74th row of the 73.,site/docs/Planes/following/overlap/20250429_NE_lincoln_extra_007/overview.mdx,"Recorded because a dedicated X search returned a dated Lincoln claim not on the Owens sheet. Sister claim: EXTRA-004 (11 Jul 2025 Omaha, Erika Frantze in Hebrew).",CHARLIE_ONLY,claimed,not_claimed,unknown,134,not_audited,,Omaha-Lincoln NE,site/docs/Planes/following/overlap/20250429_NE_lincoln_extra_007/overview.mdx,NO_TAIL_CLAIMED,,"The claim names no tail number, so there is no airframe to look up. Untestable as published.",
SITE-001,,2023-04-02,KSTL/KCPS/KSUS,St. Louis metro (Lambert / Downtown-Cahokia / Spirit),international + GA relievers,Jefferson City (event) / St. Louis (aircraft),MO,USA,TPUSA,TPUSA Faith 'Kingdom to the Capitol' tour launch (Sean Feucht; co-chaired by Rob McCoy),"Jefferson City, Missouri - state capital; venue not published",,SU-BTT; SU-BND,Dassault Falcon 7X; Gulfstream 4SP,Egypt,day_after,Cairo -> Paris-Le Bourget (31 Mar) -> St. Louis (SU-BTT); SU-BND on the ground since 21 Feb,Wilmington then Cairo 8 Apr (SU-BTT); Goose Bay -> Paris -> Cairo 9 May (SU-BND),on,"Researcher-compiled timeline circulated on X; audit indices 10, 11, 15, 46",,audited_accurate,accurate,,No,"day_after, ~130 mi / 2 hrs drive","TPUSA Faith tour launch, Jefferson City MO, 2 Apr 2023",1,"130 MILES IS NOT AN OVERLAP - Jefferson City has its own airport (KJEF). An 11-week SU-BND stay is a heavy-check maintenance stay, not an operation. NEITHER KIRK IS PLACED IN MISSOURI on any date in this window by any source; the Kirk side is an organisation's event, not a person's location. SU-BTT flew its standard Cairo->Paris->US field->sit->Wilmington->Cairo rotation unchanged. THE COMPILER FOOTNOTED HIS OWN WEAKNESS: his note reads 'Event is in Jefferson City, MO (2 hrs from St. Louis)'.",site/docs/Planes/following/overlap/20230402_MO_jefferson_city/overview.mdx,"ADDED FROM THE OVERLAP PAGE, which had no row in this file. The clustering claim's MISSOURI leg rests substantially on this one date; if the two-hour drive disqualifies it, Missouri thins out considerably. Three separate metro airports are in play (KSTL Missouri, KCPS ILLINOIS, KSUS Missouri) and a state-level tally cannot distinguish them.",TPUSA_NO_KIRK,not_claimed,not_claimed,claimed,892,yes,"TPUSA Faith tour launch — Sean Feucht, Jefferson City",St. Louis metro,site/docs/Planes/following/overlap/20230402_MO_jefferson_city/overview.mdx,NOT_HEARD,,"SAYS ALMOST NOTHING. adsb-lol/airplanes-live served other airframes that day but holds no trace for this one. Parked with the transponder off, outside receiver coverage, and a wrong claimed date all look identical from here. AN ABSENCE IS NOT A FINDING.",
SITE-002,,2024-02-11,KLNK,Lincoln Airport,commercial / joint civil-military (Duncan Aviation HQ),Lincoln,NE,USA,TPUSA,"Turning Point USA opens a Lincoln, Nebraska chapter","Not published - a chapter opening is an organisational milestone, not a ticketed event",,SU-BTT,Dassault Falcon 7X (hex 0101D3),Egypt,same_day,"Cairo -> Paris-Le Bourget -> Omaha (KOMA) 10:57 am 9 Feb, then the 15-19 min hop to Lincoln","Wilmington 14 Feb 08:38 am, then Cairo 16 Feb",on,Researcher-compiled timeline circulated on X; audit indices 20 (partial) and 21 (inaccurate),,audited_partial,partial,,No,"same airport, same city, inside a five-day stay (0 mi)","TPUSA opens a Lincoln chapter, 11 Feb 2024",0,"A CHAPTER OPENING IS NOT A KIRK APPEARANCE - nothing places Charlie Kirk in Lincoln on this date. The aircraft arrived 9 Feb and left 14 Feb: it did not arrive for the event and did not leave with it. THE DOCUMENTARY COUNTERARGUMENT IS DECISIVE: a Duncan Aviation press release of 29 Oct 2015 records a five-year direct contract with the Egyptian Air Force and states Duncan has managed the EAF Falcon fleet's maintenance SINCE 1999 - fifteen years before Charlie Kirk's public career. AND THE 2023 COUNTER-CASE IS STRONGER: on 25 Aug 2023 Charlie Kirk actually spoke in Lincoln, and the audit places the aircraft IN EGYPT that day.",site/docs/Planes/following/overlap/20240211_NE_lincoln/overview.mdx,"ADDED FROM THE OVERLAP PAGE, which had no row in this file. The clearest genuine same-airport co-location in the directory - and the one with the most ordinary explanation sitting directly on top of it. A weaker item sits three days earlier: Charlie Kirk's campus tour was publicly ANNOUNCED on 8 Feb 2024 and SU-BTT arrived at Omaha the next morning. AN ANNOUNCEMENT IS NOT A LOCATION.",TPUSA_NO_KIRK,not_claimed,not_claimed,claimed,577,partial,,Omaha-Lincoln NE,site/docs/Planes/following/overlap/20240211_NE_lincoln/overview.mdx,NOT_HEARD,,"SAYS ALMOST NOTHING. adsb-lol/airplanes-live served other airframes that day but holds no trace for this one. Parked with the transponder off, outside receiver coverage, and a wrong claimed date all look identical from here. AN ABSENCE IS NOT A FINDING.",
SITE-003,,2024-04-03,KICT,Wichita Dwight D. Eisenhower National Airport,international (Yingling Falcon MRO),Lawrence (event) / Wichita (aircraft),KS,USA,Charlie,Live Free Tour - University of Kansas,"University of Kansas, Lawrence, Kansas",,SU-BTT,Dassault Falcon 7X (hex 0101D3),Egypt,same_day,"Cairo -> Paris-Le Bourget -> Wichita, 29 Mar 2024 2:19 pm",DEPARTED Wichita 3 Apr 08:43 am -> Wilmington (2 days) -> Cairo 5 Apr,on,"TPUSA tour press list (event); audit index 23 accurate, index 24 partial",,audited_partial,partial,,Yes,"same day, OUTBOUND, ~160 mi","Live Free Tour, University of Kansas, Lawrence KS, 3 Apr 2024",0,"THE PAIRING POINTS THE WRONG WAY. On the one day Charlie Kirk is documented in Kansas, the aircraft LEFT - departing at 08:43 am and flying out of the state. It had already sat at Wichita five days, arriving 29 Mar, well before a 3 Apr Lawrence appearance was operationally relevant to anything. Nearest airports to the venue are KLWC and KMCI (~50 mi), NOT Wichita, 160 miles away. Wichita is the Air Capital of the World and Yingling Aviation at KICT is an FAA Part 145 Dassault Falcon service centre: a Falcon 7X landing at Wichita is the most ordinary thing a Falcon 7X can do.",site/docs/Planes/following/overlap/20240403_KS_lawrence/overview.mdx,"ADDED FROM THE OVERLAP PAGE, which had no row in this file. The strongest Kansas pairing in the record, and it cuts against the claim. THE WICHITA TALLY IS THE CLEAREST ILLUSTRATION OF HOW THESE COUNTS INFLATE: a claim of 'no fewer than 8 stops' by SU-BTT at Wichita resolves against the audit into THREE confirmed visits (Nov 2022, Apr 2023, Mar-Apr 2024) plus NINE claimed Wichita entries on dates the aircraft was in Egypt (indices 22, 31, 32, 33, 34, 45, 51, 54, 59, 61, 63), TWO of which are literal duplicates of two others (61 duplicates 31; 63 duplicates 33).",CHARLIE_ONLY,claimed,not_claimed,unknown,525,partial,Live Free Tour — University of Kansas,Wichita KS,site/docs/Planes/following/overlap/20240403_KS_lawrence/overview.mdx,AT_CLAIMED_AIRPORT,1.43,"CORROBORATED IN THE AIR, NOT ON THE GROUND. Closest recovered position is 1.4 km from KICT at 342 ft above the field - an arrival, a departure or a low pass. This trace holds no on-ground positions at all, which is ordinary: receiver coverage of a parked aircraft is thin. It places NOBODY aboard.",no
SITE-004,,2024-04-23,KPVU,Provo Municipal Airport,regional / municipal (Duncan Aviation MRO),Salt Lake City (event) / Provo (aircraft),UT,USA,Charlie,Prove Me Wrong - University of Utah,"University of Utah, Salt Lake City",,SU-BTT; SU-BND,Dassault Falcon 7X (0101D3); Gulfstream 4SP (01003E),Egypt,same_day,"SU-BTT: Paris-Le Bourget -> Williston ND (KXWA) -> Provo, landing 12:13 pm 23 Apr. SU-BND: Goose Bay -> SALT LAKE CITY (KSLC) -> Provo, 19 Apr 3:33 pm","SU-BTT: Wilmington 28 Apr, Cairo 30 Apr. SU-BND: 12 Jul 2024 (reported)",on,"Researcher-compiled timeline circulated on X; audit index 26 ('Acc 4/22-23. Williston code XWA'), index 27",,audited_accurate,accurate,Utah,Yes,"same day, same metro, ~45 mi","Prove Me Wrong, University of Utah, Salt Lake City, 23 Apr 2024",0,"Provo hosts a Duncan Aviation MRO and Duncan has held the Egyptian Air Force maintenance account since 1999, so a Provo arrival has an ordinary explanation. SU-BND then sat ~84 days, which is a heavy-check length, not a surveillance orbit. The event time of day is not published, so 'same day' cannot be narrowed to 'before' or 'after'. 45 miles is a metro-level match, not a same-airport match - under the strict same-airport rule this pairing does not qualify.",site/docs/Planes/following/overlap/20240423_UT_salt_lake_city/overview.mdx,"ADDED FROM THE OVERLAP PAGE, which had no row in this file. THE TIGHTEST SOURCED PAIRING IN THE PRE-2025 RECORD and one of only TWO in this repo's own data (with SITE-006 / 10 Sep 2025) where a following plane was in the same metro as a sourced Kirk event within 3 days. Two details deserve stating: SU-BND entered the US through Salt Lake City International itself, the airport serving the event city, four days before it; and SU-BTT came in via Williston ND, where the North Dakota entry-point pattern that recurs through 2025 via Minot begins.",CHARLIE_AND_ERIKA,claimed,claimed,unknown,505,yes,Prove Me Wrong — University of Utah,Wasatch Front UT,site/docs/Planes/following/overlap/20240423_UT_salt_lake_city/overview.mdx,AT_CLAIMED_AIRPORT,0.00,"CORROBORATED, AND ON THE GROUND. A trace we pulled and kept puts this airframe on the ground 0.0 km from KPVU on the claimed date. It places NOBODY aboard.",yes
SITE-005,,2025-09-10,KILG,Wilmington Airport / New Castle Airport,customs / bizjet (Delaware ANG on field),Wilmington,DE,USA,Erika,Claimed TPUSA media appearances - location given only as 'Nebraska/Delaware',UNKNOWN - no venue given,,SU-BTT,Dassault Falcon 7X (hex 0101D3),Egypt,same_day,"Provo (KPVU), departed 07:14 am MT (time DISPUTED three ways - see SITE-006)","Cairo, 11 Sept - reported as 07:56 am and as ~11:56 UTC",on,"Compilation spreadsheet circulated by trackers; alternate tracker read @troofevades (takeoff ~13:14 UTC, landing ~16:52 UTC); audit index 41 (flight confirmed, origin corrected from 'Paris' to Provo)",,claimed,partial,'Nebraska/Delaware' (spreadsheet) vs ARIZONA (Erika Kirk's own account),No,same day; distance UNKNOWN because no venue is given,"none sourced in Delaware; the sourced Kirk event that day is UVU, Orem UT",0,"'NEBRASKA/DELAWARE' IS NOT A LOCATION - it is two states 1,200 miles apart offered as alternatives in a cell that should hold one place. NO AIRCRAFT IN THIS FLEET WAS IN NEBRASKA ON 10 SEP 2025: the Lincoln rotation ran 17-23 August and did not resume until 5-11 October, so half the claimed location has no aircraft behind it at all. The Delaware half has an aircraft, but Wilmington is the aircraft's ordinary destination - it appears on the OUTBOUND leg of twenty-one rotations across three years, and ONLY ever the outbound leg. Erika Kirk has said she stayed home in Arizona with her mother that day. Neither version is independently documented.",site/docs/Planes/following/overlap/20250910_DE_wilmington/overview.mdx,"ADDED FROM THE OVERLAP PAGE, which had no row in this file. ERIKA'S SIDE IS THE WEAK SIDE and this row is the concrete form of it: the flight is audited and confirmed, the Kirk-side location is an unverified spreadsheet cell that the person it describes has contradicted. Her flight logs are reported erased - see site/docs/Planes/Erika-Flight-Logs-Erased.mdx. Erika Kirk is a living person, not charged with anything, named here only as the subject of a disputed claim she has denied.",ERIKA_ONLY,not_claimed,claimed,unknown,0,partial,,Delaware Valley DE/PA/NJ,site/docs/Planes/following/overlap/20250910_DE_wilmington/overview.mdx,AT_CLAIMED_AIRPORT,1.75,"CORROBORATED IN THE AIR, NOT ON THE GROUND. Closest recovered position is 1.7 km from KILG at -105 ft above the field - an arrival, a departure or a low pass. The only on-ground positions in this trace are at KPVU (Provo Municipal Airport). It places NOBODY aboard.",no
SITE-006,,2025-09-10,KPVU,Provo Municipal Airport,regional / municipal (Duncan Aviation MRO),Orem (event) / Provo (aircraft),UT,USA,Charlie,The American Comeback Tour - first stop of a fifteen-date fall tour announced for 10 Sept - 29 Oct,"Utah Valley University, Sorensen Center courtyard, Orem, Utah",,SU-BTT; SU-BND,Dassault Falcon 7X (0101D3); Gulfstream 4SP (01003E),Egypt,same_day,"SU-BTT: Paris-Le Bourget -> Minot ND (KMOT, landed 11:03 am, departed ~11:45 am) -> Provo, 4 Sept 12:46 pm. SU-BND: Paris -> Goose Bay -> Minot -> Provo, 23 May 2:38 pm","SU-BTT: Wilmington (KILG), 10 Sept - TIME DISPUTED. SU-BND: 13 Sept 12:57 pm -> Goose Bay -> Paris -> Cairo","SU-BTT on. SU-BND ON THE GROUND, TRANSPONDER REPORTED ACTIVE, NO TAKEOFF",KMYU (10 a.m. courtyard listing); UVU pages on this site; Fox and ABC coverage 10 Sept 2025; Flightradar24 export; audit index 41,,audited_accurate,accurate,DISPUTED: 'Nebraska/Delaware' (spreadsheet) vs ARIZONA (Erika Kirk's own account),Yes,"same day, same airport, ~7 mi to the courtyard","The American Comeback Tour, Utah Valley University, Orem UT, 10 Sept 2025",0,"THE DEPARTURE TIME IS DISPUTED THREE WAYS AND THEY CANNOT ALL BE TRUE: (a) wheels-up ~07:08-07:14 MT, roughly five hours BEFORE the shot, per the Flightradar24 export; (b) Candace Owens's 'nuclear flight logs' - power-up 9:05 am, track goes dark, reactivates 17 minutes after the shot, idles to 1:29 pm; (c) @ProjectConstitu / @nihilox - it never left Provo at all and launched from Dugway Proving Ground's Michael Army Airfield with the transponder off until clear of R-6404. Part of the spread is a UTC-versus-local conversion error circulating uncorrected (13:08 UTC = 07:08 MDT, published as both). SU-BND's unexplained 68-minute Provo->Provo sortie on 5 Sept has an exact twin: SU-BGM flew a 55-minute Provo->Provo loop on 10 Apr 2025 - the signature of a post-maintenance functional check flight. If the September loop is anomalous, consistency requires treating the April one the same way. Duncan Aviation's Egyptian Air Force account dates to 1999.",site/docs/Planes/following/overlap/20250910_UT_orem/overview.mdx,"ADDED FROM THE OVERLAP PAGE, which had no row in this file. THE ONLY DATE IN THE ENTIRE RECORD THAT IS A SAME-DAY, SAME-AIRPORT OVERLAP BY ANY DEFINITION, INCLUDING THE SCEPTICS'. Liz Wheeler, reducing the whole 70-plus tally to what survives strict criteria, arrives at ONE: this one. From 23 May to 13 Sept 2025 - 113 continuous days - a foreign-registered jet was parked at this field, and in those 113 days SU-BND flew exactly twice, both Provo->Provo round-robins. TYLER ROBINSON IS CHARGED IN THIS KILLING, HAS NOT BEEN CONVICTED, AND NOTHING IN THIS ROW ASSERTS OTHERWISE.",CHARLIE_AND_ERIKA,claimed,claimed,unknown,0,yes,The American Comeback Tour — UVU (first stop of the fall tou,Wasatch Front UT,site/docs/Planes/following/overlap/20250910_UT_orem/overview.mdx,AT_CLAIMED_AIRPORT,1.23,"CORROBORATED, AND ON THE GROUND. A trace we pulled and kept puts this airframe on the ground 1.2 km from KPVU on the claimed date. It places NOBODY aboard.",yes
