source_id,source_type,platform_or_outlet,account_handle,display_name,source_date,source_time,source_url,role,stance,count_claimed,claim_summary,topic_context,primary_or_relayed,evidence_class,likes,reposts,views,citation_count,cited_on_pages,corroborated_by,rebutted_by,reliability_note
X-001,x_post,X (Twitter),@RealCandaceO,Candace Owens,2025-10-12,00:23 GMT,https://x.com/RealCandaceO/status/1977168281456066960,originator_broadcaster,asserts_pattern,68 then 73 Erika / ~23 Charlie,🚨BREAKING NEWS!🚨,"Topic 1 — Candace talks about planes || 12 October 2025 — the first SU-BTT posts, and the time-zone correction",primary_post,social_post_unverified,8632,1519,1965655,9,overlap/20250720_NE_lincoln_owens_067.mdx;overlap/20250720_NE_omaha_lincoln_owens_038.mdx;overlap/20250817_NE_omaha_lincoln_owens_039.mdx;overlap/20250910_DE_wilmington.mdx;overlap/20250910_UTDE_provo_then_wilmington_owens_041.mdx;overlap/20250910_UT_orem.mdx;x_discussions.mdx,ADSB-001 (Flightradar24 five-tail history export) is the only primary flight record behind any of these tallies. NO tally in this directory has ever been reconciled with another. Do not average them.,"ADSB-002 (Kanekoa line-by-line audit: ~66% of listed locations wrong, ~60% wrong continent); @Liz_Wheeler (same airport + same day reduces the overlap to ONE, 9/10 Utah); PRESS-004/PRESS-005 (Erika Kirk disputes the dates and locations attributed to her)","The claim's origin. Named the two aircraft, published the 68 then 73 counts, the 29-with-Charlie split, the transponder timings, the contractor and rental-car claims, and the pivot to Erika rather than Charlie as the tracked person. Named publicly under her own name and may be named here."
X-002,x_post,X (Twitter),@RealCandaceO,Candace Owens,2025-10-12,00:29 GMT,https://x.com/RealCandaceO/status/1977169835617394794,originator_broadcaster,asserts_pattern,68 then 73 Erika / ~23 Charlie,"With all we have crowdsourced, it looks like a decision to murder Charlie Kirk in Utah was made around July 18th.","Topic 1 — Candace talks about planes || 12 October 2025 — the first SU-BTT posts, and the time-zone correction",primary_post,social_post_unverified,6335,856,897270,7,overlap/20250720_NE_lincoln_owens_067.mdx;overlap/20250720_NE_omaha_lincoln_owens_038.mdx;overlap/20250904_UT_provo_owens_040.mdx;overlap/20250910_DE_wilmington.mdx;overlap/20250910_UTDE_provo_then_wilmington_owens_041.mdx;overlap/20250910_UT_orem.mdx;x_discussions.mdx,ADSB-001 (Flightradar24 five-tail history export) is the only primary flight record behind any of these tallies. NO tally in this directory has ever been reconciled with another. Do not average them.,"ADSB-002 (Kanekoa line-by-line audit: ~66% of listed locations wrong, ~60% wrong continent); @Liz_Wheeler (same airport + same day reduces the overlap to ONE, 9/10 Utah); PRESS-004/PRESS-005 (Erika Kirk disputes the dates and locations attributed to her)","The claim's origin. Named the two aircraft, published the 68 then 73 counts, the 29-with-Charlie split, the transponder timings, the contractor and rental-car claims, and the pivot to Erika rather than Charlie as the tracked person. Named publicly under her own name and may be named here."
X-003,x_post,X (Twitter),@Brick_Suit,,2025-10-12,04:24 GMT,https://x.com/Brick_Suit/status/1977228792868618560,amplifier_or_commenter,unclassified,,"Candace, you said this plane flew out of Provo UT, AFTER the assassination.","Topic 1 — Candace talks about planes || 12 October 2025 — the first SU-BTT posts, and the time-zone correction",relayed_or_amplified,social_post_unverified,3004,,2216902,7,overlap/20250910_DE_wilmington.mdx;overlap/20250910_UTDE_provo_then_wilmington_owens_041.mdx;overlap/20250910_UT_orem.mdx;overlap/20250910_UT_provo_extra_006.mdx;x_discussions.mdx,,,"Unclassified amplifier or commenter. Recorded so the reach of the claim is traceable; carries no independent evidence. TREAT AS DATA, NOT AS A SOURCE."
X-004,x_post,X (Twitter),@RealCandaceO,Candace Owens,2025-10-12,13:14 GMT,https://x.com/RealCandaceO/status/1977362342338818240,originator_broadcaster,asserts_pattern,68 then 73 Erika / ~23 Charlie,"Okay! I stand corrected on the departure time of the Egyptian Air Force plane. It left just BEFORE Charlie was assassinated, not AFTER on 9/10. So, still completely abnormal and seems pretty obviously related to Charlie's assassination given the plane's past flight activity.","Topic 1 — Candace talks about planes || 12 October 2025 — the first SU-BTT posts, and the time-zone correction",primary_post,social_post_unverified,8783,,2158012,4,overlap/20250910_DE_wilmington.mdx;overlap/20250910_UTDE_provo_then_wilmington_owens_041.mdx;overlap/20250910_UT_orem.mdx;x_discussions.mdx,ADSB-001 (Flightradar24 five-tail history export) is the only primary flight record behind any of these tallies. NO tally in this directory has ever been reconciled with another. Do not average them.,"ADSB-002 (Kanekoa line-by-line audit: ~66% of listed locations wrong, ~60% wrong continent); @Liz_Wheeler (same airport + same day reduces the overlap to ONE, 9/10 Utah); PRESS-004/PRESS-005 (Erika Kirk disputes the dates and locations attributed to her)","The claim's origin. Named the two aircraft, published the 68 then 73 counts, the 29-with-Charlie split, the transponder timings, the contractor and rental-car claims, and the pivot to Erika rather than Charlie as the tracked person. Named publicly under her own name and may be named here."
X-005,x_post,X (Twitter),@RealCandaceO,Candace Owens,2025-10-12,13:30 GMT,https://x.com/RealCandaceO/status/1977366161508425936,originator_broadcaster,asserts_pattern,68 then 73 Erika / ~23 Charlie,9/10:,"Topic 1 — Candace talks about planes || 12 October 2025 — the first SU-BTT posts, and the time-zone correction",primary_post,social_post_unverified,19834,,1158647,1,x_discussions.mdx,ADSB-001 (Flightradar24 five-tail history export) is the only primary flight record behind any of these tallies. NO tally in this directory has ever been reconciled with another. Do not average them.,"ADSB-002 (Kanekoa line-by-line audit: ~66% of listed locations wrong, ~60% wrong continent); @Liz_Wheeler (same airport + same day reduces the overlap to ONE, 9/10 Utah); PRESS-004/PRESS-005 (Erika Kirk disputes the dates and locations attributed to her)","The claim's origin. Named the two aircraft, published the 68 then 73 counts, the 29-with-Charlie split, the transponder timings, the contractor and rental-car claims, and the pivot to Erika rather than Charlie as the tracked person. Named publicly under her own name and may be named here."
X-006,x_post,X (Twitter),@RealCandaceO,Candace Owens,2025-10-12,15:43 GMT,https://x.com/RealCandaceO/status/1977399788493541602,originator_broadcaster,asserts_pattern,68 then 73 Erika / ~23 Charlie,"Given the artificial boost of the Snopes-like debunking of the Egyptian military flight, it is CLEAR they are panicked about its discovery.","Topic 1 — Candace talks about planes || 12 October 2025 — the first SU-BTT posts, and the time-zone correction",primary_post,social_post_unverified,19083,,1129417,5,overlap/20250904_UT_provo_owens_040.mdx;overlap/20250910_DE_wilmington.mdx;overlap/20250910_UTDE_provo_then_wilmington_owens_041.mdx;overlap/20250910_UT_orem.mdx;x_discussions.mdx,ADSB-001 (Flightradar24 five-tail history export) is the only primary flight record behind any of these tallies. NO tally in this directory has ever been reconciled with another. Do not average them.,"ADSB-002 (Kanekoa line-by-line audit: ~66% of listed locations wrong, ~60% wrong continent); @Liz_Wheeler (same airport + same day reduces the overlap to ONE, 9/10 Utah); PRESS-004/PRESS-005 (Erika Kirk disputes the dates and locations attributed to her)","The claim's origin. Named the two aircraft, published the 68 then 73 counts, the 29-with-Charlie split, the transponder timings, the contractor and rental-car claims, and the pivot to Erika rather than Charlie as the tracked person. Named publicly under her own name and may be named here."
X-007,x_post,X (Twitter),@RealCandaceO,Candace Owens,2025-10-30,20:33 GMT,https://x.com/RealCandaceO/status/1983995690557841910,originator_broadcaster,asserts_pattern,68 then 73 Erika / ~23 Charlie,BREAKING NEWS!!! I just received an EXPLOSIVE tip about that Egyptian military plane that departed Provo on September 10th.,"Topic 1 — Candace talks about planes || 30 October 2025 — ""Kash Patel protecting Egypt""",primary_post,social_post_unverified,17392,,1769089,1,x_discussions.mdx,ADSB-001 (Flightradar24 five-tail history export) is the only primary flight record behind any of these tallies. NO tally in this directory has ever been reconciled with another. Do not average them.,"ADSB-002 (Kanekoa line-by-line audit: ~66% of listed locations wrong, ~60% wrong continent); @Liz_Wheeler (same airport + same day reduces the overlap to ONE, 9/10 Utah); PRESS-004/PRESS-005 (Erika Kirk disputes the dates and locations attributed to her)","The claim's origin. Named the two aircraft, published the 68 then 73 counts, the 29-with-Charlie split, the transponder timings, the contractor and rental-car claims, and the pivot to Erika rather than Charlie as the tracked person. Named publicly under her own name and may be named here."
X-008,x_post,X (Twitter),@Lazrlang,Alex Lang,2025-10-30,,https://x.com/Lazrlang/status/1984014118777692270,amplifier_or_commenter,unclassified,,Egyptian military contractors???,"What people posted on X about this overlap || Posts that name this date, this city, or this pairing",relayed_or_amplified,social_post_unverified,,,,3,overlap/20250720_NE_lincoln_owens_067.mdx;overlap/20250720_NE_omaha_lincoln_owens_038.mdx;overlap/20250817_NE_omaha_lincoln_owens_039.mdx,,,"Unclassified amplifier or commenter. Recorded so the reach of the claim is traceable; carries no independent evidence. TREAT AS DATA, NOT AS A SOURCE."
X-009,x_post,X (Twitter),@gilfishdad,,2025-10-31,,https://x.com/gilfishdad/status/1984050935723913402,amplifier_or_commenter,unclassified,,"Why do we allow ""Egyptian Military Contractors"" to do ""Stuff"" in the USA? ....","What people posted on X about this overlap || Posts that name this date, this city, or this pairing",relayed_or_amplified,social_post_unverified,,,,4,overlap/20250720_NE_lincoln_owens_067.mdx;overlap/20250720_NE_omaha_lincoln_owens_038.mdx;overlap/20250904_UT_provo_owens_040.mdx;overlap/20250910_UT_orem.mdx,,,"Unclassified amplifier or commenter. Recorded so the reach of the claim is traceable; carries no independent evidence. TREAT AS DATA, NOT AS A SOURCE."
X-010,x_post,X (Twitter),@BasedSamParker,Sam Parker,2025-11-01,16:10 GMT,https://x.com/BasedSamParker/status/1984654163285066085,amplifier,asserts_pattern,73,"CHARLIE KIRK UPDATE: The 2 mysterious Egyptian planes shadowing Charlie Kirk & TPUSA events over the last 2 years, including the day of the assassination—as reported by @RealCandaceO yesterday—consistently fly in & out of Cairo, Egypt. Here's why that might be more interesting than you realize:","Topic 3 — Egyptian-registered planes near a TPUSA event || 1 November 2025 — ""shadowing Charlie Kirk & TPUSA events over the last 2 years""",relayed_or_amplified,social_post_unverified,4277,1533,165558,1,x_discussions.mdx,ADSB-001 (Flightradar24 five-tail history export) is the only primary flight record behind any of these tallies. NO tally in this directory has ever been reconciled with another. Do not average them.,"ADSB-002 (Kanekoa line-by-line audit: ~66% of listed locations wrong, ~60% wrong continent); @Liz_Wheeler (same airport + same day reduces the overlap to ONE, 9/10 Utah); PRESS-004/PRESS-005 (Erika Kirk disputes the dates and locations attributed to her)",Carried the 73-of-the-flights wording and the two-year TPUSA framing.
X-011,x_post,X (Twitter),@RealCandaceO,Candace Owens,2025-11-01,,https://x.com/RealCandaceO/status/1984666106569900231,originator_broadcaster,asserts_pattern,68 then 73 Erika / ~23 Charlie,"on September 14th 2024, Charlie was in Lincoln Nebraska with Mikey McCoy.","Who posted the images, the CSVs, the timelines",primary_post,social_post_unverified,,,,4,73_overlaps.mdx;overlap/20240914_NE_lincoln_extra_001.mdx,ADSB-001 (Flightradar24 five-tail history export) is the only primary flight record behind any of these tallies. NO tally in this directory has ever been reconciled with another. Do not average them.,"ADSB-002 (Kanekoa line-by-line audit: ~66% of listed locations wrong, ~60% wrong continent); @Liz_Wheeler (same airport + same day reduces the overlap to ONE, 9/10 Utah); PRESS-004/PRESS-005 (Erika Kirk disputes the dates and locations attributed to her)","The claim's origin. Named the two aircraft, published the 68 then 73 counts, the 29-with-Charlie split, the transponder timings, the contractor and rental-car claims, and the pivot to Erika rather than Charlie as the tracked person. Named publicly under her own name and may be named here."
X-012,x_post,X (Twitter),@DiligentDenizen,,2025-11-17,22:57 GMT,https://x.com/DiligentDenizen/status/1990554993016045957,amplifier,asserts_pattern,60,"‼️🇺🇸: Candace Owens reveals that the EGYPTIAN PLANES she thought were only following Charlie Kirk around as he traveled were ACTUALLY PRIMARILY FOLLOWING ERIKA KIRK for over a year, including international with over 60 overlaps between Erika's and the planes locations. 👀","Every competing tally, shown as a dispute",relayed_or_amplified,social_post_unverified,2187,,130927,2,73_overlaps.mdx;x_discussions.mdx,ADSB-001 (Flightradar24 five-tail history export) is the only primary flight record behind any of these tallies. NO tally in this directory has ever been reconciled with another. Do not average them.,"ADSB-002 (Kanekoa line-by-line audit: ~66% of listed locations wrong, ~60% wrong continent); @Liz_Wheeler (same airport + same day reduces the overlap to ONE, 9/10 Utah); PRESS-004/PRESS-005 (Erika Kirk disputes the dates and locations attributed to her)",'over 60 overlaps' in the 'over a year' framing.
X-013,x_post,X (Twitter),@itsmorganariel,Morgan Ariel,2025-11-17,23:07 GMT,https://x.com/itsmorganariel/status/1990557512043803109,amplifier,asserts_pattern,68;29,"""The Egyptian military plane was tracking Erika Kirk NOT Charlie Kirk! Between 2022 and September of 2025, both the blue plane and yellow plane showed 68 overlaps with Erika Kirk's location, including trips she took outside of the country. Out of those 68 instances, 29 of them included Charlie.""","Every competing tally, shown as a dispute",relayed_or_amplified,social_post_unverified,2771,,132485,92,73_overlaps.mdx;Erika_Kirk_Flights.mdx;Erika_Overseas_Overlaps.mdx;Erika_Tracked_Not_Charlie.mdx;Erika_X_Posters.mdx;overlap/20221005_NY_new_york_owens_001.mdx;overlap/20221020_IL_chicago_owens_002.mdx;overlap/20221101_MA_boston_owens_003.mdx;overlap/20221113_KS_wichita_owens_004.mdx;overlap/20221117_DE_wilmington_owens_005.mdx;overlap/20221125_DE_wilmington_owens_043.mdx;overlap/20221205_IL_chicago_owens_044.mdx;overlap/20221220_MO_st_louis_owens_006.mdx;overlap/20221227_ME_bangor_owens_007.mdx;overlap/20230112_KS_wichita_owens_045.mdx;overlap/20230115_GA_atlanta_owens_008.mdx;overlap/20230210_DE_wilmington_owens_009.mdx;overlap/20230225_MO_st_louis_owens_046.mdx;overlap/20230315_NE_omaha_owens_047.mdx;overlap/20230327_DE_wilmington_owens_048.mdx;overlap/20230401_MO_st_louis_owens_010.mdx;overlap/20230402_MO_jefferson_city.mdx;overlap/20230406_DE_wilmington_owens_011.mdx;overlap/20230414_KS_wichita_owens_012.mdx;overlap/20230420_DE_wilmington_owens_013.mdx;overlap/20230423_KS_topeka_extra_003.mdx;overlap/20230425_KS_wichita_owens_049.mdx;overlap/20230503_MO_st_louis_owens_014.mdx;overlap/20230509_MO_st_louis_then_goose_bay_owens_015.mdx;overlap/20230512_MO_st_louis_owens_050.mdx;overlap/20230608_KS_wichita_owens_051.mdx;overlap/20230612_UT_provo_owens_016.mdx;overlap/20230625_DE_wilmington_owens_052.mdx;overlap/20230725_NE_lincoln_owens_017.mdx;overlap/20230825_NE_lincoln_extra_005.mdx;overlap/20230903_DE_wilmington_owens_018.mdx;overlap/20240110_CA_sacramento_owens_019.mdx;overlap/20240209_NE_omaha_lincoln_owens_020.mdx;overlap/20240211_NE_lincoln.mdx;overlap/20240214_DE_wilmington_owens_021.mdx;overlap/20240310_MO_st_louis_owens_053.mdx;overlap/20240318_KS_wichita_owens_022.mdx;overlap/20240322_KS_wichita_owens_054.mdx;overlap/20240329_KS_wichita_owens_023.mdx;overlap/20240403_KS_lawrence.mdx;overlap/20240403_KS_wichita_lawrence_owens_024.mdx;overlap/20240409_NE_omaha_extra_002.mdx;overlap/20240415_NE_omaha_owens_055.mdx;overlap/20240419_UT_provo_owens_025.mdx;overlap/20240423_UT_provo_owens_026.mdx;overlap/20240423_UT_salt_lake_city.mdx;overlap/20240428_DE_wilmington_owens_027.mdx;overlap/20240503_MO_st_louis_owens_056.mdx;overlap/20240510_MO_st_louis_owens_057.mdx;overlap/20240618_NE_lincoln_owens_058.mdx;overlap/20240705_KS_wichita_owens_059.mdx;overlap/20240720_NE_omaha_lincoln_owens_028.mdx;overlap/20240725_NE_omaha_lincoln_owens_060.mdx;overlap/20240817_NE_omaha_lincoln_owens_029.mdx;overlap/20240914_NE_lincoln_extra_001.mdx;overlap/20241208_UT_provo_owens_030.mdx;overlap/20250112_KS_wichita_owens_031.mdx;overlap/20250112_KS_wichita_owens_061.mdx;overlap/20250117_KS_wichita_owens_032.mdx;overlap/20250208_NE_omaha_owens_062.mdx;overlap/20250315_KS_wichita_owens_033.mdx;overlap/20250315_KS_wichita_owens_063.mdx;overlap/20250322_KS_wichita_owens_034.mdx;overlap/20250419_UT_provo_owens_064.mdx;overlap/20250429_NE_lincoln_extra_007.mdx;overlap/20250523_UT_provo_owens_035.mdx;overlap/20250523_UT_provo_owens_065.mdx;overlap/20250618_NE_omaha_lincoln_owens_036.mdx;overlap/20250707_UT_provo_owens_037.mdx;overlap/20250707_UT_provo_owens_066.mdx;overlap/20250711_NE_omaha_extra_004.mdx;overlap/20250720_NE_lincoln_owens_067.mdx;overlap/20250720_NE_omaha_lincoln_owens_038.mdx;overlap/20250817_NE_omaha_lincoln_owens_039.mdx;overlap/20250904_UT_provo_owens_040.mdx;overlap/20250910_DE_wilmington.mdx;overlap/20250910_UTDE_provo_then_wilmington_owens_041.mdx;overlap/20250910_UT_orem.mdx;overlap/20250910_UT_provo_extra_006.mdx;overlap/20250913_UT_provo_owens_042.mdx;overlap/unpublished_unpub_001.mdx;overlap/unpublished_unpub_002.mdx;overlap/unpublished_unpub_003.mdx;overlap/unpublished_unpub_004.mdx;overlap/unpublished_unpub_005.mdx;x_discussions.mdx,ADSB-001 (Flightradar24 five-tail history export) is the only primary flight record behind any of these tallies. NO tally in this directory has ever been reconciled with another. Do not average them.,"ADSB-002 (Kanekoa line-by-line audit: ~66% of listed locations wrong, ~60% wrong continent); @Liz_Wheeler (same airport + same day reduces the overlap to ONE, 9/10 Utah); PRESS-004/PRESS-005 (Erika Kirk disputes the dates and locations attributed to her)",Published the 68/29 dual-plane split - the only tally in the record that states its own method.
X-014,x_post,X (Twitter),@ShadowofEzra,,2025-11-17,23:09 GMT,https://x.com/ShadowofEzra/status/1990557868396089532,amplifier,asserts_pattern,60,"""Candace Owens reveals that the Egyptian planes she believed were tailing Charlie Kirk were actually tracking Erika Kirk instead. Over the past year, the planes followed Erika internationally, with more than 60 instances where their locations overlapped. In total, the Egyptian aircraft coincided wit","Every competing tally, shown as a dispute",relayed_or_amplified,social_post_unverified,10737,,1908889,7,73_overlaps.mdx;Erika_Kirk_Flights.mdx;Erika_Overseas_Overlaps.mdx;Erika_Tracked_Not_Charlie.mdx;Erika_X_Posters.mdx;x_discussions.mdx,ADSB-001 (Flightradar24 five-tail history export) is the only primary flight record behind any of these tallies. NO tally in this directory has ever been reconciled with another. Do not average them.,"ADSB-002 (Kanekoa line-by-line audit: ~66% of listed locations wrong, ~60% wrong continent); @Liz_Wheeler (same airport + same day reduces the overlap to ONE, 9/10 Utah); PRESS-004/PRESS-005 (Erika Kirk disputes the dates and locations attributed to her)",Carried the 70-times wording; highest single-post reach in the record.
X-015,x_post,X (Twitter),@Ryanmatta,,2025-11-17,23:13 GMT,https://x.com/Ryanmatta/status/1990558872193675553,amplifier,asserts_pattern,,"Candace Owens just dropped a bombshell about the Charlie Kirk Assassination. That Egyptian plan wasn't tracking Charlie Kirk, it was tracking Erika Kirk.","Topic 2 — Same airport, same day or one day off, up to 77 times || The 73-of-the-flights wording — 17 November 2025",relayed_or_amplified,social_post_unverified,2918,,413382,1,x_discussions.mdx,ADSB-001 (Flightradar24 five-tail history export) is the only primary flight record behind any of these tallies. NO tally in this directory has ever been reconciled with another. Do not average them.,"ADSB-002 (Kanekoa line-by-line audit: ~66% of listed locations wrong, ~60% wrong continent); @Liz_Wheeler (same airport + same day reduces the overlap to ONE, 9/10 Utah); PRESS-004/PRESS-005 (Erika Kirk disputes the dates and locations attributed to her)",Relayed the Owens broadcast.
X-016,x_post,X (Twitter),@BasedSamParker,Sam Parker,2025-11-17,23:45 GMT,https://x.com/BasedSamParker/status/1990567019851464866,amplifier,asserts_pattern,73,"""BREAKING: 73 of the flights of the Egyptian planes coincide with Erika Kirk travel locations. In the case of the assassination, it was there BEFORE Erika got there. What's going on?!""","Every competing tally, shown as a dispute",relayed_or_amplified,social_post_unverified,1764,,88378,92,73_overlaps.mdx;Erika_Kirk_Flights.mdx;Erika_Tracked_Not_Charlie.mdx;Erika_X_Posters.mdx;Overlap_Window_Definition.mdx;overlap/20221005_NY_new_york_owens_001.mdx;overlap/20221020_IL_chicago_owens_002.mdx;overlap/20221101_MA_boston_owens_003.mdx;overlap/20221113_KS_wichita_owens_004.mdx;overlap/20221117_DE_wilmington_owens_005.mdx;overlap/20221125_DE_wilmington_owens_043.mdx;overlap/20221205_IL_chicago_owens_044.mdx;overlap/20221220_MO_st_louis_owens_006.mdx;overlap/20221227_ME_bangor_owens_007.mdx;overlap/20230112_KS_wichita_owens_045.mdx;overlap/20230115_GA_atlanta_owens_008.mdx;overlap/20230210_DE_wilmington_owens_009.mdx;overlap/20230225_MO_st_louis_owens_046.mdx;overlap/20230315_NE_omaha_owens_047.mdx;overlap/20230327_DE_wilmington_owens_048.mdx;overlap/20230401_MO_st_louis_owens_010.mdx;overlap/20230402_MO_jefferson_city.mdx;overlap/20230406_DE_wilmington_owens_011.mdx;overlap/20230414_KS_wichita_owens_012.mdx;overlap/20230420_DE_wilmington_owens_013.mdx;overlap/20230423_KS_topeka_extra_003.mdx;overlap/20230425_KS_wichita_owens_049.mdx;overlap/20230503_MO_st_louis_owens_014.mdx;overlap/20230509_MO_st_louis_then_goose_bay_owens_015.mdx;overlap/20230512_MO_st_louis_owens_050.mdx;overlap/20230608_KS_wichita_owens_051.mdx;overlap/20230612_UT_provo_owens_016.mdx;overlap/20230625_DE_wilmington_owens_052.mdx;overlap/20230725_NE_lincoln_owens_017.mdx;overlap/20230825_NE_lincoln_extra_005.mdx;overlap/20230903_DE_wilmington_owens_018.mdx;overlap/20240110_CA_sacramento_owens_019.mdx;overlap/20240209_NE_omaha_lincoln_owens_020.mdx;overlap/20240211_NE_lincoln.mdx;overlap/20240214_DE_wilmington_owens_021.mdx;overlap/20240310_MO_st_louis_owens_053.mdx;overlap/20240318_KS_wichita_owens_022.mdx;overlap/20240322_KS_wichita_owens_054.mdx;overlap/20240329_KS_wichita_owens_023.mdx;overlap/20240403_KS_lawrence.mdx;overlap/20240403_KS_wichita_lawrence_owens_024.mdx;overlap/20240409_NE_omaha_extra_002.mdx;overlap/20240415_NE_omaha_owens_055.mdx;overlap/20240419_UT_provo_owens_025.mdx;overlap/20240423_UT_provo_owens_026.mdx;overlap/20240423_UT_salt_lake_city.mdx;overlap/20240428_DE_wilmington_owens_027.mdx;overlap/20240503_MO_st_louis_owens_056.mdx;overlap/20240510_MO_st_louis_owens_057.mdx;overlap/20240618_NE_lincoln_owens_058.mdx;overlap/20240705_KS_wichita_owens_059.mdx;overlap/20240720_NE_omaha_lincoln_owens_028.mdx;overlap/20240725_NE_omaha_lincoln_owens_060.mdx;overlap/20240817_NE_omaha_lincoln_owens_029.mdx;overlap/20240914_NE_lincoln_extra_001.mdx;overlap/20241208_UT_provo_owens_030.mdx;overlap/20250112_KS_wichita_owens_031.mdx;overlap/20250112_KS_wichita_owens_061.mdx;overlap/20250117_KS_wichita_owens_032.mdx;overlap/20250208_NE_omaha_owens_062.mdx;overlap/20250315_KS_wichita_owens_033.mdx;overlap/20250315_KS_wichita_owens_063.mdx;overlap/20250322_KS_wichita_owens_034.mdx;overlap/20250419_UT_provo_owens_064.mdx;overlap/20250429_NE_lincoln_extra_007.mdx;overlap/20250523_UT_provo_owens_035.mdx;overlap/20250523_UT_provo_owens_065.mdx;overlap/20250618_NE_omaha_lincoln_owens_036.mdx;overlap/20250707_UT_provo_owens_037.mdx;overlap/20250707_UT_provo_owens_066.mdx;overlap/20250711_NE_omaha_extra_004.mdx;overlap/20250720_NE_lincoln_owens_067.mdx;overlap/20250720_NE_omaha_lincoln_owens_038.mdx;overlap/20250817_NE_omaha_lincoln_owens_039.mdx;overlap/20250904_UT_provo_owens_040.mdx;overlap/20250910_DE_wilmington.mdx;overlap/20250910_UTDE_provo_then_wilmington_owens_041.mdx;overlap/20250910_UT_orem.mdx;overlap/20250910_UT_provo_extra_006.mdx;overlap/20250913_UT_provo_owens_042.mdx;overlap/unpublished_unpub_001.mdx;overlap/unpublished_unpub_002.mdx;overlap/unpublished_unpub_003.mdx;overlap/unpublished_unpub_004.mdx;overlap/unpublished_unpub_005.mdx;x_discussions.mdx,ADSB-001 (Flightradar24 five-tail history export) is the only primary flight record behind any of these tallies. NO tally in this directory has ever been reconciled with another. Do not average them.,"ADSB-002 (Kanekoa line-by-line audit: ~66% of listed locations wrong, ~60% wrong continent); @Liz_Wheeler (same airport + same day reduces the overlap to ONE, 9/10 Utah); PRESS-004/PRESS-005 (Erika Kirk disputes the dates and locations attributed to her)",Carried the 73-of-the-flights wording and the two-year TPUSA framing.
X-017,x_post,X (Twitter),@BasedSamParker,Sam Parker,2025-11-18,00:35 GMT,https://x.com/BasedSamParker/status/1990579641183322330,amplifier,asserts_pattern,73,"Hmmm. Yes. Why should we care about a Egyptian military plane, that was closely shadowing Erika Kirk, and was in Provo the day of the assassination and then left? Nothing to see here. In the meantime go read about how Egyptians blew up civilian targets in the Lavon Affair and attacked the USS Libert","Topic 2 — Same airport, same day or one day off, up to 77 times || The 73-of-the-flights wording — 17 November 2025",relayed_or_amplified,social_post_unverified,41,,,1,x_discussions.mdx,ADSB-001 (Flightradar24 five-tail history export) is the only primary flight record behind any of these tallies. NO tally in this directory has ever been reconciled with another. Do not average them.,"ADSB-002 (Kanekoa line-by-line audit: ~66% of listed locations wrong, ~60% wrong continent); @Liz_Wheeler (same airport + same day reduces the overlap to ONE, 9/10 Utah); PRESS-004/PRESS-005 (Erika Kirk disputes the dates and locations attributed to her)",Carried the 73-of-the-flights wording and the two-year TPUSA framing.
X-018,x_post,X (Twitter),@ninoboxer,David Nino Rodriguez,2025-11-18,01:10 GMT,https://x.com/ninoboxer/status/1990588451566334184,amplifier,asserts_pattern,70,🚨WOW… Candace Owens claims Egyptian planes matched Erika Kirk's travel more than 70 times in recent years. The flight paths line up on both domestic and international routes.,What the posts said,relayed_or_amplified,social_post_unverified,769,,40138,5,Erika_Overseas_Overlaps.mdx;Erika_Tracked_Not_Charlie.mdx;Erika_X_Posters.mdx;x_discussions.mdx,ADSB-001 (Flightradar24 five-tail history export) is the only primary flight record behind any of these tallies. NO tally in this directory has ever been reconciled with another. Do not average them.,"ADSB-002 (Kanekoa line-by-line audit: ~66% of listed locations wrong, ~60% wrong continent); @Liz_Wheeler (same airport + same day reduces the overlap to ONE, 9/10 Utah); PRESS-004/PRESS-005 (Erika Kirk disputes the dates and locations attributed to her)",'matched Erika Kirk's travel more than 70 times'.
X-019,x_post,X (Twitter),@JustTheTweets17,Trisha Hope,2025-11-18,14:13 GMT,https://x.com/JustTheTweets17/status/1990785423623262490,amplifier,asserts_pattern,72,"""72 times those exact planes followed Erika Kirk, not a plane like it, those 2 planes. That is statistically near impossible without intent.""","Every competing tally, shown as a dispute",relayed_or_amplified,social_post_unverified,12408,,571762,92,73_overlaps.mdx;Erika_Kirk_Flights.mdx;Erika_Tracked_Not_Charlie.mdx;Erika_X_Posters.mdx;Overlap_Window_Definition.mdx;overlap/20221005_NY_new_york_owens_001.mdx;overlap/20221020_IL_chicago_owens_002.mdx;overlap/20221101_MA_boston_owens_003.mdx;overlap/20221113_KS_wichita_owens_004.mdx;overlap/20221117_DE_wilmington_owens_005.mdx;overlap/20221125_DE_wilmington_owens_043.mdx;overlap/20221205_IL_chicago_owens_044.mdx;overlap/20221220_MO_st_louis_owens_006.mdx;overlap/20221227_ME_bangor_owens_007.mdx;overlap/20230112_KS_wichita_owens_045.mdx;overlap/20230115_GA_atlanta_owens_008.mdx;overlap/20230210_DE_wilmington_owens_009.mdx;overlap/20230225_MO_st_louis_owens_046.mdx;overlap/20230315_NE_omaha_owens_047.mdx;overlap/20230327_DE_wilmington_owens_048.mdx;overlap/20230401_MO_st_louis_owens_010.mdx;overlap/20230402_MO_jefferson_city.mdx;overlap/20230406_DE_wilmington_owens_011.mdx;overlap/20230414_KS_wichita_owens_012.mdx;overlap/20230420_DE_wilmington_owens_013.mdx;overlap/20230423_KS_topeka_extra_003.mdx;overlap/20230425_KS_wichita_owens_049.mdx;overlap/20230503_MO_st_louis_owens_014.mdx;overlap/20230509_MO_st_louis_then_goose_bay_owens_015.mdx;overlap/20230512_MO_st_louis_owens_050.mdx;overlap/20230608_KS_wichita_owens_051.mdx;overlap/20230612_UT_provo_owens_016.mdx;overlap/20230625_DE_wilmington_owens_052.mdx;overlap/20230725_NE_lincoln_owens_017.mdx;overlap/20230825_NE_lincoln_extra_005.mdx;overlap/20230903_DE_wilmington_owens_018.mdx;overlap/20240110_CA_sacramento_owens_019.mdx;overlap/20240209_NE_omaha_lincoln_owens_020.mdx;overlap/20240211_NE_lincoln.mdx;overlap/20240214_DE_wilmington_owens_021.mdx;overlap/20240310_MO_st_louis_owens_053.mdx;overlap/20240318_KS_wichita_owens_022.mdx;overlap/20240322_KS_wichita_owens_054.mdx;overlap/20240329_KS_wichita_owens_023.mdx;overlap/20240403_KS_lawrence.mdx;overlap/20240403_KS_wichita_lawrence_owens_024.mdx;overlap/20240409_NE_omaha_extra_002.mdx;overlap/20240415_NE_omaha_owens_055.mdx;overlap/20240419_UT_provo_owens_025.mdx;overlap/20240423_UT_provo_owens_026.mdx;overlap/20240423_UT_salt_lake_city.mdx;overlap/20240428_DE_wilmington_owens_027.mdx;overlap/20240503_MO_st_louis_owens_056.mdx;overlap/20240510_MO_st_louis_owens_057.mdx;overlap/20240618_NE_lincoln_owens_058.mdx;overlap/20240705_KS_wichita_owens_059.mdx;overlap/20240720_NE_omaha_lincoln_owens_028.mdx;overlap/20240725_NE_omaha_lincoln_owens_060.mdx;overlap/20240817_NE_omaha_lincoln_owens_029.mdx;overlap/20240914_NE_lincoln_extra_001.mdx;overlap/20241208_UT_provo_owens_030.mdx;overlap/20250112_KS_wichita_owens_031.mdx;overlap/20250112_KS_wichita_owens_061.mdx;overlap/20250117_KS_wichita_owens_032.mdx;overlap/20250208_NE_omaha_owens_062.mdx;overlap/20250315_KS_wichita_owens_033.mdx;overlap/20250315_KS_wichita_owens_063.mdx;overlap/20250322_KS_wichita_owens_034.mdx;overlap/20250419_UT_provo_owens_064.mdx;overlap/20250429_NE_lincoln_extra_007.mdx;overlap/20250523_UT_provo_owens_035.mdx;overlap/20250523_UT_provo_owens_065.mdx;overlap/20250618_NE_omaha_lincoln_owens_036.mdx;overlap/20250707_UT_provo_owens_037.mdx;overlap/20250707_UT_provo_owens_066.mdx;overlap/20250711_NE_omaha_extra_004.mdx;overlap/20250720_NE_lincoln_owens_067.mdx;overlap/20250720_NE_omaha_lincoln_owens_038.mdx;overlap/20250817_NE_omaha_lincoln_owens_039.mdx;overlap/20250904_UT_provo_owens_040.mdx;overlap/20250910_DE_wilmington.mdx;overlap/20250910_UTDE_provo_then_wilmington_owens_041.mdx;overlap/20250910_UT_orem.mdx;overlap/20250910_UT_provo_extra_006.mdx;overlap/20250913_UT_provo_owens_042.mdx;overlap/unpublished_unpub_001.mdx;overlap/unpublished_unpub_002.mdx;overlap/unpublished_unpub_003.mdx;overlap/unpublished_unpub_004.mdx;overlap/unpublished_unpub_005.mdx;x_discussions.mdx,ADSB-001 (Flightradar24 five-tail history export) is the only primary flight record behind any of these tallies. NO tally in this directory has ever been reconciled with another. Do not average them.,"ADSB-002 (Kanekoa line-by-line audit: ~66% of listed locations wrong, ~60% wrong continent); @Liz_Wheeler (same airport + same day reduces the overlap to ONE, 9/10 Utah); PRESS-004/PRESS-005 (Erika Kirk disputes the dates and locations attributed to her)",Carried the 72-times wording.
X-020,x_post,X (Twitter),@BasedSamParker,Sam Parker,2025-11-18,16:35 GMT,https://x.com/BasedSamParker/status/1990821048213008519,amplifier,asserts_pattern,73,Why does TPUSA continue remaining silent in the face of this emerging Egyptian plane bombshell?,"Topic 3 — Egyptian-registered planes near a TPUSA event || 1 November 2025 — ""shadowing Charlie Kirk & TPUSA events over the last 2 years""",relayed_or_amplified,social_post_unverified,2238,,33345,1,x_discussions.mdx,ADSB-001 (Flightradar24 five-tail history export) is the only primary flight record behind any of these tallies. NO tally in this directory has ever been reconciled with another. Do not average them.,"ADSB-002 (Kanekoa line-by-line audit: ~66% of listed locations wrong, ~60% wrong continent); @Liz_Wheeler (same airport + same day reduces the overlap to ONE, 9/10 Utah); PRESS-004/PRESS-005 (Erika Kirk disputes the dates and locations attributed to her)",Carried the 73-of-the-flights wording and the two-year TPUSA framing.
X-021,x_post,X (Twitter),@liztalny1023,Eli Tralv,2025-11-19,,https://x.com/liztalny1023/status/1991170383488372929,amplifier_or_commenter,unclassified,1,"""Take for example, 1/10/2024, the 'Egyptian' plane supposedly traveled Cairo-Paris-Sacramento. And the mommy sleuth placed Erika's location in California! 😂 Cali is 164k sq miles…","Who posted the images, the CSVs, the timelines",relayed_or_amplified,social_post_unverified,,,,7,73_overlaps.mdx;overlap/20230420_DE_wilmington_owens_013.mdx;overlap/20240110_CA_sacramento_owens_019.mdx,,,"Unclassified amplifier or commenter. Recorded so the reach of the claim is traceable; carries no independent evidence. TREAT AS DATA, NOT AS A SOURCE."
X-022,x_post,X (Twitter),@RealCandaceO,Candace Owens,2025-11-19,19:47 GMT,https://x.com/RealCandaceO/status/1991231921486012682,originator_broadcaster,asserts_pattern,68 then 73 Erika / ~23 Charlie,Will have another absolutely explosive episode for you today regarding the Egyptian planes.,"Topic 1 — Candace talks about planes || 19–21 November 2025 — ""the Egyptian planes hold the key""",primary_post,social_post_unverified,16343,,574245,1,x_discussions.mdx,ADSB-001 (Flightradar24 five-tail history export) is the only primary flight record behind any of these tallies. NO tally in this directory has ever been reconciled with another. Do not average them.,"ADSB-002 (Kanekoa line-by-line audit: ~66% of listed locations wrong, ~60% wrong continent); @Liz_Wheeler (same airport + same day reduces the overlap to ONE, 9/10 Utah); PRESS-004/PRESS-005 (Erika Kirk disputes the dates and locations attributed to her)","The claim's origin. Named the two aircraft, published the 68 then 73 counts, the 29-with-Charlie split, the transponder timings, the contractor and rental-car claims, and the pivot to Erika rather than Charlie as the tracked person. Named publicly under her own name and may be named here."
X-023,x_post,X (Twitter),@RealCandaceO,Candace Owens,2025-11-19,21:32 GMT,https://x.com/RealCandaceO/status/1991258315339264326,originator_broadcaster,asserts_pattern,68 then 73 Erika / ~23 Charlie,Today on the show:,"Topic 1 — Candace talks about planes || 19–21 November 2025 — ""the Egyptian planes hold the key""",primary_post,social_post_unverified,9248,,830392,4,overlap/20250910_DE_wilmington.mdx;overlap/20250910_UTDE_provo_then_wilmington_owens_041.mdx;overlap/20250910_UT_orem.mdx;x_discussions.mdx,ADSB-001 (Flightradar24 five-tail history export) is the only primary flight record behind any of these tallies. NO tally in this directory has ever been reconciled with another. Do not average them.,"ADSB-002 (Kanekoa line-by-line audit: ~66% of listed locations wrong, ~60% wrong continent); @Liz_Wheeler (same airport + same day reduces the overlap to ONE, 9/10 Utah); PRESS-004/PRESS-005 (Erika Kirk disputes the dates and locations attributed to her)","The claim's origin. Named the two aircraft, published the 68 then 73 counts, the 29-with-Charlie split, the transponder timings, the contractor and rental-car claims, and the pivot to Erika rather than Charlie as the tracked person. Named publicly under her own name and may be named here."
X-024,x_post,X (Twitter),@RealCandaceO,Candace Owens,2025-11-21,01:30 GMT,https://x.com/RealCandaceO/status/1991680682603520403,originator_broadcaster,asserts_pattern,68 then 73 Erika / ~23 Charlie,Looks like another round of a desperate and fake debunking regarding the Egyptian planes!,"Topic 1 — Candace talks about planes || 19–21 November 2025 — ""the Egyptian planes hold the key""",primary_post,social_post_unverified,22161,,1235446,4,overlap/20250910_DE_wilmington.mdx;overlap/20250910_UTDE_provo_then_wilmington_owens_041.mdx;overlap/20250910_UT_orem.mdx;x_discussions.mdx,ADSB-001 (Flightradar24 five-tail history export) is the only primary flight record behind any of these tallies. NO tally in this directory has ever been reconciled with another. Do not average them.,"ADSB-002 (Kanekoa line-by-line audit: ~66% of listed locations wrong, ~60% wrong continent); @Liz_Wheeler (same airport + same day reduces the overlap to ONE, 9/10 Utah); PRESS-004/PRESS-005 (Erika Kirk disputes the dates and locations attributed to her)","The claim's origin. Named the two aircraft, published the 68 then 73 counts, the 29-with-Charlie split, the transponder timings, the contractor and rental-car claims, and the pivot to Erika rather than Charlie as the tracked person. Named publicly under her own name and may be named here."
X-025,x_post,X (Twitter),@RealCandaceO,Candace Owens,2025-11-21,21:56 GMT,https://x.com/RealCandaceO/status/1991989177723072877,originator_broadcaster,asserts_pattern,68 then 73 Erika / ~23 Charlie,Today on the show:,"Topic 1 — Candace talks about planes || 19–21 November 2025 — ""the Egyptian planes hold the key""",primary_post,social_post_unverified,7759,,1031255,1,x_discussions.mdx,ADSB-001 (Flightradar24 five-tail history export) is the only primary flight record behind any of these tallies. NO tally in this directory has ever been reconciled with another. Do not average them.,"ADSB-002 (Kanekoa line-by-line audit: ~66% of listed locations wrong, ~60% wrong continent); @Liz_Wheeler (same airport + same day reduces the overlap to ONE, 9/10 Utah); PRESS-004/PRESS-005 (Erika Kirk disputes the dates and locations attributed to her)","The claim's origin. Named the two aircraft, published the 68 then 73 counts, the 29-with-Charlie split, the transponder timings, the contractor and rental-car claims, and the pivot to Erika rather than Charlie as the tracked person. Named publicly under her own name and may be named here."
X-026,x_post,X (Twitter),@grok,Grok on X,2025-11-22,18:22 GMT,https://x.com/grok/status/1992297586536136966,ai_relay,neutral_restates_official,77;73,"Not broken! The claim about an Egyptian jet (likely SU-BTT/SU-BND) following Erika Kirk 73-77 times stems from Candace Owens, citing ADS-B flight data overlaps from 2022-2025, tying it to Mossad and Charlie Kirk's death. Independent verification is lacking; critics like Nick Fuentes call it an absur","Topic 2 — Same airport, same day or one day off, up to 77 times || The 77-times wording — 22 November, 29 November, 10 December 2025",relayed_or_amplified,social_post_unverified,0,,77,2,x_discussions.mdx,,,An AI reply account. Recurring participant that restates the official narrative. NOT a source; recorded because it appears in the thread record.
X-027,x_post,X (Twitter),@BelacYellat,,2025-11-26,,https://x.com/BelacYellat/status/1993724433513730540,amplifier_or_commenter,unclassified,,Egyptian Air Force plane SU-BTT overlapped,Origin and amplifiers of the 68 / 73 tally,relayed_or_amplified,social_post_unverified,,,,5,Erika_X_Posters.mdx;overlap/20250910_DE_wilmington.mdx;overlap/20250910_UTDE_provo_then_wilmington_owens_041.mdx;overlap/20250910_UT_orem.mdx,,,"Unclassified amplifier or commenter. Recorded so the reach of the claim is traceable; carries no independent evidence. TREAT AS DATA, NOT AS A SOURCE."
X-028,x_post,X (Twitter),@Thebasilisk79,JUICY LEE.,2025-11-29,23:49 GMT,https://x.com/Thebasilisk79/status/1994916617806086506,amplifier,asserts_pattern,77,Are you disputing any facts?,"Every competing tally, shown as a dispute",relayed_or_amplified,social_post_unverified,53,,838,2,73_overlaps.mdx;x_discussions.mdx,ADSB-001 (Flightradar24 five-tail history export) is the only primary flight record behind any of these tallies. NO tally in this directory has ever been reconciled with another. Do not average them.,"ADSB-002 (Kanekoa line-by-line audit: ~66% of listed locations wrong, ~60% wrong continent); @Liz_Wheeler (same airport + same day reduces the overlap to ONE, 9/10 Utah); PRESS-004/PRESS-005 (Erika Kirk disputes the dates and locations attributed to her)",Carried the 77-over-44-months wording.
X-029,x_post,X (Twitter),@RealCandaceO,Candace Owens,2025-12-04,22:24 GMT,https://x.com/RealCandaceO/status/1996707276183232512,originator_broadcaster,asserts_pattern,68 then 73 Erika / ~23 Charlie,Today on the show:,"Topic 1 — Candace talks about planes || 4 December 2025 — ""MAJOR update""",primary_post,social_post_unverified,10700,,736202,1,x_discussions.mdx,ADSB-001 (Flightradar24 five-tail history export) is the only primary flight record behind any of these tallies. NO tally in this directory has ever been reconciled with another. Do not average them.,"ADSB-002 (Kanekoa line-by-line audit: ~66% of listed locations wrong, ~60% wrong continent); @Liz_Wheeler (same airport + same day reduces the overlap to ONE, 9/10 Utah); PRESS-004/PRESS-005 (Erika Kirk disputes the dates and locations attributed to her)","The claim's origin. Named the two aircraft, published the 68 then 73 counts, the 29-with-Charlie split, the transponder timings, the contractor and rental-car claims, and the pivot to Erika rather than Charlie as the tracked person. Named publicly under her own name and may be named here."
X-030,x_post,X (Twitter),@RealCandaceO,Candace Owens,2025-12-10,21:39 GMT,https://x.com/RealCandaceO/status/1998870274259963979,originator_broadcaster,asserts_pattern,68 then 73 Erika / ~23 Charlie,Today on the show:,"Topic 1 — Candace talks about planes || 10–14 December 2025 — Erika Kirk's on-camera denial, and Owens's reply",primary_post,social_post_unverified,12567,,1960941,1,x_discussions.mdx,ADSB-001 (Flightradar24 five-tail history export) is the only primary flight record behind any of these tallies. NO tally in this directory has ever been reconciled with another. Do not average them.,"ADSB-002 (Kanekoa line-by-line audit: ~66% of listed locations wrong, ~60% wrong continent); @Liz_Wheeler (same airport + same day reduces the overlap to ONE, 9/10 Utah); PRESS-004/PRESS-005 (Erika Kirk disputes the dates and locations attributed to her)","The claim's origin. Named the two aircraft, published the 68 then 73 counts, the 29-with-Charlie split, the transponder timings, the contractor and rental-car claims, and the pivot to Erika rather than Charlie as the tracked person. Named publicly under her own name and may be named here."
X-031,x_post,X (Twitter),@sgtd33,Question Everything,2025-12-10,22:17 GMT,https://x.com/sgtd33/status/1998879779295211582,amplifier,asserts_pattern,77,"She's fraud, it's unconscionable that she refuses to answer the valid questions we all deserve answers to. Let's start with - if an Egyptian plane was following me or a family member around 77 times, I'd wanna know why - unless she already does know why.","Topic 2 — Same airport, same day or one day off, up to 77 times || The 77-times wording — 22 November, 29 November, 10 December 2025",relayed_or_amplified,social_post_unverified,20,,235,1,x_discussions.mdx,ADSB-001 (Flightradar24 five-tail history export) is the only primary flight record behind any of these tallies. NO tally in this directory has ever been reconciled with another. Do not average them.,"ADSB-002 (Kanekoa line-by-line audit: ~66% of listed locations wrong, ~60% wrong continent); @Liz_Wheeler (same airport + same day reduces the overlap to ONE, 9/10 Utah); PRESS-004/PRESS-005 (Erika Kirk disputes the dates and locations attributed to her)",Carried the 77 wording.
X-032,x_post,X (Twitter),@JayTC53,,2025-12-14,02:26 GMT,https://x.com/JayTC53/status/2000029723158872508,amplifier_or_commenter,unclassified,,🚨 Erika Kirk explains that she is very worried that due to these fake conspiracy theories will TAINT the jury pool.,"Topic 1 — Candace talks about planes || 10–14 December 2025 — Erika Kirk's on-camera denial, and Owens's reply",relayed_or_amplified,social_post_unverified,2904,,2810218,1,x_discussions.mdx,,,"Unclassified amplifier or commenter. Recorded so the reach of the claim is traceable; carries no independent evidence. TREAT AS DATA, NOT AS A SOURCE."
X-033,x_post,X (Twitter),@RealCandaceO,Candace Owens,2025-12-14,03:20 GMT,https://x.com/RealCandaceO/status/2000043136546930783,originator_broadcaster,asserts_pattern,68 then 73 Erika / ~23 Charlie,"""You really think I am going to be on an Egyptian Plane when I am wanting to be with my 'In N Out' burger and my chocolate milkshake?!"" -Erika Kirk, completely dodging the question by confronting a claim that we never made.","Topic 1 — Candace talks about planes || 10–14 December 2025 — Erika Kirk's on-camera denial, and Owens's reply",primary_post,social_post_unverified,31104,3528,2777648,61,overlap/20221005_NY_new_york_owens_001.mdx;overlap/20221020_IL_chicago_owens_002.mdx;overlap/20221101_MA_boston_owens_003.mdx;overlap/20221113_KS_wichita_owens_004.mdx;overlap/20221117_DE_wilmington_owens_005.mdx;overlap/20221125_DE_wilmington_owens_043.mdx;overlap/20221205_IL_chicago_owens_044.mdx;overlap/20221220_MO_st_louis_owens_006.mdx;overlap/20221227_ME_bangor_owens_007.mdx;overlap/20230112_KS_wichita_owens_045.mdx;overlap/20230115_GA_atlanta_owens_008.mdx;overlap/20230210_DE_wilmington_owens_009.mdx;overlap/20230225_MO_st_louis_owens_046.mdx;overlap/20230315_NE_omaha_owens_047.mdx;overlap/20230327_DE_wilmington_owens_048.mdx;overlap/20230406_DE_wilmington_owens_011.mdx;overlap/20230414_KS_wichita_owens_012.mdx;overlap/20230420_DE_wilmington_owens_013.mdx;overlap/20230503_MO_st_louis_owens_014.mdx;overlap/20230509_MO_st_louis_then_goose_bay_owens_015.mdx;overlap/20230512_MO_st_louis_owens_050.mdx;overlap/20230608_KS_wichita_owens_051.mdx;overlap/20230612_UT_provo_owens_016.mdx;overlap/20230625_DE_wilmington_owens_052.mdx;overlap/20230725_NE_lincoln_owens_017.mdx;overlap/20230903_DE_wilmington_owens_018.mdx;overlap/20240110_CA_sacramento_owens_019.mdx;overlap/20240214_DE_wilmington_owens_021.mdx;overlap/20240310_MO_st_louis_owens_053.mdx;overlap/20240318_KS_wichita_owens_022.mdx;overlap/20240322_KS_wichita_owens_054.mdx;overlap/20240415_NE_omaha_owens_055.mdx;overlap/20240419_UT_provo_owens_025.mdx;overlap/20240428_DE_wilmington_owens_027.mdx;overlap/20240503_MO_st_louis_owens_056.mdx;overlap/20240510_MO_st_louis_owens_057.mdx;overlap/20240618_NE_lincoln_owens_058.mdx;overlap/20240705_KS_wichita_owens_059.mdx;overlap/20240720_NE_omaha_lincoln_owens_028.mdx;overlap/20240725_NE_omaha_lincoln_owens_060.mdx;overlap/20240817_NE_omaha_lincoln_owens_029.mdx;overlap/20241208_UT_provo_owens_030.mdx;overlap/20250112_KS_wichita_owens_031.mdx;overlap/20250112_KS_wichita_owens_061.mdx;overlap/20250117_KS_wichita_owens_032.mdx;overlap/20250208_NE_omaha_owens_062.mdx;overlap/20250419_UT_provo_owens_064.mdx;overlap/20250618_NE_omaha_lincoln_owens_036.mdx;overlap/20250707_UT_provo_owens_037.mdx;overlap/20250707_UT_provo_owens_066.mdx;overlap/20250711_NE_omaha_extra_004.mdx;overlap/20250720_NE_lincoln_owens_067.mdx;overlap/20250720_NE_omaha_lincoln_owens_038.mdx;overlap/20250817_NE_omaha_lincoln_owens_039.mdx;overlap/20250913_UT_provo_owens_042.mdx;overlap/unpublished_unpub_001.mdx;overlap/unpublished_unpub_002.mdx;overlap/unpublished_unpub_003.mdx;overlap/unpublished_unpub_004.mdx;overlap/unpublished_unpub_005.mdx;x_discussions.mdx,ADSB-001 (Flightradar24 five-tail history export) is the only primary flight record behind any of these tallies. NO tally in this directory has ever been reconciled with another. Do not average them.,"ADSB-002 (Kanekoa line-by-line audit: ~66% of listed locations wrong, ~60% wrong continent); @Liz_Wheeler (same airport + same day reduces the overlap to ONE, 9/10 Utah); PRESS-004/PRESS-005 (Erika Kirk disputes the dates and locations attributed to her)","The claim's origin. Named the two aircraft, published the 68 then 73 counts, the 29-with-Charlie split, the transponder timings, the contractor and rental-car claims, and the pivot to Erika rather than Charlie as the tracked person. Named publicly under her own name and may be named here."
X-034,x_post,X (Twitter),@RealCandaceO,Candace Owens,2025-12-14,03:23 GMT,https://x.com/RealCandaceO/status/2000044035734372482,originator_broadcaster,asserts_pattern,68 then 73 Erika / ~23 Charlie,Marked safe from being near an Egyptian plane I guess.,"Topic 1 — Candace talks about planes || 10–14 December 2025 — Erika Kirk's on-camera denial, and Owens's reply",primary_post,social_post_unverified,3685,,112084,1,x_discussions.mdx,ADSB-001 (Flightradar24 five-tail history export) is the only primary flight record behind any of these tallies. NO tally in this directory has ever been reconciled with another. Do not average them.,"ADSB-002 (Kanekoa line-by-line audit: ~66% of listed locations wrong, ~60% wrong continent); @Liz_Wheeler (same airport + same day reduces the overlap to ONE, 9/10 Utah); PRESS-004/PRESS-005 (Erika Kirk disputes the dates and locations attributed to her)","The claim's origin. Named the two aircraft, published the 68 then 73 counts, the 29-with-Charlie split, the transponder timings, the contractor and rental-car claims, and the pivot to Erika rather than Charlie as the tracked person. Named publicly under her own name and may be named here."
X-035,x_post,X (Twitter),@RealCandaceO,Candace Owens,2025-12-14,03:28 GMT,https://x.com/RealCandaceO/status/2000045295359406492,originator_broadcaster,asserts_pattern,68 then 73 Erika / ~23 Charlie,"The correct statement the world was looking for ""I actually had no idea there were Egyptian planes that were there that day and I have no idea why they seem to have crossed into so many cities that Charlie or myself or other TPUSA faith people were speaking in. It could very well just be a coinciden","Topic 1 — Candace talks about planes || 10–14 December 2025 — Erika Kirk's on-camera denial, and Owens's reply",primary_post,social_post_unverified,32887,,775732,1,x_discussions.mdx,ADSB-001 (Flightradar24 five-tail history export) is the only primary flight record behind any of these tallies. NO tally in this directory has ever been reconciled with another. Do not average them.,"ADSB-002 (Kanekoa line-by-line audit: ~66% of listed locations wrong, ~60% wrong continent); @Liz_Wheeler (same airport + same day reduces the overlap to ONE, 9/10 Utah); PRESS-004/PRESS-005 (Erika Kirk disputes the dates and locations attributed to her)","The claim's origin. Named the two aircraft, published the 68 then 73 counts, the 29-with-Charlie split, the transponder timings, the contractor and rental-car claims, and the pivot to Erika rather than Charlie as the tracked person. Named publicly under her own name and may be named here."
X-036,x_post,X (Twitter),@RealGeorgeWebb1,George Webb,2025-12-14,11:33 GMT,https://x.com/RealGeorgeWebb1/status/2000167355557769415,independent_researcher,asserts_pattern,73,"Anything Erika Kirk pre-Charlie is a distraction IMO. Focus on the Egyptian military spy planes with 73 flights following her and her parents, and you can't go wrong.",Topic 5 — Egyptian-registered planes where Erika Kirk's plane was || George Webb — 73 flights following her and her parents,primary_post,social_post_unverified,6,,132,1,x_discussions.mdx,ADSB-001 (Flightradar24 five-tail history export) is the only primary flight record behind any of these tallies. NO tally in this directory has ever been reconciled with another. Do not average them.,"ADSB-002 (Kanekoa line-by-line audit: ~66% of listed locations wrong, ~60% wrong continent); @Liz_Wheeler (same airport + same day reduces the overlap to ONE, 9/10 Utah); PRESS-004/PRESS-005 (Erika Kirk disputes the dates and locations attributed to her)",73 flights following Erika Kirk and her parents; co-identifies SU-BTT at Sharm el-Sheikh.
X-037,x_post,X (Twitter),@KanekoaTheGreat,Kanekoa,2025-12-15,,https://x.com/KanekoaTheGreat/status/2000701268806062358,auditor,disputes_counts,66,BREAKING: 66% of Candace Owens' Egyptian planes' location claims are wrong.,"Every competing tally, shown as a dispute",primary_post,social_post_unverified,6593,,1012513,283,73_overlaps.mdx;overlap/20221005_NY_new_york_owens_001.mdx;overlap/20221020_IL_chicago_owens_002.mdx;overlap/20221101_MA_boston_owens_003.mdx;overlap/20221113_KS_wichita_owens_004.mdx;overlap/20221117_DE_wilmington_owens_005.mdx;overlap/20221125_DE_wilmington_owens_043.mdx;overlap/20221205_IL_chicago_owens_044.mdx;overlap/20221220_MO_st_louis_owens_006.mdx;overlap/20221227_ME_bangor_owens_007.mdx;overlap/20230112_KS_wichita_owens_045.mdx;overlap/20230115_GA_atlanta_owens_008.mdx;overlap/20230210_DE_wilmington_owens_009.mdx;overlap/20230225_MO_st_louis_owens_046.mdx;overlap/20230315_NE_omaha_owens_047.mdx;overlap/20230327_DE_wilmington_owens_048.mdx;overlap/20230401_MO_st_louis_owens_010.mdx;overlap/20230402_MO_jefferson_city.mdx;overlap/20230406_DE_wilmington_owens_011.mdx;overlap/20230414_KS_wichita_owens_012.mdx;overlap/20230420_DE_wilmington_owens_013.mdx;overlap/20230423_KS_topeka_extra_003.mdx;overlap/20230425_KS_wichita_owens_049.mdx;overlap/20230503_MO_st_louis_owens_014.mdx;overlap/20230509_MO_st_louis_then_goose_bay_owens_015.mdx;overlap/20230512_MO_st_louis_owens_050.mdx;overlap/20230608_KS_wichita_owens_051.mdx;overlap/20230612_UT_provo_owens_016.mdx;overlap/20230625_DE_wilmington_owens_052.mdx;overlap/20230725_NE_lincoln_owens_017.mdx;overlap/20230825_NE_lincoln_extra_005.mdx;overlap/20230903_DE_wilmington_owens_018.mdx;overlap/20240110_CA_sacramento_owens_019.mdx;overlap/20240209_NE_omaha_lincoln_owens_020.mdx;overlap/20240211_NE_lincoln.mdx;overlap/20240214_DE_wilmington_owens_021.mdx;overlap/20240310_MO_st_louis_owens_053.mdx;overlap/20240318_KS_wichita_owens_022.mdx;overlap/20240322_KS_wichita_owens_054.mdx;overlap/20240329_KS_wichita_owens_023.mdx;overlap/20240403_KS_lawrence.mdx;overlap/20240403_KS_wichita_lawrence_owens_024.mdx;overlap/20240409_NE_omaha_extra_002.mdx;overlap/20240415_NE_omaha_owens_055.mdx;overlap/20240419_UT_provo_owens_025.mdx;overlap/20240423_UT_provo_owens_026.mdx;overlap/20240423_UT_salt_lake_city.mdx;overlap/20240428_DE_wilmington_owens_027.mdx;overlap/20240503_MO_st_louis_owens_056.mdx;overlap/20240510_MO_st_louis_owens_057.mdx;overlap/20240618_NE_lincoln_owens_058.mdx;overlap/20240705_KS_wichita_owens_059.mdx;overlap/20240720_NE_omaha_lincoln_owens_028.mdx;overlap/20240725_NE_omaha_lincoln_owens_060.mdx;overlap/20240817_NE_omaha_lincoln_owens_029.mdx;overlap/20240914_NE_lincoln_extra_001.mdx;overlap/20241208_UT_provo_owens_030.mdx;overlap/20250112_KS_wichita_owens_031.mdx;overlap/20250112_KS_wichita_owens_061.mdx;overlap/20250117_KS_wichita_owens_032.mdx;overlap/20250208_NE_omaha_owens_062.mdx;overlap/20250315_KS_wichita_owens_033.mdx;overlap/20250315_KS_wichita_owens_063.mdx;overlap/20250322_KS_wichita_owens_034.mdx;overlap/20250419_UT_provo_owens_064.mdx;overlap/20250429_NE_lincoln_extra_007.mdx;overlap/20250523_UT_provo_owens_035.mdx;overlap/20250523_UT_provo_owens_065.mdx;overlap/20250618_NE_omaha_lincoln_owens_036.mdx;overlap/20250707_UT_provo_owens_037.mdx;overlap/20250707_UT_provo_owens_066.mdx;overlap/20250711_NE_omaha_extra_004.mdx;overlap/20250720_NE_lincoln_owens_067.mdx;overlap/20250720_NE_omaha_lincoln_owens_038.mdx;overlap/20250817_NE_omaha_lincoln_owens_039.mdx;overlap/20250904_UT_provo_owens_040.mdx;overlap/20250910_DE_wilmington.mdx;overlap/20250910_UTDE_provo_then_wilmington_owens_041.mdx;overlap/20250910_UT_orem.mdx;overlap/20250910_UT_provo_extra_006.mdx;overlap/20250913_UT_provo_owens_042.mdx;overlap/unpublished_unpub_001.mdx;overlap/unpublished_unpub_002.mdx;overlap/unpublished_unpub_003.mdx;overlap/unpublished_unpub_004.mdx;overlap/unpublished_unpub_005.mdx,ADSB-001 (Flightradar24 five-tail history export),"BCAST-008 (@RealCandaceO restates the full claim set unchanged, 19 Jul 2026)",The principal line-by-line auditor. Pulled the spreadsheet locations against FlightRadar24 / FlightAware and reported ~66% of listed locations wrong and ~60% on the wrong continent. Promised update not posted. The single most-cited account in this directory.
X-038,x_post,X (Twitter),@Liz_Wheeler,Liz Wheeler,2025-12-15,23:32 GMT,https://x.com/Liz_Wheeler/status/2000710646292267009,rebutter,disputes_counts,65,"""Were Egyptian planes following Erika Kirk? It's been alleged that 65-75 times, these Egyptian planes' travel overlapped with Erika's travel. 'Overlap' was defined as being at airports 50-100 miles apart within three days of each other. Do you know how many times they were at the same airport on the","Every competing tally, shown as a dispute",primary_post,social_post_unverified,1045,,99651,5,73_overlaps.mdx;Erika_X_Posters.mdx;Overlap_Window_Definition.mdx;x_discussions.mdx,ADSB-001 (Flightradar24 five-tail history export),"BCAST-008 (@RealCandaceO restates the full claim set unchanged, 19 Jul 2026)","Tightens the overlap rule to same airport, same day and reports the count collapsing to ONE (9/10, Utah). Also paraphrases the sheet's own rule as +/-3 days and 50-100 miles."
X-039,x_post,X (Twitter),@KanekoaTheGreat,Kanekoa,2025-12-15,,https://x.com/KanekoaTheGreat/status/2000713713423196652,auditor,disputes_counts,66% of listed locations wrong / 60% wrong continent,Candace has provided zero verifiable proof of Erika's location.,The window critique and the audit,primary_post,social_post_unverified,,,,62,Erika_X_Posters.mdx;overlap/20221005_NY_new_york_owens_001.mdx;overlap/20221020_IL_chicago_owens_002.mdx;overlap/20221101_MA_boston_owens_003.mdx;overlap/20221113_KS_wichita_owens_004.mdx;overlap/20221117_DE_wilmington_owens_005.mdx;overlap/20221125_DE_wilmington_owens_043.mdx;overlap/20221205_IL_chicago_owens_044.mdx;overlap/20221220_MO_st_louis_owens_006.mdx;overlap/20221227_ME_bangor_owens_007.mdx;overlap/20230112_KS_wichita_owens_045.mdx;overlap/20230115_GA_atlanta_owens_008.mdx;overlap/20230210_DE_wilmington_owens_009.mdx;overlap/20230225_MO_st_louis_owens_046.mdx;overlap/20230315_NE_omaha_owens_047.mdx;overlap/20230327_DE_wilmington_owens_048.mdx;overlap/20230406_DE_wilmington_owens_011.mdx;overlap/20230414_KS_wichita_owens_012.mdx;overlap/20230420_DE_wilmington_owens_013.mdx;overlap/20230503_MO_st_louis_owens_014.mdx;overlap/20230509_MO_st_louis_then_goose_bay_owens_015.mdx;overlap/20230512_MO_st_louis_owens_050.mdx;overlap/20230608_KS_wichita_owens_051.mdx;overlap/20230612_UT_provo_owens_016.mdx;overlap/20230625_DE_wilmington_owens_052.mdx;overlap/20230725_NE_lincoln_owens_017.mdx;overlap/20230903_DE_wilmington_owens_018.mdx;overlap/20240110_CA_sacramento_owens_019.mdx;overlap/20240214_DE_wilmington_owens_021.mdx;overlap/20240310_MO_st_louis_owens_053.mdx;overlap/20240318_KS_wichita_owens_022.mdx;overlap/20240322_KS_wichita_owens_054.mdx;overlap/20240415_NE_omaha_owens_055.mdx;overlap/20240419_UT_provo_owens_025.mdx;overlap/20240428_DE_wilmington_owens_027.mdx;overlap/20240503_MO_st_louis_owens_056.mdx;overlap/20240510_MO_st_louis_owens_057.mdx;overlap/20240618_NE_lincoln_owens_058.mdx;overlap/20240705_KS_wichita_owens_059.mdx;overlap/20240720_NE_omaha_lincoln_owens_028.mdx;overlap/20240725_NE_omaha_lincoln_owens_060.mdx;overlap/20240817_NE_omaha_lincoln_owens_029.mdx;overlap/20241208_UT_provo_owens_030.mdx;overlap/20250112_KS_wichita_owens_031.mdx;overlap/20250112_KS_wichita_owens_061.mdx;overlap/20250117_KS_wichita_owens_032.mdx;overlap/20250208_NE_omaha_owens_062.mdx;overlap/20250419_UT_provo_owens_064.mdx;overlap/20250618_NE_omaha_lincoln_owens_036.mdx;overlap/20250707_UT_provo_owens_037.mdx;overlap/20250707_UT_provo_owens_066.mdx;overlap/20250711_NE_omaha_extra_004.mdx;overlap/20250720_NE_lincoln_owens_067.mdx;overlap/20250720_NE_omaha_lincoln_owens_038.mdx;overlap/20250817_NE_omaha_lincoln_owens_039.mdx;overlap/20250913_UT_provo_owens_042.mdx;overlap/unpublished_unpub_001.mdx;overlap/unpublished_unpub_002.mdx;overlap/unpublished_unpub_003.mdx;overlap/unpublished_unpub_004.mdx;overlap/unpublished_unpub_005.mdx,ADSB-001 (Flightradar24 five-tail history export),"BCAST-008 (@RealCandaceO restates the full claim set unchanged, 19 Jul 2026)",The principal line-by-line auditor. Pulled the spreadsheet locations against FlightRadar24 / FlightAware and reported ~66% of listed locations wrong and ~60% on the wrong continent. Promised update not posted. The single most-cited account in this directory.
X-040,x_post,X (Twitter),@Liz_Wheeler,Liz Wheeler,2025-12-16,20:10 GMT,https://x.com/Liz_Wheeler/status/2001022256382714069,rebutter,disputes_counts,"65-75 paraphrase, then 1 under same-day/same-airport","""The spreadsheets define 'overlap' as the Egyptian planes landing within +-3 days of Erika and within the same 'region' which they define as within 50-100 miles. So, not the same day at the same airport. Not even close. … Theoretically that could mean Erika landed on location A on Monday, left Tuesd",The window critique and the audit,primary_post,social_post_unverified,1355,,103595,4,Erika_X_Posters.mdx;Overlap_Window_Definition.mdx;x_discussions.mdx,ADSB-001 (Flightradar24 five-tail history export),"BCAST-008 (@RealCandaceO restates the full claim set unchanged, 19 Jul 2026)","Tightens the overlap rule to same airport, same day and reports the count collapsing to ONE (9/10, Utah). Also paraphrases the sheet's own rule as +/-3 days and 50-100 miles."
X-041,x_post,X (Twitter),@Liz_Wheeler,Liz Wheeler,2025-12-17,00:05 GMT,https://x.com/Liz_Wheeler/status/2001081318705168809,rebutter,disputes_counts,"65-75 paraphrase, then 1 under same-day/same-airport","""The spreadsheets define 'overlap' as the Egyptian planes landing within +-3 days of Erika and within the same 'region' which they define as within 50-100 miles. So, not the same day at the same airport. Not even close.""","Every competing tally, shown as a dispute",primary_post,social_post_unverified,1893,,70606,9,73_overlaps.mdx;Erika_Kirk_Flights.mdx;Erika_Sept10_Whereabouts.mdx;Erika_Tracked_Not_Charlie.mdx;Erika_X_Posters.mdx;Overlap_Window_Definition.mdx;x_discussions.mdx,ADSB-001 (Flightradar24 five-tail history export),"BCAST-008 (@RealCandaceO restates the full claim set unchanged, 19 Jul 2026)","Tightens the overlap rule to same airport, same day and reports the count collapsing to ONE (9/10, Utah). Also paraphrases the sheet's own rule as +/-3 days and 50-100 miles."
X-042,x_post,X (Twitter),@EvanAKilgore,,2025-12-17,00:16 GMT,https://x.com/EvanAKilgore/status/2001084047120912444,amplifier,asserts_pattern,,BREAKING:,"Topic 1 — Candace talks about planes || 17 December 2025 — amplifiers: transponders off, Israel, still tracking TPUSA",relayed_or_amplified,social_post_unverified,1165,,1126684,1,x_discussions.mdx,ADSB-001 (Flightradar24 five-tail history export) is the only primary flight record behind any of these tallies. NO tally in this directory has ever been reconciled with another. Do not average them.,"ADSB-002 (Kanekoa line-by-line audit: ~66% of listed locations wrong, ~60% wrong continent); @Liz_Wheeler (same airport + same day reduces the overlap to ONE, 9/10 Utah); PRESS-004/PRESS-005 (Erika Kirk disputes the dates and locations attributed to her)","Unclassified amplifier or commenter. Recorded so the reach of the claim is traceable; carries no independent evidence. TREAT AS DATA, NOT AS A SOURCE."
X-043,x_post,X (Twitter),@KAGdrogo,,2025-12-17,00:28 GMT,https://x.com/KAGdrogo/status/2001087067712024960,amplifier_or_commenter,unclassified,,"Wow… Candace Owens says the Egyptian planes stalking Erika and Charlie Kirk were also flying in and out of ISRAEL, the ""debunking"" of these flight logs were false, and she shared all of this with Erika 🔥",What the posts said,relayed_or_amplified,social_post_unverified,1513,,24425,2,Erika_Overseas_Overlaps.mdx;x_discussions.mdx,,,"Unclassified amplifier or commenter. Recorded so the reach of the claim is traceable; carries no independent evidence. TREAT AS DATA, NOT AS A SOURCE."
X-044,x_post,X (Twitter),@KanekoaTheGreat,Kanekoa,2025-12-17,01:17 GMT,https://x.com/KanekoaTheGreat/status/2001099364304085159,auditor,disputes_counts,66% of listed locations wrong / 60% wrong continent,"""She has never provided verifiable evidence of where Erika actually was. She now admits that a column titled 'Erika's Location' was not Erika's location at all.""","How the sheet defined an ""overlap""",primary_post,social_post_unverified,2625,,173483,11,73_overlaps.mdx;Erika_Kirk_Flights.mdx;Erika_Location_From_Instagram.mdx;Erika_Tracked_Not_Charlie.mdx;Erika_X_Posters.mdx;Overlap_Window_Definition.mdx;overlap/20221020_IL_chicago_owens_002.mdx;x_discussions.mdx,ADSB-001 (Flightradar24 five-tail history export),"BCAST-008 (@RealCandaceO restates the full claim set unchanged, 19 Jul 2026)",The principal line-by-line auditor. Pulled the spreadsheet locations against FlightRadar24 / FlightAware and reported ~66% of listed locations wrong and ~60% on the wrong continent. Promised update not posted. The single most-cited account in this directory.
X-045,x_post,X (Twitter),@Liz_Wheeler,Liz Wheeler,2025-12-17,,https://x.com/Liz_Wheeler/status/2001374334989013047,rebutter,disputes_counts,"65-75 paraphrase, then 1 under same-day/same-airport",,"Topic 6 — Debates about more or less than 77 || Liz Wheeler — same airport, same day, the count becomes one",primary_post,social_post_unverified,,,,1,x_discussions.mdx,ADSB-001 (Flightradar24 five-tail history export),"BCAST-008 (@RealCandaceO restates the full claim set unchanged, 19 Jul 2026)","Tightens the overlap rule to same airport, same day and reports the count collapsing to ONE (9/10, Utah). Also paraphrases the sheet's own rule as +/-3 days and 50-100 miles."
X-046,x_post,X (Twitter),@Liz_Wheeler,Liz Wheeler,2025-12-17,,https://x.com/Liz_Wheeler/status/2001375140551311850,rebutter,disputes_counts,"65-75 paraphrase, then 1 under same-day/same-airport",,"Topic 6 — Debates about more or less than 77 || Liz Wheeler — same airport, same day, the count becomes one",primary_post,social_post_unverified,,,,1,x_discussions.mdx,ADSB-001 (Flightradar24 five-tail history export),"BCAST-008 (@RealCandaceO restates the full claim set unchanged, 19 Jul 2026)","Tightens the overlap rule to same airport, same day and reports the count collapsing to ONE (9/10, Utah). Also paraphrases the sheet's own rule as +/-3 days and 50-100 miles."
X-047,x_post,X (Twitter),@Liz_Wheeler,Liz Wheeler,2025-12-18,14:13 GMT,https://x.com/Liz_Wheeler/status/2001657141531136080,rebutter,disputes_counts,73;68,"Candace Owens has claimed that between 2022-2025, two Egyptian planes' travel overlapped with Erika Kirk's travel approximately 68-73 times. Candace displayed a spreadsheet of these overlaps as proof that these planes were tracking Erika.","Topic 6 — Debates about more or less than 77 || Liz Wheeler — same airport, same day, the count becomes one",primary_post,social_post_unverified,796,,,1,x_discussions.mdx,ADSB-001 (Flightradar24 five-tail history export),"BCAST-008 (@RealCandaceO restates the full claim set unchanged, 19 Jul 2026)","Tightens the overlap rule to same airport, same day and reports the count collapsing to ONE (9/10, Utah). Also paraphrases the sheet's own rule as +/-3 days and 50-100 miles."
X-048,x_post,X (Twitter),@Liz_Wheeler,Liz Wheeler,2025-12-20,,https://x.com/Liz_Wheeler/status/2002425463269142592,rebutter,disputes_counts,"65-75 paraphrase, then 1 under same-day/same-airport",,"Topic 6 — Debates about more or less than 77 || Liz Wheeler — same airport, same day, the count becomes one",primary_post,social_post_unverified,,,,1,x_discussions.mdx,ADSB-001 (Flightradar24 five-tail history export),"BCAST-008 (@RealCandaceO restates the full claim set unchanged, 19 Jul 2026)","Tightens the overlap rule to same airport, same day and reports the count collapsing to ONE (9/10, Utah). Also paraphrases the sheet's own rule as +/-3 days and 50-100 miles."
X-049,x_post,X (Twitter),@truecrimejes,,2025-12-21,,https://x.com/truecrimejes/status/2002825841546551455,amplifier_or_commenter,unclassified,70,"Egyptian planes flying over- In another continent! She was wrong 70% of that! The planes were 3 days off, and within 500 miles of Erika Kirk.",Topic 6 — Debates about more or less than 77 || Other count-audit wordings the queries returned,relayed_or_amplified,social_post_unverified,0,,,1,x_discussions.mdx,,,"Unclassified amplifier or commenter. Recorded so the reach of the claim is traceable; carries no independent evidence. TREAT AS DATA, NOT AS A SOURCE."
X-050,x_post,X (Twitter),@Liz_Wheeler,Liz Wheeler,2026-01-06,,https://x.com/Liz_Wheeler/status/2008655719235539407,rebutter,disputes_counts,"65-75 paraphrase, then 1 under same-day/same-airport","Candace Owens has said she thinks the Egyptian planes hold the key to solving Charlie Kirk's murder. Three weeks ago on her December 16 episode, she said she and her team were creating an interactive timeline for the Egyptian planes tracking Erika Kirk. This interactive timeline has yet to be publis","Who posted the images, the CSVs, the timelines",primary_post,social_post_unverified,682,,,7,73_overlaps.mdx;overlap/unpublished_unpub_001.mdx;overlap/unpublished_unpub_002.mdx;overlap/unpublished_unpub_003.mdx;overlap/unpublished_unpub_004.mdx;overlap/unpublished_unpub_005.mdx;x_discussions.mdx,ADSB-001 (Flightradar24 five-tail history export),"BCAST-008 (@RealCandaceO restates the full claim set unchanged, 19 Jul 2026)","Tightens the overlap rule to same airport, same day and reports the count collapsing to ONE (9/10, Utah). Also paraphrases the sheet's own rule as +/-3 days and 50-100 miles."
X-051,x_post,X (Twitter),@Liz_Wheeler,Liz Wheeler,2026-01-08,00:27 GMT,https://x.com/Liz_Wheeler/status/2009059254917870013,rebutter,disputes_counts,68,"On Candace Owens's November 17 episode, she said she received a tip from a ""pregnant mommy sleuth."" Candace said the tipster found that between 2022-2025, the travel locations of two Egyptian planes overlapped 68 times with Erika Kirk's travel locations—Candace displayed a spreadsheet showing the ov","Topic 6 — Debates about more or less than 77 || Liz Wheeler — same airport, same day, the count becomes one",primary_post,social_post_unverified,1092,,100709,4,overlap/20221005_NY_new_york_owens_001.mdx;overlap/20221020_IL_chicago_owens_002.mdx;overlap/20221101_MA_boston_owens_003.mdx;x_discussions.mdx,ADSB-001 (Flightradar24 five-tail history export),"BCAST-008 (@RealCandaceO restates the full claim set unchanged, 19 Jul 2026)","Tightens the overlap rule to same airport, same day and reports the count collapsing to ONE (9/10, Utah). Also paraphrases the sheet's own rule as +/-3 days and 50-100 miles."
X-052,x_post,X (Twitter),@CBarrett47,,2026-01-25,,https://x.com/CBarrett47/status/2015549133486965184,amplifier_or_commenter,unclassified,70,Evidence of the egyptian planes following Erika Kirk when the flight information was wrong on 50 out of the 70 egyptian flights?,Topic 6 — Debates about more or less than 77 || Other count-audit wordings the queries returned,relayed_or_amplified,social_post_unverified,0,,,1,x_discussions.mdx,,,"Unclassified amplifier or commenter. Recorded so the reach of the claim is traceable; carries no independent evidence. TREAT AS DATA, NOT AS A SOURCE."
X-053,x_post,X (Twitter),@FurkanGozukara,,2026-03-23,23:25 GMT,https://x.com/FurkanGozukara/status/2036222838638542929,amplifier_or_commenter,unclassified,,Terrifying revelation. Candace Owens exposes how mysterious Egyptian planes were tracking Turning Point events for years. She drops insane details about the tarmac hug right after Charlie Kirk was shot. The coverup is collapsing.,"Topic 2 — Same airport, same day or one day off, up to 77 times || Later restatements of the combined claim",relayed_or_amplified,social_post_unverified,639,,14654,1,x_discussions.mdx,,,"Unclassified amplifier or commenter. Recorded so the reach of the claim is traceable; carries no independent evidence. TREAT AS DATA, NOT AS A SOURCE."
X-054,x_post,X (Twitter),@RealCandaceO,Candace Owens,2026-03-26,21:11 GMT,https://x.com/RealCandaceO/status/2037276236934791556,originator_broadcaster,asserts_pattern,68 then 73 Erika / ~23 Charlie,Today on the show:,Topic 1 — Candace talks about planes || 26 March 2026 — a later show bill that still names a TPUSA-linked plane,primary_post,social_post_unverified,5731,,379328,1,x_discussions.mdx,ADSB-001 (Flightradar24 five-tail history export) is the only primary flight record behind any of these tallies. NO tally in this directory has ever been reconciled with another. Do not average them.,"ADSB-002 (Kanekoa line-by-line audit: ~66% of listed locations wrong, ~60% wrong continent); @Liz_Wheeler (same airport + same day reduces the overlap to ONE, 9/10 Utah); PRESS-004/PRESS-005 (Erika Kirk disputes the dates and locations attributed to her)","The claim's origin. Named the two aircraft, published the 68 then 73 counts, the 29-with-Charlie split, the transponder timings, the contractor and rental-car claims, and the pivot to Erika rather than Charlie as the tracked person. Named publicly under her own name and may be named here."
X-055,x_post,X (Twitter),@RealCandaceO,Candace Owens,2026-07-19,01:52 GMT,https://x.com/RealCandaceO/status/2078659194203312615,originator_broadcaster,asserts_pattern,68 then 73 Erika / ~23 Charlie,Just so you know— I still stand by every single one of those statements. LOL.,"Topic 1 — Candace talks about planes || 19 July 2026 — ""I still stand by every single one""",primary_post,social_post_unverified,5108,,199858,6,overlap/unpublished_unpub_001.mdx;overlap/unpublished_unpub_002.mdx;overlap/unpublished_unpub_003.mdx;overlap/unpublished_unpub_004.mdx;overlap/unpublished_unpub_005.mdx;x_discussions.mdx,ADSB-001 (Flightradar24 five-tail history export) is the only primary flight record behind any of these tallies. NO tally in this directory has ever been reconciled with another. Do not average them.,"ADSB-002 (Kanekoa line-by-line audit: ~66% of listed locations wrong, ~60% wrong continent); @Liz_Wheeler (same airport + same day reduces the overlap to ONE, 9/10 Utah); PRESS-004/PRESS-005 (Erika Kirk disputes the dates and locations attributed to her)","The claim's origin. Named the two aircraft, published the 68 then 73 counts, the 29-with-Charlie split, the transponder timings, the contractor and rental-car claims, and the pivot to Erika rather than Charlie as the tracked person. Named publicly under her own name and may be named here."
X-056,x_post,X (Twitter),@KanekoaTheGreat,Kanekoa,2026-07-19,,https://x.com/KanekoaTheGreat/status/2078667332579385518,auditor,disputes_counts,66% of listed locations wrong / 60% wrong continent,Still waiting on receipts for how French legionnaires and the U.S. military were involved in Charlie's murder.,"Topic 6 — Debates about more or less than 77 || KanekoaTheGreat — 66 percent, 60 percent wrong continent, no Erika locations, promised update not posted",primary_post,social_post_unverified,1556,,,6,overlap/unpublished_unpub_001.mdx;overlap/unpublished_unpub_002.mdx;overlap/unpublished_unpub_003.mdx;overlap/unpublished_unpub_004.mdx;overlap/unpublished_unpub_005.mdx;x_discussions.mdx,ADSB-001 (Flightradar24 five-tail history export),"BCAST-008 (@RealCandaceO restates the full claim set unchanged, 19 Jul 2026)",The principal line-by-line auditor. Pulled the spreadsheet locations against FlightRadar24 / FlightAware and reported ~66% of listed locations wrong and ~60% on the wrong continent. Promised update not posted. The single most-cited account in this directory.
X-057,x_post,X (Twitter),@KaseySandlin91,,2026-07-21,19:30 GMT,https://x.com/KaseySandlin91/status/2079650251733188977,amplifier_or_commenter,unclassified,,Egyptian planes following tpusa faith events is still a hard fact. You can deny it all you want but flight radar captures it all.,Topic 3 — Egyptian-registered planes near a TPUSA event || Amplifiers who keep the claim on TPUSA Faith specifically,relayed_or_amplified,social_post_unverified,0,,27,1,x_discussions.mdx,,,"Unclassified amplifier or commenter. Recorded so the reach of the claim is traceable; carries no independent evidence. TREAT AS DATA, NOT AS A SOURCE."
X-058,x_post,X (Twitter),@DrMikeHuntJR,,2026-08-03,,https://x.com/DrMikeHuntJR/status/2084354002834055310,amplifier_or_commenter,unclassified,,,Topic 6 — Debates about more or less than 77 || Other count-audit wordings the queries returned,relayed_or_amplified,social_post_unverified,,,,1,x_discussions.mdx,,,"Unclassified amplifier or commenter. Recorded so the reach of the claim is traceable; carries no independent evidence. TREAT AS DATA, NOT AS A SOURCE."
X-059,x_post,X (Twitter),@DrexelGlen19289,Dee_Lay,2026-08-04,,https://x.com/DrexelGlen19289/status/2084450593351844238,amplifier_or_commenter,unclassified,65,"Were Egyptian planes following Erika Kirk? It's been alleged that 65-75 times, these Egyptian planes' travel overlapped with Erika's travel.",Topic 6 — Debates about more or less than 77 || Other count-audit wordings the queries returned,relayed_or_amplified,social_post_unverified,12,,1635,1,x_discussions.mdx,,,"Unclassified amplifier or commenter. Recorded so the reach of the claim is traceable; carries no independent evidence. TREAT AS DATA, NOT AS A SOURCE."
X-060,x_post,X (Twitter),@EasyPNetwork,,2026-08-04,05:30 GMT,https://x.com/EasyPNetwork/status/2084512165914878364,amplifier_or_commenter,unclassified,,I don't believe anyone has ever claimed she (Erika) was on an Egyptian planes!! These planes were tracking her and tpusa faith.,Topic 3 — Egyptian-registered planes near a TPUSA event || Amplifiers who keep the claim on TPUSA Faith specifically,relayed_or_amplified,social_post_unverified,0,,40,1,x_discussions.mdx,,,"Unclassified amplifier or commenter. Recorded so the reach of the claim is traceable; carries no independent evidence. TREAT AS DATA, NOT AS A SOURCE."
X-061,x_post,X (Twitter),@ZeroBarkThirty2,,2026-08-05,,https://x.com/ZeroBarkThirty2/status/2084793747003318432,amplifier_or_commenter,unclassified,,🚨 HEY CHARLIE | HEBREW SEARCH FROM THE JET ✈️ Stew Peters: Tyler Robinson's exact address was Google-searched in Hebrew from the Egyptian jet that was tracking Charlie Kirk.,"What people posted on X about this overlap || Posts that name this date, this city, or this pairing",relayed_or_amplified,social_post_unverified,,,,3,overlap/20250429_NE_lincoln_extra_007.mdx,,,"Unclassified amplifier or commenter. Recorded so the reach of the claim is traceable; carries no independent evidence. TREAT AS DATA, NOT AS A SOURCE."
X-062,x_post,X (Twitter),@Omaruncovered,,2026-08-05,,https://x.com/Omaruncovered/status/2084952708708982850,amplifier_or_commenter,unclassified,29,"🚨 Tyler Robinson's exact apartment address was Google-searched IN HEBREW from the Egyptian jet that was stalking Charlie Kirk — while that jet sat parked in Lincoln, Nebraska on April 29, 2025.","What people posted on X about this overlap || Posts that name this date, this city, or this pairing",relayed_or_amplified,social_post_unverified,,,,3,overlap/20250429_NE_lincoln_extra_007.mdx,,,"Unclassified amplifier or commenter. Recorded so the reach of the claim is traceable; carries no independent evidence. TREAT AS DATA, NOT AS A SOURCE."
X-063,x_post,X (Twitter),@DrAngKozak,,2026-08-06,,https://x.com/DrAngKozak/status/2085469697861148748,amplifier_or_commenter,unclassified,29,"She proved that Tyler Robinson's exact apartment address was Google-searched IN HEBREW from the Egyptian jet that was stalking Charlie Kirk — while that jet sat parked in Lincoln, Nebraska on April 29, 2025","What people posted on X about this overlap || Posts that name this date, this city, or this pairing",relayed_or_amplified,social_post_unverified,,,,1,overlap/20250429_NE_lincoln_extra_007.mdx,,,"Unclassified amplifier or commenter. Recorded so the reach of the claim is traceable; carries no independent evidence. TREAT AS DATA, NOT AS A SOURCE."
X-064,x_post,X (Twitter),@Tullio68,,2026-08-11,,https://x.com/Tullio68/status/2086996660161294519,amplifier_or_commenter,unclassified,,,Topic 6 — Debates about more or less than 77 || Other count-audit wordings the queries returned,relayed_or_amplified,social_post_unverified,,,,1,x_discussions.mdx,,,"Unclassified amplifier or commenter. Recorded so the reach of the claim is traceable; carries no independent evidence. TREAT AS DATA, NOT AS A SOURCE."
X-065,x_post,X (Twitter),@Ollie122724,,2026-08-15,,https://x.com/Ollie122724/status/2088484517619056893,amplifier_or_commenter,unclassified,73;68;66,"The Egyptian planes claim has been debunked. Public flight data shows the planes left Provo hours before the shooting, around 7 a.m. Candace Owens' claim of 68 to 73 overlaps with Erika Kirk's locations has roughly a 66% error rate, with many of those locations putting the planes on the wrong contin",Topic 6 — Debates about more or less than 77 || Other count-audit wordings the queries returned,relayed_or_amplified,social_post_unverified,2,,,1,x_discussions.mdx,,,"Unclassified amplifier or commenter. Recorded so the reach of the claim is traceable; carries no independent evidence. TREAT AS DATA, NOT AS A SOURCE."
X-066,x_post,X (Twitter),@ZuluLunzulu,,2026-08-15,,https://x.com/ZuluLunzulu/status/2088567071030362311,amplifier_or_commenter,unclassified,,,"Topic 3 — Egyptian-registered planes near a TPUSA event || TPUSA-side silence, and the pushback that TPUSA is being smeared",relayed_or_amplified,social_post_unverified,0,,,1,x_discussions.mdx,,,"Unclassified amplifier or commenter. Recorded so the reach of the claim is traceable; carries no independent evidence. TREAT AS DATA, NOT AS A SOURCE."
X-067,x_post,X (Twitter),@MaccabeesNow,Damien Flanagan,2026-08-16,,https://x.com/MaccabeesNow/status/2088900400829079854,amplifier_or_commenter,unclassified,70,Another strawman. Homing in on one specific error on one specific date yet there has been ZERO explanation for the countless 70 plus journeys over years Erika was being followed by Egyptian planes. Planes that for times settled in Middle East & Israel mind you.,Topic 6 — Debates about more or less than 77 || Other count-audit wordings the queries returned,relayed_or_amplified,social_post_unverified,0,,,1,x_discussions.mdx,,,"Unclassified amplifier or commenter. Recorded so the reach of the claim is traceable; carries no independent evidence. TREAT AS DATA, NOT AS A SOURCE."
X-069,x_post,X (Twitter),@ProjectConstitu,Project Constitution,2026-08-16,15:31 GMT,https://x.com/ProjectConstitu/status/2089012149041463592,compiler_researcher,asserts_pattern,,‼️BOMBSHELL: The SAME Egyptian Presidential Plane Candace Owens Flagged in Provo the DAY Charlie Kirk was Assassinated Was Sitting On The Tarmac NEXT TO AIR FORCE ONE in Sharm El-Sheikh On Oct 13th.,"Topic 3 — Egyptian-registered planes near a TPUSA event || Project Constitution — TPUSA Faith events, contractors, rental cars",primary_post,social_post_unverified,13822,3522,1751896,7,overlap/20250904_UT_provo_owens_040.mdx;overlap/20250910_DE_wilmington.mdx;overlap/20250910_UTDE_provo_then_wilmington_owens_041.mdx;overlap/20250910_UT_orem.mdx;overlap/20250910_UT_provo_extra_006.mdx;overlap/20250913_UT_provo_owens_042.mdx;x_discussions.mdx,ADSB-001 (Flightradar24 five-tail history export) is the only primary flight record behind any of these tallies. NO tally in this directory has ever been reconciled with another. Do not average them.,"ADSB-002 (Kanekoa line-by-line audit: ~66% of listed locations wrong, ~60% wrong continent); @Liz_Wheeler (same airport + same day reduces the overlap to ONE, 9/10 Utah); PRESS-004/PRESS-005 (Erika Kirk disputes the dates and locations attributed to her)","Five-plane fleet log, the TPUSA Faith framing, the contractor and rental-car claims, and the Sharm el-Sheikh tarmac identification."
X-070,x_post,X (Twitter),@JoeySlaton98149,,2026-08-16,18:09 GMT,https://x.com/JoeySlaton98149/status/2089051997978718665,amplifier_or_commenter,unclassified,,"No, tracking tpusa faith.",Topic 3 — Egyptian-registered planes near a TPUSA event || Amplifiers who keep the claim on TPUSA Faith specifically,relayed_or_amplified,social_post_unverified,16,,179,1,x_discussions.mdx,,,"Unclassified amplifier or commenter. Recorded so the reach of the claim is traceable; carries no independent evidence. TREAT AS DATA, NOT AS A SOURCE."
X-072,x_post,X (Twitter),@ProjectConstitu,Project Constitution,2026-08-16,,https://x.com/ProjectConstitu/status/2089093599581385152,compiler_researcher,asserts_pattern,,there were 2 of them. SU-BTT was the one that left and went to wilmington before Charlie arrived with the Foreign Dignitary. SU-BND was the one that was on the tarmac all day transponding and was what we believe to be the command center for the black op.,"Topic 3 — Egyptian-registered planes near a TPUSA event || Project Constitution — TPUSA Faith events, contractors, rental cars",primary_post,social_post_unverified,,,,6,overlap/20250910_DE_wilmington.mdx;overlap/20250910_UTDE_provo_then_wilmington_owens_041.mdx;overlap/20250910_UT_orem.mdx;overlap/20250910_UT_provo_extra_006.mdx;overlap/20250913_UT_provo_owens_042.mdx;x_discussions.mdx,ADSB-001 (Flightradar24 five-tail history export) is the only primary flight record behind any of these tallies. NO tally in this directory has ever been reconciled with another. Do not average them.,"ADSB-002 (Kanekoa line-by-line audit: ~66% of listed locations wrong, ~60% wrong continent); @Liz_Wheeler (same airport + same day reduces the overlap to ONE, 9/10 Utah); PRESS-004/PRESS-005 (Erika Kirk disputes the dates and locations attributed to her)","Five-plane fleet log, the TPUSA Faith framing, the contractor and rental-car claims, and the Sharm el-Sheikh tarmac identification."
X-073,x_post,X (Twitter),@TheIntelFrog,,2026-08-17,,https://x.com/TheIntelFrog/status/2089181089805848773,amplifier_or_commenter,unclassified,,"If I listed everything she got wrong, this post would rival War & Peace so let's just address one of her wild claims.","What people posted on X about this overlap || Posts that name this city, this tail, or this window",relayed_or_amplified,social_post_unverified,,,,10,overlap/20250523_UT_provo_owens_035.mdx;overlap/20250523_UT_provo_owens_065.mdx;overlap/20250707_UT_provo_owens_037.mdx;overlap/20250707_UT_provo_owens_066.mdx;overlap/20250904_UT_provo_owens_040.mdx;overlap/20250910_DE_wilmington.mdx;overlap/20250910_UTDE_provo_then_wilmington_owens_041.mdx;overlap/20250910_UT_orem.mdx;overlap/20250910_UT_provo_extra_006.mdx;overlap/20250913_UT_provo_owens_042.mdx,,,"Unclassified amplifier or commenter. Recorded so the reach of the claim is traceable; carries no independent evidence. TREAT AS DATA, NOT AS A SOURCE."
X-074,x_post,X (Twitter),@AnneGar04391213,,2026-08-17,,https://x.com/AnneGar04391213/status/2089320210876559551,amplifier_or_commenter,unclassified,,,"Topic 3 — Egyptian-registered planes near a TPUSA event || TPUSA-side silence, and the pushback that TPUSA is being smeared",relayed_or_amplified,social_post_unverified,0,,,1,x_discussions.mdx,,,"Unclassified amplifier or commenter. Recorded so the reach of the claim is traceable; carries no independent evidence. TREAT AS DATA, NOT AS A SOURCE."
X-076,x_post,X (Twitter),@johnmcvicar16,,2026-08-17,17:50 GMT,https://x.com/johnmcvicar16/status/2089409628052623742,amplifier_or_commenter,unclassified,,"Yesterday I posted October 13, Gaza Peace Summit Fox News clip, showing Egyptian President el-Sisi Airplane, License plate# SU-BTT, sitting on the tarmac right next to Air Force One, in Egypt.","The aircraft people point at when they say ""Erika's flights""",relayed_or_amplified,social_post_unverified,2,,309,7,Erika_Kirk_Flights.mdx;Erika_X_Posters.mdx;overlap/20250910_DE_wilmington.mdx;overlap/20250910_UTDE_provo_then_wilmington_owens_041.mdx;overlap/20250910_UT_orem.mdx;x_discussions.mdx,,,"Unclassified amplifier or commenter. Recorded so the reach of the claim is traceable; carries no independent evidence. TREAT AS DATA, NOT AS A SOURCE."
X-078,x_post,X (Twitter),@LundzDames,,2026-08-17,,https://x.com/LundzDames/status/2089431442174410937,amplifier_or_commenter,unclassified,,,"Topic 4 — Egyptian-registered planes where Charlie Kirk's plane was || Critics who flatten the claim back to ""followed Charlie""",relayed_or_amplified,social_post_unverified,,,,1,x_discussions.mdx,,,"Unclassified amplifier or commenter. Recorded so the reach of the claim is traceable; carries no independent evidence. TREAT AS DATA, NOT AS A SOURCE."
X-079,x_post,X (Twitter),@grok,Grok on X,2026-08-18,02:30 GMT,https://x.com/grok/status/2089540410939002968,ai_relay,neutral_restates_official,23,"Yes, SU-BTT (Egyptian government Falcon 7X) was at Provo Municipal Airport on September 10, 2025, departing at 7:14 AM MDT for Wilmington DE—hours before the 12:23 PM shooting of Charlie Kirk at nearby UVU. Flight data confirms this; claims it left afterward stem from UTC/local time mix-ups and have",Topic 4 — Egyptian-registered planes where Charlie Kirk's plane was || September 10 as a Charlie overlap — and the clock fight,relayed_or_amplified,social_post_unverified,31,,2304,1,x_discussions.mdx,,,An AI reply account. Recurring participant that restates the official narrative. NOT a source; recorded because it appears in the thread record.
X-080,x_post,X (Twitter),@Richard42643318,,2026-08-18,,https://x.com/Richard42643318/status/2089600824078954997,amplifier_or_commenter,unclassified,,,"Topic 4 — Egyptian-registered planes where Charlie Kirk's plane was || Critics who flatten the claim back to ""followed Charlie""",relayed_or_amplified,social_post_unverified,,,,1,x_discussions.mdx,,,"Unclassified amplifier or commenter. Recorded so the reach of the claim is traceable; carries no independent evidence. TREAT AS DATA, NOT AS A SOURCE."
X-081,x_post,X (Twitter),@gibbyshaz,,2026-08-18,,https://x.com/gibbyshaz/status/2089740299002081478,amplifier_or_commenter,unclassified,,The first person to notice the Egyptian plane connection was John Cullen. Long before the ungrateful plagiarist Candace.,"Topic 4 — Egyptian-registered planes where Charlie Kirk's plane was || Critics who flatten the claim back to ""followed Charlie""",relayed_or_amplified,social_post_unverified,0,,,1,x_discussions.mdx,,,"Unclassified amplifier or commenter. Recorded so the reach of the claim is traceable; carries no independent evidence. TREAT AS DATA, NOT AS A SOURCE."
X-082,x_post,X (Twitter),@truthache68,,2026-08-18,,https://x.com/truthache68/status/2089776658459119821,amplifier_or_commenter,unclassified,,🚨 Same tail number.,"What people posted on X about this overlap || Posts that name this date, this city, or this pairing",relayed_or_amplified,social_post_unverified,,,,3,overlap/20250910_DE_wilmington.mdx;overlap/20250910_UTDE_provo_then_wilmington_owens_041.mdx;overlap/20250910_UT_orem.mdx,,,"Unclassified amplifier or commenter. Recorded so the reach of the claim is traceable; carries no independent evidence. TREAT AS DATA, NOT AS A SOURCE."
X-083,x_post,X (Twitter),@RealGeorgeWebb1,George Webb,2026-08-18,,https://x.com/RealGeorgeWebb1/status/2089844868969640281,independent_researcher,asserts_pattern,73,"Are we sure Egyptian plane SU-BTT that dropped of military contractors in Provo on Sept 4th before Charlie Kirk's murder didn't have diplomatic immunity? Hmmm Al-Sisi plane, SU-BTT, is next to Air Force One on the tarmac a month later on October 13th. How could Joe Kent not have known about this pla","What people posted on X about this overlap || Posts that name this date, this city, or this pairing",primary_post,social_post_unverified,,,,4,overlap/20250904_UT_provo_owens_040.mdx;overlap/20250910_DE_wilmington.mdx;overlap/20250910_UTDE_provo_then_wilmington_owens_041.mdx;overlap/20250910_UT_orem.mdx,ADSB-001 (Flightradar24 five-tail history export) is the only primary flight record behind any of these tallies. NO tally in this directory has ever been reconciled with another. Do not average them.,"ADSB-002 (Kanekoa line-by-line audit: ~66% of listed locations wrong, ~60% wrong continent); @Liz_Wheeler (same airport + same day reduces the overlap to ONE, 9/10 Utah); PRESS-004/PRESS-005 (Erika Kirk disputes the dates and locations attributed to her)",73 flights following Erika Kirk and her parents; co-identifies SU-BTT at Sharm el-Sheikh.
X-084,x_post,X (Twitter),@bfr1273,,2026-08-19,,https://x.com/bfr1273/status/2089920452051263518,amplifier_or_commenter,unclassified,,"Also, there was the July 11, 2025, Egyptian plane in Omaha that had somebody on board Googling Erika Frantze in Hebrew. That was Stew Peters' X post August 5 this year. He had a guest helping him.","What people posted on X about this overlap || Posts that name this date, this city, or this pairing",relayed_or_amplified,social_post_unverified,,,,3,overlap/20250711_NE_omaha_extra_004.mdx,,,"Unclassified amplifier or commenter. Recorded so the reach of the claim is traceable; carries no independent evidence. TREAT AS DATA, NOT AS A SOURCE."
X-085,x_post,X (Twitter),@KyleSafegorl,,2026-08-20,,https://x.com/KyleSafegorl/status/2090433509403902204,amplifier_or_commenter,unclassified,,,"Topic 3 — Egyptian-registered planes near a TPUSA event || TPUSA-side silence, and the pushback that TPUSA is being smeared",relayed_or_amplified,social_post_unverified,0,,,1,x_discussions.mdx,,,"Unclassified amplifier or commenter. Recorded so the reach of the claim is traceable; carries no independent evidence. TREAT AS DATA, NOT AS A SOURCE."
X-086,x_post,X (Twitter),@muv000,,2026-08-21,,https://x.com/muv000/status/2090735820437152239,amplifier_or_commenter,unclassified,,,"Topic 4 — Egyptian-registered planes where Charlie Kirk's plane was || Critics who flatten the claim back to ""followed Charlie""",relayed_or_amplified,social_post_unverified,,,,1,x_discussions.mdx,,,"Unclassified amplifier or commenter. Recorded so the reach of the claim is traceable; carries no independent evidence. TREAT AS DATA, NOT AS A SOURCE."
X-087,x_post,X (Twitter),@NE_Gropper,,2026-08-22,,https://x.com/NE_Gropper/status/2089333380877820403,amplifier_or_commenter,unclassified,,,"Topic 4 — Egyptian-registered planes where Charlie Kirk's plane was || Critics who flatten the claim back to ""followed Charlie""",relayed_or_amplified,social_post_unverified,,,,1,x_discussions.mdx,,,"Unclassified amplifier or commenter. Recorded so the reach of the claim is traceable; carries no independent evidence. TREAT AS DATA, NOT AS A SOURCE."
X-088,x_post,X (Twitter),@NE_Gropper,,2026-08-22,,https://x.com/NE_Gropper/status/2091277835084468418,amplifier_or_commenter,unclassified,,,"Topic 4 — Egyptian-registered planes where Charlie Kirk's plane was || Critics who flatten the claim back to ""followed Charlie""",relayed_or_amplified,social_post_unverified,,,,1,x_discussions.mdx,,,"Unclassified amplifier or commenter. Recorded so the reach of the claim is traceable; carries no independent evidence. TREAT AS DATA, NOT AS A SOURCE."
X-089,x_post,X (Twitter),@realDailyTrite,,2026-08-23,,https://x.com/realDailyTrite/status/2091533628840858041,amplifier_or_commenter,unclassified,,,"Topic 4 — Egyptian-registered planes where Charlie Kirk's plane was || Critics who flatten the claim back to ""followed Charlie""",relayed_or_amplified,social_post_unverified,,,,1,x_discussions.mdx,,,"Unclassified amplifier or commenter. Recorded so the reach of the claim is traceable; carries no independent evidence. TREAT AS DATA, NOT AS A SOURCE."
X-090,x_post,X (Twitter),@James_O_Hara,,2026-08-23,,https://x.com/James_O_Hara/status/2091555468325880021,amplifier_or_commenter,unclassified,,,Topic 6 — Debates about more or less than 77 || Other count-audit wordings the queries returned,relayed_or_amplified,social_post_unverified,0,,,1,x_discussions.mdx,,,"Unclassified amplifier or commenter. Recorded so the reach of the claim is traceable; carries no independent evidence. TREAT AS DATA, NOT AS A SOURCE."
X-091,x_post,X (Twitter),@RobertChatterl1,,2026-08-23,,https://x.com/RobertChatterl1/status/2091570249540010483,amplifier_or_commenter,unclassified,,,"Topic 4 — Egyptian-registered planes where Charlie Kirk's plane was || Critics who flatten the claim back to ""followed Charlie""",relayed_or_amplified,social_post_unverified,,,,1,x_discussions.mdx,,,"Unclassified amplifier or commenter. Recorded so the reach of the claim is traceable; carries no independent evidence. TREAT AS DATA, NOT AS A SOURCE."
X-092,x_post,X (Twitter),@tpusafaith,TPUSA Faith,UNKNOWN,,https://x.com/tpusafaith/status/1537555647025369090,organisation_account,n/a,,,The event,relayed_or_amplified,social_post_unverified,,,,1,speaking/20220810_san_diego.mdx,,,Event announcements.
X-093,x_post,X (Twitter),@charliekirk11,,UNKNOWN,,https://x.com/charliekirk11/status/1597711288112918533,subject_account,n/a,,,The event,relayed_or_amplified,social_post_unverified,,,,1,speaking/20221130_albuquerque.mdx,,,"Charlie Kirk / TPUSA-side account material quoted for event dates, not for plane claims."
X-094,x_post,X (Twitter),@TPUSA,Turning Point USA,UNKNOWN,,https://x.com/TPUSA/status/1643327675577286656,organisation_account,n/a,,,The event,relayed_or_amplified,social_post_unverified,,,,1,speaking/20230712_west_palm_beach.mdx,,,Organisation account; event announcements. TPUSA has not addressed the plane claim.
X-095,x_post,X (Twitter),@charliekirk11,,UNKNOWN,,https://x.com/charliekirk11/status/1700172631818031354,subject_account,n/a,,,The event,relayed_or_amplified,social_post_unverified,,,,2,speaking/20230919_flagstaff.mdx;speaking/20230927_tempe.mdx,,,"Charlie Kirk / TPUSA-side account material quoted for event dates, not for plane claims."
X-096,x_post,X (Twitter),@TPUSA,Turning Point USA,UNKNOWN,,https://x.com/TPUSA/status/1712594958191137207,organisation_account,n/a,,,The event,relayed_or_amplified,social_post_unverified,,,,1,speaking/20231012_atlanta.mdx,,,Organisation account; event announcements. TPUSA has not addressed the plane claim.
X-097,x_post,X (Twitter),@charliekirk11,,UNKNOWN,,https://x.com/charliekirk11/status/1764731166777893322,subject_account,n/a,,,The event,relayed_or_amplified,social_post_unverified,,,,1,speaking/20240314_fullerton.mdx,,,"Charlie Kirk / TPUSA-side account material quoted for event dates, not for plane claims."
X-098,x_post,X (Twitter),@charliekirk11,,UNKNOWN,,https://x.com/charliekirk11/status/1769835488137863577,subject_account,n/a,,,The event,relayed_or_amplified,social_post_unverified,,,,1,speaking/20240318_san_diego.mdx,,,"Charlie Kirk / TPUSA-side account material quoted for event dates, not for plane claims."
X-099,x_post,X (Twitter),@charliekirk11,,UNKNOWN,,https://x.com/charliekirk11/status/1771020450568818768,subject_account,n/a,,,The event,relayed_or_amplified,social_post_unverified,,,,1,speaking/20240321_las_vegas.mdx,,,"Charlie Kirk / TPUSA-side account material quoted for event dates, not for plane claims."
X-100,x_post,X (Twitter),@charliekirk11,,UNKNOWN,,https://x.com/charliekirk11/status/1839688068619702275,subject_account,n/a,,,The event,relayed_or_amplified,social_post_unverified,,,,1,speaking/20240918_pittsburgh.mdx,,,"Charlie Kirk / TPUSA-side account material quoted for event dates, not for plane claims."
X-101,x_post,X (Twitter),@charliekirk11,,UNKNOWN,,https://x.com/charliekirk11/status/1844438706054365627,subject_account,n/a,,,The event,relayed_or_amplified,social_post_unverified,,,,1,speaking/20241016_tucson.mdx,,,"Charlie Kirk / TPUSA-side account material quoted for event dates, not for plane claims."
X-102,x_post,X (Twitter),@charliekirk11,,UNKNOWN,,https://x.com/charliekirk11/status/1850281900860182855,subject_account,n/a,,,The event,relayed_or_amplified,social_post_unverified,,,,4,speaking/20241021_atlanta.mdx;speaking/20241021_chapel_hill.mdx;speaking/20241022_omaha.mdx;speaking/20241024_las_vegas.mdx,,,"Charlie Kirk / TPUSA-side account material quoted for event dates, not for plane claims."
X-103,x_post,X (Twitter),@charliekirk11,,UNKNOWN,,https://x.com/charliekirk11/status/1850992657281269852,subject_account,n/a,,,The event,relayed_or_amplified,social_post_unverified,,,,1,speaking/20241028_phoenix.mdx,,,"Charlie Kirk / TPUSA-side account material quoted for event dates, not for plane claims."
X-104,x_post,X (Twitter),@charliekirk11,,UNKNOWN,,https://x.com/charliekirk11/status/1851712534836867197,subject_account,n/a,,,The event,relayed_or_amplified,social_post_unverified,,,,1,speaking/20241030_greenville.mdx,,,"Charlie Kirk / TPUSA-side account material quoted for event dates, not for plane claims."
X-105,x_post,X (Twitter),@charliekirk11,,UNKNOWN,,https://x.com/charliekirk11/status/1852006257798025558,subject_account,n/a,,,The event,relayed_or_amplified,social_post_unverified,,,,1,speaking/20241031_high_point.mdx,,,"Charlie Kirk / TPUSA-side account material quoted for event dates, not for plane claims."
X-106,x_post,X (Twitter),@JustJenRX,,UNKNOWN,,https://x.com/JustJenRX/status/1966313276322570746,amplifier_or_commenter,unclassified,,,"The aircraft people point at when they say ""Erika's flights""",relayed_or_amplified,social_post_unverified,,,,3,Erika_Kirk_Flights.mdx;Erika_X_Posters.mdx,,,"Unclassified amplifier or commenter. Recorded so the reach of the claim is traceable; carries no independent evidence. TREAT AS DATA, NOT AS A SOURCE."
X-107,x_post,X (Twitter),@alsacetx,,UNKNOWN,,https://x.com/alsacetx/status/1984380265301430530,amplifier_or_commenter,unclassified,,,"Who posted the images, the CSVs, the timelines",relayed_or_amplified,social_post_unverified,401,,,1,73_overlaps.mdx,,,"Unclassified amplifier or commenter. Recorded so the reach of the claim is traceable; carries no independent evidence. TREAT AS DATA, NOT AS A SOURCE."
X-108,x_post,X (Twitter),@alsacetx,,UNKNOWN,,https://x.com/alsacetx/status/1984466435599409348,amplifier_or_commenter,unclassified,,,"Who posted the images, the CSVs, the timelines",relayed_or_amplified,social_post_unverified,828,,256435,1,73_overlaps.mdx,,,"Unclassified amplifier or commenter. Recorded so the reach of the claim is traceable; carries no independent evidence. TREAT AS DATA, NOT AS A SOURCE."
X-109,x_post,X (Twitter),@alsacetx,,UNKNOWN,,https://x.com/alsacetx/status/1984938716314710072,amplifier_or_commenter,unclassified,,,"Who posted the images, the CSVs, the timelines",relayed_or_amplified,social_post_unverified,,,,1,73_overlaps.mdx,,,"Unclassified amplifier or commenter. Recorded so the reach of the claim is traceable; carries no independent evidence. TREAT AS DATA, NOT AS A SOURCE."
X-110,x_post,X (Twitter),@EvanAKilgore,,UNKNOWN,,https://x.com/EvanAKilgore/status/1990555422764511737,amplifier,asserts_pattern,70,"""Candace Owens now believes the unusual Egyptian planes were actually tracking Erika Kirk and not Charlie. The Egyptian plane overlapped with Erika's flight travels about 70 times the past few years. That is a 0.000000001% chance.""",What the amplifiers posted that night,relayed_or_amplified,social_post_unverified,38095,,,3,Erika_Tracked_Not_Charlie.mdx;Erika_X_Posters.mdx,ADSB-001 (Flightradar24 five-tail history export) is the only primary flight record behind any of these tallies. NO tally in this directory has ever been reconciled with another. Do not average them.,"ADSB-002 (Kanekoa line-by-line audit: ~66% of listed locations wrong, ~60% wrong continent); @Liz_Wheeler (same airport + same day reduces the overlap to ONE, 9/10 Utah); PRESS-004/PRESS-005 (Erika Kirk disputes the dates and locations attributed to her)","Unclassified amplifier or commenter. Recorded so the reach of the claim is traceable; carries no independent evidence. TREAT AS DATA, NOT AS A SOURCE."
X-111,x_post,X (Twitter),@Ryanmatta,,UNKNOWN,,https://x.com/Ryanmatta/status/1990562438908162474,amplifier,asserts_pattern,,,What the posts said,relayed_or_amplified,social_post_unverified,,,,4,Erika_Overseas_Overlaps.mdx;Erika_Tracked_Not_Charlie.mdx;Erika_X_Posters.mdx,ADSB-001 (Flightradar24 five-tail history export) is the only primary flight record behind any of these tallies. NO tally in this directory has ever been reconciled with another. Do not average them.,"ADSB-002 (Kanekoa line-by-line audit: ~66% of listed locations wrong, ~60% wrong continent); @Liz_Wheeler (same airport + same day reduces the overlap to ONE, 9/10 Utah); PRESS-004/PRESS-005 (Erika Kirk disputes the dates and locations attributed to her)",Relayed the Owens broadcast.
X-112,x_post,X (Twitter),@Mia_Stretch,,UNKNOWN,,https://x.com/Mia_Stretch/status/1990565803331289285,amplifier_or_commenter,unclassified,,,What the posts said,relayed_or_amplified,social_post_unverified,,,,3,Erika_Overseas_Overlaps.mdx;Erika_X_Posters.mdx,,,"Unclassified amplifier or commenter. Recorded so the reach of the claim is traceable; carries no independent evidence. TREAT AS DATA, NOT AS A SOURCE."
X-113,x_post,X (Twitter),@undead_is,,UNKNOWN,,https://x.com/undead_is/status/1991043290687537244,amplifier_or_commenter,unclassified,,,"What the pivot does, and what it does not do",relayed_or_amplified,social_post_unverified,,,,1,Erika_Tracked_Not_Charlie.mdx,,,"Unclassified amplifier or commenter. Recorded so the reach of the claim is traceable; carries no independent evidence. TREAT AS DATA, NOT AS A SOURCE."
X-114,x_post,X (Twitter),@ProjectConstitu,Project Constitution,UNKNOWN,,https://x.com/ProjectConstitu/status/1996069596030234801,compiler_researcher,asserts_pattern,,,"Topic 3 — Egyptian-registered planes near a TPUSA event || Project Constitution — TPUSA Faith events, contractors, rental cars",primary_post,social_post_unverified,1083,,262783,1,x_discussions.mdx,ADSB-001 (Flightradar24 five-tail history export) is the only primary flight record behind any of these tallies. NO tally in this directory has ever been reconciled with another. Do not average them.,"ADSB-002 (Kanekoa line-by-line audit: ~66% of listed locations wrong, ~60% wrong continent); @Liz_Wheeler (same airport + same day reduces the overlap to ONE, 9/10 Utah); PRESS-004/PRESS-005 (Erika Kirk disputes the dates and locations attributed to her)","Five-plane fleet log, the TPUSA Faith framing, the contractor and rental-car claims, and the Sharm el-Sheikh tarmac identification."
X-115,x_post,X (Twitter),@GlamHamRadio,,UNKNOWN,,https://x.com/GlamHamRadio/status/1997706709423501587,amplifier_or_commenter,unclassified,,,"Who posted the images, the CSVs, the timelines",relayed_or_amplified,social_post_unverified,,,,1,73_overlaps.mdx,,,"Unclassified amplifier or commenter. Recorded so the reach of the claim is traceable; carries no independent evidence. TREAT AS DATA, NOT AS A SOURCE."
X-116,x_post,X (Twitter),@Chris_CDC,,UNKNOWN,,https://x.com/Chris_CDC/status/2000044486341378150,amplifier_or_commenter,unclassified,,,How X answered the invitation,relayed_or_amplified,social_post_unverified,,,,1,Erika_Flight_Log_Invitation.mdx,,,"Unclassified amplifier or commenter. Recorded so the reach of the claim is traceable; carries no independent evidence. TREAT AS DATA, NOT AS A SOURCE."
X-117,x_post,X (Twitter),@Mia_Stretch,,UNKNOWN,,https://x.com/Mia_Stretch/status/2000056260780302690,amplifier_or_commenter,unclassified,,,How X answered the invitation,relayed_or_amplified,social_post_unverified,,,,4,Erika_Flight_Log_Invitation.mdx;Erika_Kirk_Flights.mdx;Erika_X_Posters.mdx,,,"Unclassified amplifier or commenter. Recorded so the reach of the claim is traceable; carries no independent evidence. TREAT AS DATA, NOT AS A SOURCE."
X-118,x_post,X (Twitter),@AdameMedia,,UNKNOWN,,https://x.com/AdameMedia/status/2000161881814909214,amplifier_or_commenter,unclassified,,,How X answered the invitation,relayed_or_amplified,social_post_unverified,,,,4,Erika_Flight_Log_Invitation.mdx;Erika_Kirk_Flights.mdx;Erika_X_Posters.mdx,,,"Unclassified amplifier or commenter. Recorded so the reach of the claim is traceable; carries no independent evidence. TREAT AS DATA, NOT AS A SOURCE."
X-119,x_post,X (Twitter),@GlamHamRadio,,UNKNOWN,,https://x.com/GlamHamRadio/status/2000427382092730392,amplifier_or_commenter,unclassified,,,"Who posted the images, the CSVs, the timelines",relayed_or_amplified,social_post_unverified,,,,1,73_overlaps.mdx,,,"Unclassified amplifier or commenter. Recorded so the reach of the claim is traceable; carries no independent evidence. TREAT AS DATA, NOT AS A SOURCE."
X-120,x_post,X (Twitter),@paramounttactcl,,UNKNOWN,,https://x.com/paramounttactcl/status/2000717550104064272,amplifier_or_commenter,unclassified,,,The window critique and the audit,relayed_or_amplified,social_post_unverified,,,,3,Erika_X_Posters.mdx;Overlap_Window_Definition.mdx,,,"Unclassified amplifier or commenter. Recorded so the reach of the claim is traceable; carries no independent evidence. TREAT AS DATA, NOT AS A SOURCE."
X-121,x_post,X (Twitter),@KanekoaTheGreat,Kanekoa,UNKNOWN,,https://x.com/KanekoaTheGreat/status/2000731452707889644,auditor,disputes_counts,66% of listed locations wrong / 60% wrong continent,,"Who posted the images, the CSVs, the timelines",primary_post,social_post_unverified,,,,1,73_overlaps.mdx,ADSB-001 (Flightradar24 five-tail history export),"BCAST-008 (@RealCandaceO restates the full claim set unchanged, 19 Jul 2026)",The principal line-by-line auditor. Pulled the spreadsheet locations against FlightRadar24 / FlightAware and reported ~66% of listed locations wrong and ~60% on the wrong continent. Promised update not posted. The single most-cited account in this directory.
X-122,x_post,X (Twitter),@KanekoaTheGreat,Kanekoa,UNKNOWN,,https://x.com/KanekoaTheGreat/status/2000766725231665257,auditor,disputes_counts,66% of listed locations wrong / 60% wrong continent,,"Who posted the images, the CSVs, the timelines",primary_post,social_post_unverified,,,,1,73_overlaps.mdx,ADSB-001 (Flightradar24 five-tail history export),"BCAST-008 (@RealCandaceO restates the full claim set unchanged, 19 Jul 2026)",The principal line-by-line auditor. Pulled the spreadsheet locations against FlightRadar24 / FlightAware and reported ~66% of listed locations wrong and ~60% on the wrong continent. Promised update not posted. The single most-cited account in this directory.
X-123,x_post,X (Twitter),@CinemaShogun,,UNKNOWN,,https://x.com/CinemaShogun/status/2001000059081777176,amplifier_or_commenter,unclassified,,,The window critique and the audit,relayed_or_amplified,social_post_unverified,,,,2,Erika_X_Posters.mdx,,,"Unclassified amplifier or commenter. Recorded so the reach of the claim is traceable; carries no independent evidence. TREAT AS DATA, NOT AS A SOURCE."
X-124,x_post,X (Twitter),@grok,Grok on X,UNKNOWN,,https://x.com/grok/status/2001009265310339110,ai_relay,neutral_restates_official,,,Topic 6 — Debates about more or less than 77 || Grok-on-X replies — a repeating official-narrative restatement,relayed_or_amplified,social_post_unverified,,,,1,x_discussions.mdx,,,An AI reply account. Recurring participant that restates the official narrative. NOT a source; recorded because it appears in the thread record.
X-125,x_post,X (Twitter),@KanekoaTheGreat,Kanekoa,UNKNOWN,,https://x.com/KanekoaTheGreat/status/2001102602751369612,auditor,disputes_counts,66% of listed locations wrong / 60% wrong continent,She never provided any verifiable evidence for Erika's location. How would she even know Erika's location?,"Topic 6 — Debates about more or less than 77 || KanekoaTheGreat — 66 percent, 60 percent wrong continent, no Erika locations, promised update not posted",primary_post,social_post_unverified,783,,,1,x_discussions.mdx,ADSB-001 (Flightradar24 five-tail history export),"BCAST-008 (@RealCandaceO restates the full claim set unchanged, 19 Jul 2026)",The principal line-by-line auditor. Pulled the spreadsheet locations against FlightRadar24 / FlightAware and reported ~66% of listed locations wrong and ~60% on the wrong continent. Promised update not posted. The single most-cited account in this directory.
X-126,x_post,X (Twitter),@KanekoaTheGreat,Kanekoa,UNKNOWN,,https://x.com/KanekoaTheGreat/status/2001103189299618119,auditor,disputes_counts,66% of listed locations wrong / 60% wrong continent,She never provided any verifiable evidence for Erika's location. How would she even know Erika's location?,"Topic 6 — Debates about more or less than 77 || KanekoaTheGreat — 66 percent, 60 percent wrong continent, no Erika locations, promised update not posted",primary_post,social_post_unverified,783,,,1,x_discussions.mdx,ADSB-001 (Flightradar24 five-tail history export),"BCAST-008 (@RealCandaceO restates the full claim set unchanged, 19 Jul 2026)",The principal line-by-line auditor. Pulled the spreadsheet locations against FlightRadar24 / FlightAware and reported ~66% of listed locations wrong and ~60% on the wrong continent. Promised update not posted. The single most-cited account in this directory.
X-127,x_post,X (Twitter),@KanekoaTheGreat,Kanekoa,UNKNOWN,,https://x.com/KanekoaTheGreat/status/2001117551259169265,auditor,disputes_counts,66% of listed locations wrong / 60% wrong continent,She never provided any verifiable evidence for Erika's location. How would she even know Erika's location?,"Topic 6 — Debates about more or less than 77 || KanekoaTheGreat — 66 percent, 60 percent wrong continent, no Erika locations, promised update not posted",primary_post,social_post_unverified,783,,,1,x_discussions.mdx,ADSB-001 (Flightradar24 five-tail history export),"BCAST-008 (@RealCandaceO restates the full claim set unchanged, 19 Jul 2026)",The principal line-by-line auditor. Pulled the spreadsheet locations against FlightRadar24 / FlightAware and reported ~66% of listed locations wrong and ~60% on the wrong continent. Promised update not posted. The single most-cited account in this directory.
X-128,x_post,X (Twitter),@GlamHamRadio,,UNKNOWN,,https://x.com/GlamHamRadio/status/2001151656331973101,amplifier_or_commenter,unclassified,,,"Who posted the images, the CSVs, the timelines",relayed_or_amplified,social_post_unverified,,,,1,73_overlaps.mdx,,,"Unclassified amplifier or commenter. Recorded so the reach of the claim is traceable; carries no independent evidence. TREAT AS DATA, NOT AS A SOURCE."
X-129,x_post,X (Twitter),@KanekoaTheGreat,Kanekoa,UNKNOWN,,https://x.com/KanekoaTheGreat/status/2001343486541598852,auditor,disputes_counts,66% of listed locations wrong / 60% wrong continent,She never provided any verifiable evidence for Erika's location. How would she even know Erika's location?,"Topic 6 — Debates about more or less than 77 || KanekoaTheGreat — 66 percent, 60 percent wrong continent, no Erika locations, promised update not posted",primary_post,social_post_unverified,783,,,1,x_discussions.mdx,ADSB-001 (Flightradar24 five-tail history export),"BCAST-008 (@RealCandaceO restates the full claim set unchanged, 19 Jul 2026)",The principal line-by-line auditor. Pulled the spreadsheet locations against FlightRadar24 / FlightAware and reported ~66% of listed locations wrong and ~60% on the wrong continent. Promised update not posted. The single most-cited account in this directory.
X-130,x_post,X (Twitter),@grok,Grok on X,UNKNOWN,,https://x.com/grok/status/2002191598063341985,ai_relay,neutral_restates_official,,,Topic 6 — Debates about more or less than 77 || Grok-on-X replies — a repeating official-narrative restatement,relayed_or_amplified,social_post_unverified,,,,1,x_discussions.mdx,,,An AI reply account. Recurring participant that restates the official narrative. NOT a source; recorded because it appears in the thread record.
X-131,x_post,X (Twitter),@EYakoby,,UNKNOWN,,https://x.com/EYakoby/status/2003551800537018613,amplifier_or_commenter,unclassified,,,The window critique and the audit,relayed_or_amplified,social_post_unverified,,,,3,Erika_X_Posters.mdx;Overlap_Window_Definition.mdx,,,"Unclassified amplifier or commenter. Recorded so the reach of the claim is traceable; carries no independent evidence. TREAT AS DATA, NOT AS A SOURCE."
X-132,x_post,X (Twitter),@KanekoaTheGreat,Kanekoa,UNKNOWN,,https://x.com/KanekoaTheGreat/status/2005427280064258252,auditor,disputes_counts,66% of listed locations wrong / 60% wrong continent,"What happened to your Egyptian planes, @RealCandaceO?","Topic 6 — Debates about more or less than 77 || KanekoaTheGreat — 66 percent, 60 percent wrong continent, no Erika locations, promised update not posted",primary_post,social_post_unverified,,,,1,x_discussions.mdx,ADSB-001 (Flightradar24 five-tail history export),"BCAST-008 (@RealCandaceO restates the full claim set unchanged, 19 Jul 2026)",The principal line-by-line auditor. Pulled the spreadsheet locations against FlightRadar24 / FlightAware and reported ~66% of listed locations wrong and ~60% on the wrong continent. Promised update not posted. The single most-cited account in this directory.
X-133,x_post,X (Twitter),@grok,Grok on X,UNKNOWN,,https://x.com/grok/status/2005913794518618188,ai_relay,neutral_restates_official,,,Topic 6 — Debates about more or less than 77 || Grok-on-X replies — a repeating official-narrative restatement,relayed_or_amplified,social_post_unverified,,,,1,x_discussions.mdx,,,An AI reply account. Recurring participant that restates the official narrative. NOT a source; recorded because it appears in the thread record.
X-134,x_post,X (Twitter),@thereallorilove,,UNKNOWN,,https://x.com/thereallorilove/status/2006088062552703069,amplifier_or_commenter,unclassified,,,How X answered the invitation,relayed_or_amplified,social_post_unverified,,,,3,Erika_Flight_Log_Invitation.mdx;Erika_X_Posters.mdx,,,"Unclassified amplifier or commenter. Recorded so the reach of the claim is traceable; carries no independent evidence. TREAT AS DATA, NOT AS A SOURCE."
X-135,x_post,X (Twitter),@KanekoaTheGreat,Kanekoa,UNKNOWN,,https://x.com/KanekoaTheGreat/status/2006197667723108473,auditor,disputes_counts,66% of listed locations wrong / 60% wrong continent,"What happened to your Egyptian planes, @RealCandaceO?","Topic 6 — Debates about more or less than 77 || KanekoaTheGreat — 66 percent, 60 percent wrong continent, no Erika locations, promised update not posted",primary_post,social_post_unverified,,,,1,x_discussions.mdx,ADSB-001 (Flightradar24 five-tail history export),"BCAST-008 (@RealCandaceO restates the full claim set unchanged, 19 Jul 2026)",The principal line-by-line auditor. Pulled the spreadsheet locations against FlightRadar24 / FlightAware and reported ~66% of listed locations wrong and ~60% on the wrong continent. Promised update not posted. The single most-cited account in this directory.
X-136,x_post,X (Twitter),@ProjectConstitu,Project Constitution,UNKNOWN,,https://x.com/ProjectConstitu/status/2013797285570691308,compiler_researcher,asserts_pattern,,"""Erika's Plane (N102DZ): Leaves AZ at 2:19 PM, arrives Provo 4:36 PM. On board: Erika Kirk, Tyler Bowyer, Elizabeth McCoy, a priest – scrambled post-incident.""",Claim B — afternoon inbound on N102DZ,primary_post,social_post_unverified,,,,3,Erika_Sept10_Whereabouts.mdx;Erika_X_Posters.mdx,ADSB-001 (Flightradar24 five-tail history export) is the only primary flight record behind any of these tallies. NO tally in this directory has ever been reconciled with another. Do not average them.,"ADSB-002 (Kanekoa line-by-line audit: ~66% of listed locations wrong, ~60% wrong continent); @Liz_Wheeler (same airport + same day reduces the overlap to ONE, 9/10 Utah); PRESS-004/PRESS-005 (Erika Kirk disputes the dates and locations attributed to her)","Five-plane fleet log, the TPUSA Faith framing, the contractor and rental-car claims, and the Sharm el-Sheikh tarmac identification."
X-137,x_post,X (Twitter),@ProjectConstitu,Project Constitution,UNKNOWN,,https://x.com/ProjectConstitu/status/2023790344681279728,compiler_researcher,asserts_pattern,,,"The aircraft people point at when they say ""Erika's flights""",primary_post,social_post_unverified,,,,4,Erika_Kirk_Flights.mdx;Erika_Sept10_Whereabouts.mdx;Erika_X_Posters.mdx,ADSB-001 (Flightradar24 five-tail history export) is the only primary flight record behind any of these tallies. NO tally in this directory has ever been reconciled with another. Do not average them.,"ADSB-002 (Kanekoa line-by-line audit: ~66% of listed locations wrong, ~60% wrong continent); @Liz_Wheeler (same airport + same day reduces the overlap to ONE, 9/10 Utah); PRESS-004/PRESS-005 (Erika Kirk disputes the dates and locations attributed to her)","Five-plane fleet log, the TPUSA Faith framing, the contractor and rental-car claims, and the Sharm el-Sheikh tarmac identification."
X-138,x_post,X (Twitter),@KanekoaTheGreat,Kanekoa,UNKNOWN,,https://x.com/KanekoaTheGreat/status/2026886783682884078,auditor,disputes_counts,66% of listed locations wrong / 60% wrong continent,"What happened to your Egyptian planes, @RealCandaceO?","Topic 6 — Debates about more or less than 77 || KanekoaTheGreat — 66 percent, 60 percent wrong continent, no Erika locations, promised update not posted",primary_post,social_post_unverified,,,,1,x_discussions.mdx,ADSB-001 (Flightradar24 five-tail history export),"BCAST-008 (@RealCandaceO restates the full claim set unchanged, 19 Jul 2026)",The principal line-by-line auditor. Pulled the spreadsheet locations against FlightRadar24 / FlightAware and reported ~66% of listed locations wrong and ~60% on the wrong continent. Promised update not posted. The single most-cited account in this directory.
X-139,x_post,X (Twitter),@KanekoaTheGreat,Kanekoa,UNKNOWN,,https://x.com/KanekoaTheGreat/status/2027967675855737173,auditor,disputes_counts,66% of listed locations wrong / 60% wrong continent,"What happened to your Egyptian planes, @RealCandaceO?","Topic 6 — Debates about more or less than 77 || KanekoaTheGreat — 66 percent, 60 percent wrong continent, no Erika locations, promised update not posted",primary_post,social_post_unverified,,,,1,x_discussions.mdx,ADSB-001 (Flightradar24 five-tail history export),"BCAST-008 (@RealCandaceO restates the full claim set unchanged, 19 Jul 2026)",The principal line-by-line auditor. Pulled the spreadsheet locations against FlightRadar24 / FlightAware and reported ~66% of listed locations wrong and ~60% on the wrong continent. Promised update not posted. The single most-cited account in this directory.
X-140,x_post,X (Twitter),@KanekoaTheGreat,Kanekoa,UNKNOWN,,https://x.com/KanekoaTheGreat/status/2029975864495198490,auditor,disputes_counts,66% of listed locations wrong / 60% wrong continent,"What happened to your Egyptian planes, @RealCandaceO?","Topic 6 — Debates about more or less than 77 || KanekoaTheGreat — 66 percent, 60 percent wrong continent, no Erika locations, promised update not posted",primary_post,social_post_unverified,1962,,111971,1,x_discussions.mdx,ADSB-001 (Flightradar24 five-tail history export),"BCAST-008 (@RealCandaceO restates the full claim set unchanged, 19 Jul 2026)",The principal line-by-line auditor. Pulled the spreadsheet locations against FlightRadar24 / FlightAware and reported ~66% of listed locations wrong and ~60% on the wrong continent. Promised update not posted. The single most-cited account in this directory.
X-141,x_post,X (Twitter),@KanekoaTheGreat,Kanekoa,UNKNOWN,,https://x.com/KanekoaTheGreat/status/2029990359712026742,auditor,disputes_counts,66% of listed locations wrong / 60% wrong continent,Still waiting on receipts for how French legionnaires and the U.S. military were involved in Charlie's murder.,"Topic 6 — Debates about more or less than 77 || KanekoaTheGreat — 66 percent, 60 percent wrong continent, no Erika locations, promised update not posted",primary_post,social_post_unverified,,,,1,x_discussions.mdx,ADSB-001 (Flightradar24 five-tail history export),"BCAST-008 (@RealCandaceO restates the full claim set unchanged, 19 Jul 2026)",The principal line-by-line auditor. Pulled the spreadsheet locations against FlightRadar24 / FlightAware and reported ~66% of listed locations wrong and ~60% on the wrong continent. Promised update not posted. The single most-cited account in this directory.
X-142,x_post,X (Twitter),@grok,Grok on X,UNKNOWN,,https://x.com/grok/status/2030036218688258144,ai_relay,neutral_restates_official,,,Topic 6 — Debates about more or less than 77 || Grok-on-X replies — a repeating official-narrative restatement,relayed_or_amplified,social_post_unverified,,,,1,x_discussions.mdx,,,An AI reply account. Recurring participant that restates the official narrative. NOT a source; recorded because it appears in the thread record.
X-143,x_post,X (Twitter),@GlamHamRadio,,UNKNOWN,,https://x.com/GlamHamRadio/status/2038075820284297547,amplifier_or_commenter,unclassified,,,"Who posted the images, the CSVs, the timelines",relayed_or_amplified,social_post_unverified,,,,1,73_overlaps.mdx,,,"Unclassified amplifier or commenter. Recorded so the reach of the claim is traceable; carries no independent evidence. TREAT AS DATA, NOT AS A SOURCE."
X-144,x_post,X (Twitter),@EricLDaugh,,UNKNOWN,,https://x.com/EricLDaugh/status/2044193709370011851,amplifier_or_commenter,unclassified,,,"The aircraft people point at when they say ""Erika's flights""",relayed_or_amplified,social_post_unverified,,,,5,Erika_Kirk_Flights.mdx;Erika_Sept10_Whereabouts.mdx;Erika_X_Posters.mdx,,,"Unclassified amplifier or commenter. Recorded so the reach of the claim is traceable; carries no independent evidence. TREAT AS DATA, NOT AS A SOURCE."
X-145,x_post,X (Twitter),@hurtfeelingzday,,UNKNOWN,,https://x.com/hurtfeelingzday/status/2069688064620843318,amplifier_or_commenter,unclassified,,,How X answered the invitation,relayed_or_amplified,social_post_unverified,4613,,,4,Erika_Flight_Log_Invitation.mdx;Erika_Kirk_Flights.mdx;Erika_X_Posters.mdx,,,"Unclassified amplifier or commenter. Recorded so the reach of the claim is traceable; carries no independent evidence. TREAT AS DATA, NOT AS A SOURCE."
X-146,x_post,X (Twitter),@realstewpeters,,UNKNOWN,,https://x.com/realstewpeters/status/2073068183540363576,amplifier_or_commenter,unclassified,,,The erasure / invitation thread,relayed_or_amplified,social_post_unverified,,,,2,Erika_X_Posters.mdx,,,"Unclassified amplifier or commenter. Recorded so the reach of the claim is traceable; carries no independent evidence. TREAT AS DATA, NOT AS A SOURCE."
X-147,x_post,X (Twitter),@dadiani_george,,UNKNOWN,,https://x.com/dadiani_george/status/2073169961019654248,amplifier_or_commenter,unclassified,,,The erasure / invitation thread,relayed_or_amplified,social_post_unverified,,,,2,Erika_X_Posters.mdx,,,"Unclassified amplifier or commenter. Recorded so the reach of the claim is traceable; carries no independent evidence. TREAT AS DATA, NOT AS A SOURCE."
X-148,x_post,X (Twitter),@KanekoaTheGreat,Kanekoa,UNKNOWN,,https://x.com/KanekoaTheGreat/status/2073452161808343425,auditor,disputes_counts,66% of listed locations wrong / 60% wrong continent,Still waiting on receipts for how French legionnaires and the U.S. military were involved in Charlie's murder.,"Who posted the images, the CSVs, the timelines",primary_post,social_post_unverified,,,,2,73_overlaps.mdx;x_discussions.mdx,ADSB-001 (Flightradar24 five-tail history export),"BCAST-008 (@RealCandaceO restates the full claim set unchanged, 19 Jul 2026)",The principal line-by-line auditor. Pulled the spreadsheet locations against FlightRadar24 / FlightAware and reported ~66% of listed locations wrong and ~60% on the wrong continent. Promised update not posted. The single most-cited account in this directory.
X-149,x_post,X (Twitter),@grok,Grok on X,UNKNOWN,,https://x.com/grok/status/2079586830102507998,ai_relay,neutral_restates_official,,,Topic 6 — Debates about more or less than 77 || Grok-on-X replies — a repeating official-narrative restatement,relayed_or_amplified,social_post_unverified,,,,1,x_discussions.mdx,,,An AI reply account. Recurring participant that restates the official narrative. NOT a source; recorded because it appears in the thread record.
X-150,x_post,X (Twitter),@hurtfeelingzday,,UNKNOWN,,https://x.com/hurtfeelingzday/status/2079661605332062718,amplifier_or_commenter,unclassified,,"""You really think I'm going to be on an Egyptian plane while I am wanting to be with my In-N-Out burger and my chocolate milkshake? No, I'm not. So if you want to go through my flight log, go right ahead. It very boring. You say I was here on this date. I have a photo on my phone to prove that I act",What she said,relayed_or_amplified,social_post_unverified,9474,,211641,8,Erika_Flight_Log_Invitation.mdx;Erika_Kirk_Flights.mdx;Erika_X_Posters.mdx,,,"Unclassified amplifier or commenter. Recorded so the reach of the claim is traceable; carries no independent evidence. TREAT AS DATA, NOT AS A SOURCE."
X-151,x_post,X (Twitter),@grok,Grok on X,UNKNOWN,,https://x.com/grok/status/2080075933550014780,ai_relay,neutral_restates_official,,,Topic 6 — Debates about more or less than 77 || Grok-on-X replies — a repeating official-narrative restatement,relayed_or_amplified,social_post_unverified,,,,1,x_discussions.mdx,,,An AI reply account. Recurring participant that restates the official narrative. NOT a source; recorded because it appears in the thread record.
X-152,x_post,X (Twitter),@grok,Grok on X,UNKNOWN,,https://x.com/grok/status/2083930278586687895,ai_relay,neutral_restates_official,,,Topic 6 — Debates about more or less than 77 || Grok-on-X replies — a repeating official-narrative restatement,relayed_or_amplified,social_post_unverified,,,,1,x_discussions.mdx,,,An AI reply account. Recurring participant that restates the official narrative. NOT a source; recorded because it appears in the thread record.
X-153,x_post,X (Twitter),@truthproject247,,UNKNOWN,,https://x.com/truthproject247/status/2084990837939724581,amplifier_or_commenter,unclassified,,,Links,relayed_or_amplified,social_post_unverified,,,,2,overlap/20250429_NE_lincoln_extra_007.mdx,,,"Unclassified amplifier or commenter. Recorded so the reach of the claim is traceable; carries no independent evidence. TREAT AS DATA, NOT AS A SOURCE."
X-154,x_post,X (Twitter),@grok,Grok on X,UNKNOWN,,https://x.com/grok/status/2085175965320179984,ai_relay,neutral_restates_official,,,Topic 6 — Debates about more or less than 77 || Grok-on-X replies — a repeating official-narrative restatement,relayed_or_amplified,social_post_unverified,,,,1,x_discussions.mdx,,,An AI reply account. Recurring participant that restates the official narrative. NOT a source; recorded because it appears in the thread record.
X-155,x_post,X (Twitter),@grok,Grok on X,UNKNOWN,,https://x.com/grok/status/2086092020934643757,ai_relay,neutral_restates_official,,,Topic 6 — Debates about more or less than 77 || Grok-on-X replies — a repeating official-narrative restatement,relayed_or_amplified,social_post_unverified,,,,1,x_discussions.mdx,,,An AI reply account. Recurring participant that restates the official narrative. NOT a source; recorded because it appears in the thread record.
X-156,x_post,X (Twitter),@grok,Grok on X,UNKNOWN,,https://x.com/grok/status/2086445625676099659,ai_relay,neutral_restates_official,,,Topic 6 — Debates about more or less than 77 || Grok-on-X replies — a repeating official-narrative restatement,relayed_or_amplified,social_post_unverified,,,,1,x_discussions.mdx,,,An AI reply account. Recurring participant that restates the official narrative. NOT a source; recorded because it appears in the thread record.
X-157,x_post,X (Twitter),@grok,Grok on X,UNKNOWN,,https://x.com/grok/status/2087833690986479705,ai_relay,neutral_restates_official,,,Topic 6 — Debates about more or less than 77 || Grok-on-X replies — a repeating official-narrative restatement,relayed_or_amplified,social_post_unverified,,,,1,x_discussions.mdx,,,An AI reply account. Recurring participant that restates the official narrative. NOT a source; recorded because it appears in the thread record.
X-158,x_post,X (Twitter),@grok,Grok on X,UNKNOWN,,https://x.com/grok/status/2088309887939829819,ai_relay,neutral_restates_official,,,Topic 6 — Debates about more or less than 77 || Grok-on-X replies — a repeating official-narrative restatement,relayed_or_amplified,social_post_unverified,,,,1,x_discussions.mdx,,,An AI reply account. Recurring participant that restates the official narrative. NOT a source; recorded because it appears in the thread record.
X-159,x_post,X (Twitter),@ChristisGod1776,,UNKNOWN,,https://x.com/ChristisGod1776/status/2088667687631171773,amplifier_or_commenter,unclassified,,,"Topic 3 — Egyptian-registered planes near a TPUSA event || TPUSA-side silence, and the pushback that TPUSA is being smeared",relayed_or_amplified,social_post_unverified,0,,,1,x_discussions.mdx,,,"Unclassified amplifier or commenter. Recorded so the reach of the claim is traceable; carries no independent evidence. TREAT AS DATA, NOT AS A SOURCE."
X-160,x_post,X (Twitter),@KanekoaTheGreat,Kanekoa,UNKNOWN,,https://x.com/KanekoaTheGreat/status/2088747475452768544,auditor,disputes_counts,66% of listed locations wrong / 60% wrong continent,,"Topic 6 — Debates about more or less than 77 || KanekoaTheGreat — 66 percent, 60 percent wrong continent, no Erika locations, promised update not posted",primary_post,social_post_unverified,,,,1,x_discussions.mdx,ADSB-001 (Flightradar24 five-tail history export),"BCAST-008 (@RealCandaceO restates the full claim set unchanged, 19 Jul 2026)",The principal line-by-line auditor. Pulled the spreadsheet locations against FlightRadar24 / FlightAware and reported ~66% of listed locations wrong and ~60% on the wrong continent. Promised update not posted. The single most-cited account in this directory.
X-162,x_post,X (Twitter),@TouchStone313,,UNKNOWN,,https://x.com/TouchStone313/status/2088879144130036179,amplifier_or_commenter,unclassified,,,"Who posted the images, the CSVs, the timelines",relayed_or_amplified,social_post_unverified,,,,1,73_overlaps.mdx,,,"Unclassified amplifier or commenter. Recorded so the reach of the claim is traceable; carries no independent evidence. TREAT AS DATA, NOT AS A SOURCE."
X-164,x_post,X (Twitter),@ChristisGod1776,,UNKNOWN,,https://x.com/ChristisGod1776/status/2089021844393263243,amplifier_or_commenter,unclassified,,,"Topic 3 — Egyptian-registered planes near a TPUSA event || TPUSA-side silence, and the pushback that TPUSA is being smeared",relayed_or_amplified,social_post_unverified,0,,,1,x_discussions.mdx,,,"Unclassified amplifier or commenter. Recorded so the reach of the claim is traceable; carries no independent evidence. TREAT AS DATA, NOT AS A SOURCE."
X-165,x_post,X (Twitter),@ProjectConstitu,Project Constitution,UNKNOWN,,https://x.com/ProjectConstitu/status/2089077122975289541,compiler_researcher,asserts_pattern,,,"Topic 3 — Egyptian-registered planes near a TPUSA event || Project Constitution — TPUSA Faith events, contractors, rental cars",primary_post,social_post_unverified,,,,1,x_discussions.mdx,ADSB-001 (Flightradar24 five-tail history export) is the only primary flight record behind any of these tallies. NO tally in this directory has ever been reconciled with another. Do not average them.,"ADSB-002 (Kanekoa line-by-line audit: ~66% of listed locations wrong, ~60% wrong continent); @Liz_Wheeler (same airport + same day reduces the overlap to ONE, 9/10 Utah); PRESS-004/PRESS-005 (Erika Kirk disputes the dates and locations attributed to her)","Five-plane fleet log, the TPUSA Faith framing, the contractor and rental-car claims, and the Sharm el-Sheikh tarmac identification."
X-166,x_post,X (Twitter),@hurtfeelingzday,,UNKNOWN,,https://x.com/hurtfeelingzday/status/2089084260976111911,amplifier_or_commenter,unclassified,,,How X answered the invitation,relayed_or_amplified,social_post_unverified,,,,3,Erika_Flight_Log_Invitation.mdx;Erika_X_Posters.mdx,,,"Unclassified amplifier or commenter. Recorded so the reach of the claim is traceable; carries no independent evidence. TREAT AS DATA, NOT AS A SOURCE."
X-167,x_post,X (Twitter),@grok,Grok on X,UNKNOWN,,https://x.com/grok/status/2089095167139573984,ai_relay,neutral_restates_official,,,Topic 6 — Debates about more or less than 77 || Grok-on-X replies — a repeating official-narrative restatement,relayed_or_amplified,social_post_unverified,,,,1,x_discussions.mdx,,,An AI reply account. Recurring participant that restates the official narrative. NOT a source; recorded because it appears in the thread record.
X-168,x_post,X (Twitter),@ProjectConstitu,Project Constitution,UNKNOWN,,https://x.com/ProjectConstitu/status/2089097944574103984,compiler_researcher,asserts_pattern,,,"Topic 3 — Egyptian-registered planes near a TPUSA event || Project Constitution — TPUSA Faith events, contractors, rental cars",primary_post,social_post_unverified,,,,1,x_discussions.mdx,ADSB-001 (Flightradar24 five-tail history export) is the only primary flight record behind any of these tallies. NO tally in this directory has ever been reconciled with another. Do not average them.,"ADSB-002 (Kanekoa line-by-line audit: ~66% of listed locations wrong, ~60% wrong continent); @Liz_Wheeler (same airport + same day reduces the overlap to ONE, 9/10 Utah); PRESS-004/PRESS-005 (Erika Kirk disputes the dates and locations attributed to her)","Five-plane fleet log, the TPUSA Faith framing, the contractor and rental-car claims, and the Sharm el-Sheikh tarmac identification."
X-169,x_post,X (Twitter),@ProjectConstitu,Project Constitution,UNKNOWN,,https://x.com/ProjectConstitu/status/2089120704050384979,compiler_researcher,asserts_pattern,,,"Topic 3 — Egyptian-registered planes near a TPUSA event || Project Constitution — TPUSA Faith events, contractors, rental cars",primary_post,social_post_unverified,,,,1,x_discussions.mdx,ADSB-001 (Flightradar24 five-tail history export) is the only primary flight record behind any of these tallies. NO tally in this directory has ever been reconciled with another. Do not average them.,"ADSB-002 (Kanekoa line-by-line audit: ~66% of listed locations wrong, ~60% wrong continent); @Liz_Wheeler (same airport + same day reduces the overlap to ONE, 9/10 Utah); PRESS-004/PRESS-005 (Erika Kirk disputes the dates and locations attributed to her)","Five-plane fleet log, the TPUSA Faith framing, the contractor and rental-car claims, and the Sharm el-Sheikh tarmac identification."
X-170,x_post,X (Twitter),@grok,Grok on X,UNKNOWN,,https://x.com/grok/status/2089159557821989233,ai_relay,neutral_restates_official,,,Topic 6 — Debates about more or less than 77 || Grok-on-X replies — a repeating official-narrative restatement,relayed_or_amplified,social_post_unverified,,,,2,x_discussions.mdx,,,An AI reply account. Recurring participant that restates the official narrative. NOT a source; recorded because it appears in the thread record.
X-171,x_post,X (Twitter),@ProjectConstitu,Project Constitution,UNKNOWN,,https://x.com/ProjectConstitu/status/2089333351798735247,compiler_researcher,asserts_pattern,,,"Topic 3 — Egyptian-registered planes near a TPUSA event || Project Constitution — TPUSA Faith events, contractors, rental cars",primary_post,social_post_unverified,,,,1,x_discussions.mdx,ADSB-001 (Flightradar24 five-tail history export) is the only primary flight record behind any of these tallies. NO tally in this directory has ever been reconciled with another. Do not average them.,"ADSB-002 (Kanekoa line-by-line audit: ~66% of listed locations wrong, ~60% wrong continent); @Liz_Wheeler (same airport + same day reduces the overlap to ONE, 9/10 Utah); PRESS-004/PRESS-005 (Erika Kirk disputes the dates and locations attributed to her)","Five-plane fleet log, the TPUSA Faith framing, the contractor and rental-car claims, and the Sharm el-Sheikh tarmac identification."
X-172,x_post,X (Twitter),@ProjectConstitu,Project Constitution,UNKNOWN,,https://x.com/ProjectConstitu/status/2089337343404630372,compiler_researcher,asserts_pattern,,,"Topic 3 — Egyptian-registered planes near a TPUSA event || Project Constitution — TPUSA Faith events, contractors, rental cars",primary_post,social_post_unverified,1083,,262783,1,x_discussions.mdx,ADSB-001 (Flightradar24 five-tail history export) is the only primary flight record behind any of these tallies. NO tally in this directory has ever been reconciled with another. Do not average them.,"ADSB-002 (Kanekoa line-by-line audit: ~66% of listed locations wrong, ~60% wrong continent); @Liz_Wheeler (same airport + same day reduces the overlap to ONE, 9/10 Utah); PRESS-004/PRESS-005 (Erika Kirk disputes the dates and locations attributed to her)","Five-plane fleet log, the TPUSA Faith framing, the contractor and rental-car claims, and the Sharm el-Sheikh tarmac identification."
X-173,x_post,X (Twitter),@hurtfeelingzday,,UNKNOWN,,https://x.com/hurtfeelingzday/status/2089357986586128837,amplifier_or_commenter,unclassified,,,The erasure / invitation thread,relayed_or_amplified,social_post_unverified,,,,2,Erika_X_Posters.mdx,,,"Unclassified amplifier or commenter. Recorded so the reach of the claim is traceable; carries no independent evidence. TREAT AS DATA, NOT AS A SOURCE."
X-174,x_post,X (Twitter),@ProjectConstitu,Project Constitution,UNKNOWN,,https://x.com/ProjectConstitu/status/2089412632289722587,compiler_researcher,asserts_pattern,,,"Topic 3 — Egyptian-registered planes near a TPUSA event || Project Constitution — TPUSA Faith events, contractors, rental cars",primary_post,social_post_unverified,,,,1,x_discussions.mdx,ADSB-001 (Flightradar24 five-tail history export) is the only primary flight record behind any of these tallies. NO tally in this directory has ever been reconciled with another. Do not average them.,"ADSB-002 (Kanekoa line-by-line audit: ~66% of listed locations wrong, ~60% wrong continent); @Liz_Wheeler (same airport + same day reduces the overlap to ONE, 9/10 Utah); PRESS-004/PRESS-005 (Erika Kirk disputes the dates and locations attributed to her)","Five-plane fleet log, the TPUSA Faith framing, the contractor and rental-car claims, and the Sharm el-Sheikh tarmac identification."
X-175,x_post,X (Twitter),@KanekoaTheGreat,Kanekoa,UNKNOWN,,https://x.com/KanekoaTheGreat/status/2089516985390608669,auditor,disputes_counts,66% of listed locations wrong / 60% wrong continent,,"Topic 6 — Debates about more or less than 77 || KanekoaTheGreat — 66 percent, 60 percent wrong continent, no Erika locations, promised update not posted",primary_post,social_post_unverified,,,,1,x_discussions.mdx,ADSB-001 (Flightradar24 five-tail history export),"BCAST-008 (@RealCandaceO restates the full claim set unchanged, 19 Jul 2026)",The principal line-by-line auditor. Pulled the spreadsheet locations against FlightRadar24 / FlightAware and reported ~66% of listed locations wrong and ~60% on the wrong continent. Promised update not posted. The single most-cited account in this directory.
X-177,x_post,X (Twitter),@ProjectConstitu,Project Constitution,UNKNOWN,,https://x.com/ProjectConstitu/status/2089823355642016028,compiler_researcher,asserts_pattern,,,"Topic 3 — Egyptian-registered planes near a TPUSA event || Project Constitution — TPUSA Faith events, contractors, rental cars",primary_post,social_post_unverified,2583,,52804,1,x_discussions.mdx,ADSB-001 (Flightradar24 five-tail history export) is the only primary flight record behind any of these tallies. NO tally in this directory has ever been reconciled with another. Do not average them.,"ADSB-002 (Kanekoa line-by-line audit: ~66% of listed locations wrong, ~60% wrong continent); @Liz_Wheeler (same airport + same day reduces the overlap to ONE, 9/10 Utah); PRESS-004/PRESS-005 (Erika Kirk disputes the dates and locations attributed to her)","Five-plane fleet log, the TPUSA Faith framing, the contractor and rental-car claims, and the Sharm el-Sheikh tarmac identification."
X-178,x_post,X (Twitter),@littlehouseblu,,UNKNOWN,,https://x.com/littlehouseblu/status/2090484196175499504,amplifier_or_commenter,unclassified,,,Claim B — afternoon inbound on N102DZ,relayed_or_amplified,social_post_unverified,,,,3,Erika_Sept10_Whereabouts.mdx;Erika_X_Posters.mdx,,,"Unclassified amplifier or commenter. Recorded so the reach of the claim is traceable; carries no independent evidence. TREAT AS DATA, NOT AS A SOURCE."
X-179,x_post,X (Twitter),@MamiiLife,,UNKNOWN,,https://x.com/MamiiLife/status/2091841228669063613,amplifier_or_commenter,unclassified,,,"Who posted the images, the CSVs, the timelines",relayed_or_amplified,social_post_unverified,,,,1,73_overlaps.mdx,,,"Unclassified amplifier or commenter. Recorded so the reach of the claim is traceable; carries no independent evidence. TREAT AS DATA, NOT AS A SOURCE."
ADSB-001,adsb_export,Flightradar24,,"Aircraft-history export, five-tail set (@WeAre_TheElite), re-posted by @ProjectConstitu 1 Nov 2025",2025-11-01,,,primary_data,evidence_only,,"Per-tail flight history tables for SU-BTT, SU-BND, SU-BTU, SU-BTV, SU-BGM. The underlying record every flights.csv row is read from.",,primary_record,adsb_public_history,,,,,flights.csv;Provo_KPVU_2024-04-19_to_2025-09-13.mdx,,"REPO-005 (85-row verification against primary ADS-B position data, 24 Aug 2026, refutes 12 rows read from this export - including OWENS-012, claimed Wichita 14 Apr 2023, where the aircraft actually flew Paris CDG to TOPEKA, Kansas: right state, wrong city, 7,411 km from Wichita at closest approach)","STRONGEST EVIDENCE CLASS IN THIS DIRECTORY. Still amateur-read: the tables were transcribed from screenshots, not pulled from an API, and the tracker's own highlighting was ignored in favour of the table text. ADS-B has holes - transponders off, military fields not reporting - and the holes cut both ways."
ADSB-002,adsb_export,FlightAware / Flightradar24,,Kanekoa audit pulls,2025-12-17,,https://x.com/KanekoaTheGreat,auditor,disputes_counts,66;60,"Audit of the Owens spreadsheet's claimed locations against flight history: ~66% of listed locations wrong, ~60% on the wrong continent.",,primary_record,adsb_public_history,,,,,overlaps.csv;73_overlaps.mdx,ADSB-001 (Flightradar24 five-tail history export),"BCAST-008 (@RealCandaceO restates the full claim set unchanged, 19 Jul 2026); REPO-005 (this repo's 85-row overlap verification against primary ADS-B position data, 24 Aug 2026: of the 36 rows that could be decided, 24 are CORROBORATED and 12 REFUTED - the opposite direction to this audit's 'roughly two rows in three are wrong'. Note the limit: 42 rows remain undecidable with free data, and a confirmed aircraft is not a confirmed overlap.)","The audit is itself amateur and its full working was never published. It is nonetheless the only line-by-line test of the spreadsheet in the record, and this directory's audit_verdict column is derived from it."
BCAST-001,broadcast,Candace Owens Show,,First on-air SU-BTT / Provo treatment,2025-10-12,,,originator_broadcaster,asserts_pattern,,"First on-air treatment of SU-BTT at Provo, and the time-zone correction to the departure time that critics have cited ever since.",,primary_claim,broadcast_claim,,,,,Candace_Owens_Broadcasts.mdx,ADSB-001 (Flightradar24 five-tail history export) is the only primary flight record behind any of these tallies. NO tally in this directory has ever been reconciled with another. Do not average them.,"ADSB-002 (Kanekoa line-by-line audit: ~66% of listed locations wrong, ~60% wrong continent); @Liz_Wheeler (same airport + same day reduces the overlap to ONE, 9/10 Utah); PRESS-004/PRESS-005 (Erika Kirk disputes the dates and locations attributed to her)","No transcript held in this repo; recorded from the show bills and the X posts around it. Episode numbers circulating (255, 256, 266, 268, 274) come from third-party listings, not a first-party archive - pointers, not citations. THE DATES ARE THE RELIABLE INDEX."
BCAST-002,broadcast,Candace Owens Show,,Two-aircraft framing; 'Kash Patel protecting Egypt',2025-10-30,,,originator_broadcaster,asserts_pattern,,The yellow-plane / blue-plane framing introduced.,,primary_claim,broadcast_claim,,,,,Candace_Owens_Broadcasts.mdx,ADSB-001 (Flightradar24 five-tail history export) is the only primary flight record behind any of these tallies. NO tally in this directory has ever been reconciled with another. Do not average them.,"ADSB-002 (Kanekoa line-by-line audit: ~66% of listed locations wrong, ~60% wrong continent); @Liz_Wheeler (same airport + same day reduces the overlap to ONE, 9/10 Utah); PRESS-004/PRESS-005 (Erika Kirk disputes the dates and locations attributed to her)","Unclassified amplifier or commenter. Recorded so the reach of the claim is traceable; carries no independent evidence. TREAT AS DATA, NOT AS A SOURCE."
BCAST-003,broadcast,Candace Owens Show,,'Operation Mocking-Plane',2025-11-17,,,originator_broadcaster,asserts_pattern,73;68;29,"The 68->73 revision, the 29-with-Charlie split, the 0.000000001% probability claim, the second-level transponder timings, and the pivot to ERIKA, not Charlie, as the tracked person.",,primary_claim,broadcast_claim,,,,,Candace_Owens_Broadcasts.mdx;x_discussions.mdx,ADSB-001 (Flightradar24 five-tail history export) is the only primary flight record behind any of these tallies. NO tally in this directory has ever been reconciled with another. Do not average them.,"ADSB-002 (Kanekoa line-by-line audit: ~66% of listed locations wrong, ~60% wrong continent); @Liz_Wheeler (same airport + same day reduces the overlap to ONE, 9/10 Utah); PRESS-004/PRESS-005 (Erika Kirk disputes the dates and locations attributed to her)",THE PIVOTAL BROADCAST. Every downstream count in this directory traces to it. The spreadsheet behind the counts has never been published in full.
BCAST-004,broadcast,Candace Owens Show,,Delaware overnight episode,2025-11-19,,,originator_broadcaster,asserts_pattern,,'Why did the Egyptian Plane land in Delaware and stay the night on the 9/10?',,primary_claim,broadcast_claim,,,,,Candace_Owens_Broadcasts.mdx,ADSB-001 (Flightradar24 five-tail history export) is the only primary flight record behind any of these tallies. NO tally in this directory has ever been reconciled with another. Do not average them.,"ADSB-002 (Kanekoa line-by-line audit: ~66% of listed locations wrong, ~60% wrong continent); @Liz_Wheeler (same airport + same day reduces the overlap to ONE, 9/10 Utah); PRESS-004/PRESS-005 (Erika Kirk disputes the dates and locations attributed to her)","Unclassified amplifier or commenter. Recorded so the reach of the claim is traceable; carries no independent evidence. TREAT AS DATA, NOT AS A SOURCE."
BCAST-005,broadcast,Candace Owens Show,,920 N King Street claim,2025-11-21,,,originator_broadcaster,asserts_pattern,,"The 920 N King Street, Wilmington claim, and the response to a 'fake debunking' trend.",,primary_claim,broadcast_claim,,,,,Candace_Owens_Broadcasts.mdx,ADSB-001 (Flightradar24 five-tail history export) is the only primary flight record behind any of these tallies. NO tally in this directory has ever been reconciled with another. Do not average them.,"ADSB-002 (Kanekoa line-by-line audit: ~66% of listed locations wrong, ~60% wrong continent); @Liz_Wheeler (same airport + same day reduces the overlap to ONE, 9/10 Utah); PRESS-004/PRESS-005 (Erika Kirk disputes the dates and locations attributed to her)","Unclassified amplifier or commenter. Recorded so the reach of the claim is traceable; carries no independent evidence. TREAT AS DATA, NOT AS A SOURCE."
BCAST-006,broadcast,Candace Owens Show,,'MAJOR update',2025-12-04,,,originator_broadcaster,asserts_pattern,,'Another piece of the puzzle locks in.' Same bill carried the Turning Point 24-hour-deadline item.,,primary_claim,broadcast_claim,,,,,Candace_Owens_Broadcasts.mdx,ADSB-001 (Flightradar24 five-tail history export) is the only primary flight record behind any of these tallies. NO tally in this directory has ever been reconciled with another. Do not average them.,"ADSB-002 (Kanekoa line-by-line audit: ~66% of listed locations wrong, ~60% wrong continent); @Liz_Wheeler (same airport + same day reduces the overlap to ONE, 9/10 Utah); PRESS-004/PRESS-005 (Erika Kirk disputes the dates and locations attributed to her)","Unclassified amplifier or commenter. Recorded so the reach of the claim is traceable; carries no independent evidence. TREAT AS DATA, NOT AS A SOURCE."
BCAST-007,broadcast,Candace Owens Show,,"Erika Kirk's on-camera response, and the reply",2025-12-10,,,originator_broadcaster,asserts_pattern,,Owens responds to Erika Kirk's remarks about 'conspiracy theorists' and to what Erika told Bari Weiss about the planes.,,primary_claim,broadcast_claim,,,,,Candace_Owens_Broadcasts.mdx,ADSB-001 (Flightradar24 five-tail history export) is the only primary flight record behind any of these tallies. NO tally in this directory has ever been reconciled with another. Do not average them.,"ADSB-002 (Kanekoa line-by-line audit: ~66% of listed locations wrong, ~60% wrong continent); @Liz_Wheeler (same airport + same day reduces the overlap to ONE, 9/10 Utah); PRESS-004/PRESS-005 (Erika Kirk disputes the dates and locations attributed to her)","Unclassified amplifier or commenter. Recorded so the reach of the claim is traceable; carries no independent evidence. TREAT AS DATA, NOT AS A SOURCE."
BCAST-008,broadcast,Candace Owens Show,,'I still stand by every single one',2026-07-19,,,originator_broadcaster,asserts_pattern,,"Restatement of the whole claim set, unchanged, ten months on.",,primary_claim,broadcast_claim,,,,,Candace_Owens_Broadcasts.mdx,ADSB-001 (Flightradar24 five-tail history export) is the only primary flight record behind any of these tallies. NO tally in this directory has ever been reconciled with another. Do not average them.,"ADSB-002 (Kanekoa line-by-line audit: ~66% of listed locations wrong, ~60% wrong continent); @Liz_Wheeler (same airport + same day reduces the overlap to ONE, 9/10 Utah); PRESS-004/PRESS-005 (Erika Kirk disputes the dates and locations attributed to her)","Unclassified amplifier or commenter. Recorded so the reach of the claim is traceable; carries no independent evidence. TREAT AS DATA, NOT AS A SOURCE."
BCAST-009,broadcast,The Jimmy Dore Show,,Sharm el-Sheikh coverage,2026-08-01,,,amplifier,asserts_pattern,,Covers the Egyptian-plane story; the Sharm el-Sheikh tarmac frame becomes the new 'receipt'.,,relayed_or_amplified,broadcast_claim,,,,,SharmElSheikh_HESH_2025-10-13_to_2025-10-13.mdx,ADSB-001 (Flightradar24 five-tail history export) is the only primary flight record behind any of these tallies. NO tally in this directory has ever been reconciled with another. Do not average them.,"ADSB-002 (Kanekoa line-by-line audit: ~66% of listed locations wrong, ~60% wrong continent); @Liz_Wheeler (same airport + same day reduces the overlap to ONE, 9/10 Utah); PRESS-004/PRESS-005 (Erika Kirk disputes the dates and locations attributed to her)","'VINDICATED' is the word to be careful with. The tarmac frame supports that SU-BTT is a PRESIDENTIAL-FLEET aircraft rather than a charter. The overlap count, the manifest and the tasking question are exactly where they were before it."
VID-001,video_frame,Fox News live coverage,,"Sharm el-Sheikh tarmac shot, Gaza peace summit",2025-10-13,,,primary_data,evidence_only,,SU-BTT visible on the tarmac beside Air Force One during el-Sisi's motorcade shot.,,primary_record,broadcast_video_frame,,,,,SharmElSheikh_HESH_2025-10-13_to_2025-10-13.mdx,,,"The strongest single corroboration in the directory, and the narrowest. It establishes fleet identity, nothing about Provo, tasking or the count. Not an overlap; must NOT be counted as a 74th row."
PRESS-001,press_aggregator,Sportskeeda / IBTimes / Factually.co,,Aggregator summaries of the broadcast,2025-11-18,,,aggregator,asserts_pattern,70;68;73,Written summaries of the Owens broadcast numbers.,,relayed_or_amplified,press_relay,,,,,Press_Coverage.mdx,ADSB-001 (Flightradar24 five-tail history export) is the only primary flight record behind any of these tallies. NO tally in this directory has ever been reconciled with another. Do not average them.,"ADSB-002 (Kanekoa line-by-line audit: ~66% of listed locations wrong, ~60% wrong continent); @Liz_Wheeler (same airport + same day reduces the overlap to ONE, 9/10 Utah); PRESS-004/PRESS-005 (Erika Kirk disputes the dates and locations attributed to her)",ZERO independent verification. They summarise the show. No outlet in this record independently pulled the flight history and published a dated list.
PRESS-002,press_international,Economic Times / Times of India / Hindustan Times,,International pickup,2025-11-19,,,aggregator,asserts_pattern,70,The claim becomes an internationally reported story; numbers arrive already rounded to 'nearly 70' / 'around 70'.,,relayed_or_amplified,press_relay,,,,,Press_Coverage.mdx,ADSB-001 (Flightradar24 five-tail history export) is the only primary flight record behind any of these tallies. NO tally in this directory has ever been reconciled with another. Do not average them.,"ADSB-002 (Kanekoa line-by-line audit: ~66% of listed locations wrong, ~60% wrong continent); @Liz_Wheeler (same airport + same day reduces the overlap to ONE, 9/10 Utah); PRESS-004/PRESS-005 (Erika Kirk disputes the dates and locations attributed to her)","Same single source. THE ROUNDING RUNS ONE WAY: '68, and I can add 73' becomes 'more than 70' becomes '73'."
PRESS-003,press_international,Document.se / Document.no,,Scandinavian coverage,2025-11-20,,,aggregator,asserts_pattern,,How the claim entered non-English discussion.,,relayed_or_amplified,press_relay,,,,,Press_Coverage.mdx,ADSB-001 (Flightradar24 five-tail history export) is the only primary flight record behind any of these tallies. NO tally in this directory has ever been reconciled with another. Do not average them.,"ADSB-002 (Kanekoa line-by-line audit: ~66% of listed locations wrong, ~60% wrong continent); @Liz_Wheeler (same airport + same day reduces the overlap to ONE, 9/10 Utah); PRESS-004/PRESS-005 (Erika Kirk disputes the dates and locations attributed to her)",Same single source.
PRESS-004,press_reply_side,The Daily Wire,,Erika Kirk's response,2025-12-11,,,subject_response,disputes_pattern,,"Erika Kirk disputes the specific trip dates and locations attributed to her, and notes she was pregnant across several of the cited periods.",,primary_claim,subject_denial,,,,,Press_Coverage.mdx;Erika_Kirk_Flights.mdx,ADSB-001 (Flightradar24 five-tail history export),"BCAST-008 (@RealCandaceO restates the full claim set unchanged, 19 Jul 2026)","A response, not an audit. It does not publish her itinerary either. HER DENIAL DESERVES MORE WEIGHT THAN A DENIAL USUALLY GETS: she is the only person who could produce the itinerary the 73-count is measured against, and the count was built without it. She is a living person, not charged with anything, named only as the person who responded."
PRESS-005,press_reply_side,CBS town hall,,Erika Kirk addresses the claims on camera,2025-12-10,,,subject_response,disputes_pattern,,Erika Kirk addresses and disputes the location claims; separately reported as saying she had no knowledge of the aircraft and stayed home in Arizona on 10 September 2025.,,primary_claim,subject_denial,,,,,Press_Coverage.mdx;Erika_Sept10_Whereabouts.mdx,ADSB-001 (Flightradar24 five-tail history export),"BCAST-008 (@RealCandaceO restates the full claim set unchanged, 19 Jul 2026)",See PRESS-004. Her reported Arizona whereabouts on 10 Sep directly contradicts the spreadsheet's own Nebraska/Delaware cell for that date - the sharpest internal contradiction in the dataset.
DOC-001,court_filing,CourtListener,,PDFs of related discussion,,,,relay,neutral,,Documents attached to litigation that quote the claim.,,relayed_or_amplified,document_quoting_claim,,,,,Press_Coverage.mdx,,,A DOCUMENT QUOTING A CLAIM IS NOT A FINDING ABOUT THE CLAIM. A CourtListener PDF that quotes the claim is not a court finding about it.
REPO-001,repo_file,this repository,,Charlie_Kirk.txt - the master investigation file,,,,repo_record,asserts_pattern,73;23,Records the headline as 'Egyption Planes had 73 overlaps with Erika. Only ~23 with Charlie.' - the file's own spelling and split.,,repo_record,investigation_file,,,,,overview.mdx,ADSB-001 (Flightradar24 five-tail history export) is the only primary flight record behind any of these tallies. NO tally in this directory has ever been reconciled with another. Do not average them.,"ADSB-002 (Kanekoa line-by-line audit: ~66% of listed locations wrong, ~60% wrong continent); @Liz_Wheeler (same airport + same day reduces the overlap to ONE, 9/10 Utah); PRESS-004/PRESS-005 (Erika Kirk disputes the dates and locations attributed to her)","A tracker tally written down, not a reconciled total. READ-ONLY to AI under an absolute repo rule."
REPO-002,repo_file,this repository,,site/docs/TPUSA/apple_podcast/*.csv - The Charlie Kirk Show catalogue,,,,repo_record,evidence_only,,The densest Kirk-location record this repo holds. Primary source for tpusa_events.csv.,,primary_record,podcast_catalogue,,,,,tpusa_events.csv,,,"CAVEAT ON EVERY PROXY ROW: the date is the PODCAST RELEASE DATE, not the event date - normally 0-7 days later. Never publish a 'same day' claim off a proxy date. 8 of 139 rows in tpusa_events.csv are proxy-dated and are flagged PODCAST_PROXY."
REPO-003,repo_file,this repository,,site/docs/Amfest/amfest-year-timeline.mdx,,,,repo_record,evidence_only,,"Source of the real event dates for AmericaFest 2024, SAS 2025 Tampa and UVU 10 Sep 2025.",,primary_record,site_timeline,,,,,tpusa_events.csv,,,"Unclassified amplifier or commenter. Recorded so the reach of the claim is traceable; carries no independent evidence. TREAT AS DATA, NOT AS A SOURCE."
REC-001,facility_record,Provo Municipal Airport,,Badge access list updated 9/11/25,2025-09-11,,,primary_data,evidence_only,,Provo airport badge access list reportedly updated the day after the assassination.,,primary_record,facility_record,,,,,overview.mdx,,,"Reported, not produced. No copy of the list is held in this repo. A record like this OUTRANKS a relayed X account if it is ever obtained - it has not been."
REC-002,facility_record,"Duncan Aviation, Provo",,FBO rental-car and handling records,,,,primary_data,evidence_only,,The records that would settle the contractor drop-off and rental-car claims.,,primary_record,facility_record,,,,,overview.mdx,,,"NOT OBTAINED. Named here as a known gap. Together with Erika Kirk's itinerary and the FBO logs, this is what would actually settle the question, and nobody on either side has published it."
ADSB-003,adsb_export,airplanes.live (globe.airplanes.live/globe_history),,airplanes.live globe history archive - the independent backup ADS-B archive,2026-08-24,,https://globe.airplanes.live/globe_history/,primary_data,evidence_only,,"Free, no-account, community ADS-B position archive holding full-day traces per airframe from roughly November 2023. Queried directly by this repo on 24 Aug 2026 for every tail in the case. It produced 152 aircraft-days that the other free archive (adsb.lol) does not hold, and FOUR of the twelve overlap refutations in overlap_verification.json rest on it alone (OWENS-016, OWENS-029, OWENS-052, OWENS-055) - adsb.lol 404s all four dates.",flight data recovery; independent second archive; refutation of claimed overlaps,primary_record,adsb_public_history,,,,,overlaps.csv;flights.csv;apis/public_open_source/knowledge.mdx,"ADSB-004 (ADS-B Exchange monthly sample) and the adsb.lol globe history, where their coverage windows overlap: 89 aircraft-days are held by both free archives and agree.",,"TOP EVIDENCE CLASS, WITH TWO HONEST LIMITS. (1) A day one network holds and another does not is ORDINARY - different feeders, different antennas, different geography - and is NOT evidence of scrubbing. (2) An absence of a trace means the receiver network did not hear the aircraft; it is not proof the aircraft was elsewhere. Only a positive track somewhere else refutes a claim. Raw responses saved under site/docs/Planes/following/apis/public_open_source/data/ and per-tail under site/docs/Planes/<TAIL>/data/recovered/."
ADSB-004,adsb_export,ADS-B Exchange free monthly sample (samples.adsbexchange.com/traces),,"ADS-B Exchange monthly globe sample - ONE FULL DAY PER MONTH, the 1st, back to 2016",2026-08-24,,https://samples.adsbexchange.com/traces/,primary_data,evidence_only,,"ADS-B Exchange publishes a free full-day globe sample for the FIRST OF EVERY MONTH back to 2016, no account and no API key. Pulled by this repo on 24 Aug 2026. THE ONLY FREE SOURCE THAT REACHES 2022: it produced 34 aircraft-days before 2023 across 12 tails, including ground-verified 2022 positions for SU-BTT at Wilmington DE (KILG, 1 Jun 2022) and Wichita KS (KICT, 1 Sep 2022), SU-BTU at Spirit of St Louis MO (KSUS, 1 Dec 2022), SU-BND overflying Indiana at 41,000 ft (1 Sep 2022), and T7-ELL on US domestic and transatlantic legs (1 Feb, 1 Aug and 1 Sep 2022).",the 2022 wall; the Missouri/Delaware/Utah/Nebraska/Kansas clustering claim; the start of the window,primary_record,adsb_public_history,,,,,flights.csv;airports.csv;apis/public_open_source/knowledge.mdx,Each trace self-identifies its own registration and type in the payload. Where the sampled date also falls inside another archive's window the two agree.,,"SAMPLING CAVEAT, TO BE PUBLISHED EVERY TIME THIS SOURCE IS CITED: this is ONE DAY PER MONTH, the 1st, and nothing else. It establishes that an aircraft WAS somewhere on that date. It says NOTHING about how often, and three sampled days cannot support a rate. Two of three sampled 2022 days put SU-BTT in the United States - that is a fact about three days, not a frequency. It also corrects this site's own published statement that 'the archive does not reach 2022; every 2022 claim rests on a screenshot'. That statement is no longer true."
ADSB-005,reference_dataset,OurAirports (davidmegginson.github.io/ourairports-data),,"OurAirports public-domain airport gazetteer (airports.csv, runways.csv), CC0",2026-08-24,,https://davidmegginson.github.io/ourairports-data/airports.csv,primary_data,evidence_only,,"CC0 public-domain gazetteer of every airport and runway on earth with coordinates. Used by this repo to resolve raw ADS-B trace positions to a NAMED FIELD, and to compute the closest-approach distance in kilometres recorded in the adsb_closest_approach_km column of overlaps.csv.",nearest-airport resolution for every trace in this directory,primary_record,facility_record,,,,,overlaps.csv;flights.csv;airports.csv,,,"NEAREST-AIRPORT RESOLUTION IS GEOMETRY, NOT A LANDING RECORD. This dataset answers 'which named field was closest to this position', and nothing more. It does not establish that an aircraft landed, parked, or was handled anywhere. THE DISTANCE MUST ALWAYS BE PUBLISHED ALONGSIDE THE AIRPORT NAME so a reader can judge it. A fix 0.5 km from a runway with on_ground set is a strong reading; a fix 25 km away at altitude is an overflight and must be described as one. Nearest-airport labels are also the exact mechanism behind the known Provo-vs-Dugway SU-BTT departure misreading."
REPO-004,repo_file,this repository,,"site/docs/Planes/following/apis/public_open_source/data/provenance/tail_provenance.json - Per-aircraft provenance ledger - primary trace days held per tail, by source",2026-08-24,,,primary_data,evidence_only,,"Machine-generated ledger recording, for each tracked airframe, how many days of primary ADS-B trace this repo holds, the date span, the breakdown by archive, how many days both free archives corroborate, how many are held only by the backup network, how many only by the monthly sample, how many predate 2023, which fields the aircraft most often touched, and which archived tracking-site pages are held. SU-BTT: 42 days, 2022-05-01 to 2026-05-24. SU-BND: 33. T7-ELL: 37. SU-BTU: 12. SU-BTV: 9. SU-BGM: 6.",per-aircraft evidence inventory; what we hold and what we do not,repo_record,repo_record,,,,,site/docs/Planes/<TAIL>/overview.mdx;apis/public_open_source/knowledge.mdx,ADSB-003 (airplanes.live globe history);ADSB-004 (ADS-B Exchange monthly sample);ADSB-005 (OurAirports gazetteer),,"It is an inventory of what this repo holds. IT IS NOT A FLIGHT LOG AND IT IS NOT A RECORD OF WHERE AN AIRCRAFT WAS. A tail with few days held has few days held; that is a statement about archive coverage and receiver geography, not about how much the aircraft flew."
REPO-005,repo_file,this repository,,site/docs/Planes/following/apis/public_open_source/data/overlap_verification/overlap_verification.json - The 85-row overlap verification - every claimed overlap tested against primary position data,2026-08-24,,,primary_data,evidence_only,,"Every one of the 85 rows of overlaps.csv checked against BOTH free ADS-B archives on the claimed date and the day either side, resolving positions to the nearest named field and measuring closest approach in kilometres. Result: 24 AT_CLAIMED_AIRPORT, 12 ELSEWHERE (refuted), 22 NOT_HEARD, 20 NO_ARCHIVE_COVERAGE, 2 NO_TAIL_CLAIMED, 5 NO_DATE_CLAIMED. OF THE 36 ROWS THAT COULD BE DECIDED, 24 ARE CORROBORATED AND 12 REFUTED. It is the first test of this sheet against position data rather than against another reading of a website. It also settles the three-way disputed 10 Sep 2025 SU-BTT departure from primary data: first fix on the ground at Provo 13:07:53 UTC, wheels up 13:14:03 UTC, last tracked on approach to Wilmington DE 16:50:37 UTC, with both archives agreeing to within 10 milliseconds.",the 73/72/70+/68/29/23 count dispute; the Kanekoa audit; the disputed Sept 10 departure time,repo_record,repo_record,,,,,overlaps.csv;overlap/*/overview.mdx;73_overlaps.mdx,ADSB-003 (airplanes.live globe history);ADSB-004 (ADS-B Exchange monthly sample);ADSB-005 (OurAirports gazetteer),,"THE LIMIT MUST BE STATED AS PROMINENTLY AS THE NUMBER. AT_CLAIMED_AIRPORT CONFIRMS THE AIRCRAFT HALF OF THE PAIRING AND NOTHING ELSE. It does not put Charlie or Erika Kirk anywhere. An overlap needs both halves and the Kirk half is unchanged - still weak for Charlie, close to empty for Erika, whose logs are reported erased. NEVER LET A CONFIRMED AIRCRAFT BE REPORTED AS A CONFIRMED OVERLAP. Equally: NOT_HEARD and NO_ARCHIVE_COVERAGE REFUTE NOTHING. Only ELSEWHERE refutes. 42 of the 85 rows are undecidable with free data and stay undecided."
REPO-006,repo_file,this repository,,site/docs/Planes/following/apis/public_open_source/data/recovery/wayback_flight_rows.json - 153 flight legs re-extracted from archived tracking-site pages that were previously recorded as zero,2026-08-24,,,primary_data,evidence_only,,"Re-extraction of every archived Flightradar24 and FlightAware aircraft page held in this repo. The earlier harness wrote flight_rows_recovered: 0 into 20 FR24 sidecars and null into 19 FlightAware ones; BOTH NUMBERS WERE WRONG - the FR24 parser matched a row shape those pages do not use and the FlightAware captures were never parsed at all. Re-extraction recovered 44 rows from 20 FR24 captures and 109 rows from 22 FlightAware captures, 153 in total. Recovered content includes SU-BND Sharm el-Sheikh to Sphinx to Cairo on 5 Oct 2025, SU-BGM Cairo to Paris Le Bourget and Goose Bay to St Louis in May 2020, and a N560TW Scottsdale-Provo-Salt Lake-El Paso-Tucson routing captured in Nov 2016.",flight-data recovery; correcting this repo's own provenance records,repo_record,repo_record,,,,,Flight-Data-Recovery/overview.mdx;site/docs/Planes/<TAIL>/overview.mdx,ADSB-003 (airplanes.live globe history);ADSB-004 (ADS-B Exchange monthly sample);ADSB-005 (OurAirports gazetteer),,THIS IS A CORRECTION TO THIS SITE'S OWN DATA AND MUST BE PUBLISHED AS ONE. A zero in a provenance record reads as an absence of evidence; here it was an absence of parsing. Anything on this site that rested on those zeros has to be re-read. Six modern FlightAware captures are genuinely empty - they are a JavaScript shell with no server-rendered rows - and are now labelled JAVASCRIPT_SHELL_NO_SERVER_RENDERED_ROWS rather than '0 rows'.
REPO-007,repo_file,this repository,,"site/docs/Planes/following/apis/public_open_source/data/wayback/cdx_report.json.pulled-2026-08-24T17-35-55-163Z - Corrected Internet Archive CDX report - 30 of 30 queries succeeded, 0 failed",2026-08-24,,,primary_data,evidence_only,,"Re-run of the Internet Archive CDX index queries WITHOUT collapse=digest and with retries. The first run used collapse=digest, so every count was a distinct-content floor rather than a total, and three queries had failed with HTTP 504 and were logged as 'snapshots: 0' - INCLUDING globe.adsbexchange.com/?icao=0101d3, WHICH IS SU-BTT. On re-run SU-BTT's ADS-B Exchange page has 3 snapshots (1 Sep to 17 Dec 2022): the earlier 'never archived' was a failed query, not an absence. 19 snapshots across 9 URLs; 21 URLs were genuinely never archived (query succeeded, empty result). EVERY CDX ROW ON EVERY URL IS statuscode=200 - there is no 200-to-404 transition anywhere in this dataset.",claims that tracking pages were removed or went 404,repo_record,repo_record,,,,,Flight-Data-Recovery/overview.mdx;apis/public_open_source/knowledge.mdx,ADSB-003 (airplanes.live globe history);ADSB-004 (ADS-B Exchange monthly sample);ADSB-005 (OurAirports gazetteer),,"TWO THINGS THIS RECORD FORBIDS. (1) ABSENCE OF ARCHIVAL INTEREST IS NOT SUPPRESSION - nobody ever asked the Archive to crawl the 21 URLs with no snapshots. (2) Any page on this site claiming a 200-to-404 transition in this dataset is wrong. Separately, the ADS-B Exchange globe snapshots are EMPTY JAVASCRIPT SHELLS: one digest is byte-identical across SU-BGM, SU-BTV and SU-BTU and another across SU-BND and T7-ELL. Identical bytes for different hex codes means the Archive captured the app frame, not the aircraft data, and those snapshots MUST NOT be cited as if they held per-aircraft evidence."
REPO-008,repo_file,this repository,,site/docs/Planes/following/apis/public_open_source/data/recovery/page_control_probe.json - the tracking-site 403 control test,2026-08-24,,,auditor,corrects_detail,,"CONTROL TEST OF THE 'THE PAGE WAS REMOVED' READING. A tracking-site 403 is only evidence about a particular aircraft if the same site serves aircraft that have nothing to do with this case. Probed 24 Aug 2026: FLIGHTRADAR24 RETURNED HTTP 403 TO EVERY SCRIPTED REQUEST - all five case subjects (N102DZ, N1098L, SU-BTT, SU-BND, N888KG) AND all five unrelated controls (an American Airlines A320, a Ryanair 737, a Lufthansa A380, an Endeavor Air CRJ-900 and a Nike corporate Gulfstream), every response the same ~5.7 KB body. The same run reports FR24's own home page and data index also returning 403. Planespotters and RadarBox behave the same way; FlightAware and ADS-B Exchange returned 200 for the same registrations.",the FlightRadar24 'removal' claim on Planes/Flight-Data-Recovery/overview.mdx,primary_record,repo_record,,,,,Flight-Data-Recovery/overview.mdx;apis/public_open_source/knowledge.mdx,,,"THIS CORRECTS THIS SITE. Planes/Flight-Data-Recovery/overview.mdx states that N102DZ's FlightRadar24 page is 'A REAL REMOVAL, DOCUMENTED', reasoning that the Internet Archive holds a populated copy and the same URL returns 403 today. THE 403 IS SITE-WIDE BOT PROTECTION. It is not about any aircraft and it CANNOT DISTINGUISH A REMOVED RECORD FROM A PRESENT ONE. That row becomes UNTESTED - THE METHOD CANNOT SEE IT, neither confirmed nor refuted; testing it needs a real browser session (Pass 4, browser_capture/). We previously reported this more strongly than the evidence supported and a control test is what corrected it. RELATED DISSOLVED CLAIM: the N888KG FR24 captures that go from populated on 11-13 Sep 2025 to empty from 18 Sep onward carry FR24's own text offering 90-day, 1-year and 3-year history with a paid upgrade - IT IS THE FREE TIER'S SEVEN-DAY HISTORY WINDOW, not a record being pulled."
