tail,date,source,dbFlags,flags,ownOp,registration,file
N102DZ,2022-05-01,adsbexchange-samples,0,none,WILMINGTON TRUST CO TRUSTEE,N102DZ,N102DZ_2022-05-01_adsbexchange-samples_trace_full.json
N102DZ,2022-06-01,adsbexchange-samples,0,none,WILMINGTON TRUST CO TRUSTEE,N102DZ,N102DZ_2022-06-01_adsbexchange-samples_trace_full.json
N102DZ,2022-11-01,adsbexchange-samples,0,none,WILMINGTON TRUST CO TRUSTEE,N102DZ,N102DZ_2022-11-01_adsbexchange-samples_trace_full.json
N102DZ,2023-02-06,airplanes-live,0,none,WILMINGTON TRUST CO TRUSTEE,N102DZ,N102DZ_2023-02-06_airplanes-live_trace_full.json.gz
N102DZ,2023-02-08,airplanes-live,0,none,WILMINGTON TRUST CO TRUSTEE,N102DZ,N102DZ_2023-02-08_airplanes-live_trace_full.json.gz
N102DZ,2023-02-13,airplanes-live,0,none,WILMINGTON TRUST CO TRUSTEE,N102DZ,N102DZ_2023-02-13_airplanes-live_trace_full.json.gz
N102DZ,2023-02-14,airplanes-live,0,none,WILMINGTON TRUST CO TRUSTEE,N102DZ,N102DZ_2023-02-14_airplanes-live_trace_full.json.gz
N102DZ,2023-02-22,adsb-lol,0,none,WILMINGTON TRUST CO TRUSTEE,N102DZ,N102DZ_2023-02-22_adsb-lol_trace_full.json.gz
N102DZ,2023-02-22,airplanes-live,0,none,WILMINGTON TRUST CO TRUSTEE,N102DZ,N102DZ_2023-02-22_airplanes-live_trace_full.json.gz
N102DZ,2023-02-24,adsb-lol,0,none,WILMINGTON TRUST CO TRUSTEE,N102DZ,N102DZ_2023-02-24_adsb-lol_trace_full.json.gz
N102DZ,2023-02-24,airplanes-live,0,none,WILMINGTON TRUST CO TRUSTEE,N102DZ,N102DZ_2023-02-24_airplanes-live_trace_full.json.gz
N102DZ,2023-03-01,adsb-lol,0,none,WILMINGTON TRUST CO TRUSTEE,N102DZ,N102DZ_2023-03-01_adsb-lol_trace_full.json.gz
N102DZ,2023-03-01,adsbexchange-samples,0,none,WILMINGTON TRUST CO TRUSTEE,N102DZ,N102DZ_2023-03-01_adsbexchange-samples_trace_full.json
N102DZ,2023-03-01,airplanes-live,0,none,WILMINGTON TRUST CO TRUSTEE,N102DZ,N102DZ_2023-03-01_airplanes-live_trace_full.json.gz
N102DZ,2023-03-02,adsb-lol,0,none,WILMINGTON TRUST CO TRUSTEE,N102DZ,N102DZ_2023-03-02_adsb-lol_trace_full.json.gz
N102DZ,2023-03-02,airplanes-live,0,none,WILMINGTON TRUST CO TRUSTEE,N102DZ,N102DZ_2023-03-02_airplanes-live_trace_full.json.gz
N102DZ,2023-03-03,adsb-lol,0,none,WILMINGTON TRUST CO TRUSTEE,N102DZ,N102DZ_2023-03-03_adsb-lol_trace_full.json.gz
N102DZ,2023-03-03,airplanes-live,0,none,WILMINGTON TRUST CO TRUSTEE,N102DZ,N102DZ_2023-03-03_airplanes-live_trace_full.json.gz
N102DZ,2023-03-05,adsb-lol,0,none,WILMINGTON TRUST CO TRUSTEE,N102DZ,N102DZ_2023-03-05_adsb-lol_trace_full.json.gz
N102DZ,2023-03-05,airplanes-live,0,none,WILMINGTON TRUST CO TRUSTEE,N102DZ,N102DZ_2023-03-05_airplanes-live_trace_full.json.gz
N102DZ,2023-03-08,adsb-lol,0,none,WILMINGTON TRUST CO TRUSTEE,N102DZ,N102DZ_2023-03-08_adsb-lol_trace_full.json.gz
N102DZ,2023-03-08,airplanes-live,0,none,WILMINGTON TRUST CO TRUSTEE,N102DZ,N102DZ_2023-03-08_airplanes-live_trace_full.json.gz
N102DZ,2023-03-09,adsb-lol,0,none,WILMINGTON TRUST CO TRUSTEE,N102DZ,N102DZ_2023-03-09_adsb-lol_trace_full.json.gz
N102DZ,2023-03-09,airplanes-live,0,none,WILMINGTON TRUST CO TRUSTEE,N102DZ,N102DZ_2023-03-09_airplanes-live_trace_full.json.gz
N102DZ,2023-03-23,adsb-lol,0,none,WILMINGTON TRUST CO TRUSTEE,N102DZ,N102DZ_2023-03-23_adsb-lol_trace_full.json.gz
N102DZ,2023-03-23,airplanes-live,0,none,,N102DZ,N102DZ_2023-03-23_airplanes-live_trace_full.json.gz
N102DZ,2023-03-24,adsb-lol,0,none,WILMINGTON TRUST CO TRUSTEE,N102DZ,N102DZ_2023-03-24_adsb-lol_trace_full.json.gz
N102DZ,2023-03-24,airplanes-live,0,none,,N102DZ,N102DZ_2023-03-24_airplanes-live_trace_full.json.gz
N102DZ,2023-03-25,airplanes-live,0,none,,N102DZ,N102DZ_2023-03-25_airplanes-live_trace_full.json.gz
N102DZ,2023-03-30,airplanes-live,0,none,,N102DZ,N102DZ_2023-03-30_airplanes-live_trace_full.json.gz
N102DZ,2023-03-31,airplanes-live,0,none,,N102DZ,N102DZ_2023-03-31_airplanes-live_trace_full.json.gz
N102DZ,2023-04-01,adsb-lol,0,none,WILMINGTON TRUST CO TRUSTEE,N102DZ,N102DZ_2023-04-01_adsb-lol_trace_full.json.gz
N102DZ,2023-04-01,adsbexchange-samples,0,none,WILMINGTON TRUST CO TRUSTEE,N102DZ,N102DZ_2023-04-01_adsbexchange-samples_trace_full.json
N102DZ,2023-04-01,airplanes-live,0,none,,N102DZ,N102DZ_2023-04-01_airplanes-live_trace_full.json.gz
N102DZ,2023-04-03,adsb-lol,0,none,WILMINGTON TRUST CO TRUSTEE,N102DZ,N102DZ_2023-04-03_adsb-lol_trace_full.json.gz
N102DZ,2023-04-03,airplanes-live,0,none,,N102DZ,N102DZ_2023-04-03_airplanes-live_trace_full.json.gz
N102DZ,2023-04-04,adsb-lol,0,none,WILMINGTON TRUST CO TRUSTEE,N102DZ,N102DZ_2023-04-04_adsb-lol_trace_full.json.gz
N102DZ,2023-04-04,airplanes-live,0,none,,N102DZ,N102DZ_2023-04-04_airplanes-live_trace_full.json.gz
N102DZ,2023-04-12,airplanes-live,0,none,,N102DZ,N102DZ_2023-04-12_airplanes-live_trace_full.json.gz
N102DZ,2023-04-13,adsb-lol,0,none,WILMINGTON TRUST CO TRUSTEE,N102DZ,N102DZ_2023-04-13_adsb-lol_trace_full.json.gz
N102DZ,2023-04-13,airplanes-live,0,none,,N102DZ,N102DZ_2023-04-13_airplanes-live_trace_full.json.gz
N102DZ,2023-04-17,adsb-lol,0,none,WILMINGTON TRUST CO TRUSTEE,N102DZ,N102DZ_2023-04-17_adsb-lol_trace_full.json.gz
N102DZ,2023-04-17,airplanes-live,0,none,,N102DZ,N102DZ_2023-04-17_airplanes-live_trace_full.json.gz
N102DZ,2023-06-08,adsb-lol,0,none,WILMINGTON TRUST CO TRUSTEE,N102DZ,N102DZ_2023-06-08_adsb-lol_trace_full.json.gz
N102DZ,2023-06-08,airplanes-live,0,none,,N102DZ,N102DZ_2023-06-08_airplanes-live_trace_full.json.gz
N102DZ,2023-06-30,adsb-lol,0,none,WILMINGTON TRUST CO TRUSTEE,N102DZ,N102DZ_2023-06-30_adsb-lol_trace_full.json.gz
N102DZ,2023-06-30,airplanes-live,0,none,,N102DZ,N102DZ_2023-06-30_airplanes-live_trace_full.json.gz
N102DZ,2023-07-21,airplanes-live,0,none,,N102DZ,N102DZ_2023-07-21_airplanes-live_trace_full.json.gz
N102DZ,2023-12-05,airplanes-live,0,none,WILMINGTON TRUST CO TRUSTEE,N102DZ,N102DZ_2023-12-05_airplanes-live_trace_full.json.gz
N102DZ,2023-12-07,airplanes-live,0,none,WILMINGTON TRUST CO TRUSTEE,N102DZ,N102DZ_2023-12-07_airplanes-live_trace_full.json.gz
N102DZ,2024-01-01,adsbexchange-samples,0,none,GV 555 LLC,N102DZ,N102DZ_2024-01-01_adsbexchange-samples_trace_full.json
N102DZ,2024-01-01,airplanes-live,0,none,REGISTRATION PENDING,N102DZ,N102DZ_2024-01-01_airplanes-live_trace_full.json.gz
N102DZ,2024-01-02,airplanes-live,0,none,REGISTRATION PENDING,N102DZ,N102DZ_2024-01-02_airplanes-live_trace_full.json.gz
N102DZ,2024-01-03,airplanes-live,0,none,REGISTRATION PENDING,N102DZ,N102DZ_2024-01-03_airplanes-live_trace_full.json.gz
N102DZ,2024-01-05,airplanes-live,0,none,REGISTRATION PENDING,N102DZ,N102DZ_2024-01-05_airplanes-live_trace_full.json.gz
N102DZ,2024-01-06,airplanes-live,0,none,REGISTRATION PENDING,N102DZ,N102DZ_2024-01-06_airplanes-live_trace_full.json.gz
N102DZ,2024-01-07,airplanes-live,0,none,REGISTRATION PENDING,N102DZ,N102DZ_2024-01-07_airplanes-live_trace_full.json.gz
N102DZ,2024-01-11,airplanes-live,0,none,REGISTRATION PENDING,N102DZ,N102DZ_2024-01-11_airplanes-live_trace_full.json.gz
N102DZ,2024-01-12,airplanes-live,0,none,REGISTRATION PENDING,N102DZ,N102DZ_2024-01-12_airplanes-live_trace_full.json.gz
N102DZ,2024-01-13,airplanes-live,0,none,REGISTRATION PENDING,N102DZ,N102DZ_2024-01-13_airplanes-live_trace_full.json.gz
N102DZ,2024-01-28,adsb-lol,0,none,WILMINGTON TRUST CO TRUSTEE,N102DZ,N102DZ_2024-01-28_adsb-lol_trace_full.json.gz
N102DZ,2024-01-28,airplanes-live,0,none,REGISTRATION PENDING,N102DZ,N102DZ_2024-01-28_airplanes-live_trace_full.json.gz
N102DZ,2024-01-29,adsb-lol,0,none,WILMINGTON TRUST CO TRUSTEE,N102DZ,N102DZ_2024-01-29_adsb-lol_trace_full.json.gz
N102DZ,2024-01-29,airplanes-live,0,none,REGISTRATION PENDING,N102DZ,N102DZ_2024-01-29_airplanes-live_trace_full.json.gz
N102DZ,2024-01-30,adsb-lol,0,none,WILMINGTON TRUST CO TRUSTEE,N102DZ,N102DZ_2024-01-30_adsb-lol_trace_full.json.gz
N102DZ,2024-01-30,airplanes-live,0,none,REGISTRATION PENDING,N102DZ,N102DZ_2024-01-30_airplanes-live_trace_full.json.gz
N102DZ,2024-02-02,adsb-lol,0,none,WILMINGTON TRUST CO TRUSTEE,N102DZ,N102DZ_2024-02-02_adsb-lol_trace_full.json.gz
N102DZ,2024-02-02,airplanes-live,0,none,REGISTRATION PENDING,N102DZ,N102DZ_2024-02-02_airplanes-live_trace_full.json.gz
N102DZ,2024-02-03,adsb-lol,0,none,WILMINGTON TRUST CO TRUSTEE,N102DZ,N102DZ_2024-02-03_adsb-lol_trace_full.json.gz
N102DZ,2024-02-03,airplanes-live,0,none,REGISTRATION PENDING,N102DZ,N102DZ_2024-02-03_airplanes-live_trace_full.json.gz
N102DZ,2024-02-04,airplanes-live,0,none,REGISTRATION PENDING,N102DZ,N102DZ_2024-02-04_airplanes-live_trace_full.json.gz
N102DZ,2024-02-10,adsb-lol,0,none,WILMINGTON TRUST CO TRUSTEE,N102DZ,N102DZ_2024-02-10_adsb-lol_trace_full.json.gz
N102DZ,2024-02-10,airplanes-live,0,none,GV 555 LLC,N102DZ,N102DZ_2024-02-10_airplanes-live_trace_full.json.gz
N102DZ,2024-02-11,airplanes-live,0,none,GV 555 LLC,N102DZ,N102DZ_2024-02-11_airplanes-live_trace_full.json.gz
N102DZ,2024-02-13,adsb-lol,0,none,GV 555 LLC,N102DZ,N102DZ_2024-02-13_adsb-lol_trace_full.json.gz
N102DZ,2024-02-13,airplanes-live,0,none,GV 555 LLC,N102DZ,N102DZ_2024-02-13_airplanes-live_trace_full.json.gz
N102DZ,2024-02-14,adsb-lol,0,none,GV 555 LLC,N102DZ,N102DZ_2024-02-14_adsb-lol_trace_full.json.gz
N102DZ,2024-02-14,airplanes-live,0,none,GV 555 LLC,N102DZ,N102DZ_2024-02-14_airplanes-live_trace_full.json.gz
N102DZ,2024-02-15,adsb-lol,0,none,GV 555 LLC,N102DZ,N102DZ_2024-02-15_adsb-lol_trace_full.json.gz
N102DZ,2024-02-15,airplanes-live,0,none,GV 555 LLC,N102DZ,N102DZ_2024-02-15_airplanes-live_trace_full.json.gz
N102DZ,2024-02-16,adsb-lol,0,none,GV 555 LLC,N102DZ,N102DZ_2024-02-16_adsb-lol_trace_full.json.gz
N102DZ,2024-02-16,airplanes-live,0,none,GV 555 LLC,N102DZ,N102DZ_2024-02-16_airplanes-live_trace_full.json.gz
N102DZ,2024-02-17,adsb-lol,0,none,GV 555 LLC,N102DZ,N102DZ_2024-02-17_adsb-lol_trace_full.json.gz
N102DZ,2024-02-17,airplanes-live,0,none,GV 555 LLC,N102DZ,N102DZ_2024-02-17_airplanes-live_trace_full.json.gz
N102DZ,2024-02-18,airplanes-live,0,none,GV 555 LLC,N102DZ,N102DZ_2024-02-18_airplanes-live_trace_full.json.gz
N102DZ,2024-02-19,airplanes-live,0,none,GV 555 LLC,N102DZ,N102DZ_2024-02-19_airplanes-live_trace_full.json.gz
N102DZ,2024-02-20,airplanes-live,0,none,GV 555 LLC,N102DZ,N102DZ_2024-02-20_airplanes-live_trace_full.json.gz
N102DZ,2024-02-22,airplanes-live,0,none,GV 555 LLC,N102DZ,N102DZ_2024-02-22_airplanes-live_trace_full.json.gz
N102DZ,2024-02-23,airplanes-live,0,none,GV 555 LLC,N102DZ,N102DZ_2024-02-23_airplanes-live_trace_full.json.gz
N102DZ,2024-02-27,airplanes-live,0,none,GV 555 LLC,N102DZ,N102DZ_2024-02-27_airplanes-live_trace_full.json.gz
N102DZ,2024-02-28,airplanes-live,0,none,GV 555 LLC,N102DZ,N102DZ_2024-02-28_airplanes-live_trace_full.json.gz
N102DZ,2024-02-29,airplanes-live,0,none,GV 555 LLC,N102DZ,N102DZ_2024-02-29_airplanes-live_trace_full.json.gz
N102DZ,2024-03-04,airplanes-live,0,none,GV 555 LLC,N102DZ,N102DZ_2024-03-04_airplanes-live_trace_full.json.gz
N102DZ,2024-03-05,adsb-lol,0,none,GV 555 LLC,N102DZ,N102DZ_2024-03-05_adsb-lol_trace_full.json.gz
N102DZ,2024-03-05,airplanes-live,0,none,GV 555 LLC,N102DZ,N102DZ_2024-03-05_airplanes-live_trace_full.json.gz
N102DZ,2024-03-06,adsb-lol,0,none,GV 555 LLC,N102DZ,N102DZ_2024-03-06_adsb-lol_trace_full.json.gz
N102DZ,2024-03-06,airplanes-live,0,none,GV 555 LLC,N102DZ,N102DZ_2024-03-06_airplanes-live_trace_full.json.gz
N102DZ,2024-03-07,adsb-lol,0,none,GV 555 LLC,N102DZ,N102DZ_2024-03-07_adsb-lol_trace_full.json.gz
N102DZ,2024-03-07,airplanes-live,0,none,GV 555 LLC,N102DZ,N102DZ_2024-03-07_airplanes-live_trace_full.json.gz
N102DZ,2024-03-08,adsb-lol,0,none,GV 555 LLC,N102DZ,N102DZ_2024-03-08_adsb-lol_trace_full.json.gz
N102DZ,2024-03-08,airplanes-live,0,none,GV 555 LLC,N102DZ,N102DZ_2024-03-08_airplanes-live_trace_full.json.gz
N102DZ,2024-03-09,adsb-lol,0,none,GV 555 LLC,N102DZ,N102DZ_2024-03-09_adsb-lol_trace_full.json.gz
N102DZ,2024-03-09,airplanes-live,0,none,GV 555 LLC,N102DZ,N102DZ_2024-03-09_airplanes-live_trace_full.json.gz
N102DZ,2024-03-10,adsb-lol,0,none,GV 555 LLC,N102DZ,N102DZ_2024-03-10_adsb-lol_trace_full.json.gz
N102DZ,2024-03-10,airplanes-live,0,none,GV 555 LLC,N102DZ,N102DZ_2024-03-10_airplanes-live_trace_full.json.gz
N102DZ,2024-03-11,airplanes-live,0,none,GV 555 LLC,N102DZ,N102DZ_2024-03-11_airplanes-live_trace_full.json.gz
N102DZ,2024-03-17,adsb-lol,0,none,GV 555 LLC,N102DZ,N102DZ_2024-03-17_adsb-lol_trace_full.json.gz
N102DZ,2024-03-17,airplanes-live,0,none,GV 555 LLC,N102DZ,N102DZ_2024-03-17_airplanes-live_trace_full.json.gz
N102DZ,2024-03-18,adsb-lol,0,none,GV 555 LLC,N102DZ,N102DZ_2024-03-18_adsb-lol_trace_full.json.gz
N102DZ,2024-03-18,airplanes-live,0,none,GV 555 LLC,N102DZ,N102DZ_2024-03-18_airplanes-live_trace_full.json.gz
N102DZ,2024-03-19,adsb-lol,0,none,GV 555 LLC,N102DZ,N102DZ_2024-03-19_adsb-lol_trace_full.json.gz
N102DZ,2024-03-19,airplanes-live,0,none,GV 555 LLC,N102DZ,N102DZ_2024-03-19_airplanes-live_trace_full.json.gz
N102DZ,2024-03-21,adsb-lol,0,none,GV 555 LLC,N102DZ,N102DZ_2024-03-21_adsb-lol_trace_full.json.gz
N102DZ,2024-03-21,airplanes-live,0,none,GV 555 LLC,N102DZ,N102DZ_2024-03-21_airplanes-live_trace_full.json.gz
N102DZ,2024-03-22,adsb-lol,0,none,GV 555 LLC,N102DZ,N102DZ_2024-03-22_adsb-lol_trace_full.json.gz
N102DZ,2024-03-22,airplanes-live,0,none,GV 555 LLC,N102DZ,N102DZ_2024-03-22_airplanes-live_trace_full.json.gz
N102DZ,2024-03-23,adsb-lol,0,none,GV 555 LLC,N102DZ,N102DZ_2024-03-23_adsb-lol_trace_full.json.gz
N102DZ,2024-03-23,airplanes-live,0,none,GV 555 LLC,N102DZ,N102DZ_2024-03-23_airplanes-live_trace_full.json.gz
N102DZ,2024-03-27,adsb-lol,0,none,GV 555 LLC,N102DZ,N102DZ_2024-03-27_adsb-lol_trace_full.json.gz
N102DZ,2024-03-27,airplanes-live,0,none,GV 555 LLC,N102DZ,N102DZ_2024-03-27_airplanes-live_trace_full.json.gz
N102DZ,2024-03-28,adsb-lol,0,none,GV 555 LLC,N102DZ,N102DZ_2024-03-28_adsb-lol_trace_full.json.gz
N102DZ,2024-03-28,airplanes-live,0,none,GV 555 LLC,N102DZ,N102DZ_2024-03-28_airplanes-live_trace_full.json.gz
N102DZ,2024-03-29,adsb-lol,0,none,GV 555 LLC,N102DZ,N102DZ_2024-03-29_adsb-lol_trace_full.json.gz
N102DZ,2024-03-29,airplanes-live,0,none,GV 555 LLC,N102DZ,N102DZ_2024-03-29_airplanes-live_trace_full.json.gz
N102DZ,2024-04-03,adsb-lol,0,none,GV 555 LLC,N102DZ,N102DZ_2024-04-03_adsb-lol_trace_full.json.gz
N102DZ,2024-04-03,airplanes-live,0,none,GV 555 LLC,N102DZ,N102DZ_2024-04-03_airplanes-live_trace_full.json.gz
N102DZ,2024-04-04,adsb-lol,0,none,GV 555 LLC,N102DZ,N102DZ_2024-04-04_adsb-lol_trace_full.json.gz
N102DZ,2024-04-04,airplanes-live,0,none,GV 555 LLC,N102DZ,N102DZ_2024-04-04_airplanes-live_trace_full.json.gz
N102DZ,2024-04-07,adsb-lol,0,none,GV 555 LLC,N102DZ,N102DZ_2024-04-07_adsb-lol_trace_full.json.gz
N102DZ,2024-04-07,airplanes-live,0,none,GV 555 LLC,N102DZ,N102DZ_2024-04-07_airplanes-live_trace_full.json.gz
N102DZ,2024-04-08,adsb-lol,0,none,GV 555 LLC,N102DZ,N102DZ_2024-04-08_adsb-lol_trace_full.json.gz
N102DZ,2024-04-08,airplanes-live,0,none,GV 555 LLC,N102DZ,N102DZ_2024-04-08_airplanes-live_trace_full.json.gz
N102DZ,2024-04-09,adsb-lol,0,none,GV 555 LLC,N102DZ,N102DZ_2024-04-09_adsb-lol_trace_full.json.gz
N102DZ,2024-04-09,airplanes-live,0,none,GV 555 LLC,N102DZ,N102DZ_2024-04-09_airplanes-live_trace_full.json.gz
N102DZ,2024-04-10,adsb-lol,0,none,GV 555 LLC,N102DZ,N102DZ_2024-04-10_adsb-lol_trace_full.json.gz
N102DZ,2024-04-10,airplanes-live,0,none,GV 555 LLC,N102DZ,N102DZ_2024-04-10_airplanes-live_trace_full.json.gz
N102DZ,2024-04-12,airplanes-live,0,none,GV 555 LLC,N102DZ,N102DZ_2024-04-12_airplanes-live_trace_full.json.gz
N102DZ,2024-04-13,airplanes-live,0,none,GV 555 LLC,N102DZ,N102DZ_2024-04-13_airplanes-live_trace_full.json.gz
N102DZ,2024-04-14,airplanes-live,0,none,GV 555 LLC,N102DZ,N102DZ_2024-04-14_airplanes-live_trace_full.json.gz
N102DZ,2024-04-17,airplanes-live,0,none,GV 555 LLC,N102DZ,N102DZ_2024-04-17_airplanes-live_trace_full.json.gz
N102DZ,2024-04-19,adsb-lol,0,none,GV 555 LLC,N102DZ,N102DZ_2024-04-19_adsb-lol_trace_full.json.gz
N102DZ,2024-04-19,airplanes-live,0,none,GV 555 LLC,N102DZ,N102DZ_2024-04-19_airplanes-live_trace_full.json.gz
N102DZ,2024-04-20,adsb-lol,0,none,GV 555 LLC,N102DZ,N102DZ_2024-04-20_adsb-lol_trace_full.json.gz
N102DZ,2024-04-20,airplanes-live,0,none,GV 555 LLC,N102DZ,N102DZ_2024-04-20_airplanes-live_trace_full.json.gz
N102DZ,2024-04-23,adsb-lol,0,none,GV 555 LLC,N102DZ,N102DZ_2024-04-23_adsb-lol_trace_full.json.gz
N102DZ,2024-04-23,airplanes-live,0,none,GV 555 LLC,N102DZ,N102DZ_2024-04-23_airplanes-live_trace_full.json.gz
N102DZ,2024-04-24,adsb-lol,0,none,GV 555 LLC,N102DZ,N102DZ_2024-04-24_adsb-lol_trace_full.json.gz
N102DZ,2024-04-24,airplanes-live,0,none,GV 555 LLC,N102DZ,N102DZ_2024-04-24_airplanes-live_trace_full.json.gz
N102DZ,2024-04-25,adsb-lol,0,none,GV 555 LLC,N102DZ,N102DZ_2024-04-25_adsb-lol_trace_full.json.gz
N102DZ,2024-04-25,airplanes-live,0,none,GV 555 LLC,N102DZ,N102DZ_2024-04-25_airplanes-live_trace_full.json.gz
N102DZ,2024-04-26,adsb-lol,0,none,GV 555 LLC,N102DZ,N102DZ_2024-04-26_adsb-lol_trace_full.json.gz
N102DZ,2024-04-26,airplanes-live,0,none,GV 555 LLC,N102DZ,N102DZ_2024-04-26_airplanes-live_trace_full.json.gz
N102DZ,2024-04-27,adsb-lol,0,none,GV 555 LLC,N102DZ,N102DZ_2024-04-27_adsb-lol_trace_full.json.gz
N102DZ,2024-04-27,airplanes-live,0,none,GV 555 LLC,N102DZ,N102DZ_2024-04-27_airplanes-live_trace_full.json.gz
N102DZ,2024-04-28,adsb-lol,0,none,GV 555 LLC,N102DZ,N102DZ_2024-04-28_adsb-lol_trace_full.json.gz
N102DZ,2024-04-28,airplanes-live,0,none,GV 555 LLC,N102DZ,N102DZ_2024-04-28_airplanes-live_trace_full.json.gz
N102DZ,2024-04-29,adsb-lol,0,none,GV 555 LLC,N102DZ,N102DZ_2024-04-29_adsb-lol_trace_full.json.gz
N102DZ,2024-04-29,airplanes-live,0,none,GV 555 LLC,N102DZ,N102DZ_2024-04-29_airplanes-live_trace_full.json.gz
N102DZ,2024-05-06,adsb-lol,0,none,GV 555 LLC,N102DZ,N102DZ_2024-05-06_adsb-lol_trace_full.json.gz
N102DZ,2024-05-06,airplanes-live,0,none,GV 555 LLC,N102DZ,N102DZ_2024-05-06_airplanes-live_trace_full.json.gz
N102DZ,2024-05-07,adsb-lol,0,none,GV 555 LLC,N102DZ,N102DZ_2024-05-07_adsb-lol_trace_full.json.gz
N102DZ,2024-05-07,airplanes-live,0,none,GV 555 LLC,N102DZ,N102DZ_2024-05-07_airplanes-live_trace_full.json.gz
N102DZ,2024-05-09,adsb-lol,0,none,GV 555 LLC,N102DZ,N102DZ_2024-05-09_adsb-lol_trace_full.json.gz
N102DZ,2024-05-09,airplanes-live,0,none,GV 555 LLC,N102DZ,N102DZ_2024-05-09_airplanes-live_trace_full.json.gz
N102DZ,2024-05-13,airplanes-live,0,none,GV 555 LLC,N102DZ,N102DZ_2024-05-13_airplanes-live_trace_full.json.gz
N102DZ,2024-05-16,adsb-lol,0,none,GV 555 LLC,N102DZ,N102DZ_2024-05-16_adsb-lol_trace_full.json.gz
N102DZ,2024-05-16,airplanes-live,0,none,GV 555 LLC,N102DZ,N102DZ_2024-05-16_airplanes-live_trace_full.json.gz
N102DZ,2024-05-17,adsb-lol,0,none,GV 555 LLC,N102DZ,N102DZ_2024-05-17_adsb-lol_trace_full.json.gz
N102DZ,2024-05-17,airplanes-live,0,none,GV 555 LLC,N102DZ,N102DZ_2024-05-17_airplanes-live_trace_full.json.gz
N102DZ,2024-05-19,airplanes-live,0,none,GV 555 LLC,N102DZ,N102DZ_2024-05-19_airplanes-live_trace_full.json.gz
N102DZ,2024-05-21,airplanes-live,0,none,GV 555 LLC,N102DZ,N102DZ_2024-05-21_airplanes-live_trace_full.json.gz
N102DZ,2024-05-22,airplanes-live,0,none,GV 555 LLC,N102DZ,N102DZ_2024-05-22_airplanes-live_trace_full.json.gz
N102DZ,2024-05-24,airplanes-live,0,none,GV 555 LLC,N102DZ,N102DZ_2024-05-24_airplanes-live_trace_full.json.gz
N102DZ,2024-05-27,airplanes-live,0,none,GV 555 LLC,N102DZ,N102DZ_2024-05-27_airplanes-live_trace_full.json.gz
N102DZ,2024-05-28,airplanes-live,0,none,GV 555 LLC,N102DZ,N102DZ_2024-05-28_airplanes-live_trace_full.json.gz
N102DZ,2024-05-30,airplanes-live,0,none,GV 555 LLC,N102DZ,N102DZ_2024-05-30_airplanes-live_trace_full.json.gz
N102DZ,2024-05-31,airplanes-live,0,none,GV 555 LLC,N102DZ,N102DZ_2024-05-31_airplanes-live_trace_full.json.gz
N102DZ,2024-06-01,adsbexchange-samples,0,none,GV 555 LLC,N102DZ,N102DZ_2024-06-01_adsbexchange-samples_trace_full.json
N102DZ,2024-06-01,airplanes-live,0,none,GV 555 LLC,N102DZ,N102DZ_2024-06-01_airplanes-live_trace_full.json.gz
N102DZ,2024-06-02,airplanes-live,0,none,GV 555 LLC,N102DZ,N102DZ_2024-06-02_airplanes-live_trace_full.json.gz
N102DZ,2024-06-03,airplanes-live,0,none,GV 555 LLC,N102DZ,N102DZ_2024-06-03_airplanes-live_trace_full.json.gz
N102DZ,2024-06-04,airplanes-live,0,none,GV 555 LLC,N102DZ,N102DZ_2024-06-04_airplanes-live_trace_full.json.gz
N102DZ,2024-06-05,adsb-lol,0,none,GV 555 LLC,N102DZ,N102DZ_2024-06-05_adsb-lol_trace_full.json.gz
N102DZ,2024-06-05,airplanes-live,0,none,GV 555 LLC,N102DZ,N102DZ_2024-06-05_airplanes-live_trace_full.json.gz
N102DZ,2024-06-10,adsb-lol,0,none,GV 555 LLC,N102DZ,N102DZ_2024-06-10_adsb-lol_trace_full.json.gz
N102DZ,2024-06-10,airplanes-live,0,none,GV 555 LLC,N102DZ,N102DZ_2024-06-10_airplanes-live_trace_full.json.gz
N102DZ,2024-06-11,adsb-lol,0,none,GV 555 LLC,N102DZ,N102DZ_2024-06-11_adsb-lol_trace_full.json.gz
N102DZ,2024-06-11,airplanes-live,0,none,GV 555 LLC,N102DZ,N102DZ_2024-06-11_airplanes-live_trace_full.json.gz
N102DZ,2024-06-13,adsb-lol,0,none,GV 555 LLC,N102DZ,N102DZ_2024-06-13_adsb-lol_trace_full.json.gz
N102DZ,2024-06-13,airplanes-live,0,none,GV 555 LLC,N102DZ,N102DZ_2024-06-13_airplanes-live_trace_full.json.gz
N102DZ,2024-06-15,adsb-lol,0,none,GV 555 LLC,N102DZ,N102DZ_2024-06-15_adsb-lol_trace_full.json.gz
N102DZ,2024-06-15,airplanes-live,0,none,GV 555 LLC,N102DZ,N102DZ_2024-06-15_airplanes-live_trace_full.json.gz
N102DZ,2024-06-16,adsb-lol,0,none,GV 555 LLC,N102DZ,N102DZ_2024-06-16_adsb-lol_trace_full.json.gz
N102DZ,2024-06-16,airplanes-live,0,none,GV 555 LLC,N102DZ,N102DZ_2024-06-16_airplanes-live_trace_full.json.gz
N102DZ,2024-06-20,airplanes-live,0,none,GV 555 LLC,N102DZ,N102DZ_2024-06-20_airplanes-live_trace_full.json.gz
N102DZ,2024-06-21,airplanes-live,0,none,GV 555 LLC,N102DZ,N102DZ_2024-06-21_airplanes-live_trace_full.json.gz
N102DZ,2024-06-22,airplanes-live,0,none,GV 555 LLC,N102DZ,N102DZ_2024-06-22_airplanes-live_trace_full.json.gz
N102DZ,2024-06-25,airplanes-live,0,none,GV 555 LLC,N102DZ,N102DZ_2024-06-25_airplanes-live_trace_full.json.gz
N102DZ,2024-06-26,airplanes-live,0,none,GV 555 LLC,N102DZ,N102DZ_2024-06-26_airplanes-live_trace_full.json.gz
N102DZ,2024-06-27,airplanes-live,0,none,GV 555 LLC,N102DZ,N102DZ_2024-06-27_airplanes-live_trace_full.json.gz
N102DZ,2024-06-28,airplanes-live,0,none,GV 555 LLC,N102DZ,N102DZ_2024-06-28_airplanes-live_trace_full.json.gz
N102DZ,2024-06-29,airplanes-live,0,none,GV 555 LLC,N102DZ,N102DZ_2024-06-29_airplanes-live_trace_full.json.gz
N102DZ,2024-06-30,airplanes-live,0,none,GV 555 LLC,N102DZ,N102DZ_2024-06-30_airplanes-live_trace_full.json.gz
N102DZ,2024-07-07,adsb-lol,0,none,GV 555 LLC,N102DZ,N102DZ_2024-07-07_adsb-lol_trace_full.json.gz
N102DZ,2024-07-07,airplanes-live,0,none,GV 555 LLC,N102DZ,N102DZ_2024-07-07_airplanes-live_trace_full.json.gz
N102DZ,2024-07-09,adsb-lol,0,none,GV 555 LLC,N102DZ,N102DZ_2024-07-09_adsb-lol_trace_full.json.gz
N102DZ,2024-07-09,airplanes-live,0,none,GV 555 LLC,N102DZ,N102DZ_2024-07-09_airplanes-live_trace_full.json.gz
N102DZ,2024-07-12,adsb-lol,0,none,GV 555 LLC,N102DZ,N102DZ_2024-07-12_adsb-lol_trace_full.json.gz
N102DZ,2024-07-12,airplanes-live,0,none,GV 555 LLC,N102DZ,N102DZ_2024-07-12_airplanes-live_trace_full.json.gz
N102DZ,2024-07-13,adsb-lol,0,none,GV 555 LLC,N102DZ,N102DZ_2024-07-13_adsb-lol_trace_full.json.gz
N102DZ,2024-07-13,airplanes-live,0,none,GV 555 LLC,N102DZ,N102DZ_2024-07-13_airplanes-live_trace_full.json.gz
N102DZ,2024-07-14,adsb-lol,0,none,GV 555 LLC,N102DZ,N102DZ_2024-07-14_adsb-lol_trace_full.json.gz
N102DZ,2024-07-14,airplanes-live,0,none,GV 555 LLC,N102DZ,N102DZ_2024-07-14_airplanes-live_trace_full.json.gz
N102DZ,2024-07-15,adsb-lol,0,none,GV 555 LLC,N102DZ,N102DZ_2024-07-15_adsb-lol_trace_full.json.gz
N102DZ,2024-07-15,airplanes-live,0,none,GV 555 LLC,N102DZ,N102DZ_2024-07-15_airplanes-live_trace_full.json.gz
N102DZ,2024-07-17,adsb-lol,0,none,GV 555 LLC,N102DZ,N102DZ_2024-07-17_adsb-lol_trace_full.json.gz
N102DZ,2024-07-17,airplanes-live,0,none,GV 555 LLC,N102DZ,N102DZ_2024-07-17_airplanes-live_trace_full.json.gz
N102DZ,2024-07-18,adsb-lol,0,none,GV 555 LLC,N102DZ,N102DZ_2024-07-18_adsb-lol_trace_full.json.gz
N102DZ,2024-07-18,airplanes-live,0,none,GV 555 LLC,N102DZ,N102DZ_2024-07-18_airplanes-live_trace_full.json.gz
N102DZ,2024-07-20,adsb-lol,0,none,GV 555 LLC,N102DZ,N102DZ_2024-07-20_adsb-lol_trace_full.json.gz
N102DZ,2024-07-20,airplanes-live,0,none,GV 555 LLC,N102DZ,N102DZ_2024-07-20_airplanes-live_trace_full.json.gz
N102DZ,2024-07-21,airplanes-live,0,none,GV 555 LLC,N102DZ,N102DZ_2024-07-21_airplanes-live_trace_full.json.gz
N102DZ,2024-07-22,adsb-lol,0,none,GV 555 LLC,N102DZ,N102DZ_2024-07-22_adsb-lol_trace_full.json.gz
N102DZ,2024-07-22,airplanes-live,0,none,GV 555 LLC,N102DZ,N102DZ_2024-07-22_airplanes-live_trace_full.json.gz
N102DZ,2024-08-03,airplanes-live,0,none,GV 555 LLC,N102DZ,N102DZ_2024-08-03_airplanes-live_trace_full.json.gz
N102DZ,2024-08-04,airplanes-live,0,none,GV 555 LLC,N102DZ,N102DZ_2024-08-04_airplanes-live_trace_full.json.gz
N102DZ,2024-08-05,airplanes-live,0,none,GV 555 LLC,N102DZ,N102DZ_2024-08-05_airplanes-live_trace_full.json.gz
N102DZ,2024-08-06,airplanes-live,0,none,GV 555 LLC,N102DZ,N102DZ_2024-08-06_airplanes-live_trace_full.json.gz
N102DZ,2024-08-07,airplanes-live,0,none,GV 555 LLC,N102DZ,N102DZ_2024-08-07_airplanes-live_trace_full.json.gz
N102DZ,2024-08-11,airplanes-live,0,none,GV 555 LLC,N102DZ,N102DZ_2024-08-11_airplanes-live_trace_full.json.gz
N102DZ,2024-08-12,airplanes-live,0,none,GV 555 LLC,N102DZ,N102DZ_2024-08-12_airplanes-live_trace_full.json.gz
N102DZ,2024-08-16,adsb-lol,0,none,GV 555 LLC,N102DZ,N102DZ_2024-08-16_adsb-lol_trace_full.json.gz
N102DZ,2024-08-16,airplanes-live,0,none,GV 555 LLC,N102DZ,N102DZ_2024-08-16_airplanes-live_trace_full.json.gz
N102DZ,2024-08-17,adsb-lol,0,none,GV 555 LLC,N102DZ,N102DZ_2024-08-17_adsb-lol_trace_full.json.gz
N102DZ,2024-08-17,airplanes-live,0,none,GV 555 LLC,N102DZ,N102DZ_2024-08-17_airplanes-live_trace_full.json.gz
N102DZ,2024-08-19,adsb-lol,0,none,GV 555 LLC,N102DZ,N102DZ_2024-08-19_adsb-lol_trace_full.json.gz
N102DZ,2024-08-19,airplanes-live,0,none,GV 555 LLC,N102DZ,N102DZ_2024-08-19_airplanes-live_trace_full.json.gz
N102DZ,2024-08-21,adsb-lol,0,none,GV 555 LLC,N102DZ,N102DZ_2024-08-21_adsb-lol_trace_full.json.gz
N102DZ,2024-08-21,airplanes-live,0,none,GV 555 LLC,N102DZ,N102DZ_2024-08-21_airplanes-live_trace_full.json.gz
N102DZ,2024-08-22,adsb-lol,0,none,GV 555 LLC,N102DZ,N102DZ_2024-08-22_adsb-lol_trace_full.json.gz
N102DZ,2024-08-22,airplanes-live,0,none,GV 555 LLC,N102DZ,N102DZ_2024-08-22_airplanes-live_trace_full.json.gz
N102DZ,2024-08-31,airplanes-live,0,none,GV 555 LLC,N102DZ,N102DZ_2024-08-31_airplanes-live_trace_full.json.gz
N102DZ,2024-09-01,adsb-lol,0,none,GV 555 LLC,N102DZ,N102DZ_2024-09-01_adsb-lol_trace_full.json.gz
N102DZ,2024-09-01,adsbexchange-samples,0,none,GV 555 LLC,N102DZ,N102DZ_2024-09-01_adsbexchange-samples_trace_full.json
N102DZ,2024-09-01,airplanes-live,0,none,GV 555 LLC,N102DZ,N102DZ_2024-09-01_airplanes-live_trace_full.json.gz
N102DZ,2024-09-07,adsb-lol,0,none,GV 555 LLC,N102DZ,N102DZ_2024-09-07_adsb-lol_trace_full.json.gz
N102DZ,2024-09-07,airplanes-live,0,none,GV 555 LLC,N102DZ,N102DZ_2024-09-07_airplanes-live_trace_full.json.gz
N102DZ,2024-09-12,adsb-lol,0,none,GV 555 LLC,N102DZ,N102DZ_2024-09-12_adsb-lol_trace_full.json.gz
N102DZ,2024-09-12,airplanes-live,0,none,GV 555 LLC,N102DZ,N102DZ_2024-09-12_airplanes-live_trace_full.json.gz
N102DZ,2024-09-16,airplanes-live,0,none,GV 555 LLC,N102DZ,N102DZ_2024-09-16_airplanes-live_trace_full.json.gz
N102DZ,2024-09-17,adsb-lol,0,none,GV 555 LLC,N102DZ,N102DZ_2024-09-17_adsb-lol_trace_full.json.gz
N102DZ,2024-09-17,airplanes-live,0,none,GV 555 LLC,N102DZ,N102DZ_2024-09-17_airplanes-live_trace_full.json.gz
N102DZ,2024-09-18,adsb-lol,0,none,GV 555 LLC,N102DZ,N102DZ_2024-09-18_adsb-lol_trace_full.json.gz
N102DZ,2024-09-18,airplanes-live,0,none,GV 555 LLC,N102DZ,N102DZ_2024-09-18_airplanes-live_trace_full.json.gz
N102DZ,2024-09-20,adsb-lol,0,none,GV 555 LLC,N102DZ,N102DZ_2024-09-20_adsb-lol_trace_full.json.gz
N102DZ,2024-09-20,airplanes-live,0,none,GV 555 LLC,N102DZ,N102DZ_2024-09-20_airplanes-live_trace_full.json.gz
N102DZ,2024-09-21,airplanes-live,0,none,GV 555 LLC,N102DZ,N102DZ_2024-09-21_airplanes-live_trace_full.json.gz
N102DZ,2024-09-24,adsb-lol,0,none,GV 555 LLC,N102DZ,N102DZ_2024-09-24_adsb-lol_trace_full.json.gz
N102DZ,2024-09-24,airplanes-live,0,none,GV 555 LLC,N102DZ,N102DZ_2024-09-24_airplanes-live_trace_full.json.gz
N102DZ,2024-09-27,adsb-lol,0,none,GV 555 LLC,N102DZ,N102DZ_2024-09-27_adsb-lol_trace_full.json.gz
N102DZ,2024-09-27,airplanes-live,0,none,GV 555 LLC,N102DZ,N102DZ_2024-09-27_airplanes-live_trace_full.json.gz
N102DZ,2024-09-28,adsb-lol,0,none,GV 555 LLC,N102DZ,N102DZ_2024-09-28_adsb-lol_trace_full.json.gz
N102DZ,2024-09-28,airplanes-live,0,none,GV 555 LLC,N102DZ,N102DZ_2024-09-28_airplanes-live_trace_full.json.gz
N102DZ,2024-09-30,adsb-lol,0,none,GV 555 LLC,N102DZ,N102DZ_2024-09-30_adsb-lol_trace_full.json.gz
N102DZ,2024-09-30,airplanes-live,0,none,GV 555 LLC,N102DZ,N102DZ_2024-09-30_airplanes-live_trace_full.json.gz
N102DZ,2024-10-01,adsb-lol,0,none,GV 555 LLC,N102DZ,N102DZ_2024-10-01_adsb-lol_trace_full.json.gz
N102DZ,2024-10-01,adsbexchange-samples,0,none,GV 555 LLC,N102DZ,N102DZ_2024-10-01_adsbexchange-samples_trace_full.json
N102DZ,2024-10-01,airplanes-live,0,none,GV 555 LLC,N102DZ,N102DZ_2024-10-01_airplanes-live_trace_full.json.gz
N102DZ,2024-10-02,adsb-lol,0,none,GV 555 LLC,N102DZ,N102DZ_2024-10-02_adsb-lol_trace_full.json.gz
N102DZ,2024-10-02,airplanes-live,0,none,GV 555 LLC,N102DZ,N102DZ_2024-10-02_airplanes-live_trace_full.json.gz
N102DZ,2024-10-04,airplanes-live,0,none,GV 555 LLC,N102DZ,N102DZ_2024-10-04_airplanes-live_trace_full.json.gz
N102DZ,2024-10-06,airplanes-live,0,none,GV 555 LLC,N102DZ,N102DZ_2024-10-06_airplanes-live_trace_full.json.gz
N102DZ,2024-10-08,airplanes-live,0,none,GV 555 LLC,N102DZ,N102DZ_2024-10-08_airplanes-live_trace_full.json.gz
N102DZ,2024-10-10,adsb-lol,0,none,GV 555 LLC,N102DZ,N102DZ_2024-10-10_adsb-lol_trace_full.json.gz
N102DZ,2024-10-10,airplanes-live,0,none,GV 555 LLC,N102DZ,N102DZ_2024-10-10_airplanes-live_trace_full.json.gz
N102DZ,2024-10-11,adsb-lol,0,none,GV 555 LLC,N102DZ,N102DZ_2024-10-11_adsb-lol_trace_full.json.gz
N102DZ,2024-10-11,airplanes-live,0,none,GV 555 LLC,N102DZ,N102DZ_2024-10-11_airplanes-live_trace_full.json.gz
N102DZ,2024-10-15,adsb-lol,0,none,GV 555 LLC,N102DZ,N102DZ_2024-10-15_adsb-lol_trace_full.json.gz
N102DZ,2024-10-15,airplanes-live,0,none,GV 555 LLC,N102DZ,N102DZ_2024-10-15_airplanes-live_trace_full.json.gz
N102DZ,2024-10-16,adsb-lol,0,none,GV 555 LLC,N102DZ,N102DZ_2024-10-16_adsb-lol_trace_full.json.gz
N102DZ,2024-10-16,airplanes-live,0,none,GV 555 LLC,N102DZ,N102DZ_2024-10-16_airplanes-live_trace_full.json.gz
N102DZ,2024-10-18,adsb-lol,0,none,GV 555 LLC,N102DZ,N102DZ_2024-10-18_adsb-lol_trace_full.json.gz
N102DZ,2024-10-18,airplanes-live,0,none,GV 555 LLC,N102DZ,N102DZ_2024-10-18_airplanes-live_trace_full.json.gz
N102DZ,2024-10-20,adsb-lol,0,none,GV 555 LLC,N102DZ,N102DZ_2024-10-20_adsb-lol_trace_full.json.gz
N102DZ,2024-10-20,airplanes-live,0,none,GV 555 LLC,N102DZ,N102DZ_2024-10-20_airplanes-live_trace_full.json.gz
N102DZ,2024-10-21,adsb-lol,0,none,GV 555 LLC,N102DZ,N102DZ_2024-10-21_adsb-lol_trace_full.json.gz
N102DZ,2024-10-21,airplanes-live,0,none,GV 555 LLC,N102DZ,N102DZ_2024-10-21_airplanes-live_trace_full.json.gz
N102DZ,2024-10-23,airplanes-live,0,none,GV 555 LLC,N102DZ,N102DZ_2024-10-23_airplanes-live_trace_full.json.gz
N102DZ,2024-10-24,adsb-lol,0,none,GV 555 LLC,N102DZ,N102DZ_2024-10-24_adsb-lol_trace_full.json.gz
N102DZ,2024-10-24,airplanes-live,0,none,GV 555 LLC,N102DZ,N102DZ_2024-10-24_airplanes-live_trace_full.json.gz
N102DZ,2024-10-29,adsb-lol,0,none,GV 555 LLC,N102DZ,N102DZ_2024-10-29_adsb-lol_trace_full.json.gz
N102DZ,2024-10-29,airplanes-live,0,none,GV 555 LLC,N102DZ,N102DZ_2024-10-29_airplanes-live_trace_full.json.gz
N102DZ,2024-10-30,adsb-lol,0,none,GV 555 LLC,N102DZ,N102DZ_2024-10-30_adsb-lol_trace_full.json.gz
N102DZ,2024-10-30,airplanes-live,0,none,GV 555 LLC,N102DZ,N102DZ_2024-10-30_airplanes-live_trace_full.json.gz
N102DZ,2024-11-01,adsb-lol,0,none,GV 555 LLC,N102DZ,N102DZ_2024-11-01_adsb-lol_trace_full.json.gz
N102DZ,2024-11-01,adsbexchange-samples,0,none,GV 555 LLC,N102DZ,N102DZ_2024-11-01_adsbexchange-samples_trace_full.json
N102DZ,2024-11-01,airplanes-live,0,none,GV 555 LLC,N102DZ,N102DZ_2024-11-01_airplanes-live_trace_full.json.gz
N102DZ,2024-11-03,airplanes-live,0,none,GV 555 LLC,N102DZ,N102DZ_2024-11-03_airplanes-live_trace_full.json.gz
N102DZ,2024-11-04,airplanes-live,0,none,GV 555 LLC,N102DZ,N102DZ_2024-11-04_airplanes-live_trace_full.json.gz
N102DZ,2024-11-06,airplanes-live,0,none,GV 555 LLC,N102DZ,N102DZ_2024-11-06_airplanes-live_trace_full.json.gz
N102DZ,2024-11-08,airplanes-live,0,none,GV 555 LLC,N102DZ,N102DZ_2024-11-08_airplanes-live_trace_full.json.gz
N102DZ,2024-11-13,adsb-lol,0,none,GV 555 LLC,N102DZ,N102DZ_2024-11-13_adsb-lol_trace_full.json.gz
N102DZ,2024-11-13,airplanes-live,0,none,GV 555 LLC,N102DZ,N102DZ_2024-11-13_airplanes-live_trace_full.json.gz
N102DZ,2024-11-15,adsb-lol,0,none,GV 555 LLC,N102DZ,N102DZ_2024-11-15_adsb-lol_trace_full.json.gz
N102DZ,2024-11-15,airplanes-live,0,none,GV 555 LLC,N102DZ,N102DZ_2024-11-15_airplanes-live_trace_full.json.gz
N102DZ,2024-11-20,airplanes-live,0,none,GV 555 LLC,N102DZ,N102DZ_2024-11-20_airplanes-live_trace_full.json.gz
N102DZ,2024-11-22,airplanes-live,0,none,GV 555 LLC,N102DZ,N102DZ_2024-11-22_airplanes-live_trace_full.json.gz
N102DZ,2024-11-28,adsb-lol,0,none,GV 555 LLC,N102DZ,N102DZ_2024-11-28_adsb-lol_trace_full.json.gz
N102DZ,2024-11-28,airplanes-live,0,none,GV 555 LLC,N102DZ,N102DZ_2024-11-28_airplanes-live_trace_full.json.gz
N102DZ,2024-11-30,adsb-lol,0,none,GV 555 LLC,N102DZ,N102DZ_2024-11-30_adsb-lol_trace_full.json.gz
N102DZ,2024-11-30,airplanes-live,0,none,GV 555 LLC,N102DZ,N102DZ_2024-11-30_airplanes-live_trace_full.json.gz
N102DZ,2024-12-01,adsb-lol,0,none,GV 555 LLC,N102DZ,N102DZ_2024-12-01_adsb-lol_trace_full.json.gz
N102DZ,2024-12-01,adsbexchange-samples,0,none,GV 555 LLC,N102DZ,N102DZ_2024-12-01_adsbexchange-samples_trace_full.json
N102DZ,2024-12-01,airplanes-live,0,none,GV 555 LLC,N102DZ,N102DZ_2024-12-01_airplanes-live_trace_full.json.gz
N102DZ,2024-12-02,adsb-lol,0,none,GV 555 LLC,N102DZ,N102DZ_2024-12-02_adsb-lol_trace_full.json.gz
N102DZ,2024-12-02,airplanes-live,0,none,GV 555 LLC,N102DZ,N102DZ_2024-12-02_airplanes-live_trace_full.json.gz
N102DZ,2024-12-03,adsb-lol,0,none,GV 555 LLC,N102DZ,N102DZ_2024-12-03_adsb-lol_trace_full.json.gz
N102DZ,2024-12-03,airplanes-live,0,none,GV 555 LLC,N102DZ,N102DZ_2024-12-03_airplanes-live_trace_full.json.gz
N102DZ,2024-12-04,adsb-lol,0,none,GV 555 LLC,N102DZ,N102DZ_2024-12-04_adsb-lol_trace_full.json.gz
N102DZ,2024-12-04,airplanes-live,0,none,GV 555 LLC,N102DZ,N102DZ_2024-12-04_airplanes-live_trace_full.json.gz
N102DZ,2024-12-05,airplanes-live,0,none,GV 555 LLC,N102DZ,N102DZ_2024-12-05_airplanes-live_trace_full.json.gz
N102DZ,2024-12-07,adsb-lol,0,none,GV 555 LLC,N102DZ,N102DZ_2024-12-07_adsb-lol_trace_full.json.gz
N102DZ,2024-12-07,airplanes-live,0,none,GV 555 LLC,N102DZ,N102DZ_2024-12-07_airplanes-live_trace_full.json.gz
N102DZ,2024-12-08,adsb-lol,0,none,GV 555 LLC,N102DZ,N102DZ_2024-12-08_adsb-lol_trace_full.json.gz
N102DZ,2024-12-08,airplanes-live,0,none,GV 555 LLC,N102DZ,N102DZ_2024-12-08_airplanes-live_trace_full.json.gz
N102DZ,2024-12-11,adsb-lol,0,none,GV 555 LLC,N102DZ,N102DZ_2024-12-11_adsb-lol_trace_full.json.gz
N102DZ,2024-12-11,airplanes-live,0,none,GV 555 LLC,N102DZ,N102DZ_2024-12-11_airplanes-live_trace_full.json.gz
N102DZ,2024-12-13,adsb-lol,0,none,GV 555 LLC,N102DZ,N102DZ_2024-12-13_adsb-lol_trace_full.json.gz
N102DZ,2024-12-13,airplanes-live,0,none,GV 555 LLC,N102DZ,N102DZ_2024-12-13_airplanes-live_trace_full.json.gz
N102DZ,2024-12-14,adsb-lol,0,none,GV 555 LLC,N102DZ,N102DZ_2024-12-14_adsb-lol_trace_full.json.gz
N102DZ,2024-12-14,airplanes-live,0,none,GV 555 LLC,N102DZ,N102DZ_2024-12-14_airplanes-live_trace_full.json.gz
N102DZ,2024-12-21,adsb-lol,0,none,GV 555 LLC,N102DZ,N102DZ_2024-12-21_adsb-lol_trace_full.json.gz
N102DZ,2024-12-21,airplanes-live,0,none,GV 555 LLC,N102DZ,N102DZ_2024-12-21_airplanes-live_trace_full.json.gz
N102DZ,2024-12-27,airplanes-live,0,none,GV 555 LLC,N102DZ,N102DZ_2024-12-27_airplanes-live_trace_full.json.gz
N102DZ,2024-12-30,airplanes-live,0,none,GV 555 LLC,N102DZ,N102DZ_2024-12-30_airplanes-live_trace_full.json.gz
N102DZ,2025-01-03,airplanes-live,0,none,GV 555 LLC,N102DZ,N102DZ_2025-01-03_airplanes-live_trace_full.json.gz
N102DZ,2025-01-04,airplanes-live,0,none,GV 555 LLC,N102DZ,N102DZ_2025-01-04_airplanes-live_trace_full.json.gz
N102DZ,2025-01-05,airplanes-live,0,none,GV 555 LLC,N102DZ,N102DZ_2025-01-05_airplanes-live_trace_full.json.gz
N102DZ,2025-01-09,airplanes-live,0,none,GV 555 LLC,N102DZ,N102DZ_2025-01-09_airplanes-live_trace_full.json.gz
N102DZ,2025-01-12,adsb-lol,0,none,GV 555 LLC,N102DZ,N102DZ_2025-01-12_adsb-lol_trace_full.json.gz
N102DZ,2025-01-12,airplanes-live,0,none,GV 555 LLC,N102DZ,N102DZ_2025-01-12_airplanes-live_trace_full.json.gz
N102DZ,2025-01-13,airplanes-live,0,none,GV 555 LLC,N102DZ,N102DZ_2025-01-13_airplanes-live_trace_full.json.gz
N102DZ,2025-01-14,airplanes-live,0,none,GV 555 LLC,N102DZ,N102DZ_2025-01-14_airplanes-live_trace_full.json.gz
N102DZ,2025-01-16,adsb-lol,0,none,GV 555 LLC,N102DZ,N102DZ_2025-01-16_adsb-lol_trace_full.json.gz
N102DZ,2025-01-16,airplanes-live,0,none,GV 555 LLC,N102DZ,N102DZ_2025-01-16_airplanes-live_trace_full.json.gz
N102DZ,2025-01-19,adsb-lol,0,none,GV 555 LLC,N102DZ,N102DZ_2025-01-19_adsb-lol_trace_full.json.gz
N102DZ,2025-01-19,airplanes-live,0,none,GV 555 LLC,N102DZ,N102DZ_2025-01-19_airplanes-live_trace_full.json.gz
N102DZ,2025-01-21,adsb-lol,0,none,GV 555 LLC,N102DZ,N102DZ_2025-01-21_adsb-lol_trace_full.json.gz
N102DZ,2025-01-21,airplanes-live,0,none,GV 555 LLC,N102DZ,N102DZ_2025-01-21_airplanes-live_trace_full.json.gz
N102DZ,2025-01-29,airplanes-live,0,none,GV 555 LLC,N102DZ,N102DZ_2025-01-29_airplanes-live_trace_full.json.gz
N102DZ,2025-01-30,airplanes-live,0,none,GV 555 LLC,N102DZ,N102DZ_2025-01-30_airplanes-live_trace_full.json.gz
N102DZ,2025-01-31,airplanes-live,0,none,GV 555 LLC,N102DZ,N102DZ_2025-01-31_airplanes-live_trace_full.json.gz
N102DZ,2025-02-03,adsb-lol,0,none,GV 555 LLC,N102DZ,N102DZ_2025-02-03_adsb-lol_trace_full.json.gz
N102DZ,2025-02-03,airplanes-live,0,none,GV 555 LLC,N102DZ,N102DZ_2025-02-03_airplanes-live_trace_full.json.gz
N102DZ,2025-02-04,adsb-lol,0,none,GV 555 LLC,N102DZ,N102DZ_2025-02-04_adsb-lol_trace_full.json.gz
N102DZ,2025-02-04,airplanes-live,0,none,GV 555 LLC,N102DZ,N102DZ_2025-02-04_airplanes-live_trace_full.json.gz
N102DZ,2025-02-08,adsb-lol,0,none,GV 555 LLC,N102DZ,N102DZ_2025-02-08_adsb-lol_trace_full.json.gz
N102DZ,2025-02-08,airplanes-live,0,none,GV 555 LLC,N102DZ,N102DZ_2025-02-08_airplanes-live_trace_full.json.gz
N102DZ,2025-02-09,adsb-lol,0,none,GV 555 LLC,N102DZ,N102DZ_2025-02-09_adsb-lol_trace_full.json.gz
N102DZ,2025-02-09,airplanes-live,0,none,GV 555 LLC,N102DZ,N102DZ_2025-02-09_airplanes-live_trace_full.json.gz
N102DZ,2025-02-10,adsb-lol,0,none,GV 555 LLC,N102DZ,N102DZ_2025-02-10_adsb-lol_trace_full.json.gz
N102DZ,2025-02-10,airplanes-live,0,none,GV 555 LLC,N102DZ,N102DZ_2025-02-10_airplanes-live_trace_full.json.gz
N102DZ,2025-02-11,adsb-lol,0,none,GV 555 LLC,N102DZ,N102DZ_2025-02-11_adsb-lol_trace_full.json.gz
N102DZ,2025-02-11,airplanes-live,0,none,GV 555 LLC,N102DZ,N102DZ_2025-02-11_airplanes-live_trace_full.json.gz
N102DZ,2025-02-12,airplanes-live,0,none,GV 555 LLC,N102DZ,N102DZ_2025-02-12_airplanes-live_trace_full.json.gz
N102DZ,2025-02-13,airplanes-live,0,none,GV 555 LLC,N102DZ,N102DZ_2025-02-13_airplanes-live_trace_full.json.gz
N102DZ,2025-02-14,airplanes-live,0,none,GV 555 LLC,N102DZ,N102DZ_2025-02-14_airplanes-live_trace_full.json.gz
N102DZ,2025-02-15,airplanes-live,0,none,GV 555 LLC,N102DZ,N102DZ_2025-02-15_airplanes-live_trace_full.json.gz
N102DZ,2025-02-17,adsb-lol,0,none,GV 555 LLC,N102DZ,N102DZ_2025-02-17_adsb-lol_trace_full.json.gz
N102DZ,2025-02-17,airplanes-live,0,none,GV 555 LLC,N102DZ,N102DZ_2025-02-17_airplanes-live_trace_full.json.gz
N102DZ,2025-02-18,adsb-lol,0,none,GV 555 LLC,N102DZ,N102DZ_2025-02-18_adsb-lol_trace_full.json.gz
N102DZ,2025-02-18,airplanes-live,0,none,GV 555 LLC,N102DZ,N102DZ_2025-02-18_airplanes-live_trace_full.json.gz
N102DZ,2025-02-19,adsb-lol,0,none,GV 555 LLC,N102DZ,N102DZ_2025-02-19_adsb-lol_trace_full.json.gz
N102DZ,2025-02-19,airplanes-live,0,none,GV 555 LLC,N102DZ,N102DZ_2025-02-19_airplanes-live_trace_full.json.gz
N102DZ,2025-02-21,adsb-lol,0,none,GV 555 LLC,N102DZ,N102DZ_2025-02-21_adsb-lol_trace_full.json.gz
N102DZ,2025-02-21,airplanes-live,0,none,GV 555 LLC,N102DZ,N102DZ_2025-02-21_airplanes-live_trace_full.json.gz
N102DZ,2025-02-23,adsb-lol,0,none,GV 555 LLC,N102DZ,N102DZ_2025-02-23_adsb-lol_trace_full.json.gz
N102DZ,2025-02-23,airplanes-live,0,none,GV 555 LLC,N102DZ,N102DZ_2025-02-23_airplanes-live_trace_full.json.gz
N102DZ,2025-02-24,adsb-lol,0,none,GV 555 LLC,N102DZ,N102DZ_2025-02-24_adsb-lol_trace_full.json.gz
N102DZ,2025-02-24,airplanes-live,0,none,GV 555 LLC,N102DZ,N102DZ_2025-02-24_airplanes-live_trace_full.json.gz
N102DZ,2025-02-26,adsb-lol,0,none,GV 555 LLC,N102DZ,N102DZ_2025-02-26_adsb-lol_trace_full.json.gz
N102DZ,2025-02-26,airplanes-live,0,none,GV 555 LLC,N102DZ,N102DZ_2025-02-26_airplanes-live_trace_full.json.gz
N102DZ,2025-02-27,adsb-lol,0,none,GV 555 LLC,N102DZ,N102DZ_2025-02-27_adsb-lol_trace_full.json.gz
N102DZ,2025-02-27,airplanes-live,0,none,GV 555 LLC,N102DZ,N102DZ_2025-02-27_airplanes-live_trace_full.json.gz
N102DZ,2025-02-28,adsb-lol,0,none,GV 555 LLC,N102DZ,N102DZ_2025-02-28_adsb-lol_trace_full.json.gz
N102DZ,2025-02-28,airplanes-live,0,none,GV 555 LLC,N102DZ,N102DZ_2025-02-28_airplanes-live_trace_full.json.gz
N102DZ,2025-03-02,adsb-lol,0,none,GV 555 LLC,N102DZ,N102DZ_2025-03-02_adsb-lol_trace_full.json.gz
N102DZ,2025-03-02,airplanes-live,0,none,GV 555 LLC,N102DZ,N102DZ_2025-03-02_airplanes-live_trace_full.json.gz
N102DZ,2025-03-04,adsb-lol,0,none,GV 555 LLC,N102DZ,N102DZ_2025-03-04_adsb-lol_trace_full.json.gz
N102DZ,2025-03-04,airplanes-live,0,none,GV 555 LLC,N102DZ,N102DZ_2025-03-04_airplanes-live_trace_full.json.gz
N102DZ,2025-03-09,airplanes-live,0,none,GV 555 LLC,N102DZ,N102DZ_2025-03-09_airplanes-live_trace_full.json.gz
N102DZ,2025-03-12,adsb-lol,0,none,GV 555 LLC,N102DZ,N102DZ_2025-03-12_adsb-lol_trace_full.json.gz
N102DZ,2025-03-12,airplanes-live,0,none,GV 555 LLC,N102DZ,N102DZ_2025-03-12_airplanes-live_trace_full.json.gz
N102DZ,2025-03-13,adsb-lol,0,none,GV 555 LLC,N102DZ,N102DZ_2025-03-13_adsb-lol_trace_full.json.gz
N102DZ,2025-03-13,airplanes-live,0,none,GV 555 LLC,N102DZ,N102DZ_2025-03-13_airplanes-live_trace_full.json.gz
N102DZ,2025-03-14,adsb-lol,0,none,GV 555 LLC,N102DZ,N102DZ_2025-03-14_adsb-lol_trace_full.json.gz
N102DZ,2025-03-14,airplanes-live,0,none,GV 555 LLC,N102DZ,N102DZ_2025-03-14_airplanes-live_trace_full.json.gz
N102DZ,2025-03-15,adsb-lol,0,none,GV 555 LLC,N102DZ,N102DZ_2025-03-15_adsb-lol_trace_full.json.gz
N102DZ,2025-03-15,airplanes-live,0,none,GV 555 LLC,N102DZ,N102DZ_2025-03-15_airplanes-live_trace_full.json.gz
N102DZ,2025-03-16,adsb-lol,0,none,GV 555 LLC,N102DZ,N102DZ_2025-03-16_adsb-lol_trace_full.json.gz
N102DZ,2025-03-16,airplanes-live,0,none,GV 555 LLC,N102DZ,N102DZ_2025-03-16_airplanes-live_trace_full.json.gz
N102DZ,2025-03-17,adsb-lol,0,none,GV 555 LLC,N102DZ,N102DZ_2025-03-17_adsb-lol_trace_full.json.gz
N102DZ,2025-03-17,airplanes-live,0,none,GV 555 LLC,N102DZ,N102DZ_2025-03-17_airplanes-live_trace_full.json.gz
N102DZ,2025-03-28,airplanes-live,0,none,GV 555 LLC,N102DZ,N102DZ_2025-03-28_airplanes-live_trace_full.json.gz
N102DZ,2025-03-29,adsb-lol,0,none,GV 555 LLC,N102DZ,N102DZ_2025-03-29_adsb-lol_trace_full.json.gz
N102DZ,2025-03-29,airplanes-live,0,none,GV 555 LLC,N102DZ,N102DZ_2025-03-29_airplanes-live_trace_full.json.gz
N102DZ,2025-04-03,adsb-lol,0,none,GV 555 LLC,N102DZ,N102DZ_2025-04-03_adsb-lol_trace_full.json.gz
N102DZ,2025-04-03,airplanes-live,0,none,GV 555 LLC,N102DZ,N102DZ_2025-04-03_airplanes-live_trace_full.json.gz
N102DZ,2025-04-05,adsb-lol,0,none,GV 555 LLC,N102DZ,N102DZ_2025-04-05_adsb-lol_trace_full.json.gz
N102DZ,2025-04-05,airplanes-live,0,none,GV 555 LLC,N102DZ,N102DZ_2025-04-05_airplanes-live_trace_full.json.gz
N102DZ,2025-04-06,adsb-lol,0,none,GV 555 LLC,N102DZ,N102DZ_2025-04-06_adsb-lol_trace_full.json.gz
N102DZ,2025-04-06,airplanes-live,0,none,GV 555 LLC,N102DZ,N102DZ_2025-04-06_airplanes-live_trace_full.json.gz
N102DZ,2025-04-16,adsb-lol,0,none,GV 555 LLC,N102DZ,N102DZ_2025-04-16_adsb-lol_trace_full.json.gz
N102DZ,2025-04-16,airplanes-live,0,none,GV 555 LLC,N102DZ,N102DZ_2025-04-16_airplanes-live_trace_full.json.gz
N102DZ,2025-04-17,airplanes-live,0,none,GV 555 LLC,N102DZ,N102DZ_2025-04-17_airplanes-live_trace_full.json.gz
N102DZ,2025-04-24,adsb-lol,0,none,GV 555 LLC,N102DZ,N102DZ_2025-04-24_adsb-lol_trace_full.json.gz
N102DZ,2025-04-24,airplanes-live,0,none,GV 555 LLC,N102DZ,N102DZ_2025-04-24_airplanes-live_trace_full.json.gz
N102DZ,2025-04-30,adsb-lol,0,none,GV 555 LLC,N102DZ,N102DZ_2025-04-30_adsb-lol_trace_full.json.gz
N102DZ,2025-04-30,airplanes-live,0,none,GV 555 LLC,N102DZ,N102DZ_2025-04-30_airplanes-live_trace_full.json.gz
N102DZ,2025-05-01,adsb-lol,0,none,GV 555 LLC,N102DZ,N102DZ_2025-05-01_adsb-lol_trace_full.json.gz
N102DZ,2025-05-01,adsbexchange-samples,0,none,GV 555 LLC,N102DZ,N102DZ_2025-05-01_adsbexchange-samples_trace_full.json
N102DZ,2025-05-01,airplanes-live,0,none,GV 555 LLC,N102DZ,N102DZ_2025-05-01_airplanes-live_trace_full.json.gz
N102DZ,2025-05-02,airplanes-live,0,none,GV 555 LLC,N102DZ,N102DZ_2025-05-02_airplanes-live_trace_full.json.gz
N102DZ,2025-05-04,adsb-lol,0,none,GV 555 LLC,N102DZ,N102DZ_2025-05-04_adsb-lol_trace_full.json.gz
N102DZ,2025-05-04,airplanes-live,0,none,GV 555 LLC,N102DZ,N102DZ_2025-05-04_airplanes-live_trace_full.json.gz
N102DZ,2025-05-05,adsb-lol,0,none,GV 555 LLC,N102DZ,N102DZ_2025-05-05_adsb-lol_trace_full.json.gz
N102DZ,2025-05-05,airplanes-live,0,none,GV 555 LLC,N102DZ,N102DZ_2025-05-05_airplanes-live_trace_full.json.gz
N102DZ,2025-05-07,adsb-lol,0,none,GV 555 LLC,N102DZ,N102DZ_2025-05-07_adsb-lol_trace_full.json.gz
N102DZ,2025-05-07,airplanes-live,0,none,GV 555 LLC,N102DZ,N102DZ_2025-05-07_airplanes-live_trace_full.json.gz
N102DZ,2025-05-08,adsb-lol,0,none,GV 555 LLC,N102DZ,N102DZ_2025-05-08_adsb-lol_trace_full.json.gz
N102DZ,2025-05-08,airplanes-live,0,none,GV 555 LLC,N102DZ,N102DZ_2025-05-08_airplanes-live_trace_full.json.gz
N102DZ,2025-05-09,airplanes-live,0,none,GV 555 LLC,N102DZ,N102DZ_2025-05-09_airplanes-live_trace_full.json.gz
N102DZ,2025-05-11,airplanes-live,0,none,GV 555 LLC,N102DZ,N102DZ_2025-05-11_airplanes-live_trace_full.json.gz
N102DZ,2025-05-12,airplanes-live,0,none,GV 555 LLC,N102DZ,N102DZ_2025-05-12_airplanes-live_trace_full.json.gz
N102DZ,2025-05-13,airplanes-live,0,none,GV 555 LLC,N102DZ,N102DZ_2025-05-13_airplanes-live_trace_full.json.gz
N102DZ,2025-05-14,airplanes-live,0,none,GV 555 LLC,N102DZ,N102DZ_2025-05-14_airplanes-live_trace_full.json.gz
N102DZ,2025-05-15,airplanes-live,0,none,GV 555 LLC,N102DZ,N102DZ_2025-05-15_airplanes-live_trace_full.json.gz
N102DZ,2025-05-17,airplanes-live,0,none,GV 555 LLC,N102DZ,N102DZ_2025-05-17_airplanes-live_trace_full.json.gz
N102DZ,2025-05-20,airplanes-live,0,none,GV 555 LLC,N102DZ,N102DZ_2025-05-20_airplanes-live_trace_full.json.gz
N102DZ,2025-05-22,adsb-lol,0,none,GV 555 LLC,N102DZ,N102DZ_2025-05-22_adsb-lol_trace_full.json.gz
N102DZ,2025-05-22,airplanes-live,0,none,GV 555 LLC,N102DZ,N102DZ_2025-05-22_airplanes-live_trace_full.json.gz
N102DZ,2025-05-23,adsb-lol,0,none,GV 555 LLC,N102DZ,N102DZ_2025-05-23_adsb-lol_trace_full.json.gz
N102DZ,2025-05-23,airplanes-live,0,none,GV 555 LLC,N102DZ,N102DZ_2025-05-23_airplanes-live_trace_full.json.gz
N102DZ,2025-05-26,adsb-lol,0,none,GV 555 LLC,N102DZ,N102DZ_2025-05-26_adsb-lol_trace_full.json.gz
N102DZ,2025-05-26,airplanes-live,0,none,GV 555 LLC,N102DZ,N102DZ_2025-05-26_airplanes-live_trace_full.json.gz
N102DZ,2025-05-28,adsb-lol,0,none,GV 555 LLC,N102DZ,N102DZ_2025-05-28_adsb-lol_trace_full.json.gz
N102DZ,2025-05-28,airplanes-live,0,none,GV 555 LLC,N102DZ,N102DZ_2025-05-28_airplanes-live_trace_full.json.gz
N102DZ,2025-05-29,adsb-lol,0,none,GV 555 LLC,N102DZ,N102DZ_2025-05-29_adsb-lol_trace_full.json.gz
N102DZ,2025-05-29,airplanes-live,0,none,GV 555 LLC,N102DZ,N102DZ_2025-05-29_airplanes-live_trace_full.json.gz
N102DZ,2025-06-01,adsb-lol,0,none,GV 555 LLC,N102DZ,N102DZ_2025-06-01_adsb-lol_trace_full.json.gz
N102DZ,2025-06-01,adsbexchange-samples,0,none,GV 555 LLC,N102DZ,N102DZ_2025-06-01_adsbexchange-samples_trace_full.json
N102DZ,2025-06-01,airplanes-live,0,none,GV 555 LLC,N102DZ,N102DZ_2025-06-01_airplanes-live_trace_full.json.gz
N102DZ,2025-06-02,adsb-lol,0,none,GV 555 LLC,N102DZ,N102DZ_2025-06-02_adsb-lol_trace_full.json.gz
N102DZ,2025-06-02,airplanes-live,0,none,GV 555 LLC,N102DZ,N102DZ_2025-06-02_airplanes-live_trace_full.json.gz
N102DZ,2025-06-03,adsb-lol,0,none,GV 555 LLC,N102DZ,N102DZ_2025-06-03_adsb-lol_trace_full.json.gz
N102DZ,2025-06-03,airplanes-live,0,none,GV 555 LLC,N102DZ,N102DZ_2025-06-03_airplanes-live_trace_full.json.gz
N102DZ,2025-06-05,airplanes-live,0,none,GV 555 LLC,N102DZ,N102DZ_2025-06-05_airplanes-live_trace_full.json.gz
N102DZ,2025-06-06,airplanes-live,0,none,GV 555 LLC,N102DZ,N102DZ_2025-06-06_airplanes-live_trace_full.json.gz
N102DZ,2025-06-10,airplanes-live,0,none,GV 555 LLC,N102DZ,N102DZ_2025-06-10_airplanes-live_trace_full.json.gz
N102DZ,2025-06-12,adsb-lol,0,none,GV 555 LLC,N102DZ,N102DZ_2025-06-12_adsb-lol_trace_full.json.gz
N102DZ,2025-06-12,airplanes-live,0,none,GV 555 LLC,N102DZ,N102DZ_2025-06-12_airplanes-live_trace_full.json.gz
N102DZ,2025-06-17,adsb-lol,0,none,GV 555 LLC,N102DZ,N102DZ_2025-06-17_adsb-lol_trace_full.json.gz
N102DZ,2025-06-17,airplanes-live,0,none,GV 555 LLC,N102DZ,N102DZ_2025-06-17_airplanes-live_trace_full.json.gz
N102DZ,2025-06-18,adsb-lol,0,none,GV 555 LLC,N102DZ,N102DZ_2025-06-18_adsb-lol_trace_full.json.gz
N102DZ,2025-06-18,airplanes-live,0,none,GV 555 LLC,N102DZ,N102DZ_2025-06-18_airplanes-live_trace_full.json.gz
N102DZ,2025-06-22,airplanes-live,0,none,GV 555 LLC,N102DZ,N102DZ_2025-06-22_airplanes-live_trace_full.json.gz
N102DZ,2025-06-23,airplanes-live,0,none,GV 555 LLC,N102DZ,N102DZ_2025-06-23_airplanes-live_trace_full.json.gz
N102DZ,2025-06-25,airplanes-live,0,none,GV 555 LLC,N102DZ,N102DZ_2025-06-25_airplanes-live_trace_full.json.gz
N102DZ,2025-06-26,airplanes-live,0,none,GV 555 LLC,N102DZ,N102DZ_2025-06-26_airplanes-live_trace_full.json.gz
N102DZ,2025-06-27,airplanes-live,0,none,GV 555 LLC,N102DZ,N102DZ_2025-06-27_airplanes-live_trace_full.json.gz
N102DZ,2025-06-29,airplanes-live,0,none,GV 555 LLC,N102DZ,N102DZ_2025-06-29_airplanes-live_trace_full.json.gz
N102DZ,2025-07-01,adsbexchange-samples,0,none,GV 555 LLC,N102DZ,N102DZ_2025-07-01_adsbexchange-samples_trace_full.json
N102DZ,2025-07-01,airplanes-live,0,none,GV 555 LLC,N102DZ,N102DZ_2025-07-01_airplanes-live_trace_full.json.gz
N102DZ,2025-07-24,adsb-lol,0,none,GV 555 LLC,N102DZ,N102DZ_2025-07-24_adsb-lol_trace_full.json.gz
N102DZ,2025-07-24,airplanes-live,0,none,GV 555 LLC,N102DZ,N102DZ_2025-07-24_airplanes-live_trace_full.json.gz
N102DZ,2025-08-19,adsb-lol,0,none,GV 555 LLC,N102DZ,N102DZ_2025-08-19_adsb-lol_trace_full.json.gz
N102DZ,2025-08-19,airplanes-live,0,none,GV 555 LLC,N102DZ,N102DZ_2025-08-19_airplanes-live_trace_full.json.gz
N102DZ,2025-08-20,adsb-lol,0,none,GV 555 LLC,N102DZ,N102DZ_2025-08-20_adsb-lol_trace_full.json.gz
N102DZ,2025-08-20,airplanes-live,0,none,GV 555 LLC,N102DZ,N102DZ_2025-08-20_airplanes-live_trace_full.json.gz
N102DZ,2025-08-27,airplanes-live,0,none,GV 555 LLC,N102DZ,N102DZ_2025-08-27_airplanes-live_trace_full.json.gz
N102DZ,2025-09-01,adsb-lol,0,none,GV 555 LLC,N102DZ,N102DZ_2025-09-01_adsb-lol_trace_full.json
N102DZ,2025-09-01,adsbexchange-samples,0,none,GV 555 LLC,N102DZ,N102DZ_2025-09-01_adsbexchange-samples_trace_full.json
N102DZ,2025-09-01,airplanes-live,0,none,GV 555 LLC,N102DZ,N102DZ_2025-09-01_airplanes-live_trace_full.json
N102DZ,2025-09-02,adsb-lol,0,none,GV 555 LLC,N102DZ,N102DZ_2025-09-02_adsb-lol_trace_full.json
N102DZ,2025-09-02,airplanes-live,0,none,GV 555 LLC,N102DZ,N102DZ_2025-09-02_airplanes-live_trace_full.json
N102DZ,2025-09-03,adsb-lol,0,none,GV 555 LLC,N102DZ,N102DZ_2025-09-03_adsb-lol_trace_full.json
N102DZ,2025-09-03,airplanes-live,0,none,GV 555 LLC,N102DZ,N102DZ_2025-09-03_airplanes-live_trace_full.json
N102DZ,2025-09-04,adsb-lol,0,none,GV 555 LLC,N102DZ,N102DZ_2025-09-04_adsb-lol_trace_full.json
N102DZ,2025-09-04,airplanes-live,0,none,GV 555 LLC,N102DZ,N102DZ_2025-09-04_airplanes-live_trace_full.json
N102DZ,2025-09-05,adsb-lol,0,none,GV 555 LLC,N102DZ,N102DZ_2025-09-05_adsb-lol_trace_full.json
N102DZ,2025-09-05,airplanes-live,0,none,GV 555 LLC,N102DZ,N102DZ_2025-09-05_airplanes-live_trace_full.json
N102DZ,2025-09-08,adsb-lol,0,none,GV 555 LLC,N102DZ,N102DZ_2025-09-08_adsb-lol_trace_full.json
N102DZ,2025-09-08,airplanes-live,0,none,GV 555 LLC,N102DZ,N102DZ_2025-09-08_airplanes-live_trace_full.json
N102DZ,2025-09-10,adsb-lol,0,none,GV 555 LLC,N102DZ,N102DZ_2025-09-10_adsb-lol_trace_full.json
N102DZ,2025-09-10,airplanes-live,0,none,GV 555 LLC,N102DZ,N102DZ_2025-09-10_airplanes-live_trace_full.json
N102DZ,2025-09-11,adsb-lol,0,none,GV 555 LLC,N102DZ,N102DZ_2025-09-11_adsb-lol_trace_full.json
N102DZ,2025-09-11,airplanes-live,0,none,GV 555 LLC,N102DZ,N102DZ_2025-09-11_airplanes-live_trace_full.json
N102DZ,2025-09-14,adsb-lol,0,none,GV 555 LLC,N102DZ,N102DZ_2025-09-14_adsb-lol_trace_full.json
N102DZ,2025-09-14,airplanes-live,0,none,GV 555 LLC,N102DZ,N102DZ_2025-09-14_airplanes-live_trace_full.json
N102DZ,2025-09-15,adsb-lol,0,none,GV 555 LLC,N102DZ,N102DZ_2025-09-15_adsb-lol_trace_full.json
N102DZ,2025-09-15,airplanes-live,0,none,GV 555 LLC,N102DZ,N102DZ_2025-09-15_airplanes-live_trace_full.json
N102DZ,2025-09-19,adsb-lol,0,none,GV 555 LLC,N102DZ,N102DZ_2025-09-19_adsb-lol_trace_full.json.gz
N102DZ,2025-09-19,airplanes-live,0,none,GV 555 LLC,N102DZ,N102DZ_2025-09-19_airplanes-live_trace_full.json.gz
N102DZ,2025-09-20,adsb-lol,0,none,GV 555 LLC,N102DZ,N102DZ_2025-09-20_adsb-lol_trace_full.json.gz
N102DZ,2025-09-20,airplanes-live,0,none,GV 555 LLC,N102DZ,N102DZ_2025-09-20_airplanes-live_trace_full.json.gz
N102DZ,2025-09-22,adsb-lol,0,none,GV 555 LLC,N102DZ,N102DZ_2025-09-22_adsb-lol_trace_full.json.gz
N102DZ,2025-09-22,airplanes-live,0,none,GV 555 LLC,N102DZ,N102DZ_2025-09-22_airplanes-live_trace_full.json.gz
N102DZ,2025-09-23,adsb-lol,0,none,GV 555 LLC,N102DZ,N102DZ_2025-09-23_adsb-lol_trace_full.json.gz
N102DZ,2025-09-23,airplanes-live,0,none,GV 555 LLC,N102DZ,N102DZ_2025-09-23_airplanes-live_trace_full.json.gz
N102DZ,2025-09-24,adsb-lol,0,none,GV 555 LLC,N102DZ,N102DZ_2025-09-24_adsb-lol_trace_full.json.gz
N102DZ,2025-09-24,airplanes-live,0,none,GV 555 LLC,N102DZ,N102DZ_2025-09-24_airplanes-live_trace_full.json.gz
N102DZ,2025-10-08,adsb-lol,0,none,GV 555 LLC,N102DZ,N102DZ_2025-10-08_adsb-lol_trace_full.json
N102DZ,2025-10-08,airplanes-live,0,none,GV 555 LLC,N102DZ,N102DZ_2025-10-08_airplanes-live_trace_full.json
N102DZ,2025-10-09,adsb-lol,0,none,GV 555 LLC,N102DZ,N102DZ_2025-10-09_adsb-lol_trace_full.json
N102DZ,2025-10-09,airplanes-live,0,none,GV 555 LLC,N102DZ,N102DZ_2025-10-09_airplanes-live_trace_full.json
N102DZ,2025-10-13,adsblol-github-backup,0,none,GV 555 LLC,N102DZ,N102DZ_2025-10-13_adsblol-github-backup_trace_full.json
N102DZ,2025-10-13,airplanes-live,0,none,GV 555 LLC,N102DZ,N102DZ_2025-10-13_airplanes-live_trace_full.json
N102DZ,2025-10-15,airplanes-live,0,none,REGISTRATION PENDING,N102DZ,N102DZ_2025-10-15_airplanes-live_trace_full.json
N102DZ,2025-10-16,airplanes-live,0,none,REGISTRATION PENDING,N102DZ,N102DZ_2025-10-16_airplanes-live_trace_full.json
N102DZ,2025-10-20,airplanes-live,0,none,REGISTRATION PENDING,N102DZ,N102DZ_2025-10-20_airplanes-live_trace_full.json.gz
N102DZ,2025-10-21,airplanes-live,0,none,REGISTRATION PENDING,N102DZ,N102DZ_2025-10-21_airplanes-live_trace_full.json.gz
N102DZ,2025-10-22,airplanes-live,0,none,REGISTRATION PENDING,N102DZ,N102DZ_2025-10-22_airplanes-live_trace_full.json.gz
N102DZ,2025-10-29,airplanes-live,0,none,REGISTRATION PENDING,N102DZ,N102DZ_2025-10-29_airplanes-live_trace_full.json.gz
N102DZ,2025-10-30,airplanes-live,0,none,REGISTRATION PENDING,N102DZ,N102DZ_2025-10-30_airplanes-live_trace_full.json.gz
N102DZ,2025-11-06,airplanes-live,0,none,REGISTRATION PENDING,N102DZ,N102DZ_2025-11-06_airplanes-live_trace_full.json.gz
N102DZ,2025-11-07,airplanes-live,0,none,REGISTRATION PENDING,N102DZ,N102DZ_2025-11-07_airplanes-live_trace_full.json.gz
N102DZ,2025-11-09,airplanes-live,0,none,REGISTRATION PENDING,N102DZ,N102DZ_2025-11-09_airplanes-live_trace_full.json.gz
N102DZ,2025-11-11,airplanes-live,0,none,REGISTRATION PENDING,N102DZ,N102DZ_2025-11-11_airplanes-live_trace_full.json.gz
N102DZ,2025-11-14,airplanes-live,0,none,REGISTRATION PENDING,N102DZ,N102DZ_2025-11-14_airplanes-live_trace_full.json.gz
N102DZ,2025-11-15,airplanes-live,0,none,REGISTRATION PENDING,N102DZ,N102DZ_2025-11-15_airplanes-live_trace_full.json.gz
N102DZ,2025-11-21,airplanes-live,0,none,REGISTRATION PENDING,N102DZ,N102DZ_2025-11-21_airplanes-live_trace_full.json.gz
N102DZ,2025-11-22,airplanes-live,0,none,REGISTRATION PENDING,N102DZ,N102DZ_2025-11-22_airplanes-live_trace_full.json.gz
N102DZ,2025-11-30,airplanes-live,0,none,ELDERBERRY CHESTNUT LLC,N102DZ,N102DZ_2025-11-30_airplanes-live_trace_full.json.gz
N102DZ,2025-12-01,adsbexchange-samples,0,none,"ELDERBERRY CHESTNUT LLC, SUNNY BLUE SKY LLC, UST ENTERPRISES LLC",N102DZ,N102DZ_2025-12-01_adsbexchange-samples_trace_full.json
N102DZ,2025-12-01,airplanes-live,0,none,ELDERBERRY CHESTNUT LLC,N102DZ,N102DZ_2025-12-01_airplanes-live_trace_full.json.gz
N102DZ,2025-12-03,airplanes-live,0,none,ELDERBERRY CHESTNUT LLC,N102DZ,N102DZ_2025-12-03_airplanes-live_trace_full.json.gz
N102DZ,2025-12-04,airplanes-live,0,none,ELDERBERRY CHESTNUT LLC,N102DZ,N102DZ_2025-12-04_airplanes-live_trace_full.json.gz
N102DZ,2025-12-05,airplanes-live,0,none,ELDERBERRY CHESTNUT LLC,N102DZ,N102DZ_2025-12-05_airplanes-live_trace_full.json.gz
N102DZ,2025-12-06,airplanes-live,0,none,ELDERBERRY CHESTNUT LLC,N102DZ,N102DZ_2025-12-06_airplanes-live_trace_full.json.gz
N102DZ,2025-12-07,airplanes-live,0,none,ELDERBERRY CHESTNUT LLC,N102DZ,N102DZ_2025-12-07_airplanes-live_trace_full.json.gz
N102DZ,2025-12-08,airplanes-live,0,none,ELDERBERRY CHESTNUT LLC,N102DZ,N102DZ_2025-12-08_airplanes-live_trace_full.json.gz
N102DZ,2025-12-10,airplanes-live,0,none,ELDERBERRY CHESTNUT LLC,N102DZ,N102DZ_2025-12-10_airplanes-live_trace_full.json.gz
N102DZ,2025-12-11,airplanes-live,0,none,ELDERBERRY CHESTNUT LLC,N102DZ,N102DZ_2025-12-11_airplanes-live_trace_full.json.gz
N102DZ,2025-12-15,airplanes-live,0,none,ELDERBERRY CHESTNUT LLC,N102DZ,N102DZ_2025-12-15_airplanes-live_trace_full.json.gz
N102DZ,2025-12-16,airplanes-live,0,none,ELDERBERRY CHESTNUT LLC,N102DZ,N102DZ_2025-12-16_airplanes-live_trace_full.json.gz
N102DZ,2025-12-18,airplanes-live,0,none,ELDERBERRY CHESTNUT LLC,N102DZ,N102DZ_2025-12-18_airplanes-live_trace_full.json.gz
N102DZ,2025-12-19,airplanes-live,0,none,ELDERBERRY CHESTNUT LLC,N102DZ,N102DZ_2025-12-19_airplanes-live_trace_full.json.gz
N102DZ,2025-12-20,airplanes-live,0,none,ELDERBERRY CHESTNUT LLC,N102DZ,N102DZ_2025-12-20_airplanes-live_trace_full.json.gz
N102DZ,2025-12-21,airplanes-live,0,none,ELDERBERRY CHESTNUT LLC,N102DZ,N102DZ_2025-12-21_airplanes-live_trace_full.json.gz
N102DZ,2025-12-22,airplanes-live,0,none,ELDERBERRY CHESTNUT LLC,N102DZ,N102DZ_2025-12-22_airplanes-live_trace_full.json.gz
N102DZ,2025-12-27,airplanes-live,0,none,ELDERBERRY CHESTNUT LLC,N102DZ,N102DZ_2025-12-27_airplanes-live_trace_full.json.gz
N102DZ,2025-12-28,airplanes-live,0,none,ELDERBERRY CHESTNUT LLC,N102DZ,N102DZ_2025-12-28_airplanes-live_trace_full.json.gz
N102DZ,2026-01-03,airplanes-live,0,none,ELDERBERRY CHESTNUT LLC,N102DZ,N102DZ_2026-01-03_airplanes-live_trace_full.json.gz
N102DZ,2026-01-04,airplanes-live,0,none,ELDERBERRY CHESTNUT LLC,N102DZ,N102DZ_2026-01-04_airplanes-live_trace_full.json.gz
N102DZ,2026-01-05,airplanes-live,0,none,ELDERBERRY CHESTNUT LLC,N102DZ,N102DZ_2026-01-05_airplanes-live_trace_full.json.gz
N102DZ,2026-01-06,airplanes-live,0,none,ELDERBERRY CHESTNUT LLC,N102DZ,N102DZ_2026-01-06_airplanes-live_trace_full.json.gz
N102DZ,2026-01-07,airplanes-live,0,none,ELDERBERRY CHESTNUT LLC,N102DZ,N102DZ_2026-01-07_airplanes-live_trace_full.json.gz
N102DZ,2026-01-09,airplanes-live,0,none,ELDERBERRY CHESTNUT LLC,N102DZ,N102DZ_2026-01-09_airplanes-live_trace_full.json.gz
N102DZ,2026-01-10,airplanes-live,0,none,ELDERBERRY CHESTNUT LLC,N102DZ,N102DZ_2026-01-10_airplanes-live_trace_full.json.gz
N102DZ,2026-02-05,airplanes-live,0,none,ELDERBERRY CHESTNUT LLC,N102DZ,N102DZ_2026-02-05_airplanes-live_trace_full.json.gz
N102DZ,2026-02-06,airplanes-live,0,none,ELDERBERRY CHESTNUT LLC,N102DZ,N102DZ_2026-02-06_airplanes-live_trace_full.json.gz
N102DZ,2026-02-10,airplanes-live,0,none,ELDERBERRY CHESTNUT LLC,N102DZ,N102DZ_2026-02-10_airplanes-live_trace_full.json.gz
N102DZ,2026-02-11,airplanes-live,0,none,ELDERBERRY CHESTNUT LLC,N102DZ,N102DZ_2026-02-11_airplanes-live_trace_full.json.gz
N102DZ,2026-02-13,airplanes-live,0,none,ELDERBERRY CHESTNUT LLC,N102DZ,N102DZ_2026-02-13_airplanes-live_trace_full.json.gz
N102DZ,2026-02-14,airplanes-live,0,none,ELDERBERRY CHESTNUT LLC,N102DZ,N102DZ_2026-02-14_airplanes-live_trace_full.json.gz
N102DZ,2026-02-19,airplanes-live,0,none,ELDERBERRY CHESTNUT LLC,N102DZ,N102DZ_2026-02-19_airplanes-live_trace_full.json.gz
N102DZ,2026-02-21,airplanes-live,0,none,ELDERBERRY CHESTNUT LLC,N102DZ,N102DZ_2026-02-21_airplanes-live_trace_full.json.gz
N102DZ,2026-02-22,airplanes-live,0,none,ELDERBERRY CHESTNUT LLC,N102DZ,N102DZ_2026-02-22_airplanes-live_trace_full.json.gz
N102DZ,2026-02-23,airplanes-live,0,none,ELDERBERRY CHESTNUT LLC,N102DZ,N102DZ_2026-02-23_airplanes-live_trace_full.json.gz
N102DZ,2026-02-24,airplanes-live,0,none,ELDERBERRY CHESTNUT LLC,N102DZ,N102DZ_2026-02-24_airplanes-live_trace_full.json.gz
N102DZ,2026-02-25,airplanes-live,0,none,ELDERBERRY CHESTNUT LLC,N102DZ,N102DZ_2026-02-25_airplanes-live_trace_full.json.gz
N102DZ,2026-02-26,airplanes-live,0,none,ELDERBERRY CHESTNUT LLC,N102DZ,N102DZ_2026-02-26_airplanes-live_trace_full.json.gz
N102DZ,2026-02-28,airplanes-live,0,none,ELDERBERRY CHESTNUT LLC,N102DZ,N102DZ_2026-02-28_airplanes-live_trace_full.json.gz
N102DZ,2026-03-02,airplanes-live,0,none,ELDERBERRY CHESTNUT LLC,N102DZ,N102DZ_2026-03-02_airplanes-live_trace_full.json.gz
N102DZ,2026-03-04,airplanes-live,0,none,ELDERBERRY CHESTNUT LLC,N102DZ,N102DZ_2026-03-04_airplanes-live_trace_full.json.gz
N102DZ,2026-03-05,airplanes-live,0,none,ELDERBERRY CHESTNUT LLC,N102DZ,N102DZ_2026-03-05_airplanes-live_trace_full.json.gz
N102DZ,2026-03-07,airplanes-live,0,none,ELDERBERRY CHESTNUT LLC,N102DZ,N102DZ_2026-03-07_airplanes-live_trace_full.json.gz
N102DZ,2026-03-08,airplanes-live,0,none,ELDERBERRY CHESTNUT LLC,N102DZ,N102DZ_2026-03-08_airplanes-live_trace_full.json.gz
N102DZ,2026-03-09,airplanes-live,0,none,ELDERBERRY CHESTNUT LLC,N102DZ,N102DZ_2026-03-09_airplanes-live_trace_full.json.gz
N102DZ,2026-03-10,airplanes-live,0,none,ELDERBERRY CHESTNUT LLC,N102DZ,N102DZ_2026-03-10_airplanes-live_trace_full.json.gz
N102DZ,2026-03-12,airplanes-live,0,none,ELDERBERRY CHESTNUT LLC,N102DZ,N102DZ_2026-03-12_airplanes-live_trace_full.json.gz
N102DZ,2026-03-13,airplanes-live,0,none,ELDERBERRY CHESTNUT LLC,N102DZ,N102DZ_2026-03-13_airplanes-live_trace_full.json.gz
N102DZ,2026-03-14,airplanes-live,0,none,ELDERBERRY CHESTNUT LLC,N102DZ,N102DZ_2026-03-14_airplanes-live_trace_full.json.gz
N102DZ,2026-03-15,airplanes-live,0,none,ELDERBERRY CHESTNUT LLC,N102DZ,N102DZ_2026-03-15_airplanes-live_trace_full.json.gz
N102DZ,2026-03-16,airplanes-live,0,none,ELDERBERRY CHESTNUT LLC,N102DZ,N102DZ_2026-03-16_airplanes-live_trace_full.json.gz
N102DZ,2026-03-17,airplanes-live,0,none,ELDERBERRY CHESTNUT LLC,N102DZ,N102DZ_2026-03-17_airplanes-live_trace_full.json.gz
N102DZ,2026-03-18,airplanes-live,0,none,ELDERBERRY CHESTNUT LLC,N102DZ,N102DZ_2026-03-18_airplanes-live_trace_full.json.gz
N102DZ,2026-03-19,airplanes-live,0,none,ELDERBERRY CHESTNUT LLC,N102DZ,N102DZ_2026-03-19_airplanes-live_trace_full.json.gz
N102DZ,2026-03-20,airplanes-live,0,none,ELDERBERRY CHESTNUT LLC,N102DZ,N102DZ_2026-03-20_airplanes-live_trace_full.json.gz
N102DZ,2026-03-21,airplanes-live,0,none,ELDERBERRY CHESTNUT LLC,N102DZ,N102DZ_2026-03-21_airplanes-live_trace_full.json.gz
N102DZ,2026-03-23,airplanes-live,0,none,ELDERBERRY CHESTNUT LLC,N102DZ,N102DZ_2026-03-23_airplanes-live_trace_full.json.gz
N102DZ,2026-03-24,airplanes-live,0,none,ELDERBERRY CHESTNUT LLC,N102DZ,N102DZ_2026-03-24_airplanes-live_trace_full.json.gz
N102DZ,2026-03-25,airplanes-live,0,none,ELDERBERRY CHESTNUT LLC,N102DZ,N102DZ_2026-03-25_airplanes-live_trace_full.json.gz
N102DZ,2026-03-26,airplanes-live,0,none,ELDERBERRY CHESTNUT LLC,N102DZ,N102DZ_2026-03-26_airplanes-live_trace_full.json.gz
N102DZ,2026-03-28,airplanes-live,0,none,ELDERBERRY CHESTNUT LLC,N102DZ,N102DZ_2026-03-28_airplanes-live_trace_full.json.gz
N102DZ,2026-03-29,airplanes-live,0,none,ELDERBERRY CHESTNUT LLC,N102DZ,N102DZ_2026-03-29_airplanes-live_trace_full.json.gz
N102DZ,2026-03-30,airplanes-live,0,none,ELDERBERRY CHESTNUT LLC,N102DZ,N102DZ_2026-03-30_airplanes-live_trace_full.json.gz
N102DZ,2026-04-01,adsbexchange-samples,8,LADD,"ELDERBERRY CHESTNUT LLC, SUNNY BLUE SKY LLC, UST ENTERPRISES LLC",N102DZ,N102DZ_2026-04-01_adsbexchange-samples_trace_full.json
N102DZ,2026-04-01,airplanes-live,0,none,ELDERBERRY CHESTNUT LLC,N102DZ,N102DZ_2026-04-01_airplanes-live_trace_full.json.gz
N102DZ,2026-04-02,airplanes-live,0,none,ELDERBERRY CHESTNUT LLC,N102DZ,N102DZ_2026-04-02_airplanes-live_trace_full.json.gz
N102DZ,2026-04-03,airplanes-live,0,none,ELDERBERRY CHESTNUT LLC,N102DZ,N102DZ_2026-04-03_airplanes-live_trace_full.json.gz
N102DZ,2026-04-04,airplanes-live,0,none,ELDERBERRY CHESTNUT LLC,N102DZ,N102DZ_2026-04-04_airplanes-live_trace_full.json.gz
N102DZ,2026-04-05,airplanes-live,0,none,ELDERBERRY CHESTNUT LLC,N102DZ,N102DZ_2026-04-05_airplanes-live_trace_full.json.gz
N102DZ,2026-04-06,airplanes-live,0,none,ELDERBERRY CHESTNUT LLC,N102DZ,N102DZ_2026-04-06_airplanes-live_trace_full.json.gz
N102DZ,2026-04-07,airplanes-live,0,none,ELDERBERRY CHESTNUT LLC,N102DZ,N102DZ_2026-04-07_airplanes-live_trace_full.json.gz
N102DZ,2026-04-09,airplanes-live,0,none,ELDERBERRY CHESTNUT LLC,N102DZ,N102DZ_2026-04-09_airplanes-live_trace_full.json.gz
N102DZ,2026-04-10,airplanes-live,0,none,ELDERBERRY CHESTNUT LLC,N102DZ,N102DZ_2026-04-10_airplanes-live_trace_full.json.gz
N102DZ,2026-04-11,airplanes-live,0,none,ELDERBERRY CHESTNUT LLC,N102DZ,N102DZ_2026-04-11_airplanes-live_trace_full.json.gz
N102DZ,2026-04-12,airplanes-live,0,none,ELDERBERRY CHESTNUT LLC,N102DZ,N102DZ_2026-04-12_airplanes-live_trace_full.json.gz
N102DZ,2026-04-13,airplanes-live,0,none,ELDERBERRY CHESTNUT LLC,N102DZ,N102DZ_2026-04-13_airplanes-live_trace_full.json.gz
N102DZ,2026-04-14,airplanes-live,0,none,ELDERBERRY CHESTNUT LLC,N102DZ,N102DZ_2026-04-14_airplanes-live_trace_full.json.gz
N102DZ,2026-04-15,airplanes-live,0,none,ELDERBERRY CHESTNUT LLC,N102DZ,N102DZ_2026-04-15_airplanes-live_trace_full.json.gz
N102DZ,2026-04-17,airplanes-live,0,none,ELDERBERRY CHESTNUT LLC,N102DZ,N102DZ_2026-04-17_airplanes-live_trace_full.json.gz
N102DZ,2026-04-18,airplanes-live,0,none,ELDERBERRY CHESTNUT LLC,N102DZ,N102DZ_2026-04-18_airplanes-live_trace_full.json.gz
N102DZ,2026-04-19,airplanes-live,0,none,ELDERBERRY CHESTNUT LLC,N102DZ,N102DZ_2026-04-19_airplanes-live_trace_full.json.gz
N102DZ,2026-04-20,airplanes-live,0,none,ELDERBERRY CHESTNUT LLC,N102DZ,N102DZ_2026-04-20_airplanes-live_trace_full.json.gz
N102DZ,2026-04-21,airplanes-live,0,none,ELDERBERRY CHESTNUT LLC,N102DZ,N102DZ_2026-04-21_airplanes-live_trace_full.json.gz
N102DZ,2026-04-22,airplanes-live,0,none,ELDERBERRY CHESTNUT LLC,N102DZ,N102DZ_2026-04-22_airplanes-live_trace_full.json.gz
N102DZ,2026-04-23,airplanes-live,0,none,ELDERBERRY CHESTNUT LLC,N102DZ,N102DZ_2026-04-23_airplanes-live_trace_full.json.gz
N102DZ,2026-04-24,airplanes-live,0,none,ELDERBERRY CHESTNUT LLC,N102DZ,N102DZ_2026-04-24_airplanes-live_trace_full.json.gz
N102DZ,2026-04-25,airplanes-live,0,none,ELDERBERRY CHESTNUT LLC,N102DZ,N102DZ_2026-04-25_airplanes-live_trace_full.json
N102DZ,2026-04-26,airplanes-live,0,none,ELDERBERRY CHESTNUT LLC,N102DZ,N102DZ_2026-04-26_airplanes-live_trace_full.json
N102DZ,2026-04-29,airplanes-live,0,none,ELDERBERRY CHESTNUT LLC,N102DZ,N102DZ_2026-04-29_airplanes-live_trace_full.json
N102DZ,2026-04-30,airplanes-live,0,none,ELDERBERRY CHESTNUT LLC,N102DZ,N102DZ_2026-04-30_airplanes-live_trace_full.json
N102DZ,2026-05-02,airplanes-live,0,none,ELDERBERRY CHESTNUT LLC,N102DZ,N102DZ_2026-05-02_airplanes-live_trace_full.json
N102DZ,2026-05-03,airplanes-live,0,none,ELDERBERRY CHESTNUT LLC,N102DZ,N102DZ_2026-05-03_airplanes-live_trace_full.json
N102DZ,2026-05-04,airplanes-live,0,none,ELDERBERRY CHESTNUT LLC,N102DZ,N102DZ_2026-05-04_airplanes-live_trace_full.json
N102DZ,2026-05-05,airplanes-live,0,none,ELDERBERRY CHESTNUT LLC,N102DZ,N102DZ_2026-05-05_airplanes-live_trace_full.json
N102DZ,2026-05-06,airplanes-live,0,none,ELDERBERRY CHESTNUT LLC,N102DZ,N102DZ_2026-05-06_airplanes-live_trace_full.json
N102DZ,2026-05-07,airplanes-live,0,none,ELDERBERRY CHESTNUT LLC,N102DZ,N102DZ_2026-05-07_airplanes-live_trace_full.json
N102DZ,2026-05-09,airplanes-live,0,none,ELDERBERRY CHESTNUT LLC,N102DZ,N102DZ_2026-05-09_airplanes-live_trace_full.json
N102DZ,2026-05-10,airplanes-live,0,none,ELDERBERRY CHESTNUT LLC,N102DZ,N102DZ_2026-05-10_airplanes-live_trace_full.json
N102DZ,2026-05-11,airplanes-live,0,none,ELDERBERRY CHESTNUT LLC,N102DZ,N102DZ_2026-05-11_airplanes-live_trace_full.json
N102DZ,2026-05-12,airplanes-live,0,none,ELDERBERRY CHESTNUT LLC,N102DZ,N102DZ_2026-05-12_airplanes-live_trace_full.json
N102DZ,2026-05-13,airplanes-live,0,none,ELDERBERRY CHESTNUT LLC,N102DZ,N102DZ_2026-05-13_airplanes-live_trace_full.json
N102DZ,2026-05-14,airplanes-live,0,none,ELDERBERRY CHESTNUT LLC,N102DZ,N102DZ_2026-05-14_airplanes-live_trace_full.json
N102DZ,2026-05-15,airplanes-live,0,none,ELDERBERRY CHESTNUT LLC,N102DZ,N102DZ_2026-05-15_airplanes-live_trace_full.json
N102DZ,2026-05-16,airplanes-live,0,none,ELDERBERRY CHESTNUT LLC,N102DZ,N102DZ_2026-05-16_airplanes-live_trace_full.json
N102DZ,2026-05-17,airplanes-live,0,none,ELDERBERRY CHESTNUT LLC,N102DZ,N102DZ_2026-05-17_airplanes-live_trace_full.json
N102DZ,2026-05-18,airplanes-live,0,none,ELDERBERRY CHESTNUT LLC,N102DZ,N102DZ_2026-05-18_airplanes-live_trace_full.json
N102DZ,2026-05-20,airplanes-live,8,LADD,ELDERBERRY CHESTNUT LLC,N102DZ,N102DZ_2026-05-20_airplanes-live_trace_full.json
N102DZ,2026-05-21,airplanes-live,8,LADD,ELDERBERRY CHESTNUT LLC,N102DZ,N102DZ_2026-05-21_airplanes-live_trace_full.json
N102DZ,2026-05-22,airplanes-live,8,LADD,ELDERBERRY CHESTNUT LLC,N102DZ,N102DZ_2026-05-22_airplanes-live_trace_full.json
N102DZ,2026-05-23,airplanes-live,8,LADD,ELDERBERRY CHESTNUT LLC,N102DZ,N102DZ_2026-05-23_airplanes-live_trace_full.json
N102DZ,2026-05-24,airplanes-live,8,LADD,ELDERBERRY CHESTNUT LLC,N102DZ,N102DZ_2026-05-24_airplanes-live_trace_full.json
N102DZ,2026-05-25,airplanes-live,8,LADD,ELDERBERRY CHESTNUT LLC,N102DZ,N102DZ_2026-05-25_airplanes-live_trace_full.json
N102DZ,2026-05-27,airplanes-live,8,LADD,ELDERBERRY CHESTNUT LLC,N102DZ,N102DZ_2026-05-27_airplanes-live_trace_full.json
N102DZ,2026-05-28,airplanes-live,8,LADD,ELDERBERRY CHESTNUT LLC,N102DZ,N102DZ_2026-05-28_airplanes-live_trace_full.json
N102DZ,2026-05-29,airplanes-live,8,LADD,ELDERBERRY CHESTNUT LLC,N102DZ,N102DZ_2026-05-29_airplanes-live_trace_full.json
N102DZ,2026-05-31,airplanes-live,8,LADD,ELDERBERRY CHESTNUT LLC,N102DZ,N102DZ_2026-05-31_airplanes-live_trace_full.json
N102DZ,2026-06-01,adsbexchange-samples,8,LADD,"ELDERBERRY CHESTNUT LLC, SUNNY BLUE SKY LLC, UST ENTERPRISES LLC",N102DZ,N102DZ_2026-06-01_adsbexchange-samples_trace_full.json
N102DZ,2026-06-01,airplanes-live,8,LADD,ELDERBERRY CHESTNUT LLC,N102DZ,N102DZ_2026-06-01_airplanes-live_trace_full.json
N102DZ,2026-06-02,airplanes-live,8,LADD,ELDERBERRY CHESTNUT LLC,N102DZ,N102DZ_2026-06-02_airplanes-live_trace_full.json
N102DZ,2026-06-03,airplanes-live,8,LADD,ELDERBERRY CHESTNUT LLC,N102DZ,N102DZ_2026-06-03_airplanes-live_trace_full.json
N102DZ,2026-06-04,airplanes-live,8,LADD,ELDERBERRY CHESTNUT LLC,N102DZ,N102DZ_2026-06-04_airplanes-live_trace_full.json
N102DZ,2026-06-05,airplanes-live,8,LADD,ELDERBERRY CHESTNUT LLC,N102DZ,N102DZ_2026-06-05_airplanes-live_trace_full.json
N102DZ,2026-06-06,airplanes-live,8,LADD,ELDERBERRY CHESTNUT LLC,N102DZ,N102DZ_2026-06-06_airplanes-live_trace_full.json.gz
N102DZ,2026-06-10,airplanes-live,8,LADD,ELDERBERRY CHESTNUT LLC,N102DZ,N102DZ_2026-06-10_airplanes-live_trace_full.json.gz
N102DZ,2026-06-11,airplanes-live,8,LADD,ELDERBERRY CHESTNUT LLC,N102DZ,N102DZ_2026-06-11_airplanes-live_trace_full.json.gz
N102DZ,2026-06-12,airplanes-live,8,LADD,ELDERBERRY CHESTNUT LLC,N102DZ,N102DZ_2026-06-12_airplanes-live_trace_full.json.gz
N102DZ,2026-06-13,airplanes-live,8,LADD,ELDERBERRY CHESTNUT LLC,N102DZ,N102DZ_2026-06-13_airplanes-live_trace_full.json.gz
N102DZ,2026-06-14,airplanes-live,8,LADD,ELDERBERRY CHESTNUT LLC,N102DZ,N102DZ_2026-06-14_airplanes-live_trace_full.json.gz
N102DZ,2026-06-15,airplanes-live,8,LADD,ELDERBERRY CHESTNUT LLC,N102DZ,N102DZ_2026-06-15_airplanes-live_trace_full.json.gz
N102DZ,2026-06-16,airplanes-live,8,LADD,ELDERBERRY CHESTNUT LLC,N102DZ,N102DZ_2026-06-16_airplanes-live_trace_full.json.gz
N102DZ,2026-06-18,airplanes-live,8,LADD,ELDERBERRY CHESTNUT LLC,N102DZ,N102DZ_2026-06-18_airplanes-live_trace_full.json.gz
N102DZ,2026-06-20,airplanes-live,8,LADD,ELDERBERRY CHESTNUT LLC,N102DZ,N102DZ_2026-06-20_airplanes-live_trace_full.json.gz
N102DZ,2026-06-21,airplanes-live,8,LADD,ELDERBERRY CHESTNUT LLC,N102DZ,N102DZ_2026-06-21_airplanes-live_trace_full.json.gz
N102DZ,2026-06-22,airplanes-live,8,LADD,ELDERBERRY CHESTNUT LLC,N102DZ,N102DZ_2026-06-22_airplanes-live_trace_full.json.gz
N102DZ,2026-06-23,airplanes-live,8,LADD,ELDERBERRY CHESTNUT LLC,N102DZ,N102DZ_2026-06-23_airplanes-live_trace_full.json.gz
N102DZ,2026-06-24,airplanes-live,8,LADD,ELDERBERRY CHESTNUT LLC,N102DZ,N102DZ_2026-06-24_airplanes-live_trace_full.json.gz
N102DZ,2026-06-26,airplanes-live,8,LADD,ELDERBERRY CHESTNUT LLC,N102DZ,N102DZ_2026-06-26_airplanes-live_trace_full.json.gz
N102DZ,2026-06-27,airplanes-live,8,LADD,ELDERBERRY CHESTNUT LLC,N102DZ,N102DZ_2026-06-27_airplanes-live_trace_full.json.gz
N102DZ,2026-06-28,airplanes-live,8,LADD,ELDERBERRY CHESTNUT LLC,N102DZ,N102DZ_2026-06-28_airplanes-live_trace_full.json.gz
N102DZ,2026-07-02,airplanes-live,8,LADD,ELDERBERRY CHESTNUT LLC,N102DZ,N102DZ_2026-07-02_airplanes-live_trace_full.json.gz
N102DZ,2026-07-06,airplanes-live,8,LADD,ELDERBERRY CHESTNUT LLC,N102DZ,N102DZ_2026-07-06_airplanes-live_trace_full.json.gz
N102DZ,2026-07-07,airplanes-live,8,LADD,ELDERBERRY CHESTNUT LLC,N102DZ,N102DZ_2026-07-07_airplanes-live_trace_full.json.gz
N102DZ,2026-07-08,airplanes-live,8,LADD,ELDERBERRY CHESTNUT LLC,N102DZ,N102DZ_2026-07-08_airplanes-live_trace_full.json.gz
N102DZ,2026-07-09,airplanes-live,8,LADD,ELDERBERRY CHESTNUT LLC,N102DZ,N102DZ_2026-07-09_airplanes-live_trace_full.json.gz
N102DZ,2026-07-10,airplanes-live,8,LADD,ELDERBERRY CHESTNUT LLC,N102DZ,N102DZ_2026-07-10_airplanes-live_trace_full.json.gz
N102DZ,2026-07-11,airplanes-live,8,LADD,ELDERBERRY CHESTNUT LLC,N102DZ,N102DZ_2026-07-11_airplanes-live_trace_full.json.gz
N102DZ,2026-07-12,airplanes-live,8,LADD,ELDERBERRY CHESTNUT LLC,N102DZ,N102DZ_2026-07-12_airplanes-live_trace_full.json.gz
N102DZ,2026-07-13,airplanes-live,8,LADD,ELDERBERRY CHESTNUT LLC,N102DZ,N102DZ_2026-07-13_airplanes-live_trace_full.json.gz
N102DZ,2026-07-14,airplanes-live,8,LADD,ELDERBERRY CHESTNUT LLC,N102DZ,N102DZ_2026-07-14_airplanes-live_trace_full.json.gz
N102DZ,2026-07-18,airplanes-live,8,LADD,ELDERBERRY CHESTNUT LLC,N102DZ,N102DZ_2026-07-18_airplanes-live_trace_full.json.gz
N102DZ,2026-07-19,airplanes-live,8,LADD,ELDERBERRY CHESTNUT LLC,N102DZ,N102DZ_2026-07-19_airplanes-live_trace_full.json.gz
N102DZ,2026-07-20,airplanes-live,8,LADD,ELDERBERRY CHESTNUT LLC,N102DZ,N102DZ_2026-07-20_airplanes-live_trace_full.json.gz
N102DZ,2026-07-22,airplanes-live,8,LADD,ELDERBERRY CHESTNUT LLC,N102DZ,N102DZ_2026-07-22_airplanes-live_trace_full.json.gz
N102DZ,2026-07-23,airplanes-live,8,LADD,ELDERBERRY CHESTNUT LLC,N102DZ,N102DZ_2026-07-23_airplanes-live_trace_full.json.gz
N102DZ,2026-07-24,airplanes-live,8,LADD,ELDERBERRY CHESTNUT LLC,N102DZ,N102DZ_2026-07-24_airplanes-live_trace_full.json.gz
N102DZ,2026-07-25,airplanes-live,8,LADD,ELDERBERRY CHESTNUT LLC,N102DZ,N102DZ_2026-07-25_airplanes-live_trace_full.json.gz
N102DZ,2026-07-28,airplanes-live,8,LADD,ELDERBERRY CHESTNUT LLC,N102DZ,N102DZ_2026-07-28_airplanes-live_trace_full.json.gz
N102DZ,2026-07-29,airplanes-live,8,LADD,ELDERBERRY CHESTNUT LLC,N102DZ,N102DZ_2026-07-29_airplanes-live_trace_full.json.gz
N102DZ,2026-07-30,airplanes-live,8,LADD,ELDERBERRY CHESTNUT LLC,N102DZ,N102DZ_2026-07-30_airplanes-live_trace_full.json.gz
N102DZ,2026-07-31,airplanes-live,8,LADD,ELDERBERRY CHESTNUT LLC,N102DZ,N102DZ_2026-07-31_airplanes-live_trace_full.json.gz
N102DZ,2026-08-02,airplanes-live,8,LADD,ELDERBERRY CHESTNUT LLC,N102DZ,N102DZ_2026-08-02_airplanes-live_trace_full.json.gz
N102DZ,2026-08-09,airplanes-live,8,LADD,ELDERBERRY CHESTNUT LLC,N102DZ,N102DZ_2026-08-09_airplanes-live_trace_full.json.gz
N102DZ,2026-08-11,airplanes-live,8,LADD,ELDERBERRY CHESTNUT LLC,N102DZ,N102DZ_2026-08-11_airplanes-live_trace_full.json.gz
N102DZ,2026-08-12,airplanes-live,8,LADD,ELDERBERRY CHESTNUT LLC,N102DZ,N102DZ_2026-08-12_airplanes-live_trace_full.json.gz
N102DZ,2026-08-13,airplanes-live,8,LADD,ELDERBERRY CHESTNUT LLC,N102DZ,N102DZ_2026-08-13_airplanes-live_trace_full.json.gz
N102DZ,2026-08-16,airplanes-live,8,LADD,ELDERBERRY CHESTNUT LLC,N102DZ,N102DZ_2026-08-16_airplanes-live_trace_full.json.gz
N102DZ,2026-08-17,airplanes-live,8,LADD,ELDERBERRY CHESTNUT LLC,N102DZ,N102DZ_2026-08-17_airplanes-live_trace_full.json.gz
N102DZ,2026-08-18,airplanes-live,8,LADD,ELDERBERRY CHESTNUT LLC,N102DZ,N102DZ_2026-08-18_airplanes-live_trace_full.json.gz
N102DZ,2026-08-19,airplanes-live,8,LADD,ELDERBERRY CHESTNUT LLC,N102DZ,N102DZ_2026-08-19_airplanes-live_trace_full.json.gz
N102DZ,2026-08-20,airplanes-live,8,LADD,ELDERBERRY CHESTNUT LLC,N102DZ,N102DZ_2026-08-20_airplanes-live_trace_full.json.gz
N102DZ,2026-08-21,airplanes-live,8,LADD,ELDERBERRY CHESTNUT LLC,N102DZ,N102DZ_2026-08-21_airplanes-live_trace_full.json.gz
N102DZ,2026-08-22,airplanes-live,8,LADD,ELDERBERRY CHESTNUT LLC,N102DZ,N102DZ_2026-08-22_airplanes-live_trace_full.json.gz
N102DZ,2026-08-24,airplanes-live,8,LADD,ELDERBERRY CHESTNUT LLC,N102DZ,N102DZ_2026-08-24_airplanes-live_trace_full.json.gz
N102DZ,2026-08-26,airplanes-live,8,LADD,ELDERBERRY CHESTNUT LLC,N102DZ,N102DZ_2026-08-26_airplanes-live_trace_full.json.gz
N102DZ,2026-08-27,airplanes-live,8,LADD,ELDERBERRY CHESTNUT LLC,N102DZ,N102DZ_2026-08-27_airplanes-live_trace_full.json.gz
N102DZ,2026-08-28,airplanes-live,8,LADD,ELDERBERRY CHESTNUT LLC,N102DZ,N102DZ_2026-08-28_airplanes-live_trace_full.json.gz
N102DZ,2026-08-29,airplanes-live,8,LADD,ELDERBERRY CHESTNUT LLC,N102DZ,N102DZ_2026-08-29_airplanes-live_trace_full.json.gz
N102DZ,2026-08-30,airplanes-live,8,LADD,ELDERBERRY CHESTNUT LLC,N102DZ,N102DZ_2026-08-30_airplanes-live_trace_full.json.gz
N102DZ,2026-08-31,airplanes-live,8,LADD,ELDERBERRY CHESTNUT LLC,N102DZ,N102DZ_2026-08-31_airplanes-live_trace_full.json.gz
N102DZ,2026-09-01,airplanes-live,8,LADD,ELDERBERRY CHESTNUT LLC,N102DZ,N102DZ_2026-09-01_airplanes-live_trace_full.json.gz
N102DZ,2026-09-02,airplanes-live,8,LADD,ELDERBERRY CHESTNUT LLC,N102DZ,N102DZ_2026-09-02_airplanes-live_trace_full.json.gz
N102DZ,2026-09-04,airplanes-live,8,LADD,ELDERBERRY CHESTNUT LLC,N102DZ,N102DZ_2026-09-04_airplanes-live_trace_full.json.gz
N102DZ,2026-09-05,airplanes-live,8,LADD,ELDERBERRY CHESTNUT LLC,N102DZ,N102DZ_2026-09-05_airplanes-live_trace_full.json.gz
N102DZ,2026-09-06,airplanes-live,8,LADD,ELDERBERRY CHESTNUT LLC,N102DZ,N102DZ_2026-09-06_airplanes-live_trace_full.json.gz
N102DZ,2026-09-07,airplanes-live,8,LADD,ELDERBERRY CHESTNUT LLC,N102DZ,N102DZ_2026-09-07_airplanes-live_trace_full.json.gz
N102DZ,2026-09-08,airplanes-live,8,LADD,ELDERBERRY CHESTNUT LLC,N102DZ,N102DZ_2026-09-08_airplanes-live_trace_full.json.gz
N102DZ,2026-09-09,airplanes-live,8,LADD,ELDERBERRY CHESTNUT LLC,N102DZ,N102DZ_2026-09-09_airplanes-live_trace_full.json.gz
N102DZ,2026-09-11,airplanes-live,8,LADD,ELDERBERRY CHESTNUT LLC,N102DZ,N102DZ_2026-09-11_airplanes-live_trace_full.json.gz
N102DZ,2026-09-12,airplanes-live,8,LADD,ELDERBERRY CHESTNUT LLC,N102DZ,N102DZ_2026-09-12_airplanes-live_trace_full.json.gz
N102DZ,2026-09-13,airplanes-live,8,LADD,ELDERBERRY CHESTNUT LLC,N102DZ,N102DZ_2026-09-13_airplanes-live_trace_full.json.gz
N102DZ,2026-09-14,airplanes-live,8,LADD,ELDERBERRY CHESTNUT LLC,N102DZ,N102DZ_2026-09-14_airplanes-live_trace_full.json.gz
N102DZ,2026-09-15,airplanes-live,8,LADD,ELDERBERRY CHESTNUT LLC,N102DZ,N102DZ_2026-09-15_airplanes-live_trace_full.json.gz
N102DZ,2026-09-16,airplanes-live,8,LADD,ELDERBERRY CHESTNUT LLC,N102DZ,N102DZ_2026-09-16_airplanes-live_trace_full.json.gz
N108MS,2023-02-06,airplanes-live,8,LADD,YONA AVIATION II LLC,N108MS,N108MS_2023-02-06_airplanes-live_trace_full.json.gz
N108MS,2023-02-07,airplanes-live,8,LADD,YONA AVIATION II LLC,N108MS,N108MS_2023-02-07_airplanes-live_trace_full.json.gz
N108MS,2023-02-08,airplanes-live,8,LADD,YONA AVIATION II LLC,N108MS,N108MS_2023-02-08_airplanes-live_trace_full.json.gz
N108MS,2023-02-10,airplanes-live,8,LADD,YONA AVIATION II LLC,N108MS,N108MS_2023-02-10_airplanes-live_trace_full.json.gz
N108MS,2023-02-17,airplanes-live,8,LADD,YONA AVIATION II LLC,N108MS,N108MS_2023-02-17_airplanes-live_trace_full.json.gz
N108MS,2023-02-18,airplanes-live,8,LADD,YONA AVIATION II LLC,N108MS,N108MS_2023-02-18_airplanes-live_trace_full.json.gz
N108MS,2023-02-26,airplanes-live,8,LADD,YONA AVIATION II LLC,N108MS,N108MS_2023-02-26_airplanes-live_trace_full.json.gz
N108MS,2023-02-27,airplanes-live,8,LADD,YONA AVIATION II LLC,N108MS,N108MS_2023-02-27_airplanes-live_trace_full.json.gz
N108MS,2023-02-28,airplanes-live,8,LADD,YONA AVIATION II LLC,N108MS,N108MS_2023-02-28_airplanes-live_trace_full.json.gz
N108MS,2023-03-07,airplanes-live,8,LADD,YONA AVIATION II LLC,N108MS,N108MS_2023-03-07_airplanes-live_trace_full.json.gz
N108MS,2023-03-08,airplanes-live,8,LADD,YONA AVIATION II LLC,N108MS,N108MS_2023-03-08_airplanes-live_trace_full.json.gz
N108MS,2023-03-10,airplanes-live,0,none,,N108MS,N108MS_2023-03-10_airplanes-live_trace_full.json.gz
N108MS,2023-03-31,airplanes-live,0,none,,N108MS,N108MS_2023-03-31_airplanes-live_trace_full.json.gz
N108MS,2023-04-02,airplanes-live,0,none,,N108MS,N108MS_2023-04-02_airplanes-live_trace_full.json.gz
N108MS,2023-04-08,airplanes-live,0,none,,N108MS,N108MS_2023-04-08_airplanes-live_trace_full.json.gz
N108MS,2023-04-09,airplanes-live,0,none,,N108MS,N108MS_2023-04-09_airplanes-live_trace_full.json.gz
N108MS,2023-04-11,airplanes-live,0,none,,N108MS,N108MS_2023-04-11_airplanes-live_trace_full.json.gz
N108MS,2023-04-12,airplanes-live,0,none,,N108MS,N108MS_2023-04-12_airplanes-live_trace_full.json.gz
N108MS,2023-04-17,airplanes-live,0,none,,N108MS,N108MS_2023-04-17_airplanes-live_trace_full.json.gz
N108MS,2023-04-18,airplanes-live,0,none,,N108MS,N108MS_2023-04-18_airplanes-live_trace_full.json.gz
N108MS,2023-04-19,airplanes-live,0,none,,N108MS,N108MS_2023-04-19_airplanes-live_trace_full.json.gz
N108MS,2023-04-20,airplanes-live,0,none,,N108MS,N108MS_2023-04-20_airplanes-live_trace_full.json.gz
N108MS,2023-04-26,airplanes-live,0,none,,N108MS,N108MS_2023-04-26_airplanes-live_trace_full.json.gz
N108MS,2023-04-30,airplanes-live,0,none,,N108MS,N108MS_2023-04-30_airplanes-live_trace_full.json.gz
N108MS,2023-05-01,airplanes-live,0,none,,N108MS,N108MS_2023-05-01_airplanes-live_trace_full.json.gz
N108MS,2023-05-02,airplanes-live,0,none,,N108MS,N108MS_2023-05-02_airplanes-live_trace_full.json.gz
N108MS,2023-05-03,airplanes-live,0,none,,N108MS,N108MS_2023-05-03_airplanes-live_trace_full.json.gz
N108MS,2023-05-04,airplanes-live,0,none,,N108MS,N108MS_2023-05-04_airplanes-live_trace_full.json.gz
N108MS,2023-05-08,airplanes-live,0,none,,N108MS,N108MS_2023-05-08_airplanes-live_trace_full.json.gz
N108MS,2023-05-12,airplanes-live,0,none,,N108MS,N108MS_2023-05-12_airplanes-live_trace_full.json.gz
N108MS,2023-05-17,airplanes-live,0,none,,N108MS,N108MS_2023-05-17_airplanes-live_trace_full.json.gz
N108MS,2023-05-22,airplanes-live,0,none,,N108MS,N108MS_2023-05-22_airplanes-live_trace_full.json.gz
N108MS,2023-06-07,airplanes-live,0,none,,N108MS,N108MS_2023-06-07_airplanes-live_trace_full.json.gz
N108MS,2023-06-27,airplanes-live,0,none,,N108MS,N108MS_2023-06-27_airplanes-live_trace_full.json.gz
N108MS,2023-06-28,airplanes-live,0,none,,N108MS,N108MS_2023-06-28_airplanes-live_trace_full.json.gz
N108MS,2023-07-06,airplanes-live,0,none,,N108MS,N108MS_2023-07-06_airplanes-live_trace_full.json.gz
N108MS,2023-07-10,airplanes-live,0,none,,N108MS,N108MS_2023-07-10_airplanes-live_trace_full.json.gz
N108MS,2023-07-11,airplanes-live,0,none,,N108MS,N108MS_2023-07-11_airplanes-live_trace_full.json.gz
N108MS,2023-07-18,airplanes-live,0,none,,N108MS,N108MS_2023-07-18_airplanes-live_trace_full.json.gz
N108MS,2023-07-19,airplanes-live,0,none,,N108MS,N108MS_2023-07-19_airplanes-live_trace_full.json.gz
N108MS,2023-07-25,airplanes-live,0,none,,N108MS,N108MS_2023-07-25_airplanes-live_trace_full.json.gz
N108MS,2023-07-27,airplanes-live,0,none,,N108MS,N108MS_2023-07-27_airplanes-live_trace_full.json.gz
N108MS,2023-07-28,airplanes-live,0,none,,N108MS,N108MS_2023-07-28_airplanes-live_trace_full.json.gz
N108MS,2023-08-04,airplanes-live,0,none,,N108MS,N108MS_2023-08-04_airplanes-live_trace_full.json.gz
N108MS,2023-08-05,airplanes-live,0,none,,N108MS,N108MS_2023-08-05_airplanes-live_trace_full.json.gz
N108MS,2023-08-06,airplanes-live,0,none,,N108MS,N108MS_2023-08-06_airplanes-live_trace_full.json.gz
N108MS,2023-08-07,airplanes-live,0,none,,N108MS,N108MS_2023-08-07_airplanes-live_trace_full.json.gz
N108MS,2023-08-09,airplanes-live,0,none,,N108MS,N108MS_2023-08-09_airplanes-live_trace_full.json.gz
N108MS,2023-08-12,airplanes-live,0,none,,N108MS,N108MS_2023-08-12_airplanes-live_trace_full.json.gz
N108MS,2023-08-14,airplanes-live,0,none,,N108MS,N108MS_2023-08-14_airplanes-live_trace_full.json.gz
N108MS,2023-08-16,airplanes-live,0,none,,N108MS,N108MS_2023-08-16_airplanes-live_trace_full.json.gz
N108MS,2023-08-17,airplanes-live,0,none,,N108MS,N108MS_2023-08-17_airplanes-live_trace_full.json.gz
N108MS,2023-08-18,airplanes-live,0,none,,N108MS,N108MS_2023-08-18_airplanes-live_trace_full.json.gz
N108MS,2023-08-21,airplanes-live,0,none,,N108MS,N108MS_2023-08-21_airplanes-live_trace_full.json.gz
N108MS,2023-08-26,airplanes-live,0,none,,N108MS,N108MS_2023-08-26_airplanes-live_trace_full.json.gz
N108MS,2023-08-27,airplanes-live,0,none,,N108MS,N108MS_2023-08-27_airplanes-live_trace_full.json.gz
N108MS,2023-10-05,airplanes-live,8,LADD,YONA AVIATION II LLC,N108MS,N108MS_2023-10-05_airplanes-live_trace_full.json.gz
N108MS,2023-10-08,airplanes-live,8,LADD,YONA AVIATION II LLC,N108MS,N108MS_2023-10-08_airplanes-live_trace_full.json.gz
N108MS,2023-10-10,airplanes-live,8,LADD,YONA AVIATION II LLC,N108MS,N108MS_2023-10-10_airplanes-live_trace_full.json.gz
N108MS,2023-10-11,airplanes-live,8,LADD,YONA AVIATION II LLC,N108MS,N108MS_2023-10-11_airplanes-live_trace_full.json.gz
N108MS,2023-10-13,airplanes-live,8,LADD,YONA AVIATION II LLC,N108MS,N108MS_2023-10-13_airplanes-live_trace_full.json.gz
N108MS,2023-10-17,airplanes-live,8,LADD,YONA AVIATION II LLC,N108MS,N108MS_2023-10-17_airplanes-live_trace_full.json.gz
N108MS,2023-10-19,airplanes-live,8,LADD,YONA AVIATION II LLC,N108MS,N108MS_2023-10-19_airplanes-live_trace_full.json.gz
N108MS,2023-10-23,airplanes-live,8,LADD,YONA AVIATION II LLC,N108MS,N108MS_2023-10-23_airplanes-live_trace_full.json.gz
N108MS,2023-10-27,airplanes-live,8,LADD,YONA AVIATION II LLC,N108MS,N108MS_2023-10-27_airplanes-live_trace_full.json.gz
N108MS,2023-10-29,airplanes-live,8,LADD,YONA AVIATION II LLC,N108MS,N108MS_2023-10-29_airplanes-live_trace_full.json.gz
N108MS,2023-10-30,airplanes-live,8,LADD,YONA AVIATION II LLC,N108MS,N108MS_2023-10-30_airplanes-live_trace_full.json.gz
N108MS,2023-10-31,airplanes-live,8,LADD,YONA AVIATION II LLC,N108MS,N108MS_2023-10-31_airplanes-live_trace_full.json.gz
N108MS,2023-11-01,airplanes-live,8,LADD,YONA AVIATION II LLC,N108MS,N108MS_2023-11-01_airplanes-live_trace_full.json.gz
N108MS,2023-11-03,airplanes-live,8,LADD,YONA AVIATION II LLC,N108MS,N108MS_2023-11-03_airplanes-live_trace_full.json.gz
N108MS,2023-11-04,airplanes-live,8,LADD,YONA AVIATION II LLC,N108MS,N108MS_2023-11-04_airplanes-live_trace_full.json.gz
N108MS,2023-11-06,airplanes-live,8,LADD,YONA AVIATION II LLC,N108MS,N108MS_2023-11-06_airplanes-live_trace_full.json.gz
N108MS,2023-11-07,airplanes-live,8,LADD,YONA AVIATION II LLC,N108MS,N108MS_2023-11-07_airplanes-live_trace_full.json.gz
N108MS,2023-11-11,airplanes-live,8,LADD,YONA AVIATION II LLC,N108MS,N108MS_2023-11-11_airplanes-live_trace_full.json.gz
N108MS,2023-11-13,airplanes-live,8,LADD,YONA AVIATION II LLC,N108MS,N108MS_2023-11-13_airplanes-live_trace_full.json.gz
N108MS,2023-11-14,airplanes-live,8,LADD,YONA AVIATION II LLC,N108MS,N108MS_2023-11-14_airplanes-live_trace_full.json.gz
N108MS,2023-11-17,airplanes-live,8,LADD,YONA AVIATION II LLC,N108MS,N108MS_2023-11-17_airplanes-live_trace_full.json.gz
N108MS,2023-11-18,airplanes-live,8,LADD,YONA AVIATION II LLC,N108MS,N108MS_2023-11-18_airplanes-live_trace_full.json.gz
N108MS,2023-11-20,airplanes-live,8,LADD,YONA AVIATION II LLC,N108MS,N108MS_2023-11-20_airplanes-live_trace_full.json.gz
N108MS,2023-11-21,airplanes-live,8,LADD,YONA AVIATION II LLC,N108MS,N108MS_2023-11-21_airplanes-live_trace_full.json.gz
N108MS,2023-11-23,airplanes-live,8,LADD,YONA AVIATION II LLC,N108MS,N108MS_2023-11-23_airplanes-live_trace_full.json.gz
N108MS,2023-11-27,airplanes-live,8,LADD,YONA AVIATION II LLC,N108MS,N108MS_2023-11-27_airplanes-live_trace_full.json.gz
N108MS,2023-11-29,airplanes-live,8,LADD,YONA AVIATION II LLC,N108MS,N108MS_2023-11-29_airplanes-live_trace_full.json.gz
N108MS,2023-12-01,airplanes-live,8,LADD,YONA AVIATION II LLC,N108MS,N108MS_2023-12-01_airplanes-live_trace_full.json.gz
N108MS,2023-12-03,airplanes-live,8,LADD,YONA AVIATION II LLC,N108MS,N108MS_2023-12-03_airplanes-live_trace_full.json.gz
N108MS,2023-12-04,airplanes-live,8,LADD,YONA AVIATION II LLC,N108MS,N108MS_2023-12-04_airplanes-live_trace_full.json.gz
N108MS,2023-12-13,airplanes-live,8,LADD,YONA AVIATION II LLC,N108MS,N108MS_2023-12-13_airplanes-live_trace_full.json.gz
N108MS,2023-12-14,airplanes-live,8,LADD,YONA AVIATION II LLC,N108MS,N108MS_2023-12-14_airplanes-live_trace_full.json.gz
N108MS,2023-12-15,airplanes-live,8,LADD,YONA AVIATION II LLC,N108MS,N108MS_2023-12-15_airplanes-live_trace_full.json.gz
N108MS,2023-12-21,airplanes-live,8,LADD,YONA AVIATION II LLC,N108MS,N108MS_2023-12-21_airplanes-live_trace_full.json.gz
N108MS,2023-12-22,airplanes-live,8,LADD,YONA AVIATION II LLC,N108MS,N108MS_2023-12-22_airplanes-live_trace_full.json.gz
N108MS,2023-12-28,airplanes-live,8,LADD,YONA AVIATION II LLC,N108MS,N108MS_2023-12-28_airplanes-live_trace_full.json.gz
N108MS,2023-12-29,airplanes-live,8,LADD,YONA AVIATION II LLC,N108MS,N108MS_2023-12-29_airplanes-live_trace_full.json.gz
N108MS,2024-01-01,airplanes-live,8,LADD,YONA AVIATION II LLC,N108MS,N108MS_2024-01-01_airplanes-live_trace_full.json.gz
N108MS,2024-01-03,airplanes-live,8,LADD,YONA AVIATION II LLC,N108MS,N108MS_2024-01-03_airplanes-live_trace_full.json.gz
N108MS,2024-01-07,airplanes-live,8,LADD,YONA AVIATION II LLC,N108MS,N108MS_2024-01-07_airplanes-live_trace_full.json.gz
N108MS,2024-01-08,airplanes-live,8,LADD,YONA AVIATION II LLC,N108MS,N108MS_2024-01-08_airplanes-live_trace_full.json.gz
N108MS,2024-01-09,airplanes-live,8,LADD,YONA AVIATION II LLC,N108MS,N108MS_2024-01-09_airplanes-live_trace_full.json.gz
N108MS,2024-01-10,airplanes-live,8,LADD,YONA AVIATION II LLC,N108MS,N108MS_2024-01-10_airplanes-live_trace_full.json.gz
N108MS,2024-01-13,airplanes-live,8,LADD,YONA AVIATION II LLC,N108MS,N108MS_2024-01-13_airplanes-live_trace_full.json.gz
N108MS,2024-01-14,airplanes-live,8,LADD,YONA AVIATION II LLC,N108MS,N108MS_2024-01-14_airplanes-live_trace_full.json.gz
N108MS,2024-01-20,airplanes-live,8,LADD,YONA AVIATION II LLC,N108MS,N108MS_2024-01-20_airplanes-live_trace_full.json.gz
N108MS,2024-01-21,airplanes-live,8,LADD,YONA AVIATION II LLC,N108MS,N108MS_2024-01-21_airplanes-live_trace_full.json.gz
N108MS,2024-01-23,airplanes-live,8,LADD,YONA AVIATION II LLC,N108MS,N108MS_2024-01-23_airplanes-live_trace_full.json.gz
N108MS,2024-01-28,airplanes-live,8,LADD,YONA AVIATION II LLC,N108MS,N108MS_2024-01-28_airplanes-live_trace_full.json.gz
N108MS,2024-01-29,airplanes-live,8,LADD,YONA AVIATION II LLC,N108MS,N108MS_2024-01-29_airplanes-live_trace_full.json.gz
N108MS,2024-01-31,airplanes-live,8,LADD,YONA AVIATION II LLC,N108MS,N108MS_2024-01-31_airplanes-live_trace_full.json.gz
N108MS,2024-02-01,airplanes-live,8,LADD,YONA AVIATION II LLC,N108MS,N108MS_2024-02-01_airplanes-live_trace_full.json.gz
N108MS,2024-02-06,airplanes-live,8,LADD,YONA AVIATION II LLC,N108MS,N108MS_2024-02-06_airplanes-live_trace_full.json.gz
N108MS,2024-02-07,airplanes-live,8,LADD,YONA AVIATION II LLC,N108MS,N108MS_2024-02-07_airplanes-live_trace_full.json.gz
N108MS,2024-02-14,airplanes-live,8,LADD,YONA AVIATION II LLC,N108MS,N108MS_2024-02-14_airplanes-live_trace_full.json.gz
N108MS,2024-02-17,airplanes-live,8,LADD,YONA AVIATION II LLC,N108MS,N108MS_2024-02-17_airplanes-live_trace_full.json.gz
N108MS,2024-02-22,airplanes-live,8,LADD,YONA AVIATION II LLC,N108MS,N108MS_2024-02-22_airplanes-live_trace_full.json.gz
N108MS,2024-02-23,airplanes-live,8,LADD,YONA AVIATION II LLC,N108MS,N108MS_2024-02-23_airplanes-live_trace_full.json.gz
N108MS,2024-02-24,airplanes-live,8,LADD,YONA AVIATION II LLC,N108MS,N108MS_2024-02-24_airplanes-live_trace_full.json.gz
N108MS,2024-02-28,airplanes-live,8,LADD,YONA AVIATION II LLC,N108MS,N108MS_2024-02-28_airplanes-live_trace_full.json.gz
N108MS,2024-02-29,airplanes-live,8,LADD,YONA AVIATION II LLC,N108MS,N108MS_2024-02-29_airplanes-live_trace_full.json.gz
N108MS,2024-03-04,airplanes-live,8,LADD,YONA AVIATION II LLC,N108MS,N108MS_2024-03-04_airplanes-live_trace_full.json.gz
N108MS,2024-03-15,airplanes-live,8,LADD,YONA AVIATION II LLC,N108MS,N108MS_2024-03-15_airplanes-live_trace_full.json.gz
N108MS,2024-03-16,airplanes-live,8,LADD,YONA AVIATION II LLC,N108MS,N108MS_2024-03-16_airplanes-live_trace_full.json.gz
N108MS,2024-03-18,airplanes-live,8,LADD,YONA AVIATION II LLC,N108MS,N108MS_2024-03-18_airplanes-live_trace_full.json.gz
N108MS,2024-03-20,airplanes-live,8,LADD,YONA AVIATION II LLC,N108MS,N108MS_2024-03-20_airplanes-live_trace_full.json.gz
N108MS,2024-03-21,airplanes-live,8,LADD,YONA AVIATION II LLC,N108MS,N108MS_2024-03-21_airplanes-live_trace_full.json.gz
N108MS,2024-03-23,airplanes-live,8,LADD,YONA AVIATION II LLC,N108MS,N108MS_2024-03-23_airplanes-live_trace_full.json.gz
N108MS,2024-04-03,airplanes-live,8,LADD,YONA AVIATION II LLC,N108MS,N108MS_2024-04-03_airplanes-live_trace_full.json.gz
N108MS,2024-04-06,airplanes-live,8,LADD,YONA AVIATION II LLC,N108MS,N108MS_2024-04-06_airplanes-live_trace_full.json.gz
N108MS,2024-04-07,airplanes-live,8,LADD,YONA AVIATION II LLC,N108MS,N108MS_2024-04-07_airplanes-live_trace_full.json.gz
N108MS,2024-04-08,airplanes-live,8,LADD,YONA AVIATION II LLC,N108MS,N108MS_2024-04-08_airplanes-live_trace_full.json.gz
N108MS,2024-04-10,airplanes-live,8,LADD,YONA AVIATION II LLC,N108MS,N108MS_2024-04-10_airplanes-live_trace_full.json.gz
N108MS,2024-04-11,airplanes-live,8,LADD,YONA AVIATION II LLC,N108MS,N108MS_2024-04-11_airplanes-live_trace_full.json.gz
N108MS,2024-04-15,airplanes-live,8,LADD,YONA AVIATION II LLC,N108MS,N108MS_2024-04-15_airplanes-live_trace_full.json.gz
N108MS,2024-04-16,airplanes-live,8,LADD,YONA AVIATION II LLC,N108MS,N108MS_2024-04-16_airplanes-live_trace_full.json.gz
N108MS,2024-04-17,airplanes-live,8,LADD,YONA AVIATION II LLC,N108MS,N108MS_2024-04-17_airplanes-live_trace_full.json.gz
N108MS,2024-04-19,airplanes-live,8,LADD,YONA AVIATION II LLC,N108MS,N108MS_2024-04-19_airplanes-live_trace_full.json.gz
N108MS,2024-04-20,airplanes-live,8,LADD,YONA AVIATION II LLC,N108MS,N108MS_2024-04-20_airplanes-live_trace_full.json.gz
N108MS,2024-04-22,airplanes-live,8,LADD,YONA AVIATION II LLC,N108MS,N108MS_2024-04-22_airplanes-live_trace_full.json.gz
N108MS,2024-04-23,airplanes-live,8,LADD,YONA AVIATION II LLC,N108MS,N108MS_2024-04-23_airplanes-live_trace_full.json.gz
N108MS,2024-04-25,airplanes-live,8,LADD,YONA AVIATION II LLC,N108MS,N108MS_2024-04-25_airplanes-live_trace_full.json.gz
N108MS,2024-04-26,airplanes-live,8,LADD,YONA AVIATION II LLC,N108MS,N108MS_2024-04-26_airplanes-live_trace_full.json.gz
N108MS,2024-04-27,airplanes-live,8,LADD,YONA AVIATION II LLC,N108MS,N108MS_2024-04-27_airplanes-live_trace_full.json.gz
N108MS,2024-04-30,airplanes-live,8,LADD,YONA AVIATION II LLC,N108MS,N108MS_2024-04-30_airplanes-live_trace_full.json.gz
N108MS,2024-05-01,airplanes-live,8,LADD,YONA AVIATION II LLC,N108MS,N108MS_2024-05-01_airplanes-live_trace_full.json.gz
N108MS,2024-05-02,airplanes-live,8,LADD,YONA AVIATION II LLC,N108MS,N108MS_2024-05-02_airplanes-live_trace_full.json.gz
N108MS,2024-05-03,airplanes-live,8,LADD,YONA AVIATION II LLC,N108MS,N108MS_2024-05-03_airplanes-live_trace_full.json.gz
N108MS,2024-05-04,airplanes-live,8,LADD,YONA AVIATION II LLC,N108MS,N108MS_2024-05-04_airplanes-live_trace_full.json.gz
N108MS,2024-05-10,airplanes-live,8,LADD,YONA AVIATION II LLC,N108MS,N108MS_2024-05-10_airplanes-live_trace_full.json.gz
N108MS,2024-05-11,airplanes-live,8,LADD,YONA AVIATION II LLC,N108MS,N108MS_2024-05-11_airplanes-live_trace_full.json.gz
N108MS,2024-05-14,airplanes-live,8,LADD,YONA AVIATION II LLC,N108MS,N108MS_2024-05-14_airplanes-live_trace_full.json.gz
N108MS,2024-05-16,airplanes-live,8,LADD,YONA AVIATION II LLC,N108MS,N108MS_2024-05-16_airplanes-live_trace_full.json.gz
N108MS,2024-05-17,airplanes-live,8,LADD,YONA AVIATION II LLC,N108MS,N108MS_2024-05-17_airplanes-live_trace_full.json.gz
N108MS,2024-05-19,airplanes-live,8,LADD,YONA AVIATION II LLC,N108MS,N108MS_2024-05-19_airplanes-live_trace_full.json.gz
N108MS,2024-05-22,airplanes-live,8,LADD,YONA AVIATION II LLC,N108MS,N108MS_2024-05-22_airplanes-live_trace_full.json.gz
N108MS,2024-05-25,airplanes-live,8,LADD,YONA AVIATION II LLC,N108MS,N108MS_2024-05-25_airplanes-live_trace_full.json.gz
N108MS,2024-05-29,airplanes-live,8,LADD,YONA AVIATION II LLC,N108MS,N108MS_2024-05-29_airplanes-live_trace_full.json.gz
N108MS,2024-07-15,airplanes-live,8,LADD,YONA AVIATION II LLC,N108MS,N108MS_2024-07-15_airplanes-live_trace_full.json.gz
N108MS,2024-07-18,airplanes-live,8,LADD,YONA AVIATION II LLC,N108MS,N108MS_2024-07-18_airplanes-live_trace_full.json.gz
N108MS,2024-07-26,airplanes-live,8,LADD,YONA AVIATION II LLC,N108MS,N108MS_2024-07-26_airplanes-live_trace_full.json.gz
N108MS,2024-07-28,airplanes-live,8,LADD,YONA AVIATION II LLC,N108MS,N108MS_2024-07-28_airplanes-live_trace_full.json.gz
N108MS,2024-07-31,airplanes-live,8,LADD,YONA AVIATION II LLC,N108MS,N108MS_2024-07-31_airplanes-live_trace_full.json.gz
N108MS,2024-08-05,airplanes-live,8,LADD,YONA AVIATION II LLC,N108MS,N108MS_2024-08-05_airplanes-live_trace_full.json.gz
N108MS,2024-08-12,airplanes-live,8,LADD,YONA AVIATION II LLC,N108MS,N108MS_2024-08-12_airplanes-live_trace_full.json.gz
N108MS,2024-08-13,airplanes-live,8,LADD,YONA AVIATION II LLC,N108MS,N108MS_2024-08-13_airplanes-live_trace_full.json.gz
N108MS,2024-08-16,airplanes-live,8,LADD,YONA AVIATION II LLC,N108MS,N108MS_2024-08-16_airplanes-live_trace_full.json.gz
N108MS,2024-08-17,airplanes-live,8,LADD,YONA AVIATION II LLC,N108MS,N108MS_2024-08-17_airplanes-live_trace_full.json.gz
N108MS,2024-08-18,airplanes-live,8,LADD,YONA AVIATION II LLC,N108MS,N108MS_2024-08-18_airplanes-live_trace_full.json.gz
N108MS,2024-08-19,airplanes-live,8,LADD,YONA AVIATION II LLC,N108MS,N108MS_2024-08-19_airplanes-live_trace_full.json.gz
N108MS,2024-08-27,airplanes-live,8,LADD,YONA AVIATION II LLC,N108MS,N108MS_2024-08-27_airplanes-live_trace_full.json.gz
N108MS,2024-08-28,airplanes-live,8,LADD,YONA AVIATION II LLC,N108MS,N108MS_2024-08-28_airplanes-live_trace_full.json.gz
N108MS,2024-08-30,airplanes-live,8,LADD,YONA AVIATION II LLC,N108MS,N108MS_2024-08-30_airplanes-live_trace_full.json.gz
N108MS,2024-08-31,airplanes-live,8,LADD,YONA AVIATION II LLC,N108MS,N108MS_2024-08-31_airplanes-live_trace_full.json.gz
N108MS,2024-09-01,airplanes-live,8,LADD,YONA AVIATION II LLC,N108MS,N108MS_2024-09-01_airplanes-live_trace_full.json.gz
N108MS,2024-09-03,airplanes-live,8,LADD,YONA AVIATION II LLC,N108MS,N108MS_2024-09-03_airplanes-live_trace_full.json.gz
N108MS,2024-09-04,airplanes-live,8,LADD,YONA AVIATION II LLC,N108MS,N108MS_2024-09-04_airplanes-live_trace_full.json.gz
N108MS,2024-09-06,airplanes-live,8,LADD,YONA AVIATION II LLC,N108MS,N108MS_2024-09-06_airplanes-live_trace_full.json.gz
N108MS,2024-09-07,airplanes-live,8,LADD,YONA AVIATION II LLC,N108MS,N108MS_2024-09-07_airplanes-live_trace_full.json.gz
N108MS,2024-09-16,airplanes-live,8,LADD,YONA AVIATION II LLC,N108MS,N108MS_2024-09-16_airplanes-live_trace_full.json.gz
N108MS,2024-09-18,airplanes-live,8,LADD,YONA AVIATION II LLC,N108MS,N108MS_2024-09-18_airplanes-live_trace_full.json.gz
N108MS,2024-09-19,airplanes-live,8,LADD,YONA AVIATION II LLC,N108MS,N108MS_2024-09-19_airplanes-live_trace_full.json.gz
N108MS,2024-09-23,airplanes-live,8,LADD,YONA AVIATION II LLC,N108MS,N108MS_2024-09-23_airplanes-live_trace_full.json.gz
N108MS,2024-09-26,airplanes-live,8,LADD,YONA AVIATION II LLC,N108MS,N108MS_2024-09-26_airplanes-live_trace_full.json.gz
N108MS,2024-09-27,airplanes-live,8,LADD,YONA AVIATION II LLC,N108MS,N108MS_2024-09-27_airplanes-live_trace_full.json.gz
N108MS,2024-09-30,airplanes-live,8,LADD,YONA AVIATION II LLC,N108MS,N108MS_2024-09-30_airplanes-live_trace_full.json.gz
N108MS,2024-10-01,airplanes-live,8,LADD,YONA AVIATION II LLC,N108MS,N108MS_2024-10-01_airplanes-live_trace_full.json.gz
N108MS,2024-10-03,airplanes-live,8,LADD,YONA AVIATION II LLC,N108MS,N108MS_2024-10-03_airplanes-live_trace_full.json.gz
N108MS,2024-10-06,airplanes-live,8,LADD,YONA AVIATION II LLC,N108MS,N108MS_2024-10-06_airplanes-live_trace_full.json.gz
N108MS,2024-10-08,airplanes-live,8,LADD,YONA AVIATION II LLC,N108MS,N108MS_2024-10-08_airplanes-live_trace_full.json.gz
N108MS,2024-10-11,airplanes-live,8,LADD,YONA AVIATION II LLC,N108MS,N108MS_2024-10-11_airplanes-live_trace_full.json.gz
N108MS,2024-10-14,airplanes-live,8,LADD,YONA AVIATION II LLC,N108MS,N108MS_2024-10-14_airplanes-live_trace_full.json.gz
N108MS,2024-10-24,airplanes-live,8,LADD,YONA AVIATION II LLC,N108MS,N108MS_2024-10-24_airplanes-live_trace_full.json.gz
N108MS,2024-10-25,airplanes-live,8,LADD,YONA AVIATION II LLC,N108MS,N108MS_2024-10-25_airplanes-live_trace_full.json.gz
N108MS,2024-10-29,airplanes-live,8,LADD,YONA AVIATION II LLC,N108MS,N108MS_2024-10-29_airplanes-live_trace_full.json.gz
N108MS,2024-10-31,airplanes-live,8,LADD,YONA AVIATION II LLC,N108MS,N108MS_2024-10-31_airplanes-live_trace_full.json.gz
N108MS,2024-11-01,airplanes-live,8,LADD,YONA AVIATION II LLC,N108MS,N108MS_2024-11-01_airplanes-live_trace_full.json.gz
N108MS,2024-11-03,airplanes-live,8,LADD,YONA AVIATION II LLC,N108MS,N108MS_2024-11-03_airplanes-live_trace_full.json.gz
N108MS,2024-11-04,airplanes-live,8,LADD,YONA AVIATION II LLC,N108MS,N108MS_2024-11-04_airplanes-live_trace_full.json.gz
N108MS,2024-11-06,airplanes-live,8,LADD,YONA AVIATION II LLC,N108MS,N108MS_2024-11-06_airplanes-live_trace_full.json.gz
N108MS,2024-11-07,airplanes-live,8,LADD,YONA AVIATION II LLC,N108MS,N108MS_2024-11-07_airplanes-live_trace_full.json.gz
N108MS,2024-11-11,airplanes-live,8,LADD,YONA AVIATION II LLC,N108MS,N108MS_2024-11-11_airplanes-live_trace_full.json.gz
N108MS,2024-11-12,airplanes-live,8,LADD,YONA AVIATION II LLC,N108MS,N108MS_2024-11-12_airplanes-live_trace_full.json.gz
N108MS,2024-11-13,airplanes-live,8,LADD,YONA AVIATION II LLC,N108MS,N108MS_2024-11-13_airplanes-live_trace_full.json.gz
N108MS,2024-11-17,airplanes-live,8,LADD,YONA AVIATION II LLC,N108MS,N108MS_2024-11-17_airplanes-live_trace_full.json.gz
N108MS,2024-12-04,airplanes-live,8,LADD,YONA AVIATION II LLC,N108MS,N108MS_2024-12-04_airplanes-live_trace_full.json.gz
N108MS,2024-12-05,airplanes-live,8,LADD,YONA AVIATION II LLC,N108MS,N108MS_2024-12-05_airplanes-live_trace_full.json.gz
N108MS,2024-12-06,airplanes-live,8,LADD,YONA AVIATION II LLC,N108MS,N108MS_2024-12-06_airplanes-live_trace_full.json.gz
N108MS,2024-12-09,airplanes-live,8,LADD,YONA AVIATION II LLC,N108MS,N108MS_2024-12-09_airplanes-live_trace_full.json.gz
N108MS,2024-12-10,airplanes-live,8,LADD,YONA AVIATION II LLC,N108MS,N108MS_2024-12-10_airplanes-live_trace_full.json.gz
N108MS,2024-12-13,airplanes-live,8,LADD,YONA AVIATION II LLC,N108MS,N108MS_2024-12-13_airplanes-live_trace_full.json.gz
N108MS,2024-12-14,airplanes-live,8,LADD,YONA AVIATION II LLC,N108MS,N108MS_2024-12-14_airplanes-live_trace_full.json.gz
N108MS,2024-12-16,airplanes-live,8,LADD,YONA AVIATION II LLC,N108MS,N108MS_2024-12-16_airplanes-live_trace_full.json.gz
N108MS,2024-12-17,airplanes-live,8,LADD,YONA AVIATION II LLC,N108MS,N108MS_2024-12-17_airplanes-live_trace_full.json.gz
N108MS,2024-12-20,airplanes-live,8,LADD,YONA AVIATION II LLC,N108MS,N108MS_2024-12-20_airplanes-live_trace_full.json.gz
N108MS,2024-12-27,airplanes-live,8,LADD,YONA AVIATION II LLC,N108MS,N108MS_2024-12-27_airplanes-live_trace_full.json.gz
N108MS,2025-01-02,airplanes-live,8,LADD,YONA AVIATION II LLC,N108MS,N108MS_2025-01-02_airplanes-live_trace_full.json.gz
N108MS,2025-01-03,airplanes-live,8,LADD,YONA AVIATION II LLC,N108MS,N108MS_2025-01-03_airplanes-live_trace_full.json.gz
N108MS,2025-01-15,airplanes-live,8,LADD,YONA AVIATION II LLC,N108MS,N108MS_2025-01-15_airplanes-live_trace_full.json.gz
N108MS,2025-01-16,airplanes-live,8,LADD,YONA AVIATION II LLC,N108MS,N108MS_2025-01-16_airplanes-live_trace_full.json.gz
N108MS,2025-01-17,airplanes-live,8,LADD,YONA AVIATION II LLC,N108MS,N108MS_2025-01-17_airplanes-live_trace_full.json.gz
N108MS,2025-01-18,airplanes-live,8,LADD,YONA AVIATION II LLC,N108MS,N108MS_2025-01-18_airplanes-live_trace_full.json.gz
N108MS,2025-01-22,airplanes-live,8,LADD,YONA AVIATION II LLC,N108MS,N108MS_2025-01-22_airplanes-live_trace_full.json.gz
N108MS,2025-01-23,airplanes-live,8,LADD,YONA AVIATION II LLC,N108MS,N108MS_2025-01-23_airplanes-live_trace_full.json.gz
N108MS,2025-01-26,airplanes-live,8,LADD,YONA AVIATION II LLC,N108MS,N108MS_2025-01-26_airplanes-live_trace_full.json.gz
N108MS,2025-01-27,airplanes-live,8,LADD,YONA AVIATION II LLC,N108MS,N108MS_2025-01-27_airplanes-live_trace_full.json.gz
N108MS,2025-01-28,airplanes-live,8,LADD,YONA AVIATION II LLC,N108MS,N108MS_2025-01-28_airplanes-live_trace_full.json.gz
N108MS,2025-02-01,airplanes-live,8,LADD,YONA AVIATION II LLC,N108MS,N108MS_2025-02-01_airplanes-live_trace_full.json.gz
N108MS,2025-02-04,airplanes-live,8,LADD,YONA AVIATION II LLC,N108MS,N108MS_2025-02-04_airplanes-live_trace_full.json.gz
N108MS,2025-02-05,airplanes-live,8,LADD,YONA AVIATION II LLC,N108MS,N108MS_2025-02-05_airplanes-live_trace_full.json.gz
N108MS,2025-02-06,airplanes-live,8,LADD,YONA AVIATION II LLC,N108MS,N108MS_2025-02-06_airplanes-live_trace_full.json.gz
N108MS,2025-02-08,airplanes-live,8,LADD,YONA AVIATION II LLC,N108MS,N108MS_2025-02-08_airplanes-live_trace_full.json.gz
N108MS,2025-02-09,airplanes-live,8,LADD,YONA AVIATION II LLC,N108MS,N108MS_2025-02-09_airplanes-live_trace_full.json.gz
N108MS,2025-02-11,airplanes-live,8,LADD,YONA AVIATION II LLC,N108MS,N108MS_2025-02-11_airplanes-live_trace_full.json.gz
N108MS,2025-02-12,airplanes-live,8,LADD,YONA AVIATION II LLC,N108MS,N108MS_2025-02-12_airplanes-live_trace_full.json.gz
N108MS,2025-02-13,airplanes-live,8,LADD,YONA AVIATION II LLC,N108MS,N108MS_2025-02-13_airplanes-live_trace_full.json.gz
N108MS,2025-02-18,airplanes-live,8,LADD,YONA AVIATION II LLC,N108MS,N108MS_2025-02-18_airplanes-live_trace_full.json.gz
N108MS,2025-02-25,airplanes-live,8,LADD,YONA AVIATION II LLC,N108MS,N108MS_2025-02-25_airplanes-live_trace_full.json.gz
N108MS,2025-02-26,airplanes-live,8,LADD,YONA AVIATION II LLC,N108MS,N108MS_2025-02-26_airplanes-live_trace_full.json.gz
N108MS,2025-03-18,airplanes-live,8,LADD,YONA AVIATION II LLC,N108MS,N108MS_2025-03-18_airplanes-live_trace_full.json.gz
N108MS,2025-03-20,airplanes-live,8,LADD,YONA AVIATION II LLC,N108MS,N108MS_2025-03-20_airplanes-live_trace_full.json.gz
N108MS,2025-03-21,airplanes-live,8,LADD,YONA AVIATION II LLC,N108MS,N108MS_2025-03-21_airplanes-live_trace_full.json.gz
N108MS,2025-03-22,airplanes-live,8,LADD,YONA AVIATION II LLC,N108MS,N108MS_2025-03-22_airplanes-live_trace_full.json.gz
N108MS,2025-03-23,airplanes-live,8,LADD,YONA AVIATION II LLC,N108MS,N108MS_2025-03-23_airplanes-live_trace_full.json.gz
N108MS,2025-04-04,airplanes-live,8,LADD,YONA AVIATION II LLC,N108MS,N108MS_2025-04-04_airplanes-live_trace_full.json.gz
N108MS,2025-04-12,airplanes-live,8,LADD,YONA AVIATION II LLC,N108MS,N108MS_2025-04-12_airplanes-live_trace_full.json.gz
N108MS,2025-04-13,airplanes-live,8,LADD,YONA AVIATION II LLC,N108MS,N108MS_2025-04-13_airplanes-live_trace_full.json.gz
N108MS,2025-04-16,airplanes-live,8,LADD,YONA AVIATION II LLC,N108MS,N108MS_2025-04-16_airplanes-live_trace_full.json.gz
N108MS,2025-04-17,airplanes-live,8,LADD,YONA AVIATION II LLC,N108MS,N108MS_2025-04-17_airplanes-live_trace_full.json.gz
N108MS,2025-04-18,airplanes-live,8,LADD,YONA AVIATION II LLC,N108MS,N108MS_2025-04-18_airplanes-live_trace_full.json.gz
N108MS,2025-04-19,airplanes-live,8,LADD,YONA AVIATION II LLC,N108MS,N108MS_2025-04-19_airplanes-live_trace_full.json.gz
N108MS,2025-04-23,airplanes-live,8,LADD,YONA AVIATION II LLC,N108MS,N108MS_2025-04-23_airplanes-live_trace_full.json.gz
N108MS,2025-04-24,airplanes-live,8,LADD,YONA AVIATION II LLC,N108MS,N108MS_2025-04-24_airplanes-live_trace_full.json.gz
N108MS,2025-04-25,airplanes-live,8,LADD,YONA AVIATION II LLC,N108MS,N108MS_2025-04-25_airplanes-live_trace_full.json.gz
N108MS,2025-04-26,airplanes-live,8,LADD,YONA AVIATION II LLC,N108MS,N108MS_2025-04-26_airplanes-live_trace_full.json.gz
N108MS,2025-05-10,airplanes-live,8,LADD,YONA AVIATION II LLC,N108MS,N108MS_2025-05-10_airplanes-live_trace_full.json.gz
N108MS,2025-05-12,airplanes-live,8,LADD,YONA AVIATION II LLC,N108MS,N108MS_2025-05-12_airplanes-live_trace_full.json.gz
N108MS,2025-05-14,airplanes-live,8,LADD,YONA AVIATION II LLC,N108MS,N108MS_2025-05-14_airplanes-live_trace_full.json.gz
N108MS,2025-05-15,airplanes-live,8,LADD,YONA AVIATION II LLC,N108MS,N108MS_2025-05-15_airplanes-live_trace_full.json.gz
N108MS,2025-05-16,airplanes-live,8,LADD,YONA AVIATION II LLC,N108MS,N108MS_2025-05-16_airplanes-live_trace_full.json.gz
N108MS,2025-05-18,airplanes-live,8,LADD,YONA AVIATION II LLC,N108MS,N108MS_2025-05-18_airplanes-live_trace_full.json.gz
N108MS,2025-05-21,airplanes-live,8,LADD,YONA AVIATION II LLC,N108MS,N108MS_2025-05-21_airplanes-live_trace_full.json.gz
N108MS,2025-05-24,airplanes-live,8,LADD,YONA AVIATION II LLC,N108MS,N108MS_2025-05-24_airplanes-live_trace_full.json.gz
N108MS,2025-05-25,airplanes-live,8,LADD,YONA AVIATION II LLC,N108MS,N108MS_2025-05-25_airplanes-live_trace_full.json.gz
N108MS,2025-05-26,airplanes-live,8,LADD,YONA AVIATION II LLC,N108MS,N108MS_2025-05-26_airplanes-live_trace_full.json.gz
N108MS,2025-06-02,airplanes-live,8,LADD,YONA AVIATION II LLC,N108MS,N108MS_2025-06-02_airplanes-live_trace_full.json.gz
N108MS,2025-06-06,airplanes-live,8,LADD,YONA AVIATION II LLC,N108MS,N108MS_2025-06-06_airplanes-live_trace_full.json.gz
N108MS,2025-06-08,airplanes-live,8,LADD,YONA AVIATION II LLC,N108MS,N108MS_2025-06-08_airplanes-live_trace_full.json.gz
N108MS,2025-06-09,airplanes-live,8,LADD,YONA AVIATION II LLC,N108MS,N108MS_2025-06-09_airplanes-live_trace_full.json.gz
N108MS,2025-06-10,airplanes-live,8,LADD,YONA AVIATION II LLC,N108MS,N108MS_2025-06-10_airplanes-live_trace_full.json.gz
N108MS,2025-06-11,airplanes-live,8,LADD,YONA AVIATION II LLC,N108MS,N108MS_2025-06-11_airplanes-live_trace_full.json.gz
N108MS,2025-06-14,airplanes-live,8,LADD,YONA AVIATION II LLC,N108MS,N108MS_2025-06-14_airplanes-live_trace_full.json.gz
N108MS,2025-06-19,airplanes-live,8,LADD,YONA AVIATION II LLC,N108MS,N108MS_2025-06-19_airplanes-live_trace_full.json.gz
N108MS,2025-06-20,airplanes-live,8,LADD,YONA AVIATION II LLC,N108MS,N108MS_2025-06-20_airplanes-live_trace_full.json.gz
N108MS,2025-06-23,airplanes-live,8,LADD,YONA AVIATION II LLC,N108MS,N108MS_2025-06-23_airplanes-live_trace_full.json.gz
N108MS,2025-06-29,airplanes-live,8,LADD,YONA AVIATION II LLC,N108MS,N108MS_2025-06-29_airplanes-live_trace_full.json.gz
N108MS,2025-06-30,airplanes-live,8,LADD,YONA AVIATION II LLC,N108MS,N108MS_2025-06-30_airplanes-live_trace_full.json.gz
N108MS,2025-07-01,airplanes-live,8,LADD,YONA AVIATION II LLC,N108MS,N108MS_2025-07-01_airplanes-live_trace_full.json.gz
N108MS,2025-07-27,airplanes-live,8,LADD,YONA AVIATION II LLC,N108MS,N108MS_2025-07-27_airplanes-live_trace_full.json.gz
N108MS,2025-07-28,airplanes-live,8,LADD,YONA AVIATION II LLC,N108MS,N108MS_2025-07-28_airplanes-live_trace_full.json.gz
N108MS,2025-08-02,airplanes-live,8,LADD,YONA AVIATION II LLC,N108MS,N108MS_2025-08-02_airplanes-live_trace_full.json.gz
N108MS,2025-08-04,airplanes-live,8,LADD,YONA AVIATION II LLC,N108MS,N108MS_2025-08-04_airplanes-live_trace_full.json.gz
N108MS,2025-08-05,airplanes-live,8,LADD,YONA AVIATION II LLC,N108MS,N108MS_2025-08-05_airplanes-live_trace_full.json.gz
N108MS,2025-08-15,airplanes-live,8,LADD,YONA AVIATION II LLC,N108MS,N108MS_2025-08-15_airplanes-live_trace_full.json.gz
N108MS,2025-08-16,airplanes-live,8,LADD,YONA AVIATION II LLC,N108MS,N108MS_2025-08-16_airplanes-live_trace_full.json.gz
N108MS,2025-08-19,airplanes-live,8,LADD,YONA AVIATION II LLC,N108MS,N108MS_2025-08-19_airplanes-live_trace_full.json.gz
N108MS,2025-08-20,airplanes-live,8,LADD,YONA AVIATION II LLC,N108MS,N108MS_2025-08-20_airplanes-live_trace_full.json.gz
N108MS,2025-08-22,airplanes-live,8,LADD,YONA AVIATION II LLC,N108MS,N108MS_2025-08-22_airplanes-live_trace_full.json.gz
N108MS,2025-08-26,airplanes-live,8,LADD,YONA AVIATION II LLC,N108MS,N108MS_2025-08-26_airplanes-live_trace_full.json.gz
N108MS,2025-09-09,airplanes-live,8,LADD,YONA AVIATION II LLC,N108MS,N108MS_2025-09-09_airplanes-live_trace_full.json.gz
N108MS,2025-09-11,airplanes-live,8,LADD,YONA AVIATION II LLC,N108MS,N108MS_2025-09-11_airplanes-live_trace_full.json.gz
N108MS,2025-09-12,airplanes-live,8,LADD,YONA AVIATION II LLC,N108MS,N108MS_2025-09-12_airplanes-live_trace_full.json.gz
N108MS,2025-09-13,airplanes-live,8,LADD,YONA AVIATION II LLC,N108MS,N108MS_2025-09-13_airplanes-live_trace_full.json.gz
N108MS,2025-09-15,airplanes-live,8,LADD,YONA AVIATION II LLC,N108MS,N108MS_2025-09-15_airplanes-live_trace_full.json.gz
N108MS,2025-09-16,airplanes-live,8,LADD,YONA AVIATION II LLC,N108MS,N108MS_2025-09-16_airplanes-live_trace_full.json.gz
N108MS,2025-09-24,airplanes-live,8,LADD,YONA AVIATION II LLC,N108MS,N108MS_2025-09-24_airplanes-live_trace_full.json.gz
N108MS,2025-09-25,airplanes-live,8,LADD,YONA AVIATION II LLC,N108MS,N108MS_2025-09-25_airplanes-live_trace_full.json.gz
N108MS,2025-09-28,airplanes-live,8,LADD,YONA AVIATION II LLC,N108MS,N108MS_2025-09-28_airplanes-live_trace_full.json.gz
N108MS,2025-09-29,airplanes-live,8,LADD,YONA AVIATION II LLC,N108MS,N108MS_2025-09-29_airplanes-live_trace_full.json.gz
N108MS,2025-10-06,airplanes-live,8,LADD,YONA AVIATION II LLC,N108MS,N108MS_2025-10-06_airplanes-live_trace_full.json.gz
N108MS,2025-10-07,airplanes-live,8,LADD,YONA AVIATION II LLC,N108MS,N108MS_2025-10-07_airplanes-live_trace_full.json.gz
N108MS,2025-10-22,airplanes-live,8,LADD,YONA AVIATION II LLC,N108MS,N108MS_2025-10-22_airplanes-live_trace_full.json.gz
N108MS,2025-10-23,airplanes-live,8,LADD,YONA AVIATION II LLC,N108MS,N108MS_2025-10-23_airplanes-live_trace_full.json.gz
N108MS,2025-10-28,airplanes-live,8,LADD,YONA AVIATION II LLC,N108MS,N108MS_2025-10-28_airplanes-live_trace_full.json.gz
N108MS,2025-11-02,airplanes-live,8,LADD,YONA AVIATION II LLC,N108MS,N108MS_2025-11-02_airplanes-live_trace_full.json.gz
N108MS,2025-11-03,airplanes-live,8,LADD,YONA AVIATION II LLC,N108MS,N108MS_2025-11-03_airplanes-live_trace_full.json.gz
N108MS,2025-11-04,airplanes-live,8,LADD,YONA AVIATION II LLC,N108MS,N108MS_2025-11-04_airplanes-live_trace_full.json.gz
N108MS,2025-11-07,airplanes-live,8,LADD,YONA AVIATION II LLC,N108MS,N108MS_2025-11-07_airplanes-live_trace_full.json.gz
N108MS,2025-11-10,airplanes-live,8,LADD,YONA AVIATION II LLC,N108MS,N108MS_2025-11-10_airplanes-live_trace_full.json.gz
N108MS,2025-11-11,airplanes-live,8,LADD,YONA AVIATION II LLC,N108MS,N108MS_2025-11-11_airplanes-live_trace_full.json.gz
N108MS,2025-11-12,airplanes-live,8,LADD,YONA AVIATION II LLC,N108MS,N108MS_2025-11-12_airplanes-live_trace_full.json.gz
N108MS,2025-11-30,airplanes-live,8,LADD,YONA AVIATION II LLC,N108MS,N108MS_2025-11-30_airplanes-live_trace_full.json.gz
N108MS,2025-12-02,airplanes-live,8,LADD,YONA AVIATION II LLC,N108MS,N108MS_2025-12-02_airplanes-live_trace_full.json.gz
N108MS,2025-12-03,airplanes-live,8,LADD,YONA AVIATION II LLC,N108MS,N108MS_2025-12-03_airplanes-live_trace_full.json.gz
N108MS,2025-12-06,airplanes-live,8,LADD,YONA AVIATION II LLC,N108MS,N108MS_2025-12-06_airplanes-live_trace_full.json.gz
N108MS,2025-12-08,airplanes-live,8,LADD,YONA AVIATION II LLC,N108MS,N108MS_2025-12-08_airplanes-live_trace_full.json.gz
N108MS,2026-01-07,airplanes-live,8,LADD,YONA AVIATION II LLC,N108MS,N108MS_2026-01-07_airplanes-live_trace_full.json.gz
N108MS,2026-01-14,airplanes-live,8,LADD,YONA AVIATION II LLC,N108MS,N108MS_2026-01-14_airplanes-live_trace_full.json.gz
N108MS,2026-01-15,airplanes-live,8,LADD,YONA AVIATION II LLC,N108MS,N108MS_2026-01-15_airplanes-live_trace_full.json.gz
N108MS,2026-01-18,airplanes-live,8,LADD,YONA AVIATION II LLC,N108MS,N108MS_2026-01-18_airplanes-live_trace_full.json.gz
N108MS,2026-01-21,airplanes-live,8,LADD,YONA AVIATION II LLC,N108MS,N108MS_2026-01-21_airplanes-live_trace_full.json.gz
N108MS,2026-01-22,airplanes-live,8,LADD,YONA AVIATION II LLC,N108MS,N108MS_2026-01-22_airplanes-live_trace_full.json.gz
N108MS,2026-01-25,airplanes-live,8,LADD,YONA AVIATION II LLC,N108MS,N108MS_2026-01-25_airplanes-live_trace_full.json.gz
N108MS,2026-01-26,airplanes-live,8,LADD,YONA AVIATION II LLC,N108MS,N108MS_2026-01-26_airplanes-live_trace_full.json.gz
N108MS,2026-01-29,airplanes-live,8,LADD,YONA AVIATION II LLC,N108MS,N108MS_2026-01-29_airplanes-live_trace_full.json.gz
N108MS,2026-02-02,airplanes-live,8,LADD,YONA AVIATION II LLC,N108MS,N108MS_2026-02-02_airplanes-live_trace_full.json.gz
N108MS,2026-02-03,airplanes-live,8,LADD,YONA AVIATION II LLC,N108MS,N108MS_2026-02-03_airplanes-live_trace_full.json.gz
N108MS,2026-02-04,airplanes-live,8,LADD,YONA AVIATION II LLC,N108MS,N108MS_2026-02-04_airplanes-live_trace_full.json.gz
N108MS,2026-02-06,airplanes-live,8,LADD,YONA AVIATION II LLC,N108MS,N108MS_2026-02-06_airplanes-live_trace_full.json.gz
N108MS,2026-02-07,airplanes-live,8,LADD,YONA AVIATION II LLC,N108MS,N108MS_2026-02-07_airplanes-live_trace_full.json.gz
N108MS,2026-02-15,airplanes-live,8,LADD,YONA AVIATION II LLC,N108MS,N108MS_2026-02-15_airplanes-live_trace_full.json.gz
N108MS,2026-02-16,airplanes-live,8,LADD,YONA AVIATION II LLC,N108MS,N108MS_2026-02-16_airplanes-live_trace_full.json.gz
N108MS,2026-02-17,airplanes-live,8,LADD,YONA AVIATION II LLC,N108MS,N108MS_2026-02-17_airplanes-live_trace_full.json.gz
N108MS,2026-02-18,airplanes-live,8,LADD,YONA AVIATION II LLC,N108MS,N108MS_2026-02-18_airplanes-live_trace_full.json.gz
N108MS,2026-02-20,airplanes-live,8,LADD,YONA AVIATION II LLC,N108MS,N108MS_2026-02-20_airplanes-live_trace_full.json.gz
N108MS,2026-02-21,airplanes-live,8,LADD,YONA AVIATION II LLC,N108MS,N108MS_2026-02-21_airplanes-live_trace_full.json.gz
N108MS,2026-02-22,airplanes-live,8,LADD,YONA AVIATION II LLC,N108MS,N108MS_2026-02-22_airplanes-live_trace_full.json.gz
N108MS,2026-02-23,airplanes-live,8,LADD,YONA AVIATION II LLC,N108MS,N108MS_2026-02-23_airplanes-live_trace_full.json.gz
N108MS,2026-02-24,airplanes-live,8,LADD,YONA AVIATION II LLC,N108MS,N108MS_2026-02-24_airplanes-live_trace_full.json.gz
N108MS,2026-02-25,airplanes-live,8,LADD,YONA AVIATION II LLC,N108MS,N108MS_2026-02-25_airplanes-live_trace_full.json.gz
N108MS,2026-02-27,airplanes-live,8,LADD,YONA AVIATION II LLC,N108MS,N108MS_2026-02-27_airplanes-live_trace_full.json.gz
N108MS,2026-03-02,airplanes-live,8,LADD,YONA AVIATION II LLC,N108MS,N108MS_2026-03-02_airplanes-live_trace_full.json.gz
N108MS,2026-03-03,airplanes-live,8,LADD,YONA AVIATION II LLC,N108MS,N108MS_2026-03-03_airplanes-live_trace_full.json.gz
N108MS,2026-03-05,airplanes-live,8,LADD,YONA AVIATION II LLC,N108MS,N108MS_2026-03-05_airplanes-live_trace_full.json.gz
N108MS,2026-03-10,airplanes-live,8,LADD,YONA AVIATION II LLC,N108MS,N108MS_2026-03-10_airplanes-live_trace_full.json.gz
N108MS,2026-03-12,airplanes-live,8,LADD,YONA AVIATION II LLC,N108MS,N108MS_2026-03-12_airplanes-live_trace_full.json.gz
N108MS,2026-03-14,airplanes-live,8,LADD,YONA AVIATION II LLC,N108MS,N108MS_2026-03-14_airplanes-live_trace_full.json.gz
N108MS,2026-03-15,airplanes-live,8,LADD,YONA AVIATION II LLC,N108MS,N108MS_2026-03-15_airplanes-live_trace_full.json.gz
N108MS,2026-03-20,airplanes-live,8,LADD,YONA AVIATION II LLC,N108MS,N108MS_2026-03-20_airplanes-live_trace_full.json.gz
N108MS,2026-03-21,airplanes-live,8,LADD,YONA AVIATION II LLC,N108MS,N108MS_2026-03-21_airplanes-live_trace_full.json.gz
N108MS,2026-03-24,airplanes-live,8,LADD,YONA AVIATION II LLC,N108MS,N108MS_2026-03-24_airplanes-live_trace_full.json.gz
N108MS,2026-03-28,airplanes-live,8,LADD,YONA AVIATION II LLC,N108MS,N108MS_2026-03-28_airplanes-live_trace_full.json.gz
N108MS,2026-03-29,airplanes-live,8,LADD,YONA AVIATION II LLC,N108MS,N108MS_2026-03-29_airplanes-live_trace_full.json.gz
N108MS,2026-03-30,airplanes-live,8,LADD,YONA AVIATION II LLC,N108MS,N108MS_2026-03-30_airplanes-live_trace_full.json.gz
N108MS,2026-04-01,airplanes-live,8,LADD,YONA AVIATION II LLC,N108MS,N108MS_2026-04-01_airplanes-live_trace_full.json.gz
N108MS,2026-04-03,airplanes-live,8,LADD,YONA AVIATION II LLC,N108MS,N108MS_2026-04-03_airplanes-live_trace_full.json.gz
N108MS,2026-04-06,airplanes-live,8,LADD,YONA AVIATION II LLC,N108MS,N108MS_2026-04-06_airplanes-live_trace_full.json.gz
N108MS,2026-04-07,airplanes-live,8,LADD,YONA AVIATION II LLC,N108MS,N108MS_2026-04-07_airplanes-live_trace_full.json.gz
N108MS,2026-04-08,airplanes-live,8,LADD,YONA AVIATION II LLC,N108MS,N108MS_2026-04-08_airplanes-live_trace_full.json.gz
N108MS,2026-04-09,airplanes-live,8,LADD,YONA AVIATION II LLC,N108MS,N108MS_2026-04-09_airplanes-live_trace_full.json.gz
N108MS,2026-04-11,airplanes-live,8,LADD,YONA AVIATION II LLC,N108MS,N108MS_2026-04-11_airplanes-live_trace_full.json.gz
N108MS,2026-04-12,airplanes-live,8,LADD,YONA AVIATION II LLC,N108MS,N108MS_2026-04-12_airplanes-live_trace_full.json.gz
N108MS,2026-04-15,airplanes-live,8,LADD,YONA AVIATION II LLC,N108MS,N108MS_2026-04-15_airplanes-live_trace_full.json.gz
N108MS,2026-04-16,airplanes-live,8,LADD,YONA AVIATION II LLC,N108MS,N108MS_2026-04-16_airplanes-live_trace_full.json.gz
N108MS,2026-04-20,airplanes-live,8,LADD,YONA AVIATION II LLC,N108MS,N108MS_2026-04-20_airplanes-live_trace_full.json.gz
N108MS,2026-04-21,airplanes-live,8,LADD,YONA AVIATION II LLC,N108MS,N108MS_2026-04-21_airplanes-live_trace_full.json.gz
N108MS,2026-04-24,airplanes-live,8,LADD,YONA AVIATION II LLC,N108MS,N108MS_2026-04-24_airplanes-live_trace_full.json.gz
N108MS,2026-04-27,airplanes-live,8,LADD,YONA AVIATION II LLC,N108MS,N108MS_2026-04-27_airplanes-live_trace_full.json.gz
N108MS,2026-04-29,airplanes-live,8,LADD,YONA AVIATION II LLC,N108MS,N108MS_2026-04-29_airplanes-live_trace_full.json.gz
N108MS,2026-04-30,airplanes-live,8,LADD,YONA AVIATION II LLC,N108MS,N108MS_2026-04-30_airplanes-live_trace_full.json.gz
N108MS,2026-05-01,airplanes-live,8,LADD,YONA AVIATION II LLC,N108MS,N108MS_2026-05-01_airplanes-live_trace_full.json.gz
N108MS,2026-05-03,airplanes-live,8,LADD,YONA AVIATION II LLC,N108MS,N108MS_2026-05-03_airplanes-live_trace_full.json.gz
N108MS,2026-05-04,airplanes-live,8,LADD,YONA AVIATION II LLC,N108MS,N108MS_2026-05-04_airplanes-live_trace_full.json.gz
N108MS,2026-05-05,airplanes-live,8,LADD,YONA AVIATION II LLC,N108MS,N108MS_2026-05-05_airplanes-live_trace_full.json.gz
N108MS,2026-05-06,airplanes-live,8,LADD,YONA AVIATION II LLC,N108MS,N108MS_2026-05-06_airplanes-live_trace_full.json.gz
N108MS,2026-05-07,airplanes-live,8,LADD,YONA AVIATION II LLC,N108MS,N108MS_2026-05-07_airplanes-live_trace_full.json.gz
N108MS,2026-05-11,airplanes-live,8,LADD,YONA AVIATION II LLC,N108MS,N108MS_2026-05-11_airplanes-live_trace_full.json.gz
N108MS,2026-05-12,airplanes-live,8,LADD,YONA AVIATION II LLC,N108MS,N108MS_2026-05-12_airplanes-live_trace_full.json.gz
N108MS,2026-05-13,airplanes-live,8,LADD,YONA AVIATION II LLC,N108MS,N108MS_2026-05-13_airplanes-live_trace_full.json.gz
N108MS,2026-05-17,airplanes-live,8,LADD,YONA AVIATION II LLC,N108MS,N108MS_2026-05-17_airplanes-live_trace_full.json.gz
N108MS,2026-05-18,airplanes-live,8,LADD,YONA AVIATION II LLC,N108MS,N108MS_2026-05-18_airplanes-live_trace_full.json.gz
N108MS,2026-06-01,airplanes-live,8,LADD,YONA AVIATION II LLC,N108MS,N108MS_2026-06-01_airplanes-live_trace_full.json.gz
N108MS,2026-06-06,airplanes-live,8,LADD,YONA AVIATION II LLC,N108MS,N108MS_2026-06-06_airplanes-live_trace_full.json.gz
N108MS,2026-06-12,airplanes-live,8,LADD,YONA AVIATION II LLC,N108MS,N108MS_2026-06-12_airplanes-live_trace_full.json.gz
N108MS,2026-06-25,airplanes-live,8,LADD,YONA AVIATION II LLC,N108MS,N108MS_2026-06-25_airplanes-live_trace_full.json.gz
N108MS,2026-06-26,airplanes-live,8,LADD,YONA AVIATION II LLC,N108MS,N108MS_2026-06-26_airplanes-live_trace_full.json.gz
N108MS,2026-07-06,airplanes-live,8,LADD,YONA AVIATION II LLC,N108MS,N108MS_2026-07-06_airplanes-live_trace_full.json.gz
N108MS,2026-07-08,airplanes-live,8,LADD,YONA AVIATION II LLC,N108MS,N108MS_2026-07-08_airplanes-live_trace_full.json.gz
N108MS,2026-07-09,airplanes-live,8,LADD,YONA AVIATION II LLC,N108MS,N108MS_2026-07-09_airplanes-live_trace_full.json.gz
N108MS,2026-07-11,airplanes-live,8,LADD,YONA AVIATION II LLC,N108MS,N108MS_2026-07-11_airplanes-live_trace_full.json.gz
N108MS,2026-07-16,airplanes-live,8,LADD,YONA AVIATION II LLC,N108MS,N108MS_2026-07-16_airplanes-live_trace_full.json.gz
N108MS,2026-07-17,airplanes-live,8,LADD,YONA AVIATION II LLC,N108MS,N108MS_2026-07-17_airplanes-live_trace_full.json.gz
N108MS,2026-07-18,airplanes-live,8,LADD,YONA AVIATION II LLC,N108MS,N108MS_2026-07-18_airplanes-live_trace_full.json.gz
N108MS,2026-07-19,airplanes-live,8,LADD,YONA AVIATION II LLC,N108MS,N108MS_2026-07-19_airplanes-live_trace_full.json.gz
N108MS,2026-07-26,airplanes-live,8,LADD,YONA AVIATION II LLC,N108MS,N108MS_2026-07-26_airplanes-live_trace_full.json.gz
N108MS,2026-07-27,airplanes-live,8,LADD,YONA AVIATION II LLC,N108MS,N108MS_2026-07-27_airplanes-live_trace_full.json.gz
N108MS,2026-07-29,airplanes-live,8,LADD,YONA AVIATION II LLC,N108MS,N108MS_2026-07-29_airplanes-live_trace_full.json.gz
N108MS,2026-07-31,airplanes-live,8,LADD,YONA AVIATION II LLC,N108MS,N108MS_2026-07-31_airplanes-live_trace_full.json.gz
N108MS,2026-09-01,airplanes-live,8,LADD,YONA AVIATION II LLC,N108MS,N108MS_2026-09-01_airplanes-live_trace_full.json.gz
N108MS,2026-09-02,airplanes-live,8,LADD,YONA AVIATION II LLC,N108MS,N108MS_2026-09-02_airplanes-live_trace_full.json.gz
N108MS,2026-09-03,airplanes-live,8,LADD,YONA AVIATION II LLC,N108MS,N108MS_2026-09-03_airplanes-live_trace_full.json.gz
N108MS,2026-09-15,airplanes-live,8,LADD,YONA AVIATION II LLC,N108MS,N108MS_2026-09-15_airplanes-live_trace_full.json.gz
N108MS,2026-09-16,airplanes-live,8,LADD,YONA AVIATION II LLC,N108MS,N108MS_2026-09-16_airplanes-live_trace_full.json.gz
N336LS,2023-02-12,airplanes-live,8,LADD,LAS VEGAS SANDS CORP,N336LS,N336LS_2023-02-12_airplanes-live_trace_full.json.gz
N336LS,2023-02-13,airplanes-live,8,LADD,LAS VEGAS SANDS CORP,N336LS,N336LS_2023-02-13_airplanes-live_trace_full.json.gz
N336LS,2023-02-18,airplanes-live,8,LADD,LAS VEGAS SANDS CORP,N336LS,N336LS_2023-02-18_airplanes-live_trace_full.json.gz
N336LS,2023-02-22,airplanes-live,8,LADD,LAS VEGAS SANDS CORP,N336LS,N336LS_2023-02-22_airplanes-live_trace_full.json.gz
N336LS,2023-02-25,airplanes-live,8,LADD,LAS VEGAS SANDS CORP,N336LS,N336LS_2023-02-25_airplanes-live_trace_full.json.gz
N336LS,2023-02-26,airplanes-live,8,LADD,LAS VEGAS SANDS CORP,N336LS,N336LS_2023-02-26_airplanes-live_trace_full.json.gz
N336LS,2023-02-27,airplanes-live,8,LADD,LAS VEGAS SANDS CORP,N336LS,N336LS_2023-02-27_airplanes-live_trace_full.json.gz
N336LS,2023-03-05,airplanes-live,8,LADD,LAS VEGAS SANDS CORP,N336LS,N336LS_2023-03-05_airplanes-live_trace_full.json.gz
N336LS,2023-03-09,airplanes-live,8,LADD,LAS VEGAS SANDS CORP,N336LS,N336LS_2023-03-09_airplanes-live_trace_full.json.gz
N336LS,2023-03-27,airplanes-live,0,none,,N336LS,N336LS_2023-03-27_airplanes-live_trace_full.json.gz
N336LS,2023-03-28,airplanes-live,0,none,,N336LS,N336LS_2023-03-28_airplanes-live_trace_full.json.gz
N336LS,2023-04-01,airplanes-live,0,none,,N336LS,N336LS_2023-04-01_airplanes-live_trace_full.json.gz
N336LS,2023-04-02,airplanes-live,0,none,,N336LS,N336LS_2023-04-02_airplanes-live_trace_full.json.gz
N336LS,2023-04-05,airplanes-live,0,none,,N336LS,N336LS_2023-04-05_airplanes-live_trace_full.json.gz
N336LS,2023-04-12,airplanes-live,0,none,,N336LS,N336LS_2023-04-12_airplanes-live_trace_full.json.gz
N336LS,2023-04-13,airplanes-live,0,none,,N336LS,N336LS_2023-04-13_airplanes-live_trace_full.json.gz
N336LS,2023-04-14,airplanes-live,0,none,,N336LS,N336LS_2023-04-14_airplanes-live_trace_full.json.gz
N336LS,2023-04-16,airplanes-live,0,none,,N336LS,N336LS_2023-04-16_airplanes-live_trace_full.json.gz
N336LS,2023-04-17,airplanes-live,0,none,,N336LS,N336LS_2023-04-17_airplanes-live_trace_full.json.gz
N336LS,2023-04-18,airplanes-live,0,none,,N336LS,N336LS_2023-04-18_airplanes-live_trace_full.json.gz
N336LS,2023-04-19,airplanes-live,0,none,,N336LS,N336LS_2023-04-19_airplanes-live_trace_full.json.gz
N336LS,2023-05-13,airplanes-live,0,none,,N336LS,N336LS_2023-05-13_airplanes-live_trace_full.json.gz
N336LS,2023-05-18,airplanes-live,0,none,,N336LS,N336LS_2023-05-18_airplanes-live_trace_full.json.gz
N336LS,2023-05-21,airplanes-live,0,none,,N336LS,N336LS_2023-05-21_airplanes-live_trace_full.json.gz
N336LS,2023-05-25,airplanes-live,0,none,,N336LS,N336LS_2023-05-25_airplanes-live_trace_full.json.gz
N336LS,2023-05-30,airplanes-live,0,none,,N336LS,N336LS_2023-05-30_airplanes-live_trace_full.json.gz
N336LS,2023-06-01,airplanes-live,0,none,,N336LS,N336LS_2023-06-01_airplanes-live_trace_full.json.gz
N336LS,2023-06-06,airplanes-live,0,none,,N336LS,N336LS_2023-06-06_airplanes-live_trace_full.json.gz
N336LS,2023-06-07,airplanes-live,0,none,,N336LS,N336LS_2023-06-07_airplanes-live_trace_full.json.gz
N336LS,2023-06-09,airplanes-live,0,none,,N336LS,N336LS_2023-06-09_airplanes-live_trace_full.json.gz
N336LS,2023-06-10,airplanes-live,0,none,,N336LS,N336LS_2023-06-10_airplanes-live_trace_full.json.gz
N336LS,2023-06-13,airplanes-live,0,none,,N336LS,N336LS_2023-06-13_airplanes-live_trace_full.json.gz
N336LS,2023-06-18,airplanes-live,0,none,,N336LS,N336LS_2023-06-18_airplanes-live_trace_full.json.gz
N336LS,2023-06-19,airplanes-live,0,none,,N336LS,N336LS_2023-06-19_airplanes-live_trace_full.json.gz
N336LS,2023-07-03,airplanes-live,0,none,,N336LS,N336LS_2023-07-03_airplanes-live_trace_full.json.gz
N336LS,2023-07-18,airplanes-live,0,none,,N336LS,N336LS_2023-07-18_airplanes-live_trace_full.json.gz
N336LS,2023-07-19,airplanes-live,0,none,,N336LS,N336LS_2023-07-19_airplanes-live_trace_full.json.gz
N336LS,2023-07-23,airplanes-live,0,none,,N336LS,N336LS_2023-07-23_airplanes-live_trace_full.json.gz
N336LS,2023-07-24,airplanes-live,0,none,,N336LS,N336LS_2023-07-24_airplanes-live_trace_full.json.gz
N336LS,2023-07-25,airplanes-live,0,none,,N336LS,N336LS_2023-07-25_airplanes-live_trace_full.json.gz
N336LS,2023-07-26,airplanes-live,0,none,,N336LS,N336LS_2023-07-26_airplanes-live_trace_full.json.gz
N336LS,2023-08-01,airplanes-live,0,none,,N336LS,N336LS_2023-08-01_airplanes-live_trace_full.json.gz
N336LS,2023-08-02,airplanes-live,0,none,,N336LS,N336LS_2023-08-02_airplanes-live_trace_full.json.gz
N336LS,2023-08-06,airplanes-live,0,none,,N336LS,N336LS_2023-08-06_airplanes-live_trace_full.json.gz
N336LS,2023-08-28,airplanes-live,0,none,,N336LS,N336LS_2023-08-28_airplanes-live_trace_full.json.gz
N336LS,2023-08-30,airplanes-live,0,none,,N336LS,N336LS_2023-08-30_airplanes-live_trace_full.json.gz
N336LS,2023-08-31,airplanes-live,0,none,,N336LS,N336LS_2023-08-31_airplanes-live_trace_full.json.gz
N336LS,2023-09-01,airplanes-live,0,none,,N336LS,N336LS_2023-09-01_airplanes-live_trace_full.json.gz
N336LS,2023-09-02,airplanes-live,0,none,,N336LS,N336LS_2023-09-02_airplanes-live_trace_full.json.gz
N336LS,2023-09-04,airplanes-live,0,none,,N336LS,N336LS_2023-09-04_airplanes-live_trace_full.json.gz
N336LS,2023-09-05,adsb-lol,8,LADD,LAS VEGAS SANDS CORP,N336LS,N336LS_2023-09-05_adsb-lol_trace_full.json.gz
N336LS,2023-09-09,adsb-lol,8,LADD,LAS VEGAS SANDS CORP,N336LS,N336LS_2023-09-09_adsb-lol_trace_full.json.gz
N336LS,2023-09-11,adsb-lol,8,LADD,LAS VEGAS SANDS CORP,N336LS,N336LS_2023-09-11_adsb-lol_trace_full.json.gz
N336LS,2023-09-12,airplanes-live,,not_in_header,,,N336LS_2023-09-12_airplanes-live_trace_full.json.gz
N336LS,2023-09-13,airplanes-live,,not_in_header,,,N336LS_2023-09-13_airplanes-live_trace_full.json.gz
N336LS,2023-09-14,airplanes-live,,not_in_header,,,N336LS_2023-09-14_airplanes-live_trace_full.json.gz
N336LS,2023-09-15,airplanes-live,,not_in_header,,,N336LS_2023-09-15_airplanes-live_trace_full.json.gz
N336LS,2023-09-17,airplanes-live,,not_in_header,,,N336LS_2023-09-17_airplanes-live_trace_full.json.gz
N336LS,2023-09-19,airplanes-live,,not_in_header,,,N336LS_2023-09-19_airplanes-live_trace_full.json.gz
N336LS,2023-09-20,airplanes-live,,not_in_header,,,N336LS_2023-09-20_airplanes-live_trace_full.json.gz
N336LS,2023-09-21,airplanes-live,,not_in_header,,,N336LS_2023-09-21_airplanes-live_trace_full.json.gz
N336LS,2023-10-10,airplanes-live,8,LADD,LAS VEGAS SANDS CORP,N336LS,N336LS_2023-10-10_airplanes-live_trace_full.json.gz
N336LS,2023-10-11,airplanes-live,8,LADD,LAS VEGAS SANDS CORP,N336LS,N336LS_2023-10-11_airplanes-live_trace_full.json.gz
N336LS,2023-10-13,airplanes-live,8,LADD,LAS VEGAS SANDS CORP,N336LS,N336LS_2023-10-13_airplanes-live_trace_full.json.gz
N336LS,2023-10-14,airplanes-live,8,LADD,LAS VEGAS SANDS CORP,N336LS,N336LS_2023-10-14_airplanes-live_trace_full.json.gz
N336LS,2023-10-17,airplanes-live,8,LADD,LAS VEGAS SANDS CORP,N336LS,N336LS_2023-10-17_airplanes-live_trace_full.json.gz
N336LS,2023-10-18,airplanes-live,8,LADD,LAS VEGAS SANDS CORP,N336LS,N336LS_2023-10-18_airplanes-live_trace_full.json.gz
N336LS,2023-10-28,airplanes-live,8,LADD,LAS VEGAS SANDS CORP,N336LS,N336LS_2023-10-28_airplanes-live_trace_full.json.gz
N336LS,2023-10-30,airplanes-live,8,LADD,LAS VEGAS SANDS CORP,N336LS,N336LS_2023-10-30_airplanes-live_trace_full.json.gz
N336LS,2023-11-15,airplanes-live,8,LADD,LAS VEGAS SANDS CORP,N336LS,N336LS_2023-11-15_airplanes-live_trace_full.json.gz
N336LS,2023-11-16,airplanes-live,8,LADD,LAS VEGAS SANDS CORP,N336LS,N336LS_2023-11-16_airplanes-live_trace_full.json.gz
N336LS,2023-11-19,airplanes-live,8,LADD,LAS VEGAS SANDS CORP,N336LS,N336LS_2023-11-19_airplanes-live_trace_full.json.gz
N336LS,2023-11-20,airplanes-live,8,LADD,LAS VEGAS SANDS CORP,N336LS,N336LS_2023-11-20_airplanes-live_trace_full.json.gz
N336LS,2023-11-22,airplanes-live,8,LADD,LAS VEGAS SANDS CORP,N336LS,N336LS_2023-11-22_airplanes-live_trace_full.json.gz
N336LS,2023-12-03,airplanes-live,8,LADD,LAS VEGAS SANDS CORP,N336LS,N336LS_2023-12-03_airplanes-live_trace_full.json.gz
N336LS,2023-12-04,airplanes-live,8,LADD,LAS VEGAS SANDS CORP,N336LS,N336LS_2023-12-04_airplanes-live_trace_full.json.gz
N336LS,2023-12-07,airplanes-live,8,LADD,LAS VEGAS SANDS CORP,N336LS,N336LS_2023-12-07_airplanes-live_trace_full.json.gz
N336LS,2023-12-08,airplanes-live,8,LADD,LAS VEGAS SANDS CORP,N336LS,N336LS_2023-12-08_airplanes-live_trace_full.json.gz
N336LS,2023-12-14,airplanes-live,8,LADD,LAS VEGAS SANDS CORP,N336LS,N336LS_2023-12-14_airplanes-live_trace_full.json.gz
N336LS,2023-12-15,airplanes-live,8,LADD,LAS VEGAS SANDS CORP,N336LS,N336LS_2023-12-15_airplanes-live_trace_full.json.gz
N336LS,2023-12-22,airplanes-live,8,LADD,LAS VEGAS SANDS CORP,N336LS,N336LS_2023-12-22_airplanes-live_trace_full.json.gz
N336LS,2023-12-27,airplanes-live,8,LADD,LAS VEGAS SANDS CORP,N336LS,N336LS_2023-12-27_airplanes-live_trace_full.json.gz
N336LS,2023-12-28,airplanes-live,8,LADD,LAS VEGAS SANDS CORP,N336LS,N336LS_2023-12-28_airplanes-live_trace_full.json.gz
N336LS,2024-05-22,airplanes-live,8,LADD,LAS VEGAS SANDS CORP,N336LS,N336LS_2024-05-22_airplanes-live_trace_full.json.gz
N336LS,2024-06-03,airplanes-live,8,LADD,LAS VEGAS SANDS CORP,N336LS,N336LS_2024-06-03_airplanes-live_trace_full.json.gz
N336LS,2024-06-04,airplanes-live,8,LADD,LAS VEGAS SANDS CORP,N336LS,N336LS_2024-06-04_airplanes-live_trace_full.json.gz
N336LS,2024-06-19,airplanes-live,8,LADD,LAS VEGAS SANDS CORP,N336LS,N336LS_2024-06-19_airplanes-live_trace_full.json.gz
N336LS,2024-06-20,airplanes-live,8,LADD,LAS VEGAS SANDS CORP,N336LS,N336LS_2024-06-20_airplanes-live_trace_full.json.gz
N336LS,2024-06-21,airplanes-live,8,LADD,LAS VEGAS SANDS CORP,N336LS,N336LS_2024-06-21_airplanes-live_trace_full.json.gz
N336LS,2024-06-23,airplanes-live,8,LADD,LAS VEGAS SANDS CORP,N336LS,N336LS_2024-06-23_airplanes-live_trace_full.json.gz
N336LS,2024-06-24,airplanes-live,8,LADD,LAS VEGAS SANDS CORP,N336LS,N336LS_2024-06-24_airplanes-live_trace_full.json.gz
N336LS,2024-06-25,airplanes-live,8,LADD,LAS VEGAS SANDS CORP,N336LS,N336LS_2024-06-25_airplanes-live_trace_full.json.gz
N336LS,2024-06-27,airplanes-live,8,LADD,LAS VEGAS SANDS CORP,N336LS,N336LS_2024-06-27_airplanes-live_trace_full.json.gz
N336LS,2024-06-29,airplanes-live,8,LADD,LAS VEGAS SANDS CORP,N336LS,N336LS_2024-06-29_airplanes-live_trace_full.json.gz
N336LS,2024-06-30,airplanes-live,8,LADD,LAS VEGAS SANDS CORP,N336LS,N336LS_2024-06-30_airplanes-live_trace_full.json.gz
N336LS,2024-07-04,airplanes-live,8,LADD,LAS VEGAS SANDS CORP,N336LS,N336LS_2024-07-04_airplanes-live_trace_full.json.gz
N336LS,2024-07-07,airplanes-live,8,LADD,LAS VEGAS SANDS CORP,N336LS,N336LS_2024-07-07_airplanes-live_trace_full.json.gz
N336LS,2024-07-12,airplanes-live,8,LADD,LAS VEGAS SANDS CORP,N336LS,N336LS_2024-07-12_airplanes-live_trace_full.json.gz
N336LS,2024-08-01,airplanes-live,8,LADD,LAS VEGAS SANDS CORP,N336LS,N336LS_2024-08-01_airplanes-live_trace_full.json.gz
N336LS,2024-08-05,airplanes-live,8,LADD,LAS VEGAS SANDS CORP,N336LS,N336LS_2024-08-05_airplanes-live_trace_full.json.gz
N336LS,2024-08-06,airplanes-live,8,LADD,LAS VEGAS SANDS CORP,N336LS,N336LS_2024-08-06_airplanes-live_trace_full.json.gz
N336LS,2024-08-10,airplanes-live,8,LADD,LAS VEGAS SANDS CORP,N336LS,N336LS_2024-08-10_airplanes-live_trace_full.json.gz
N336LS,2024-08-11,airplanes-live,8,LADD,LAS VEGAS SANDS CORP,N336LS,N336LS_2024-08-11_airplanes-live_trace_full.json.gz
N336LS,2024-08-12,airplanes-live,8,LADD,LAS VEGAS SANDS CORP,N336LS,N336LS_2024-08-12_airplanes-live_trace_full.json.gz
N336LS,2024-08-14,airplanes-live,8,LADD,LAS VEGAS SANDS CORP,N336LS,N336LS_2024-08-14_airplanes-live_trace_full.json.gz
N336LS,2024-08-15,airplanes-live,8,LADD,LAS VEGAS SANDS CORP,N336LS,N336LS_2024-08-15_airplanes-live_trace_full.json.gz
N336LS,2024-08-16,airplanes-live,8,LADD,LAS VEGAS SANDS CORP,N336LS,N336LS_2024-08-16_airplanes-live_trace_full.json.gz
N336LS,2024-09-12,airplanes-live,8,LADD,LAS VEGAS SANDS CORP,N336LS,N336LS_2024-09-12_airplanes-live_trace_full.json.gz
N336LS,2024-10-19,airplanes-live,8,LADD,LAS VEGAS SANDS CORP,N336LS,N336LS_2024-10-19_airplanes-live_trace_full.json.gz
N336LS,2024-10-20,airplanes-live,8,LADD,LAS VEGAS SANDS CORP,N336LS,N336LS_2024-10-20_airplanes-live_trace_full.json.gz
N336LS,2024-10-21,airplanes-live,8,LADD,LAS VEGAS SANDS CORP,N336LS,N336LS_2024-10-21_airplanes-live_trace_full.json.gz
N336LS,2024-10-22,airplanes-live,8,LADD,LAS VEGAS SANDS CORP,N336LS,N336LS_2024-10-22_airplanes-live_trace_full.json.gz
N336LS,2024-10-23,airplanes-live,8,LADD,LAS VEGAS SANDS CORP,N336LS,N336LS_2024-10-23_airplanes-live_trace_full.json.gz
N336LS,2024-11-02,airplanes-live,8,LADD,LAS VEGAS SANDS CORP,N336LS,N336LS_2024-11-02_airplanes-live_trace_full.json.gz
N336LS,2024-11-03,airplanes-live,8,LADD,LAS VEGAS SANDS CORP,N336LS,N336LS_2024-11-03_airplanes-live_trace_full.json.gz
N336LS,2024-11-06,airplanes-live,8,LADD,LAS VEGAS SANDS CORP,N336LS,N336LS_2024-11-06_airplanes-live_trace_full.json.gz
N336LS,2024-11-07,airplanes-live,8,LADD,LAS VEGAS SANDS CORP,N336LS,N336LS_2024-11-07_airplanes-live_trace_full.json.gz
N336LS,2024-11-09,airplanes-live,8,LADD,LAS VEGAS SANDS CORP,N336LS,N336LS_2024-11-09_airplanes-live_trace_full.json.gz
N336LS,2024-11-10,airplanes-live,8,LADD,LAS VEGAS SANDS CORP,N336LS,N336LS_2024-11-10_airplanes-live_trace_full.json.gz
N336LS,2024-11-17,airplanes-live,8,LADD,LAS VEGAS SANDS CORP,N336LS,N336LS_2024-11-17_airplanes-live_trace_full.json.gz
N336LS,2024-11-30,airplanes-live,8,LADD,LAS VEGAS SANDS CORP,N336LS,N336LS_2024-11-30_airplanes-live_trace_full.json.gz
N336LS,2024-12-01,airplanes-live,8,LADD,LAS VEGAS SANDS CORP,N336LS,N336LS_2024-12-01_airplanes-live_trace_full.json.gz
N336LS,2024-12-04,airplanes-live,8,LADD,LAS VEGAS SANDS CORP,N336LS,N336LS_2024-12-04_airplanes-live_trace_full.json.gz
N336LS,2024-12-05,airplanes-live,8,LADD,LAS VEGAS SANDS CORP,N336LS,N336LS_2024-12-05_airplanes-live_trace_full.json.gz
N336LS,2024-12-08,airplanes-live,8,LADD,LAS VEGAS SANDS CORP,N336LS,N336LS_2024-12-08_airplanes-live_trace_full.json.gz
N336LS,2024-12-24,airplanes-live,8,LADD,LAS VEGAS SANDS CORP,N336LS,N336LS_2024-12-24_airplanes-live_trace_full.json.gz
N336LS,2024-12-29,airplanes-live,8,LADD,LAS VEGAS SANDS CORP,N336LS,N336LS_2024-12-29_airplanes-live_trace_full.json.gz
N336LS,2024-12-30,airplanes-live,8,LADD,LAS VEGAS SANDS CORP,N336LS,N336LS_2024-12-30_airplanes-live_trace_full.json.gz
N336LS,2025-01-18,airplanes-live,8,LADD,LAS VEGAS SANDS CORP,N336LS,N336LS_2025-01-18_airplanes-live_trace_full.json.gz
N336LS,2025-01-19,airplanes-live,8,LADD,LAS VEGAS SANDS CORP,N336LS,N336LS_2025-01-19_airplanes-live_trace_full.json.gz
N336LS,2025-01-20,airplanes-live,8,LADD,LAS VEGAS SANDS CORP,N336LS,N336LS_2025-01-20_airplanes-live_trace_full.json.gz
N336LS,2025-01-23,airplanes-live,8,LADD,LAS VEGAS SANDS CORP,N336LS,N336LS_2025-01-23_airplanes-live_trace_full.json.gz
N336LS,2025-01-24,airplanes-live,8,LADD,LAS VEGAS SANDS CORP,N336LS,N336LS_2025-01-24_airplanes-live_trace_full.json.gz
N336LS,2025-01-25,airplanes-live,8,LADD,LAS VEGAS SANDS CORP,N336LS,N336LS_2025-01-25_airplanes-live_trace_full.json.gz
N336LS,2025-01-27,airplanes-live,8,LADD,LAS VEGAS SANDS CORP,N336LS,N336LS_2025-01-27_airplanes-live_trace_full.json.gz
N336LS,2025-01-28,airplanes-live,8,LADD,LAS VEGAS SANDS CORP,N336LS,N336LS_2025-01-28_airplanes-live_trace_full.json.gz
N336LS,2025-01-29,airplanes-live,8,LADD,LAS VEGAS SANDS CORP,N336LS,N336LS_2025-01-29_airplanes-live_trace_full.json.gz
N336LS,2025-02-13,airplanes-live,8,LADD,LAS VEGAS SANDS CORP,N336LS,N336LS_2025-02-13_airplanes-live_trace_full.json.gz
N336LS,2025-02-14,airplanes-live,8,LADD,LAS VEGAS SANDS CORP,N336LS,N336LS_2025-02-14_airplanes-live_trace_full.json.gz
N336LS,2025-02-17,airplanes-live,8,LADD,LAS VEGAS SANDS CORP,N336LS,N336LS_2025-02-17_airplanes-live_trace_full.json.gz
N336LS,2025-02-19,airplanes-live,8,LADD,LAS VEGAS SANDS CORP,N336LS,N336LS_2025-02-19_airplanes-live_trace_full.json.gz
N336LS,2025-02-23,airplanes-live,8,LADD,LAS VEGAS SANDS CORP,N336LS,N336LS_2025-02-23_airplanes-live_trace_full.json.gz
N336LS,2025-02-25,airplanes-live,8,LADD,LAS VEGAS SANDS CORP,N336LS,N336LS_2025-02-25_airplanes-live_trace_full.json.gz
N336LS,2025-02-26,airplanes-live,8,LADD,LAS VEGAS SANDS CORP,N336LS,N336LS_2025-02-26_airplanes-live_trace_full.json.gz
N336LS,2025-02-27,airplanes-live,8,LADD,LAS VEGAS SANDS CORP,N336LS,N336LS_2025-02-27_airplanes-live_trace_full.json.gz
N336LS,2025-02-28,airplanes-live,8,LADD,LAS VEGAS SANDS CORP,N336LS,N336LS_2025-02-28_airplanes-live_trace_full.json.gz
N336LS,2025-03-15,airplanes-live,8,LADD,LAS VEGAS SANDS CORP,N336LS,N336LS_2025-03-15_airplanes-live_trace_full.json.gz
N336LS,2025-03-18,airplanes-live,8,LADD,LAS VEGAS SANDS CORP,N336LS,N336LS_2025-03-18_airplanes-live_trace_full.json.gz
N336LS,2025-03-19,airplanes-live,8,LADD,LAS VEGAS SANDS CORP,N336LS,N336LS_2025-03-19_airplanes-live_trace_full.json.gz
N336LS,2025-03-30,airplanes-live,8,LADD,LAS VEGAS SANDS CORP,N336LS,N336LS_2025-03-30_airplanes-live_trace_full.json.gz
N336LS,2025-03-31,airplanes-live,8,LADD,LAS VEGAS SANDS CORP,N336LS,N336LS_2025-03-31_airplanes-live_trace_full.json.gz
N336LS,2025-04-03,airplanes-live,8,LADD,LAS VEGAS SANDS CORP,N336LS,N336LS_2025-04-03_airplanes-live_trace_full.json.gz
N336LS,2025-04-10,airplanes-live,8,LADD,LAS VEGAS SANDS CORP,N336LS,N336LS_2025-04-10_airplanes-live_trace_full.json.gz
N336LS,2025-04-20,airplanes-live,8,LADD,LAS VEGAS SANDS CORP,N336LS,N336LS_2025-04-20_airplanes-live_trace_full.json.gz
N336LS,2025-04-21,airplanes-live,8,LADD,LAS VEGAS SANDS CORP,N336LS,N336LS_2025-04-21_airplanes-live_trace_full.json.gz
N336LS,2025-05-02,airplanes-live,8,LADD,LAS VEGAS SANDS CORP,N336LS,N336LS_2025-05-02_airplanes-live_trace_full.json.gz
N336LS,2025-05-05,airplanes-live,8,LADD,LAS VEGAS SANDS CORP,N336LS,N336LS_2025-05-05_airplanes-live_trace_full.json.gz
N336LS,2025-05-09,airplanes-live,8,LADD,LAS VEGAS SANDS CORP,N336LS,N336LS_2025-05-09_airplanes-live_trace_full.json.gz
N336LS,2025-05-10,airplanes-live,8,LADD,LAS VEGAS SANDS CORP,N336LS,N336LS_2025-05-10_airplanes-live_trace_full.json.gz
N336LS,2025-05-12,airplanes-live,8,LADD,LAS VEGAS SANDS CORP,N336LS,N336LS_2025-05-12_airplanes-live_trace_full.json.gz
N336LS,2025-05-15,airplanes-live,8,LADD,LAS VEGAS SANDS CORP,N336LS,N336LS_2025-05-15_airplanes-live_trace_full.json.gz
N336LS,2025-05-18,airplanes-live,8,LADD,LAS VEGAS SANDS CORP,N336LS,N336LS_2025-05-18_airplanes-live_trace_full.json.gz
N336LS,2025-05-19,airplanes-live,8,LADD,LAS VEGAS SANDS CORP,N336LS,N336LS_2025-05-19_airplanes-live_trace_full.json.gz
N336LS,2025-05-20,airplanes-live,8,LADD,LAS VEGAS SANDS CORP,N336LS,N336LS_2025-05-20_airplanes-live_trace_full.json.gz
N336LS,2025-05-21,airplanes-live,8,LADD,LAS VEGAS SANDS CORP,N336LS,N336LS_2025-05-21_airplanes-live_trace_full.json.gz
N336LS,2025-05-27,airplanes-live,8,LADD,LAS VEGAS SANDS CORP,N336LS,N336LS_2025-05-27_airplanes-live_trace_full.json.gz
N336LS,2025-05-29,airplanes-live,8,LADD,LAS VEGAS SANDS CORP,N336LS,N336LS_2025-05-29_airplanes-live_trace_full.json.gz
N336LS,2025-05-30,airplanes-live,8,LADD,LAS VEGAS SANDS CORP,N336LS,N336LS_2025-05-30_airplanes-live_trace_full.json.gz
N336LS,2025-06-03,airplanes-live,8,LADD,LAS VEGAS SANDS CORP,N336LS,N336LS_2025-06-03_airplanes-live_trace_full.json.gz
N336LS,2025-06-04,airplanes-live,8,LADD,LAS VEGAS SANDS CORP,N336LS,N336LS_2025-06-04_airplanes-live_trace_full.json.gz
N336LS,2025-06-05,airplanes-live,8,LADD,LAS VEGAS SANDS CORP,N336LS,N336LS_2025-06-05_airplanes-live_trace_full.json.gz
N336LS,2025-06-08,airplanes-live,8,LADD,LAS VEGAS SANDS CORP,N336LS,N336LS_2025-06-08_airplanes-live_trace_full.json.gz
N336LS,2025-06-15,airplanes-live,8,LADD,LAS VEGAS SANDS CORP,N336LS,N336LS_2025-06-15_airplanes-live_trace_full.json.gz
N336LS,2025-06-19,airplanes-live,8,LADD,LAS VEGAS SANDS CORP,N336LS,N336LS_2025-06-19_airplanes-live_trace_full.json.gz
N336LS,2025-07-02,airplanes-live,8,LADD,LAS VEGAS SANDS CORP,N336LS,N336LS_2025-07-02_airplanes-live_trace_full.json.gz
N336LS,2025-07-03,airplanes-live,8,LADD,LAS VEGAS SANDS CORP,N336LS,N336LS_2025-07-03_airplanes-live_trace_full.json.gz
N336LS,2025-07-09,airplanes-live,8,LADD,LAS VEGAS SANDS CORP,N336LS,N336LS_2025-07-09_airplanes-live_trace_full.json.gz
N336LS,2025-07-18,airplanes-live,8,LADD,LAS VEGAS SANDS CORP,N336LS,N336LS_2025-07-18_airplanes-live_trace_full.json.gz
N336LS,2025-07-21,airplanes-live,8,LADD,LAS VEGAS SANDS CORP,N336LS,N336LS_2025-07-21_airplanes-live_trace_full.json.gz
N336LS,2025-07-31,airplanes-live,8,LADD,LAS VEGAS SANDS CORP,N336LS,N336LS_2025-07-31_airplanes-live_trace_full.json.gz
N336LS,2025-08-01,airplanes-live,8,LADD,LAS VEGAS SANDS CORP,N336LS,N336LS_2025-08-01_airplanes-live_trace_full.json.gz
N336LS,2025-08-04,airplanes-live,8,LADD,LAS VEGAS SANDS CORP,N336LS,N336LS_2025-08-04_airplanes-live_trace_full.json.gz
N336LS,2025-08-07,airplanes-live,8,LADD,LAS VEGAS SANDS CORP,N336LS,N336LS_2025-08-07_airplanes-live_trace_full.json.gz
N336LS,2025-08-10,airplanes-live,8,LADD,LAS VEGAS SANDS CORP,N336LS,N336LS_2025-08-10_airplanes-live_trace_full.json.gz
N336LS,2025-08-13,airplanes-live,8,LADD,LAS VEGAS SANDS CORP,N336LS,N336LS_2025-08-13_airplanes-live_trace_full.json.gz
N336LS,2025-08-21,airplanes-live,8,LADD,LAS VEGAS SANDS CORP,N336LS,N336LS_2025-08-21_airplanes-live_trace_full.json.gz
N336LS,2025-08-24,airplanes-live,8,LADD,LAS VEGAS SANDS CORP,N336LS,N336LS_2025-08-24_airplanes-live_trace_full.json.gz
N336LS,2025-08-25,airplanes-live,8,LADD,LAS VEGAS SANDS CORP,N336LS,N336LS_2025-08-25_airplanes-live_trace_full.json.gz
N336LS,2025-08-28,airplanes-live,8,LADD,LAS VEGAS SANDS CORP,N336LS,N336LS_2025-08-28_airplanes-live_trace_full.json.gz
N336LS,2025-08-31,airplanes-live,8,LADD,LAS VEGAS SANDS CORP,N336LS,N336LS_2025-08-31_airplanes-live_trace_full.json.gz
N336LS,2025-09-07,airplanes-live,8,LADD,LAS VEGAS SANDS CORP,N336LS,N336LS_2025-09-07_airplanes-live_trace_full.json.gz
N336LS,2025-10-08,airplanes-live,8,LADD,LAS VEGAS SANDS CORP,N336LS,N336LS_2025-10-08_airplanes-live_trace_full.json.gz
N336LS,2025-10-18,airplanes-live,8,LADD,LAS VEGAS SANDS CORP,N336LS,N336LS_2025-10-18_airplanes-live_trace_full.json.gz
N336LS,2025-10-20,airplanes-live,8,LADD,LAS VEGAS SANDS CORP,N336LS,N336LS_2025-10-20_airplanes-live_trace_full.json.gz
N336LS,2025-10-21,airplanes-live,8,LADD,LAS VEGAS SANDS CORP,N336LS,N336LS_2025-10-21_airplanes-live_trace_full.json.gz
N336LS,2025-10-22,airplanes-live,8,LADD,LAS VEGAS SANDS CORP,N336LS,N336LS_2025-10-22_airplanes-live_trace_full.json.gz
N336LS,2025-11-05,airplanes-live,8,LADD,LAS VEGAS SANDS CORP,N336LS,N336LS_2025-11-05_airplanes-live_trace_full.json.gz
N336LS,2025-11-06,airplanes-live,8,LADD,LAS VEGAS SANDS CORP,N336LS,N336LS_2025-11-06_airplanes-live_trace_full.json.gz
N336LS,2025-11-14,airplanes-live,8,LADD,LAS VEGAS SANDS CORP,N336LS,N336LS_2025-11-14_airplanes-live_trace_full.json.gz
N336LS,2025-11-15,airplanes-live,8,LADD,LAS VEGAS SANDS CORP,N336LS,N336LS_2025-11-15_airplanes-live_trace_full.json.gz
N336LS,2025-11-25,airplanes-live,8,LADD,LAS VEGAS SANDS CORP,N336LS,N336LS_2025-11-25_airplanes-live_trace_full.json.gz
N336LS,2025-11-27,airplanes-live,8,LADD,LAS VEGAS SANDS CORP,N336LS,N336LS_2025-11-27_airplanes-live_trace_full.json.gz
N336LS,2025-11-29,airplanes-live,8,LADD,LAS VEGAS SANDS CORP,N336LS,N336LS_2025-11-29_airplanes-live_trace_full.json.gz
N336LS,2025-11-30,airplanes-live,8,LADD,LAS VEGAS SANDS CORP,N336LS,N336LS_2025-11-30_airplanes-live_trace_full.json.gz
N336LS,2025-12-07,airplanes-live,8,LADD,LAS VEGAS SANDS CORP,N336LS,N336LS_2025-12-07_airplanes-live_trace_full.json.gz
N336LS,2025-12-17,airplanes-live,8,LADD,LAS VEGAS SANDS CORP,N336LS,N336LS_2025-12-17_airplanes-live_trace_full.json.gz
N336LS,2025-12-21,airplanes-live,8,LADD,LAS VEGAS SANDS CORP,N336LS,N336LS_2025-12-21_airplanes-live_trace_full.json.gz
N336LS,2025-12-22,airplanes-live,8,LADD,LAS VEGAS SANDS CORP,N336LS,N336LS_2025-12-22_airplanes-live_trace_full.json.gz
N336LS,2025-12-23,airplanes-live,8,LADD,LAS VEGAS SANDS CORP,N336LS,N336LS_2025-12-23_airplanes-live_trace_full.json.gz
N336LS,2026-01-11,airplanes-live,8,LADD,LAS VEGAS SANDS CORP,N336LS,N336LS_2026-01-11_airplanes-live_trace_full.json.gz
N336LS,2026-01-12,airplanes-live,8,LADD,LAS VEGAS SANDS CORP,N336LS,N336LS_2026-01-12_airplanes-live_trace_full.json.gz
N336LS,2026-01-16,airplanes-live,8,LADD,LAS VEGAS SANDS CORP,N336LS,N336LS_2026-01-16_airplanes-live_trace_full.json.gz
N336LS,2026-01-17,airplanes-live,8,LADD,LAS VEGAS SANDS CORP,N336LS,N336LS_2026-01-17_airplanes-live_trace_full.json.gz
N336LS,2026-01-18,airplanes-live,8,LADD,LAS VEGAS SANDS CORP,N336LS,N336LS_2026-01-18_airplanes-live_trace_full.json.gz
N336LS,2026-01-24,airplanes-live,8,LADD,LAS VEGAS SANDS CORP,N336LS,N336LS_2026-01-24_airplanes-live_trace_full.json.gz
N336LS,2026-01-25,airplanes-live,8,LADD,LAS VEGAS SANDS CORP,N336LS,N336LS_2026-01-25_airplanes-live_trace_full.json.gz
N336LS,2026-01-26,airplanes-live,8,LADD,LAS VEGAS SANDS CORP,N336LS,N336LS_2026-01-26_airplanes-live_trace_full.json.gz
N336LS,2026-01-27,airplanes-live,8,LADD,LAS VEGAS SANDS CORP,N336LS,N336LS_2026-01-27_airplanes-live_trace_full.json.gz
N336LS,2026-01-28,airplanes-live,8,LADD,LAS VEGAS SANDS CORP,N336LS,N336LS_2026-01-28_airplanes-live_trace_full.json.gz
N336LS,2026-01-29,airplanes-live,8,LADD,LAS VEGAS SANDS CORP,N336LS,N336LS_2026-01-29_airplanes-live_trace_full.json.gz
N336LS,2026-01-30,airplanes-live,8,LADD,LAS VEGAS SANDS CORP,N336LS,N336LS_2026-01-30_airplanes-live_trace_full.json.gz
N336LS,2026-02-25,airplanes-live,8,LADD,LAS VEGAS SANDS CORP,N336LS,N336LS_2026-02-25_airplanes-live_trace_full.json.gz
N336LS,2026-02-26,airplanes-live,8,LADD,LAS VEGAS SANDS CORP,N336LS,N336LS_2026-02-26_airplanes-live_trace_full.json.gz
N336LS,2026-02-27,airplanes-live,8,LADD,LAS VEGAS SANDS CORP,N336LS,N336LS_2026-02-27_airplanes-live_trace_full.json.gz
N336LS,2026-03-01,airplanes-live,8,LADD,LAS VEGAS SANDS CORP,N336LS,N336LS_2026-03-01_airplanes-live_trace_full.json.gz
N336LS,2026-03-02,airplanes-live,8,LADD,LAS VEGAS SANDS CORP,N336LS,N336LS_2026-03-02_airplanes-live_trace_full.json.gz
N336LS,2026-03-06,airplanes-live,8,LADD,LAS VEGAS SANDS CORP,N336LS,N336LS_2026-03-06_airplanes-live_trace_full.json.gz
N336LS,2026-03-07,airplanes-live,8,LADD,LAS VEGAS SANDS CORP,N336LS,N336LS_2026-03-07_airplanes-live_trace_full.json.gz
N336LS,2026-03-13,airplanes-live,8,LADD,LAS VEGAS SANDS CORP,N336LS,N336LS_2026-03-13_airplanes-live_trace_full.json.gz
N336LS,2026-03-22,airplanes-live,8,LADD,LAS VEGAS SANDS CORP,N336LS,N336LS_2026-03-22_airplanes-live_trace_full.json.gz
N336LS,2026-03-23,airplanes-live,8,LADD,LAS VEGAS SANDS CORP,N336LS,N336LS_2026-03-23_airplanes-live_trace_full.json.gz
N336LS,2026-03-27,airplanes-live,8,LADD,LAS VEGAS SANDS CORP,N336LS,N336LS_2026-03-27_airplanes-live_trace_full.json.gz
N336LS,2026-04-06,airplanes-live,8,LADD,LAS VEGAS SANDS CORP,N336LS,N336LS_2026-04-06_airplanes-live_trace_full.json.gz
N336LS,2026-04-08,airplanes-live,8,LADD,LAS VEGAS SANDS CORP,N336LS,N336LS_2026-04-08_airplanes-live_trace_full.json.gz
N336LS,2026-04-16,airplanes-live,8,LADD,LAS VEGAS SANDS CORP,N336LS,N336LS_2026-04-16_airplanes-live_trace_full.json.gz
N336LS,2026-04-18,airplanes-live,8,LADD,LAS VEGAS SANDS CORP,N336LS,N336LS_2026-04-18_airplanes-live_trace_full.json.gz
N336LS,2026-04-20,airplanes-live,8,LADD,LAS VEGAS SANDS CORP,N336LS,N336LS_2026-04-20_airplanes-live_trace_full.json.gz
N336LS,2026-04-25,airplanes-live,8,LADD,LAS VEGAS SANDS CORP,N336LS,N336LS_2026-04-25_airplanes-live_trace_full.json.gz
N336LS,2026-04-27,airplanes-live,8,LADD,LAS VEGAS SANDS CORP,N336LS,N336LS_2026-04-27_airplanes-live_trace_full.json.gz
N336LS,2026-04-30,airplanes-live,8,LADD,LAS VEGAS SANDS CORP,N336LS,N336LS_2026-04-30_airplanes-live_trace_full.json.gz
N336LS,2026-05-08,airplanes-live,8,LADD,LAS VEGAS SANDS CORP,N336LS,N336LS_2026-05-08_airplanes-live_trace_full.json.gz
N336LS,2026-05-17,airplanes-live,8,LADD,LAS VEGAS SANDS CORP,N336LS,N336LS_2026-05-17_airplanes-live_trace_full.json.gz
N336LS,2026-06-12,airplanes-live,8,LADD,LAS VEGAS SANDS CORP,N336LS,N336LS_2026-06-12_airplanes-live_trace_full.json.gz
N336LS,2026-06-15,airplanes-live,8,LADD,LAS VEGAS SANDS CORP,N336LS,N336LS_2026-06-15_airplanes-live_trace_full.json.gz
N336LS,2026-06-18,airplanes-live,8,LADD,LAS VEGAS SANDS CORP,N336LS,N336LS_2026-06-18_airplanes-live_trace_full.json.gz
N336LS,2026-06-19,airplanes-live,8,LADD,LAS VEGAS SANDS CORP,N336LS,N336LS_2026-06-19_airplanes-live_trace_full.json.gz
N336LS,2026-06-20,airplanes-live,8,LADD,LAS VEGAS SANDS CORP,N336LS,N336LS_2026-06-20_airplanes-live_trace_full.json.gz
N336LS,2026-06-24,airplanes-live,8,LADD,LAS VEGAS SANDS CORP,N336LS,N336LS_2026-06-24_airplanes-live_trace_full.json.gz
N336LS,2026-07-10,airplanes-live,8,LADD,LAS VEGAS SANDS CORP,N336LS,N336LS_2026-07-10_airplanes-live_trace_full.json.gz
N336LS,2026-07-12,airplanes-live,8,LADD,LAS VEGAS SANDS CORP,N336LS,N336LS_2026-07-12_airplanes-live_trace_full.json.gz
N336LS,2026-07-13,airplanes-live,8,LADD,LAS VEGAS SANDS CORP,N336LS,N336LS_2026-07-13_airplanes-live_trace_full.json.gz
N336LS,2026-07-17,airplanes-live,8,LADD,LAS VEGAS SANDS CORP,N336LS,N336LS_2026-07-17_airplanes-live_trace_full.json.gz
N336LS,2026-07-20,airplanes-live,8,LADD,LAS VEGAS SANDS CORP,N336LS,N336LS_2026-07-20_airplanes-live_trace_full.json.gz
N336LS,2026-08-02,airplanes-live,8,LADD,LAS VEGAS SANDS CORP,N336LS,N336LS_2026-08-02_airplanes-live_trace_full.json.gz
N336LS,2026-08-06,airplanes-live,8,LADD,LAS VEGAS SANDS CORP,N336LS,N336LS_2026-08-06_airplanes-live_trace_full.json.gz
N336LS,2026-08-18,airplanes-live,8,LADD,LAS VEGAS SANDS CORP,N336LS,N336LS_2026-08-18_airplanes-live_trace_full.json.gz
N336LS,2026-08-19,airplanes-live,8,LADD,LAS VEGAS SANDS CORP,N336LS,N336LS_2026-08-19_airplanes-live_trace_full.json.gz
N336LS,2026-09-04,airplanes-live,8,LADD,LAS VEGAS SANDS CORP,N336LS,N336LS_2026-09-04_airplanes-live_trace_full.json.gz
N336LS,2026-09-08,airplanes-live,8,LADD,LAS VEGAS SANDS CORP,N336LS,N336LS_2026-09-08_airplanes-live_trace_full.json.gz
N337LS,2023-02-24,airplanes-live,8,LADD,LAS VEGAS SANDS CORP,N337LS,N337LS_2023-02-24_airplanes-live_trace_full.json.gz
N337LS,2023-04-01,airplanes-live,0,none,,N337LS,N337LS_2023-04-01_airplanes-live_trace_full.json.gz
N337LS,2023-04-02,airplanes-live,0,none,,N337LS,N337LS_2023-04-02_airplanes-live_trace_full.json.gz
N337LS,2023-11-10,airplanes-live,8,LADD,LAS VEGAS SANDS CORP,N337LS,N337LS_2023-11-10_airplanes-live_trace_full.json.gz
N337LS,2023-11-16,airplanes-live,8,LADD,LAS VEGAS SANDS CORP,N337LS,N337LS_2023-11-16_airplanes-live_trace_full.json.gz
N337LS,2023-11-21,airplanes-live,8,LADD,LAS VEGAS SANDS CORP,N337LS,N337LS_2023-11-21_airplanes-live_trace_full.json.gz
N337LS,2025-09-29,airplanes-live,,not_in_header,,,N337LS_2025-09-29_airplanes-live_trace_full.json.gz
N337LS,2025-09-30,airplanes-live,,not_in_header,,,N337LS_2025-09-30_airplanes-live_trace_full.json.gz
N337LS,2025-10-07,airplanes-live,,not_in_header,,,N337LS_2025-10-07_airplanes-live_trace_full.json.gz
N337LS,2025-10-15,airplanes-live,8,LADD,LAS VEGAS SANDS CORP,N337LS,N337LS_2025-10-15_airplanes-live_trace_full.json.gz
N337LS,2025-10-19,airplanes-live,8,LADD,LAS VEGAS SANDS CORP,N337LS,N337LS_2025-10-19_airplanes-live_trace_full.json.gz
N337LS,2025-10-21,airplanes-live,8,LADD,LAS VEGAS SANDS CORP,N337LS,N337LS_2025-10-21_airplanes-live_trace_full.json.gz
N337LS,2025-10-22,airplanes-live,8,LADD,LAS VEGAS SANDS CORP,N337LS,N337LS_2025-10-22_airplanes-live_trace_full.json.gz
N337LS,2025-10-31,airplanes-live,8,LADD,LAS VEGAS SANDS CORP,N337LS,N337LS_2025-10-31_airplanes-live_trace_full.json.gz
N337LS,2025-11-01,airplanes-live,8,LADD,LAS VEGAS SANDS CORP,N337LS,N337LS_2025-11-01_airplanes-live_trace_full.json.gz
N337LS,2025-11-03,airplanes-live,8,LADD,LAS VEGAS SANDS CORP,N337LS,N337LS_2025-11-03_airplanes-live_trace_full.json.gz
N337LS,2025-12-07,airplanes-live,8,LADD,LAS VEGAS SANDS CORP,N337LS,N337LS_2025-12-07_airplanes-live_trace_full.json.gz
N337LS,2025-12-08,airplanes-live,8,LADD,LAS VEGAS SANDS CORP,N337LS,N337LS_2025-12-08_airplanes-live_trace_full.json.gz
N337LS,2025-12-09,airplanes-live,8,LADD,LAS VEGAS SANDS CORP,N337LS,N337LS_2025-12-09_airplanes-live_trace_full.json.gz
N337LS,2025-12-26,airplanes-live,8,LADD,LAS VEGAS SANDS CORP,N337LS,N337LS_2025-12-26_airplanes-live_trace_full.json.gz
N337LS,2025-12-31,airplanes-live,8,LADD,LAS VEGAS SANDS CORP,N337LS,N337LS_2025-12-31_airplanes-live_trace_full.json.gz
N337LS,2026-01-04,airplanes-live,8,LADD,LAS VEGAS SANDS CORP,N337LS,N337LS_2026-01-04_airplanes-live_trace_full.json.gz
N337LS,2026-01-23,airplanes-live,8,LADD,LAS VEGAS SANDS CORP,N337LS,N337LS_2026-01-23_airplanes-live_trace_full.json.gz
N337LS,2026-01-26,airplanes-live,8,LADD,LAS VEGAS SANDS CORP,N337LS,N337LS_2026-01-26_airplanes-live_trace_full.json.gz
N337LS,2026-01-27,airplanes-live,8,LADD,LAS VEGAS SANDS CORP,N337LS,N337LS_2026-01-27_airplanes-live_trace_full.json.gz
N337LS,2026-01-28,airplanes-live,8,LADD,LAS VEGAS SANDS CORP,N337LS,N337LS_2026-01-28_airplanes-live_trace_full.json.gz
N337LS,2026-02-13,airplanes-live,8,LADD,LAS VEGAS SANDS CORP,N337LS,N337LS_2026-02-13_airplanes-live_trace_full.json.gz
N337LS,2026-02-14,airplanes-live,8,LADD,LAS VEGAS SANDS CORP,N337LS,N337LS_2026-02-14_airplanes-live_trace_full.json.gz
N337LS,2026-02-17,airplanes-live,8,LADD,LAS VEGAS SANDS CORP,N337LS,N337LS_2026-02-17_airplanes-live_trace_full.json.gz
N337LS,2026-02-20,airplanes-live,8,LADD,LAS VEGAS SANDS CORP,N337LS,N337LS_2026-02-20_airplanes-live_trace_full.json.gz
N337LS,2026-02-27,airplanes-live,8,LADD,LAS VEGAS SANDS CORP,N337LS,N337LS_2026-02-27_airplanes-live_trace_full.json.gz
N337LS,2026-02-28,airplanes-live,8,LADD,LAS VEGAS SANDS CORP,N337LS,N337LS_2026-02-28_airplanes-live_trace_full.json.gz
N337LS,2026-03-19,airplanes-live,8,LADD,LAS VEGAS SANDS CORP,N337LS,N337LS_2026-03-19_airplanes-live_trace_full.json.gz
N337LS,2026-03-26,airplanes-live,8,LADD,LAS VEGAS SANDS CORP,N337LS,N337LS_2026-03-26_airplanes-live_trace_full.json.gz
N337LS,2026-03-27,airplanes-live,8,LADD,LAS VEGAS SANDS CORP,N337LS,N337LS_2026-03-27_airplanes-live_trace_full.json.gz
N337LS,2026-03-28,airplanes-live,8,LADD,LAS VEGAS SANDS CORP,N337LS,N337LS_2026-03-28_airplanes-live_trace_full.json.gz
N337LS,2026-04-03,airplanes-live,8,LADD,LAS VEGAS SANDS CORP,N337LS,N337LS_2026-04-03_airplanes-live_trace_full.json.gz
N337LS,2026-04-04,airplanes-live,8,LADD,LAS VEGAS SANDS CORP,N337LS,N337LS_2026-04-04_airplanes-live_trace_full.json.gz
N337LS,2026-04-07,airplanes-live,8,LADD,LAS VEGAS SANDS CORP,N337LS,N337LS_2026-04-07_airplanes-live_trace_full.json.gz
N337LS,2026-04-18,airplanes-live,8,LADD,LAS VEGAS SANDS CORP,N337LS,N337LS_2026-04-18_airplanes-live_trace_full.json.gz
N337LS,2026-04-19,airplanes-live,8,LADD,LAS VEGAS SANDS CORP,N337LS,N337LS_2026-04-19_airplanes-live_trace_full.json.gz
N337LS,2026-04-20,airplanes-live,8,LADD,LAS VEGAS SANDS CORP,N337LS,N337LS_2026-04-20_airplanes-live_trace_full.json.gz
N337LS,2026-04-21,airplanes-live,8,LADD,LAS VEGAS SANDS CORP,N337LS,N337LS_2026-04-21_airplanes-live_trace_full.json.gz
N337LS,2026-05-06,airplanes-live,8,LADD,LAS VEGAS SANDS CORP,N337LS,N337LS_2026-05-06_airplanes-live_trace_full.json.gz
N337LS,2026-05-07,airplanes-live,8,LADD,LAS VEGAS SANDS CORP,N337LS,N337LS_2026-05-07_airplanes-live_trace_full.json.gz
N337LS,2026-05-08,airplanes-live,8,LADD,LAS VEGAS SANDS CORP,N337LS,N337LS_2026-05-08_airplanes-live_trace_full.json.gz
N337LS,2026-05-10,airplanes-live,8,LADD,LAS VEGAS SANDS CORP,N337LS,N337LS_2026-05-10_airplanes-live_trace_full.json.gz
N337LS,2026-05-11,airplanes-live,8,LADD,LAS VEGAS SANDS CORP,N337LS,N337LS_2026-05-11_airplanes-live_trace_full.json.gz
N337LS,2026-05-21,airplanes-live,8,LADD,LAS VEGAS SANDS CORP,N337LS,N337LS_2026-05-21_airplanes-live_trace_full.json.gz
N337LS,2026-05-24,airplanes-live,8,LADD,LAS VEGAS SANDS CORP,N337LS,N337LS_2026-05-24_airplanes-live_trace_full.json.gz
N337LS,2026-06-05,airplanes-live,8,LADD,LAS VEGAS SANDS CORP,N337LS,N337LS_2026-06-05_airplanes-live_trace_full.json.gz
N337LS,2026-06-07,airplanes-live,8,LADD,LAS VEGAS SANDS CORP,N337LS,N337LS_2026-06-07_airplanes-live_trace_full.json.gz
N337LS,2026-06-16,airplanes-live,8,LADD,LAS VEGAS SANDS CORP,N337LS,N337LS_2026-06-16_airplanes-live_trace_full.json.gz
N337LS,2026-06-17,airplanes-live,8,LADD,LAS VEGAS SANDS CORP,N337LS,N337LS_2026-06-17_airplanes-live_trace_full.json.gz
N337LS,2026-06-18,airplanes-live,8,LADD,LAS VEGAS SANDS CORP,N337LS,N337LS_2026-06-18_airplanes-live_trace_full.json.gz
N337LS,2026-06-22,airplanes-live,8,LADD,LAS VEGAS SANDS CORP,N337LS,N337LS_2026-06-22_airplanes-live_trace_full.json.gz
N337LS,2026-06-23,airplanes-live,8,LADD,LAS VEGAS SANDS CORP,N337LS,N337LS_2026-06-23_airplanes-live_trace_full.json.gz
N337LS,2026-07-09,airplanes-live,8,LADD,LAS VEGAS SANDS CORP,N337LS,N337LS_2026-07-09_airplanes-live_trace_full.json.gz
N337LS,2026-07-10,airplanes-live,8,LADD,LAS VEGAS SANDS CORP,N337LS,N337LS_2026-07-10_airplanes-live_trace_full.json.gz
N337LS,2026-07-12,airplanes-live,8,LADD,LAS VEGAS SANDS CORP,N337LS,N337LS_2026-07-12_airplanes-live_trace_full.json.gz
N337LS,2026-07-30,airplanes-live,8,LADD,LAS VEGAS SANDS CORP,N337LS,N337LS_2026-07-30_airplanes-live_trace_full.json.gz
N337LS,2026-07-31,airplanes-live,8,LADD,LAS VEGAS SANDS CORP,N337LS,N337LS_2026-07-31_airplanes-live_trace_full.json.gz
N337LS,2026-08-02,airplanes-live,8,LADD,LAS VEGAS SANDS CORP,N337LS,N337LS_2026-08-02_airplanes-live_trace_full.json.gz
N337LS,2026-08-03,airplanes-live,8,LADD,LAS VEGAS SANDS CORP,N337LS,N337LS_2026-08-03_airplanes-live_trace_full.json.gz
N337LS,2026-08-09,airplanes-live,8,LADD,LAS VEGAS SANDS CORP,N337LS,N337LS_2026-08-09_airplanes-live_trace_full.json.gz
N337LS,2026-08-10,airplanes-live,8,LADD,LAS VEGAS SANDS CORP,N337LS,N337LS_2026-08-10_airplanes-live_trace_full.json.gz
N337LS,2026-08-11,airplanes-live,8,LADD,LAS VEGAS SANDS CORP,N337LS,N337LS_2026-08-11_airplanes-live_trace_full.json.gz
N337LS,2026-08-12,airplanes-live,8,LADD,LAS VEGAS SANDS CORP,N337LS,N337LS_2026-08-12_airplanes-live_trace_full.json.gz
N337LS,2026-08-16,adsb-lol,8,LADD,LAS VEGAS SANDS CORP,N337LS,N337LS_2026-08-16_adsb-lol_trace_full.json.gz
N337LS,2026-08-17,airplanes-live,8,LADD,LAS VEGAS SANDS CORP,N337LS,N337LS_2026-08-17_airplanes-live_trace_full.json.gz
N337LS,2026-08-27,airplanes-live,8,LADD,LAS VEGAS SANDS CORP,N337LS,N337LS_2026-08-27_airplanes-live_trace_full.json.gz
N337LS,2026-08-30,airplanes-live,8,LADD,LAS VEGAS SANDS CORP,N337LS,N337LS_2026-08-30_airplanes-live_trace_full.json.gz
N337LS,2026-09-15,airplanes-live,8,LADD,LAS VEGAS SANDS CORP,N337LS,N337LS_2026-09-15_airplanes-live_trace_full.json.gz
N338LS,2023-02-08,airplanes-live,8,LADD,LAS VEGAS SANDS CORP,N338LS,N338LS_2023-02-08_airplanes-live_trace_full.json.gz
N338LS,2023-02-09,airplanes-live,8,LADD,LAS VEGAS SANDS CORP,N338LS,N338LS_2023-02-09_airplanes-live_trace_full.json.gz
N338LS,2023-02-12,airplanes-live,8,LADD,LAS VEGAS SANDS CORP,N338LS,N338LS_2023-02-12_airplanes-live_trace_full.json.gz
N338LS,2023-02-13,airplanes-live,8,LADD,LAS VEGAS SANDS CORP,N338LS,N338LS_2023-02-13_airplanes-live_trace_full.json.gz
N338LS,2023-02-17,airplanes-live,8,LADD,LAS VEGAS SANDS CORP,N338LS,N338LS_2023-02-17_airplanes-live_trace_full.json.gz
N338LS,2023-02-24,airplanes-live,8,LADD,LAS VEGAS SANDS CORP,N338LS,N338LS_2023-02-24_airplanes-live_trace_full.json.gz
N338LS,2023-02-25,airplanes-live,8,LADD,LAS VEGAS SANDS CORP,N338LS,N338LS_2023-02-25_airplanes-live_trace_full.json.gz
N338LS,2023-02-27,airplanes-live,8,LADD,LAS VEGAS SANDS CORP,N338LS,N338LS_2023-02-27_airplanes-live_trace_full.json.gz
N338LS,2023-03-07,airplanes-live,8,LADD,LAS VEGAS SANDS CORP,N338LS,N338LS_2023-03-07_airplanes-live_trace_full.json.gz
N338LS,2023-03-17,airplanes-live,0,none,,N338LS,N338LS_2023-03-17_airplanes-live_trace_full.json.gz
N338LS,2023-04-07,airplanes-live,0,none,,N338LS,N338LS_2023-04-07_airplanes-live_trace_full.json.gz
N338LS,2023-04-13,airplanes-live,0,none,,N338LS,N338LS_2023-04-13_airplanes-live_trace_full.json.gz
N338LS,2023-04-14,airplanes-live,0,none,,N338LS,N338LS_2023-04-14_airplanes-live_trace_full.json.gz
N338LS,2023-04-20,airplanes-live,0,none,,N338LS,N338LS_2023-04-20_airplanes-live_trace_full.json.gz
N338LS,2023-04-21,airplanes-live,0,none,,N338LS,N338LS_2023-04-21_airplanes-live_trace_full.json.gz
N338LS,2023-04-25,airplanes-live,0,none,,N338LS,N338LS_2023-04-25_airplanes-live_trace_full.json.gz
N338LS,2023-04-26,airplanes-live,0,none,,N338LS,N338LS_2023-04-26_airplanes-live_trace_full.json.gz
N338LS,2023-05-25,airplanes-live,0,none,,N338LS,N338LS_2023-05-25_airplanes-live_trace_full.json.gz
N338LS,2023-05-30,airplanes-live,0,none,,N338LS,N338LS_2023-05-30_airplanes-live_trace_full.json.gz
N338LS,2023-06-01,airplanes-live,0,none,,N338LS,N338LS_2023-06-01_airplanes-live_trace_full.json.gz
N338LS,2023-06-04,airplanes-live,0,none,,N338LS,N338LS_2023-06-04_airplanes-live_trace_full.json.gz
N338LS,2023-06-05,airplanes-live,0,none,,N338LS,N338LS_2023-06-05_airplanes-live_trace_full.json.gz
N338LS,2023-06-07,airplanes-live,0,none,,N338LS,N338LS_2023-06-07_airplanes-live_trace_full.json.gz
N338LS,2023-06-08,airplanes-live,0,none,,N338LS,N338LS_2023-06-08_airplanes-live_trace_full.json.gz
N338LS,2023-06-12,airplanes-live,0,none,,N338LS,N338LS_2023-06-12_airplanes-live_trace_full.json.gz
N338LS,2023-06-21,airplanes-live,0,none,,N338LS,N338LS_2023-06-21_airplanes-live_trace_full.json.gz
N338LS,2023-06-22,airplanes-live,0,none,,N338LS,N338LS_2023-06-22_airplanes-live_trace_full.json.gz
N338LS,2023-06-24,airplanes-live,0,none,,N338LS,N338LS_2023-06-24_airplanes-live_trace_full.json.gz
N338LS,2023-06-25,airplanes-live,0,none,,N338LS,N338LS_2023-06-25_airplanes-live_trace_full.json.gz
N338LS,2023-06-27,airplanes-live,0,none,,N338LS,N338LS_2023-06-27_airplanes-live_trace_full.json.gz
N338LS,2023-06-28,airplanes-live,0,none,,N338LS,N338LS_2023-06-28_airplanes-live_trace_full.json.gz
N338LS,2023-06-29,airplanes-live,0,none,,N338LS,N338LS_2023-06-29_airplanes-live_trace_full.json.gz
N338LS,2023-07-06,airplanes-live,0,none,,N338LS,N338LS_2023-07-06_airplanes-live_trace_full.json.gz
N338LS,2023-07-09,airplanes-live,0,none,,N338LS,N338LS_2023-07-09_airplanes-live_trace_full.json.gz
N338LS,2023-07-10,airplanes-live,0,none,,N338LS,N338LS_2023-07-10_airplanes-live_trace_full.json.gz
N338LS,2023-07-24,airplanes-live,0,none,,N338LS,N338LS_2023-07-24_airplanes-live_trace_full.json.gz
N338LS,2023-07-25,airplanes-live,0,none,,N338LS,N338LS_2023-07-25_airplanes-live_trace_full.json.gz
N338LS,2023-07-30,airplanes-live,0,none,,N338LS,N338LS_2023-07-30_airplanes-live_trace_full.json.gz
N338LS,2023-07-31,airplanes-live,0,none,,N338LS,N338LS_2023-07-31_airplanes-live_trace_full.json.gz
N338LS,2023-08-04,airplanes-live,0,none,,N338LS,N338LS_2023-08-04_airplanes-live_trace_full.json.gz
N338LS,2023-08-05,airplanes-live,0,none,,N338LS,N338LS_2023-08-05_airplanes-live_trace_full.json.gz
N338LS,2023-08-07,airplanes-live,0,none,,N338LS,N338LS_2023-08-07_airplanes-live_trace_full.json.gz
N338LS,2023-08-08,airplanes-live,0,none,,N338LS,N338LS_2023-08-08_airplanes-live_trace_full.json.gz
N338LS,2023-08-09,airplanes-live,0,none,,N338LS,N338LS_2023-08-09_airplanes-live_trace_full.json.gz
N338LS,2023-08-11,airplanes-live,0,none,,N338LS,N338LS_2023-08-11_airplanes-live_trace_full.json.gz
N338LS,2023-08-16,airplanes-live,0,none,,N338LS,N338LS_2023-08-16_airplanes-live_trace_full.json.gz
N338LS,2023-08-17,airplanes-live,0,none,,N338LS,N338LS_2023-08-17_airplanes-live_trace_full.json.gz
N338LS,2023-08-20,airplanes-live,0,none,,N338LS,N338LS_2023-08-20_airplanes-live_trace_full.json.gz
N338LS,2023-08-21,airplanes-live,0,none,,N338LS,N338LS_2023-08-21_airplanes-live_trace_full.json.gz
N338LS,2023-08-24,airplanes-live,0,none,,N338LS,N338LS_2023-08-24_airplanes-live_trace_full.json.gz
N338LS,2023-08-25,airplanes-live,0,none,,N338LS,N338LS_2023-08-25_airplanes-live_trace_full.json.gz
N338LS,2023-08-27,airplanes-live,0,none,,N338LS,N338LS_2023-08-27_airplanes-live_trace_full.json.gz
N338LS,2023-09-01,airplanes-live,0,none,,N338LS,N338LS_2023-09-01_airplanes-live_trace_full.json.gz
N338LS,2023-09-03,airplanes-live,0,none,,N338LS,N338LS_2023-09-03_airplanes-live_trace_full.json.gz
N338LS,2023-09-08,adsb-lol,8,LADD,LAS VEGAS SANDS CORP,N338LS,N338LS_2023-09-08_adsb-lol_trace_full.json.gz
N338LS,2023-09-17,airplanes-live,,not_in_header,,,N338LS_2023-09-17_airplanes-live_trace_full.json.gz
N338LS,2023-12-11,airplanes-live,8,LADD,LAS VEGAS SANDS CORP,N338LS,N338LS_2023-12-11_airplanes-live_trace_full.json.gz
N338LS,2023-12-27,airplanes-live,8,LADD,LAS VEGAS SANDS CORP,N338LS,N338LS_2023-12-27_airplanes-live_trace_full.json.gz
N338LS,2023-12-28,airplanes-live,8,LADD,LAS VEGAS SANDS CORP,N338LS,N338LS_2023-12-28_airplanes-live_trace_full.json.gz
N338LS,2024-01-18,airplanes-live,8,LADD,LAS VEGAS SANDS CORP,N338LS,N338LS_2024-01-18_airplanes-live_trace_full.json.gz
N338LS,2024-01-19,airplanes-live,8,LADD,LAS VEGAS SANDS CORP,N338LS,N338LS_2024-01-19_airplanes-live_trace_full.json.gz
N338LS,2024-01-20,airplanes-live,8,LADD,LAS VEGAS SANDS CORP,N338LS,N338LS_2024-01-20_airplanes-live_trace_full.json.gz
N338LS,2024-01-22,airplanes-live,8,LADD,LAS VEGAS SANDS CORP,N338LS,N338LS_2024-01-22_airplanes-live_trace_full.json.gz
N338LS,2024-01-23,airplanes-live,8,LADD,LAS VEGAS SANDS CORP,N338LS,N338LS_2024-01-23_airplanes-live_trace_full.json.gz
N338LS,2024-01-24,airplanes-live,8,LADD,LAS VEGAS SANDS CORP,N338LS,N338LS_2024-01-24_airplanes-live_trace_full.json.gz
N338LS,2024-01-25,airplanes-live,8,LADD,LAS VEGAS SANDS CORP,N338LS,N338LS_2024-01-25_airplanes-live_trace_full.json.gz
N338LS,2024-02-04,airplanes-live,8,LADD,LAS VEGAS SANDS CORP,N338LS,N338LS_2024-02-04_airplanes-live_trace_full.json.gz
N338LS,2024-02-05,airplanes-live,8,LADD,LAS VEGAS SANDS CORP,N338LS,N338LS_2024-02-05_airplanes-live_trace_full.json.gz
N338LS,2024-02-06,airplanes-live,8,LADD,LAS VEGAS SANDS CORP,N338LS,N338LS_2024-02-06_airplanes-live_trace_full.json.gz
N338LS,2024-02-11,airplanes-live,8,LADD,LAS VEGAS SANDS CORP,N338LS,N338LS_2024-02-11_airplanes-live_trace_full.json.gz
N338LS,2024-02-14,airplanes-live,8,LADD,LAS VEGAS SANDS CORP,N338LS,N338LS_2024-02-14_airplanes-live_trace_full.json.gz
N338LS,2024-02-15,airplanes-live,8,LADD,LAS VEGAS SANDS CORP,N338LS,N338LS_2024-02-15_airplanes-live_trace_full.json.gz
N338LS,2024-02-16,airplanes-live,8,LADD,LAS VEGAS SANDS CORP,N338LS,N338LS_2024-02-16_airplanes-live_trace_full.json.gz
N338LS,2024-02-17,airplanes-live,8,LADD,LAS VEGAS SANDS CORP,N338LS,N338LS_2024-02-17_airplanes-live_trace_full.json.gz
N338LS,2024-02-18,airplanes-live,8,LADD,LAS VEGAS SANDS CORP,N338LS,N338LS_2024-02-18_airplanes-live_trace_full.json.gz
N338LS,2024-02-29,airplanes-live,8,LADD,LAS VEGAS SANDS CORP,N338LS,N338LS_2024-02-29_airplanes-live_trace_full.json.gz
N338LS,2024-03-01,airplanes-live,8,LADD,LAS VEGAS SANDS CORP,N338LS,N338LS_2024-03-01_airplanes-live_trace_full.json.gz
N338LS,2024-03-03,airplanes-live,8,LADD,LAS VEGAS SANDS CORP,N338LS,N338LS_2024-03-03_airplanes-live_trace_full.json.gz
N338LS,2024-03-04,airplanes-live,8,LADD,LAS VEGAS SANDS CORP,N338LS,N338LS_2024-03-04_airplanes-live_trace_full.json.gz
N338LS,2024-03-07,airplanes-live,8,LADD,LAS VEGAS SANDS CORP,N338LS,N338LS_2024-03-07_airplanes-live_trace_full.json.gz
N338LS,2024-03-13,airplanes-live,8,LADD,LAS VEGAS SANDS CORP,N338LS,N338LS_2024-03-13_airplanes-live_trace_full.json.gz
N338LS,2024-03-14,airplanes-live,8,LADD,LAS VEGAS SANDS CORP,N338LS,N338LS_2024-03-14_airplanes-live_trace_full.json.gz
N338LS,2024-03-15,airplanes-live,8,LADD,LAS VEGAS SANDS CORP,N338LS,N338LS_2024-03-15_airplanes-live_trace_full.json.gz
N338LS,2024-03-16,airplanes-live,8,LADD,LAS VEGAS SANDS CORP,N338LS,N338LS_2024-03-16_airplanes-live_trace_full.json.gz
N338LS,2024-03-17,airplanes-live,8,LADD,LAS VEGAS SANDS CORP,N338LS,N338LS_2024-03-17_airplanes-live_trace_full.json.gz
N338LS,2024-03-20,airplanes-live,8,LADD,LAS VEGAS SANDS CORP,N338LS,N338LS_2024-03-20_airplanes-live_trace_full.json.gz
N338LS,2024-03-21,airplanes-live,8,LADD,LAS VEGAS SANDS CORP,N338LS,N338LS_2024-03-21_airplanes-live_trace_full.json.gz
N338LS,2024-03-27,airplanes-live,8,LADD,LAS VEGAS SANDS CORP,N338LS,N338LS_2024-03-27_airplanes-live_trace_full.json.gz
N338LS,2024-03-28,airplanes-live,8,LADD,LAS VEGAS SANDS CORP,N338LS,N338LS_2024-03-28_airplanes-live_trace_full.json.gz
N338LS,2024-03-29,airplanes-live,8,LADD,LAS VEGAS SANDS CORP,N338LS,N338LS_2024-03-29_airplanes-live_trace_full.json.gz
N338LS,2024-03-30,airplanes-live,8,LADD,LAS VEGAS SANDS CORP,N338LS,N338LS_2024-03-30_airplanes-live_trace_full.json.gz
N338LS,2024-04-13,airplanes-live,8,LADD,LAS VEGAS SANDS CORP,N338LS,N338LS_2024-04-13_airplanes-live_trace_full.json.gz
N338LS,2024-04-14,airplanes-live,8,LADD,LAS VEGAS SANDS CORP,N338LS,N338LS_2024-04-14_airplanes-live_trace_full.json.gz
N338LS,2024-04-16,airplanes-live,8,LADD,LAS VEGAS SANDS CORP,N338LS,N338LS_2024-04-16_airplanes-live_trace_full.json.gz
N338LS,2024-04-17,airplanes-live,8,LADD,LAS VEGAS SANDS CORP,N338LS,N338LS_2024-04-17_airplanes-live_trace_full.json.gz
N338LS,2024-04-18,airplanes-live,8,LADD,LAS VEGAS SANDS CORP,N338LS,N338LS_2024-04-18_airplanes-live_trace_full.json.gz
N338LS,2024-04-19,airplanes-live,8,LADD,LAS VEGAS SANDS CORP,N338LS,N338LS_2024-04-19_airplanes-live_trace_full.json.gz
N338LS,2024-04-21,airplanes-live,8,LADD,LAS VEGAS SANDS CORP,N338LS,N338LS_2024-04-21_airplanes-live_trace_full.json.gz
N338LS,2024-04-22,airplanes-live,8,LADD,LAS VEGAS SANDS CORP,N338LS,N338LS_2024-04-22_airplanes-live_trace_full.json.gz
N338LS,2024-04-23,airplanes-live,8,LADD,LAS VEGAS SANDS CORP,N338LS,N338LS_2024-04-23_airplanes-live_trace_full.json.gz
N338LS,2024-04-30,airplanes-live,8,LADD,LAS VEGAS SANDS CORP,N338LS,N338LS_2024-04-30_airplanes-live_trace_full.json.gz
N338LS,2024-05-01,airplanes-live,8,LADD,LAS VEGAS SANDS CORP,N338LS,N338LS_2024-05-01_airplanes-live_trace_full.json.gz
N338LS,2024-05-02,airplanes-live,8,LADD,LAS VEGAS SANDS CORP,N338LS,N338LS_2024-05-02_airplanes-live_trace_full.json.gz
N338LS,2024-05-03,airplanes-live,8,LADD,LAS VEGAS SANDS CORP,N338LS,N338LS_2024-05-03_airplanes-live_trace_full.json.gz
N338LS,2024-05-04,airplanes-live,8,LADD,LAS VEGAS SANDS CORP,N338LS,N338LS_2024-05-04_airplanes-live_trace_full.json.gz
N338LS,2024-05-05,airplanes-live,8,LADD,LAS VEGAS SANDS CORP,N338LS,N338LS_2024-05-05_airplanes-live_trace_full.json.gz
N338LS,2024-05-06,airplanes-live,8,LADD,LAS VEGAS SANDS CORP,N338LS,N338LS_2024-05-06_airplanes-live_trace_full.json.gz
N338LS,2024-05-17,airplanes-live,8,LADD,LAS VEGAS SANDS CORP,N338LS,N338LS_2024-05-17_airplanes-live_trace_full.json.gz
N338LS,2024-05-21,airplanes-live,8,LADD,LAS VEGAS SANDS CORP,N338LS,N338LS_2024-05-21_airplanes-live_trace_full.json.gz
N338LS,2024-05-24,airplanes-live,8,LADD,LAS VEGAS SANDS CORP,N338LS,N338LS_2024-05-24_airplanes-live_trace_full.json.gz
N338LS,2024-05-26,airplanes-live,8,LADD,LAS VEGAS SANDS CORP,N338LS,N338LS_2024-05-26_airplanes-live_trace_full.json.gz
N338LS,2024-05-31,airplanes-live,8,LADD,LAS VEGAS SANDS CORP,N338LS,N338LS_2024-05-31_airplanes-live_trace_full.json.gz
N338LS,2024-06-01,airplanes-live,8,LADD,LAS VEGAS SANDS CORP,N338LS,N338LS_2024-06-01_airplanes-live_trace_full.json.gz
N338LS,2024-06-04,airplanes-live,8,LADD,LAS VEGAS SANDS CORP,N338LS,N338LS_2024-06-04_airplanes-live_trace_full.json.gz
N338LS,2024-06-05,airplanes-live,8,LADD,LAS VEGAS SANDS CORP,N338LS,N338LS_2024-06-05_airplanes-live_trace_full.json.gz
N338LS,2024-06-14,airplanes-live,8,LADD,LAS VEGAS SANDS CORP,N338LS,N338LS_2024-06-14_airplanes-live_trace_full.json.gz
N338LS,2024-06-15,airplanes-live,8,LADD,LAS VEGAS SANDS CORP,N338LS,N338LS_2024-06-15_airplanes-live_trace_full.json.gz
N338LS,2024-06-16,airplanes-live,8,LADD,LAS VEGAS SANDS CORP,N338LS,N338LS_2024-06-16_airplanes-live_trace_full.json.gz
N338LS,2024-06-17,airplanes-live,8,LADD,LAS VEGAS SANDS CORP,N338LS,N338LS_2024-06-17_airplanes-live_trace_full.json.gz
N338LS,2024-06-27,airplanes-live,8,LADD,LAS VEGAS SANDS CORP,N338LS,N338LS_2024-06-27_airplanes-live_trace_full.json.gz
N338LS,2024-07-02,airplanes-live,8,LADD,LAS VEGAS SANDS CORP,N338LS,N338LS_2024-07-02_airplanes-live_trace_full.json.gz
N338LS,2024-07-03,airplanes-live,8,LADD,LAS VEGAS SANDS CORP,N338LS,N338LS_2024-07-03_airplanes-live_trace_full.json.gz
N338LS,2024-07-04,airplanes-live,8,LADD,LAS VEGAS SANDS CORP,N338LS,N338LS_2024-07-04_airplanes-live_trace_full.json.gz
N338LS,2024-07-11,airplanes-live,8,LADD,LAS VEGAS SANDS CORP,N338LS,N338LS_2024-07-11_airplanes-live_trace_full.json.gz
N338LS,2024-07-12,airplanes-live,8,LADD,LAS VEGAS SANDS CORP,N338LS,N338LS_2024-07-12_airplanes-live_trace_full.json.gz
N338LS,2024-07-15,airplanes-live,8,LADD,LAS VEGAS SANDS CORP,N338LS,N338LS_2024-07-15_airplanes-live_trace_full.json.gz
N338LS,2024-07-17,airplanes-live,8,LADD,LAS VEGAS SANDS CORP,N338LS,N338LS_2024-07-17_airplanes-live_trace_full.json.gz
N338LS,2024-07-21,airplanes-live,8,LADD,LAS VEGAS SANDS CORP,N338LS,N338LS_2024-07-21_airplanes-live_trace_full.json.gz
N338LS,2024-07-22,airplanes-live,8,LADD,LAS VEGAS SANDS CORP,N338LS,N338LS_2024-07-22_airplanes-live_trace_full.json.gz
N338LS,2024-07-31,airplanes-live,8,LADD,LAS VEGAS SANDS CORP,N338LS,N338LS_2024-07-31_airplanes-live_trace_full.json.gz
N338LS,2024-08-10,airplanes-live,8,LADD,LAS VEGAS SANDS CORP,N338LS,N338LS_2024-08-10_airplanes-live_trace_full.json.gz
N338LS,2024-08-11,airplanes-live,8,LADD,LAS VEGAS SANDS CORP,N338LS,N338LS_2024-08-11_airplanes-live_trace_full.json.gz
N338LS,2024-08-14,airplanes-live,8,LADD,LAS VEGAS SANDS CORP,N338LS,N338LS_2024-08-14_airplanes-live_trace_full.json.gz
N338LS,2024-08-16,airplanes-live,8,LADD,LAS VEGAS SANDS CORP,N338LS,N338LS_2024-08-16_airplanes-live_trace_full.json.gz
N338LS,2024-08-19,airplanes-live,8,LADD,LAS VEGAS SANDS CORP,N338LS,N338LS_2024-08-19_airplanes-live_trace_full.json.gz
N338LS,2024-08-20,airplanes-live,8,LADD,LAS VEGAS SANDS CORP,N338LS,N338LS_2024-08-20_airplanes-live_trace_full.json.gz
N338LS,2024-08-21,airplanes-live,8,LADD,LAS VEGAS SANDS CORP,N338LS,N338LS_2024-08-21_airplanes-live_trace_full.json.gz
N338LS,2024-08-22,airplanes-live,8,LADD,LAS VEGAS SANDS CORP,N338LS,N338LS_2024-08-22_airplanes-live_trace_full.json.gz
N338LS,2024-09-05,airplanes-live,8,LADD,LAS VEGAS SANDS CORP,N338LS,N338LS_2024-09-05_airplanes-live_trace_full.json.gz
N338LS,2024-09-06,airplanes-live,8,LADD,LAS VEGAS SANDS CORP,N338LS,N338LS_2024-09-06_airplanes-live_trace_full.json.gz
N338LS,2024-09-08,airplanes-live,8,LADD,LAS VEGAS SANDS CORP,N338LS,N338LS_2024-09-08_airplanes-live_trace_full.json.gz
N338LS,2024-09-09,airplanes-live,8,LADD,LAS VEGAS SANDS CORP,N338LS,N338LS_2024-09-09_airplanes-live_trace_full.json.gz
N338LS,2024-09-17,airplanes-live,8,LADD,LAS VEGAS SANDS CORP,N338LS,N338LS_2024-09-17_airplanes-live_trace_full.json.gz
N338LS,2024-09-19,airplanes-live,8,LADD,LAS VEGAS SANDS CORP,N338LS,N338LS_2024-09-19_airplanes-live_trace_full.json.gz
N338LS,2024-09-23,airplanes-live,8,LADD,LAS VEGAS SANDS CORP,N338LS,N338LS_2024-09-23_airplanes-live_trace_full.json.gz
N338LS,2024-10-01,airplanes-live,8,LADD,LAS VEGAS SANDS CORP,N338LS,N338LS_2024-10-01_airplanes-live_trace_full.json.gz
N338LS,2024-10-07,airplanes-live,8,LADD,LAS VEGAS SANDS CORP,N338LS,N338LS_2024-10-07_airplanes-live_trace_full.json.gz
N338LS,2024-10-09,airplanes-live,8,LADD,LAS VEGAS SANDS CORP,N338LS,N338LS_2024-10-09_airplanes-live_trace_full.json.gz
N338LS,2024-10-10,airplanes-live,8,LADD,LAS VEGAS SANDS CORP,N338LS,N338LS_2024-10-10_airplanes-live_trace_full.json.gz
N338LS,2024-10-13,airplanes-live,8,LADD,LAS VEGAS SANDS CORP,N338LS,N338LS_2024-10-13_airplanes-live_trace_full.json.gz
N338LS,2024-11-05,airplanes-live,8,LADD,LAS VEGAS SANDS CORP,N338LS,N338LS_2024-11-05_airplanes-live_trace_full.json.gz
N338LS,2024-11-14,airplanes-live,8,LADD,LAS VEGAS SANDS CORP,N338LS,N338LS_2024-11-14_airplanes-live_trace_full.json.gz
N338LS,2024-11-15,airplanes-live,8,LADD,LAS VEGAS SANDS CORP,N338LS,N338LS_2024-11-15_airplanes-live_trace_full.json.gz
N338LS,2024-11-16,airplanes-live,8,LADD,LAS VEGAS SANDS CORP,N338LS,N338LS_2024-11-16_airplanes-live_trace_full.json.gz
N338LS,2024-11-17,airplanes-live,8,LADD,LAS VEGAS SANDS CORP,N338LS,N338LS_2024-11-17_airplanes-live_trace_full.json.gz
N338LS,2024-11-18,airplanes-live,8,LADD,LAS VEGAS SANDS CORP,N338LS,N338LS_2024-11-18_airplanes-live_trace_full.json.gz
N338LS,2024-11-19,airplanes-live,8,LADD,LAS VEGAS SANDS CORP,N338LS,N338LS_2024-11-19_airplanes-live_trace_full.json.gz
N338LS,2024-11-24,airplanes-live,8,LADD,LAS VEGAS SANDS CORP,N338LS,N338LS_2024-11-24_airplanes-live_trace_full.json.gz
N338LS,2024-11-25,airplanes-live,8,LADD,LAS VEGAS SANDS CORP,N338LS,N338LS_2024-11-25_airplanes-live_trace_full.json.gz
N338LS,2024-12-05,airplanes-live,8,LADD,LAS VEGAS SANDS CORP,N338LS,N338LS_2024-12-05_airplanes-live_trace_full.json.gz
N338LS,2024-12-06,airplanes-live,8,LADD,LAS VEGAS SANDS CORP,N338LS,N338LS_2024-12-06_airplanes-live_trace_full.json.gz
N338LS,2024-12-10,airplanes-live,8,LADD,LAS VEGAS SANDS CORP,N338LS,N338LS_2024-12-10_airplanes-live_trace_full.json.gz
N338LS,2024-12-21,airplanes-live,8,LADD,LAS VEGAS SANDS CORP,N338LS,N338LS_2024-12-21_airplanes-live_trace_full.json.gz
N338LS,2024-12-22,airplanes-live,8,LADD,LAS VEGAS SANDS CORP,N338LS,N338LS_2024-12-22_airplanes-live_trace_full.json.gz
N338LS,2025-01-07,airplanes-live,8,LADD,LAS VEGAS SANDS CORP,N338LS,N338LS_2025-01-07_airplanes-live_trace_full.json.gz
N338LS,2025-01-08,airplanes-live,8,LADD,LAS VEGAS SANDS CORP,N338LS,N338LS_2025-01-08_airplanes-live_trace_full.json.gz
N338LS,2025-01-15,airplanes-live,8,LADD,LAS VEGAS SANDS CORP,N338LS,N338LS_2025-01-15_airplanes-live_trace_full.json.gz
N338LS,2025-01-16,airplanes-live,8,LADD,LAS VEGAS SANDS CORP,N338LS,N338LS_2025-01-16_airplanes-live_trace_full.json.gz
N338LS,2025-01-19,airplanes-live,8,LADD,LAS VEGAS SANDS CORP,N338LS,N338LS_2025-01-19_airplanes-live_trace_full.json.gz
N338LS,2025-01-20,airplanes-live,8,LADD,LAS VEGAS SANDS CORP,N338LS,N338LS_2025-01-20_airplanes-live_trace_full.json.gz
N338LS,2025-02-16,airplanes-live,8,LADD,LAS VEGAS SANDS CORP,N338LS,N338LS_2025-02-16_airplanes-live_trace_full.json.gz
N338LS,2025-02-27,airplanes-live,8,LADD,LAS VEGAS SANDS CORP,N338LS,N338LS_2025-02-27_airplanes-live_trace_full.json.gz
N338LS,2025-02-28,airplanes-live,8,LADD,LAS VEGAS SANDS CORP,N338LS,N338LS_2025-02-28_airplanes-live_trace_full.json.gz
N338LS,2025-03-02,airplanes-live,8,LADD,LAS VEGAS SANDS CORP,N338LS,N338LS_2025-03-02_airplanes-live_trace_full.json.gz
N338LS,2025-03-12,airplanes-live,8,LADD,LAS VEGAS SANDS CORP,N338LS,N338LS_2025-03-12_airplanes-live_trace_full.json.gz
N338LS,2025-03-16,airplanes-live,8,LADD,LAS VEGAS SANDS CORP,N338LS,N338LS_2025-03-16_airplanes-live_trace_full.json.gz
N338LS,2025-03-23,airplanes-live,8,LADD,LAS VEGAS SANDS CORP,N338LS,N338LS_2025-03-23_airplanes-live_trace_full.json.gz
N338LS,2025-04-09,airplanes-live,8,LADD,LAS VEGAS SANDS CORP,N338LS,N338LS_2025-04-09_airplanes-live_trace_full.json.gz
N338LS,2025-04-14,airplanes-live,8,LADD,LAS VEGAS SANDS CORP,N338LS,N338LS_2025-04-14_airplanes-live_trace_full.json.gz
N338LS,2025-09-08,airplanes-live,8,LADD,LAS VEGAS SANDS CORP,N338LS,N338LS_2025-09-08_airplanes-live_trace_full.json.gz
N338LS,2025-09-17,airplanes-live,8,LADD,LAS VEGAS SANDS CORP,N338LS,N338LS_2025-09-17_airplanes-live_trace_full.json.gz
N338LS,2025-09-18,airplanes-live,8,LADD,LAS VEGAS SANDS CORP,N338LS,N338LS_2025-09-18_airplanes-live_trace_full.json.gz
N338LS,2025-09-22,airplanes-live,8,LADD,LAS VEGAS SANDS CORP,N338LS,N338LS_2025-09-22_airplanes-live_trace_full.json.gz
N338LS,2025-09-24,airplanes-live,8,LADD,LAS VEGAS SANDS CORP,N338LS,N338LS_2025-09-24_airplanes-live_trace_full.json.gz
N338LS,2025-09-25,airplanes-live,8,LADD,LAS VEGAS SANDS CORP,N338LS,N338LS_2025-09-25_airplanes-live_trace_full.json.gz
N338LS,2025-09-27,airplanes-live,8,LADD,LAS VEGAS SANDS CORP,N338LS,N338LS_2025-09-27_airplanes-live_trace_full.json.gz
N338LS,2025-10-07,airplanes-live,8,LADD,LAS VEGAS SANDS CORP,N338LS,N338LS_2025-10-07_airplanes-live_trace_full.json.gz
N338LS,2025-10-08,airplanes-live,8,LADD,LAS VEGAS SANDS CORP,N338LS,N338LS_2025-10-08_airplanes-live_trace_full.json.gz
N338LS,2025-10-09,airplanes-live,8,LADD,LAS VEGAS SANDS CORP,N338LS,N338LS_2025-10-09_airplanes-live_trace_full.json.gz
N338LS,2025-10-10,airplanes-live,8,LADD,LAS VEGAS SANDS CORP,N338LS,N338LS_2025-10-10_airplanes-live_trace_full.json.gz
N338LS,2025-10-11,airplanes-live,8,LADD,LAS VEGAS SANDS CORP,N338LS,N338LS_2025-10-11_airplanes-live_trace_full.json.gz
N338LS,2025-10-12,airplanes-live,8,LADD,LAS VEGAS SANDS CORP,N338LS,N338LS_2025-10-12_airplanes-live_trace_full.json.gz
N338LS,2025-10-16,airplanes-live,8,LADD,LAS VEGAS SANDS CORP,N338LS,N338LS_2025-10-16_airplanes-live_trace_full.json.gz
N338LS,2025-10-19,airplanes-live,8,LADD,LAS VEGAS SANDS CORP,N338LS,N338LS_2025-10-19_airplanes-live_trace_full.json.gz
N338LS,2025-11-14,airplanes-live,8,LADD,LAS VEGAS SANDS CORP,N338LS,N338LS_2025-11-14_airplanes-live_trace_full.json.gz
N338LS,2025-11-15,airplanes-live,8,LADD,LAS VEGAS SANDS CORP,N338LS,N338LS_2025-11-15_airplanes-live_trace_full.json.gz
N338LS,2025-11-16,airplanes-live,8,LADD,LAS VEGAS SANDS CORP,N338LS,N338LS_2025-11-16_airplanes-live_trace_full.json.gz
N338LS,2025-11-17,airplanes-live,8,LADD,LAS VEGAS SANDS CORP,N338LS,N338LS_2025-11-17_airplanes-live_trace_full.json.gz
N338LS,2025-11-24,airplanes-live,8,LADD,LAS VEGAS SANDS CORP,N338LS,N338LS_2025-11-24_airplanes-live_trace_full.json.gz
N338LS,2025-11-26,airplanes-live,8,LADD,LAS VEGAS SANDS CORP,N338LS,N338LS_2025-11-26_airplanes-live_trace_full.json.gz
N338LS,2025-11-30,airplanes-live,8,LADD,LAS VEGAS SANDS CORP,N338LS,N338LS_2025-11-30_airplanes-live_trace_full.json.gz
N338LS,2025-12-01,airplanes-live,8,LADD,LAS VEGAS SANDS CORP,N338LS,N338LS_2025-12-01_airplanes-live_trace_full.json.gz
N338LS,2025-12-03,airplanes-live,8,LADD,LAS VEGAS SANDS CORP,N338LS,N338LS_2025-12-03_airplanes-live_trace_full.json.gz
N338LS,2025-12-05,airplanes-live,8,LADD,LAS VEGAS SANDS CORP,N338LS,N338LS_2025-12-05_airplanes-live_trace_full.json.gz
N338LS,2025-12-07,airplanes-live,8,LADD,LAS VEGAS SANDS CORP,N338LS,N338LS_2025-12-07_airplanes-live_trace_full.json.gz
N338LS,2025-12-08,airplanes-live,8,LADD,LAS VEGAS SANDS CORP,N338LS,N338LS_2025-12-08_airplanes-live_trace_full.json.gz
N338LS,2025-12-09,airplanes-live,8,LADD,LAS VEGAS SANDS CORP,N338LS,N338LS_2025-12-09_airplanes-live_trace_full.json.gz
N338LS,2025-12-11,airplanes-live,8,LADD,LAS VEGAS SANDS CORP,N338LS,N338LS_2025-12-11_airplanes-live_trace_full.json.gz
N338LS,2025-12-12,airplanes-live,8,LADD,LAS VEGAS SANDS CORP,N338LS,N338LS_2025-12-12_airplanes-live_trace_full.json.gz
N338LS,2025-12-16,airplanes-live,8,LADD,LAS VEGAS SANDS CORP,N338LS,N338LS_2025-12-16_airplanes-live_trace_full.json.gz
N338LS,2025-12-17,airplanes-live,8,LADD,LAS VEGAS SANDS CORP,N338LS,N338LS_2025-12-17_airplanes-live_trace_full.json.gz
N338LS,2025-12-19,airplanes-live,8,LADD,LAS VEGAS SANDS CORP,N338LS,N338LS_2025-12-19_airplanes-live_trace_full.json.gz
N338LS,2025-12-28,airplanes-live,8,LADD,LAS VEGAS SANDS CORP,N338LS,N338LS_2025-12-28_airplanes-live_trace_full.json.gz
N338LS,2026-01-16,airplanes-live,8,LADD,LAS VEGAS SANDS CORP,N338LS,N338LS_2026-01-16_airplanes-live_trace_full.json.gz
N338LS,2026-02-08,airplanes-live,8,LADD,LAS VEGAS SANDS CORP,N338LS,N338LS_2026-02-08_airplanes-live_trace_full.json.gz
N338LS,2026-02-10,airplanes-live,8,LADD,LAS VEGAS SANDS CORP,N338LS,N338LS_2026-02-10_airplanes-live_trace_full.json.gz
N338LS,2026-02-12,airplanes-live,8,LADD,LAS VEGAS SANDS CORP,N338LS,N338LS_2026-02-12_airplanes-live_trace_full.json.gz
N338LS,2026-02-25,airplanes-live,8,LADD,LAS VEGAS SANDS CORP,N338LS,N338LS_2026-02-25_airplanes-live_trace_full.json.gz
N338LS,2026-02-26,airplanes-live,8,LADD,LAS VEGAS SANDS CORP,N338LS,N338LS_2026-02-26_airplanes-live_trace_full.json.gz
N338LS,2026-02-28,airplanes-live,8,LADD,LAS VEGAS SANDS CORP,N338LS,N338LS_2026-02-28_airplanes-live_trace_full.json.gz
N338LS,2026-03-01,airplanes-live,8,LADD,LAS VEGAS SANDS CORP,N338LS,N338LS_2026-03-01_airplanes-live_trace_full.json.gz
N338LS,2026-03-02,airplanes-live,8,LADD,LAS VEGAS SANDS CORP,N338LS,N338LS_2026-03-02_airplanes-live_trace_full.json.gz
N338LS,2026-03-04,airplanes-live,8,LADD,LAS VEGAS SANDS CORP,N338LS,N338LS_2026-03-04_airplanes-live_trace_full.json.gz
N338LS,2026-03-08,airplanes-live,8,LADD,LAS VEGAS SANDS CORP,N338LS,N338LS_2026-03-08_airplanes-live_trace_full.json.gz
N338LS,2026-03-14,airplanes-live,8,LADD,LAS VEGAS SANDS CORP,N338LS,N338LS_2026-03-14_airplanes-live_trace_full.json.gz
N338LS,2026-03-18,airplanes-live,8,LADD,LAS VEGAS SANDS CORP,N338LS,N338LS_2026-03-18_airplanes-live_trace_full.json.gz
N338LS,2026-03-20,airplanes-live,8,LADD,LAS VEGAS SANDS CORP,N338LS,N338LS_2026-03-20_airplanes-live_trace_full.json.gz
N338LS,2026-03-26,airplanes-live,8,LADD,LAS VEGAS SANDS CORP,N338LS,N338LS_2026-03-26_airplanes-live_trace_full.json.gz
N338LS,2026-03-27,airplanes-live,8,LADD,LAS VEGAS SANDS CORP,N338LS,N338LS_2026-03-27_airplanes-live_trace_full.json.gz
N338LS,2026-03-30,airplanes-live,8,LADD,LAS VEGAS SANDS CORP,N338LS,N338LS_2026-03-30_airplanes-live_trace_full.json.gz
N338LS,2026-04-09,airplanes-live,8,LADD,LAS VEGAS SANDS CORP,N338LS,N338LS_2026-04-09_airplanes-live_trace_full.json.gz
N338LS,2026-04-10,airplanes-live,8,LADD,LAS VEGAS SANDS CORP,N338LS,N338LS_2026-04-10_airplanes-live_trace_full.json.gz
N338LS,2026-04-12,airplanes-live,8,LADD,LAS VEGAS SANDS CORP,N338LS,N338LS_2026-04-12_airplanes-live_trace_full.json.gz
N338LS,2026-04-19,airplanes-live,8,LADD,LAS VEGAS SANDS CORP,N338LS,N338LS_2026-04-19_airplanes-live_trace_full.json.gz
N338LS,2026-04-20,airplanes-live,8,LADD,LAS VEGAS SANDS CORP,N338LS,N338LS_2026-04-20_airplanes-live_trace_full.json.gz
N338LS,2026-04-21,airplanes-live,8,LADD,LAS VEGAS SANDS CORP,N338LS,N338LS_2026-04-21_airplanes-live_trace_full.json.gz
N338LS,2026-04-24,airplanes-live,8,LADD,LAS VEGAS SANDS CORP,N338LS,N338LS_2026-04-24_airplanes-live_trace_full.json.gz
N338LS,2026-04-26,airplanes-live,8,LADD,LAS VEGAS SANDS CORP,N338LS,N338LS_2026-04-26_airplanes-live_trace_full.json.gz
N338LS,2026-04-27,airplanes-live,8,LADD,LAS VEGAS SANDS CORP,N338LS,N338LS_2026-04-27_airplanes-live_trace_full.json.gz
N338LS,2026-05-01,airplanes-live,8,LADD,LAS VEGAS SANDS CORP,N338LS,N338LS_2026-05-01_airplanes-live_trace_full.json.gz
N338LS,2026-05-05,airplanes-live,8,LADD,LAS VEGAS SANDS CORP,N338LS,N338LS_2026-05-05_airplanes-live_trace_full.json.gz
N338LS,2026-05-06,airplanes-live,8,LADD,LAS VEGAS SANDS CORP,N338LS,N338LS_2026-05-06_airplanes-live_trace_full.json.gz
N338LS,2026-05-13,airplanes-live,8,LADD,LAS VEGAS SANDS CORP,N338LS,N338LS_2026-05-13_airplanes-live_trace_full.json.gz
N338LS,2026-05-14,airplanes-live,8,LADD,LAS VEGAS SANDS CORP,N338LS,N338LS_2026-05-14_airplanes-live_trace_full.json.gz
N338LS,2026-05-17,airplanes-live,8,LADD,LAS VEGAS SANDS CORP,N338LS,N338LS_2026-05-17_airplanes-live_trace_full.json.gz
N338LS,2026-06-11,airplanes-live,8,LADD,LAS VEGAS SANDS CORP,N338LS,N338LS_2026-06-11_airplanes-live_trace_full.json.gz
N338LS,2026-06-12,airplanes-live,8,LADD,LAS VEGAS SANDS CORP,N338LS,N338LS_2026-06-12_airplanes-live_trace_full.json.gz
N338LS,2026-06-13,airplanes-live,8,LADD,LAS VEGAS SANDS CORP,N338LS,N338LS_2026-06-13_airplanes-live_trace_full.json.gz
N338LS,2026-06-14,airplanes-live,8,LADD,LAS VEGAS SANDS CORP,N338LS,N338LS_2026-06-14_airplanes-live_trace_full.json.gz
N338LS,2026-06-15,airplanes-live,8,LADD,LAS VEGAS SANDS CORP,N338LS,N338LS_2026-06-15_airplanes-live_trace_full.json.gz
N338LS,2026-06-22,airplanes-live,8,LADD,LAS VEGAS SANDS CORP,N338LS,N338LS_2026-06-22_airplanes-live_trace_full.json.gz
N338LS,2026-06-24,airplanes-live,8,LADD,LAS VEGAS SANDS CORP,N338LS,N338LS_2026-06-24_airplanes-live_trace_full.json.gz
N338LS,2026-06-25,airplanes-live,8,LADD,LAS VEGAS SANDS CORP,N338LS,N338LS_2026-06-25_airplanes-live_trace_full.json.gz
N338LS,2026-06-26,airplanes-live,8,LADD,LAS VEGAS SANDS CORP,N338LS,N338LS_2026-06-26_airplanes-live_trace_full.json.gz
N338LS,2026-06-29,airplanes-live,8,LADD,LAS VEGAS SANDS CORP,N338LS,N338LS_2026-06-29_airplanes-live_trace_full.json.gz
N338LS,2026-07-14,airplanes-live,8,LADD,LAS VEGAS SANDS CORP,N338LS,N338LS_2026-07-14_airplanes-live_trace_full.json.gz
N338LS,2026-07-17,airplanes-live,8,LADD,LAS VEGAS SANDS CORP,N338LS,N338LS_2026-07-17_airplanes-live_trace_full.json.gz
N338LS,2026-07-22,airplanes-live,8,LADD,LAS VEGAS SANDS CORP,N338LS,N338LS_2026-07-22_airplanes-live_trace_full.json.gz
N338LS,2026-07-26,airplanes-live,8,LADD,LAS VEGAS SANDS CORP,N338LS,N338LS_2026-07-26_airplanes-live_trace_full.json.gz
N338LS,2026-07-27,airplanes-live,8,LADD,LAS VEGAS SANDS CORP,N338LS,N338LS_2026-07-27_airplanes-live_trace_full.json.gz
N338LS,2026-07-29,airplanes-live,8,LADD,LAS VEGAS SANDS CORP,N338LS,N338LS_2026-07-29_airplanes-live_trace_full.json.gz
N338LS,2026-08-06,airplanes-live,8,LADD,LAS VEGAS SANDS CORP,N338LS,N338LS_2026-08-06_airplanes-live_trace_full.json.gz
N338LS,2026-08-11,airplanes-live,8,LADD,LAS VEGAS SANDS CORP,N338LS,N338LS_2026-08-11_airplanes-live_trace_full.json.gz
N338LS,2026-08-19,airplanes-live,8,LADD,LAS VEGAS SANDS CORP,N338LS,N338LS_2026-08-19_airplanes-live_trace_full.json.gz
N338LS,2026-08-21,airplanes-live,8,LADD,LAS VEGAS SANDS CORP,N338LS,N338LS_2026-08-21_airplanes-live_trace_full.json.gz
N338LS,2026-08-22,airplanes-live,8,LADD,LAS VEGAS SANDS CORP,N338LS,N338LS_2026-08-22_airplanes-live_trace_full.json.gz
N338LS,2026-08-27,airplanes-live,8,LADD,LAS VEGAS SANDS CORP,N338LS,N338LS_2026-08-27_airplanes-live_trace_full.json.gz
N339LS,2023-02-09,airplanes-live,8,LADD,LAS VEGAS SANDS CORP,N339LS,N339LS_2023-02-09_airplanes-live_trace_full.json.gz
N339LS,2023-02-10,airplanes-live,8,LADD,LAS VEGAS SANDS CORP,N339LS,N339LS_2023-02-10_airplanes-live_trace_full.json.gz
N339LS,2023-02-27,airplanes-live,8,LADD,LAS VEGAS SANDS CORP,N339LS,N339LS_2023-02-27_airplanes-live_trace_full.json.gz
N339LS,2023-02-28,airplanes-live,8,LADD,LAS VEGAS SANDS CORP,N339LS,N339LS_2023-02-28_airplanes-live_trace_full.json.gz
N339LS,2023-03-02,airplanes-live,8,LADD,LAS VEGAS SANDS CORP,N339LS,N339LS_2023-03-02_airplanes-live_trace_full.json.gz
N339LS,2023-03-03,airplanes-live,8,LADD,LAS VEGAS SANDS CORP,N339LS,N339LS_2023-03-03_airplanes-live_trace_full.json.gz
N339LS,2023-03-08,airplanes-live,8,LADD,LAS VEGAS SANDS CORP,N339LS,N339LS_2023-03-08_airplanes-live_trace_full.json.gz
N339LS,2023-03-09,airplanes-live,8,LADD,LAS VEGAS SANDS CORP,N339LS,N339LS_2023-03-09_airplanes-live_trace_full.json.gz
N339LS,2023-03-11,airplanes-live,0,none,,N339LS,N339LS_2023-03-11_airplanes-live_trace_full.json.gz
N339LS,2023-03-12,airplanes-live,0,none,,N339LS,N339LS_2023-03-12_airplanes-live_trace_full.json.gz
N339LS,2023-03-13,airplanes-live,0,none,,N339LS,N339LS_2023-03-13_airplanes-live_trace_full.json.gz
N339LS,2023-03-14,airplanes-live,0,none,,N339LS,N339LS_2023-03-14_airplanes-live_trace_full.json.gz
N339LS,2023-03-16,airplanes-live,0,none,,N339LS,N339LS_2023-03-16_airplanes-live_trace_full.json.gz
N339LS,2023-03-17,airplanes-live,0,none,,N339LS,N339LS_2023-03-17_airplanes-live_trace_full.json.gz
N339LS,2023-03-18,airplanes-live,0,none,,N339LS,N339LS_2023-03-18_airplanes-live_trace_full.json.gz
N339LS,2023-03-24,airplanes-live,0,none,,N339LS,N339LS_2023-03-24_airplanes-live_trace_full.json.gz
N339LS,2023-03-26,airplanes-live,0,none,,N339LS,N339LS_2023-03-26_airplanes-live_trace_full.json.gz
N339LS,2023-03-29,airplanes-live,0,none,,N339LS,N339LS_2023-03-29_airplanes-live_trace_full.json.gz
N339LS,2023-03-30,airplanes-live,0,none,,N339LS,N339LS_2023-03-30_airplanes-live_trace_full.json.gz
N339LS,2023-04-04,airplanes-live,0,none,,N339LS,N339LS_2023-04-04_airplanes-live_trace_full.json.gz
N339LS,2023-04-11,airplanes-live,0,none,,N339LS,N339LS_2023-04-11_airplanes-live_trace_full.json.gz
N339LS,2023-04-13,airplanes-live,0,none,,N339LS,N339LS_2023-04-13_airplanes-live_trace_full.json.gz
N339LS,2023-04-15,airplanes-live,0,none,,N339LS,N339LS_2023-04-15_airplanes-live_trace_full.json.gz
N339LS,2023-04-16,airplanes-live,0,none,,N339LS,N339LS_2023-04-16_airplanes-live_trace_full.json.gz
N339LS,2023-04-22,airplanes-live,0,none,,N339LS,N339LS_2023-04-22_airplanes-live_trace_full.json.gz
N339LS,2023-04-23,airplanes-live,0,none,,N339LS,N339LS_2023-04-23_airplanes-live_trace_full.json.gz
N339LS,2023-05-02,airplanes-live,0,none,,N339LS,N339LS_2023-05-02_airplanes-live_trace_full.json.gz
N339LS,2023-05-04,airplanes-live,0,none,,N339LS,N339LS_2023-05-04_airplanes-live_trace_full.json.gz
N339LS,2023-05-05,airplanes-live,0,none,,N339LS,N339LS_2023-05-05_airplanes-live_trace_full.json.gz
N339LS,2023-05-06,airplanes-live,0,none,,N339LS,N339LS_2023-05-06_airplanes-live_trace_full.json.gz
N339LS,2023-05-07,airplanes-live,0,none,,N339LS,N339LS_2023-05-07_airplanes-live_trace_full.json.gz
N339LS,2023-05-08,airplanes-live,0,none,,N339LS,N339LS_2023-05-08_airplanes-live_trace_full.json.gz
N339LS,2023-05-09,airplanes-live,0,none,,N339LS,N339LS_2023-05-09_airplanes-live_trace_full.json.gz
N339LS,2023-05-11,airplanes-live,0,none,,N339LS,N339LS_2023-05-11_airplanes-live_trace_full.json.gz
N339LS,2023-05-15,airplanes-live,0,none,,N339LS,N339LS_2023-05-15_airplanes-live_trace_full.json.gz
N339LS,2023-05-17,airplanes-live,0,none,,N339LS,N339LS_2023-05-17_airplanes-live_trace_full.json.gz
N339LS,2023-05-21,airplanes-live,0,none,,N339LS,N339LS_2023-05-21_airplanes-live_trace_full.json.gz
N339LS,2023-05-22,airplanes-live,0,none,,N339LS,N339LS_2023-05-22_airplanes-live_trace_full.json.gz
N339LS,2023-05-23,airplanes-live,0,none,,N339LS,N339LS_2023-05-23_airplanes-live_trace_full.json.gz
N339LS,2023-05-24,airplanes-live,0,none,,N339LS,N339LS_2023-05-24_airplanes-live_trace_full.json.gz
N339LS,2023-05-27,airplanes-live,0,none,,N339LS,N339LS_2023-05-27_airplanes-live_trace_full.json.gz
N339LS,2023-05-28,airplanes-live,0,none,,N339LS,N339LS_2023-05-28_airplanes-live_trace_full.json.gz
N339LS,2023-06-07,airplanes-live,0,none,,N339LS,N339LS_2023-06-07_airplanes-live_trace_full.json.gz
N339LS,2023-06-08,airplanes-live,0,none,,N339LS,N339LS_2023-06-08_airplanes-live_trace_full.json.gz
N339LS,2023-06-15,airplanes-live,0,none,,N339LS,N339LS_2023-06-15_airplanes-live_trace_full.json.gz
N339LS,2023-06-16,airplanes-live,0,none,,N339LS,N339LS_2023-06-16_airplanes-live_trace_full.json.gz
N339LS,2023-06-20,airplanes-live,0,none,,N339LS,N339LS_2023-06-20_airplanes-live_trace_full.json.gz
N339LS,2023-06-21,airplanes-live,0,none,,N339LS,N339LS_2023-06-21_airplanes-live_trace_full.json.gz
N339LS,2023-06-23,airplanes-live,0,none,,N339LS,N339LS_2023-06-23_airplanes-live_trace_full.json.gz
N339LS,2023-07-03,airplanes-live,0,none,,N339LS,N339LS_2023-07-03_airplanes-live_trace_full.json.gz
N339LS,2023-07-05,airplanes-live,0,none,,N339LS,N339LS_2023-07-05_airplanes-live_trace_full.json.gz
N339LS,2023-08-06,airplanes-live,0,none,,N339LS,N339LS_2023-08-06_airplanes-live_trace_full.json.gz
N339LS,2023-08-09,airplanes-live,0,none,,N339LS,N339LS_2023-08-09_airplanes-live_trace_full.json.gz
N339LS,2023-08-10,airplanes-live,0,none,,N339LS,N339LS_2023-08-10_airplanes-live_trace_full.json.gz
N339LS,2023-08-12,airplanes-live,0,none,,N339LS,N339LS_2023-08-12_airplanes-live_trace_full.json.gz
N339LS,2023-08-18,airplanes-live,0,none,,N339LS,N339LS_2023-08-18_airplanes-live_trace_full.json.gz
N339LS,2023-08-21,airplanes-live,0,none,,N339LS,N339LS_2023-08-21_airplanes-live_trace_full.json.gz
N339LS,2023-08-22,airplanes-live,0,none,,N339LS,N339LS_2023-08-22_airplanes-live_trace_full.json.gz
N339LS,2023-08-23,airplanes-live,0,none,,N339LS,N339LS_2023-08-23_airplanes-live_trace_full.json.gz
N339LS,2023-08-24,airplanes-live,0,none,,N339LS,N339LS_2023-08-24_airplanes-live_trace_full.json.gz
N339LS,2023-08-25,airplanes-live,0,none,,N339LS,N339LS_2023-08-25_airplanes-live_trace_full.json.gz
N339LS,2023-09-02,airplanes-live,0,none,,N339LS,N339LS_2023-09-02_airplanes-live_trace_full.json.gz
N339LS,2023-09-03,airplanes-live,0,none,,N339LS,N339LS_2023-09-03_airplanes-live_trace_full.json.gz
N339LS,2023-09-16,airplanes-live,,not_in_header,,,N339LS_2023-09-16_airplanes-live_trace_full.json.gz
N339LS,2023-09-20,airplanes-live,,not_in_header,,,N339LS_2023-09-20_airplanes-live_trace_full.json.gz
N339LS,2023-09-24,airplanes-live,,not_in_header,,,N339LS_2023-09-24_airplanes-live_trace_full.json.gz
N339LS,2023-09-26,airplanes-live,,not_in_header,,,N339LS_2023-09-26_airplanes-live_trace_full.json.gz
N339LS,2023-10-04,airplanes-live,8,LADD,LAS VEGAS SANDS CORP,N339LS,N339LS_2023-10-04_airplanes-live_trace_full.json.gz
N339LS,2023-10-08,airplanes-live,8,LADD,LAS VEGAS SANDS CORP,N339LS,N339LS_2023-10-08_airplanes-live_trace_full.json.gz
N339LS,2023-10-09,airplanes-live,8,LADD,LAS VEGAS SANDS CORP,N339LS,N339LS_2023-10-09_airplanes-live_trace_full.json.gz
N339LS,2023-10-20,airplanes-live,8,LADD,LAS VEGAS SANDS CORP,N339LS,N339LS_2023-10-20_airplanes-live_trace_full.json.gz
N339LS,2023-10-21,airplanes-live,8,LADD,LAS VEGAS SANDS CORP,N339LS,N339LS_2023-10-21_airplanes-live_trace_full.json.gz
N339LS,2023-10-25,airplanes-live,8,LADD,LAS VEGAS SANDS CORP,N339LS,N339LS_2023-10-25_airplanes-live_trace_full.json.gz
N339LS,2023-11-03,airplanes-live,8,LADD,LAS VEGAS SANDS CORP,N339LS,N339LS_2023-11-03_airplanes-live_trace_full.json.gz
N339LS,2023-11-08,airplanes-live,8,LADD,LAS VEGAS SANDS CORP,N339LS,N339LS_2023-11-08_airplanes-live_trace_full.json.gz
N339LS,2023-11-15,airplanes-live,8,LADD,LAS VEGAS SANDS CORP,N339LS,N339LS_2023-11-15_airplanes-live_trace_full.json.gz
N339LS,2023-11-16,airplanes-live,8,LADD,LAS VEGAS SANDS CORP,N339LS,N339LS_2023-11-16_airplanes-live_trace_full.json.gz
N339LS,2023-11-21,airplanes-live,8,LADD,LAS VEGAS SANDS CORP,N339LS,N339LS_2023-11-21_airplanes-live_trace_full.json.gz
N339LS,2023-11-22,airplanes-live,8,LADD,LAS VEGAS SANDS CORP,N339LS,N339LS_2023-11-22_airplanes-live_trace_full.json.gz
N339LS,2023-11-30,airplanes-live,8,LADD,LAS VEGAS SANDS CORP,N339LS,N339LS_2023-11-30_airplanes-live_trace_full.json.gz
N339LS,2023-12-01,airplanes-live,8,LADD,LAS VEGAS SANDS CORP,N339LS,N339LS_2023-12-01_airplanes-live_trace_full.json.gz
N339LS,2023-12-04,airplanes-live,8,LADD,LAS VEGAS SANDS CORP,N339LS,N339LS_2023-12-04_airplanes-live_trace_full.json.gz
N339LS,2023-12-06,airplanes-live,8,LADD,LAS VEGAS SANDS CORP,N339LS,N339LS_2023-12-06_airplanes-live_trace_full.json.gz
N339LS,2023-12-09,airplanes-live,8,LADD,LAS VEGAS SANDS CORP,N339LS,N339LS_2023-12-09_airplanes-live_trace_full.json.gz
N339LS,2023-12-20,airplanes-live,8,LADD,LAS VEGAS SANDS CORP,N339LS,N339LS_2023-12-20_airplanes-live_trace_full.json.gz
N339LS,2023-12-29,airplanes-live,8,LADD,LAS VEGAS SANDS CORP,N339LS,N339LS_2023-12-29_airplanes-live_trace_full.json.gz
N339LS,2024-01-03,airplanes-live,8,LADD,LAS VEGAS SANDS CORP,N339LS,N339LS_2024-01-03_airplanes-live_trace_full.json.gz
N339LS,2024-01-17,airplanes-live,8,LADD,LAS VEGAS SANDS CORP,N339LS,N339LS_2024-01-17_airplanes-live_trace_full.json.gz
N339LS,2024-01-18,airplanes-live,8,LADD,LAS VEGAS SANDS CORP,N339LS,N339LS_2024-01-18_airplanes-live_trace_full.json.gz
N339LS,2024-01-21,airplanes-live,8,LADD,LAS VEGAS SANDS CORP,N339LS,N339LS_2024-01-21_airplanes-live_trace_full.json.gz
N339LS,2024-01-25,airplanes-live,8,LADD,LAS VEGAS SANDS CORP,N339LS,N339LS_2024-01-25_airplanes-live_trace_full.json.gz
N339LS,2024-01-28,airplanes-live,8,LADD,LAS VEGAS SANDS CORP,N339LS,N339LS_2024-01-28_airplanes-live_trace_full.json.gz
N339LS,2024-01-29,airplanes-live,8,LADD,LAS VEGAS SANDS CORP,N339LS,N339LS_2024-01-29_airplanes-live_trace_full.json.gz
N339LS,2024-02-03,airplanes-live,8,LADD,LAS VEGAS SANDS CORP,N339LS,N339LS_2024-02-03_airplanes-live_trace_full.json.gz
N339LS,2024-04-26,airplanes-live,8,LADD,LAS VEGAS SANDS CORP,N339LS,N339LS_2024-04-26_airplanes-live_trace_full.json.gz
N339LS,2024-04-27,airplanes-live,8,LADD,LAS VEGAS SANDS CORP,N339LS,N339LS_2024-04-27_airplanes-live_trace_full.json.gz
N339LS,2024-05-10,airplanes-live,8,LADD,LAS VEGAS SANDS CORP,N339LS,N339LS_2024-05-10_airplanes-live_trace_full.json.gz
N339LS,2024-05-13,airplanes-live,8,LADD,LAS VEGAS SANDS CORP,N339LS,N339LS_2024-05-13_airplanes-live_trace_full.json.gz
N339LS,2024-05-16,airplanes-live,8,LADD,LAS VEGAS SANDS CORP,N339LS,N339LS_2024-05-16_airplanes-live_trace_full.json.gz
N339LS,2024-05-20,airplanes-live,8,LADD,LAS VEGAS SANDS CORP,N339LS,N339LS_2024-05-20_airplanes-live_trace_full.json.gz
N339LS,2024-05-21,airplanes-live,8,LADD,LAS VEGAS SANDS CORP,N339LS,N339LS_2024-05-21_airplanes-live_trace_full.json.gz
N339LS,2024-05-28,airplanes-live,8,LADD,LAS VEGAS SANDS CORP,N339LS,N339LS_2024-05-28_airplanes-live_trace_full.json.gz
N339LS,2024-05-29,airplanes-live,8,LADD,LAS VEGAS SANDS CORP,N339LS,N339LS_2024-05-29_airplanes-live_trace_full.json.gz
N339LS,2024-10-28,airplanes-live,8,LADD,LAS VEGAS SANDS CORP,N339LS,N339LS_2024-10-28_airplanes-live_trace_full.json.gz
N339LS,2024-11-04,airplanes-live,8,LADD,LAS VEGAS SANDS CORP,N339LS,N339LS_2024-11-04_airplanes-live_trace_full.json.gz
N339LS,2024-11-05,airplanes-live,8,LADD,LAS VEGAS SANDS CORP,N339LS,N339LS_2024-11-05_airplanes-live_trace_full.json.gz
N339LS,2024-11-11,airplanes-live,8,LADD,LAS VEGAS SANDS CORP,N339LS,N339LS_2024-11-11_airplanes-live_trace_full.json.gz
N339LS,2024-11-12,airplanes-live,8,LADD,LAS VEGAS SANDS CORP,N339LS,N339LS_2024-11-12_airplanes-live_trace_full.json.gz
N339LS,2024-11-13,airplanes-live,8,LADD,LAS VEGAS SANDS CORP,N339LS,N339LS_2024-11-13_airplanes-live_trace_full.json.gz
N339LS,2024-11-14,airplanes-live,8,LADD,LAS VEGAS SANDS CORP,N339LS,N339LS_2024-11-14_airplanes-live_trace_full.json.gz
N339LS,2024-12-02,airplanes-live,8,LADD,LAS VEGAS SANDS CORP,N339LS,N339LS_2024-12-02_airplanes-live_trace_full.json.gz
N339LS,2024-12-03,airplanes-live,8,LADD,LAS VEGAS SANDS CORP,N339LS,N339LS_2024-12-03_airplanes-live_trace_full.json.gz
N339LS,2024-12-04,airplanes-live,8,LADD,LAS VEGAS SANDS CORP,N339LS,N339LS_2024-12-04_airplanes-live_trace_full.json.gz
N339LS,2024-12-05,airplanes-live,8,LADD,LAS VEGAS SANDS CORP,N339LS,N339LS_2024-12-05_airplanes-live_trace_full.json.gz
N339LS,2024-12-06,adsb-lol,8,LADD,LAS VEGAS SANDS CORP,N339LS,N339LS_2024-12-06_adsb-lol_trace_full.json.gz
N339LS,2024-12-11,airplanes-live,8,LADD,LAS VEGAS SANDS CORP,N339LS,N339LS_2024-12-11_airplanes-live_trace_full.json.gz
N339LS,2024-12-12,airplanes-live,8,LADD,LAS VEGAS SANDS CORP,N339LS,N339LS_2024-12-12_airplanes-live_trace_full.json.gz
N339LS,2024-12-13,airplanes-live,8,LADD,LAS VEGAS SANDS CORP,N339LS,N339LS_2024-12-13_airplanes-live_trace_full.json.gz
N339LS,2024-12-30,airplanes-live,8,LADD,LAS VEGAS SANDS CORP,N339LS,N339LS_2024-12-30_airplanes-live_trace_full.json.gz
N339LS,2025-01-03,airplanes-live,8,LADD,LAS VEGAS SANDS CORP,N339LS,N339LS_2025-01-03_airplanes-live_trace_full.json.gz
N339LS,2025-02-10,airplanes-live,8,LADD,LAS VEGAS SANDS CORP,N339LS,N339LS_2025-02-10_airplanes-live_trace_full.json.gz
N339LS,2025-02-11,airplanes-live,8,LADD,LAS VEGAS SANDS CORP,N339LS,N339LS_2025-02-11_airplanes-live_trace_full.json.gz
N339LS,2025-02-13,airplanes-live,8,LADD,LAS VEGAS SANDS CORP,N339LS,N339LS_2025-02-13_airplanes-live_trace_full.json.gz
N339LS,2025-02-14,airplanes-live,8,LADD,LAS VEGAS SANDS CORP,N339LS,N339LS_2025-02-14_airplanes-live_trace_full.json.gz
N339LS,2025-02-15,airplanes-live,8,LADD,LAS VEGAS SANDS CORP,N339LS,N339LS_2025-02-15_airplanes-live_trace_full.json.gz
N339LS,2025-02-18,airplanes-live,8,LADD,LAS VEGAS SANDS CORP,N339LS,N339LS_2025-02-18_airplanes-live_trace_full.json.gz
N339LS,2025-02-20,airplanes-live,8,LADD,LAS VEGAS SANDS CORP,N339LS,N339LS_2025-02-20_airplanes-live_trace_full.json.gz
N339LS,2025-02-27,airplanes-live,8,LADD,LAS VEGAS SANDS CORP,N339LS,N339LS_2025-02-27_airplanes-live_trace_full.json.gz
N339LS,2025-03-14,airplanes-live,8,LADD,LAS VEGAS SANDS CORP,N339LS,N339LS_2025-03-14_airplanes-live_trace_full.json.gz
N339LS,2025-03-15,airplanes-live,8,LADD,LAS VEGAS SANDS CORP,N339LS,N339LS_2025-03-15_airplanes-live_trace_full.json.gz
N339LS,2025-03-27,airplanes-live,8,LADD,LAS VEGAS SANDS CORP,N339LS,N339LS_2025-03-27_airplanes-live_trace_full.json.gz
N339LS,2025-03-28,airplanes-live,8,LADD,LAS VEGAS SANDS CORP,N339LS,N339LS_2025-03-28_airplanes-live_trace_full.json.gz
N339LS,2025-04-12,airplanes-live,8,LADD,LAS VEGAS SANDS CORP,N339LS,N339LS_2025-04-12_airplanes-live_trace_full.json.gz
N339LS,2025-04-13,airplanes-live,8,LADD,LAS VEGAS SANDS CORP,N339LS,N339LS_2025-04-13_airplanes-live_trace_full.json.gz
N339LS,2025-04-14,airplanes-live,8,LADD,LAS VEGAS SANDS CORP,N339LS,N339LS_2025-04-14_airplanes-live_trace_full.json.gz
N339LS,2025-04-15,airplanes-live,8,LADD,LAS VEGAS SANDS CORP,N339LS,N339LS_2025-04-15_airplanes-live_trace_full.json.gz
N339LS,2025-04-17,airplanes-live,8,LADD,LAS VEGAS SANDS CORP,N339LS,N339LS_2025-04-17_airplanes-live_trace_full.json.gz
N339LS,2025-04-19,airplanes-live,8,LADD,LAS VEGAS SANDS CORP,N339LS,N339LS_2025-04-19_airplanes-live_trace_full.json.gz
N339LS,2025-04-20,airplanes-live,8,LADD,LAS VEGAS SANDS CORP,N339LS,N339LS_2025-04-20_airplanes-live_trace_full.json.gz
N339LS,2025-04-21,airplanes-live,8,LADD,LAS VEGAS SANDS CORP,N339LS,N339LS_2025-04-21_airplanes-live_trace_full.json.gz
N339LS,2025-04-22,airplanes-live,8,LADD,LAS VEGAS SANDS CORP,N339LS,N339LS_2025-04-22_airplanes-live_trace_full.json.gz
N339LS,2025-04-23,airplanes-live,8,LADD,LAS VEGAS SANDS CORP,N339LS,N339LS_2025-04-23_airplanes-live_trace_full.json.gz
N339LS,2025-05-02,airplanes-live,8,LADD,LAS VEGAS SANDS CORP,N339LS,N339LS_2025-05-02_airplanes-live_trace_full.json.gz
N339LS,2025-05-05,airplanes-live,8,LADD,LAS VEGAS SANDS CORP,N339LS,N339LS_2025-05-05_airplanes-live_trace_full.json.gz
N339LS,2025-05-06,airplanes-live,8,LADD,LAS VEGAS SANDS CORP,N339LS,N339LS_2025-05-06_airplanes-live_trace_full.json.gz
N339LS,2025-05-07,airplanes-live,8,LADD,LAS VEGAS SANDS CORP,N339LS,N339LS_2025-05-07_airplanes-live_trace_full.json.gz
N339LS,2025-05-12,airplanes-live,8,LADD,LAS VEGAS SANDS CORP,N339LS,N339LS_2025-05-12_airplanes-live_trace_full.json.gz
N339LS,2025-05-13,airplanes-live,8,LADD,LAS VEGAS SANDS CORP,N339LS,N339LS_2025-05-13_airplanes-live_trace_full.json.gz
N339LS,2025-05-14,airplanes-live,8,LADD,LAS VEGAS SANDS CORP,N339LS,N339LS_2025-05-14_airplanes-live_trace_full.json.gz
N339LS,2025-05-18,airplanes-live,8,LADD,LAS VEGAS SANDS CORP,N339LS,N339LS_2025-05-18_airplanes-live_trace_full.json.gz
N339LS,2025-05-19,airplanes-live,8,LADD,LAS VEGAS SANDS CORP,N339LS,N339LS_2025-05-19_airplanes-live_trace_full.json.gz
N339LS,2025-05-20,airplanes-live,8,LADD,LAS VEGAS SANDS CORP,N339LS,N339LS_2025-05-20_airplanes-live_trace_full.json.gz
N339LS,2025-05-21,airplanes-live,8,LADD,LAS VEGAS SANDS CORP,N339LS,N339LS_2025-05-21_airplanes-live_trace_full.json.gz
N339LS,2025-05-22,airplanes-live,8,LADD,LAS VEGAS SANDS CORP,N339LS,N339LS_2025-05-22_airplanes-live_trace_full.json.gz
N339LS,2025-05-24,airplanes-live,8,LADD,LAS VEGAS SANDS CORP,N339LS,N339LS_2025-05-24_airplanes-live_trace_full.json.gz
N339LS,2025-05-25,airplanes-live,8,LADD,LAS VEGAS SANDS CORP,N339LS,N339LS_2025-05-25_airplanes-live_trace_full.json.gz
N339LS,2025-05-30,airplanes-live,8,LADD,LAS VEGAS SANDS CORP,N339LS,N339LS_2025-05-30_airplanes-live_trace_full.json.gz
N339LS,2025-06-10,airplanes-live,8,LADD,LAS VEGAS SANDS CORP,N339LS,N339LS_2025-06-10_airplanes-live_trace_full.json.gz
N339LS,2025-06-17,airplanes-live,8,LADD,LAS VEGAS SANDS CORP,N339LS,N339LS_2025-06-17_airplanes-live_trace_full.json.gz
N339LS,2025-06-18,airplanes-live,8,LADD,LAS VEGAS SANDS CORP,N339LS,N339LS_2025-06-18_airplanes-live_trace_full.json.gz
N339LS,2025-06-19,airplanes-live,8,LADD,LAS VEGAS SANDS CORP,N339LS,N339LS_2025-06-19_airplanes-live_trace_full.json.gz
N339LS,2025-06-29,airplanes-live,8,LADD,LAS VEGAS SANDS CORP,N339LS,N339LS_2025-06-29_airplanes-live_trace_full.json.gz
N339LS,2025-06-30,airplanes-live,8,LADD,LAS VEGAS SANDS CORP,N339LS,N339LS_2025-06-30_airplanes-live_trace_full.json.gz
N339LS,2025-07-03,airplanes-live,8,LADD,LAS VEGAS SANDS CORP,N339LS,N339LS_2025-07-03_airplanes-live_trace_full.json.gz
N339LS,2025-07-10,airplanes-live,8,LADD,LAS VEGAS SANDS CORP,N339LS,N339LS_2025-07-10_airplanes-live_trace_full.json.gz
N339LS,2025-07-11,airplanes-live,8,LADD,LAS VEGAS SANDS CORP,N339LS,N339LS_2025-07-11_airplanes-live_trace_full.json.gz
N339LS,2025-07-13,airplanes-live,8,LADD,LAS VEGAS SANDS CORP,N339LS,N339LS_2025-07-13_airplanes-live_trace_full.json.gz
N339LS,2025-07-14,airplanes-live,8,LADD,LAS VEGAS SANDS CORP,N339LS,N339LS_2025-07-14_airplanes-live_trace_full.json.gz
N339LS,2025-08-04,airplanes-live,8,LADD,LAS VEGAS SANDS CORP,N339LS,N339LS_2025-08-04_airplanes-live_trace_full.json.gz
N339LS,2025-08-12,airplanes-live,8,LADD,LAS VEGAS SANDS CORP,N339LS,N339LS_2025-08-12_airplanes-live_trace_full.json.gz
N339LS,2025-08-13,airplanes-live,8,LADD,LAS VEGAS SANDS CORP,N339LS,N339LS_2025-08-13_airplanes-live_trace_full.json.gz
N339LS,2025-08-14,airplanes-live,8,LADD,LAS VEGAS SANDS CORP,N339LS,N339LS_2025-08-14_airplanes-live_trace_full.json.gz
N339LS,2025-08-17,airplanes-live,8,LADD,LAS VEGAS SANDS CORP,N339LS,N339LS_2025-08-17_airplanes-live_trace_full.json.gz
N339LS,2025-08-18,airplanes-live,8,LADD,LAS VEGAS SANDS CORP,N339LS,N339LS_2025-08-18_airplanes-live_trace_full.json.gz
N339LS,2025-08-28,airplanes-live,8,LADD,LAS VEGAS SANDS CORP,N339LS,N339LS_2025-08-28_airplanes-live_trace_full.json.gz
N339LS,2025-08-29,airplanes-live,8,LADD,LAS VEGAS SANDS CORP,N339LS,N339LS_2025-08-29_airplanes-live_trace_full.json.gz
N339LS,2025-09-01,airplanes-live,8,LADD,LAS VEGAS SANDS CORP,N339LS,N339LS_2025-09-01_airplanes-live_trace_full.json.gz
N339LS,2025-09-02,airplanes-live,8,LADD,LAS VEGAS SANDS CORP,N339LS,N339LS_2025-09-02_airplanes-live_trace_full.json.gz
N339LS,2025-09-08,airplanes-live,8,LADD,LAS VEGAS SANDS CORP,N339LS,N339LS_2025-09-08_airplanes-live_trace_full.json.gz
N339LS,2025-09-13,airplanes-live,8,LADD,LAS VEGAS SANDS CORP,N339LS,N339LS_2025-09-13_airplanes-live_trace_full.json.gz
N339LS,2025-09-25,airplanes-live,8,LADD,LAS VEGAS SANDS CORP,N339LS,N339LS_2025-09-25_airplanes-live_trace_full.json.gz
N339LS,2025-10-01,airplanes-live,8,LADD,LAS VEGAS SANDS CORP,N339LS,N339LS_2025-10-01_airplanes-live_trace_full.json.gz
N339LS,2025-10-19,airplanes-live,8,LADD,LAS VEGAS SANDS CORP,N339LS,N339LS_2025-10-19_airplanes-live_trace_full.json.gz
N339LS,2025-10-20,airplanes-live,8,LADD,LAS VEGAS SANDS CORP,N339LS,N339LS_2025-10-20_airplanes-live_trace_full.json.gz
N339LS,2025-10-24,airplanes-live,8,LADD,LAS VEGAS SANDS CORP,N339LS,N339LS_2025-10-24_airplanes-live_trace_full.json.gz
N339LS,2025-10-25,airplanes-live,8,LADD,LAS VEGAS SANDS CORP,N339LS,N339LS_2025-10-25_airplanes-live_trace_full.json.gz
N339LS,2025-10-26,airplanes-live,8,LADD,LAS VEGAS SANDS CORP,N339LS,N339LS_2025-10-26_airplanes-live_trace_full.json.gz
N339LS,2025-11-20,airplanes-live,8,LADD,LAS VEGAS SANDS CORP,N339LS,N339LS_2025-11-20_airplanes-live_trace_full.json.gz
N339LS,2025-11-21,airplanes-live,8,LADD,LAS VEGAS SANDS CORP,N339LS,N339LS_2025-11-21_airplanes-live_trace_full.json.gz
N339LS,2025-11-24,airplanes-live,8,LADD,LAS VEGAS SANDS CORP,N339LS,N339LS_2025-11-24_airplanes-live_trace_full.json.gz
N339LS,2025-12-15,airplanes-live,8,LADD,LAS VEGAS SANDS CORP,N339LS,N339LS_2025-12-15_airplanes-live_trace_full.json.gz
N339LS,2025-12-16,airplanes-live,8,LADD,LAS VEGAS SANDS CORP,N339LS,N339LS_2025-12-16_airplanes-live_trace_full.json.gz
N339LS,2025-12-17,airplanes-live,8,LADD,LAS VEGAS SANDS CORP,N339LS,N339LS_2025-12-17_airplanes-live_trace_full.json.gz
N339LS,2025-12-22,airplanes-live,8,LADD,LAS VEGAS SANDS CORP,N339LS,N339LS_2025-12-22_airplanes-live_trace_full.json.gz
N339LS,2025-12-23,airplanes-live,8,LADD,LAS VEGAS SANDS CORP,N339LS,N339LS_2025-12-23_airplanes-live_trace_full.json.gz
N339LS,2026-01-04,airplanes-live,8,LADD,LAS VEGAS SANDS CORP,N339LS,N339LS_2026-01-04_airplanes-live_trace_full.json.gz
N339LS,2026-01-05,airplanes-live,8,LADD,LAS VEGAS SANDS CORP,N339LS,N339LS_2026-01-05_airplanes-live_trace_full.json.gz
N339LS,2026-01-18,airplanes-live,8,LADD,LAS VEGAS SANDS CORP,N339LS,N339LS_2026-01-18_airplanes-live_trace_full.json.gz
N339LS,2026-01-19,airplanes-live,8,LADD,LAS VEGAS SANDS CORP,N339LS,N339LS_2026-01-19_airplanes-live_trace_full.json.gz
N339LS,2026-01-20,airplanes-live,8,LADD,LAS VEGAS SANDS CORP,N339LS,N339LS_2026-01-20_airplanes-live_trace_full.json.gz
N339LS,2026-01-26,airplanes-live,8,LADD,LAS VEGAS SANDS CORP,N339LS,N339LS_2026-01-26_airplanes-live_trace_full.json.gz
N339LS,2026-01-31,airplanes-live,8,LADD,LAS VEGAS SANDS CORP,N339LS,N339LS_2026-01-31_airplanes-live_trace_full.json.gz
N339LS,2026-02-01,airplanes-live,8,LADD,LAS VEGAS SANDS CORP,N339LS,N339LS_2026-02-01_airplanes-live_trace_full.json.gz
N339LS,2026-02-13,airplanes-live,8,LADD,LAS VEGAS SANDS CORP,N339LS,N339LS_2026-02-13_airplanes-live_trace_full.json.gz
N339LS,2026-03-07,airplanes-live,8,LADD,LAS VEGAS SANDS CORP,N339LS,N339LS_2026-03-07_airplanes-live_trace_full.json.gz
N339LS,2026-03-16,airplanes-live,8,LADD,LAS VEGAS SANDS CORP,N339LS,N339LS_2026-03-16_airplanes-live_trace_full.json.gz
N339LS,2026-03-18,airplanes-live,8,LADD,LAS VEGAS SANDS CORP,N339LS,N339LS_2026-03-18_airplanes-live_trace_full.json.gz
N339LS,2026-03-19,airplanes-live,8,LADD,LAS VEGAS SANDS CORP,N339LS,N339LS_2026-03-19_airplanes-live_trace_full.json.gz
N339LS,2026-03-20,airplanes-live,8,LADD,LAS VEGAS SANDS CORP,N339LS,N339LS_2026-03-20_airplanes-live_trace_full.json.gz
N339LS,2026-03-21,airplanes-live,8,LADD,LAS VEGAS SANDS CORP,N339LS,N339LS_2026-03-21_airplanes-live_trace_full.json.gz
N339LS,2026-03-22,airplanes-live,8,LADD,LAS VEGAS SANDS CORP,N339LS,N339LS_2026-03-22_airplanes-live_trace_full.json.gz
N339LS,2026-03-27,airplanes-live,8,LADD,LAS VEGAS SANDS CORP,N339LS,N339LS_2026-03-27_airplanes-live_trace_full.json.gz
N339LS,2026-04-01,airplanes-live,8,LADD,LAS VEGAS SANDS CORP,N339LS,N339LS_2026-04-01_airplanes-live_trace_full.json.gz
N339LS,2026-04-02,airplanes-live,8,LADD,LAS VEGAS SANDS CORP,N339LS,N339LS_2026-04-02_airplanes-live_trace_full.json.gz
N339LS,2026-04-18,airplanes-live,8,LADD,LAS VEGAS SANDS CORP,N339LS,N339LS_2026-04-18_airplanes-live_trace_full.json.gz
N339LS,2026-04-19,airplanes-live,8,LADD,LAS VEGAS SANDS CORP,N339LS,N339LS_2026-04-19_airplanes-live_trace_full.json.gz
N339LS,2026-04-20,airplanes-live,8,LADD,LAS VEGAS SANDS CORP,N339LS,N339LS_2026-04-20_airplanes-live_trace_full.json.gz
N339LS,2026-04-21,airplanes-live,8,LADD,LAS VEGAS SANDS CORP,N339LS,N339LS_2026-04-21_airplanes-live_trace_full.json.gz
N339LS,2026-04-22,airplanes-live,8,LADD,LAS VEGAS SANDS CORP,N339LS,N339LS_2026-04-22_airplanes-live_trace_full.json.gz
N339LS,2026-05-01,airplanes-live,8,LADD,LAS VEGAS SANDS CORP,N339LS,N339LS_2026-05-01_airplanes-live_trace_full.json.gz
N339LS,2026-05-04,airplanes-live,8,LADD,LAS VEGAS SANDS CORP,N339LS,N339LS_2026-05-04_airplanes-live_trace_full.json.gz
N339LS,2026-05-19,airplanes-live,8,LADD,LAS VEGAS SANDS CORP,N339LS,N339LS_2026-05-19_airplanes-live_trace_full.json.gz
N339LS,2026-05-28,airplanes-live,8,LADD,LAS VEGAS SANDS CORP,N339LS,N339LS_2026-05-28_airplanes-live_trace_full.json.gz
N339LS,2026-06-01,airplanes-live,8,LADD,LAS VEGAS SANDS CORP,N339LS,N339LS_2026-06-01_airplanes-live_trace_full.json.gz
N339LS,2026-06-10,airplanes-live,8,LADD,LAS VEGAS SANDS CORP,N339LS,N339LS_2026-06-10_airplanes-live_trace_full.json.gz
N339LS,2026-06-13,airplanes-live,8,LADD,LAS VEGAS SANDS CORP,N339LS,N339LS_2026-06-13_airplanes-live_trace_full.json.gz
N339LS,2026-06-14,airplanes-live,8,LADD,LAS VEGAS SANDS CORP,N339LS,N339LS_2026-06-14_airplanes-live_trace_full.json.gz
N339LS,2026-06-15,airplanes-live,8,LADD,LAS VEGAS SANDS CORP,N339LS,N339LS_2026-06-15_airplanes-live_trace_full.json.gz
N339LS,2026-06-22,airplanes-live,8,LADD,LAS VEGAS SANDS CORP,N339LS,N339LS_2026-06-22_airplanes-live_trace_full.json.gz
N339LS,2026-06-23,airplanes-live,8,LADD,LAS VEGAS SANDS CORP,N339LS,N339LS_2026-06-23_airplanes-live_trace_full.json.gz
N339LS,2026-06-24,airplanes-live,8,LADD,LAS VEGAS SANDS CORP,N339LS,N339LS_2026-06-24_airplanes-live_trace_full.json.gz
N339LS,2026-06-25,airplanes-live,8,LADD,LAS VEGAS SANDS CORP,N339LS,N339LS_2026-06-25_airplanes-live_trace_full.json.gz
N339LS,2026-07-08,airplanes-live,8,LADD,LAS VEGAS SANDS CORP,N339LS,N339LS_2026-07-08_airplanes-live_trace_full.json.gz
N339LS,2026-07-09,airplanes-live,8,LADD,LAS VEGAS SANDS CORP,N339LS,N339LS_2026-07-09_airplanes-live_trace_full.json.gz
N339LS,2026-07-13,airplanes-live,8,LADD,LAS VEGAS SANDS CORP,N339LS,N339LS_2026-07-13_airplanes-live_trace_full.json.gz
N339LS,2026-07-14,airplanes-live,8,LADD,LAS VEGAS SANDS CORP,N339LS,N339LS_2026-07-14_airplanes-live_trace_full.json.gz
N339LS,2026-07-15,airplanes-live,8,LADD,LAS VEGAS SANDS CORP,N339LS,N339LS_2026-07-15_airplanes-live_trace_full.json.gz
N339LS,2026-07-19,airplanes-live,8,LADD,LAS VEGAS SANDS CORP,N339LS,N339LS_2026-07-19_airplanes-live_trace_full.json.gz
N339LS,2026-08-20,airplanes-live,8,LADD,LAS VEGAS SANDS CORP,N339LS,N339LS_2026-08-20_airplanes-live_trace_full.json.gz
N339LS,2026-08-21,airplanes-live,8,LADD,LAS VEGAS SANDS CORP,N339LS,N339LS_2026-08-21_airplanes-live_trace_full.json.gz
N339LS,2026-08-23,airplanes-live,8,LADD,LAS VEGAS SANDS CORP,N339LS,N339LS_2026-08-23_airplanes-live_trace_full.json.gz
N339LS,2026-08-24,airplanes-live,8,LADD,LAS VEGAS SANDS CORP,N339LS,N339LS_2026-08-24_airplanes-live_trace_full.json.gz
N339LS,2026-08-30,airplanes-live,8,LADD,LAS VEGAS SANDS CORP,N339LS,N339LS_2026-08-30_airplanes-live_trace_full.json.gz
N339LS,2026-09-08,airplanes-live,8,LADD,LAS VEGAS SANDS CORP,N339LS,N339LS_2026-09-08_airplanes-live_trace_full.json.gz
N339LS,2026-09-14,airplanes-live,8,LADD,LAS VEGAS SANDS CORP,N339LS,N339LS_2026-09-14_airplanes-live_trace_full.json.gz
N339LS,2026-09-15,airplanes-live,8,LADD,LAS VEGAS SANDS CORP,N339LS,N339LS_2026-09-15_airplanes-live_trace_full.json.gz
N40JD,2022-06-01,adsbexchange-samples,0,none,JDT AVIATION LLC,N40JD,N40JD_2022-06-01_adsbexchange-samples_trace_full.json
N40JD,2023-02-01,adsbexchange-samples,0,none,JDT AVIATION LLC,N40JD,N40JD_2023-02-01_adsbexchange-samples_trace_full.json
N40JD,2023-02-16,airplanes-live,0,none,JDT AVIATION LLC,N40JD,N40JD_2023-02-16_airplanes-live_trace_full.json.gz
N40JD,2023-02-19,airplanes-live,0,none,JDT AVIATION LLC,N40JD,N40JD_2023-02-19_airplanes-live_trace_full.json.gz
N40JD,2023-03-15,adsb-lol,0,none,JDT AVIATION LLC,N40JD,N40JD_2023-03-15_adsb-lol_trace_full.json.gz
N40JD,2023-03-15,airplanes-live,0,none,,N40JD,N40JD_2023-03-15_airplanes-live_trace_full.json.gz
N40JD,2023-03-29,adsb-lol,0,none,JDT AVIATION LLC,N40JD,N40JD_2023-03-29_adsb-lol_trace_full.json.gz
N40JD,2023-03-29,airplanes-live,0,none,,N40JD,N40JD_2023-03-29_airplanes-live_trace_full.json.gz
N40JD,2023-04-02,adsb-lol,0,none,JDT AVIATION LLC,N40JD,N40JD_2023-04-02_adsb-lol_trace_full.json.gz
N40JD,2023-04-02,airplanes-live,0,none,,N40JD,N40JD_2023-04-02_airplanes-live_trace_full.json.gz
N40JD,2023-04-03,adsb-lol,0,none,JDT AVIATION LLC,N40JD,N40JD_2023-04-03_adsb-lol_trace_full.json.gz
N40JD,2023-04-03,airplanes-live,0,none,,N40JD,N40JD_2023-04-03_airplanes-live_trace_full.json.gz
N40JD,2023-04-06,adsb-lol,0,none,JDT AVIATION LLC,N40JD,N40JD_2023-04-06_adsb-lol_trace_full.json.gz
N40JD,2023-04-06,airplanes-live,0,none,,N40JD,N40JD_2023-04-06_airplanes-live_trace_full.json.gz
N40JD,2023-04-13,airplanes-live,0,none,,N40JD,N40JD_2023-04-13_airplanes-live_trace_full.json.gz
N40JD,2023-04-16,airplanes-live,0,none,,N40JD,N40JD_2023-04-16_airplanes-live_trace_full.json.gz
N40JD,2023-04-19,airplanes-live,0,none,,N40JD,N40JD_2023-04-19_airplanes-live_trace_full.json.gz
N40JD,2023-04-21,adsb-lol,0,none,JDT AVIATION LLC,N40JD,N40JD_2023-04-21_adsb-lol_trace_full.json.gz
N40JD,2023-04-21,airplanes-live,0,none,,N40JD,N40JD_2023-04-21_airplanes-live_trace_full.json.gz
N40JD,2023-04-22,adsb-lol,0,none,JDT AVIATION LLC,N40JD,N40JD_2023-04-22_adsb-lol_trace_full.json.gz
N40JD,2023-04-22,airplanes-live,0,none,,N40JD,N40JD_2023-04-22_airplanes-live_trace_full.json.gz
N40JD,2023-05-08,adsb-lol,0,none,JDT AVIATION LLC,N40JD,N40JD_2023-05-08_adsb-lol_trace_full.json.gz
N40JD,2023-05-08,airplanes-live,0,none,,N40JD,N40JD_2023-05-08_airplanes-live_trace_full.json.gz
N40JD,2023-06-23,airplanes-live,0,none,,N40JD,N40JD_2023-06-23_airplanes-live_trace_full.json.gz
N40JD,2023-08-24,airplanes-live,0,none,,N40JD,N40JD_2023-08-24_airplanes-live_trace_full.json.gz
N40JD,2023-08-25,adsb-lol,0,none,JDT AVIATION LLC,N40JD,N40JD_2023-08-25_adsb-lol_trace_full.json.gz
N40JD,2023-08-25,airplanes-live,0,none,,N40JD,N40JD_2023-08-25_airplanes-live_trace_full.json.gz
N40JD,2023-08-28,airplanes-live,0,none,,N40JD,N40JD_2023-08-28_airplanes-live_trace_full.json.gz
N40JD,2023-09-29,adsb-lol,0,none,JDT AVIATION LLC,N40JD,N40JD_2023-09-29_adsb-lol_trace_full.json.gz
N40JD,2023-09-29,airplanes-live,,not_in_header,,,N40JD_2023-09-29_airplanes-live_trace_full.json.gz
N40JD,2023-10-01,adsb-lol,0,none,JDT AVIATION LLC,N40JD,N40JD_2023-10-01_adsb-lol_trace_full.json.gz
N40JD,2023-10-01,adsbexchange-samples,0,none,JDT AVIATION LLC,N40JD,N40JD_2023-10-01_adsbexchange-samples_trace_full.json
N40JD,2023-10-01,airplanes-live,,not_in_header,,,N40JD_2023-10-01_airplanes-live_trace_full.json.gz
N40JD,2023-10-14,adsb-lol,0,none,JDT AVIATION LLC,N40JD,N40JD_2023-10-14_adsb-lol_trace_full.json.gz
N40JD,2023-10-14,airplanes-live,0,none,JDT AVIATION LLC,N40JD,N40JD_2023-10-14_airplanes-live_trace_full.json.gz
N40JD,2023-10-16,adsb-lol,0,none,JDT AVIATION LLC,N40JD,N40JD_2023-10-16_adsb-lol_trace_full.json.gz
N40JD,2023-10-16,airplanes-live,0,none,JDT AVIATION LLC,N40JD,N40JD_2023-10-16_airplanes-live_trace_full.json.gz
N40JD,2023-11-22,airplanes-live,0,none,JDT AVIATION LLC,N40JD,N40JD_2023-11-22_airplanes-live_trace_full.json.gz
N40JD,2023-11-26,airplanes-live,0,none,JDT AVIATION LLC,N40JD,N40JD_2023-11-26_airplanes-live_trace_full.json.gz
N40JD,2023-11-29,airplanes-live,0,none,JDT AVIATION LLC,N40JD,N40JD_2023-11-29_airplanes-live_trace_full.json.gz
N40JD,2024-01-15,airplanes-live,0,none,JDT AVIATION LLC,N40JD,N40JD_2024-01-15_airplanes-live_trace_full.json.gz
N40JD,2024-01-16,airplanes-live,0,none,JDT AVIATION LLC,N40JD,N40JD_2024-01-16_airplanes-live_trace_full.json.gz
N40JD,2024-01-19,airplanes-live,0,none,JDT AVIATION LLC,N40JD,N40JD_2024-01-19_airplanes-live_trace_full.json.gz
N40JD,2024-01-20,airplanes-live,0,none,JDT AVIATION LLC,N40JD,N40JD_2024-01-20_airplanes-live_trace_full.json.gz
N40JD,2024-03-15,adsb-lol,0,none,JDT AVIATION LLC,N40JD,N40JD_2024-03-15_adsb-lol_trace_full.json.gz
N40JD,2024-03-15,airplanes-live,0,none,JDT AVIATION LLC,N40JD,N40JD_2024-03-15_airplanes-live_trace_full.json.gz
N40JD,2024-04-12,airplanes-live,0,none,JDT AVIATION LLC,N40JD,N40JD_2024-04-12_airplanes-live_trace_full.json.gz
N40JD,2024-04-14,airplanes-live,0,none,JDT AVIATION LLC,N40JD,N40JD_2024-04-14_airplanes-live_trace_full.json.gz
N40JD,2024-04-24,adsb-lol,0,none,JDT AVIATION LLC,N40JD,N40JD_2024-04-24_adsb-lol_trace_full.json.gz
N40JD,2024-04-24,airplanes-live,0,none,JDT AVIATION LLC,N40JD,N40JD_2024-04-24_airplanes-live_trace_full.json.gz
N40JD,2024-04-29,airplanes-live,0,none,JDT AVIATION LLC,N40JD,N40JD_2024-04-29_airplanes-live_trace_full.json.gz
N40JD,2024-05-03,adsb-lol,0,none,JDT AVIATION LLC,N40JD,N40JD_2024-05-03_adsb-lol_trace_full.json.gz
N40JD,2024-05-03,airplanes-live,0,none,JDT AVIATION LLC,N40JD,N40JD_2024-05-03_airplanes-live_trace_full.json.gz
N40JD,2024-05-08,adsb-lol,0,none,JDT AVIATION LLC,N40JD,N40JD_2024-05-08_adsb-lol_trace_full.json.gz
N40JD,2024-05-08,airplanes-live,0,none,JDT AVIATION LLC,N40JD,N40JD_2024-05-08_airplanes-live_trace_full.json.gz
N40JD,2024-05-20,airplanes-live,0,none,JDT AVIATION LLC,N40JD,N40JD_2024-05-20_airplanes-live_trace_full.json.gz
N40JD,2024-05-25,airplanes-live,0,none,JDT AVIATION LLC,N40JD,N40JD_2024-05-25_airplanes-live_trace_full.json.gz
N40JD,2024-05-26,airplanes-live,0,none,JDT AVIATION LLC,N40JD,N40JD_2024-05-26_airplanes-live_trace_full.json.gz
N40JD,2024-06-01,adsbexchange-samples,0,none,JDT AVIATION LLC,N40JD,N40JD_2024-06-01_adsbexchange-samples_trace_full.json
N40JD,2024-06-01,airplanes-live,0,none,JDT AVIATION LLC,N40JD,N40JD_2024-06-01_airplanes-live_trace_full.json.gz
N40JD,2024-06-08,adsb-lol,0,none,JDT AVIATION LLC,N40JD,N40JD_2024-06-08_adsb-lol_trace_full.json.gz
N40JD,2024-06-08,airplanes-live,0,none,JDT AVIATION LLC,N40JD,N40JD_2024-06-08_airplanes-live_trace_full.json.gz
N40JD,2024-06-15,adsb-lol,0,none,JDT AVIATION LLC,N40JD,N40JD_2024-06-15_adsb-lol_trace_full.json.gz
N40JD,2024-06-15,airplanes-live,0,none,JDT AVIATION LLC,N40JD,N40JD_2024-06-15_airplanes-live_trace_full.json.gz
N40JD,2024-06-22,airplanes-live,0,none,JDT AVIATION LLC,N40JD,N40JD_2024-06-22_airplanes-live_trace_full.json.gz
N40JD,2024-06-28,airplanes-live,0,none,JDT AVIATION LLC,N40JD,N40JD_2024-06-28_airplanes-live_trace_full.json.gz
N40JD,2024-07-05,adsb-lol,0,none,JDT AVIATION LLC,N40JD,N40JD_2024-07-05_adsb-lol_trace_full.json.gz
N40JD,2024-07-05,airplanes-live,0,none,JDT AVIATION LLC,N40JD,N40JD_2024-07-05_airplanes-live_trace_full.json.gz
N40JD,2024-07-12,airplanes-live,0,none,JDT AVIATION LLC,N40JD,N40JD_2024-07-12_airplanes-live_trace_full.json.gz
N40JD,2024-07-15,airplanes-live,0,none,JDT AVIATION LLC,N40JD,N40JD_2024-07-15_airplanes-live_trace_full.json.gz
N40JD,2024-07-20,adsb-lol,0,none,JDT AVIATION LLC,N40JD,N40JD_2024-07-20_adsb-lol_trace_full.json.gz
N40JD,2024-07-20,airplanes-live,0,none,JDT AVIATION LLC,N40JD,N40JD_2024-07-20_airplanes-live_trace_full.json.gz
N40JD,2024-07-24,adsb-lol,0,none,JDT AVIATION LLC,N40JD,N40JD_2024-07-24_adsb-lol_trace_full.json.gz
N40JD,2024-07-24,airplanes-live,0,none,JDT AVIATION LLC,N40JD,N40JD_2024-07-24_airplanes-live_trace_full.json.gz
N40JD,2024-07-25,adsb-lol,0,none,JDT AVIATION LLC,N40JD,N40JD_2024-07-25_adsb-lol_trace_full.json.gz
N40JD,2024-07-25,airplanes-live,0,none,JDT AVIATION LLC,N40JD,N40JD_2024-07-25_airplanes-live_trace_full.json.gz
N40JD,2024-08-12,airplanes-live,0,none,JDT AVIATION LLC,N40JD,N40JD_2024-08-12_airplanes-live_trace_full.json.gz
N40JD,2024-10-25,adsb-lol,0,none,NUP AVIATION LLC,N40JD,N40JD_2024-10-25_adsb-lol_trace_full.json.gz
N40JD,2024-10-25,airplanes-live,0,none,NUP AVIATION LLC,N40JD,N40JD_2024-10-25_airplanes-live_trace_full.json.gz
N40JD,2024-12-10,airplanes-live,0,none,NUP AVIATION LLC,N40JD,N40JD_2024-12-10_airplanes-live_trace_full.json.gz
N40JD,2025-01-01,adsbexchange-samples,0,none,NUP AVIATION LLC,N40JD,N40JD_2025-01-01_adsbexchange-samples_trace_full.json
N40JD,2025-01-01,airplanes-live,0,none,NUP AVIATION LLC,N40JD,N40JD_2025-01-01_airplanes-live_trace_full.json.gz
N40JD,2025-01-27,airplanes-live,0,none,NUP AVIATION LLC,N40JD,N40JD_2025-01-27_airplanes-live_trace_full.json.gz
N40JD,2025-02-15,airplanes-live,0,none,NUP AVIATION LLC,N40JD,N40JD_2025-02-15_airplanes-live_trace_full.json.gz
N40JD,2025-02-16,adsb-lol,0,none,NUP AVIATION LLC,N40JD,N40JD_2025-02-16_adsb-lol_trace_full.json.gz
N40JD,2025-02-16,airplanes-live,0,none,NUP AVIATION LLC,N40JD,N40JD_2025-02-16_airplanes-live_trace_full.json.gz
N40JD,2025-02-22,adsb-lol,0,none,NUP AVIATION LLC,N40JD,N40JD_2025-02-22_adsb-lol_trace_full.json.gz
N40JD,2025-02-22,airplanes-live,0,none,NUP AVIATION LLC,N40JD,N40JD_2025-02-22_airplanes-live_trace_full.json.gz
N40JD,2025-02-23,airplanes-live,0,none,NUP AVIATION LLC,N40JD,N40JD_2025-02-23_airplanes-live_trace_full.json.gz
N40JD,2025-03-02,adsb-lol,0,none,NUP AVIATION LLC,N40JD,N40JD_2025-03-02_adsb-lol_trace_full.json.gz
N40JD,2025-03-02,airplanes-live,0,none,NUP AVIATION LLC,N40JD,N40JD_2025-03-02_airplanes-live_trace_full.json.gz
N40JD,2025-03-03,adsb-lol,0,none,NUP AVIATION LLC,N40JD,N40JD_2025-03-03_adsb-lol_trace_full.json.gz
N40JD,2025-03-03,airplanes-live,0,none,NUP AVIATION LLC,N40JD,N40JD_2025-03-03_airplanes-live_trace_full.json.gz
N40JD,2025-03-08,airplanes-live,0,none,NUP AVIATION LLC,N40JD,N40JD_2025-03-08_airplanes-live_trace_full.json.gz
N40JD,2025-03-17,adsb-lol,0,none,NUP AVIATION LLC,N40JD,N40JD_2025-03-17_adsb-lol_trace_full.json.gz
N40JD,2025-03-17,airplanes-live,0,none,NUP AVIATION LLC,N40JD,N40JD_2025-03-17_airplanes-live_trace_full.json.gz
N40JD,2025-03-18,adsb-lol,0,none,NUP AVIATION LLC,N40JD,N40JD_2025-03-18_adsb-lol_trace_full.json.gz
N40JD,2025-03-18,airplanes-live,0,none,NUP AVIATION LLC,N40JD,N40JD_2025-03-18_airplanes-live_trace_full.json.gz
N40JD,2025-03-19,adsb-lol,0,none,NUP AVIATION LLC,N40JD,N40JD_2025-03-19_adsb-lol_trace_full.json.gz
N40JD,2025-03-19,airplanes-live,0,none,NUP AVIATION LLC,N40JD,N40JD_2025-03-19_airplanes-live_trace_full.json.gz
N40JD,2025-03-26,airplanes-live,0,none,NUP AVIATION LLC,N40JD,N40JD_2025-03-26_airplanes-live_trace_full.json.gz
N40JD,2025-03-27,airplanes-live,0,none,NUP AVIATION LLC,N40JD,N40JD_2025-03-27_airplanes-live_trace_full.json.gz
N40JD,2025-03-28,airplanes-live,0,none,NUP AVIATION LLC,N40JD,N40JD_2025-03-28_airplanes-live_trace_full.json.gz
N40JD,2025-03-29,airplanes-live,0,none,NUP AVIATION LLC,N40JD,N40JD_2025-03-29_airplanes-live_trace_full.json.gz
N40JD,2025-04-01,adsb-lol,0,none,NUP AVIATION LLC,N40JD,N40JD_2025-04-01_adsb-lol_trace_full.json.gz
N40JD,2025-04-01,adsbexchange-samples,0,none,NUP AVIATION LLC,N40JD,N40JD_2025-04-01_adsbexchange-samples_trace_full.json
N40JD,2025-04-03,airplanes-live,0,none,NUP AVIATION LLC,N40JD,N40JD_2025-04-03_airplanes-live_trace_full.json.gz
N40JD,2025-04-04,airplanes-live,0,none,NUP AVIATION LLC,N40JD,N40JD_2025-04-04_airplanes-live_trace_full.json.gz
N40JD,2025-04-06,adsb-lol,0,none,NUP AVIATION LLC,N40JD,N40JD_2025-04-06_adsb-lol_trace_full.json.gz
N40JD,2025-04-06,airplanes-live,0,none,NUP AVIATION LLC,N40JD,N40JD_2025-04-06_airplanes-live_trace_full.json.gz
N40JD,2025-04-07,adsb-lol,0,none,NUP AVIATION LLC,N40JD,N40JD_2025-04-07_adsb-lol_trace_full.json.gz
N40JD,2025-04-07,airplanes-live,0,none,NUP AVIATION LLC,N40JD,N40JD_2025-04-07_airplanes-live_trace_full.json.gz
N40JD,2025-04-08,adsb-lol,0,none,NUP AVIATION LLC,N40JD,N40JD_2025-04-08_adsb-lol_trace_full.json.gz
N40JD,2025-04-08,airplanes-live,0,none,NUP AVIATION LLC,N40JD,N40JD_2025-04-08_airplanes-live_trace_full.json.gz
N40JD,2025-04-09,adsb-lol,0,none,NUP AVIATION LLC,N40JD,N40JD_2025-04-09_adsb-lol_trace_full.json.gz
N40JD,2025-04-09,airplanes-live,0,none,NUP AVIATION LLC,N40JD,N40JD_2025-04-09_airplanes-live_trace_full.json.gz
N40JD,2025-04-10,adsb-lol,0,none,NUP AVIATION LLC,N40JD,N40JD_2025-04-10_adsb-lol_trace_full.json.gz
N40JD,2025-04-10,airplanes-live,0,none,NUP AVIATION LLC,N40JD,N40JD_2025-04-10_airplanes-live_trace_full.json.gz
N40JD,2025-04-11,adsb-lol,0,none,NUP AVIATION LLC,N40JD,N40JD_2025-04-11_adsb-lol_trace_full.json.gz
N40JD,2025-04-11,airplanes-live,0,none,NUP AVIATION LLC,N40JD,N40JD_2025-04-11_airplanes-live_trace_full.json.gz
N40JD,2025-04-12,adsb-lol,0,none,NUP AVIATION LLC,N40JD,N40JD_2025-04-12_adsb-lol_trace_full.json.gz
N40JD,2025-04-12,airplanes-live,0,none,NUP AVIATION LLC,N40JD,N40JD_2025-04-12_airplanes-live_trace_full.json.gz
N40JD,2025-04-13,adsb-lol,0,none,NUP AVIATION LLC,N40JD,N40JD_2025-04-13_adsb-lol_trace_full.json.gz
N40JD,2025-04-13,airplanes-live,0,none,NUP AVIATION LLC,N40JD,N40JD_2025-04-13_airplanes-live_trace_full.json.gz
N40JD,2025-04-14,airplanes-live,0,none,NUP AVIATION LLC,N40JD,N40JD_2025-04-14_airplanes-live_trace_full.json.gz
N40JD,2025-04-17,airplanes-live,0,none,NUP AVIATION LLC,N40JD,N40JD_2025-04-17_airplanes-live_trace_full.json.gz
N40JD,2025-04-18,airplanes-live,0,none,NUP AVIATION LLC,N40JD,N40JD_2025-04-18_airplanes-live_trace_full.json.gz
N40JD,2025-04-19,adsb-lol,0,none,NUP AVIATION LLC,N40JD,N40JD_2025-04-19_adsb-lol_trace_full.json.gz
N40JD,2025-04-19,airplanes-live,0,none,NUP AVIATION LLC,N40JD,N40JD_2025-04-19_airplanes-live_trace_full.json.gz
N40JD,2025-04-23,adsb-lol,0,none,NUP AVIATION LLC,N40JD,N40JD_2025-04-23_adsb-lol_trace_full.json.gz
N40JD,2025-04-23,airplanes-live,0,none,NUP AVIATION LLC,N40JD,N40JD_2025-04-23_airplanes-live_trace_full.json.gz
N40JD,2025-04-24,adsb-lol,0,none,NUP AVIATION LLC,N40JD,N40JD_2025-04-24_adsb-lol_trace_full.json.gz
N40JD,2025-04-24,airplanes-live,0,none,NUP AVIATION LLC,N40JD,N40JD_2025-04-24_airplanes-live_trace_full.json.gz
N40JD,2025-04-26,adsb-lol,0,none,NUP AVIATION LLC,N40JD,N40JD_2025-04-26_adsb-lol_trace_full.json.gz
N40JD,2025-04-26,airplanes-live,0,none,NUP AVIATION LLC,N40JD,N40JD_2025-04-26_airplanes-live_trace_full.json.gz
N40JD,2025-04-27,adsb-lol,0,none,NUP AVIATION LLC,N40JD,N40JD_2025-04-27_adsb-lol_trace_full.json.gz
N40JD,2025-04-27,airplanes-live,0,none,NUP AVIATION LLC,N40JD,N40JD_2025-04-27_airplanes-live_trace_full.json.gz
N40JD,2025-04-28,adsb-lol,0,none,NUP AVIATION LLC,N40JD,N40JD_2025-04-28_adsb-lol_trace_full.json.gz
N40JD,2025-04-28,airplanes-live,0,none,NUP AVIATION LLC,N40JD,N40JD_2025-04-28_airplanes-live_trace_full.json.gz
N40JD,2025-04-29,adsb-lol,0,none,NUP AVIATION LLC,N40JD,N40JD_2025-04-29_adsb-lol_trace_full.json.gz
N40JD,2025-04-29,airplanes-live,0,none,NUP AVIATION LLC,N40JD,N40JD_2025-04-29_airplanes-live_trace_full.json.gz
N40JD,2025-04-30,adsb-lol,0,none,NUP AVIATION LLC,N40JD,N40JD_2025-04-30_adsb-lol_trace_full.json.gz
N40JD,2025-04-30,airplanes-live,0,none,NUP AVIATION LLC,N40JD,N40JD_2025-04-30_airplanes-live_trace_full.json.gz
N40JD,2025-05-01,adsb-lol,0,none,NUP AVIATION LLC,N40JD,N40JD_2025-05-01_adsb-lol_trace_full.json.gz
N40JD,2025-05-01,adsbexchange-samples,0,none,NUP AVIATION LLC,N40JD,N40JD_2025-05-01_adsbexchange-samples_trace_full.json
N40JD,2025-05-01,airplanes-live,0,none,NUP AVIATION LLC,N40JD,N40JD_2025-05-01_airplanes-live_trace_full.json.gz
N40JD,2025-05-02,adsb-lol,0,none,NUP AVIATION LLC,N40JD,N40JD_2025-05-02_adsb-lol_trace_full.json.gz
N40JD,2025-05-02,airplanes-live,0,none,NUP AVIATION LLC,N40JD,N40JD_2025-05-02_airplanes-live_trace_full.json.gz
N40JD,2025-05-03,adsb-lol,0,none,NUP AVIATION LLC,N40JD,N40JD_2025-05-03_adsb-lol_trace_full.json.gz
N40JD,2025-05-03,airplanes-live,0,none,NUP AVIATION LLC,N40JD,N40JD_2025-05-03_airplanes-live_trace_full.json.gz
N40JD,2025-05-04,adsb-lol,0,none,NUP AVIATION LLC,N40JD,N40JD_2025-05-04_adsb-lol_trace_full.json.gz
N40JD,2025-05-04,airplanes-live,0,none,NUP AVIATION LLC,N40JD,N40JD_2025-05-04_airplanes-live_trace_full.json.gz
N40JD,2025-05-05,adsb-lol,0,none,NUP AVIATION LLC,N40JD,N40JD_2025-05-05_adsb-lol_trace_full.json.gz
N40JD,2025-05-05,airplanes-live,0,none,NUP AVIATION LLC,N40JD,N40JD_2025-05-05_airplanes-live_trace_full.json.gz
N40JD,2025-05-09,airplanes-live,0,none,NUP AVIATION LLC,N40JD,N40JD_2025-05-09_airplanes-live_trace_full.json.gz
N40JD,2025-05-13,airplanes-live,0,none,NUP AVIATION LLC,N40JD,N40JD_2025-05-13_airplanes-live_trace_full.json.gz
N40JD,2025-05-16,airplanes-live,0,none,NUP AVIATION LLC,N40JD,N40JD_2025-05-16_airplanes-live_trace_full.json.gz
N40JD,2025-05-17,airplanes-live,0,none,NUP AVIATION LLC,N40JD,N40JD_2025-05-17_airplanes-live_trace_full.json.gz
N40JD,2025-05-22,airplanes-live,0,none,NUP AVIATION LLC,N40JD,N40JD_2025-05-22_airplanes-live_trace_full.json.gz
N40JD,2025-05-25,adsb-lol,0,none,NUP AVIATION LLC,N40JD,N40JD_2025-05-25_adsb-lol_trace_full.json.gz
N40JD,2025-05-28,airplanes-live,0,none,NUP AVIATION LLC,N40JD,N40JD_2025-05-28_airplanes-live_trace_full.json.gz
N40JD,2025-06-12,adsb-lol,0,none,NUP AVIATION LLC,N40JD,N40JD_2025-06-12_adsb-lol_trace_full.json.gz
N40JD,2025-06-12,airplanes-live,0,none,NUP AVIATION LLC,N40JD,N40JD_2025-06-12_airplanes-live_trace_full.json.gz
N40JD,2025-06-13,adsb-lol,0,none,NUP AVIATION LLC,N40JD,N40JD_2025-06-13_adsb-lol_trace_full.json.gz
N40JD,2025-06-13,airplanes-live,0,none,NUP AVIATION LLC,N40JD,N40JD_2025-06-13_airplanes-live_trace_full.json.gz
N40JD,2025-06-14,adsb-lol,0,none,NUP AVIATION LLC,N40JD,N40JD_2025-06-14_adsb-lol_trace_full.json.gz
N40JD,2025-06-14,airplanes-live,0,none,NUP AVIATION LLC,N40JD,N40JD_2025-06-14_airplanes-live_trace_full.json.gz
N40JD,2025-06-16,adsb-lol,0,none,NUP AVIATION LLC,N40JD,N40JD_2025-06-16_adsb-lol_trace_full.json.gz
N40JD,2025-06-16,airplanes-live,0,none,NUP AVIATION LLC,N40JD,N40JD_2025-06-16_airplanes-live_trace_full.json.gz
N40JD,2025-06-18,adsb-lol,0,none,NUP AVIATION LLC,N40JD,N40JD_2025-06-18_adsb-lol_trace_full.json.gz
N40JD,2025-06-18,airplanes-live,0,none,NUP AVIATION LLC,N40JD,N40JD_2025-06-18_airplanes-live_trace_full.json.gz
N40JD,2025-06-19,airplanes-live,0,none,NUP AVIATION LLC,N40JD,N40JD_2025-06-19_airplanes-live_trace_full.json.gz
N40JD,2025-06-29,airplanes-live,0,none,NUP AVIATION LLC,N40JD,N40JD_2025-06-29_airplanes-live_trace_full.json.gz
N40JD,2025-06-30,airplanes-live,0,none,NUP AVIATION LLC,N40JD,N40JD_2025-06-30_airplanes-live_trace_full.json.gz
N40JD,2025-07-02,airplanes-live,0,none,NUP AVIATION LLC,N40JD,N40JD_2025-07-02_airplanes-live_trace_full.json.gz
N40JD,2025-07-03,airplanes-live,0,none,NUP AVIATION LLC,N40JD,N40JD_2025-07-03_airplanes-live_trace_full.json.gz
N40JD,2025-07-08,adsb-lol,0,none,NUP AVIATION LLC,N40JD,N40JD_2025-07-08_adsb-lol_trace_full.json.gz
N40JD,2025-07-08,airplanes-live,0,none,NUP AVIATION LLC,N40JD,N40JD_2025-07-08_airplanes-live_trace_full.json.gz
N40JD,2025-07-09,adsb-lol,0,none,NUP AVIATION LLC,N40JD,N40JD_2025-07-09_adsb-lol_trace_full.json.gz
N40JD,2025-07-09,airplanes-live,0,none,NUP AVIATION LLC,N40JD,N40JD_2025-07-09_airplanes-live_trace_full.json.gz
N40JD,2025-07-10,adsb-lol,0,none,NUP AVIATION LLC,N40JD,N40JD_2025-07-10_adsb-lol_trace_full.json.gz
N40JD,2025-07-10,airplanes-live,0,none,NUP AVIATION LLC,N40JD,N40JD_2025-07-10_airplanes-live_trace_full.json.gz
N40JD,2025-07-12,adsb-lol,0,none,NUP AVIATION LLC,N40JD,N40JD_2025-07-12_adsb-lol_trace_full.json.gz
N40JD,2025-07-12,airplanes-live,0,none,NUP AVIATION LLC,N40JD,N40JD_2025-07-12_airplanes-live_trace_full.json.gz
N40JD,2025-07-13,adsb-lol,0,none,NUP AVIATION LLC,N40JD,N40JD_2025-07-13_adsb-lol_trace_full.json.gz
N40JD,2025-07-13,airplanes-live,0,none,NUP AVIATION LLC,N40JD,N40JD_2025-07-13_airplanes-live_trace_full.json.gz
N40JD,2025-07-16,airplanes-live,0,none,NUP AVIATION LLC,N40JD,N40JD_2025-07-16_airplanes-live_trace_full.json.gz
N40JD,2025-07-17,airplanes-live,0,none,NUP AVIATION LLC,N40JD,N40JD_2025-07-17_airplanes-live_trace_full.json.gz
N40JD,2025-07-18,airplanes-live,0,none,NUP AVIATION LLC,N40JD,N40JD_2025-07-18_airplanes-live_trace_full.json.gz
N40JD,2025-07-19,airplanes-live,0,none,NUP AVIATION LLC,N40JD,N40JD_2025-07-19_airplanes-live_trace_full.json.gz
N40JD,2025-07-23,airplanes-live,0,none,NUP AVIATION LLC,N40JD,N40JD_2025-07-23_airplanes-live_trace_full.json.gz
N40JD,2025-07-25,airplanes-live,0,none,NUP AVIATION LLC,N40JD,N40JD_2025-07-25_airplanes-live_trace_full.json.gz
N40JD,2025-07-27,airplanes-live,0,none,NUP AVIATION LLC,N40JD,N40JD_2025-07-27_airplanes-live_trace_full.json.gz
N40JD,2025-07-28,airplanes-live,0,none,NUP AVIATION LLC,N40JD,N40JD_2025-07-28_airplanes-live_trace_full.json.gz
N40JD,2025-08-01,adsbexchange-samples,0,none,NUP AVIATION LLC,N40JD,N40JD_2025-08-01_adsbexchange-samples_trace_full.json
N40JD,2025-08-01,airplanes-live,0,none,NUP AVIATION LLC,N40JD,N40JD_2025-08-01_airplanes-live_trace_full.json.gz
N40JD,2025-08-05,adsb-lol,0,none,NUP AVIATION LLC,N40JD,N40JD_2025-08-05_adsb-lol_trace_full.json.gz
N40JD,2025-08-05,airplanes-live,0,none,NUP AVIATION LLC,N40JD,N40JD_2025-08-05_airplanes-live_trace_full.json.gz
N40JD,2025-08-06,adsb-lol,0,none,NUP AVIATION LLC,N40JD,N40JD_2025-08-06_adsb-lol_trace_full.json.gz
N40JD,2025-08-06,airplanes-live,0,none,NUP AVIATION LLC,N40JD,N40JD_2025-08-06_airplanes-live_trace_full.json.gz
N40JD,2025-08-07,adsb-lol,0,none,NUP AVIATION LLC,N40JD,N40JD_2025-08-07_adsb-lol_trace_full.json.gz
N40JD,2025-08-07,airplanes-live,0,none,NUP AVIATION LLC,N40JD,N40JD_2025-08-07_airplanes-live_trace_full.json.gz
N40JD,2025-08-10,adsb-lol,0,none,NUP AVIATION LLC,N40JD,N40JD_2025-08-10_adsb-lol_trace_full.json.gz
N40JD,2025-08-10,airplanes-live,0,none,NUP AVIATION LLC,N40JD,N40JD_2025-08-10_airplanes-live_trace_full.json.gz
N40JD,2025-08-11,airplanes-live,0,none,NUP AVIATION LLC,N40JD,N40JD_2025-08-11_airplanes-live_trace_full.json.gz
N40JD,2025-08-12,airplanes-live,0,none,NUP AVIATION LLC,N40JD,N40JD_2025-08-12_airplanes-live_trace_full.json.gz
N40JD,2025-08-15,airplanes-live,0,none,NUP AVIATION LLC,N40JD,N40JD_2025-08-15_airplanes-live_trace_full.json.gz
N40JD,2025-08-16,airplanes-live,0,none,NUP AVIATION LLC,N40JD,N40JD_2025-08-16_airplanes-live_trace_full.json.gz
N40JD,2025-08-17,adsb-lol,0,none,NUP AVIATION LLC,N40JD,N40JD_2025-08-17_adsb-lol_trace_full.json.gz
N40JD,2025-08-17,airplanes-live,0,none,NUP AVIATION LLC,N40JD,N40JD_2025-08-17_airplanes-live_trace_full.json.gz
N40JD,2025-08-19,adsb-lol,0,none,NUP AVIATION LLC,N40JD,N40JD_2025-08-19_adsb-lol_trace_full.json.gz
N40JD,2025-08-19,airplanes-live,0,none,NUP AVIATION LLC,N40JD,N40JD_2025-08-19_airplanes-live_trace_full.json.gz
N40JD,2025-08-22,adsb-lol,0,none,NUP AVIATION LLC,N40JD,N40JD_2025-08-22_adsb-lol_trace_full.json.gz
N40JD,2025-08-22,airplanes-live,0,none,NUP AVIATION LLC,N40JD,N40JD_2025-08-22_airplanes-live_trace_full.json.gz
N40JD,2025-08-25,airplanes-live,0,none,NUP AVIATION LLC,N40JD,N40JD_2025-08-25_airplanes-live_trace_full.json.gz
N40JD,2025-08-28,airplanes-live,0,none,NUP AVIATION LLC,N40JD,N40JD_2025-08-28_airplanes-live_trace_full.json.gz
N40JD,2025-09-02,adsb-lol,0,none,NUP AVIATION LLC,N40JD,N40JD_2025-09-02_adsb-lol_trace_full.json
N40JD,2025-09-02,airplanes-live,0,none,NUP AVIATION LLC,N40JD,N40JD_2025-09-02_airplanes-live_trace_full.json
N40JD,2025-09-04,adsb-lol,0,none,NUP AVIATION LLC,N40JD,N40JD_2025-09-04_adsb-lol_trace_full.json
N40JD,2025-09-04,airplanes-live,0,none,NUP AVIATION LLC,N40JD,N40JD_2025-09-04_airplanes-live_trace_full.json
N40JD,2025-09-05,adsb-lol,0,none,NUP AVIATION LLC,N40JD,N40JD_2025-09-05_adsb-lol_trace_full.json
N40JD,2025-09-05,airplanes-live,0,none,NUP AVIATION LLC,N40JD,N40JD_2025-09-05_airplanes-live_trace_full.json
N40JD,2025-09-06,adsb-lol,0,none,NUP AVIATION LLC,N40JD,N40JD_2025-09-06_adsb-lol_trace_full.json
N40JD,2025-09-06,airplanes-live,0,none,NUP AVIATION LLC,N40JD,N40JD_2025-09-06_airplanes-live_trace_full.json
N40JD,2025-09-09,adsb-lol,0,none,NUP AVIATION LLC,N40JD,N40JD_2025-09-09_adsb-lol_trace_full.json
N40JD,2025-09-09,airplanes-live,0,none,NUP AVIATION LLC,N40JD,N40JD_2025-09-09_airplanes-live_trace_full.json
N40JD,2025-09-10,adsb-lol,0,none,NUP AVIATION LLC,N40JD,N40JD_2025-09-10_adsb-lol_trace_full.json
N40JD,2025-09-10,airplanes-live,0,none,NUP AVIATION LLC,N40JD,N40JD_2025-09-10_airplanes-live_trace_full.json
N40JD,2025-09-11,adsb-lol,0,none,NUP AVIATION LLC,N40JD,N40JD_2025-09-11_adsb-lol_trace_full.json
N40JD,2025-09-11,airplanes-live,0,none,NUP AVIATION LLC,N40JD,N40JD_2025-09-11_airplanes-live_trace_full.json
N40JD,2025-09-14,adsb-lol,0,none,NUP AVIATION LLC,N40JD,N40JD_2025-09-14_adsb-lol_trace_full.json
N40JD,2025-09-14,airplanes-live,0,none,NUP AVIATION LLC,N40JD,N40JD_2025-09-14_airplanes-live_trace_full.json
N40JD,2025-09-15,adsb-lol,0,none,NUP AVIATION LLC,N40JD,N40JD_2025-09-15_adsb-lol_trace_full.json
N40JD,2025-09-15,airplanes-live,0,none,NUP AVIATION LLC,N40JD,N40JD_2025-09-15_airplanes-live_trace_full.json
N40JD,2025-09-16,adsb-lol,0,none,NUP AVIATION LLC,N40JD,N40JD_2025-09-16_adsb-lol_trace_full.json
N40JD,2025-09-16,airplanes-live,0,none,NUP AVIATION LLC,N40JD,N40JD_2025-09-16_airplanes-live_trace_full.json
N40JD,2025-09-20,adsb-lol,0,none,NUP AVIATION LLC,N40JD,N40JD_2025-09-20_adsb-lol_trace_full.json.gz
N40JD,2025-09-20,airplanes-live,0,none,NUP AVIATION LLC,N40JD,N40JD_2025-09-20_airplanes-live_trace_full.json.gz
N40JD,2025-09-21,adsb-lol,0,none,NUP AVIATION LLC,N40JD,N40JD_2025-09-21_adsb-lol_trace_full.json.gz
N40JD,2025-09-21,airplanes-live,0,none,NUP AVIATION LLC,N40JD,N40JD_2025-09-21_airplanes-live_trace_full.json.gz
N40JD,2025-09-22,adsb-lol,0,none,NUP AVIATION LLC,N40JD,N40JD_2025-09-22_adsb-lol_trace_full.json.gz
N40JD,2025-09-22,airplanes-live,0,none,NUP AVIATION LLC,N40JD,N40JD_2025-09-22_airplanes-live_trace_full.json.gz
N40JD,2025-09-26,adsb-lol,0,none,NUP AVIATION LLC,N40JD,N40JD_2025-09-26_adsb-lol_trace_full.json.gz
N40JD,2025-09-26,airplanes-live,0,none,NUP AVIATION LLC,N40JD,N40JD_2025-09-26_airplanes-live_trace_full.json.gz
N40JD,2025-09-28,adsb-lol,0,none,NUP AVIATION LLC,N40JD,N40JD_2025-09-28_adsb-lol_trace_full.json.gz
N40JD,2025-09-28,airplanes-live,0,none,NUP AVIATION LLC,N40JD,N40JD_2025-09-28_airplanes-live_trace_full.json.gz
N40JD,2025-10-15,airplanes-live,0,none,NUP AVIATION LLC,N40JD,N40JD_2025-10-15_airplanes-live_trace_full.json
N40JD,2025-10-16,airplanes-live,0,none,NUP AVIATION LLC,N40JD,N40JD_2025-10-16_airplanes-live_trace_full.json
N40JD,2025-10-17,airplanes-live,0,none,NUP AVIATION LLC,N40JD,N40JD_2025-10-17_airplanes-live_trace_full.json.gz
N40JD,2025-10-18,airplanes-live,0,none,NUP AVIATION LLC,N40JD,N40JD_2025-10-18_airplanes-live_trace_full.json.gz
N40JD,2025-10-19,airplanes-live,0,none,NUP AVIATION LLC,N40JD,N40JD_2025-10-19_airplanes-live_trace_full.json.gz
N40JD,2025-10-20,airplanes-live,0,none,NUP AVIATION LLC,N40JD,N40JD_2025-10-20_airplanes-live_trace_full.json.gz
N40JD,2025-10-23,airplanes-live,0,none,NUP AVIATION LLC,N40JD,N40JD_2025-10-23_airplanes-live_trace_full.json.gz
N40JD,2025-10-25,airplanes-live,0,none,NUP AVIATION LLC,N40JD,N40JD_2025-10-25_airplanes-live_trace_full.json.gz
N40JD,2025-10-26,airplanes-live,0,none,NUP AVIATION LLC,N40JD,N40JD_2025-10-26_airplanes-live_trace_full.json.gz
N40JD,2025-10-27,airplanes-live,0,none,NUP AVIATION LLC,N40JD,N40JD_2025-10-27_airplanes-live_trace_full.json.gz
N40JD,2025-10-29,airplanes-live,0,none,NUP AVIATION LLC,N40JD,N40JD_2025-10-29_airplanes-live_trace_full.json.gz
N40JD,2025-11-05,airplanes-live,0,none,NUP AVIATION LLC,N40JD,N40JD_2025-11-05_airplanes-live_trace_full.json.gz
N40JD,2025-11-07,airplanes-live,0,none,NUP AVIATION LLC,N40JD,N40JD_2025-11-07_airplanes-live_trace_full.json.gz
N40JD,2025-11-12,airplanes-live,0,none,NUP AVIATION LLC,N40JD,N40JD_2025-11-12_airplanes-live_trace_full.json.gz
N40JD,2025-11-21,airplanes-live,0,none,NUP AVIATION LLC,N40JD,N40JD_2025-11-21_airplanes-live_trace_full.json.gz
N40JD,2025-11-22,airplanes-live,0,none,NUP AVIATION LLC,N40JD,N40JD_2025-11-22_airplanes-live_trace_full.json.gz
N40JD,2025-11-23,airplanes-live,0,none,NUP AVIATION LLC,N40JD,N40JD_2025-11-23_airplanes-live_trace_full.json.gz
N40JD,2025-11-24,airplanes-live,0,none,NUP AVIATION LLC,N40JD,N40JD_2025-11-24_airplanes-live_trace_full.json.gz
N40JD,2025-11-25,airplanes-live,0,none,NUP AVIATION LLC,N40JD,N40JD_2025-11-25_airplanes-live_trace_full.json.gz
N40JD,2025-11-26,airplanes-live,0,none,NUP AVIATION LLC,N40JD,N40JD_2025-11-26_airplanes-live_trace_full.json.gz
N40JD,2025-11-27,airplanes-live,0,none,NUP AVIATION LLC,N40JD,N40JD_2025-11-27_airplanes-live_trace_full.json.gz
N40JD,2025-11-29,airplanes-live,0,none,NUP AVIATION LLC,N40JD,N40JD_2025-11-29_airplanes-live_trace_full.json.gz
N40JD,2025-11-30,airplanes-live,0,none,NUP AVIATION LLC,N40JD,N40JD_2025-11-30_airplanes-live_trace_full.json.gz
N40JD,2025-12-01,adsbexchange-samples,0,none,NUP AVIATION LLC,N40JD,N40JD_2025-12-01_adsbexchange-samples_trace_full.json
N40JD,2025-12-01,airplanes-live,0,none,NUP AVIATION LLC,N40JD,N40JD_2025-12-01_airplanes-live_trace_full.json.gz
N40JD,2025-12-03,airplanes-live,0,none,NUP AVIATION LLC,N40JD,N40JD_2025-12-03_airplanes-live_trace_full.json.gz
N40JD,2025-12-04,airplanes-live,0,none,NUP AVIATION LLC,N40JD,N40JD_2025-12-04_airplanes-live_trace_full.json.gz
N40JD,2025-12-05,airplanes-live,0,none,NUP AVIATION LLC,N40JD,N40JD_2025-12-05_airplanes-live_trace_full.json.gz
N40JD,2025-12-07,airplanes-live,0,none,NUP AVIATION LLC,N40JD,N40JD_2025-12-07_airplanes-live_trace_full.json.gz
N40JD,2025-12-08,airplanes-live,0,none,NUP AVIATION LLC,N40JD,N40JD_2025-12-08_airplanes-live_trace_full.json.gz
N40JD,2025-12-10,airplanes-live,0,none,NUP AVIATION LLC,N40JD,N40JD_2025-12-10_airplanes-live_trace_full.json.gz
N40JD,2025-12-11,airplanes-live,0,none,NUP AVIATION LLC,N40JD,N40JD_2025-12-11_airplanes-live_trace_full.json.gz
N40JD,2025-12-12,airplanes-live,0,none,NUP AVIATION LLC,N40JD,N40JD_2025-12-12_airplanes-live_trace_full.json.gz
N40JD,2025-12-14,airplanes-live,0,none,NUP AVIATION LLC,N40JD,N40JD_2025-12-14_airplanes-live_trace_full.json.gz
N40JD,2025-12-16,airplanes-live,0,none,NUP AVIATION LLC,N40JD,N40JD_2025-12-16_airplanes-live_trace_full.json.gz
N40JD,2025-12-17,airplanes-live,0,none,NUP AVIATION LLC,N40JD,N40JD_2025-12-17_airplanes-live_trace_full.json.gz
N40JD,2025-12-19,airplanes-live,0,none,NUP AVIATION LLC,N40JD,N40JD_2025-12-19_airplanes-live_trace_full.json.gz
N40JD,2025-12-21,airplanes-live,0,none,NUP AVIATION LLC,N40JD,N40JD_2025-12-21_airplanes-live_trace_full.json.gz
N40JD,2025-12-28,airplanes-live,0,none,NUP AVIATION LLC,N40JD,N40JD_2025-12-28_airplanes-live_trace_full.json.gz
N40JD,2026-01-03,airplanes-live,0,none,NUP AVIATION LLC,N40JD,N40JD_2026-01-03_airplanes-live_trace_full.json.gz
N40JD,2026-01-04,airplanes-live,0,none,NUP AVIATION LLC,N40JD,N40JD_2026-01-04_airplanes-live_trace_full.json.gz
N40JD,2026-01-05,airplanes-live,0,none,NUP AVIATION LLC,N40JD,N40JD_2026-01-05_airplanes-live_trace_full.json.gz
N40JD,2026-01-06,airplanes-live,0,none,NUP AVIATION LLC,N40JD,N40JD_2026-01-06_airplanes-live_trace_full.json.gz
N40JD,2026-01-11,airplanes-live,0,none,NUP AVIATION LLC,N40JD,N40JD_2026-01-11_airplanes-live_trace_full.json.gz
N40JD,2026-01-12,airplanes-live,0,none,NUP AVIATION LLC,N40JD,N40JD_2026-01-12_airplanes-live_trace_full.json.gz
N40JD,2026-01-13,airplanes-live,0,none,NUP AVIATION LLC,N40JD,N40JD_2026-01-13_airplanes-live_trace_full.json.gz
N40JD,2026-01-14,airplanes-live,0,none,NUP AVIATION LLC,N40JD,N40JD_2026-01-14_airplanes-live_trace_full.json.gz
N40JD,2026-01-15,airplanes-live,0,none,NUP AVIATION LLC,N40JD,N40JD_2026-01-15_airplanes-live_trace_full.json.gz
N40JD,2026-01-16,airplanes-live,0,none,NUP AVIATION LLC,N40JD,N40JD_2026-01-16_airplanes-live_trace_full.json.gz
N40JD,2026-01-17,airplanes-live,0,none,NUP AVIATION LLC,N40JD,N40JD_2026-01-17_airplanes-live_trace_full.json.gz
N40JD,2026-01-18,airplanes-live,0,none,NUP AVIATION LLC,N40JD,N40JD_2026-01-18_airplanes-live_trace_full.json.gz
N40JD,2026-01-19,airplanes-live,0,none,NUP AVIATION LLC,N40JD,N40JD_2026-01-19_airplanes-live_trace_full.json.gz
N40JD,2026-01-21,airplanes-live,0,none,NUP AVIATION LLC,N40JD,N40JD_2026-01-21_airplanes-live_trace_full.json.gz
N40JD,2026-01-25,airplanes-live,0,none,NUP AVIATION LLC,N40JD,N40JD_2026-01-25_airplanes-live_trace_full.json.gz
N40JD,2026-01-27,airplanes-live,0,none,NUP AVIATION LLC,N40JD,N40JD_2026-01-27_airplanes-live_trace_full.json.gz
N40JD,2026-02-01,adsbexchange-samples,0,none,NUP AVIATION LLC,N40JD,N40JD_2026-02-01_adsbexchange-samples_trace_full.json
N40JD,2026-02-01,airplanes-live,0,none,NUP AVIATION LLC,N40JD,N40JD_2026-02-01_airplanes-live_trace_full.json.gz
N40JD,2026-02-02,airplanes-live,0,none,NUP AVIATION LLC,N40JD,N40JD_2026-02-02_airplanes-live_trace_full.json.gz
N40JD,2026-02-05,airplanes-live,0,none,NUP AVIATION LLC,N40JD,N40JD_2026-02-05_airplanes-live_trace_full.json.gz
N40JD,2026-02-06,airplanes-live,0,none,NUP AVIATION LLC,N40JD,N40JD_2026-02-06_airplanes-live_trace_full.json.gz
N40JD,2026-02-08,airplanes-live,0,none,NUP AVIATION LLC,N40JD,N40JD_2026-02-08_airplanes-live_trace_full.json.gz
N40JD,2026-02-10,airplanes-live,0,none,NUP AVIATION LLC,N40JD,N40JD_2026-02-10_airplanes-live_trace_full.json.gz
N40JD,2026-02-11,airplanes-live,0,none,NUP AVIATION LLC,N40JD,N40JD_2026-02-11_airplanes-live_trace_full.json.gz
N40JD,2026-02-16,airplanes-live,0,none,NUP AVIATION LLC,N40JD,N40JD_2026-02-16_airplanes-live_trace_full.json.gz
N40JD,2026-02-17,airplanes-live,0,none,NUP AVIATION LLC,N40JD,N40JD_2026-02-17_airplanes-live_trace_full.json.gz
N40JD,2026-02-19,airplanes-live,0,none,NUP AVIATION LLC,N40JD,N40JD_2026-02-19_airplanes-live_trace_full.json.gz
N40JD,2026-02-23,airplanes-live,0,none,NUP AVIATION LLC,N40JD,N40JD_2026-02-23_airplanes-live_trace_full.json.gz
N40JD,2026-03-05,airplanes-live,0,none,NUP AVIATION LLC,N40JD,N40JD_2026-03-05_airplanes-live_trace_full.json.gz
N40JD,2026-03-08,airplanes-live,0,none,NUP AVIATION LLC,N40JD,N40JD_2026-03-08_airplanes-live_trace_full.json.gz
N40JD,2026-03-09,airplanes-live,0,none,NUP AVIATION LLC,N40JD,N40JD_2026-03-09_airplanes-live_trace_full.json.gz
N40JD,2026-03-10,airplanes-live,0,none,NUP AVIATION LLC,N40JD,N40JD_2026-03-10_airplanes-live_trace_full.json.gz
N40JD,2026-03-11,airplanes-live,0,none,NUP AVIATION LLC,N40JD,N40JD_2026-03-11_airplanes-live_trace_full.json.gz
N40JD,2026-03-13,airplanes-live,0,none,NUP AVIATION LLC,N40JD,N40JD_2026-03-13_airplanes-live_trace_full.json.gz
N40JD,2026-03-30,airplanes-live,0,none,NUP AVIATION LLC,N40JD,N40JD_2026-03-30_airplanes-live_trace_full.json.gz
N40JD,2026-04-01,adsbexchange-samples,0,none,NUP AVIATION LLC,N40JD,N40JD_2026-04-01_adsbexchange-samples_trace_full.json
N40JD,2026-04-01,airplanes-live,0,none,NUP AVIATION LLC,N40JD,N40JD_2026-04-01_airplanes-live_trace_full.json.gz
N40JD,2026-04-02,airplanes-live,0,none,NUP AVIATION LLC,N40JD,N40JD_2026-04-02_airplanes-live_trace_full.json.gz
N40JD,2026-04-03,airplanes-live,0,none,NUP AVIATION LLC,N40JD,N40JD_2026-04-03_airplanes-live_trace_full.json.gz
N40JD,2026-04-06,airplanes-live,0,none,NUP AVIATION LLC,N40JD,N40JD_2026-04-06_airplanes-live_trace_full.json.gz
N40JD,2026-04-07,airplanes-live,0,none,NUP AVIATION LLC,N40JD,N40JD_2026-04-07_airplanes-live_trace_full.json.gz
N40JD,2026-04-08,airplanes-live,0,none,NUP AVIATION LLC,N40JD,N40JD_2026-04-08_airplanes-live_trace_full.json.gz
N40JD,2026-04-09,airplanes-live,0,none,NUP AVIATION LLC,N40JD,N40JD_2026-04-09_airplanes-live_trace_full.json.gz
N40JD,2026-04-12,airplanes-live,0,none,NUP AVIATION LLC,N40JD,N40JD_2026-04-12_airplanes-live_trace_full.json.gz
N40JD,2026-04-15,airplanes-live,0,none,NUP AVIATION LLC,N40JD,N40JD_2026-04-15_airplanes-live_trace_full.json.gz
N40JD,2026-04-17,airplanes-live,0,none,NUP AVIATION LLC,N40JD,N40JD_2026-04-17_airplanes-live_trace_full.json.gz
N40JD,2026-04-20,airplanes-live,0,none,NUP AVIATION LLC,N40JD,N40JD_2026-04-20_airplanes-live_trace_full.json.gz
N40JD,2026-04-22,airplanes-live,0,none,NUP AVIATION LLC,N40JD,N40JD_2026-04-22_airplanes-live_trace_full.json.gz
N40JD,2026-08-13,airplanes-live,0,none,NUP AVIATION LLC,N40JD,N40JD_2026-08-13_airplanes-live_trace_full.json.gz
N40JD,2026-08-18,airplanes-live,0,none,NUP AVIATION LLC,N40JD,N40JD_2026-08-18_airplanes-live_trace_full.json.gz
N40JD,2026-08-19,airplanes-live,0,none,NUP AVIATION LLC,N40JD,N40JD_2026-08-19_airplanes-live_trace_full.json.gz
N40JD,2026-08-20,airplanes-live,0,none,NUP AVIATION LLC,N40JD,N40JD_2026-08-20_airplanes-live_trace_full.json.gz
N40JD,2026-08-21,airplanes-live,0,none,NUP AVIATION LLC,N40JD,N40JD_2026-08-21_airplanes-live_trace_full.json.gz
N40JD,2026-08-25,airplanes-live,0,none,NUP AVIATION LLC,N40JD,N40JD_2026-08-25_airplanes-live_trace_full.json.gz
N560TW,2022-01-01,adsbexchange-samples,,not_in_header,T W LEWIS-AVIATION LLC,N560TW,N560TW_2022-01-01_adsbexchange-samples_trace_full.json
N560TW,2022-02-01,adsbexchange-samples,,not_in_header,T W LEWIS-AVIATION LLC,N560TW,N560TW_2022-02-01_adsbexchange-samples_trace_full.json
N560TW,2022-04-01,adsbexchange-samples,,not_in_header,T W LEWIS-AVIATION LLC,N560TW,N560TW_2022-04-01_adsbexchange-samples_trace_full.json
N560TW,2022-05-01,adsbexchange-samples,0,none,T W LEWIS-AVIATION LLC,N560TW,N560TW_2022-05-01_adsbexchange-samples_trace_full.json
N560TW,2022-07-01,adsbexchange-samples,0,none,T W LEWIS-AVIATION LLC,N560TW,N560TW_2022-07-01_adsbexchange-samples_trace_full.json
N560TW,2022-11-01,adsbexchange-samples,0,none,T W LEWIS-AVIATION LLC,N560TW,N560TW_2022-11-01_adsbexchange-samples_trace_full.json
N560TW,2023-02-15,airplanes-live,0,none,T W LEWIS-AVIATION LLC,N560TW,N560TW_2023-02-15_airplanes-live_trace_full.json.gz
N560TW,2023-02-17,airplanes-live,0,none,T W LEWIS-AVIATION LLC,N560TW,N560TW_2023-02-17_airplanes-live_trace_full.json.gz
N560TW,2023-02-18,airplanes-live,0,none,T W LEWIS-AVIATION LLC,N560TW,N560TW_2023-02-18_airplanes-live_trace_full.json.gz
N560TW,2023-02-20,airplanes-live,0,none,T W LEWIS-AVIATION LLC,N560TW,N560TW_2023-02-20_airplanes-live_trace_full.json.gz
N560TW,2023-02-21,airplanes-live,0,none,T W LEWIS-AVIATION LLC,N560TW,N560TW_2023-02-21_airplanes-live_trace_full.json.gz
N560TW,2023-02-22,airplanes-live,0,none,T W LEWIS-AVIATION LLC,N560TW,N560TW_2023-02-22_airplanes-live_trace_full.json.gz
N560TW,2023-02-23,airplanes-live,0,none,T W LEWIS-AVIATION LLC,N560TW,N560TW_2023-02-23_airplanes-live_trace_full.json.gz
N560TW,2023-02-25,airplanes-live,0,none,T W LEWIS-AVIATION LLC,N560TW,N560TW_2023-02-25_airplanes-live_trace_full.json.gz
N560TW,2023-02-26,airplanes-live,0,none,T W LEWIS-AVIATION LLC,N560TW,N560TW_2023-02-26_airplanes-live_trace_full.json.gz
N560TW,2023-02-28,adsb-lol,0,none,T W LEWIS-AVIATION LLC,N560TW,N560TW_2023-02-28_adsb-lol_trace_full.json.gz
N560TW,2023-02-28,airplanes-live,0,none,T W LEWIS-AVIATION LLC,N560TW,N560TW_2023-02-28_airplanes-live_trace_full.json.gz
N560TW,2023-03-03,adsb-lol,0,none,T W LEWIS-AVIATION LLC,N560TW,N560TW_2023-03-03_adsb-lol_trace_full.json.gz
N560TW,2023-03-03,airplanes-live,0,none,T W LEWIS-AVIATION LLC,N560TW,N560TW_2023-03-03_airplanes-live_trace_full.json.gz
N560TW,2023-03-08,adsb-lol,0,none,T W LEWIS-AVIATION LLC,N560TW,N560TW_2023-03-08_adsb-lol_trace_full.json.gz
N560TW,2023-03-08,airplanes-live,0,none,T W LEWIS-AVIATION LLC,N560TW,N560TW_2023-03-08_airplanes-live_trace_full.json.gz
N560TW,2023-03-09,airplanes-live,0,none,T W LEWIS-AVIATION LLC,N560TW,N560TW_2023-03-09_airplanes-live_trace_full.json.gz
N560TW,2023-03-11,adsb-lol,0,none,T W LEWIS-AVIATION LLC,N560TW,N560TW_2023-03-11_adsb-lol_trace_full.json.gz
N560TW,2023-03-11,airplanes-live,0,none,,N560TW,N560TW_2023-03-11_airplanes-live_trace_full.json.gz
N560TW,2023-03-17,airplanes-live,0,none,,N560TW,N560TW_2023-03-17_airplanes-live_trace_full.json.gz
N560TW,2023-03-18,airplanes-live,0,none,,N560TW,N560TW_2023-03-18_airplanes-live_trace_full.json.gz
N560TW,2023-03-21,adsb-lol,0,none,T W LEWIS-AVIATION LLC,N560TW,N560TW_2023-03-21_adsb-lol_trace_full.json.gz
N560TW,2023-03-21,airplanes-live,0,none,,N560TW,N560TW_2023-03-21_airplanes-live_trace_full.json.gz
N560TW,2023-03-24,adsb-lol,0,none,T W LEWIS-AVIATION LLC,N560TW,N560TW_2023-03-24_adsb-lol_trace_full.json.gz
N560TW,2023-03-24,airplanes-live,0,none,,N560TW,N560TW_2023-03-24_airplanes-live_trace_full.json.gz
N560TW,2023-04-17,airplanes-live,0,none,,N560TW,N560TW_2023-04-17_airplanes-live_trace_full.json.gz
N560TW,2023-04-20,adsb-lol,0,none,T W LEWIS-AVIATION LLC,N560TW,N560TW_2023-04-20_adsb-lol_trace_full.json.gz
N560TW,2023-04-20,airplanes-live,0,none,,N560TW,N560TW_2023-04-20_airplanes-live_trace_full.json.gz
N560TW,2023-04-23,adsb-lol,0,none,T W LEWIS-AVIATION LLC,N560TW,N560TW_2023-04-23_adsb-lol_trace_full.json.gz
N560TW,2023-04-23,airplanes-live,0,none,,N560TW,N560TW_2023-04-23_airplanes-live_trace_full.json.gz
N560TW,2023-04-24,adsb-lol,0,none,T W LEWIS-AVIATION LLC,N560TW,N560TW_2023-04-24_adsb-lol_trace_full.json.gz
N560TW,2023-04-24,airplanes-live,0,none,,N560TW,N560TW_2023-04-24_airplanes-live_trace_full.json.gz
N560TW,2023-04-25,adsb-lol,0,none,T W LEWIS-AVIATION LLC,N560TW,N560TW_2023-04-25_adsb-lol_trace_full.json.gz
N560TW,2023-04-25,airplanes-live,0,none,,N560TW,N560TW_2023-04-25_airplanes-live_trace_full.json.gz
N560TW,2023-04-28,airplanes-live,0,none,,N560TW,N560TW_2023-04-28_airplanes-live_trace_full.json.gz
N560TW,2023-04-29,adsb-lol,0,none,T W LEWIS-AVIATION LLC,N560TW,N560TW_2023-04-29_adsb-lol_trace_full.json.gz
N560TW,2023-04-29,airplanes-live,0,none,,N560TW,N560TW_2023-04-29_airplanes-live_trace_full.json.gz
N560TW,2023-05-01,adsb-lol,0,none,T W LEWIS-AVIATION LLC,N560TW,N560TW_2023-05-01_adsb-lol_trace_full.json.gz
N560TW,2023-05-01,adsbexchange-samples,0,none,T W LEWIS-AVIATION LLC,N560TW,N560TW_2023-05-01_adsbexchange-samples_trace_full.json
N560TW,2023-05-01,airplanes-live,0,none,,N560TW,N560TW_2023-05-01_airplanes-live_trace_full.json.gz
N560TW,2023-05-02,adsb-lol,0,none,T W LEWIS-AVIATION LLC,N560TW,N560TW_2023-05-02_adsb-lol_trace_full.json.gz
N560TW,2023-05-02,airplanes-live,0,none,,N560TW,N560TW_2023-05-02_airplanes-live_trace_full.json.gz
N560TW,2023-05-05,adsb-lol,0,none,T W LEWIS-AVIATION LLC,N560TW,N560TW_2023-05-05_adsb-lol_trace_full.json.gz
N560TW,2023-05-05,airplanes-live,0,none,,N560TW,N560TW_2023-05-05_airplanes-live_trace_full.json.gz
N560TW,2023-05-11,adsb-lol,0,none,T W LEWIS-AVIATION LLC,N560TW,N560TW_2023-05-11_adsb-lol_trace_full.json.gz
N560TW,2023-05-11,airplanes-live,0,none,,N560TW,N560TW_2023-05-11_airplanes-live_trace_full.json.gz
N560TW,2023-05-12,adsb-lol,0,none,T W LEWIS-AVIATION LLC,N560TW,N560TW_2023-05-12_adsb-lol_trace_full.json.gz
N560TW,2023-05-12,airplanes-live,0,none,,N560TW,N560TW_2023-05-12_airplanes-live_trace_full.json.gz
N560TW,2023-05-16,adsb-lol,0,none,T W LEWIS-AVIATION LLC,N560TW,N560TW_2023-05-16_adsb-lol_trace_full.json.gz
N560TW,2023-05-16,airplanes-live,0,none,,N560TW,N560TW_2023-05-16_airplanes-live_trace_full.json.gz
N560TW,2023-05-19,adsb-lol,0,none,T W LEWIS-AVIATION LLC,N560TW,N560TW_2023-05-19_adsb-lol_trace_full.json.gz
N560TW,2023-05-19,airplanes-live,0,none,,N560TW,N560TW_2023-05-19_airplanes-live_trace_full.json.gz
N560TW,2023-05-20,adsb-lol,0,none,T W LEWIS-AVIATION LLC,N560TW,N560TW_2023-05-20_adsb-lol_trace_full.json.gz
N560TW,2023-05-20,airplanes-live,0,none,,N560TW,N560TW_2023-05-20_airplanes-live_trace_full.json.gz
N560TW,2023-05-21,adsb-lol,0,none,T W LEWIS-AVIATION LLC,N560TW,N560TW_2023-05-21_adsb-lol_trace_full.json.gz
N560TW,2023-05-21,airplanes-live,0,none,,N560TW,N560TW_2023-05-21_airplanes-live_trace_full.json.gz
N560TW,2023-05-22,adsb-lol,0,none,T W LEWIS-AVIATION LLC,N560TW,N560TW_2023-05-22_adsb-lol_trace_full.json.gz
N560TW,2023-05-22,airplanes-live,0,none,,N560TW,N560TW_2023-05-22_airplanes-live_trace_full.json.gz
N560TW,2023-05-24,adsb-lol,0,none,T W LEWIS-AVIATION LLC,N560TW,N560TW_2023-05-24_adsb-lol_trace_full.json.gz
N560TW,2023-05-24,airplanes-live,0,none,,N560TW,N560TW_2023-05-24_airplanes-live_trace_full.json.gz
N560TW,2023-05-26,adsb-lol,0,none,T W LEWIS-AVIATION LLC,N560TW,N560TW_2023-05-26_adsb-lol_trace_full.json.gz
N560TW,2023-05-26,airplanes-live,0,none,,N560TW,N560TW_2023-05-26_airplanes-live_trace_full.json.gz
N560TW,2023-05-30,adsb-lol,0,none,T W LEWIS-AVIATION LLC,N560TW,N560TW_2023-05-30_adsb-lol_trace_full.json.gz
N560TW,2023-05-30,airplanes-live,0,none,,N560TW,N560TW_2023-05-30_airplanes-live_trace_full.json.gz
N560TW,2023-06-02,adsb-lol,0,none,T W LEWIS-AVIATION LLC,N560TW,N560TW_2023-06-02_adsb-lol_trace_full.json.gz
N560TW,2023-06-02,airplanes-live,0,none,,N560TW,N560TW_2023-06-02_airplanes-live_trace_full.json.gz
N560TW,2023-06-03,airplanes-live,0,none,,N560TW,N560TW_2023-06-03_airplanes-live_trace_full.json.gz
N560TW,2023-06-04,airplanes-live,0,none,,N560TW,N560TW_2023-06-04_airplanes-live_trace_full.json.gz
N560TW,2023-06-05,airplanes-live,0,none,,N560TW,N560TW_2023-06-05_airplanes-live_trace_full.json.gz
N560TW,2023-06-06,airplanes-live,0,none,,N560TW,N560TW_2023-06-06_airplanes-live_trace_full.json.gz
N560TW,2023-06-07,adsb-lol,0,none,T W LEWIS-AVIATION LLC,N560TW,N560TW_2023-06-07_adsb-lol_trace_full.json.gz
N560TW,2023-06-07,airplanes-live,0,none,,N560TW,N560TW_2023-06-07_airplanes-live_trace_full.json.gz
N560TW,2023-06-08,adsb-lol,0,none,T W LEWIS-AVIATION LLC,N560TW,N560TW_2023-06-08_adsb-lol_trace_full.json.gz
N560TW,2023-06-08,airplanes-live,0,none,,N560TW,N560TW_2023-06-08_airplanes-live_trace_full.json.gz
N560TW,2023-06-09,adsb-lol,0,none,T W LEWIS-AVIATION LLC,N560TW,N560TW_2023-06-09_adsb-lol_trace_full.json.gz
N560TW,2023-06-09,airplanes-live,0,none,,N560TW,N560TW_2023-06-09_airplanes-live_trace_full.json.gz
N560TW,2023-06-11,adsb-lol,0,none,T W LEWIS-AVIATION LLC,N560TW,N560TW_2023-06-11_adsb-lol_trace_full.json.gz
N560TW,2023-06-11,airplanes-live,0,none,,N560TW,N560TW_2023-06-11_airplanes-live_trace_full.json.gz
N560TW,2023-06-12,adsb-lol,0,none,T W LEWIS-AVIATION LLC,N560TW,N560TW_2023-06-12_adsb-lol_trace_full.json.gz
N560TW,2023-06-12,airplanes-live,0,none,,N560TW,N560TW_2023-06-12_airplanes-live_trace_full.json.gz
N560TW,2023-06-13,adsb-lol,0,none,T W LEWIS-AVIATION LLC,N560TW,N560TW_2023-06-13_adsb-lol_trace_full.json.gz
N560TW,2023-06-13,airplanes-live,0,none,,N560TW,N560TW_2023-06-13_airplanes-live_trace_full.json.gz
N560TW,2023-06-14,airplanes-live,0,none,,N560TW,N560TW_2023-06-14_airplanes-live_trace_full.json.gz
N560TW,2023-06-15,adsb-lol,0,none,T W LEWIS-AVIATION LLC,N560TW,N560TW_2023-06-15_adsb-lol_trace_full.json.gz
N560TW,2023-06-15,airplanes-live,0,none,,N560TW,N560TW_2023-06-15_airplanes-live_trace_full.json.gz
N560TW,2023-06-17,adsb-lol,0,none,T W LEWIS-AVIATION LLC,N560TW,N560TW_2023-06-17_adsb-lol_trace_full.json.gz
N560TW,2023-06-17,airplanes-live,0,none,,N560TW,N560TW_2023-06-17_airplanes-live_trace_full.json.gz
N560TW,2023-06-30,airplanes-live,0,none,,N560TW,N560TW_2023-06-30_airplanes-live_trace_full.json.gz
N560TW,2023-07-01,adsbexchange-samples,0,none,T W LEWIS-AVIATION LLC,N560TW,N560TW_2023-07-01_adsbexchange-samples_trace_full.json
N560TW,2023-07-01,airplanes-live,0,none,,N560TW,N560TW_2023-07-01_airplanes-live_trace_full.json.gz
N560TW,2023-07-04,airplanes-live,0,none,,N560TW,N560TW_2023-07-04_airplanes-live_trace_full.json.gz
N560TW,2023-07-05,airplanes-live,0,none,,N560TW,N560TW_2023-07-05_airplanes-live_trace_full.json.gz
N560TW,2023-07-07,airplanes-live,0,none,,N560TW,N560TW_2023-07-07_airplanes-live_trace_full.json.gz
N560TW,2023-07-09,airplanes-live,0,none,,N560TW,N560TW_2023-07-09_airplanes-live_trace_full.json.gz
N560TW,2023-07-14,adsb-lol,0,none,T W LEWIS-AVIATION LLC,N560TW,N560TW_2023-07-14_adsb-lol_trace_full.json.gz
N560TW,2023-07-14,airplanes-live,0,none,,N560TW,N560TW_2023-07-14_airplanes-live_trace_full.json.gz
N560TW,2023-07-17,adsb-lol,0,none,T W LEWIS-AVIATION LLC,N560TW,N560TW_2023-07-17_adsb-lol_trace_full.json.gz
N560TW,2023-07-17,airplanes-live,0,none,,N560TW,N560TW_2023-07-17_airplanes-live_trace_full.json.gz
N560TW,2023-07-20,airplanes-live,0,none,,N560TW,N560TW_2023-07-20_airplanes-live_trace_full.json.gz
N560TW,2023-07-22,airplanes-live,0,none,,N560TW,N560TW_2023-07-22_airplanes-live_trace_full.json.gz
N560TW,2023-07-24,airplanes-live,0,none,,N560TW,N560TW_2023-07-24_airplanes-live_trace_full.json.gz
N560TW,2023-07-26,airplanes-live,0,none,,N560TW,N560TW_2023-07-26_airplanes-live_trace_full.json.gz
N560TW,2023-07-29,airplanes-live,0,none,,N560TW,N560TW_2023-07-29_airplanes-live_trace_full.json.gz
N560TW,2023-07-31,airplanes-live,0,none,,N560TW,N560TW_2023-07-31_airplanes-live_trace_full.json.gz
N560TW,2023-08-01,adsbexchange-samples,0,none,T W LEWIS-AVIATION LLC,N560TW,N560TW_2023-08-01_adsbexchange-samples_trace_full.json
N560TW,2023-08-01,airplanes-live,0,none,,N560TW,N560TW_2023-08-01_airplanes-live_trace_full.json.gz
N560TW,2023-08-04,airplanes-live,0,none,,N560TW,N560TW_2023-08-04_airplanes-live_trace_full.json.gz
N560TW,2023-08-05,airplanes-live,0,none,,N560TW,N560TW_2023-08-05_airplanes-live_trace_full.json.gz
N560TW,2023-08-08,airplanes-live,0,none,,N560TW,N560TW_2023-08-08_airplanes-live_trace_full.json.gz
N560TW,2023-08-10,airplanes-live,0,none,,N560TW,N560TW_2023-08-10_airplanes-live_trace_full.json.gz
N560TW,2023-08-11,airplanes-live,0,none,,N560TW,N560TW_2023-08-11_airplanes-live_trace_full.json.gz
N560TW,2023-08-12,airplanes-live,0,none,,N560TW,N560TW_2023-08-12_airplanes-live_trace_full.json.gz
N560TW,2023-08-16,airplanes-live,0,none,,N560TW,N560TW_2023-08-16_airplanes-live_trace_full.json.gz
N560TW,2023-08-17,airplanes-live,0,none,,N560TW,N560TW_2023-08-17_airplanes-live_trace_full.json.gz
N560TW,2023-08-19,airplanes-live,0,none,,N560TW,N560TW_2023-08-19_airplanes-live_trace_full.json.gz
N560TW,2023-08-20,airplanes-live,0,none,,N560TW,N560TW_2023-08-20_airplanes-live_trace_full.json.gz
N560TW,2023-08-21,airplanes-live,0,none,,N560TW,N560TW_2023-08-21_airplanes-live_trace_full.json.gz
N560TW,2023-08-28,airplanes-live,0,none,,N560TW,N560TW_2023-08-28_airplanes-live_trace_full.json.gz
N560TW,2023-08-29,airplanes-live,0,none,,N560TW,N560TW_2023-08-29_airplanes-live_trace_full.json.gz
N560TW,2023-08-31,airplanes-live,0,none,,N560TW,N560TW_2023-08-31_airplanes-live_trace_full.json.gz
N560TW,2023-09-01,adsbexchange-samples,0,none,T W LEWIS-AVIATION LLC,N560TW,N560TW_2023-09-01_adsbexchange-samples_trace_full.json
N560TW,2023-09-01,airplanes-live,0,none,,N560TW,N560TW_2023-09-01_airplanes-live_trace_full.json.gz
N560TW,2023-09-03,airplanes-live,0,none,,N560TW,N560TW_2023-09-03_airplanes-live_trace_full.json.gz
N560TW,2023-09-05,adsb-lol,0,none,T W LEWIS-AVIATION LLC,N560TW,N560TW_2023-09-05_adsb-lol_trace_full.json.gz
N560TW,2023-09-06,adsb-lol,0,none,T W LEWIS-AVIATION LLC,N560TW,N560TW_2023-09-06_adsb-lol_trace_full.json.gz
N560TW,2023-09-09,adsb-lol,0,none,T W LEWIS-AVIATION LLC,N560TW,N560TW_2023-09-09_adsb-lol_trace_full.json.gz
N560TW,2023-09-11,adsb-lol,0,none,T W LEWIS-AVIATION LLC,N560TW,N560TW_2023-09-11_adsb-lol_trace_full.json.gz
N560TW,2023-09-12,adsb-lol,0,none,T W LEWIS-AVIATION LLC,N560TW,N560TW_2023-09-12_adsb-lol_trace_full.json.gz
N560TW,2023-09-12,airplanes-live,,not_in_header,,,N560TW_2023-09-12_airplanes-live_trace_full.json.gz
N560TW,2023-09-15,adsb-lol,0,none,T W LEWIS-AVIATION LLC,N560TW,N560TW_2023-09-15_adsb-lol_trace_full.json.gz
N560TW,2023-09-15,airplanes-live,,not_in_header,,,N560TW_2023-09-15_airplanes-live_trace_full.json.gz
N560TW,2023-09-16,adsb-lol,0,none,T W LEWIS-AVIATION LLC,N560TW,N560TW_2023-09-16_adsb-lol_trace_full.json.gz
N560TW,2023-09-16,airplanes-live,,not_in_header,,,N560TW_2023-09-16_airplanes-live_trace_full.json.gz
N560TW,2023-09-18,adsb-lol,0,none,T W LEWIS-AVIATION LLC,N560TW,N560TW_2023-09-18_adsb-lol_trace_full.json.gz
N560TW,2023-09-18,airplanes-live,,not_in_header,,,N560TW_2023-09-18_airplanes-live_trace_full.json.gz
N560TW,2023-09-20,adsb-lol,0,none,T W LEWIS-AVIATION LLC,N560TW,N560TW_2023-09-20_adsb-lol_trace_full.json.gz
N560TW,2023-09-20,airplanes-live,,not_in_header,,,N560TW_2023-09-20_airplanes-live_trace_full.json.gz
N560TW,2023-09-21,adsb-lol,0,none,T W LEWIS-AVIATION LLC,N560TW,N560TW_2023-09-21_adsb-lol_trace_full.json.gz
N560TW,2023-09-21,airplanes-live,,not_in_header,,,N560TW_2023-09-21_airplanes-live_trace_full.json.gz
N560TW,2023-09-22,airplanes-live,,not_in_header,,,N560TW_2023-09-22_airplanes-live_trace_full.json.gz
N560TW,2023-09-28,adsb-lol,0,none,T W LEWIS-AVIATION LLC,N560TW,N560TW_2023-09-28_adsb-lol_trace_full.json.gz
N560TW,2023-09-28,airplanes-live,,not_in_header,,,N560TW_2023-09-28_airplanes-live_trace_full.json.gz
N560TW,2023-09-29,adsb-lol,0,none,T W LEWIS-AVIATION LLC,N560TW,N560TW_2023-09-29_adsb-lol_trace_full.json.gz
N560TW,2023-09-29,airplanes-live,,not_in_header,,,N560TW_2023-09-29_airplanes-live_trace_full.json.gz
N560TW,2023-10-01,adsb-lol,0,none,T W LEWIS-AVIATION LLC,N560TW,N560TW_2023-10-01_adsb-lol_trace_full.json.gz
N560TW,2023-10-01,adsbexchange-samples,0,none,T W LEWIS-AVIATION LLC,N560TW,N560TW_2023-10-01_adsbexchange-samples_trace_full.json
N560TW,2023-10-01,airplanes-live,,not_in_header,,,N560TW_2023-10-01_airplanes-live_trace_full.json.gz
N560TW,2023-10-02,adsb-lol,0,none,T W LEWIS-AVIATION LLC,N560TW,N560TW_2023-10-02_adsb-lol_trace_full.json.gz
N560TW,2023-10-02,airplanes-live,,not_in_header,,,N560TW_2023-10-02_airplanes-live_trace_full.json.gz
N560TW,2023-10-10,adsb-lol,0,none,T W LEWIS-AVIATION LLC,N560TW,N560TW_2023-10-10_adsb-lol_trace_full.json.gz
N560TW,2023-10-10,airplanes-live,0,none,T W LEWIS-AVIATION LLC,N560TW,N560TW_2023-10-10_airplanes-live_trace_full.json.gz
N560TW,2023-10-13,adsb-lol,0,none,T W LEWIS-AVIATION LLC,N560TW,N560TW_2023-10-13_adsb-lol_trace_full.json.gz
N560TW,2023-10-13,airplanes-live,0,none,T W LEWIS-AVIATION LLC,N560TW,N560TW_2023-10-13_airplanes-live_trace_full.json.gz
N560TW,2023-10-16,adsb-lol,0,none,T W LEWIS-AVIATION LLC,N560TW,N560TW_2023-10-16_adsb-lol_trace_full.json.gz
N560TW,2023-10-16,airplanes-live,0,none,T W LEWIS-AVIATION LLC,N560TW,N560TW_2023-10-16_airplanes-live_trace_full.json.gz
N560TW,2023-10-17,adsb-lol,0,none,T W LEWIS-AVIATION LLC,N560TW,N560TW_2023-10-17_adsb-lol_trace_full.json.gz
N560TW,2023-10-17,airplanes-live,0,none,T W LEWIS-AVIATION LLC,N560TW,N560TW_2023-10-17_airplanes-live_trace_full.json.gz
N560TW,2023-10-19,adsb-lol,0,none,T W LEWIS-AVIATION LLC,N560TW,N560TW_2023-10-19_adsb-lol_trace_full.json.gz
N560TW,2023-10-19,airplanes-live,0,none,T W LEWIS-AVIATION LLC,N560TW,N560TW_2023-10-19_airplanes-live_trace_full.json.gz
N560TW,2023-10-22,airplanes-live,0,none,T W LEWIS-AVIATION LLC,N560TW,N560TW_2023-10-22_airplanes-live_trace_full.json.gz
N560TW,2023-10-23,adsb-lol,0,none,T W LEWIS-AVIATION LLC,N560TW,N560TW_2023-10-23_adsb-lol_trace_full.json.gz
N560TW,2023-10-23,airplanes-live,0,none,T W LEWIS-AVIATION LLC,N560TW,N560TW_2023-10-23_airplanes-live_trace_full.json.gz
N560TW,2023-10-25,adsb-lol,0,none,T W LEWIS-AVIATION LLC,N560TW,N560TW_2023-10-25_adsb-lol_trace_full.json.gz
N560TW,2023-10-25,airplanes-live,0,none,T W LEWIS-AVIATION LLC,N560TW,N560TW_2023-10-25_airplanes-live_trace_full.json.gz
N560TW,2023-10-31,airplanes-live,0,none,T W LEWIS-AVIATION LLC,N560TW,N560TW_2023-10-31_airplanes-live_trace_full.json.gz
N560TW,2023-11-03,airplanes-live,0,none,T W LEWIS-AVIATION LLC,N560TW,N560TW_2023-11-03_airplanes-live_trace_full.json.gz
N560TW,2023-11-06,airplanes-live,0,none,T W LEWIS-AVIATION LLC,N560TW,N560TW_2023-11-06_airplanes-live_trace_full.json.gz
N560TW,2023-11-07,adsb-lol,0,none,T W LEWIS-AVIATION LLC,N560TW,N560TW_2023-11-07_adsb-lol_trace_full.json.gz
N560TW,2023-11-07,airplanes-live,0,none,T W LEWIS-AVIATION LLC,N560TW,N560TW_2023-11-07_airplanes-live_trace_full.json.gz
N560TW,2023-11-09,adsb-lol,0,none,T W LEWIS-AVIATION LLC,N560TW,N560TW_2023-11-09_adsb-lol_trace_full.json.gz
N560TW,2023-11-09,airplanes-live,0,none,T W LEWIS-AVIATION LLC,N560TW,N560TW_2023-11-09_airplanes-live_trace_full.json.gz
N560TW,2023-11-12,airplanes-live,0,none,T W LEWIS-AVIATION LLC,N560TW,N560TW_2023-11-12_airplanes-live_trace_full.json.gz
N560TW,2023-11-13,airplanes-live,0,none,T W LEWIS-AVIATION LLC,N560TW,N560TW_2023-11-13_airplanes-live_trace_full.json.gz
N560TW,2023-11-27,airplanes-live,0,none,T W LEWIS-AVIATION LLC,N560TW,N560TW_2023-11-27_airplanes-live_trace_full.json.gz
N560TW,2023-11-30,airplanes-live,0,none,T W LEWIS-AVIATION LLC,N560TW,N560TW_2023-11-30_airplanes-live_trace_full.json.gz
N560TW,2023-12-01,adsbexchange-samples,0,none,T W LEWIS-AVIATION LLC,N560TW,N560TW_2023-12-01_adsbexchange-samples_trace_full.json
N560TW,2023-12-01,airplanes-live,0,none,T W LEWIS-AVIATION LLC,N560TW,N560TW_2023-12-01_airplanes-live_trace_full.json.gz
N560TW,2023-12-02,airplanes-live,0,none,T W LEWIS-AVIATION LLC,N560TW,N560TW_2023-12-02_airplanes-live_trace_full.json.gz
N560TW,2023-12-03,airplanes-live,0,none,T W LEWIS-AVIATION LLC,N560TW,N560TW_2023-12-03_airplanes-live_trace_full.json.gz
N560TW,2023-12-05,airplanes-live,0,none,T W LEWIS-AVIATION LLC,N560TW,N560TW_2023-12-05_airplanes-live_trace_full.json.gz
N560TW,2023-12-08,airplanes-live,0,none,T W LEWIS-AVIATION LLC,N560TW,N560TW_2023-12-08_airplanes-live_trace_full.json.gz
N560TW,2023-12-11,airplanes-live,0,none,T W LEWIS-AVIATION LLC,N560TW,N560TW_2023-12-11_airplanes-live_trace_full.json.gz
N560TW,2023-12-12,airplanes-live,0,none,T W LEWIS-AVIATION LLC,N560TW,N560TW_2023-12-12_airplanes-live_trace_full.json.gz
N560TW,2023-12-13,airplanes-live,0,none,T W LEWIS-AVIATION LLC,N560TW,N560TW_2023-12-13_airplanes-live_trace_full.json.gz
N560TW,2023-12-14,adsb-lol,0,none,T W LEWIS-AVIATION LLC,N560TW,N560TW_2023-12-14_adsb-lol_trace_full.json.gz
N560TW,2023-12-14,airplanes-live,0,none,T W LEWIS-AVIATION LLC,N560TW,N560TW_2023-12-14_airplanes-live_trace_full.json.gz
N560TW,2023-12-15,adsb-lol,0,none,T W LEWIS-AVIATION LLC,N560TW,N560TW_2023-12-15_adsb-lol_trace_full.json.gz
N560TW,2023-12-15,airplanes-live,0,none,T W LEWIS-AVIATION LLC,N560TW,N560TW_2023-12-15_airplanes-live_trace_full.json.gz
N560TW,2023-12-19,adsb-lol,0,none,T W LEWIS-AVIATION LLC,N560TW,N560TW_2023-12-19_adsb-lol_trace_full.json.gz
N560TW,2023-12-19,airplanes-live,0,none,T W LEWIS-AVIATION LLC,N560TW,N560TW_2023-12-19_airplanes-live_trace_full.json.gz
N560TW,2023-12-22,airplanes-live,0,none,T W LEWIS-AVIATION LLC,N560TW,N560TW_2023-12-22_airplanes-live_trace_full.json.gz
N560TW,2024-01-02,airplanes-live,0,none,T W LEWIS-AVIATION LLC,N560TW,N560TW_2024-01-02_airplanes-live_trace_full.json.gz
N560TW,2024-01-03,airplanes-live,0,none,T W LEWIS-AVIATION LLC,N560TW,N560TW_2024-01-03_airplanes-live_trace_full.json.gz
N560TW,2024-01-05,airplanes-live,0,none,T W LEWIS-AVIATION LLC,N560TW,N560TW_2024-01-05_airplanes-live_trace_full.json.gz
N560TW,2024-01-07,airplanes-live,0,none,T W LEWIS-AVIATION LLC,N560TW,N560TW_2024-01-07_airplanes-live_trace_full.json.gz
N560TW,2024-01-10,airplanes-live,0,none,T W LEWIS-AVIATION LLC,N560TW,N560TW_2024-01-10_airplanes-live_trace_full.json.gz
N560TW,2024-01-13,airplanes-live,0,none,T W LEWIS-AVIATION LLC,N560TW,N560TW_2024-01-13_airplanes-live_trace_full.json.gz
N560TW,2024-01-16,airplanes-live,0,none,T W LEWIS-AVIATION LLC,N560TW,N560TW_2024-01-16_airplanes-live_trace_full.json.gz
N560TW,2024-01-21,airplanes-live,0,none,T W LEWIS-AVIATION LLC,N560TW,N560TW_2024-01-21_airplanes-live_trace_full.json.gz
N560TW,2024-01-27,adsb-lol,0,none,T W LEWIS-AVIATION LLC,N560TW,N560TW_2024-01-27_adsb-lol_trace_full.json.gz
N560TW,2024-01-27,airplanes-live,0,none,T W LEWIS-AVIATION LLC,N560TW,N560TW_2024-01-27_airplanes-live_trace_full.json.gz
N560TW,2024-01-28,adsb-lol,0,none,T W LEWIS-AVIATION LLC,N560TW,N560TW_2024-01-28_adsb-lol_trace_full.json.gz
N560TW,2024-01-28,airplanes-live,0,none,T W LEWIS-AVIATION LLC,N560TW,N560TW_2024-01-28_airplanes-live_trace_full.json.gz
N560TW,2024-01-29,adsb-lol,0,none,T W LEWIS-AVIATION LLC,N560TW,N560TW_2024-01-29_adsb-lol_trace_full.json.gz
N560TW,2024-01-29,airplanes-live,0,none,T W LEWIS-AVIATION LLC,N560TW,N560TW_2024-01-29_airplanes-live_trace_full.json.gz
N560TW,2024-02-01,adsb-lol,0,none,T W LEWIS-AVIATION LLC,N560TW,N560TW_2024-02-01_adsb-lol_trace_full.json.gz
N560TW,2024-02-01,adsbexchange-samples,0,none,T W LEWIS-AVIATION LLC,N560TW,N560TW_2024-02-01_adsbexchange-samples_trace_full.json
N560TW,2024-02-01,airplanes-live,0,none,T W LEWIS-AVIATION LLC,N560TW,N560TW_2024-02-01_airplanes-live_trace_full.json.gz
N560TW,2024-02-02,adsb-lol,0,none,T W LEWIS-AVIATION LLC,N560TW,N560TW_2024-02-02_adsb-lol_trace_full.json.gz
N560TW,2024-02-02,airplanes-live,0,none,T W LEWIS-AVIATION LLC,N560TW,N560TW_2024-02-02_airplanes-live_trace_full.json.gz
N560TW,2024-02-08,airplanes-live,0,none,T W LEWIS-AVIATION LLC,N560TW,N560TW_2024-02-08_airplanes-live_trace_full.json.gz
N560TW,2024-02-11,airplanes-live,0,none,T W LEWIS-AVIATION LLC,N560TW,N560TW_2024-02-11_airplanes-live_trace_full.json.gz
N560TW,2024-02-13,airplanes-live,0,none,T W LEWIS-AVIATION LLC,N560TW,N560TW_2024-02-13_airplanes-live_trace_full.json.gz
N560TW,2024-02-16,airplanes-live,0,none,T W LEWIS-AVIATION LLC,N560TW,N560TW_2024-02-16_airplanes-live_trace_full.json.gz
N560TW,2024-02-19,airplanes-live,0,none,T W LEWIS-AVIATION LLC,N560TW,N560TW_2024-02-19_airplanes-live_trace_full.json.gz
N560TW,2024-02-27,airplanes-live,0,none,T W LEWIS-AVIATION LLC,N560TW,N560TW_2024-02-27_airplanes-live_trace_full.json.gz
N560TW,2024-03-01,adsbexchange-samples,0,none,T W LEWIS-AVIATION LLC,N560TW,N560TW_2024-03-01_adsbexchange-samples_trace_full.json
N560TW,2024-03-01,airplanes-live,0,none,T W LEWIS-AVIATION LLC,N560TW,N560TW_2024-03-01_airplanes-live_trace_full.json.gz
N560TW,2024-03-06,adsb-lol,0,none,T W LEWIS-AVIATION LLC,N560TW,N560TW_2024-03-06_adsb-lol_trace_full.json.gz
N560TW,2024-03-06,airplanes-live,0,none,T W LEWIS-AVIATION LLC,N560TW,N560TW_2024-03-06_airplanes-live_trace_full.json.gz
N560TW,2024-03-10,adsb-lol,0,none,T W LEWIS-AVIATION LLC,N560TW,N560TW_2024-03-10_adsb-lol_trace_full.json.gz
N560TW,2024-03-10,airplanes-live,0,none,T W LEWIS-AVIATION LLC,N560TW,N560TW_2024-03-10_airplanes-live_trace_full.json.gz
N560TW,2024-03-13,adsb-lol,0,none,T W LEWIS-AVIATION LLC,N560TW,N560TW_2024-03-13_adsb-lol_trace_full.json.gz
N560TW,2024-03-13,airplanes-live,0,none,T W LEWIS-AVIATION LLC,N560TW,N560TW_2024-03-13_airplanes-live_trace_full.json.gz
N560TW,2024-03-16,adsb-lol,0,none,T W LEWIS-AVIATION LLC,N560TW,N560TW_2024-03-16_adsb-lol_trace_full.json.gz
N560TW,2024-03-16,airplanes-live,0,none,T W LEWIS-AVIATION LLC,N560TW,N560TW_2024-03-16_airplanes-live_trace_full.json.gz
N560TW,2024-03-18,adsb-lol,0,none,T W LEWIS-AVIATION LLC,N560TW,N560TW_2024-03-18_adsb-lol_trace_full.json.gz
N560TW,2024-03-18,airplanes-live,0,none,T W LEWIS-AVIATION LLC,N560TW,N560TW_2024-03-18_airplanes-live_trace_full.json.gz
N560TW,2024-03-21,adsb-lol,0,none,T W LEWIS-AVIATION LLC,N560TW,N560TW_2024-03-21_adsb-lol_trace_full.json.gz
N560TW,2024-03-21,airplanes-live,0,none,T W LEWIS-AVIATION LLC,N560TW,N560TW_2024-03-21_airplanes-live_trace_full.json.gz
N560TW,2024-03-22,airplanes-live,0,none,T W LEWIS-AVIATION LLC,N560TW,N560TW_2024-03-22_airplanes-live_trace_full.json.gz
N560TW,2024-03-24,airplanes-live,0,none,T W LEWIS-AVIATION LLC,N560TW,N560TW_2024-03-24_airplanes-live_trace_full.json.gz
N560TW,2024-03-25,adsb-lol,0,none,T W LEWIS-AVIATION LLC,N560TW,N560TW_2024-03-25_adsb-lol_trace_full.json.gz
N560TW,2024-03-25,airplanes-live,0,none,T W LEWIS-AVIATION LLC,N560TW,N560TW_2024-03-25_airplanes-live_trace_full.json.gz
N560TW,2024-03-26,adsb-lol,0,none,T W LEWIS-AVIATION LLC,N560TW,N560TW_2024-03-26_adsb-lol_trace_full.json.gz
N560TW,2024-03-26,airplanes-live,0,none,T W LEWIS-AVIATION LLC,N560TW,N560TW_2024-03-26_airplanes-live_trace_full.json.gz
N560TW,2024-03-29,adsb-lol,0,none,T W LEWIS-AVIATION LLC,N560TW,N560TW_2024-03-29_adsb-lol_trace_full.json.gz
N560TW,2024-03-29,airplanes-live,0,none,T W LEWIS-AVIATION LLC,N560TW,N560TW_2024-03-29_airplanes-live_trace_full.json.gz
N560TW,2024-04-01,adsb-lol,0,none,T W LEWIS-AVIATION LLC,N560TW,N560TW_2024-04-01_adsb-lol_trace_full.json.gz
N560TW,2024-04-01,adsbexchange-samples,0,none,T W LEWIS-AVIATION LLC,N560TW,N560TW_2024-04-01_adsbexchange-samples_trace_full.json
N560TW,2024-04-01,airplanes-live,0,none,T W LEWIS-AVIATION LLC,N560TW,N560TW_2024-04-01_airplanes-live_trace_full.json.gz
N560TW,2024-04-09,adsb-lol,0,none,T W LEWIS-AVIATION LLC,N560TW,N560TW_2024-04-09_adsb-lol_trace_full.json.gz
N560TW,2024-04-09,airplanes-live,0,none,T W LEWIS-AVIATION LLC,N560TW,N560TW_2024-04-09_airplanes-live_trace_full.json.gz
N560TW,2024-04-12,airplanes-live,0,none,T W LEWIS-AVIATION LLC,N560TW,N560TW_2024-04-12_airplanes-live_trace_full.json.gz
N560TW,2024-04-24,adsb-lol,0,none,T W LEWIS-AVIATION LLC,N560TW,N560TW_2024-04-24_adsb-lol_trace_full.json.gz
N560TW,2024-04-24,airplanes-live,0,none,T W LEWIS-AVIATION LLC,N560TW,N560TW_2024-04-24_airplanes-live_trace_full.json.gz
N560TW,2024-04-27,airplanes-live,0,none,T W LEWIS-AVIATION LLC,N560TW,N560TW_2024-04-27_airplanes-live_trace_full.json.gz
N560TW,2024-04-29,airplanes-live,0,none,T W LEWIS-AVIATION LLC,N560TW,N560TW_2024-04-29_airplanes-live_trace_full.json.gz
N560TW,2024-05-03,adsb-lol,0,none,T W LEWIS-AVIATION LLC,N560TW,N560TW_2024-05-03_adsb-lol_trace_full.json.gz
N560TW,2024-05-03,airplanes-live,0,none,T W LEWIS-AVIATION LLC,N560TW,N560TW_2024-05-03_airplanes-live_trace_full.json.gz
N560TW,2024-05-04,airplanes-live,0,none,T W LEWIS-AVIATION LLC,N560TW,N560TW_2024-05-04_airplanes-live_trace_full.json.gz
N560TW,2024-05-05,adsb-lol,0,none,T W LEWIS-AVIATION LLC,N560TW,N560TW_2024-05-05_adsb-lol_trace_full.json.gz
N560TW,2024-05-05,airplanes-live,0,none,T W LEWIS-AVIATION LLC,N560TW,N560TW_2024-05-05_airplanes-live_trace_full.json.gz
N560TW,2024-05-06,adsb-lol,0,none,T W LEWIS-AVIATION LLC,N560TW,N560TW_2024-05-06_adsb-lol_trace_full.json.gz
N560TW,2024-05-06,airplanes-live,0,none,T W LEWIS-AVIATION LLC,N560TW,N560TW_2024-05-06_airplanes-live_trace_full.json.gz
N560TW,2024-05-07,adsb-lol,0,none,T W LEWIS-AVIATION LLC,N560TW,N560TW_2024-05-07_adsb-lol_trace_full.json.gz
N560TW,2024-05-07,airplanes-live,0,none,T W LEWIS-AVIATION LLC,N560TW,N560TW_2024-05-07_airplanes-live_trace_full.json.gz
N560TW,2024-05-10,adsb-lol,0,none,T W LEWIS-AVIATION LLC,N560TW,N560TW_2024-05-10_adsb-lol_trace_full.json.gz
N560TW,2024-05-10,airplanes-live,0,none,T W LEWIS-AVIATION LLC,N560TW,N560TW_2024-05-10_airplanes-live_trace_full.json.gz
N560TW,2024-05-14,adsb-lol,0,none,T W LEWIS-AVIATION LLC,N560TW,N560TW_2024-05-14_adsb-lol_trace_full.json.gz
N560TW,2024-05-14,airplanes-live,0,none,T W LEWIS-AVIATION LLC,N560TW,N560TW_2024-05-14_airplanes-live_trace_full.json.gz
N560TW,2024-05-19,airplanes-live,0,none,T W LEWIS-AVIATION LLC,N560TW,N560TW_2024-05-19_airplanes-live_trace_full.json.gz
N560TW,2024-05-21,airplanes-live,0,none,T W LEWIS-AVIATION LLC,N560TW,N560TW_2024-05-21_airplanes-live_trace_full.json.gz
N560TW,2024-05-27,airplanes-live,0,none,T W LEWIS-AVIATION LLC,N560TW,N560TW_2024-05-27_airplanes-live_trace_full.json.gz
N560TW,2024-06-02,airplanes-live,0,none,T W LEWIS-AVIATION LLC,N560TW,N560TW_2024-06-02_airplanes-live_trace_full.json.gz
N560TW,2024-06-09,adsb-lol,0,none,T W LEWIS-AVIATION LLC,N560TW,N560TW_2024-06-09_adsb-lol_trace_full.json.gz
N560TW,2024-06-09,airplanes-live,0,none,T W LEWIS-AVIATION LLC,N560TW,N560TW_2024-06-09_airplanes-live_trace_full.json.gz
N560TW,2024-06-11,adsb-lol,0,none,T W LEWIS-AVIATION LLC,N560TW,N560TW_2024-06-11_adsb-lol_trace_full.json.gz
N560TW,2024-06-11,airplanes-live,0,none,T W LEWIS-AVIATION LLC,N560TW,N560TW_2024-06-11_airplanes-live_trace_full.json.gz
N560TW,2024-06-14,adsb-lol,0,none,T W LEWIS-AVIATION LLC,N560TW,N560TW_2024-06-14_adsb-lol_trace_full.json.gz
N560TW,2024-06-14,airplanes-live,0,none,T W LEWIS-AVIATION LLC,N560TW,N560TW_2024-06-14_airplanes-live_trace_full.json.gz
N560TW,2024-06-15,adsb-lol,0,none,T W LEWIS-AVIATION LLC,N560TW,N560TW_2024-06-15_adsb-lol_trace_full.json.gz
N560TW,2024-06-15,airplanes-live,0,none,T W LEWIS-AVIATION LLC,N560TW,N560TW_2024-06-15_airplanes-live_trace_full.json.gz
N560TW,2024-07-01,adsbexchange-samples,0,none,T W LEWIS-AVIATION LLC,N560TW,N560TW_2024-07-01_adsbexchange-samples_trace_full.json
N560TW,2024-07-01,airplanes-live,0,none,T W LEWIS-AVIATION LLC,N560TW,N560TW_2024-07-01_airplanes-live_trace_full.json.gz
N560TW,2024-07-02,airplanes-live,0,none,T W LEWIS-AVIATION LLC,N560TW,N560TW_2024-07-02_airplanes-live_trace_full.json.gz
N560TW,2024-07-07,airplanes-live,0,none,T W LEWIS-AVIATION LLC,N560TW,N560TW_2024-07-07_airplanes-live_trace_full.json.gz
N560TW,2024-07-08,airplanes-live,0,none,T W LEWIS-AVIATION LLC,N560TW,N560TW_2024-07-08_airplanes-live_trace_full.json.gz
N560TW,2024-07-09,airplanes-live,0,none,T W LEWIS-AVIATION LLC,N560TW,N560TW_2024-07-09_airplanes-live_trace_full.json.gz
N560TW,2024-07-17,airplanes-live,0,none,T W LEWIS-AVIATION LLC,N560TW,N560TW_2024-07-17_airplanes-live_trace_full.json.gz
N560TW,2024-08-02,airplanes-live,0,none,T W LEWIS-AVIATION LLC,N560TW,N560TW_2024-08-02_airplanes-live_trace_full.json.gz
N560TW,2024-08-09,airplanes-live,0,none,T W LEWIS-AVIATION LLC,N560TW,N560TW_2024-08-09_airplanes-live_trace_full.json.gz
N560TW,2024-08-11,airplanes-live,0,none,T W LEWIS-AVIATION LLC,N560TW,N560TW_2024-08-11_airplanes-live_trace_full.json.gz
N560TW,2024-08-16,airplanes-live,0,none,T W LEWIS-AVIATION LLC,N560TW,N560TW_2024-08-16_airplanes-live_trace_full.json.gz
N560TW,2024-08-20,airplanes-live,0,none,T W LEWIS-AVIATION LLC,N560TW,N560TW_2024-08-20_airplanes-live_trace_full.json.gz
N560TW,2024-08-23,airplanes-live,0,none,T W LEWIS-AVIATION LLC,N560TW,N560TW_2024-08-23_airplanes-live_trace_full.json.gz
N560TW,2024-08-24,airplanes-live,0,none,T W LEWIS-AVIATION LLC,N560TW,N560TW_2024-08-24_airplanes-live_trace_full.json.gz
N560TW,2024-09-03,adsb-lol,0,none,T W LEWIS-AVIATION LLC,N560TW,N560TW_2024-09-03_adsb-lol_trace_full.json.gz
N560TW,2024-09-03,airplanes-live,0,none,T W LEWIS-AVIATION LLC,N560TW,N560TW_2024-09-03_airplanes-live_trace_full.json.gz
N560TW,2024-09-04,adsb-lol,0,none,T W LEWIS-AVIATION LLC,N560TW,N560TW_2024-09-04_adsb-lol_trace_full.json.gz
N560TW,2024-09-04,airplanes-live,0,none,T W LEWIS-AVIATION LLC,N560TW,N560TW_2024-09-04_airplanes-live_trace_full.json.gz
N560TW,2024-09-12,adsb-lol,0,none,T W LEWIS-AVIATION LLC,N560TW,N560TW_2024-09-12_adsb-lol_trace_full.json.gz
N560TW,2024-09-12,airplanes-live,0,none,T W LEWIS-AVIATION LLC,N560TW,N560TW_2024-09-12_airplanes-live_trace_full.json.gz
N560TW,2024-09-14,adsb-lol,0,none,T W LEWIS-AVIATION LLC,N560TW,N560TW_2024-09-14_adsb-lol_trace_full.json.gz
N560TW,2024-09-14,airplanes-live,0,none,T W LEWIS-AVIATION LLC,N560TW,N560TW_2024-09-14_airplanes-live_trace_full.json.gz
N560TW,2024-09-18,adsb-lol,0,none,T W LEWIS-AVIATION LLC,N560TW,N560TW_2024-09-18_adsb-lol_trace_full.json.gz
N560TW,2024-09-18,airplanes-live,0,none,T W LEWIS-AVIATION LLC,N560TW,N560TW_2024-09-18_airplanes-live_trace_full.json.gz
N560TW,2024-09-19,adsb-lol,0,none,T W LEWIS-AVIATION LLC,N560TW,N560TW_2024-09-19_adsb-lol_trace_full.json.gz
N560TW,2024-09-19,airplanes-live,0,none,T W LEWIS-AVIATION LLC,N560TW,N560TW_2024-09-19_airplanes-live_trace_full.json.gz
N560TW,2024-09-22,airplanes-live,0,none,T W LEWIS-AVIATION LLC,N560TW,N560TW_2024-09-22_airplanes-live_trace_full.json.gz
N560TW,2024-09-23,airplanes-live,0,none,T W LEWIS-AVIATION LLC,N560TW,N560TW_2024-09-23_airplanes-live_trace_full.json.gz
N560TW,2024-09-25,airplanes-live,0,none,T W LEWIS-AVIATION LLC,N560TW,N560TW_2024-09-25_airplanes-live_trace_full.json.gz
N560TW,2024-09-26,airplanes-live,0,none,T W LEWIS-AVIATION LLC,N560TW,N560TW_2024-09-26_airplanes-live_trace_full.json.gz
N560TW,2024-09-27,airplanes-live,0,none,T W LEWIS-AVIATION LLC,N560TW,N560TW_2024-09-27_airplanes-live_trace_full.json.gz
N560TW,2024-09-28,adsb-lol,0,none,T W LEWIS-AVIATION LLC,N560TW,N560TW_2024-09-28_adsb-lol_trace_full.json.gz
N560TW,2024-09-28,airplanes-live,0,none,T W LEWIS-AVIATION LLC,N560TW,N560TW_2024-09-28_airplanes-live_trace_full.json.gz
N560TW,2024-09-30,adsb-lol,0,none,T W LEWIS-AVIATION LLC,N560TW,N560TW_2024-09-30_adsb-lol_trace_full.json.gz
N560TW,2024-09-30,airplanes-live,0,none,T W LEWIS-AVIATION LLC,N560TW,N560TW_2024-09-30_airplanes-live_trace_full.json.gz
N560TW,2024-10-01,adsb-lol,0,none,T W LEWIS-AVIATION LLC,N560TW,N560TW_2024-10-01_adsb-lol_trace_full.json.gz
N560TW,2024-10-01,adsbexchange-samples,0,none,T W LEWIS-AVIATION LLC,N560TW,N560TW_2024-10-01_adsbexchange-samples_trace_full.json
N560TW,2024-10-01,airplanes-live,0,none,T W LEWIS-AVIATION LLC,N560TW,N560TW_2024-10-01_airplanes-live_trace_full.json.gz
N560TW,2024-10-04,airplanes-live,0,none,T W LEWIS-AVIATION LLC,N560TW,N560TW_2024-10-04_airplanes-live_trace_full.json.gz
N560TW,2024-10-11,adsb-lol,0,none,T W LEWIS-AVIATION LLC,N560TW,N560TW_2024-10-11_adsb-lol_trace_full.json.gz
N560TW,2024-10-11,airplanes-live,0,none,T W LEWIS-AVIATION LLC,N560TW,N560TW_2024-10-11_airplanes-live_trace_full.json.gz
N560TW,2024-10-16,adsb-lol,0,none,T W LEWIS-AVIATION LLC,N560TW,N560TW_2024-10-16_adsb-lol_trace_full.json.gz
N560TW,2024-10-16,airplanes-live,0,none,T W LEWIS-AVIATION LLC,N560TW,N560TW_2024-10-16_airplanes-live_trace_full.json.gz
N560TW,2024-10-17,adsb-lol,0,none,T W LEWIS-AVIATION LLC,N560TW,N560TW_2024-10-17_adsb-lol_trace_full.json.gz
N560TW,2024-10-17,airplanes-live,0,none,T W LEWIS-AVIATION LLC,N560TW,N560TW_2024-10-17_airplanes-live_trace_full.json.gz
N560TW,2024-10-18,adsb-lol,0,none,T W LEWIS-AVIATION LLC,N560TW,N560TW_2024-10-18_adsb-lol_trace_full.json.gz
N560TW,2024-10-18,airplanes-live,0,none,T W LEWIS-AVIATION LLC,N560TW,N560TW_2024-10-18_airplanes-live_trace_full.json.gz
N560TW,2024-10-19,adsb-lol,0,none,T W LEWIS-AVIATION LLC,N560TW,N560TW_2024-10-19_adsb-lol_trace_full.json.gz
N560TW,2024-10-19,airplanes-live,0,none,T W LEWIS-AVIATION LLC,N560TW,N560TW_2024-10-19_airplanes-live_trace_full.json.gz
N560TW,2024-10-20,adsb-lol,0,none,T W LEWIS-AVIATION LLC,N560TW,N560TW_2024-10-20_adsb-lol_trace_full.json.gz
N560TW,2024-10-20,airplanes-live,0,none,T W LEWIS-AVIATION LLC,N560TW,N560TW_2024-10-20_airplanes-live_trace_full.json.gz
N560TW,2024-10-21,adsb-lol,0,none,T W LEWIS-AVIATION LLC,N560TW,N560TW_2024-10-21_adsb-lol_trace_full.json.gz
N560TW,2024-10-21,airplanes-live,0,none,T W LEWIS-AVIATION LLC,N560TW,N560TW_2024-10-21_airplanes-live_trace_full.json.gz
N560TW,2024-10-22,adsb-lol,0,none,T W LEWIS-AVIATION LLC,N560TW,N560TW_2024-10-22_adsb-lol_trace_full.json.gz
N560TW,2024-10-22,airplanes-live,0,none,T W LEWIS-AVIATION LLC,N560TW,N560TW_2024-10-22_airplanes-live_trace_full.json.gz
N560TW,2024-10-23,adsb-lol,0,none,T W LEWIS-AVIATION LLC,N560TW,N560TW_2024-10-23_adsb-lol_trace_full.json.gz
N560TW,2024-10-23,airplanes-live,0,none,T W LEWIS-AVIATION LLC,N560TW,N560TW_2024-10-23_airplanes-live_trace_full.json.gz
N560TW,2024-10-24,adsb-lol,0,none,T W LEWIS-AVIATION LLC,N560TW,N560TW_2024-10-24_adsb-lol_trace_full.json.gz
N560TW,2024-10-24,airplanes-live,0,none,T W LEWIS-AVIATION LLC,N560TW,N560TW_2024-10-24_airplanes-live_trace_full.json.gz
N560TW,2024-10-27,adsb-lol,0,none,T W LEWIS-AVIATION LLC,N560TW,N560TW_2024-10-27_adsb-lol_trace_full.json.gz
N560TW,2024-10-27,airplanes-live,0,none,T W LEWIS-AVIATION LLC,N560TW,N560TW_2024-10-27_airplanes-live_trace_full.json.gz
N560TW,2024-10-28,adsb-lol,0,none,T W LEWIS-AVIATION LLC,N560TW,N560TW_2024-10-28_adsb-lol_trace_full.json.gz
N560TW,2024-10-28,airplanes-live,0,none,T W LEWIS-AVIATION LLC,N560TW,N560TW_2024-10-28_airplanes-live_trace_full.json.gz
N560TW,2024-10-29,adsb-lol,0,none,T W LEWIS-AVIATION LLC,N560TW,N560TW_2024-10-29_adsb-lol_trace_full.json.gz
N560TW,2024-10-29,airplanes-live,0,none,T W LEWIS-AVIATION LLC,N560TW,N560TW_2024-10-29_airplanes-live_trace_full.json.gz
N560TW,2024-11-01,adsb-lol,0,none,T W LEWIS-AVIATION LLC,N560TW,N560TW_2024-11-01_adsb-lol_trace_full.json.gz
N560TW,2024-11-01,adsbexchange-samples,0,none,T W LEWIS-AVIATION LLC,N560TW,N560TW_2024-11-01_adsbexchange-samples_trace_full.json
N560TW,2024-11-01,airplanes-live,0,none,T W LEWIS-AVIATION LLC,N560TW,N560TW_2024-11-01_airplanes-live_trace_full.json.gz
N560TW,2024-11-05,airplanes-live,0,none,T W LEWIS-AVIATION LLC,N560TW,N560TW_2024-11-05_airplanes-live_trace_full.json.gz
N560TW,2024-11-08,airplanes-live,0,none,T W LEWIS-AVIATION LLC,N560TW,N560TW_2024-11-08_airplanes-live_trace_full.json.gz
N560TW,2024-11-16,airplanes-live,0,none,T W LEWIS-AVIATION LLC,N560TW,N560TW_2024-11-16_airplanes-live_trace_full.json.gz
N560TW,2024-11-19,airplanes-live,0,none,T W LEWIS-AVIATION LLC,N560TW,N560TW_2024-11-19_airplanes-live_trace_full.json.gz
N560TW,2024-11-22,airplanes-live,0,none,T W LEWIS-AVIATION LLC,N560TW,N560TW_2024-11-22_airplanes-live_trace_full.json.gz
N560TW,2024-11-29,airplanes-live,0,none,T W LEWIS-AVIATION LLC,N560TW,N560TW_2024-11-29_airplanes-live_trace_full.json.gz
N560TW,2024-12-01,adsbexchange-samples,0,none,T W LEWIS-AVIATION LLC,N560TW,N560TW_2024-12-01_adsbexchange-samples_trace_full.json
N560TW,2024-12-01,airplanes-live,0,none,T W LEWIS-AVIATION LLC,N560TW,N560TW_2024-12-01_airplanes-live_trace_full.json.gz
N560TW,2024-12-02,airplanes-live,0,none,T W LEWIS-AVIATION LLC,N560TW,N560TW_2024-12-02_airplanes-live_trace_full.json.gz
N560TW,2024-12-03,airplanes-live,0,none,T W LEWIS-AVIATION LLC,N560TW,N560TW_2024-12-03_airplanes-live_trace_full.json.gz
N560TW,2024-12-06,airplanes-live,0,none,T W LEWIS-AVIATION LLC,N560TW,N560TW_2024-12-06_airplanes-live_trace_full.json.gz
N560TW,2024-12-07,airplanes-live,0,none,T W LEWIS-AVIATION LLC,N560TW,N560TW_2024-12-07_airplanes-live_trace_full.json.gz
N560TW,2024-12-13,airplanes-live,0,none,T W LEWIS-AVIATION LLC,N560TW,N560TW_2024-12-13_airplanes-live_trace_full.json.gz
N560TW,2024-12-17,adsb-lol,0,none,T W LEWIS-AVIATION LLC,N560TW,N560TW_2024-12-17_adsb-lol_trace_full.json.gz
N560TW,2024-12-17,airplanes-live,0,none,T W LEWIS-AVIATION LLC,N560TW,N560TW_2024-12-17_airplanes-live_trace_full.json.gz
N560TW,2024-12-20,adsb-lol,0,none,T W LEWIS-AVIATION LLC,N560TW,N560TW_2024-12-20_adsb-lol_trace_full.json.gz
N560TW,2024-12-20,airplanes-live,0,none,T W LEWIS-AVIATION LLC,N560TW,N560TW_2024-12-20_airplanes-live_trace_full.json.gz
N560TW,2024-12-21,adsb-lol,0,none,T W LEWIS-AVIATION LLC,N560TW,N560TW_2024-12-21_adsb-lol_trace_full.json.gz
N560TW,2024-12-21,airplanes-live,0,none,T W LEWIS-AVIATION LLC,N560TW,N560TW_2024-12-21_airplanes-live_trace_full.json.gz
N560TW,2024-12-28,airplanes-live,0,none,T W LEWIS-AVIATION LLC,N560TW,N560TW_2024-12-28_airplanes-live_trace_full.json.gz
N560TW,2025-01-02,airplanes-live,0,none,T W LEWIS-AVIATION LLC,N560TW,N560TW_2025-01-02_airplanes-live_trace_full.json.gz
N560TW,2025-01-03,airplanes-live,0,none,T W LEWIS-AVIATION LLC,N560TW,N560TW_2025-01-03_airplanes-live_trace_full.json.gz
N560TW,2025-01-04,airplanes-live,0,none,T W LEWIS-AVIATION LLC,N560TW,N560TW_2025-01-04_airplanes-live_trace_full.json.gz
N560TW,2025-01-05,airplanes-live,0,none,T W LEWIS-AVIATION LLC,N560TW,N560TW_2025-01-05_airplanes-live_trace_full.json.gz
N560TW,2025-01-07,airplanes-live,0,none,T W LEWIS-AVIATION LLC,N560TW,N560TW_2025-01-07_airplanes-live_trace_full.json.gz
N560TW,2025-01-11,airplanes-live,0,none,T W LEWIS-AVIATION LLC,N560TW,N560TW_2025-01-11_airplanes-live_trace_full.json.gz
N560TW,2025-01-14,airplanes-live,0,none,T W LEWIS-AVIATION LLC,N560TW,N560TW_2025-01-14_airplanes-live_trace_full.json.gz
N560TW,2025-01-17,adsb-lol,0,none,T W LEWIS-AVIATION LLC,N560TW,N560TW_2025-01-17_adsb-lol_trace_full.json.gz
N560TW,2025-01-17,airplanes-live,0,none,T W LEWIS-AVIATION LLC,N560TW,N560TW_2025-01-17_airplanes-live_trace_full.json.gz
N560TW,2025-01-21,adsb-lol,0,none,T W LEWIS-AVIATION LLC,N560TW,N560TW_2025-01-21_adsb-lol_trace_full.json.gz
N560TW,2025-01-21,airplanes-live,0,none,T W LEWIS-AVIATION LLC,N560TW,N560TW_2025-01-21_airplanes-live_trace_full.json.gz
N560TW,2025-01-23,airplanes-live,0,none,T W LEWIS-AVIATION LLC,N560TW,N560TW_2025-01-23_airplanes-live_trace_full.json.gz
N560TW,2025-01-25,airplanes-live,0,none,T W LEWIS-AVIATION LLC,N560TW,N560TW_2025-01-25_airplanes-live_trace_full.json.gz
N560TW,2025-01-26,airplanes-live,0,none,T W LEWIS-AVIATION LLC,N560TW,N560TW_2025-01-26_airplanes-live_trace_full.json.gz
N560TW,2025-01-28,airplanes-live,0,none,T W LEWIS-AVIATION LLC,N560TW,N560TW_2025-01-28_airplanes-live_trace_full.json.gz
N560TW,2025-02-05,airplanes-live,0,none,T W LEWIS-AVIATION LLC,N560TW,N560TW_2025-02-05_airplanes-live_trace_full.json.gz
N560TW,2025-02-10,airplanes-live,0,none,T W LEWIS-AVIATION LLC,N560TW,N560TW_2025-02-10_airplanes-live_trace_full.json.gz
N560TW,2025-02-12,airplanes-live,0,none,T W LEWIS-AVIATION LLC,N560TW,N560TW_2025-02-12_airplanes-live_trace_full.json.gz
N560TW,2025-02-13,airplanes-live,0,none,T W LEWIS-AVIATION LLC,N560TW,N560TW_2025-02-13_airplanes-live_trace_full.json.gz
N560TW,2025-02-14,airplanes-live,0,none,T W LEWIS-AVIATION LLC,N560TW,N560TW_2025-02-14_airplanes-live_trace_full.json.gz
N560TW,2025-02-15,airplanes-live,0,none,T W LEWIS-AVIATION LLC,N560TW,N560TW_2025-02-15_airplanes-live_trace_full.json.gz
N560TW,2025-02-18,adsb-lol,0,none,T W LEWIS-AVIATION LLC,N560TW,N560TW_2025-02-18_adsb-lol_trace_full.json.gz
N560TW,2025-02-18,airplanes-live,0,none,T W LEWIS-AVIATION LLC,N560TW,N560TW_2025-02-18_airplanes-live_trace_full.json.gz
N560TW,2025-02-19,adsb-lol,0,none,T W LEWIS-AVIATION LLC,N560TW,N560TW_2025-02-19_adsb-lol_trace_full.json.gz
N560TW,2025-02-19,airplanes-live,0,none,T W LEWIS-AVIATION LLC,N560TW,N560TW_2025-02-19_airplanes-live_trace_full.json.gz
N560TW,2025-02-24,airplanes-live,0,none,T W LEWIS-AVIATION LLC,N560TW,N560TW_2025-02-24_airplanes-live_trace_full.json.gz
N560TW,2025-02-25,adsb-lol,0,none,T W LEWIS-AVIATION LLC,N560TW,N560TW_2025-02-25_adsb-lol_trace_full.json.gz
N560TW,2025-02-25,airplanes-live,0,none,T W LEWIS-AVIATION LLC,N560TW,N560TW_2025-02-25_airplanes-live_trace_full.json.gz
N560TW,2025-02-26,adsb-lol,0,none,T W LEWIS-AVIATION LLC,N560TW,N560TW_2025-02-26_adsb-lol_trace_full.json.gz
N560TW,2025-02-26,airplanes-live,0,none,T W LEWIS-AVIATION LLC,N560TW,N560TW_2025-02-26_airplanes-live_trace_full.json.gz
N560TW,2025-02-27,adsb-lol,0,none,T W LEWIS-AVIATION LLC,N560TW,N560TW_2025-02-27_adsb-lol_trace_full.json.gz
N560TW,2025-02-27,airplanes-live,0,none,T W LEWIS-AVIATION LLC,N560TW,N560TW_2025-02-27_airplanes-live_trace_full.json.gz
N560TW,2025-03-01,adsb-lol,0,none,T W LEWIS-AVIATION LLC,N560TW,N560TW_2025-03-01_adsb-lol_trace_full.json.gz
N560TW,2025-03-01,adsbexchange-samples,0,none,T W LEWIS-AVIATION LLC,N560TW,N560TW_2025-03-01_adsbexchange-samples_trace_full.json
N560TW,2025-03-01,airplanes-live,0,none,T W LEWIS-AVIATION LLC,N560TW,N560TW_2025-03-01_airplanes-live_trace_full.json.gz
N560TW,2025-03-05,adsb-lol,0,none,T W LEWIS-AVIATION LLC,N560TW,N560TW_2025-03-05_adsb-lol_trace_full.json.gz
N560TW,2025-03-05,airplanes-live,0,none,T W LEWIS-AVIATION LLC,N560TW,N560TW_2025-03-05_airplanes-live_trace_full.json.gz
N560TW,2025-03-11,adsb-lol,0,none,T W LEWIS-AVIATION LLC,N560TW,N560TW_2025-03-11_adsb-lol_trace_full.json.gz
N560TW,2025-03-11,airplanes-live,0,none,T W LEWIS-AVIATION LLC,N560TW,N560TW_2025-03-11_airplanes-live_trace_full.json.gz
N560TW,2025-03-14,adsb-lol,0,none,T W LEWIS-AVIATION LLC,N560TW,N560TW_2025-03-14_adsb-lol_trace_full.json.gz
N560TW,2025-03-14,airplanes-live,0,none,T W LEWIS-AVIATION LLC,N560TW,N560TW_2025-03-14_airplanes-live_trace_full.json.gz
N560TW,2025-03-16,adsb-lol,0,none,T W LEWIS-AVIATION LLC,N560TW,N560TW_2025-03-16_adsb-lol_trace_full.json.gz
N560TW,2025-03-16,airplanes-live,0,none,T W LEWIS-AVIATION LLC,N560TW,N560TW_2025-03-16_airplanes-live_trace_full.json.gz
N560TW,2025-03-21,adsb-lol,0,none,T W LEWIS-AVIATION LLC,N560TW,N560TW_2025-03-21_adsb-lol_trace_full.json.gz
N560TW,2025-03-21,airplanes-live,0,none,T W LEWIS-AVIATION LLC,N560TW,N560TW_2025-03-21_airplanes-live_trace_full.json.gz
N560TW,2025-03-25,airplanes-live,0,none,T W LEWIS-AVIATION LLC,N560TW,N560TW_2025-03-25_airplanes-live_trace_full.json.gz
N560TW,2025-03-27,airplanes-live,0,none,T W LEWIS-AVIATION LLC,N560TW,N560TW_2025-03-27_airplanes-live_trace_full.json.gz
N560TW,2025-03-30,airplanes-live,0,none,T W LEWIS-AVIATION LLC,N560TW,N560TW_2025-03-30_airplanes-live_trace_full.json.gz
N560TW,2025-04-02,airplanes-live,0,none,T W LEWIS-AVIATION LLC,N560TW,N560TW_2025-04-02_airplanes-live_trace_full.json.gz
N560TW,2025-04-03,airplanes-live,0,none,T W LEWIS-AVIATION LLC,N560TW,N560TW_2025-04-03_airplanes-live_trace_full.json.gz
N560TW,2025-04-04,airplanes-live,0,none,T W LEWIS-AVIATION LLC,N560TW,N560TW_2025-04-04_airplanes-live_trace_full.json.gz
N560TW,2025-04-07,adsb-lol,0,none,T W LEWIS-AVIATION LLC,N560TW,N560TW_2025-04-07_adsb-lol_trace_full.json.gz
N560TW,2025-04-07,airplanes-live,0,none,T W LEWIS-AVIATION LLC,N560TW,N560TW_2025-04-07_airplanes-live_trace_full.json.gz
N560TW,2025-04-10,adsb-lol,0,none,T W LEWIS-AVIATION LLC,N560TW,N560TW_2025-04-10_adsb-lol_trace_full.json.gz
N560TW,2025-04-10,airplanes-live,0,none,T W LEWIS-AVIATION LLC,N560TW,N560TW_2025-04-10_airplanes-live_trace_full.json.gz
N560TW,2025-04-12,adsb-lol,0,none,T W LEWIS-AVIATION LLC,N560TW,N560TW_2025-04-12_adsb-lol_trace_full.json.gz
N560TW,2025-04-12,airplanes-live,0,none,T W LEWIS-AVIATION LLC,N560TW,N560TW_2025-04-12_airplanes-live_trace_full.json.gz
N560TW,2025-04-13,adsb-lol,0,none,T W LEWIS-AVIATION LLC,N560TW,N560TW_2025-04-13_adsb-lol_trace_full.json.gz
N560TW,2025-04-13,airplanes-live,0,none,T W LEWIS-AVIATION LLC,N560TW,N560TW_2025-04-13_airplanes-live_trace_full.json.gz
N560TW,2025-04-18,airplanes-live,0,none,T W LEWIS-AVIATION LLC,N560TW,N560TW_2025-04-18_airplanes-live_trace_full.json.gz
N560TW,2025-04-21,adsb-lol,0,none,T W LEWIS-AVIATION LLC,N560TW,N560TW_2025-04-21_adsb-lol_trace_full.json.gz
N560TW,2025-04-21,airplanes-live,0,none,T W LEWIS-AVIATION LLC,N560TW,N560TW_2025-04-21_airplanes-live_trace_full.json.gz
N560TW,2025-04-22,adsb-lol,0,none,T W LEWIS-AVIATION LLC,N560TW,N560TW_2025-04-22_adsb-lol_trace_full.json.gz
N560TW,2025-04-22,airplanes-live,0,none,T W LEWIS-AVIATION LLC,N560TW,N560TW_2025-04-22_airplanes-live_trace_full.json.gz
N560TW,2025-04-25,adsb-lol,0,none,T W LEWIS-AVIATION LLC,N560TW,N560TW_2025-04-25_adsb-lol_trace_full.json.gz
N560TW,2025-04-25,airplanes-live,0,none,T W LEWIS-AVIATION LLC,N560TW,N560TW_2025-04-25_airplanes-live_trace_full.json.gz
N560TW,2025-05-04,adsb-lol,0,none,T W LEWIS-AVIATION LLC,N560TW,N560TW_2025-05-04_adsb-lol_trace_full.json.gz
N560TW,2025-05-04,airplanes-live,0,none,T W LEWIS-AVIATION LLC,N560TW,N560TW_2025-05-04_airplanes-live_trace_full.json.gz
N560TW,2025-05-05,adsb-lol,0,none,T W LEWIS-AVIATION LLC,N560TW,N560TW_2025-05-05_adsb-lol_trace_full.json.gz
N560TW,2025-05-05,airplanes-live,0,none,T W LEWIS-AVIATION LLC,N560TW,N560TW_2025-05-05_airplanes-live_trace_full.json.gz
N560TW,2025-05-07,adsb-lol,0,none,T W LEWIS-AVIATION LLC,N560TW,N560TW_2025-05-07_adsb-lol_trace_full.json.gz
N560TW,2025-05-07,airplanes-live,0,none,T W LEWIS-AVIATION LLC,N560TW,N560TW_2025-05-07_airplanes-live_trace_full.json.gz
N560TW,2025-05-08,adsb-lol,0,none,T W LEWIS-AVIATION LLC,N560TW,N560TW_2025-05-08_adsb-lol_trace_full.json.gz
N560TW,2025-05-08,airplanes-live,0,none,T W LEWIS-AVIATION LLC,N560TW,N560TW_2025-05-08_airplanes-live_trace_full.json.gz
N560TW,2025-05-09,airplanes-live,0,none,T W LEWIS-AVIATION LLC,N560TW,N560TW_2025-05-09_airplanes-live_trace_full.json.gz
N560TW,2025-05-10,airplanes-live,0,none,T W LEWIS-AVIATION LLC,N560TW,N560TW_2025-05-10_airplanes-live_trace_full.json.gz
N560TW,2025-05-15,airplanes-live,0,none,T W LEWIS-AVIATION LLC,N560TW,N560TW_2025-05-15_airplanes-live_trace_full.json.gz
N560TW,2025-05-16,airplanes-live,0,none,T W LEWIS-AVIATION LLC,N560TW,N560TW_2025-05-16_airplanes-live_trace_full.json.gz
N560TW,2025-05-17,airplanes-live,0,none,T W LEWIS-AVIATION LLC,N560TW,N560TW_2025-05-17_airplanes-live_trace_full.json.gz
N560TW,2025-05-21,airplanes-live,0,none,T W LEWIS-AVIATION LLC,N560TW,N560TW_2025-05-21_airplanes-live_trace_full.json.gz
N560TW,2025-05-22,airplanes-live,0,none,T W LEWIS-AVIATION LLC,N560TW,N560TW_2025-05-22_airplanes-live_trace_full.json.gz
N560TW,2025-05-23,adsb-lol,0,none,T W LEWIS-AVIATION LLC,N560TW,N560TW_2025-05-23_adsb-lol_trace_full.json.gz
N560TW,2025-05-23,airplanes-live,0,none,T W LEWIS-AVIATION LLC,N560TW,N560TW_2025-05-23_airplanes-live_trace_full.json.gz
N560TW,2025-05-27,airplanes-live,0,none,T W LEWIS-AVIATION LLC,N560TW,N560TW_2025-05-27_airplanes-live_trace_full.json.gz
N560TW,2025-05-29,airplanes-live,0,none,T W LEWIS-AVIATION LLC,N560TW,N560TW_2025-05-29_airplanes-live_trace_full.json.gz
N560TW,2025-05-30,airplanes-live,0,none,T W LEWIS-AVIATION LLC,N560TW,N560TW_2025-05-30_airplanes-live_trace_full.json.gz
N560TW,2025-06-03,airplanes-live,0,none,T W LEWIS-AVIATION LLC,N560TW,N560TW_2025-06-03_airplanes-live_trace_full.json.gz
N560TW,2025-06-05,airplanes-live,0,none,T W LEWIS-AVIATION LLC,N560TW,N560TW_2025-06-05_airplanes-live_trace_full.json.gz
N560TW,2025-06-06,airplanes-live,0,none,T W LEWIS-AVIATION LLC,N560TW,N560TW_2025-06-06_airplanes-live_trace_full.json.gz
N560TW,2025-06-09,airplanes-live,0,none,T W LEWIS-AVIATION LLC,N560TW,N560TW_2025-06-09_airplanes-live_trace_full.json.gz
N560TW,2025-06-11,adsb-lol,0,none,T W LEWIS-AVIATION LLC,N560TW,N560TW_2025-06-11_adsb-lol_trace_full.json.gz
N560TW,2025-06-11,airplanes-live,0,none,T W LEWIS-AVIATION LLC,N560TW,N560TW_2025-06-11_airplanes-live_trace_full.json.gz
N560TW,2025-06-12,adsb-lol,0,none,T W LEWIS-AVIATION LLC,N560TW,N560TW_2025-06-12_adsb-lol_trace_full.json.gz
N560TW,2025-06-12,airplanes-live,0,none,T W LEWIS-AVIATION LLC,N560TW,N560TW_2025-06-12_airplanes-live_trace_full.json.gz
N560TW,2025-06-13,adsb-lol,0,none,T W LEWIS-AVIATION LLC,N560TW,N560TW_2025-06-13_adsb-lol_trace_full.json.gz
N560TW,2025-06-13,airplanes-live,0,none,T W LEWIS-AVIATION LLC,N560TW,N560TW_2025-06-13_airplanes-live_trace_full.json.gz
N560TW,2025-06-18,adsb-lol,0,none,T W LEWIS-AVIATION LLC,N560TW,N560TW_2025-06-18_adsb-lol_trace_full.json.gz
N560TW,2025-06-18,airplanes-live,0,none,T W LEWIS-AVIATION LLC,N560TW,N560TW_2025-06-18_airplanes-live_trace_full.json.gz
N560TW,2025-06-19,airplanes-live,0,none,T W LEWIS-AVIATION LLC,N560TW,N560TW_2025-06-19_airplanes-live_trace_full.json.gz
N560TW,2025-06-20,airplanes-live,0,none,T W LEWIS-AVIATION LLC,N560TW,N560TW_2025-06-20_airplanes-live_trace_full.json.gz
N560TW,2025-07-02,airplanes-live,0,none,T W LEWIS-AVIATION LLC,N560TW,N560TW_2025-07-02_airplanes-live_trace_full.json.gz
N560TW,2025-07-18,airplanes-live,0,none,T W LEWIS-AVIATION LLC,N560TW,N560TW_2025-07-18_airplanes-live_trace_full.json.gz
N560TW,2025-07-20,adsb-lol,0,none,T W LEWIS-AVIATION LLC,N560TW,N560TW_2025-07-20_adsb-lol_trace_full.json.gz
N560TW,2025-07-20,airplanes-live,0,none,T W LEWIS-AVIATION LLC,N560TW,N560TW_2025-07-20_airplanes-live_trace_full.json.gz
N560TW,2025-07-22,airplanes-live,0,none,T W LEWIS-AVIATION LLC,N560TW,N560TW_2025-07-22_airplanes-live_trace_full.json.gz
N560TW,2025-07-23,airplanes-live,0,none,T W LEWIS-AVIATION LLC,N560TW,N560TW_2025-07-23_airplanes-live_trace_full.json.gz
N560TW,2025-07-24,airplanes-live,0,none,T W LEWIS-AVIATION LLC,N560TW,N560TW_2025-07-24_airplanes-live_trace_full.json.gz
N560TW,2025-07-25,airplanes-live,0,none,T W LEWIS-AVIATION LLC,N560TW,N560TW_2025-07-25_airplanes-live_trace_full.json.gz
N560TW,2025-07-28,airplanes-live,0,none,T W LEWIS-AVIATION LLC,N560TW,N560TW_2025-07-28_airplanes-live_trace_full.json.gz
N560TW,2025-08-01,adsbexchange-samples,0,none,T W LEWIS-AVIATION LLC,N560TW,N560TW_2025-08-01_adsbexchange-samples_trace_full.json
N560TW,2025-08-01,airplanes-live,0,none,T W LEWIS-AVIATION LLC,N560TW,N560TW_2025-08-01_airplanes-live_trace_full.json.gz
N560TW,2025-08-08,adsb-lol,0,none,T W LEWIS-AVIATION LLC,N560TW,N560TW_2025-08-08_adsb-lol_trace_full.json.gz
N560TW,2025-08-08,airplanes-live,0,none,T W LEWIS-AVIATION LLC,N560TW,N560TW_2025-08-08_airplanes-live_trace_full.json.gz
N560TW,2025-08-10,adsb-lol,0,none,T W LEWIS-AVIATION LLC,N560TW,N560TW_2025-08-10_adsb-lol_trace_full.json.gz
N560TW,2025-08-10,airplanes-live,0,none,T W LEWIS-AVIATION LLC,N560TW,N560TW_2025-08-10_airplanes-live_trace_full.json.gz
N560TW,2025-08-11,airplanes-live,0,none,T W LEWIS-AVIATION LLC,N560TW,N560TW_2025-08-11_airplanes-live_trace_full.json.gz
N560TW,2025-08-15,airplanes-live,0,none,T W LEWIS-AVIATION LLC,N560TW,N560TW_2025-08-15_airplanes-live_trace_full.json.gz
N560TW,2025-08-22,adsb-lol,0,none,T W LEWIS-AVIATION LLC,N560TW,N560TW_2025-08-22_adsb-lol_trace_full.json.gz
N560TW,2025-08-22,airplanes-live,0,none,T W LEWIS-AVIATION LLC,N560TW,N560TW_2025-08-22_airplanes-live_trace_full.json.gz
N560TW,2025-08-25,airplanes-live,0,none,T W LEWIS-AVIATION LLC,N560TW,N560TW_2025-08-25_airplanes-live_trace_full.json.gz
N560TW,2025-08-28,airplanes-live,0,none,T W LEWIS-AVIATION LLC,N560TW,N560TW_2025-08-28_airplanes-live_trace_full.json.gz
N560TW,2025-08-29,airplanes-live,0,none,T W LEWIS-AVIATION LLC,N560TW,N560TW_2025-08-29_airplanes-live_trace_full.json.gz
N560TW,2025-09-01,adsb-lol,0,none,T W LEWIS-AVIATION LLC,N560TW,N560TW_2025-09-01_adsb-lol_trace_full.json
N560TW,2025-09-01,adsbexchange-samples,0,none,T W LEWIS-AVIATION LLC,N560TW,N560TW_2025-09-01_adsbexchange-samples_trace_full.json
N560TW,2025-09-01,airplanes-live,0,none,T W LEWIS-AVIATION LLC,N560TW,N560TW_2025-09-01_airplanes-live_trace_full.json
N560TW,2025-09-02,adsb-lol,0,none,T W LEWIS-AVIATION LLC,N560TW,N560TW_2025-09-02_adsb-lol_trace_full.json
N560TW,2025-09-02,airplanes-live,0,none,T W LEWIS-AVIATION LLC,N560TW,N560TW_2025-09-02_airplanes-live_trace_full.json
N560TW,2025-09-05,adsb-lol,0,none,T W LEWIS-AVIATION LLC,N560TW,N560TW_2025-09-05_adsb-lol_trace_full.json
N560TW,2025-09-05,airplanes-live,0,none,T W LEWIS-AVIATION LLC,N560TW,N560TW_2025-09-05_airplanes-live_trace_full.json
N560TW,2025-09-07,adsb-lol,0,none,T W LEWIS-AVIATION LLC,N560TW,N560TW_2025-09-07_adsb-lol_trace_full.json
N560TW,2025-09-07,airplanes-live,0,none,T W LEWIS-AVIATION LLC,N560TW,N560TW_2025-09-07_airplanes-live_trace_full.json
N560TW,2025-09-10,adsb-lol,0,none,T W LEWIS-AVIATION LLC,N560TW,N560TW_2025-09-10_adsb-lol_trace_full.json
N560TW,2025-09-10,airplanes-live,0,none,T W LEWIS-AVIATION LLC,N560TW,N560TW_2025-09-10_airplanes-live_trace_full.json
N560TW,2025-09-12,adsb-lol,0,none,T W LEWIS-AVIATION LLC,N560TW,N560TW_2025-09-12_adsb-lol_trace_full.json
N560TW,2025-09-12,airplanes-live,0,none,T W LEWIS-AVIATION LLC,N560TW,N560TW_2025-09-12_airplanes-live_trace_full.json
N560TW,2025-09-13,adsb-lol,0,none,T W LEWIS-AVIATION LLC,N560TW,N560TW_2025-09-13_adsb-lol_trace_full.json
N560TW,2025-09-13,airplanes-live,0,none,T W LEWIS-AVIATION LLC,N560TW,N560TW_2025-09-13_airplanes-live_trace_full.json
N560TW,2025-09-18,adsb-lol,0,none,T W LEWIS-AVIATION LLC,N560TW,N560TW_2025-09-18_adsb-lol_trace_full.json.gz
N560TW,2025-09-18,airplanes-live,0,none,T W LEWIS-AVIATION LLC,N560TW,N560TW_2025-09-18_airplanes-live_trace_full.json.gz
N560TW,2025-09-19,adsb-lol,0,none,T W LEWIS-AVIATION LLC,N560TW,N560TW_2025-09-19_adsb-lol_trace_full.json.gz
N560TW,2025-09-19,airplanes-live,0,none,T W LEWIS-AVIATION LLC,N560TW,N560TW_2025-09-19_airplanes-live_trace_full.json.gz
N560TW,2025-09-21,adsb-lol,0,none,T W LEWIS-AVIATION LLC,N560TW,N560TW_2025-09-21_adsb-lol_trace_full.json.gz
N560TW,2025-09-21,airplanes-live,0,none,T W LEWIS-AVIATION LLC,N560TW,N560TW_2025-09-21_airplanes-live_trace_full.json.gz
N560TW,2025-09-22,adsb-lol,0,none,T W LEWIS-AVIATION LLC,N560TW,N560TW_2025-09-22_adsb-lol_trace_full.json.gz
N560TW,2025-09-22,airplanes-live,0,none,T W LEWIS-AVIATION LLC,N560TW,N560TW_2025-09-22_airplanes-live_trace_full.json.gz
N560TW,2025-09-26,adsb-lol,0,none,T W LEWIS-AVIATION LLC,N560TW,N560TW_2025-09-26_adsb-lol_trace_full.json.gz
N560TW,2025-09-26,airplanes-live,0,none,T W LEWIS-AVIATION LLC,N560TW,N560TW_2025-09-26_airplanes-live_trace_full.json.gz
N560TW,2025-09-27,adsb-lol,0,none,T W LEWIS-AVIATION LLC,N560TW,N560TW_2025-09-27_adsb-lol_trace_full.json.gz
N560TW,2025-09-27,airplanes-live,0,none,T W LEWIS-AVIATION LLC,N560TW,N560TW_2025-09-27_airplanes-live_trace_full.json.gz
N560TW,2025-09-29,adsb-lol,0,none,T W LEWIS-AVIATION LLC,N560TW,N560TW_2025-09-29_adsb-lol_trace_full.json.gz
N560TW,2025-09-29,airplanes-live,0,none,T W LEWIS-AVIATION LLC,N560TW,N560TW_2025-09-29_airplanes-live_trace_full.json.gz
N560TW,2025-09-30,adsb-lol,0,none,T W LEWIS-AVIATION LLC,N560TW,N560TW_2025-09-30_adsb-lol_trace_full.json.gz
N560TW,2025-09-30,airplanes-live,0,none,T W LEWIS-AVIATION LLC,N560TW,N560TW_2025-09-30_airplanes-live_trace_full.json.gz
N560TW,2025-10-02,adsb-lol,0,none,T W LEWIS-AVIATION LLC,N560TW,N560TW_2025-10-02_adsb-lol_trace_full.json.gz
N560TW,2025-10-02,airplanes-live,0,none,T W LEWIS-AVIATION LLC,N560TW,N560TW_2025-10-02_airplanes-live_trace_full.json.gz
N560TW,2025-10-03,airplanes-live,0,none,T W LEWIS-AVIATION LLC,N560TW,N560TW_2025-10-03_airplanes-live_trace_full.json.gz
N560TW,2025-10-05,adsb-lol,0,none,T W LEWIS-AVIATION LLC,N560TW,N560TW_2025-10-05_adsb-lol_trace_full.json.gz
N560TW,2025-10-05,airplanes-live,0,none,T W LEWIS-AVIATION LLC,N560TW,N560TW_2025-10-05_airplanes-live_trace_full.json.gz
N560TW,2025-10-06,adsb-lol,0,none,T W LEWIS-AVIATION LLC,N560TW,N560TW_2025-10-06_adsb-lol_trace_full.json.gz
N560TW,2025-10-06,airplanes-live,0,none,T W LEWIS-AVIATION LLC,N560TW,N560TW_2025-10-06_airplanes-live_trace_full.json.gz
N560TW,2025-10-08,adsb-lol,0,none,T W LEWIS-AVIATION LLC,N560TW,N560TW_2025-10-08_adsb-lol_trace_full.json
N560TW,2025-10-08,airplanes-live,0,none,T W LEWIS-AVIATION LLC,N560TW,N560TW_2025-10-08_airplanes-live_trace_full.json
N560TW,2025-10-09,adsb-lol,0,none,T W LEWIS-AVIATION LLC,N560TW,N560TW_2025-10-09_adsb-lol_trace_full.json
N560TW,2025-10-09,airplanes-live,0,none,T W LEWIS-AVIATION LLC,N560TW,N560TW_2025-10-09_airplanes-live_trace_full.json
N560TW,2025-10-13,airplanes-live,0,none,T W LEWIS-AVIATION LLC,N560TW,N560TW_2025-10-13_airplanes-live_trace_full.json
N560TW,2025-10-14,airplanes-live,0,none,T W LEWIS-AVIATION LLC,N560TW,N560TW_2025-10-14_airplanes-live_trace_full.json
N560TW,2025-10-17,airplanes-live,0,none,T W LEWIS-AVIATION LLC,N560TW,N560TW_2025-10-17_airplanes-live_trace_full.json.gz
N560TW,2025-10-19,airplanes-live,0,none,T W LEWIS-AVIATION LLC,N560TW,N560TW_2025-10-19_airplanes-live_trace_full.json.gz
N560TW,2025-10-24,airplanes-live,0,none,T W LEWIS-AVIATION LLC,N560TW,N560TW_2025-10-24_airplanes-live_trace_full.json.gz
N560TW,2025-10-28,airplanes-live,0,none,T W LEWIS-AVIATION LLC,N560TW,N560TW_2025-10-28_airplanes-live_trace_full.json.gz
N560TW,2025-10-30,airplanes-live,0,none,T W LEWIS-AVIATION LLC,N560TW,N560TW_2025-10-30_airplanes-live_trace_full.json.gz
N560TW,2025-10-31,airplanes-live,0,none,T W LEWIS-AVIATION LLC,N560TW,N560TW_2025-10-31_airplanes-live_trace_full.json.gz
N560TW,2025-11-02,airplanes-live,0,none,T W LEWIS-AVIATION LLC,N560TW,N560TW_2025-11-02_airplanes-live_trace_full.json.gz
N560TW,2025-11-09,airplanes-live,0,none,T W LEWIS-AVIATION LLC,N560TW,N560TW_2025-11-09_airplanes-live_trace_full.json.gz
N560TW,2025-11-11,airplanes-live,0,none,T W LEWIS-AVIATION LLC,N560TW,N560TW_2025-11-11_airplanes-live_trace_full.json.gz
N560TW,2025-11-14,airplanes-live,0,none,T W LEWIS-AVIATION LLC,N560TW,N560TW_2025-11-14_airplanes-live_trace_full.json.gz
N560TW,2025-11-18,airplanes-live,0,none,T W LEWIS-AVIATION LLC,N560TW,N560TW_2025-11-18_airplanes-live_trace_full.json.gz
N560TW,2025-11-21,airplanes-live,0,none,T W LEWIS-AVIATION LLC,N560TW,N560TW_2025-11-21_airplanes-live_trace_full.json.gz
N560TW,2025-11-25,airplanes-live,0,none,T W LEWIS-AVIATION LLC,N560TW,N560TW_2025-11-25_airplanes-live_trace_full.json.gz
N560TW,2025-11-30,airplanes-live,0,none,T W LEWIS-AVIATION LLC,N560TW,N560TW_2025-11-30_airplanes-live_trace_full.json.gz
N560TW,2025-12-04,airplanes-live,0,none,T W LEWIS-AVIATION LLC,N560TW,N560TW_2025-12-04_airplanes-live_trace_full.json.gz
N560TW,2025-12-07,airplanes-live,0,none,T W LEWIS-AVIATION LLC,N560TW,N560TW_2025-12-07_airplanes-live_trace_full.json.gz
N560TW,2025-12-09,airplanes-live,0,none,T W LEWIS-AVIATION LLC,N560TW,N560TW_2025-12-09_airplanes-live_trace_full.json.gz
N560TW,2025-12-12,airplanes-live,0,none,T W LEWIS-AVIATION LLC,N560TW,N560TW_2025-12-12_airplanes-live_trace_full.json.gz
N560TW,2025-12-14,airplanes-live,0,none,T W LEWIS-AVIATION LLC,N560TW,N560TW_2025-12-14_airplanes-live_trace_full.json.gz
N560TW,2025-12-16,airplanes-live,0,none,T W LEWIS-AVIATION LLC,N560TW,N560TW_2025-12-16_airplanes-live_trace_full.json.gz
N560TW,2025-12-17,airplanes-live,0,none,T W LEWIS-AVIATION LLC,N560TW,N560TW_2025-12-17_airplanes-live_trace_full.json.gz
N560TW,2025-12-18,airplanes-live,0,none,T W LEWIS-AVIATION LLC,N560TW,N560TW_2025-12-18_airplanes-live_trace_full.json.gz
N560TW,2025-12-20,airplanes-live,0,none,T W LEWIS-AVIATION LLC,N560TW,N560TW_2025-12-20_airplanes-live_trace_full.json.gz
N560TW,2025-12-26,airplanes-live,0,none,T W LEWIS-AVIATION LLC,N560TW,N560TW_2025-12-26_airplanes-live_trace_full.json.gz
N560TW,2026-01-03,airplanes-live,0,none,T W LEWIS-AVIATION LLC,N560TW,N560TW_2026-01-03_airplanes-live_trace_full.json.gz
N560TW,2026-01-06,airplanes-live,0,none,T W LEWIS-AVIATION LLC,N560TW,N560TW_2026-01-06_airplanes-live_trace_full.json.gz
N560TW,2026-01-09,airplanes-live,0,none,T W LEWIS-AVIATION LLC,N560TW,N560TW_2026-01-09_airplanes-live_trace_full.json.gz
N560TW,2026-01-10,airplanes-live,0,none,T W LEWIS-AVIATION LLC,N560TW,N560TW_2026-01-10_airplanes-live_trace_full.json.gz
N560TW,2026-01-12,airplanes-live,0,none,T W LEWIS-AVIATION LLC,N560TW,N560TW_2026-01-12_airplanes-live_trace_full.json.gz
N560TW,2026-01-15,airplanes-live,0,none,T W LEWIS-AVIATION LLC,N560TW,N560TW_2026-01-15_airplanes-live_trace_full.json.gz
N560TW,2026-01-19,airplanes-live,0,none,T W LEWIS-AVIATION LLC,N560TW,N560TW_2026-01-19_airplanes-live_trace_full.json.gz
N560TW,2026-01-21,airplanes-live,0,none,T W LEWIS-AVIATION LLC,N560TW,N560TW_2026-01-21_airplanes-live_trace_full.json.gz
N560TW,2026-01-22,airplanes-live,0,none,T W LEWIS-AVIATION LLC,N560TW,N560TW_2026-01-22_airplanes-live_trace_full.json.gz
N560TW,2026-01-23,airplanes-live,0,none,T W LEWIS-AVIATION LLC,N560TW,N560TW_2026-01-23_airplanes-live_trace_full.json.gz
N560TW,2026-01-26,airplanes-live,0,none,T W LEWIS-AVIATION LLC,N560TW,N560TW_2026-01-26_airplanes-live_trace_full.json.gz
N560TW,2026-01-27,airplanes-live,0,none,T W LEWIS-AVIATION LLC,N560TW,N560TW_2026-01-27_airplanes-live_trace_full.json.gz
N560TW,2026-01-28,airplanes-live,0,none,T W LEWIS-AVIATION LLC,N560TW,N560TW_2026-01-28_airplanes-live_trace_full.json.gz
N560TW,2026-02-06,airplanes-live,0,none,T W LEWIS-AVIATION LLC,N560TW,N560TW_2026-02-06_airplanes-live_trace_full.json.gz
N560TW,2026-02-09,airplanes-live,0,none,T W LEWIS-AVIATION LLC,N560TW,N560TW_2026-02-09_airplanes-live_trace_full.json.gz
N560TW,2026-02-10,airplanes-live,0,none,T W LEWIS-AVIATION LLC,N560TW,N560TW_2026-02-10_airplanes-live_trace_full.json.gz
N560TW,2026-02-12,airplanes-live,0,none,T W LEWIS-AVIATION LLC,N560TW,N560TW_2026-02-12_airplanes-live_trace_full.json.gz
N560TW,2026-02-13,airplanes-live,0,none,T W LEWIS-AVIATION LLC,N560TW,N560TW_2026-02-13_airplanes-live_trace_full.json.gz
N560TW,2026-02-16,airplanes-live,0,none,T W LEWIS-AVIATION LLC,N560TW,N560TW_2026-02-16_airplanes-live_trace_full.json.gz
N560TW,2026-02-17,airplanes-live,0,none,T W LEWIS-AVIATION LLC,N560TW,N560TW_2026-02-17_airplanes-live_trace_full.json.gz
N560TW,2026-02-18,airplanes-live,0,none,T W LEWIS-AVIATION LLC,N560TW,N560TW_2026-02-18_airplanes-live_trace_full.json.gz
N560TW,2026-02-26,airplanes-live,0,none,T W LEWIS-AVIATION LLC,N560TW,N560TW_2026-02-26_airplanes-live_trace_full.json.gz
N560TW,2026-02-27,airplanes-live,0,none,T W LEWIS-AVIATION LLC,N560TW,N560TW_2026-02-27_airplanes-live_trace_full.json.gz
N560TW,2026-02-28,airplanes-live,0,none,T W LEWIS-AVIATION LLC,N560TW,N560TW_2026-02-28_airplanes-live_trace_full.json.gz
N560TW,2026-03-03,airplanes-live,0,none,T W LEWIS-AVIATION LLC,N560TW,N560TW_2026-03-03_airplanes-live_trace_full.json.gz
N560TW,2026-03-06,airplanes-live,0,none,T W LEWIS-AVIATION LLC,N560TW,N560TW_2026-03-06_airplanes-live_trace_full.json.gz
N560TW,2026-03-12,airplanes-live,0,none,T W LEWIS-AVIATION LLC,N560TW,N560TW_2026-03-12_airplanes-live_trace_full.json.gz
N560TW,2026-03-15,airplanes-live,0,none,T W LEWIS-AVIATION LLC,N560TW,N560TW_2026-03-15_airplanes-live_trace_full.json.gz
N560TW,2026-03-16,airplanes-live,0,none,T W LEWIS-AVIATION LLC,N560TW,N560TW_2026-03-16_airplanes-live_trace_full.json.gz
N560TW,2026-03-17,airplanes-live,0,none,T W LEWIS-AVIATION LLC,N560TW,N560TW_2026-03-17_airplanes-live_trace_full.json.gz
N560TW,2026-03-20,airplanes-live,0,none,T W LEWIS-AVIATION LLC,N560TW,N560TW_2026-03-20_airplanes-live_trace_full.json.gz
N560TW,2026-03-23,airplanes-live,0,none,T W LEWIS-AVIATION LLC,N560TW,N560TW_2026-03-23_airplanes-live_trace_full.json.gz
N560TW,2026-03-24,airplanes-live,0,none,T W LEWIS-AVIATION LLC,N560TW,N560TW_2026-03-24_airplanes-live_trace_full.json.gz
N560TW,2026-03-25,airplanes-live,0,none,T W LEWIS-AVIATION LLC,N560TW,N560TW_2026-03-25_airplanes-live_trace_full.json.gz
N560TW,2026-04-06,airplanes-live,0,none,T W LEWIS-AVIATION LLC,N560TW,N560TW_2026-04-06_airplanes-live_trace_full.json.gz
N560TW,2026-04-07,airplanes-live,0,none,T W LEWIS-AVIATION LLC,N560TW,N560TW_2026-04-07_airplanes-live_trace_full.json.gz
N560TW,2026-04-10,airplanes-live,0,none,T W LEWIS-AVIATION LLC,N560TW,N560TW_2026-04-10_airplanes-live_trace_full.json.gz
N560TW,2026-04-17,airplanes-live,0,none,T W LEWIS-AVIATION LLC,N560TW,N560TW_2026-04-17_airplanes-live_trace_full.json.gz
N560TW,2026-04-20,airplanes-live,0,none,T W LEWIS-AVIATION LLC,N560TW,N560TW_2026-04-20_airplanes-live_trace_full.json.gz
N560TW,2026-04-21,airplanes-live,0,none,T W LEWIS-AVIATION LLC,N560TW,N560TW_2026-04-21_airplanes-live_trace_full.json.gz
N560TW,2026-04-22,airplanes-live,0,none,T W LEWIS-AVIATION LLC,N560TW,N560TW_2026-04-22_airplanes-live_trace_full.json.gz
N560TW,2026-04-23,airplanes-live,0,none,T W LEWIS-AVIATION LLC,N560TW,N560TW_2026-04-23_airplanes-live_trace_full.json.gz
N560TW,2026-04-24,airplanes-live,0,none,T W LEWIS-AVIATION LLC,N560TW,N560TW_2026-04-24_airplanes-live_trace_full.json.gz
N560TW,2026-04-28,airplanes-live,0,none,T W LEWIS-AVIATION LLC,N560TW,N560TW_2026-04-28_airplanes-live_trace_full.json
N560TW,2026-04-30,airplanes-live,0,none,T W LEWIS-AVIATION LLC,N560TW,N560TW_2026-04-30_airplanes-live_trace_full.json
N560TW,2026-05-03,airplanes-live,0,none,T W LEWIS-AVIATION LLC,N560TW,N560TW_2026-05-03_airplanes-live_trace_full.json
N560TW,2026-05-05,airplanes-live,0,none,T W LEWIS-AVIATION LLC,N560TW,N560TW_2026-05-05_airplanes-live_trace_full.json
N560TW,2026-05-08,airplanes-live,0,none,T W LEWIS-AVIATION LLC,N560TW,N560TW_2026-05-08_airplanes-live_trace_full.json
N560TW,2026-05-13,airplanes-live,0,none,T W LEWIS-AVIATION LLC,N560TW,N560TW_2026-05-13_airplanes-live_trace_full.json
N560TW,2026-05-15,airplanes-live,0,none,T W LEWIS-AVIATION LLC,N560TW,N560TW_2026-05-15_airplanes-live_trace_full.json
N560TW,2026-05-16,airplanes-live,0,none,T W LEWIS-AVIATION LLC,N560TW,N560TW_2026-05-16_airplanes-live_trace_full.json
N560TW,2026-05-17,airplanes-live,0,none,T W LEWIS-AVIATION LLC,N560TW,N560TW_2026-05-17_airplanes-live_trace_full.json
N560TW,2026-05-18,airplanes-live,0,none,T W LEWIS-AVIATION LLC,N560TW,N560TW_2026-05-18_airplanes-live_trace_full.json
N560TW,2026-05-20,airplanes-live,0,none,T W LEWIS-AVIATION LLC,N560TW,N560TW_2026-05-20_airplanes-live_trace_full.json
N560TW,2026-05-21,airplanes-live,0,none,T W LEWIS-AVIATION LLC,N560TW,N560TW_2026-05-21_airplanes-live_trace_full.json
N560TW,2026-05-23,airplanes-live,0,none,T W LEWIS-AVIATION LLC,N560TW,N560TW_2026-05-23_airplanes-live_trace_full.json
N560TW,2026-05-25,airplanes-live,0,none,T W LEWIS-AVIATION LLC,N560TW,N560TW_2026-05-25_airplanes-live_trace_full.json
N560TW,2026-05-29,airplanes-live,0,none,T W LEWIS-AVIATION LLC,N560TW,N560TW_2026-05-29_airplanes-live_trace_full.json
N560TW,2026-06-05,airplanes-live,0,none,T W LEWIS-AVIATION LLC,N560TW,N560TW_2026-06-05_airplanes-live_trace_full.json
N560TW,2026-06-07,airplanes-live,0,none,T W LEWIS-AVIATION LLC,N560TW,N560TW_2026-06-07_airplanes-live_trace_full.json.gz
N560TW,2026-06-08,airplanes-live,0,none,T W LEWIS-AVIATION LLC,N560TW,N560TW_2026-06-08_airplanes-live_trace_full.json.gz
N560TW,2026-06-09,airplanes-live,0,none,T W LEWIS-AVIATION LLC,N560TW,N560TW_2026-06-09_airplanes-live_trace_full.json.gz
N560TW,2026-06-11,airplanes-live,0,none,T W LEWIS-AVIATION LLC,N560TW,N560TW_2026-06-11_airplanes-live_trace_full.json.gz
N560TW,2026-06-15,airplanes-live,0,none,T W LEWIS-AVIATION LLC,N560TW,N560TW_2026-06-15_airplanes-live_trace_full.json.gz
N560TW,2026-06-24,airplanes-live,0,none,T W LEWIS-AVIATION LLC,N560TW,N560TW_2026-06-24_airplanes-live_trace_full.json.gz
N560TW,2026-06-30,airplanes-live,0,none,T W LEWIS-AVIATION LLC,N560TW,N560TW_2026-06-30_airplanes-live_trace_full.json.gz
N560TW,2026-07-02,airplanes-live,0,none,T W LEWIS-AVIATION LLC,N560TW,N560TW_2026-07-02_airplanes-live_trace_full.json.gz
N560TW,2026-07-06,airplanes-live,0,none,T W LEWIS-AVIATION LLC,N560TW,N560TW_2026-07-06_airplanes-live_trace_full.json.gz
N560TW,2026-07-10,airplanes-live,0,none,T W LEWIS-AVIATION LLC,N560TW,N560TW_2026-07-10_airplanes-live_trace_full.json.gz
N560TW,2026-07-11,airplanes-live,0,none,T W LEWIS-AVIATION LLC,N560TW,N560TW_2026-07-11_airplanes-live_trace_full.json.gz
N560TW,2026-07-12,airplanes-live,0,none,T W LEWIS-AVIATION LLC,N560TW,N560TW_2026-07-12_airplanes-live_trace_full.json.gz
N560TW,2026-07-13,airplanes-live,0,none,T W LEWIS-AVIATION LLC,N560TW,N560TW_2026-07-13_airplanes-live_trace_full.json.gz
N560TW,2026-07-14,airplanes-live,0,none,T W LEWIS-AVIATION LLC,N560TW,N560TW_2026-07-14_airplanes-live_trace_full.json.gz
N560TW,2026-07-15,airplanes-live,0,none,T W LEWIS-AVIATION LLC,N560TW,N560TW_2026-07-15_airplanes-live_trace_full.json.gz
N560TW,2026-07-19,airplanes-live,0,none,T W LEWIS-AVIATION LLC,N560TW,N560TW_2026-07-19_airplanes-live_trace_full.json.gz
N560TW,2026-07-20,airplanes-live,0,none,T W LEWIS-AVIATION LLC,N560TW,N560TW_2026-07-20_airplanes-live_trace_full.json.gz
N560TW,2026-07-28,airplanes-live,0,none,T W LEWIS-AVIATION LLC,N560TW,N560TW_2026-07-28_airplanes-live_trace_full.json.gz
N560TW,2026-07-29,airplanes-live,0,none,T W LEWIS-AVIATION LLC,N560TW,N560TW_2026-07-29_airplanes-live_trace_full.json.gz
N560TW,2026-07-30,airplanes-live,0,none,T W LEWIS-AVIATION LLC,N560TW,N560TW_2026-07-30_airplanes-live_trace_full.json.gz
N560TW,2026-08-01,adsbexchange-samples,0,none,T W LEWIS-AVIATION LLC,N560TW,N560TW_2026-08-01_adsbexchange-samples_trace_full.json
N560TW,2026-08-01,airplanes-live,0,none,T W LEWIS-AVIATION LLC,N560TW,N560TW_2026-08-01_airplanes-live_trace_full.json.gz
N560TW,2026-08-05,airplanes-live,0,none,T W LEWIS-AVIATION LLC,N560TW,N560TW_2026-08-05_airplanes-live_trace_full.json.gz
N560TW,2026-08-06,airplanes-live,0,none,T W LEWIS-AVIATION LLC,N560TW,N560TW_2026-08-06_airplanes-live_trace_full.json.gz
N560TW,2026-08-07,airplanes-live,0,none,T W LEWIS-AVIATION LLC,N560TW,N560TW_2026-08-07_airplanes-live_trace_full.json.gz
N560TW,2026-08-08,airplanes-live,0,none,T W LEWIS-AVIATION LLC,N560TW,N560TW_2026-08-08_airplanes-live_trace_full.json.gz
N560TW,2026-08-09,airplanes-live,0,none,T W LEWIS-AVIATION LLC,N560TW,N560TW_2026-08-09_airplanes-live_trace_full.json.gz
N560TW,2026-08-11,airplanes-live,0,none,T W LEWIS-AVIATION LLC,N560TW,N560TW_2026-08-11_airplanes-live_trace_full.json.gz
N560TW,2026-08-12,airplanes-live,0,none,T W LEWIS-AVIATION LLC,N560TW,N560TW_2026-08-12_airplanes-live_trace_full.json.gz
N560TW,2026-08-14,airplanes-live,0,none,T W LEWIS-AVIATION LLC,N560TW,N560TW_2026-08-14_airplanes-live_trace_full.json.gz
N560TW,2026-08-21,airplanes-live,0,none,T W LEWIS-AVIATION LLC,N560TW,N560TW_2026-08-21_airplanes-live_trace_full.json.gz
N560TW,2026-08-30,airplanes-live,0,none,T W LEWIS-AVIATION LLC,N560TW,N560TW_2026-08-30_airplanes-live_trace_full.json.gz
N560TW,2026-09-02,airplanes-live,0,none,T W LEWIS-AVIATION LLC,N560TW,N560TW_2026-09-02_airplanes-live_trace_full.json.gz
N560TW,2026-09-04,airplanes-live,0,none,T W LEWIS-AVIATION LLC,N560TW,N560TW_2026-09-04_airplanes-live_trace_full.json.gz
N560TW,2026-09-07,airplanes-live,0,none,T W LEWIS-AVIATION LLC,N560TW,N560TW_2026-09-07_airplanes-live_trace_full.json.gz
N560TW,2026-09-08,airplanes-live,0,none,T W LEWIS-AVIATION LLC,N560TW,N560TW_2026-09-08_airplanes-live_trace_full.json.gz
N560TW,2026-09-09,airplanes-live,0,none,T W LEWIS-AVIATION LLC,N560TW,N560TW_2026-09-09_airplanes-live_trace_full.json.gz
N582MM,2022-04-01,adsbexchange-samples,,not_in_header,WILDHORSE LLC,N582MM,N582MM_2022-04-01_adsbexchange-samples_trace_full.json
N582MM,2023-02-06,airplanes-live,0,none,WILDHORSE LLC,N582MM,N582MM_2023-02-06_airplanes-live_trace_full.json.gz
N582MM,2023-02-08,airplanes-live,0,none,WILDHORSE LLC,N582MM,N582MM_2023-02-08_airplanes-live_trace_full.json.gz
N582MM,2023-02-12,airplanes-live,0,none,WILDHORSE LLC,N582MM,N582MM_2023-02-12_airplanes-live_trace_full.json.gz
N582MM,2023-03-08,adsb-lol,0,none,WILDHORSE LLC,N582MM,N582MM_2023-03-08_adsb-lol_trace_full.json.gz
N582MM,2023-03-08,airplanes-live,0,none,WILDHORSE LLC,N582MM,N582MM_2023-03-08_airplanes-live_trace_full.json.gz
N582MM,2023-03-21,adsb-lol,0,none,WILDHORSE LLC,N582MM,N582MM_2023-03-21_adsb-lol_trace_full.json.gz
N582MM,2023-03-21,airplanes-live,0,none,,N582MM,N582MM_2023-03-21_airplanes-live_trace_full.json.gz
N582MM,2023-03-22,adsb-lol,0,none,WILDHORSE LLC,N582MM,N582MM_2023-03-22_adsb-lol_trace_full.json.gz
N582MM,2023-03-22,airplanes-live,0,none,,N582MM,N582MM_2023-03-22_airplanes-live_trace_full.json.gz
N582MM,2023-03-23,adsb-lol,0,none,WILDHORSE LLC,N582MM,N582MM_2023-03-23_adsb-lol_trace_full.json.gz
N582MM,2023-03-23,airplanes-live,0,none,,N582MM,N582MM_2023-03-23_airplanes-live_trace_full.json.gz
N582MM,2023-03-25,adsb-lol,0,none,WILDHORSE LLC,N582MM,N582MM_2023-03-25_adsb-lol_trace_full.json.gz
N582MM,2023-03-25,airplanes-live,0,none,,N582MM,N582MM_2023-03-25_airplanes-live_trace_full.json.gz
N582MM,2023-03-26,adsb-lol,0,none,WILDHORSE LLC,N582MM,N582MM_2023-03-26_adsb-lol_trace_full.json.gz
N582MM,2023-03-26,airplanes-live,0,none,,N582MM,N582MM_2023-03-26_airplanes-live_trace_full.json.gz
N582MM,2023-05-11,adsb-lol,0,none,WILDHORSE LLC,N582MM,N582MM_2023-05-11_adsb-lol_trace_full.json.gz
N582MM,2023-05-11,airplanes-live,0,none,,N582MM,N582MM_2023-05-11_airplanes-live_trace_full.json.gz
N582MM,2023-05-16,adsb-lol,0,none,WILDHORSE LLC,N582MM,N582MM_2023-05-16_adsb-lol_trace_full.json.gz
N582MM,2023-05-16,airplanes-live,0,none,,N582MM,N582MM_2023-05-16_airplanes-live_trace_full.json.gz
N582MM,2023-05-18,adsb-lol,0,none,WILDHORSE LLC,N582MM,N582MM_2023-05-18_adsb-lol_trace_full.json.gz
N582MM,2023-05-18,airplanes-live,0,none,,N582MM,N582MM_2023-05-18_airplanes-live_trace_full.json.gz
N582MM,2023-05-19,adsb-lol,0,none,WILDHORSE LLC,N582MM,N582MM_2023-05-19_adsb-lol_trace_full.json.gz
N582MM,2023-05-19,airplanes-live,0,none,,N582MM,N582MM_2023-05-19_airplanes-live_trace_full.json.gz
N582MM,2023-05-20,adsb-lol,0,none,WILDHORSE LLC,N582MM,N582MM_2023-05-20_adsb-lol_trace_full.json.gz
N582MM,2023-05-20,airplanes-live,0,none,,N582MM,N582MM_2023-05-20_airplanes-live_trace_full.json.gz
N582MM,2023-05-21,adsb-lol,0,none,WILDHORSE LLC,N582MM,N582MM_2023-05-21_adsb-lol_trace_full.json.gz
N582MM,2023-05-21,airplanes-live,0,none,,N582MM,N582MM_2023-05-21_airplanes-live_trace_full.json.gz
N582MM,2023-05-22,adsb-lol,0,none,WILDHORSE LLC,N582MM,N582MM_2023-05-22_adsb-lol_trace_full.json.gz
N582MM,2023-05-22,airplanes-live,0,none,,N582MM,N582MM_2023-05-22_airplanes-live_trace_full.json.gz
N582MM,2023-05-24,adsb-lol,0,none,WILDHORSE LLC,N582MM,N582MM_2023-05-24_adsb-lol_trace_full.json.gz
N582MM,2023-05-24,airplanes-live,0,none,,N582MM,N582MM_2023-05-24_airplanes-live_trace_full.json.gz
N582MM,2023-05-25,adsb-lol,0,none,WILDHORSE LLC,N582MM,N582MM_2023-05-25_adsb-lol_trace_full.json.gz
N582MM,2023-05-25,airplanes-live,0,none,,N582MM,N582MM_2023-05-25_airplanes-live_trace_full.json.gz
N582MM,2023-05-29,adsb-lol,0,none,WILDHORSE LLC,N582MM,N582MM_2023-05-29_adsb-lol_trace_full.json.gz
N582MM,2023-05-30,adsb-lol,0,none,WILDHORSE LLC,N582MM,N582MM_2023-05-30_adsb-lol_trace_full.json.gz
N582MM,2023-05-31,adsb-lol,0,none,WILDHORSE LLC,N582MM,N582MM_2023-05-31_adsb-lol_trace_full.json.gz
N582MM,2023-05-31,airplanes-live,0,none,,N582MM,N582MM_2023-05-31_airplanes-live_trace_full.json.gz
N582MM,2023-06-01,adsb-lol,0,none,WILDHORSE LLC,N582MM,N582MM_2023-06-01_adsb-lol_trace_full.json.gz
N582MM,2023-06-01,adsbexchange-samples,0,none,WILDHORSE LLC,N582MM,N582MM_2023-06-01_adsbexchange-samples_trace_full.json
N582MM,2023-06-01,airplanes-live,0,none,,N582MM,N582MM_2023-06-01_airplanes-live_trace_full.json.gz
N582MM,2023-06-13,adsb-lol,0,none,WILDHORSE LLC,N582MM,N582MM_2023-06-13_adsb-lol_trace_full.json.gz
N582MM,2023-06-13,airplanes-live,0,none,,N582MM,N582MM_2023-06-13_airplanes-live_trace_full.json.gz
N582MM,2023-06-14,airplanes-live,0,none,,N582MM,N582MM_2023-06-14_airplanes-live_trace_full.json.gz
N582MM,2023-06-15,adsb-lol,0,none,WILDHORSE LLC,N582MM,N582MM_2023-06-15_adsb-lol_trace_full.json.gz
N582MM,2023-06-15,airplanes-live,0,none,,N582MM,N582MM_2023-06-15_airplanes-live_trace_full.json.gz
N582MM,2023-06-16,adsb-lol,0,none,WILDHORSE LLC,N582MM,N582MM_2023-06-16_adsb-lol_trace_full.json.gz
N582MM,2023-06-16,airplanes-live,0,none,,N582MM,N582MM_2023-06-16_airplanes-live_trace_full.json.gz
N582MM,2023-06-17,adsb-lol,0,none,WILDHORSE LLC,N582MM,N582MM_2023-06-17_adsb-lol_trace_full.json.gz
N582MM,2023-06-17,airplanes-live,0,none,,N582MM,N582MM_2023-06-17_airplanes-live_trace_full.json.gz
N582MM,2023-06-20,adsb-lol,0,none,WILDHORSE LLC,N582MM,N582MM_2023-06-20_adsb-lol_trace_full.json.gz
N582MM,2023-06-20,airplanes-live,0,none,,N582MM,N582MM_2023-06-20_airplanes-live_trace_full.json.gz
N582MM,2023-06-21,adsb-lol,0,none,WILDHORSE LLC,N582MM,N582MM_2023-06-21_adsb-lol_trace_full.json.gz
N582MM,2023-06-21,airplanes-live,0,none,,N582MM,N582MM_2023-06-21_airplanes-live_trace_full.json.gz
N582MM,2023-06-22,airplanes-live,0,none,,N582MM,N582MM_2023-06-22_airplanes-live_trace_full.json.gz
N582MM,2023-06-23,airplanes-live,0,none,,N582MM,N582MM_2023-06-23_airplanes-live_trace_full.json.gz
N582MM,2023-06-24,airplanes-live,0,none,,N582MM,N582MM_2023-06-24_airplanes-live_trace_full.json.gz
N582MM,2023-06-25,adsb-lol,0,none,"TK ENTERPRISES LLC, JRO AVIATION LLC, DOJA CONTRACTING LLC",N582MM,N582MM_2023-06-25_adsb-lol_trace_full.json.gz
N582MM,2023-06-25,airplanes-live,0,none,,N582MM,N582MM_2023-06-25_airplanes-live_trace_full.json.gz
N582MM,2023-06-26,airplanes-live,0,none,,N582MM,N582MM_2023-06-26_airplanes-live_trace_full.json.gz
N582MM,2023-06-27,airplanes-live,0,none,,N582MM,N582MM_2023-06-27_airplanes-live_trace_full.json.gz
N582MM,2023-06-29,adsb-lol,0,none,"TK ENTERPRISES LLC, JRO AVIATION LLC, DOJA CONTRACTING LLC",N582MM,N582MM_2023-06-29_adsb-lol_trace_full.json.gz
N582MM,2023-06-29,airplanes-live,0,none,,N582MM,N582MM_2023-06-29_airplanes-live_trace_full.json.gz
N582MM,2023-06-30,adsb-lol,0,none,"TK ENTERPRISES LLC, JRO AVIATION LLC, DOJA CONTRACTING LLC",N582MM,N582MM_2023-06-30_adsb-lol_trace_full.json.gz
N582MM,2023-06-30,airplanes-live,0,none,,N582MM,N582MM_2023-06-30_airplanes-live_trace_full.json.gz
N582MM,2023-07-05,adsb-lol,0,none,"TK ENTERPRISES LLC, JRO AVIATION LLC, DOJA CONTRACTING LLC",N582MM,N582MM_2023-07-05_adsb-lol_trace_full.json.gz
N582MM,2023-07-05,airplanes-live,0,none,,N582MM,N582MM_2023-07-05_airplanes-live_trace_full.json.gz
N582MM,2023-07-06,adsb-lol,0,none,"TK ENTERPRISES LLC, JRO AVIATION LLC, DOJA CONTRACTING LLC",N582MM,N582MM_2023-07-06_adsb-lol_trace_full.json.gz
N582MM,2023-07-06,airplanes-live,0,none,,N582MM,N582MM_2023-07-06_airplanes-live_trace_full.json.gz
N582MM,2023-07-08,adsb-lol,0,none,"TK ENTERPRISES LLC, JRO AVIATION LLC, DOJA CONTRACTING LLC",N582MM,N582MM_2023-07-08_adsb-lol_trace_full.json.gz
N582MM,2023-07-08,airplanes-live,0,none,,N582MM,N582MM_2023-07-08_airplanes-live_trace_full.json.gz
N582MM,2023-07-09,adsb-lol,0,none,"TK ENTERPRISES LLC, JRO AVIATION LLC, DOJA CONTRACTING LLC",N582MM,N582MM_2023-07-09_adsb-lol_trace_full.json.gz
N582MM,2023-07-09,airplanes-live,0,none,,N582MM,N582MM_2023-07-09_airplanes-live_trace_full.json.gz
N582MM,2023-07-10,adsb-lol,0,none,"TK ENTERPRISES LLC, JRO AVIATION LLC, DOJA CONTRACTING LLC",N582MM,N582MM_2023-07-10_adsb-lol_trace_full.json.gz
N582MM,2023-07-10,airplanes-live,0,none,,N582MM,N582MM_2023-07-10_airplanes-live_trace_full.json.gz
N582MM,2023-07-11,adsb-lol,0,none,"TK ENTERPRISES LLC, JRO AVIATION LLC, DOJA CONTRACTING LLC",N582MM,N582MM_2023-07-11_adsb-lol_trace_full.json.gz
N582MM,2023-07-11,airplanes-live,0,none,,N582MM,N582MM_2023-07-11_airplanes-live_trace_full.json.gz
N582MM,2023-07-13,adsb-lol,0,none,"TK ENTERPRISES LLC, JRO AVIATION LLC, DOJA CONTRACTING LLC",N582MM,N582MM_2023-07-13_adsb-lol_trace_full.json.gz
N582MM,2023-07-13,airplanes-live,0,none,,N582MM,N582MM_2023-07-13_airplanes-live_trace_full.json.gz
N582MM,2023-07-14,adsb-lol,0,none,"TK ENTERPRISES LLC, JRO AVIATION LLC, DOJA CONTRACTING LLC",N582MM,N582MM_2023-07-14_adsb-lol_trace_full.json.gz
N582MM,2023-07-14,airplanes-live,0,none,,N582MM,N582MM_2023-07-14_airplanes-live_trace_full.json.gz
N582MM,2023-07-16,adsb-lol,0,none,"TK ENTERPRISES LLC, JRO AVIATION LLC, DOJA CONTRACTING LLC",N582MM,N582MM_2023-07-16_adsb-lol_trace_full.json.gz
N582MM,2023-07-16,airplanes-live,0,none,,N582MM,N582MM_2023-07-16_airplanes-live_trace_full.json.gz
N582MM,2023-07-17,adsb-lol,0,none,"TK ENTERPRISES LLC, JRO AVIATION LLC, DOJA CONTRACTING LLC",N582MM,N582MM_2023-07-17_adsb-lol_trace_full.json.gz
N582MM,2023-07-17,airplanes-live,0,none,,N582MM,N582MM_2023-07-17_airplanes-live_trace_full.json.gz
N582MM,2023-07-19,adsb-lol,0,none,"TK ENTERPRISES LLC, JRO AVIATION LLC, DOJA CONTRACTING LLC",N582MM,N582MM_2023-07-19_adsb-lol_trace_full.json.gz
N582MM,2023-07-19,airplanes-live,0,none,,N582MM,N582MM_2023-07-19_airplanes-live_trace_full.json.gz
N582MM,2023-07-21,airplanes-live,0,none,,N582MM,N582MM_2023-07-21_airplanes-live_trace_full.json.gz
N582MM,2023-07-22,airplanes-live,0,none,,N582MM,N582MM_2023-07-22_airplanes-live_trace_full.json.gz
N582MM,2023-07-23,adsb-lol,0,none,"TK ENTERPRISES LLC, JRO AVIATION LLC, DOJA CONTRACTING LLC",N582MM,N582MM_2023-07-23_adsb-lol_trace_full.json.gz
N582MM,2023-07-23,airplanes-live,0,none,,N582MM,N582MM_2023-07-23_airplanes-live_trace_full.json.gz
N582MM,2023-07-24,adsb-lol,0,none,"TK ENTERPRISES LLC, JRO AVIATION LLC, DOJA CONTRACTING LLC",N582MM,N582MM_2023-07-24_adsb-lol_trace_full.json.gz
N582MM,2023-07-24,airplanes-live,0,none,,N582MM,N582MM_2023-07-24_airplanes-live_trace_full.json.gz
N582MM,2023-07-26,adsb-lol,0,none,"TK ENTERPRISES LLC, JRO AVIATION LLC, DOJA CONTRACTING LLC",N582MM,N582MM_2023-07-26_adsb-lol_trace_full.json.gz
N582MM,2023-07-26,airplanes-live,0,none,,N582MM,N582MM_2023-07-26_airplanes-live_trace_full.json.gz
N582MM,2023-07-28,adsb-lol,0,none,"TK ENTERPRISES LLC, JRO AVIATION LLC, DOJA CONTRACTING LLC",N582MM,N582MM_2023-07-28_adsb-lol_trace_full.json.gz
N582MM,2023-07-28,airplanes-live,0,none,,N582MM,N582MM_2023-07-28_airplanes-live_trace_full.json.gz
N582MM,2023-07-29,adsb-lol,0,none,"TK ENTERPRISES LLC, JRO AVIATION LLC, DOJA CONTRACTING LLC",N582MM,N582MM_2023-07-29_adsb-lol_trace_full.json.gz
N582MM,2023-07-29,airplanes-live,0,none,,N582MM,N582MM_2023-07-29_airplanes-live_trace_full.json.gz
N582MM,2023-07-30,adsb-lol,0,none,"TK ENTERPRISES LLC, JRO AVIATION LLC, DOJA CONTRACTING LLC",N582MM,N582MM_2023-07-30_adsb-lol_trace_full.json.gz
N582MM,2023-07-30,airplanes-live,0,none,,N582MM,N582MM_2023-07-30_airplanes-live_trace_full.json.gz
N582MM,2023-07-31,adsb-lol,0,none,"TK ENTERPRISES LLC, JRO AVIATION LLC, DOJA CONTRACTING LLC",N582MM,N582MM_2023-07-31_adsb-lol_trace_full.json.gz
N582MM,2023-07-31,airplanes-live,0,none,,N582MM,N582MM_2023-07-31_airplanes-live_trace_full.json.gz
N582MM,2023-08-01,adsb-lol,0,none,"TK ENTERPRISES LLC, JRO AVIATION LLC, DOJA CONTRACTING LLC",N582MM,N582MM_2023-08-01_adsb-lol_trace_full.json.gz
N582MM,2023-08-01,adsbexchange-samples,0,none,WILDHORSE LLC,N582MM,N582MM_2023-08-01_adsbexchange-samples_trace_full.json
N582MM,2023-08-01,airplanes-live,0,none,,N582MM,N582MM_2023-08-01_airplanes-live_trace_full.json.gz
N582MM,2023-08-02,airplanes-live,0,none,,N582MM,N582MM_2023-08-02_airplanes-live_trace_full.json.gz
N582MM,2023-08-05,airplanes-live,0,none,,N582MM,N582MM_2023-08-05_airplanes-live_trace_full.json.gz
N582MM,2023-08-06,airplanes-live,0,none,,N582MM,N582MM_2023-08-06_airplanes-live_trace_full.json.gz
N582MM,2023-08-07,airplanes-live,0,none,,N582MM,N582MM_2023-08-07_airplanes-live_trace_full.json.gz
N582MM,2023-08-08,airplanes-live,0,none,,N582MM,N582MM_2023-08-08_airplanes-live_trace_full.json.gz
N582MM,2023-08-09,airplanes-live,0,none,,N582MM,N582MM_2023-08-09_airplanes-live_trace_full.json.gz
N582MM,2023-08-10,adsb-lol,0,none,"TK ENTERPRISES LLC, JRO AVIATION LLC, DOJA CONTRACTING LLC",N582MM,N582MM_2023-08-10_adsb-lol_trace_full.json.gz
N582MM,2023-08-10,airplanes-live,0,none,,N582MM,N582MM_2023-08-10_airplanes-live_trace_full.json.gz
N582MM,2023-08-12,adsb-lol,0,none,"TK ENTERPRISES LLC, JRO AVIATION LLC, DOJA CONTRACTING LLC",N582MM,N582MM_2023-08-12_adsb-lol_trace_full.json.gz
N582MM,2023-08-12,airplanes-live,0,none,,N582MM,N582MM_2023-08-12_airplanes-live_trace_full.json.gz
N582MM,2023-08-13,adsb-lol,0,none,"TK ENTERPRISES LLC, JRO AVIATION LLC, DOJA CONTRACTING LLC",N582MM,N582MM_2023-08-13_adsb-lol_trace_full.json.gz
N582MM,2023-08-13,airplanes-live,0,none,,N582MM,N582MM_2023-08-13_airplanes-live_trace_full.json.gz
N582MM,2023-08-14,adsb-lol,0,none,"TK ENTERPRISES LLC, JRO AVIATION LLC, DOJA CONTRACTING LLC",N582MM,N582MM_2023-08-14_adsb-lol_trace_full.json.gz
N582MM,2023-08-14,airplanes-live,0,none,,N582MM,N582MM_2023-08-14_airplanes-live_trace_full.json.gz
N582MM,2023-08-16,adsb-lol,0,none,"TK ENTERPRISES LLC, JRO AVIATION LLC, DOJA CONTRACTING LLC",N582MM,N582MM_2023-08-16_adsb-lol_trace_full.json.gz
N582MM,2023-08-16,airplanes-live,0,none,,N582MM,N582MM_2023-08-16_airplanes-live_trace_full.json.gz
N582MM,2023-08-17,adsb-lol,0,none,"TK ENTERPRISES LLC, JRO AVIATION LLC, DOJA CONTRACTING LLC",N582MM,N582MM_2023-08-17_adsb-lol_trace_full.json.gz
N582MM,2023-08-17,airplanes-live,0,none,,N582MM,N582MM_2023-08-17_airplanes-live_trace_full.json.gz
N582MM,2023-08-20,airplanes-live,0,none,,N582MM,N582MM_2023-08-20_airplanes-live_trace_full.json.gz
N582MM,2023-08-21,airplanes-live,0,none,,N582MM,N582MM_2023-08-21_airplanes-live_trace_full.json.gz
N582MM,2023-08-23,adsb-lol,0,none,"TK ENTERPRISES LLC, JRO AVIATION LLC, DOJA CONTRACTING LLC",N582MM,N582MM_2023-08-23_adsb-lol_trace_full.json.gz
N582MM,2023-08-23,airplanes-live,0,none,,N582MM,N582MM_2023-08-23_airplanes-live_trace_full.json.gz
N582MM,2023-08-24,adsb-lol,0,none,"TK ENTERPRISES LLC, JRO AVIATION LLC, DOJA CONTRACTING LLC",N582MM,N582MM_2023-08-24_adsb-lol_trace_full.json.gz
N582MM,2023-08-24,airplanes-live,0,none,,N582MM,N582MM_2023-08-24_airplanes-live_trace_full.json.gz
N582MM,2023-08-26,adsb-lol,0,none,"TK ENTERPRISES LLC, JRO AVIATION LLC, DOJA CONTRACTING LLC",N582MM,N582MM_2023-08-26_adsb-lol_trace_full.json.gz
N582MM,2023-08-26,airplanes-live,0,none,,N582MM,N582MM_2023-08-26_airplanes-live_trace_full.json.gz
N582MM,2023-08-27,adsb-lol,0,none,"TK ENTERPRISES LLC, JRO AVIATION LLC, DOJA CONTRACTING LLC",N582MM,N582MM_2023-08-27_adsb-lol_trace_full.json.gz
N582MM,2023-08-27,airplanes-live,0,none,,N582MM,N582MM_2023-08-27_airplanes-live_trace_full.json.gz
N582MM,2023-08-28,airplanes-live,0,none,,N582MM,N582MM_2023-08-28_airplanes-live_trace_full.json.gz
N582MM,2023-08-29,airplanes-live,0,none,,N582MM,N582MM_2023-08-29_airplanes-live_trace_full.json.gz
N582MM,2023-08-31,airplanes-live,0,none,,N582MM,N582MM_2023-08-31_airplanes-live_trace_full.json.gz
N582MM,2023-09-01,adsbexchange-samples,0,none,WILDHORSE LLC,N582MM,N582MM_2023-09-01_adsbexchange-samples_trace_full.json
N582MM,2023-09-01,airplanes-live,0,none,,N582MM,N582MM_2023-09-01_airplanes-live_trace_full.json.gz
N582MM,2023-09-02,airplanes-live,0,none,,N582MM,N582MM_2023-09-02_airplanes-live_trace_full.json.gz
N582MM,2023-09-03,adsb-lol,0,none,"TK ENTERPRISES LLC, JRO AVIATION LLC, DOJA CONTRACTING LLC",N582MM,N582MM_2023-09-03_adsb-lol_trace_full.json.gz
N582MM,2023-09-03,airplanes-live,0,none,,N582MM,N582MM_2023-09-03_airplanes-live_trace_full.json.gz
N582MM,2023-09-04,airplanes-live,0,none,,N582MM,N582MM_2023-09-04_airplanes-live_trace_full.json.gz
N582MM,2023-09-06,adsb-lol,0,none,"TK ENTERPRISES LLC, JRO AVIATION LLC, DOJA CONTRACTING LLC",N582MM,N582MM_2023-09-06_adsb-lol_trace_full.json.gz
N582MM,2023-09-07,adsb-lol,0,none,"TK ENTERPRISES LLC, JRO AVIATION LLC, DOJA CONTRACTING LLC",N582MM,N582MM_2023-09-07_adsb-lol_trace_full.json.gz
N582MM,2023-09-08,adsb-lol,0,none,"TK ENTERPRISES LLC, JRO AVIATION LLC, DOJA CONTRACTING LLC",N582MM,N582MM_2023-09-08_adsb-lol_trace_full.json.gz
N582MM,2023-09-09,adsb-lol,0,none,"TK ENTERPRISES LLC, JRO AVIATION LLC, DOJA CONTRACTING LLC",N582MM,N582MM_2023-09-09_adsb-lol_trace_full.json.gz
N582MM,2023-09-10,adsb-lol,0,none,"TK ENTERPRISES LLC, JRO AVIATION LLC, DOJA CONTRACTING LLC",N582MM,N582MM_2023-09-10_adsb-lol_trace_full.json.gz
N582MM,2023-09-13,adsb-lol,0,none,"TK ENTERPRISES LLC, JRO AVIATION LLC, DOJA CONTRACTING LLC",N582MM,N582MM_2023-09-13_adsb-lol_trace_full.json.gz
N582MM,2023-09-13,airplanes-live,,not_in_header,,,N582MM_2023-09-13_airplanes-live_trace_full.json.gz
N582MM,2023-09-14,adsb-lol,0,none,"TK ENTERPRISES LLC, JRO AVIATION LLC, DOJA CONTRACTING LLC",N582MM,N582MM_2023-09-14_adsb-lol_trace_full.json.gz
N582MM,2023-09-14,airplanes-live,,not_in_header,,,N582MM_2023-09-14_airplanes-live_trace_full.json.gz
N582MM,2023-09-15,adsb-lol,0,none,"TK ENTERPRISES LLC, JRO AVIATION LLC, DOJA CONTRACTING LLC",N582MM,N582MM_2023-09-15_adsb-lol_trace_full.json.gz
N582MM,2023-09-15,airplanes-live,,not_in_header,,,N582MM_2023-09-15_airplanes-live_trace_full.json.gz
N582MM,2023-09-17,adsb-lol,0,none,"TK ENTERPRISES LLC, JRO AVIATION LLC, DOJA CONTRACTING LLC",N582MM,N582MM_2023-09-17_adsb-lol_trace_full.json.gz
N582MM,2023-09-17,airplanes-live,,not_in_header,,,N582MM_2023-09-17_airplanes-live_trace_full.json.gz
N582MM,2023-09-19,adsb-lol,0,none,"TK ENTERPRISES LLC, JRO AVIATION LLC, DOJA CONTRACTING LLC",N582MM,N582MM_2023-09-19_adsb-lol_trace_full.json.gz
N582MM,2023-09-19,airplanes-live,,not_in_header,,,N582MM_2023-09-19_airplanes-live_trace_full.json.gz
N582MM,2023-09-20,adsb-lol,0,none,"TK ENTERPRISES LLC, JRO AVIATION LLC, DOJA CONTRACTING LLC",N582MM,N582MM_2023-09-20_adsb-lol_trace_full.json.gz
N582MM,2023-09-20,airplanes-live,,not_in_header,,,N582MM_2023-09-20_airplanes-live_trace_full.json.gz
N582MM,2023-09-21,adsb-lol,0,none,"TK ENTERPRISES LLC, JRO AVIATION LLC, DOJA CONTRACTING LLC",N582MM,N582MM_2023-09-21_adsb-lol_trace_full.json.gz
N582MM,2023-09-21,airplanes-live,,not_in_header,,,N582MM_2023-09-21_airplanes-live_trace_full.json.gz
N582MM,2023-09-22,adsb-lol,0,none,"TK ENTERPRISES LLC, JRO AVIATION LLC, DOJA CONTRACTING LLC",N582MM,N582MM_2023-09-22_adsb-lol_trace_full.json.gz
N582MM,2023-09-22,airplanes-live,,not_in_header,,,N582MM_2023-09-22_airplanes-live_trace_full.json.gz
N582MM,2023-09-28,adsb-lol,0,none,"TK ENTERPRISES LLC, JRO AVIATION LLC, DOJA CONTRACTING LLC",N582MM,N582MM_2023-09-28_adsb-lol_trace_full.json.gz
N582MM,2023-09-28,airplanes-live,,not_in_header,,,N582MM_2023-09-28_airplanes-live_trace_full.json.gz
N582MM,2023-09-29,adsb-lol,0,none,"TK ENTERPRISES LLC, JRO AVIATION LLC, DOJA CONTRACTING LLC",N582MM,N582MM_2023-09-29_adsb-lol_trace_full.json.gz
N582MM,2023-09-29,airplanes-live,,not_in_header,,,N582MM_2023-09-29_airplanes-live_trace_full.json.gz
N582MM,2023-10-06,airplanes-live,0,none,TK ENTERPRISES LLC,N582MM,N582MM_2023-10-06_airplanes-live_trace_full.json.gz
N582MM,2023-10-07,adsb-lol,0,none,"TK ENTERPRISES LLC, JRO AVIATION LLC, DOJA CONTRACTING LLC",N582MM,N582MM_2023-10-07_adsb-lol_trace_full.json.gz
N582MM,2023-10-07,airplanes-live,0,none,TK ENTERPRISES LLC,N582MM,N582MM_2023-10-07_airplanes-live_trace_full.json.gz
N582MM,2023-10-08,adsb-lol,0,none,"TK ENTERPRISES LLC, JRO AVIATION LLC, DOJA CONTRACTING LLC",N582MM,N582MM_2023-10-08_adsb-lol_trace_full.json.gz
N582MM,2023-10-08,airplanes-live,0,none,TK ENTERPRISES LLC,N582MM,N582MM_2023-10-08_airplanes-live_trace_full.json.gz
N582MM,2023-10-09,adsb-lol,0,none,"TK ENTERPRISES LLC, JRO AVIATION LLC, DOJA CONTRACTING LLC",N582MM,N582MM_2023-10-09_adsb-lol_trace_full.json.gz
N582MM,2023-10-09,airplanes-live,0,none,TK ENTERPRISES LLC,N582MM,N582MM_2023-10-09_airplanes-live_trace_full.json.gz
N582MM,2023-10-12,adsb-lol,0,none,"TK ENTERPRISES LLC, JRO AVIATION LLC, DOJA CONTRACTING LLC",N582MM,N582MM_2023-10-12_adsb-lol_trace_full.json.gz
N582MM,2023-10-12,airplanes-live,0,none,TK ENTERPRISES LLC,N582MM,N582MM_2023-10-12_airplanes-live_trace_full.json.gz
N582MM,2023-10-13,adsb-lol,0,none,"TK ENTERPRISES LLC, JRO AVIATION LLC, DOJA CONTRACTING LLC",N582MM,N582MM_2023-10-13_adsb-lol_trace_full.json.gz
N582MM,2023-10-13,airplanes-live,0,none,TK ENTERPRISES LLC,N582MM,N582MM_2023-10-13_airplanes-live_trace_full.json.gz
N582MM,2023-10-14,adsb-lol,0,none,"TK ENTERPRISES LLC, JRO AVIATION LLC, DOJA CONTRACTING LLC",N582MM,N582MM_2023-10-14_adsb-lol_trace_full.json.gz
N582MM,2023-10-14,airplanes-live,0,none,TK ENTERPRISES LLC,N582MM,N582MM_2023-10-14_airplanes-live_trace_full.json.gz
N582MM,2023-10-15,adsb-lol,0,none,"TK ENTERPRISES LLC, JRO AVIATION LLC, DOJA CONTRACTING LLC",N582MM,N582MM_2023-10-15_adsb-lol_trace_full.json.gz
N582MM,2023-10-15,airplanes-live,0,none,TK ENTERPRISES LLC,N582MM,N582MM_2023-10-15_airplanes-live_trace_full.json.gz
N582MM,2023-10-18,adsb-lol,0,none,"TK ENTERPRISES LLC, JRO AVIATION LLC, DOJA CONTRACTING LLC",N582MM,N582MM_2023-10-18_adsb-lol_trace_full.json.gz
N582MM,2023-10-18,airplanes-live,0,none,TK ENTERPRISES LLC,N582MM,N582MM_2023-10-18_airplanes-live_trace_full.json.gz
N582MM,2023-10-19,adsb-lol,0,none,"TK ENTERPRISES LLC, JRO AVIATION LLC, DOJA CONTRACTING LLC",N582MM,N582MM_2023-10-19_adsb-lol_trace_full.json.gz
N582MM,2023-10-19,airplanes-live,0,none,TK ENTERPRISES LLC,N582MM,N582MM_2023-10-19_airplanes-live_trace_full.json.gz
N582MM,2023-10-20,adsb-lol,0,none,"TK ENTERPRISES LLC, JRO AVIATION LLC, DOJA CONTRACTING LLC",N582MM,N582MM_2023-10-20_adsb-lol_trace_full.json.gz
N582MM,2023-10-20,airplanes-live,0,none,TK ENTERPRISES LLC,N582MM,N582MM_2023-10-20_airplanes-live_trace_full.json.gz
N582MM,2023-10-21,adsb-lol,0,none,"TK ENTERPRISES LLC, JRO AVIATION LLC, DOJA CONTRACTING LLC",N582MM,N582MM_2023-10-21_adsb-lol_trace_full.json.gz
N582MM,2023-10-21,airplanes-live,0,none,TK ENTERPRISES LLC,N582MM,N582MM_2023-10-21_airplanes-live_trace_full.json.gz
N582MM,2023-10-22,airplanes-live,0,none,TK ENTERPRISES LLC,N582MM,N582MM_2023-10-22_airplanes-live_trace_full.json.gz
N582MM,2023-10-23,adsb-lol,0,none,"TK ENTERPRISES LLC, JRO AVIATION LLC, DOJA CONTRACTING LLC",N582MM,N582MM_2023-10-23_adsb-lol_trace_full.json.gz
N582MM,2023-10-23,airplanes-live,0,none,TK ENTERPRISES LLC,N582MM,N582MM_2023-10-23_airplanes-live_trace_full.json.gz
N582MM,2023-10-27,adsb-lol,0,none,"TK ENTERPRISES LLC, JRO AVIATION LLC, DOJA CONTRACTING LLC",N582MM,N582MM_2023-10-27_adsb-lol_trace_full.json.gz
N582MM,2023-10-27,airplanes-live,0,none,TK ENTERPRISES LLC,N582MM,N582MM_2023-10-27_airplanes-live_trace_full.json.gz
N582MM,2023-10-30,adsb-lol,0,none,"TK ENTERPRISES LLC, JRO AVIATION LLC, DOJA CONTRACTING LLC",N582MM,N582MM_2023-10-30_adsb-lol_trace_full.json.gz
N582MM,2023-10-30,airplanes-live,0,none,TK ENTERPRISES LLC,N582MM,N582MM_2023-10-30_airplanes-live_trace_full.json.gz
N582MM,2023-10-31,adsb-lol,0,none,"TK ENTERPRISES LLC, JRO AVIATION LLC, DOJA CONTRACTING LLC",N582MM,N582MM_2023-10-31_adsb-lol_trace_full.json.gz
N582MM,2023-10-31,airplanes-live,0,none,TK ENTERPRISES LLC,N582MM,N582MM_2023-10-31_airplanes-live_trace_full.json.gz
N582MM,2023-11-04,adsb-lol,0,none,"TK ENTERPRISES LLC, JRO AVIATION LLC, DOJA CONTRACTING LLC",N582MM,N582MM_2023-11-04_adsb-lol_trace_full.json.gz
N582MM,2023-11-04,airplanes-live,0,none,TK ENTERPRISES LLC,N582MM,N582MM_2023-11-04_airplanes-live_trace_full.json.gz
N582MM,2023-11-05,adsb-lol,0,none,"TK ENTERPRISES LLC, JRO AVIATION LLC, DOJA CONTRACTING LLC",N582MM,N582MM_2023-11-05_adsb-lol_trace_full.json.gz
N582MM,2023-11-05,airplanes-live,0,none,TK ENTERPRISES LLC,N582MM,N582MM_2023-11-05_airplanes-live_trace_full.json.gz
N582MM,2023-11-06,adsb-lol,0,none,"TK ENTERPRISES LLC, JRO AVIATION LLC, DOJA CONTRACTING LLC",N582MM,N582MM_2023-11-06_adsb-lol_trace_full.json.gz
N582MM,2023-11-06,airplanes-live,0,none,TK ENTERPRISES LLC,N582MM,N582MM_2023-11-06_airplanes-live_trace_full.json.gz
N582MM,2023-11-07,adsb-lol,0,none,"TK ENTERPRISES LLC, JRO AVIATION LLC, DOJA CONTRACTING LLC",N582MM,N582MM_2023-11-07_adsb-lol_trace_full.json.gz
N582MM,2023-11-07,airplanes-live,0,none,TK ENTERPRISES LLC,N582MM,N582MM_2023-11-07_airplanes-live_trace_full.json.gz
N582MM,2023-11-08,adsb-lol,0,none,"TK ENTERPRISES LLC, JRO AVIATION LLC, DOJA CONTRACTING LLC",N582MM,N582MM_2023-11-08_adsb-lol_trace_full.json.gz
N582MM,2023-11-08,airplanes-live,0,none,TK ENTERPRISES LLC,N582MM,N582MM_2023-11-08_airplanes-live_trace_full.json.gz
N582MM,2023-11-09,adsb-lol,0,none,"TK ENTERPRISES LLC, JRO AVIATION LLC, DOJA CONTRACTING LLC",N582MM,N582MM_2023-11-09_adsb-lol_trace_full.json.gz
N582MM,2023-11-09,airplanes-live,0,none,TK ENTERPRISES LLC,N582MM,N582MM_2023-11-09_airplanes-live_trace_full.json.gz
N582MM,2023-11-10,adsb-lol,0,none,"TK ENTERPRISES LLC, JRO AVIATION LLC, DOJA CONTRACTING LLC",N582MM,N582MM_2023-11-10_adsb-lol_trace_full.json.gz
N582MM,2023-11-10,airplanes-live,0,none,TK ENTERPRISES LLC,N582MM,N582MM_2023-11-10_airplanes-live_trace_full.json.gz
N582MM,2023-11-11,adsb-lol,0,none,"TK ENTERPRISES LLC, JRO AVIATION LLC, DOJA CONTRACTING LLC",N582MM,N582MM_2023-11-11_adsb-lol_trace_full.json.gz
N582MM,2023-11-11,airplanes-live,0,none,TK ENTERPRISES LLC,N582MM,N582MM_2023-11-11_airplanes-live_trace_full.json.gz
N582MM,2023-11-12,airplanes-live,0,none,TK ENTERPRISES LLC,N582MM,N582MM_2023-11-12_airplanes-live_trace_full.json.gz
N582MM,2023-11-13,airplanes-live,0,none,TK ENTERPRISES LLC,N582MM,N582MM_2023-11-13_airplanes-live_trace_full.json.gz
N582MM,2023-11-14,airplanes-live,0,none,TK ENTERPRISES LLC,N582MM,N582MM_2023-11-14_airplanes-live_trace_full.json.gz
N582MM,2023-11-15,airplanes-live,0,none,TK ENTERPRISES LLC,N582MM,N582MM_2023-11-15_airplanes-live_trace_full.json.gz
N582MM,2023-11-16,airplanes-live,0,none,TK ENTERPRISES LLC,N582MM,N582MM_2023-11-16_airplanes-live_trace_full.json.gz
N582MM,2023-11-18,airplanes-live,0,none,TK ENTERPRISES LLC,N582MM,N582MM_2023-11-18_airplanes-live_trace_full.json.gz
N582MM,2023-11-19,airplanes-live,0,none,TK ENTERPRISES LLC,N582MM,N582MM_2023-11-19_airplanes-live_trace_full.json.gz
N582MM,2023-11-20,airplanes-live,0,none,TK ENTERPRISES LLC,N582MM,N582MM_2023-11-20_airplanes-live_trace_full.json.gz
N582MM,2023-11-21,airplanes-live,0,none,TK ENTERPRISES LLC,N582MM,N582MM_2023-11-21_airplanes-live_trace_full.json.gz
N582MM,2023-11-22,adsb-lol,0,none,"TK ENTERPRISES LLC, JRO AVIATION LLC, DOJA CONTRACTING LLC",N582MM,N582MM_2023-11-22_adsb-lol_trace_full.json.gz
N582MM,2023-11-22,airplanes-live,0,none,TK ENTERPRISES LLC,N582MM,N582MM_2023-11-22_airplanes-live_trace_full.json.gz
N582MM,2023-11-25,adsb-lol,0,none,"TK ENTERPRISES LLC, JRO AVIATION LLC, DOJA CONTRACTING LLC",N582MM,N582MM_2023-11-25_adsb-lol_trace_full.json.gz
N582MM,2023-11-25,airplanes-live,0,none,TK ENTERPRISES LLC,N582MM,N582MM_2023-11-25_airplanes-live_trace_full.json.gz
N582MM,2023-12-03,airplanes-live,0,none,TK ENTERPRISES LLC,N582MM,N582MM_2023-12-03_airplanes-live_trace_full.json.gz
N582MM,2023-12-05,airplanes-live,0,none,TK ENTERPRISES LLC,N582MM,N582MM_2023-12-05_airplanes-live_trace_full.json.gz
N582MM,2023-12-06,airplanes-live,0,none,TK ENTERPRISES LLC,N582MM,N582MM_2023-12-06_airplanes-live_trace_full.json.gz
N582MM,2023-12-07,airplanes-live,0,none,TK ENTERPRISES LLC,N582MM,N582MM_2023-12-07_airplanes-live_trace_full.json.gz
N582MM,2023-12-08,airplanes-live,0,none,TK ENTERPRISES LLC,N582MM,N582MM_2023-12-08_airplanes-live_trace_full.json.gz
N582MM,2023-12-09,airplanes-live,0,none,TK ENTERPRISES LLC,N582MM,N582MM_2023-12-09_airplanes-live_trace_full.json.gz
N582MM,2023-12-10,airplanes-live,0,none,TK ENTERPRISES LLC,N582MM,N582MM_2023-12-10_airplanes-live_trace_full.json.gz
N582MM,2023-12-11,airplanes-live,0,none,TK ENTERPRISES LLC,N582MM,N582MM_2023-12-11_airplanes-live_trace_full.json.gz
N582MM,2023-12-12,airplanes-live,0,none,TK ENTERPRISES LLC,N582MM,N582MM_2023-12-12_airplanes-live_trace_full.json.gz
N582MM,2023-12-13,airplanes-live,0,none,TK ENTERPRISES LLC,N582MM,N582MM_2023-12-13_airplanes-live_trace_full.json.gz
N582MM,2023-12-14,adsb-lol,0,none,"TK ENTERPRISES LLC, JRO AVIATION LLC, DOJA CONTRACTING LLC",N582MM,N582MM_2023-12-14_adsb-lol_trace_full.json.gz
N582MM,2023-12-14,airplanes-live,0,none,TK ENTERPRISES LLC,N582MM,N582MM_2023-12-14_airplanes-live_trace_full.json.gz
N582MM,2023-12-15,adsb-lol,0,none,"TK ENTERPRISES LLC, JRO AVIATION LLC, DOJA CONTRACTING LLC",N582MM,N582MM_2023-12-15_adsb-lol_trace_full.json.gz
N582MM,2023-12-15,airplanes-live,0,none,TK ENTERPRISES LLC,N582MM,N582MM_2023-12-15_airplanes-live_trace_full.json.gz
N582MM,2023-12-16,adsb-lol,0,none,"TK ENTERPRISES LLC, JRO AVIATION LLC, DOJA CONTRACTING LLC",N582MM,N582MM_2023-12-16_adsb-lol_trace_full.json.gz
N582MM,2023-12-16,airplanes-live,0,none,TK ENTERPRISES LLC,N582MM,N582MM_2023-12-16_airplanes-live_trace_full.json.gz
N582MM,2023-12-17,adsb-lol,0,none,"TK ENTERPRISES LLC, JRO AVIATION LLC, DOJA CONTRACTING LLC",N582MM,N582MM_2023-12-17_adsb-lol_trace_full.json.gz
N582MM,2023-12-17,airplanes-live,0,none,TK ENTERPRISES LLC,N582MM,N582MM_2023-12-17_airplanes-live_trace_full.json.gz
N582MM,2023-12-18,adsb-lol,0,none,"TK ENTERPRISES LLC, JRO AVIATION LLC, DOJA CONTRACTING LLC",N582MM,N582MM_2023-12-18_adsb-lol_trace_full.json.gz
N582MM,2023-12-18,airplanes-live,0,none,TK ENTERPRISES LLC,N582MM,N582MM_2023-12-18_airplanes-live_trace_full.json.gz
N582MM,2023-12-19,adsb-lol,0,none,"TK ENTERPRISES LLC, JRO AVIATION LLC, DOJA CONTRACTING LLC",N582MM,N582MM_2023-12-19_adsb-lol_trace_full.json.gz
N582MM,2023-12-19,airplanes-live,0,none,TK ENTERPRISES LLC,N582MM,N582MM_2023-12-19_airplanes-live_trace_full.json.gz
N582MM,2023-12-20,adsb-lol,0,none,"TK ENTERPRISES LLC, JRO AVIATION LLC, DOJA CONTRACTING LLC",N582MM,N582MM_2023-12-20_adsb-lol_trace_full.json.gz
N582MM,2023-12-20,airplanes-live,0,none,TK ENTERPRISES LLC,N582MM,N582MM_2023-12-20_airplanes-live_trace_full.json.gz
N582MM,2023-12-21,adsb-lol,0,none,"TK ENTERPRISES LLC, JRO AVIATION LLC, DOJA CONTRACTING LLC",N582MM,N582MM_2023-12-21_adsb-lol_trace_full.json.gz
N582MM,2023-12-21,airplanes-live,0,none,TK ENTERPRISES LLC,N582MM,N582MM_2023-12-21_airplanes-live_trace_full.json.gz
N582MM,2023-12-22,airplanes-live,0,none,TK ENTERPRISES LLC,N582MM,N582MM_2023-12-22_airplanes-live_trace_full.json.gz
N582MM,2023-12-23,airplanes-live,0,none,TK ENTERPRISES LLC,N582MM,N582MM_2023-12-23_airplanes-live_trace_full.json.gz
N582MM,2023-12-24,airplanes-live,0,none,TK ENTERPRISES LLC,N582MM,N582MM_2023-12-24_airplanes-live_trace_full.json.gz
N582MM,2023-12-27,airplanes-live,0,none,TK ENTERPRISES LLC,N582MM,N582MM_2023-12-27_airplanes-live_trace_full.json.gz
N582MM,2023-12-28,airplanes-live,0,none,TK ENTERPRISES LLC,N582MM,N582MM_2023-12-28_airplanes-live_trace_full.json.gz
N582MM,2023-12-29,airplanes-live,0,none,TK ENTERPRISES LLC,N582MM,N582MM_2023-12-29_airplanes-live_trace_full.json.gz
N582MM,2023-12-30,airplanes-live,0,none,TK ENTERPRISES LLC,N582MM,N582MM_2023-12-30_airplanes-live_trace_full.json.gz
N582MM,2023-12-31,airplanes-live,0,none,TK ENTERPRISES LLC,N582MM,N582MM_2023-12-31_airplanes-live_trace_full.json.gz
N582MM,2024-01-01,adsbexchange-samples,0,none,"TK ENTERPRISES LLC, JRO AVIATION LLC, DOJA CONTRACTING LLC",N582MM,N582MM_2024-01-01_adsbexchange-samples_trace_full.json
N582MM,2024-01-01,airplanes-live,0,none,TK ENTERPRISES LLC,N582MM,N582MM_2024-01-01_airplanes-live_trace_full.json.gz
N582MM,2024-01-02,airplanes-live,0,none,TK ENTERPRISES LLC,N582MM,N582MM_2024-01-02_airplanes-live_trace_full.json.gz
N582MM,2024-01-03,airplanes-live,0,none,TK ENTERPRISES LLC,N582MM,N582MM_2024-01-03_airplanes-live_trace_full.json.gz
N582MM,2024-01-04,airplanes-live,0,none,TK ENTERPRISES LLC,N582MM,N582MM_2024-01-04_airplanes-live_trace_full.json.gz
N582MM,2024-01-05,airplanes-live,0,none,TK ENTERPRISES LLC,N582MM,N582MM_2024-01-05_airplanes-live_trace_full.json.gz
N582MM,2024-01-06,airplanes-live,0,none,TK ENTERPRISES LLC,N582MM,N582MM_2024-01-06_airplanes-live_trace_full.json.gz
N582MM,2024-01-07,airplanes-live,0,none,TK ENTERPRISES LLC,N582MM,N582MM_2024-01-07_airplanes-live_trace_full.json.gz
N582MM,2024-01-08,airplanes-live,0,none,TK ENTERPRISES LLC,N582MM,N582MM_2024-01-08_airplanes-live_trace_full.json.gz
N582MM,2024-01-09,airplanes-live,0,none,TK ENTERPRISES LLC,N582MM,N582MM_2024-01-09_airplanes-live_trace_full.json.gz
N582MM,2024-01-11,airplanes-live,0,none,TK ENTERPRISES LLC,N582MM,N582MM_2024-01-11_airplanes-live_trace_full.json.gz
N582MM,2024-01-12,airplanes-live,0,none,TK ENTERPRISES LLC,N582MM,N582MM_2024-01-12_airplanes-live_trace_full.json.gz
N582MM,2024-01-17,airplanes-live,0,none,TK ENTERPRISES LLC,N582MM,N582MM_2024-01-17_airplanes-live_trace_full.json.gz
N582MM,2024-01-18,airplanes-live,0,none,TK ENTERPRISES LLC,N582MM,N582MM_2024-01-18_airplanes-live_trace_full.json.gz
N582MM,2024-01-20,airplanes-live,0,none,TK ENTERPRISES LLC,N582MM,N582MM_2024-01-20_airplanes-live_trace_full.json.gz
N582MM,2024-01-21,airplanes-live,0,none,TK ENTERPRISES LLC,N582MM,N582MM_2024-01-21_airplanes-live_trace_full.json.gz
N582MM,2024-01-22,airplanes-live,0,none,TK ENTERPRISES LLC,N582MM,N582MM_2024-01-22_airplanes-live_trace_full.json.gz
N582MM,2024-01-25,airplanes-live,0,none,TK ENTERPRISES LLC,N582MM,N582MM_2024-01-25_airplanes-live_trace_full.json.gz
N582MM,2024-01-26,airplanes-live,0,none,TK ENTERPRISES LLC,N582MM,N582MM_2024-01-26_airplanes-live_trace_full.json.gz
N582MM,2024-01-27,adsb-lol,0,none,"TK ENTERPRISES LLC, JRO AVIATION LLC, DOJA CONTRACTING LLC",N582MM,N582MM_2024-01-27_adsb-lol_trace_full.json.gz
N582MM,2024-01-27,airplanes-live,0,none,TK ENTERPRISES LLC,N582MM,N582MM_2024-01-27_airplanes-live_trace_full.json.gz
N582MM,2024-01-28,adsb-lol,0,none,"TK ENTERPRISES LLC, JRO AVIATION LLC, DOJA CONTRACTING LLC",N582MM,N582MM_2024-01-28_adsb-lol_trace_full.json.gz
N582MM,2024-01-28,airplanes-live,0,none,TK ENTERPRISES LLC,N582MM,N582MM_2024-01-28_airplanes-live_trace_full.json.gz
N582MM,2024-01-29,adsb-lol,0,none,"TK ENTERPRISES LLC, JRO AVIATION LLC, DOJA CONTRACTING LLC",N582MM,N582MM_2024-01-29_adsb-lol_trace_full.json.gz
N582MM,2024-01-29,airplanes-live,0,none,TK ENTERPRISES LLC,N582MM,N582MM_2024-01-29_airplanes-live_trace_full.json.gz
N582MM,2024-02-06,adsb-lol,0,none,"TK ENTERPRISES LLC, JRO AVIATION LLC, DOJA CONTRACTING LLC",N582MM,N582MM_2024-02-06_adsb-lol_trace_full.json.gz
N582MM,2024-02-06,airplanes-live,0,none,DOJA CONTRACTING LLC,N582MM,N582MM_2024-02-06_airplanes-live_trace_full.json.gz
N582MM,2024-02-07,airplanes-live,0,none,DOJA CONTRACTING LLC,N582MM,N582MM_2024-02-07_airplanes-live_trace_full.json.gz
N582MM,2024-02-11,adsb-lol,0,none,"TK ENTERPRISES LLC, JRO AVIATION LLC, DOJA CONTRACTING LLC",N582MM,N582MM_2024-02-11_adsb-lol_trace_full.json.gz
N582MM,2024-02-11,airplanes-live,0,none,DOJA CONTRACTING LLC,N582MM,N582MM_2024-02-11_airplanes-live_trace_full.json.gz
N582MM,2024-02-18,airplanes-live,0,none,DOJA CONTRACTING LLC,N582MM,N582MM_2024-02-18_airplanes-live_trace_full.json.gz
N582MM,2024-02-19,airplanes-live,0,none,DOJA CONTRACTING LLC,N582MM,N582MM_2024-02-19_airplanes-live_trace_full.json.gz
N582MM,2024-02-20,airplanes-live,0,none,DOJA CONTRACTING LLC,N582MM,N582MM_2024-02-20_airplanes-live_trace_full.json.gz
N582MM,2024-02-22,airplanes-live,0,none,DOJA CONTRACTING LLC,N582MM,N582MM_2024-02-22_airplanes-live_trace_full.json.gz
N582MM,2024-02-23,airplanes-live,0,none,DOJA CONTRACTING LLC,N582MM,N582MM_2024-02-23_airplanes-live_trace_full.json.gz
N582MM,2024-02-24,airplanes-live,0,none,DOJA CONTRACTING LLC,N582MM,N582MM_2024-02-24_airplanes-live_trace_full.json.gz
N582MM,2024-03-03,airplanes-live,0,none,DOJA CONTRACTING LLC,N582MM,N582MM_2024-03-03_airplanes-live_trace_full.json.gz
N582MM,2024-03-07,adsb-lol,0,none,"DOJA CONTRACTING LLC, TK ENTERPRISES LLC, JRO AVIATION LLC",N582MM,N582MM_2024-03-07_adsb-lol_trace_full.json.gz
N582MM,2024-03-07,airplanes-live,0,none,DOJA CONTRACTING LLC,N582MM,N582MM_2024-03-07_airplanes-live_trace_full.json.gz
N582MM,2024-03-08,adsb-lol,0,none,"DOJA CONTRACTING LLC, TK ENTERPRISES LLC, JRO AVIATION LLC",N582MM,N582MM_2024-03-08_adsb-lol_trace_full.json.gz
N582MM,2024-03-08,airplanes-live,0,none,DOJA CONTRACTING LLC,N582MM,N582MM_2024-03-08_airplanes-live_trace_full.json.gz
N582MM,2024-03-14,adsb-lol,0,none,"DOJA CONTRACTING LLC, TK ENTERPRISES LLC, JRO AVIATION LLC",N582MM,N582MM_2024-03-14_adsb-lol_trace_full.json.gz
N582MM,2024-03-14,airplanes-live,0,none,DOJA CONTRACTING LLC,N582MM,N582MM_2024-03-14_airplanes-live_trace_full.json.gz
N582MM,2024-03-15,adsb-lol,0,none,"DOJA CONTRACTING LLC, TK ENTERPRISES LLC, JRO AVIATION LLC",N582MM,N582MM_2024-03-15_adsb-lol_trace_full.json.gz
N582MM,2024-03-15,airplanes-live,0,none,DOJA CONTRACTING LLC,N582MM,N582MM_2024-03-15_airplanes-live_trace_full.json.gz
N582MM,2024-03-17,adsb-lol,0,none,"DOJA CONTRACTING LLC, TK ENTERPRISES LLC, JRO AVIATION LLC",N582MM,N582MM_2024-03-17_adsb-lol_trace_full.json.gz
N582MM,2024-03-17,airplanes-live,0,none,DOJA CONTRACTING LLC,N582MM,N582MM_2024-03-17_airplanes-live_trace_full.json.gz
N582MM,2024-03-18,adsb-lol,0,none,"DOJA CONTRACTING LLC, TK ENTERPRISES LLC, JRO AVIATION LLC",N582MM,N582MM_2024-03-18_adsb-lol_trace_full.json.gz
N582MM,2024-03-18,airplanes-live,0,none,DOJA CONTRACTING LLC,N582MM,N582MM_2024-03-18_airplanes-live_trace_full.json.gz
N582MM,2024-03-19,adsb-lol,0,none,"DOJA CONTRACTING LLC, TK ENTERPRISES LLC, JRO AVIATION LLC",N582MM,N582MM_2024-03-19_adsb-lol_trace_full.json.gz
N582MM,2024-03-19,airplanes-live,0,none,DOJA CONTRACTING LLC,N582MM,N582MM_2024-03-19_airplanes-live_trace_full.json.gz
N582MM,2024-03-20,adsb-lol,0,none,"DOJA CONTRACTING LLC, TK ENTERPRISES LLC, JRO AVIATION LLC",N582MM,N582MM_2024-03-20_adsb-lol_trace_full.json.gz
N582MM,2024-03-20,airplanes-live,0,none,DOJA CONTRACTING LLC,N582MM,N582MM_2024-03-20_airplanes-live_trace_full.json.gz
N582MM,2024-03-21,adsb-lol,0,none,"DOJA CONTRACTING LLC, TK ENTERPRISES LLC, JRO AVIATION LLC",N582MM,N582MM_2024-03-21_adsb-lol_trace_full.json.gz
N582MM,2024-03-21,airplanes-live,0,none,DOJA CONTRACTING LLC,N582MM,N582MM_2024-03-21_airplanes-live_trace_full.json.gz
N582MM,2024-03-22,airplanes-live,0,none,DOJA CONTRACTING LLC,N582MM,N582MM_2024-03-22_airplanes-live_trace_full.json.gz
N582MM,2024-03-23,adsb-lol,0,none,"DOJA CONTRACTING LLC, TK ENTERPRISES LLC, JRO AVIATION LLC",N582MM,N582MM_2024-03-23_adsb-lol_trace_full.json.gz
N582MM,2024-03-23,airplanes-live,0,none,DOJA CONTRACTING LLC,N582MM,N582MM_2024-03-23_airplanes-live_trace_full.json.gz
N582MM,2024-03-24,airplanes-live,0,none,DOJA CONTRACTING LLC,N582MM,N582MM_2024-03-24_airplanes-live_trace_full.json.gz
N582MM,2024-03-27,adsb-lol,0,none,"DOJA CONTRACTING LLC, TK ENTERPRISES LLC, JRO AVIATION LLC",N582MM,N582MM_2024-03-27_adsb-lol_trace_full.json.gz
N582MM,2024-03-27,airplanes-live,0,none,DOJA CONTRACTING LLC,N582MM,N582MM_2024-03-27_airplanes-live_trace_full.json.gz
N582MM,2024-03-28,adsb-lol,0,none,"DOJA CONTRACTING LLC, TK ENTERPRISES LLC, JRO AVIATION LLC",N582MM,N582MM_2024-03-28_adsb-lol_trace_full.json.gz
N582MM,2024-03-28,airplanes-live,0,none,DOJA CONTRACTING LLC,N582MM,N582MM_2024-03-28_airplanes-live_trace_full.json.gz
N582MM,2024-03-31,adsb-lol,0,none,"DOJA CONTRACTING LLC, TK ENTERPRISES LLC, JRO AVIATION LLC",N582MM,N582MM_2024-03-31_adsb-lol_trace_full.json.gz
N582MM,2024-03-31,airplanes-live,0,none,DOJA CONTRACTING LLC,N582MM,N582MM_2024-03-31_airplanes-live_trace_full.json.gz
N582MM,2024-04-02,adsb-lol,0,none,"DOJA CONTRACTING LLC, TK ENTERPRISES LLC, JRO AVIATION LLC",N582MM,N582MM_2024-04-02_adsb-lol_trace_full.json.gz
N582MM,2024-04-02,airplanes-live,0,none,DOJA CONTRACTING LLC,N582MM,N582MM_2024-04-02_airplanes-live_trace_full.json.gz
N582MM,2024-04-03,adsb-lol,0,none,"DOJA CONTRACTING LLC, TK ENTERPRISES LLC, JRO AVIATION LLC",N582MM,N582MM_2024-04-03_adsb-lol_trace_full.json.gz
N582MM,2024-04-03,airplanes-live,0,none,DOJA CONTRACTING LLC,N582MM,N582MM_2024-04-03_airplanes-live_trace_full.json.gz
N582MM,2024-04-04,adsb-lol,0,none,"DOJA CONTRACTING LLC, TK ENTERPRISES LLC, JRO AVIATION LLC",N582MM,N582MM_2024-04-04_adsb-lol_trace_full.json.gz
N582MM,2024-04-04,airplanes-live,0,none,DOJA CONTRACTING LLC,N582MM,N582MM_2024-04-04_airplanes-live_trace_full.json.gz
N582MM,2024-04-05,adsb-lol,0,none,"DOJA CONTRACTING LLC, TK ENTERPRISES LLC, JRO AVIATION LLC",N582MM,N582MM_2024-04-05_adsb-lol_trace_full.json.gz
N582MM,2024-04-05,airplanes-live,0,none,DOJA CONTRACTING LLC,N582MM,N582MM_2024-04-05_airplanes-live_trace_full.json.gz
N582MM,2024-04-06,adsb-lol,0,none,"DOJA CONTRACTING LLC, TK ENTERPRISES LLC, JRO AVIATION LLC",N582MM,N582MM_2024-04-06_adsb-lol_trace_full.json.gz
N582MM,2024-04-06,airplanes-live,0,none,DOJA CONTRACTING LLC,N582MM,N582MM_2024-04-06_airplanes-live_trace_full.json.gz
N582MM,2024-04-07,adsb-lol,0,none,"DOJA CONTRACTING LLC, TK ENTERPRISES LLC, JRO AVIATION LLC",N582MM,N582MM_2024-04-07_adsb-lol_trace_full.json.gz
N582MM,2024-04-07,airplanes-live,0,none,DOJA CONTRACTING LLC,N582MM,N582MM_2024-04-07_airplanes-live_trace_full.json.gz
N582MM,2024-04-08,adsb-lol,0,none,"DOJA CONTRACTING LLC, TK ENTERPRISES LLC, JRO AVIATION LLC",N582MM,N582MM_2024-04-08_adsb-lol_trace_full.json.gz
N582MM,2024-04-08,airplanes-live,0,none,DOJA CONTRACTING LLC,N582MM,N582MM_2024-04-08_airplanes-live_trace_full.json.gz
N582MM,2024-04-09,adsb-lol,0,none,"DOJA CONTRACTING LLC, TK ENTERPRISES LLC, JRO AVIATION LLC",N582MM,N582MM_2024-04-09_adsb-lol_trace_full.json.gz
N582MM,2024-04-09,airplanes-live,0,none,DOJA CONTRACTING LLC,N582MM,N582MM_2024-04-09_airplanes-live_trace_full.json.gz
N582MM,2024-04-10,adsb-lol,0,none,"DOJA CONTRACTING LLC, TK ENTERPRISES LLC, JRO AVIATION LLC",N582MM,N582MM_2024-04-10_adsb-lol_trace_full.json.gz
N582MM,2024-04-10,airplanes-live,0,none,DOJA CONTRACTING LLC,N582MM,N582MM_2024-04-10_airplanes-live_trace_full.json.gz
N582MM,2024-04-11,adsb-lol,0,none,"DOJA CONTRACTING LLC, TK ENTERPRISES LLC, JRO AVIATION LLC",N582MM,N582MM_2024-04-11_adsb-lol_trace_full.json.gz
N582MM,2024-04-11,airplanes-live,0,none,DOJA CONTRACTING LLC,N582MM,N582MM_2024-04-11_airplanes-live_trace_full.json.gz
N582MM,2024-04-12,airplanes-live,0,none,DOJA CONTRACTING LLC,N582MM,N582MM_2024-04-12_airplanes-live_trace_full.json.gz
N582MM,2024-04-13,airplanes-live,0,none,DOJA CONTRACTING LLC,N582MM,N582MM_2024-04-13_airplanes-live_trace_full.json.gz
N582MM,2024-04-14,airplanes-live,0,none,DOJA CONTRACTING LLC,N582MM,N582MM_2024-04-14_airplanes-live_trace_full.json.gz
N582MM,2024-04-15,adsb-lol,0,none,"DOJA CONTRACTING LLC, TK ENTERPRISES LLC, JRO AVIATION LLC",N582MM,N582MM_2024-04-15_adsb-lol_trace_full.json.gz
N582MM,2024-04-15,airplanes-live,0,none,DOJA CONTRACTING LLC,N582MM,N582MM_2024-04-15_airplanes-live_trace_full.json.gz
N582MM,2024-04-16,airplanes-live,0,none,DOJA CONTRACTING LLC,N582MM,N582MM_2024-04-16_airplanes-live_trace_full.json.gz
N582MM,2024-04-17,airplanes-live,0,none,DOJA CONTRACTING LLC,N582MM,N582MM_2024-04-17_airplanes-live_trace_full.json.gz
N582MM,2024-04-18,adsb-lol,0,none,"DOJA CONTRACTING LLC, TK ENTERPRISES LLC, JRO AVIATION LLC",N582MM,N582MM_2024-04-18_adsb-lol_trace_full.json.gz
N582MM,2024-04-18,airplanes-live,0,none,DOJA CONTRACTING LLC,N582MM,N582MM_2024-04-18_airplanes-live_trace_full.json.gz
N582MM,2024-04-23,adsb-lol,0,none,"DOJA CONTRACTING LLC, TK ENTERPRISES LLC, JRO AVIATION LLC",N582MM,N582MM_2024-04-23_adsb-lol_trace_full.json.gz
N582MM,2024-04-23,airplanes-live,0,none,DOJA CONTRACTING LLC,N582MM,N582MM_2024-04-23_airplanes-live_trace_full.json.gz
N582MM,2024-04-24,adsb-lol,0,none,"DOJA CONTRACTING LLC, TK ENTERPRISES LLC, JRO AVIATION LLC",N582MM,N582MM_2024-04-24_adsb-lol_trace_full.json.gz
N582MM,2024-04-24,airplanes-live,0,none,DOJA CONTRACTING LLC,N582MM,N582MM_2024-04-24_airplanes-live_trace_full.json.gz
N582MM,2024-04-26,adsb-lol,0,none,"DOJA CONTRACTING LLC, TK ENTERPRISES LLC, JRO AVIATION LLC",N582MM,N582MM_2024-04-26_adsb-lol_trace_full.json.gz
N582MM,2024-04-26,airplanes-live,0,none,DOJA CONTRACTING LLC,N582MM,N582MM_2024-04-26_airplanes-live_trace_full.json.gz
N582MM,2024-04-28,adsb-lol,0,none,"DOJA CONTRACTING LLC, TK ENTERPRISES LLC, JRO AVIATION LLC",N582MM,N582MM_2024-04-28_adsb-lol_trace_full.json.gz
N582MM,2024-04-28,airplanes-live,0,none,DOJA CONTRACTING LLC,N582MM,N582MM_2024-04-28_airplanes-live_trace_full.json.gz
N582MM,2024-04-29,adsb-lol,0,none,"DOJA CONTRACTING LLC, TK ENTERPRISES LLC, JRO AVIATION LLC",N582MM,N582MM_2024-04-29_adsb-lol_trace_full.json.gz
N582MM,2024-04-29,airplanes-live,0,none,DOJA CONTRACTING LLC,N582MM,N582MM_2024-04-29_airplanes-live_trace_full.json.gz
N582MM,2024-05-28,airplanes-live,0,none,DOJA CONTRACTING LLC,N582MM,N582MM_2024-05-28_airplanes-live_trace_full.json.gz
N582MM,2024-05-30,airplanes-live,0,none,DOJA CONTRACTING LLC,N582MM,N582MM_2024-05-30_airplanes-live_trace_full.json.gz
N582MM,2024-05-31,airplanes-live,0,none,DOJA CONTRACTING LLC,N582MM,N582MM_2024-05-31_airplanes-live_trace_full.json.gz
N582MM,2024-06-01,adsbexchange-samples,0,none,"DOJA CONTRACTING LLC, TK ENTERPRISES LLC, JRO AVIATION LLC",N582MM,N582MM_2024-06-01_adsbexchange-samples_trace_full.json
N582MM,2024-06-01,airplanes-live,0,none,DOJA CONTRACTING LLC,N582MM,N582MM_2024-06-01_airplanes-live_trace_full.json.gz
N582MM,2024-06-02,airplanes-live,0,none,DOJA CONTRACTING LLC,N582MM,N582MM_2024-06-02_airplanes-live_trace_full.json.gz
N582MM,2024-06-04,airplanes-live,0,none,DOJA CONTRACTING LLC,N582MM,N582MM_2024-06-04_airplanes-live_trace_full.json.gz
N582MM,2024-06-05,adsb-lol,0,none,"DOJA CONTRACTING LLC, TK ENTERPRISES LLC, JRO AVIATION LLC",N582MM,N582MM_2024-06-05_adsb-lol_trace_full.json.gz
N582MM,2024-06-05,airplanes-live,0,none,DOJA CONTRACTING LLC,N582MM,N582MM_2024-06-05_airplanes-live_trace_full.json.gz
N582MM,2024-06-06,adsb-lol,0,none,"DOJA CONTRACTING LLC, TK ENTERPRISES LLC, JRO AVIATION LLC",N582MM,N582MM_2024-06-06_adsb-lol_trace_full.json.gz
N582MM,2024-06-06,airplanes-live,0,none,DOJA CONTRACTING LLC,N582MM,N582MM_2024-06-06_airplanes-live_trace_full.json.gz
N582MM,2024-06-07,adsb-lol,0,none,"DOJA CONTRACTING LLC, TK ENTERPRISES LLC, JRO AVIATION LLC",N582MM,N582MM_2024-06-07_adsb-lol_trace_full.json.gz
N582MM,2024-06-07,airplanes-live,0,none,DOJA CONTRACTING LLC,N582MM,N582MM_2024-06-07_airplanes-live_trace_full.json.gz
N582MM,2024-06-08,adsb-lol,0,none,"DOJA CONTRACTING LLC, TK ENTERPRISES LLC, JRO AVIATION LLC",N582MM,N582MM_2024-06-08_adsb-lol_trace_full.json.gz
N582MM,2024-06-08,airplanes-live,0,none,DOJA CONTRACTING LLC,N582MM,N582MM_2024-06-08_airplanes-live_trace_full.json.gz
N582MM,2024-06-09,adsb-lol,0,none,"DOJA CONTRACTING LLC, TK ENTERPRISES LLC, JRO AVIATION LLC",N582MM,N582MM_2024-06-09_adsb-lol_trace_full.json.gz
N582MM,2024-06-09,airplanes-live,0,none,DOJA CONTRACTING LLC,N582MM,N582MM_2024-06-09_airplanes-live_trace_full.json.gz
N582MM,2024-06-10,adsb-lol,0,none,"DOJA CONTRACTING LLC, TK ENTERPRISES LLC, JRO AVIATION LLC",N582MM,N582MM_2024-06-10_adsb-lol_trace_full.json.gz
N582MM,2024-06-10,airplanes-live,0,none,DOJA CONTRACTING LLC,N582MM,N582MM_2024-06-10_airplanes-live_trace_full.json.gz
N582MM,2024-06-11,adsb-lol,0,none,"DOJA CONTRACTING LLC, TK ENTERPRISES LLC, JRO AVIATION LLC",N582MM,N582MM_2024-06-11_adsb-lol_trace_full.json.gz
N582MM,2024-06-11,airplanes-live,0,none,DOJA CONTRACTING LLC,N582MM,N582MM_2024-06-11_airplanes-live_trace_full.json.gz
N582MM,2024-06-12,adsb-lol,0,none,"DOJA CONTRACTING LLC, TK ENTERPRISES LLC, JRO AVIATION LLC",N582MM,N582MM_2024-06-12_adsb-lol_trace_full.json.gz
N582MM,2024-06-12,airplanes-live,0,none,DOJA CONTRACTING LLC,N582MM,N582MM_2024-06-12_airplanes-live_trace_full.json.gz
N582MM,2024-06-13,adsb-lol,0,none,"DOJA CONTRACTING LLC, TK ENTERPRISES LLC, JRO AVIATION LLC",N582MM,N582MM_2024-06-13_adsb-lol_trace_full.json.gz
N582MM,2024-06-13,airplanes-live,0,none,DOJA CONTRACTING LLC,N582MM,N582MM_2024-06-13_airplanes-live_trace_full.json.gz
N582MM,2024-06-14,adsb-lol,0,none,"DOJA CONTRACTING LLC, TK ENTERPRISES LLC, JRO AVIATION LLC",N582MM,N582MM_2024-06-14_adsb-lol_trace_full.json.gz
N582MM,2024-06-14,airplanes-live,0,none,DOJA CONTRACTING LLC,N582MM,N582MM_2024-06-14_airplanes-live_trace_full.json.gz
N582MM,2024-06-15,adsb-lol,0,none,"DOJA CONTRACTING LLC, TK ENTERPRISES LLC, JRO AVIATION LLC",N582MM,N582MM_2024-06-15_adsb-lol_trace_full.json.gz
N582MM,2024-06-15,airplanes-live,0,none,DOJA CONTRACTING LLC,N582MM,N582MM_2024-06-15_airplanes-live_trace_full.json.gz
N582MM,2024-06-16,adsb-lol,0,none,"DOJA CONTRACTING LLC, TK ENTERPRISES LLC, JRO AVIATION LLC",N582MM,N582MM_2024-06-16_adsb-lol_trace_full.json.gz
N582MM,2024-06-16,airplanes-live,0,none,DOJA CONTRACTING LLC,N582MM,N582MM_2024-06-16_airplanes-live_trace_full.json.gz
N582MM,2024-06-17,adsb-lol,0,none,"DOJA CONTRACTING LLC, TK ENTERPRISES LLC, JRO AVIATION LLC",N582MM,N582MM_2024-06-17_adsb-lol_trace_full.json.gz
N582MM,2024-06-17,airplanes-live,0,none,DOJA CONTRACTING LLC,N582MM,N582MM_2024-06-17_airplanes-live_trace_full.json.gz
N582MM,2024-06-18,adsb-lol,0,none,"DOJA CONTRACTING LLC, TK ENTERPRISES LLC, JRO AVIATION LLC",N582MM,N582MM_2024-06-18_adsb-lol_trace_full.json.gz
N582MM,2024-06-18,airplanes-live,0,none,DOJA CONTRACTING LLC,N582MM,N582MM_2024-06-18_airplanes-live_trace_full.json.gz
N582MM,2024-06-19,airplanes-live,0,none,DOJA CONTRACTING LLC,N582MM,N582MM_2024-06-19_airplanes-live_trace_full.json.gz
N582MM,2024-06-20,airplanes-live,0,none,DOJA CONTRACTING LLC,N582MM,N582MM_2024-06-20_airplanes-live_trace_full.json.gz
N582MM,2024-06-21,airplanes-live,0,none,DOJA CONTRACTING LLC,N582MM,N582MM_2024-06-21_airplanes-live_trace_full.json.gz
N582MM,2024-06-22,airplanes-live,0,none,DOJA CONTRACTING LLC,N582MM,N582MM_2024-06-22_airplanes-live_trace_full.json.gz
N582MM,2024-06-23,airplanes-live,0,none,DOJA CONTRACTING LLC,N582MM,N582MM_2024-06-23_airplanes-live_trace_full.json.gz
N582MM,2024-06-24,airplanes-live,0,none,DOJA CONTRACTING LLC,N582MM,N582MM_2024-06-24_airplanes-live_trace_full.json.gz
N582MM,2024-06-25,airplanes-live,0,none,DOJA CONTRACTING LLC,N582MM,N582MM_2024-06-25_airplanes-live_trace_full.json.gz
N582MM,2024-06-26,airplanes-live,0,none,DOJA CONTRACTING LLC,N582MM,N582MM_2024-06-26_airplanes-live_trace_full.json.gz
N582MM,2024-06-27,airplanes-live,0,none,DOJA CONTRACTING LLC,N582MM,N582MM_2024-06-27_airplanes-live_trace_full.json.gz
N582MM,2024-06-29,airplanes-live,0,none,DOJA CONTRACTING LLC,N582MM,N582MM_2024-06-29_airplanes-live_trace_full.json.gz
N582MM,2024-07-01,adsbexchange-samples,0,none,"DOJA CONTRACTING LLC, TK ENTERPRISES LLC, JRO AVIATION LLC",N582MM,N582MM_2024-07-01_adsbexchange-samples_trace_full.json
N582MM,2024-07-01,airplanes-live,0,none,DOJA CONTRACTING LLC,N582MM,N582MM_2024-07-01_airplanes-live_trace_full.json.gz
N582MM,2024-07-02,airplanes-live,0,none,DOJA CONTRACTING LLC,N582MM,N582MM_2024-07-02_airplanes-live_trace_full.json.gz
N582MM,2024-07-03,airplanes-live,0,none,DOJA CONTRACTING LLC,N582MM,N582MM_2024-07-03_airplanes-live_trace_full.json.gz
N582MM,2024-07-05,adsb-lol,0,none,"DOJA CONTRACTING LLC, TK ENTERPRISES LLC, JRO AVIATION LLC",N582MM,N582MM_2024-07-05_adsb-lol_trace_full.json.gz
N582MM,2024-07-05,airplanes-live,0,none,DOJA CONTRACTING LLC,N582MM,N582MM_2024-07-05_airplanes-live_trace_full.json.gz
N582MM,2024-07-08,adsb-lol,0,none,"DOJA CONTRACTING LLC, TK ENTERPRISES LLC, JRO AVIATION LLC",N582MM,N582MM_2024-07-08_adsb-lol_trace_full.json.gz
N582MM,2024-07-08,airplanes-live,0,none,DOJA CONTRACTING LLC,N582MM,N582MM_2024-07-08_airplanes-live_trace_full.json.gz
N582MM,2024-07-09,adsb-lol,0,none,"DOJA CONTRACTING LLC, TK ENTERPRISES LLC, JRO AVIATION LLC",N582MM,N582MM_2024-07-09_adsb-lol_trace_full.json.gz
N582MM,2024-07-09,airplanes-live,0,none,DOJA CONTRACTING LLC,N582MM,N582MM_2024-07-09_airplanes-live_trace_full.json.gz
N582MM,2024-07-10,airplanes-live,0,none,DOJA CONTRACTING LLC,N582MM,N582MM_2024-07-10_airplanes-live_trace_full.json.gz
N582MM,2024-07-12,adsb-lol,0,none,"DOJA CONTRACTING LLC, TK ENTERPRISES LLC, JRO AVIATION LLC",N582MM,N582MM_2024-07-12_adsb-lol_trace_full.json.gz
N582MM,2024-07-12,airplanes-live,0,none,DOJA CONTRACTING LLC,N582MM,N582MM_2024-07-12_airplanes-live_trace_full.json.gz
N582MM,2024-07-13,adsb-lol,0,none,"DOJA CONTRACTING LLC, TK ENTERPRISES LLC, JRO AVIATION LLC",N582MM,N582MM_2024-07-13_adsb-lol_trace_full.json.gz
N582MM,2024-07-13,airplanes-live,0,none,DOJA CONTRACTING LLC,N582MM,N582MM_2024-07-13_airplanes-live_trace_full.json.gz
N582MM,2024-07-14,adsb-lol,0,none,"DOJA CONTRACTING LLC, TK ENTERPRISES LLC, JRO AVIATION LLC",N582MM,N582MM_2024-07-14_adsb-lol_trace_full.json.gz
N582MM,2024-07-14,airplanes-live,0,none,DOJA CONTRACTING LLC,N582MM,N582MM_2024-07-14_airplanes-live_trace_full.json.gz
N582MM,2024-07-15,adsb-lol,0,none,"DOJA CONTRACTING LLC, TK ENTERPRISES LLC, JRO AVIATION LLC",N582MM,N582MM_2024-07-15_adsb-lol_trace_full.json.gz
N582MM,2024-07-15,airplanes-live,0,none,DOJA CONTRACTING LLC,N582MM,N582MM_2024-07-15_airplanes-live_trace_full.json.gz
N582MM,2024-07-17,adsb-lol,0,none,"DOJA CONTRACTING LLC, TK ENTERPRISES LLC, JRO AVIATION LLC",N582MM,N582MM_2024-07-17_adsb-lol_trace_full.json.gz
N582MM,2024-07-17,airplanes-live,0,none,DOJA CONTRACTING LLC,N582MM,N582MM_2024-07-17_airplanes-live_trace_full.json.gz
N582MM,2024-07-18,adsb-lol,0,none,"DOJA CONTRACTING LLC, TK ENTERPRISES LLC, JRO AVIATION LLC",N582MM,N582MM_2024-07-18_adsb-lol_trace_full.json.gz
N582MM,2024-07-18,airplanes-live,0,none,DOJA CONTRACTING LLC,N582MM,N582MM_2024-07-18_airplanes-live_trace_full.json.gz
N582MM,2024-07-19,airplanes-live,0,none,DOJA CONTRACTING LLC,N582MM,N582MM_2024-07-19_airplanes-live_trace_full.json.gz
N582MM,2024-07-20,adsb-lol,0,none,"DOJA CONTRACTING LLC, TK ENTERPRISES LLC, JRO AVIATION LLC",N582MM,N582MM_2024-07-20_adsb-lol_trace_full.json.gz
N582MM,2024-07-20,airplanes-live,0,none,DOJA CONTRACTING LLC,N582MM,N582MM_2024-07-20_airplanes-live_trace_full.json.gz
N582MM,2024-07-21,airplanes-live,0,none,DOJA CONTRACTING LLC,N582MM,N582MM_2024-07-21_airplanes-live_trace_full.json.gz
N582MM,2024-07-22,adsb-lol,0,none,"DOJA CONTRACTING LLC, TK ENTERPRISES LLC, JRO AVIATION LLC",N582MM,N582MM_2024-07-22_adsb-lol_trace_full.json.gz
N582MM,2024-07-22,airplanes-live,0,none,DOJA CONTRACTING LLC,N582MM,N582MM_2024-07-22_airplanes-live_trace_full.json.gz
N582MM,2024-07-23,adsb-lol,0,none,"DOJA CONTRACTING LLC, TK ENTERPRISES LLC, JRO AVIATION LLC",N582MM,N582MM_2024-07-23_adsb-lol_trace_full.json.gz
N582MM,2024-07-23,airplanes-live,0,none,DOJA CONTRACTING LLC,N582MM,N582MM_2024-07-23_airplanes-live_trace_full.json.gz
N582MM,2024-07-24,adsb-lol,0,none,"DOJA CONTRACTING LLC, TK ENTERPRISES LLC, JRO AVIATION LLC",N582MM,N582MM_2024-07-24_adsb-lol_trace_full.json.gz
N582MM,2024-07-24,airplanes-live,0,none,DOJA CONTRACTING LLC,N582MM,N582MM_2024-07-24_airplanes-live_trace_full.json.gz
N582MM,2024-07-25,adsb-lol,0,none,"DOJA CONTRACTING LLC, TK ENTERPRISES LLC, JRO AVIATION LLC",N582MM,N582MM_2024-07-25_adsb-lol_trace_full.json.gz
N582MM,2024-07-25,airplanes-live,0,none,DOJA CONTRACTING LLC,N582MM,N582MM_2024-07-25_airplanes-live_trace_full.json.gz
N582MM,2024-07-26,adsb-lol,0,none,"DOJA CONTRACTING LLC, TK ENTERPRISES LLC, JRO AVIATION LLC",N582MM,N582MM_2024-07-26_adsb-lol_trace_full.json.gz
N582MM,2024-07-26,airplanes-live,0,none,DOJA CONTRACTING LLC,N582MM,N582MM_2024-07-26_airplanes-live_trace_full.json.gz
N582MM,2024-07-27,adsb-lol,0,none,"DOJA CONTRACTING LLC, TK ENTERPRISES LLC, JRO AVIATION LLC",N582MM,N582MM_2024-07-27_adsb-lol_trace_full.json.gz
N582MM,2024-07-27,airplanes-live,0,none,DOJA CONTRACTING LLC,N582MM,N582MM_2024-07-27_airplanes-live_trace_full.json.gz
N582MM,2024-07-28,adsb-lol,0,none,"DOJA CONTRACTING LLC, TK ENTERPRISES LLC, JRO AVIATION LLC",N582MM,N582MM_2024-07-28_adsb-lol_trace_full.json.gz
N582MM,2024-07-28,airplanes-live,0,none,DOJA CONTRACTING LLC,N582MM,N582MM_2024-07-28_airplanes-live_trace_full.json.gz
N582MM,2024-07-29,adsb-lol,0,none,"DOJA CONTRACTING LLC, TK ENTERPRISES LLC, JRO AVIATION LLC",N582MM,N582MM_2024-07-29_adsb-lol_trace_full.json.gz
N582MM,2024-07-29,airplanes-live,0,none,DOJA CONTRACTING LLC,N582MM,N582MM_2024-07-29_airplanes-live_trace_full.json.gz
N582MM,2024-07-30,adsb-lol,0,none,"DOJA CONTRACTING LLC, TK ENTERPRISES LLC, JRO AVIATION LLC",N582MM,N582MM_2024-07-30_adsb-lol_trace_full.json.gz
N582MM,2024-07-30,airplanes-live,0,none,DOJA CONTRACTING LLC,N582MM,N582MM_2024-07-30_airplanes-live_trace_full.json.gz
N582MM,2024-07-31,airplanes-live,0,none,DOJA CONTRACTING LLC,N582MM,N582MM_2024-07-31_airplanes-live_trace_full.json.gz
N582MM,2024-08-01,adsbexchange-samples,0,none,"DOJA CONTRACTING LLC, TK ENTERPRISES LLC, JRO AVIATION LLC",N582MM,N582MM_2024-08-01_adsbexchange-samples_trace_full.json
N582MM,2024-08-01,airplanes-live,0,none,DOJA CONTRACTING LLC,N582MM,N582MM_2024-08-01_airplanes-live_trace_full.json.gz
N582MM,2024-08-02,airplanes-live,0,none,DOJA CONTRACTING LLC,N582MM,N582MM_2024-08-02_airplanes-live_trace_full.json.gz
N582MM,2024-08-03,airplanes-live,0,none,DOJA CONTRACTING LLC,N582MM,N582MM_2024-08-03_airplanes-live_trace_full.json.gz
N582MM,2024-08-04,airplanes-live,0,none,DOJA CONTRACTING LLC,N582MM,N582MM_2024-08-04_airplanes-live_trace_full.json.gz
N582MM,2024-08-05,airplanes-live,0,none,DOJA CONTRACTING LLC,N582MM,N582MM_2024-08-05_airplanes-live_trace_full.json.gz
N582MM,2024-08-06,airplanes-live,0,none,DOJA CONTRACTING LLC,N582MM,N582MM_2024-08-06_airplanes-live_trace_full.json.gz
N582MM,2024-08-07,airplanes-live,0,none,DOJA CONTRACTING LLC,N582MM,N582MM_2024-08-07_airplanes-live_trace_full.json.gz
N582MM,2024-08-08,airplanes-live,0,none,DOJA CONTRACTING LLC,N582MM,N582MM_2024-08-08_airplanes-live_trace_full.json.gz
N582MM,2024-08-09,airplanes-live,0,none,DOJA CONTRACTING LLC,N582MM,N582MM_2024-08-09_airplanes-live_trace_full.json.gz
N582MM,2024-08-10,airplanes-live,0,none,DOJA CONTRACTING LLC,N582MM,N582MM_2024-08-10_airplanes-live_trace_full.json.gz
N582MM,2024-08-11,airplanes-live,0,none,DOJA CONTRACTING LLC,N582MM,N582MM_2024-08-11_airplanes-live_trace_full.json.gz
N582MM,2024-08-12,airplanes-live,0,none,DOJA CONTRACTING LLC,N582MM,N582MM_2024-08-12_airplanes-live_trace_full.json.gz
N582MM,2024-08-13,adsb-lol,0,none,"DOJA CONTRACTING LLC, TK ENTERPRISES LLC, JRO AVIATION LLC",N582MM,N582MM_2024-08-13_adsb-lol_trace_full.json.gz
N582MM,2024-08-13,airplanes-live,0,none,DOJA CONTRACTING LLC,N582MM,N582MM_2024-08-13_airplanes-live_trace_full.json.gz
N582MM,2024-08-15,adsb-lol,0,none,"DOJA CONTRACTING LLC, TK ENTERPRISES LLC, JRO AVIATION LLC",N582MM,N582MM_2024-08-15_adsb-lol_trace_full.json.gz
N582MM,2024-08-15,airplanes-live,0,none,DOJA CONTRACTING LLC,N582MM,N582MM_2024-08-15_airplanes-live_trace_full.json.gz
N582MM,2024-08-16,adsb-lol,0,none,"DOJA CONTRACTING LLC, TK ENTERPRISES LLC, JRO AVIATION LLC",N582MM,N582MM_2024-08-16_adsb-lol_trace_full.json.gz
N582MM,2024-08-16,airplanes-live,0,none,DOJA CONTRACTING LLC,N582MM,N582MM_2024-08-16_airplanes-live_trace_full.json.gz
N582MM,2024-08-18,adsb-lol,0,none,"DOJA CONTRACTING LLC, TK ENTERPRISES LLC, JRO AVIATION LLC",N582MM,N582MM_2024-08-18_adsb-lol_trace_full.json.gz
N582MM,2024-08-18,airplanes-live,0,none,DOJA CONTRACTING LLC,N582MM,N582MM_2024-08-18_airplanes-live_trace_full.json.gz
N582MM,2024-08-19,adsb-lol,0,none,"DOJA CONTRACTING LLC, TK ENTERPRISES LLC, JRO AVIATION LLC",N582MM,N582MM_2024-08-19_adsb-lol_trace_full.json.gz
N582MM,2024-08-19,airplanes-live,0,none,DOJA CONTRACTING LLC,N582MM,N582MM_2024-08-19_airplanes-live_trace_full.json.gz
N582MM,2024-08-20,adsb-lol,0,none,"DOJA CONTRACTING LLC, TK ENTERPRISES LLC, JRO AVIATION LLC",N582MM,N582MM_2024-08-20_adsb-lol_trace_full.json.gz
N582MM,2024-08-20,airplanes-live,0,none,DOJA CONTRACTING LLC,N582MM,N582MM_2024-08-20_airplanes-live_trace_full.json.gz
N582MM,2024-08-21,adsb-lol,0,none,"DOJA CONTRACTING LLC, TK ENTERPRISES LLC, JRO AVIATION LLC",N582MM,N582MM_2024-08-21_adsb-lol_trace_full.json.gz
N582MM,2024-08-21,airplanes-live,0,none,DOJA CONTRACTING LLC,N582MM,N582MM_2024-08-21_airplanes-live_trace_full.json.gz
N582MM,2024-08-22,adsb-lol,0,none,"DOJA CONTRACTING LLC, TK ENTERPRISES LLC, JRO AVIATION LLC",N582MM,N582MM_2024-08-22_adsb-lol_trace_full.json.gz
N582MM,2024-08-22,airplanes-live,0,none,DOJA CONTRACTING LLC,N582MM,N582MM_2024-08-22_airplanes-live_trace_full.json.gz
N582MM,2024-08-23,airplanes-live,0,none,DOJA CONTRACTING LLC,N582MM,N582MM_2024-08-23_airplanes-live_trace_full.json.gz
N582MM,2024-08-25,airplanes-live,0,none,DOJA CONTRACTING LLC,N582MM,N582MM_2024-08-25_airplanes-live_trace_full.json.gz
N582MM,2024-08-26,airplanes-live,0,none,DOJA CONTRACTING LLC,N582MM,N582MM_2024-08-26_airplanes-live_trace_full.json.gz
N582MM,2024-09-01,adsbexchange-samples,0,none,"DOJA CONTRACTING LLC, TK ENTERPRISES LLC, JRO AVIATION LLC",N582MM,N582MM_2024-09-01_adsbexchange-samples_trace_full.json
N582MM,2024-09-03,adsb-lol,0,none,"DOJA CONTRACTING LLC, TK ENTERPRISES LLC, JRO AVIATION LLC",N582MM,N582MM_2024-09-03_adsb-lol_trace_full.json.gz
N582MM,2024-09-04,adsb-lol,0,none,"DOJA CONTRACTING LLC, TK ENTERPRISES LLC, JRO AVIATION LLC",N582MM,N582MM_2024-09-04_adsb-lol_trace_full.json.gz
N582MM,2024-09-04,airplanes-live,0,none,DOJA CONTRACTING LLC,N582MM,N582MM_2024-09-04_airplanes-live_trace_full.json.gz
N582MM,2024-09-05,adsb-lol,0,none,"DOJA CONTRACTING LLC, TK ENTERPRISES LLC, JRO AVIATION LLC",N582MM,N582MM_2024-09-05_adsb-lol_trace_full.json.gz
N582MM,2024-09-05,airplanes-live,0,none,DOJA CONTRACTING LLC,N582MM,N582MM_2024-09-05_airplanes-live_trace_full.json.gz
N582MM,2024-09-06,adsb-lol,0,none,"DOJA CONTRACTING LLC, TK ENTERPRISES LLC, JRO AVIATION LLC",N582MM,N582MM_2024-09-06_adsb-lol_trace_full.json.gz
N582MM,2024-09-06,airplanes-live,0,none,DOJA CONTRACTING LLC,N582MM,N582MM_2024-09-06_airplanes-live_trace_full.json.gz
N582MM,2024-09-07,adsb-lol,0,none,"DOJA CONTRACTING LLC, TK ENTERPRISES LLC, JRO AVIATION LLC",N582MM,N582MM_2024-09-07_adsb-lol_trace_full.json.gz
N582MM,2024-09-07,airplanes-live,0,none,DOJA CONTRACTING LLC,N582MM,N582MM_2024-09-07_airplanes-live_trace_full.json.gz
N582MM,2024-09-08,adsb-lol,0,none,"DOJA CONTRACTING LLC, TK ENTERPRISES LLC, JRO AVIATION LLC",N582MM,N582MM_2024-09-08_adsb-lol_trace_full.json.gz
N582MM,2024-09-08,airplanes-live,0,none,DOJA CONTRACTING LLC,N582MM,N582MM_2024-09-08_airplanes-live_trace_full.json.gz
N582MM,2024-09-10,adsb-lol,0,none,"DOJA CONTRACTING LLC, TK ENTERPRISES LLC, JRO AVIATION LLC",N582MM,N582MM_2024-09-10_adsb-lol_trace_full.json.gz
N582MM,2024-09-10,airplanes-live,0,none,DOJA CONTRACTING LLC,N582MM,N582MM_2024-09-10_airplanes-live_trace_full.json.gz
N582MM,2024-09-11,adsb-lol,0,none,"DOJA CONTRACTING LLC, TK ENTERPRISES LLC, JRO AVIATION LLC",N582MM,N582MM_2024-09-11_adsb-lol_trace_full.json.gz
N582MM,2024-09-11,airplanes-live,0,none,DOJA CONTRACTING LLC,N582MM,N582MM_2024-09-11_airplanes-live_trace_full.json.gz
N582MM,2024-09-12,adsb-lol,0,none,"DOJA CONTRACTING LLC, TK ENTERPRISES LLC, JRO AVIATION LLC",N582MM,N582MM_2024-09-12_adsb-lol_trace_full.json.gz
N582MM,2024-09-12,airplanes-live,0,none,DOJA CONTRACTING LLC,N582MM,N582MM_2024-09-12_airplanes-live_trace_full.json.gz
N582MM,2024-09-13,adsb-lol,0,none,"DOJA CONTRACTING LLC, TK ENTERPRISES LLC, JRO AVIATION LLC",N582MM,N582MM_2024-09-13_adsb-lol_trace_full.json.gz
N582MM,2024-09-13,airplanes-live,0,none,DOJA CONTRACTING LLC,N582MM,N582MM_2024-09-13_airplanes-live_trace_full.json.gz
N582MM,2024-09-14,adsb-lol,0,none,"DOJA CONTRACTING LLC, TK ENTERPRISES LLC, JRO AVIATION LLC",N582MM,N582MM_2024-09-14_adsb-lol_trace_full.json.gz
N582MM,2024-09-14,airplanes-live,0,none,DOJA CONTRACTING LLC,N582MM,N582MM_2024-09-14_airplanes-live_trace_full.json.gz
N582MM,2024-09-15,adsb-lol,0,none,"DOJA CONTRACTING LLC, TK ENTERPRISES LLC, JRO AVIATION LLC",N582MM,N582MM_2024-09-15_adsb-lol_trace_full.json.gz
N582MM,2024-09-15,airplanes-live,0,none,DOJA CONTRACTING LLC,N582MM,N582MM_2024-09-15_airplanes-live_trace_full.json.gz
N582MM,2024-09-16,airplanes-live,0,none,DOJA CONTRACTING LLC,N582MM,N582MM_2024-09-16_airplanes-live_trace_full.json.gz
N582MM,2024-09-17,adsb-lol,0,none,"DOJA CONTRACTING LLC, TK ENTERPRISES LLC, JRO AVIATION LLC",N582MM,N582MM_2024-09-17_adsb-lol_trace_full.json.gz
N582MM,2024-09-17,airplanes-live,0,none,DOJA CONTRACTING LLC,N582MM,N582MM_2024-09-17_airplanes-live_trace_full.json.gz
N582MM,2024-09-18,adsb-lol,0,none,"DOJA CONTRACTING LLC, TK ENTERPRISES LLC, JRO AVIATION LLC",N582MM,N582MM_2024-09-18_adsb-lol_trace_full.json.gz
N582MM,2024-09-18,airplanes-live,0,none,DOJA CONTRACTING LLC,N582MM,N582MM_2024-09-18_airplanes-live_trace_full.json.gz
N582MM,2024-09-19,adsb-lol,0,none,"DOJA CONTRACTING LLC, TK ENTERPRISES LLC, JRO AVIATION LLC",N582MM,N582MM_2024-09-19_adsb-lol_trace_full.json.gz
N582MM,2024-09-19,airplanes-live,0,none,DOJA CONTRACTING LLC,N582MM,N582MM_2024-09-19_airplanes-live_trace_full.json.gz
N582MM,2024-09-20,adsb-lol,0,none,"DOJA CONTRACTING LLC, TK ENTERPRISES LLC, JRO AVIATION LLC",N582MM,N582MM_2024-09-20_adsb-lol_trace_full.json.gz
N582MM,2024-09-20,airplanes-live,0,none,DOJA CONTRACTING LLC,N582MM,N582MM_2024-09-20_airplanes-live_trace_full.json.gz
N582MM,2024-09-21,adsb-lol,0,none,"DOJA CONTRACTING LLC, TK ENTERPRISES LLC, JRO AVIATION LLC",N582MM,N582MM_2024-09-21_adsb-lol_trace_full.json.gz
N582MM,2024-09-21,airplanes-live,0,none,DOJA CONTRACTING LLC,N582MM,N582MM_2024-09-21_airplanes-live_trace_full.json.gz
N582MM,2024-09-22,adsb-lol,0,none,"DOJA CONTRACTING LLC, TK ENTERPRISES LLC, JRO AVIATION LLC",N582MM,N582MM_2024-09-22_adsb-lol_trace_full.json.gz
N582MM,2024-09-22,airplanes-live,0,none,DOJA CONTRACTING LLC,N582MM,N582MM_2024-09-22_airplanes-live_trace_full.json.gz
N582MM,2024-09-23,adsb-lol,0,none,"DOJA CONTRACTING LLC, TK ENTERPRISES LLC, JRO AVIATION LLC",N582MM,N582MM_2024-09-23_adsb-lol_trace_full.json.gz
N582MM,2024-09-23,airplanes-live,0,none,DOJA CONTRACTING LLC,N582MM,N582MM_2024-09-23_airplanes-live_trace_full.json.gz
N582MM,2024-09-26,adsb-lol,0,none,"DOJA CONTRACTING LLC, TK ENTERPRISES LLC, JRO AVIATION LLC",N582MM,N582MM_2024-09-26_adsb-lol_trace_full.json.gz
N582MM,2024-09-26,airplanes-live,0,none,DOJA CONTRACTING LLC,N582MM,N582MM_2024-09-26_airplanes-live_trace_full.json.gz
N582MM,2024-09-27,adsb-lol,0,none,"DOJA CONTRACTING LLC, TK ENTERPRISES LLC, JRO AVIATION LLC",N582MM,N582MM_2024-09-27_adsb-lol_trace_full.json.gz
N582MM,2024-09-27,airplanes-live,0,none,DOJA CONTRACTING LLC,N582MM,N582MM_2024-09-27_airplanes-live_trace_full.json.gz
N582MM,2024-09-30,adsb-lol,0,none,"DOJA CONTRACTING LLC, TK ENTERPRISES LLC, JRO AVIATION LLC",N582MM,N582MM_2024-09-30_adsb-lol_trace_full.json.gz
N582MM,2024-09-30,airplanes-live,0,none,DOJA CONTRACTING LLC,N582MM,N582MM_2024-09-30_airplanes-live_trace_full.json.gz
N582MM,2024-10-01,adsb-lol,0,none,"DOJA CONTRACTING LLC, TK ENTERPRISES LLC, JRO AVIATION LLC",N582MM,N582MM_2024-10-01_adsb-lol_trace_full.json.gz
N582MM,2024-10-01,adsbexchange-samples,0,none,"DOJA CONTRACTING LLC, TK ENTERPRISES LLC, JRO AVIATION LLC",N582MM,N582MM_2024-10-01_adsbexchange-samples_trace_full.json
N582MM,2024-10-01,airplanes-live,0,none,DOJA CONTRACTING LLC,N582MM,N582MM_2024-10-01_airplanes-live_trace_full.json.gz
N582MM,2024-10-02,adsb-lol,0,none,"DOJA CONTRACTING LLC, TK ENTERPRISES LLC, JRO AVIATION LLC",N582MM,N582MM_2024-10-02_adsb-lol_trace_full.json.gz
N582MM,2024-10-02,airplanes-live,0,none,DOJA CONTRACTING LLC,N582MM,N582MM_2024-10-02_airplanes-live_trace_full.json.gz
N582MM,2024-10-03,airplanes-live,0,none,DOJA CONTRACTING LLC,N582MM,N582MM_2024-10-03_airplanes-live_trace_full.json.gz
N582MM,2024-10-04,airplanes-live,0,none,DOJA CONTRACTING LLC,N582MM,N582MM_2024-10-04_airplanes-live_trace_full.json.gz
N582MM,2024-10-05,airplanes-live,0,none,DOJA CONTRACTING LLC,N582MM,N582MM_2024-10-05_airplanes-live_trace_full.json.gz
N582MM,2024-10-06,airplanes-live,0,none,DOJA CONTRACTING LLC,N582MM,N582MM_2024-10-06_airplanes-live_trace_full.json.gz
N582MM,2024-10-07,airplanes-live,0,none,DOJA CONTRACTING LLC,N582MM,N582MM_2024-10-07_airplanes-live_trace_full.json.gz
N582MM,2024-10-08,airplanes-live,0,none,DOJA CONTRACTING LLC,N582MM,N582MM_2024-10-08_airplanes-live_trace_full.json.gz
N582MM,2024-10-09,adsb-lol,0,none,"DOJA CONTRACTING LLC, TK ENTERPRISES LLC, JRO AVIATION LLC",N582MM,N582MM_2024-10-09_adsb-lol_trace_full.json.gz
N582MM,2024-10-09,airplanes-live,0,none,DOJA CONTRACTING LLC,N582MM,N582MM_2024-10-09_airplanes-live_trace_full.json.gz
N582MM,2024-10-10,adsb-lol,0,none,"DOJA CONTRACTING LLC, TK ENTERPRISES LLC, JRO AVIATION LLC",N582MM,N582MM_2024-10-10_adsb-lol_trace_full.json.gz
N582MM,2024-10-10,airplanes-live,0,none,DOJA CONTRACTING LLC,N582MM,N582MM_2024-10-10_airplanes-live_trace_full.json.gz
N582MM,2024-10-11,adsb-lol,0,none,"DOJA CONTRACTING LLC, TK ENTERPRISES LLC, JRO AVIATION LLC",N582MM,N582MM_2024-10-11_adsb-lol_trace_full.json.gz
N582MM,2024-10-11,airplanes-live,0,none,DOJA CONTRACTING LLC,N582MM,N582MM_2024-10-11_airplanes-live_trace_full.json.gz
N582MM,2024-10-12,adsb-lol,0,none,"DOJA CONTRACTING LLC, TK ENTERPRISES LLC, JRO AVIATION LLC",N582MM,N582MM_2024-10-12_adsb-lol_trace_full.json.gz
N582MM,2024-10-12,airplanes-live,0,none,DOJA CONTRACTING LLC,N582MM,N582MM_2024-10-12_airplanes-live_trace_full.json.gz
N582MM,2024-10-13,adsb-lol,0,none,"DOJA CONTRACTING LLC, TK ENTERPRISES LLC, JRO AVIATION LLC",N582MM,N582MM_2024-10-13_adsb-lol_trace_full.json.gz
N582MM,2024-10-13,airplanes-live,0,none,DOJA CONTRACTING LLC,N582MM,N582MM_2024-10-13_airplanes-live_trace_full.json.gz
N582MM,2024-10-15,adsb-lol,0,none,"DOJA CONTRACTING LLC, TK ENTERPRISES LLC, JRO AVIATION LLC",N582MM,N582MM_2024-10-15_adsb-lol_trace_full.json.gz
N582MM,2024-10-15,airplanes-live,0,none,DOJA CONTRACTING LLC,N582MM,N582MM_2024-10-15_airplanes-live_trace_full.json.gz
N582MM,2024-10-16,adsb-lol,0,none,"DOJA CONTRACTING LLC, TK ENTERPRISES LLC, JRO AVIATION LLC",N582MM,N582MM_2024-10-16_adsb-lol_trace_full.json.gz
N582MM,2024-10-16,airplanes-live,0,none,DOJA CONTRACTING LLC,N582MM,N582MM_2024-10-16_airplanes-live_trace_full.json.gz
N582MM,2024-10-17,adsb-lol,0,none,"DOJA CONTRACTING LLC, TK ENTERPRISES LLC, JRO AVIATION LLC",N582MM,N582MM_2024-10-17_adsb-lol_trace_full.json.gz
N582MM,2024-10-17,airplanes-live,0,none,DOJA CONTRACTING LLC,N582MM,N582MM_2024-10-17_airplanes-live_trace_full.json.gz
N582MM,2024-10-18,adsb-lol,0,none,"DOJA CONTRACTING LLC, TK ENTERPRISES LLC, JRO AVIATION LLC",N582MM,N582MM_2024-10-18_adsb-lol_trace_full.json.gz
N582MM,2024-10-18,airplanes-live,0,none,DOJA CONTRACTING LLC,N582MM,N582MM_2024-10-18_airplanes-live_trace_full.json.gz
N582MM,2024-10-19,adsb-lol,0,none,"DOJA CONTRACTING LLC, TK ENTERPRISES LLC, JRO AVIATION LLC",N582MM,N582MM_2024-10-19_adsb-lol_trace_full.json.gz
N582MM,2024-10-19,airplanes-live,0,none,DOJA CONTRACTING LLC,N582MM,N582MM_2024-10-19_airplanes-live_trace_full.json.gz
N582MM,2024-10-20,adsb-lol,0,none,"DOJA CONTRACTING LLC, TK ENTERPRISES LLC, JRO AVIATION LLC",N582MM,N582MM_2024-10-20_adsb-lol_trace_full.json.gz
N582MM,2024-10-20,airplanes-live,0,none,DOJA CONTRACTING LLC,N582MM,N582MM_2024-10-20_airplanes-live_trace_full.json.gz
N582MM,2024-10-21,adsb-lol,0,none,"DOJA CONTRACTING LLC, TK ENTERPRISES LLC, JRO AVIATION LLC",N582MM,N582MM_2024-10-21_adsb-lol_trace_full.json.gz
N582MM,2024-10-21,airplanes-live,0,none,DOJA CONTRACTING LLC,N582MM,N582MM_2024-10-21_airplanes-live_trace_full.json.gz
N582MM,2024-10-22,adsb-lol,0,none,"DOJA CONTRACTING LLC, TK ENTERPRISES LLC, JRO AVIATION LLC",N582MM,N582MM_2024-10-22_adsb-lol_trace_full.json.gz
N582MM,2024-10-22,airplanes-live,0,none,DOJA CONTRACTING LLC,N582MM,N582MM_2024-10-22_airplanes-live_trace_full.json.gz
N582MM,2024-10-23,adsb-lol,0,none,"DOJA CONTRACTING LLC, TK ENTERPRISES LLC, JRO AVIATION LLC",N582MM,N582MM_2024-10-23_adsb-lol_trace_full.json.gz
N582MM,2024-10-23,airplanes-live,0,none,DOJA CONTRACTING LLC,N582MM,N582MM_2024-10-23_airplanes-live_trace_full.json.gz
N582MM,2024-10-24,adsb-lol,0,none,"DOJA CONTRACTING LLC, TK ENTERPRISES LLC, JRO AVIATION LLC",N582MM,N582MM_2024-10-24_adsb-lol_trace_full.json.gz
N582MM,2024-10-24,airplanes-live,0,none,DOJA CONTRACTING LLC,N582MM,N582MM_2024-10-24_airplanes-live_trace_full.json.gz
N582MM,2024-10-25,adsb-lol,0,none,"DOJA CONTRACTING LLC, TK ENTERPRISES LLC, JRO AVIATION LLC",N582MM,N582MM_2024-10-25_adsb-lol_trace_full.json.gz
N582MM,2024-10-25,airplanes-live,0,none,DOJA CONTRACTING LLC,N582MM,N582MM_2024-10-25_airplanes-live_trace_full.json.gz
N582MM,2024-10-26,adsb-lol,0,none,"DOJA CONTRACTING LLC, TK ENTERPRISES LLC, JRO AVIATION LLC",N582MM,N582MM_2024-10-26_adsb-lol_trace_full.json.gz
N582MM,2024-10-26,airplanes-live,0,none,DOJA CONTRACTING LLC,N582MM,N582MM_2024-10-26_airplanes-live_trace_full.json.gz
N582MM,2024-10-27,adsb-lol,0,none,"DOJA CONTRACTING LLC, TK ENTERPRISES LLC, JRO AVIATION LLC",N582MM,N582MM_2024-10-27_adsb-lol_trace_full.json.gz
N582MM,2024-10-27,airplanes-live,0,none,DOJA CONTRACTING LLC,N582MM,N582MM_2024-10-27_airplanes-live_trace_full.json.gz
N582MM,2024-10-28,adsb-lol,0,none,"DOJA CONTRACTING LLC, TK ENTERPRISES LLC, JRO AVIATION LLC",N582MM,N582MM_2024-10-28_adsb-lol_trace_full.json.gz
N582MM,2024-10-28,airplanes-live,0,none,DOJA CONTRACTING LLC,N582MM,N582MM_2024-10-28_airplanes-live_trace_full.json.gz
N582MM,2024-10-29,adsb-lol,0,none,"DOJA CONTRACTING LLC, TK ENTERPRISES LLC, JRO AVIATION LLC",N582MM,N582MM_2024-10-29_adsb-lol_trace_full.json.gz
N582MM,2024-10-29,airplanes-live,0,none,DOJA CONTRACTING LLC,N582MM,N582MM_2024-10-29_airplanes-live_trace_full.json.gz
N582MM,2024-10-30,adsb-lol,0,none,"DOJA CONTRACTING LLC, TK ENTERPRISES LLC, JRO AVIATION LLC",N582MM,N582MM_2024-10-30_adsb-lol_trace_full.json.gz
N582MM,2024-10-30,airplanes-live,0,none,DOJA CONTRACTING LLC,N582MM,N582MM_2024-10-30_airplanes-live_trace_full.json.gz
N582MM,2024-10-31,adsb-lol,0,none,"DOJA CONTRACTING LLC, TK ENTERPRISES LLC, JRO AVIATION LLC",N582MM,N582MM_2024-10-31_adsb-lol_trace_full.json.gz
N582MM,2024-10-31,airplanes-live,0,none,DOJA CONTRACTING LLC,N582MM,N582MM_2024-10-31_airplanes-live_trace_full.json.gz
N582MM,2024-11-01,adsb-lol,0,none,"DOJA CONTRACTING LLC, TK ENTERPRISES LLC, JRO AVIATION LLC",N582MM,N582MM_2024-11-01_adsb-lol_trace_full.json.gz
N582MM,2024-11-01,adsbexchange-samples,0,none,"DOJA CONTRACTING LLC, TK ENTERPRISES LLC, JRO AVIATION LLC",N582MM,N582MM_2024-11-01_adsbexchange-samples_trace_full.json
N582MM,2024-11-01,airplanes-live,0,none,DOJA CONTRACTING LLC,N582MM,N582MM_2024-11-01_airplanes-live_trace_full.json.gz
N582MM,2024-11-02,adsb-lol,0,none,"DOJA CONTRACTING LLC, TK ENTERPRISES LLC, JRO AVIATION LLC",N582MM,N582MM_2024-11-02_adsb-lol_trace_full.json.gz
N582MM,2024-11-02,airplanes-live,0,none,DOJA CONTRACTING LLC,N582MM,N582MM_2024-11-02_airplanes-live_trace_full.json.gz
N582MM,2024-11-03,airplanes-live,0,none,DOJA CONTRACTING LLC,N582MM,N582MM_2024-11-03_airplanes-live_trace_full.json.gz
N582MM,2024-11-04,airplanes-live,0,none,DOJA CONTRACTING LLC,N582MM,N582MM_2024-11-04_airplanes-live_trace_full.json.gz
N582MM,2024-11-07,airplanes-live,0,none,DOJA CONTRACTING LLC,N582MM,N582MM_2024-11-07_airplanes-live_trace_full.json.gz
N582MM,2024-11-08,airplanes-live,0,none,DOJA CONTRACTING LLC,N582MM,N582MM_2024-11-08_airplanes-live_trace_full.json.gz
N582MM,2024-11-09,adsb-lol,0,none,"DOJA CONTRACTING LLC, TK ENTERPRISES LLC, JRO AVIATION LLC",N582MM,N582MM_2024-11-09_adsb-lol_trace_full.json.gz
N582MM,2024-11-09,airplanes-live,0,none,DOJA CONTRACTING LLC,N582MM,N582MM_2024-11-09_airplanes-live_trace_full.json.gz
N582MM,2024-11-10,adsb-lol,0,none,"DOJA CONTRACTING LLC, TK ENTERPRISES LLC, JRO AVIATION LLC",N582MM,N582MM_2024-11-10_adsb-lol_trace_full.json.gz
N582MM,2024-11-10,airplanes-live,0,none,DOJA CONTRACTING LLC,N582MM,N582MM_2024-11-10_airplanes-live_trace_full.json.gz
N582MM,2024-11-11,adsb-lol,0,none,"DOJA CONTRACTING LLC, TK ENTERPRISES LLC, JRO AVIATION LLC",N582MM,N582MM_2024-11-11_adsb-lol_trace_full.json.gz
N582MM,2024-11-11,airplanes-live,0,none,DOJA CONTRACTING LLC,N582MM,N582MM_2024-11-11_airplanes-live_trace_full.json.gz
N582MM,2024-11-13,adsb-lol,0,none,"DOJA CONTRACTING LLC, TK ENTERPRISES LLC, JRO AVIATION LLC",N582MM,N582MM_2024-11-13_adsb-lol_trace_full.json.gz
N582MM,2024-11-13,airplanes-live,0,none,DOJA CONTRACTING LLC,N582MM,N582MM_2024-11-13_airplanes-live_trace_full.json.gz
N582MM,2024-11-14,adsb-lol,0,none,"DOJA CONTRACTING LLC, TK ENTERPRISES LLC, JRO AVIATION LLC",N582MM,N582MM_2024-11-14_adsb-lol_trace_full.json.gz
N582MM,2024-11-14,airplanes-live,0,none,DOJA CONTRACTING LLC,N582MM,N582MM_2024-11-14_airplanes-live_trace_full.json.gz
N582MM,2024-11-15,adsb-lol,0,none,"DOJA CONTRACTING LLC, TK ENTERPRISES LLC, JRO AVIATION LLC",N582MM,N582MM_2024-11-15_adsb-lol_trace_full.json.gz
N582MM,2024-11-15,airplanes-live,0,none,DOJA CONTRACTING LLC,N582MM,N582MM_2024-11-15_airplanes-live_trace_full.json.gz
N582MM,2024-11-16,adsb-lol,0,none,"DOJA CONTRACTING LLC, TK ENTERPRISES LLC, JRO AVIATION LLC",N582MM,N582MM_2024-11-16_adsb-lol_trace_full.json.gz
N582MM,2024-11-16,airplanes-live,0,none,DOJA CONTRACTING LLC,N582MM,N582MM_2024-11-16_airplanes-live_trace_full.json.gz
N582MM,2024-11-17,adsb-lol,0,none,"DOJA CONTRACTING LLC, TK ENTERPRISES LLC, JRO AVIATION LLC",N582MM,N582MM_2024-11-17_adsb-lol_trace_full.json.gz
N582MM,2024-11-17,airplanes-live,0,none,DOJA CONTRACTING LLC,N582MM,N582MM_2024-11-17_airplanes-live_trace_full.json.gz
N582MM,2024-11-18,adsb-lol,0,none,"DOJA CONTRACTING LLC, TK ENTERPRISES LLC, JRO AVIATION LLC",N582MM,N582MM_2024-11-18_adsb-lol_trace_full.json.gz
N582MM,2024-11-18,airplanes-live,0,none,DOJA CONTRACTING LLC,N582MM,N582MM_2024-11-18_airplanes-live_trace_full.json.gz
N582MM,2024-11-19,airplanes-live,0,none,DOJA CONTRACTING LLC,N582MM,N582MM_2024-11-19_airplanes-live_trace_full.json.gz
N582MM,2024-11-20,airplanes-live,0,none,DOJA CONTRACTING LLC,N582MM,N582MM_2024-11-20_airplanes-live_trace_full.json.gz
N582MM,2024-11-21,airplanes-live,0,none,DOJA CONTRACTING LLC,N582MM,N582MM_2024-11-21_airplanes-live_trace_full.json.gz
N582MM,2024-11-22,airplanes-live,0,none,DOJA CONTRACTING LLC,N582MM,N582MM_2024-11-22_airplanes-live_trace_full.json.gz
N582MM,2024-11-23,airplanes-live,0,none,DOJA CONTRACTING LLC,N582MM,N582MM_2024-11-23_airplanes-live_trace_full.json.gz
N582MM,2024-11-24,airplanes-live,0,none,DOJA CONTRACTING LLC,N582MM,N582MM_2024-11-24_airplanes-live_trace_full.json.gz
N582MM,2024-11-26,adsb-lol,0,none,"DOJA CONTRACTING LLC, TK ENTERPRISES LLC, JRO AVIATION LLC",N582MM,N582MM_2024-11-26_adsb-lol_trace_full.json.gz
N582MM,2024-11-26,airplanes-live,0,none,DOJA CONTRACTING LLC,N582MM,N582MM_2024-11-26_airplanes-live_trace_full.json.gz
N582MM,2024-11-27,adsb-lol,0,none,"DOJA CONTRACTING LLC, TK ENTERPRISES LLC, JRO AVIATION LLC",N582MM,N582MM_2024-11-27_adsb-lol_trace_full.json.gz
N582MM,2024-11-27,airplanes-live,0,none,DOJA CONTRACTING LLC,N582MM,N582MM_2024-11-27_airplanes-live_trace_full.json.gz
N582MM,2024-11-28,adsb-lol,0,none,"DOJA CONTRACTING LLC, TK ENTERPRISES LLC, JRO AVIATION LLC",N582MM,N582MM_2024-11-28_adsb-lol_trace_full.json.gz
N582MM,2024-11-28,airplanes-live,0,none,DOJA CONTRACTING LLC,N582MM,N582MM_2024-11-28_airplanes-live_trace_full.json.gz
N582MM,2024-11-29,adsb-lol,0,none,"DOJA CONTRACTING LLC, TK ENTERPRISES LLC, JRO AVIATION LLC",N582MM,N582MM_2024-11-29_adsb-lol_trace_full.json.gz
N582MM,2024-11-29,airplanes-live,0,none,DOJA CONTRACTING LLC,N582MM,N582MM_2024-11-29_airplanes-live_trace_full.json.gz
N582MM,2024-11-30,adsb-lol,0,none,"DOJA CONTRACTING LLC, TK ENTERPRISES LLC, JRO AVIATION LLC",N582MM,N582MM_2024-11-30_adsb-lol_trace_full.json.gz
N582MM,2024-11-30,airplanes-live,0,none,DOJA CONTRACTING LLC,N582MM,N582MM_2024-11-30_airplanes-live_trace_full.json.gz
N582MM,2024-12-01,adsb-lol,0,none,"DOJA CONTRACTING LLC, TK ENTERPRISES LLC, JRO AVIATION LLC",N582MM,N582MM_2024-12-01_adsb-lol_trace_full.json.gz
N582MM,2024-12-01,adsbexchange-samples,0,none,"DOJA CONTRACTING LLC, TK ENTERPRISES LLC, JRO AVIATION LLC",N582MM,N582MM_2024-12-01_adsbexchange-samples_trace_full.json
N582MM,2024-12-01,airplanes-live,0,none,DOJA CONTRACTING LLC,N582MM,N582MM_2024-12-01_airplanes-live_trace_full.json.gz
N582MM,2024-12-02,adsb-lol,0,none,"DOJA CONTRACTING LLC, TK ENTERPRISES LLC, JRO AVIATION LLC",N582MM,N582MM_2024-12-02_adsb-lol_trace_full.json.gz
N582MM,2024-12-02,airplanes-live,0,none,DOJA CONTRACTING LLC,N582MM,N582MM_2024-12-02_airplanes-live_trace_full.json.gz
N582MM,2024-12-06,airplanes-live,0,none,DOJA CONTRACTING LLC,N582MM,N582MM_2024-12-06_airplanes-live_trace_full.json.gz
N582MM,2024-12-09,adsb-lol,0,none,"DOJA CONTRACTING LLC, TK ENTERPRISES LLC, JRO AVIATION LLC",N582MM,N582MM_2024-12-09_adsb-lol_trace_full.json.gz
N582MM,2024-12-09,airplanes-live,0,none,DOJA CONTRACTING LLC,N582MM,N582MM_2024-12-09_airplanes-live_trace_full.json.gz
N582MM,2024-12-10,adsb-lol,0,none,"DOJA CONTRACTING LLC, TK ENTERPRISES LLC, JRO AVIATION LLC",N582MM,N582MM_2024-12-10_adsb-lol_trace_full.json.gz
N582MM,2024-12-10,airplanes-live,0,none,DOJA CONTRACTING LLC,N582MM,N582MM_2024-12-10_airplanes-live_trace_full.json.gz
N582MM,2024-12-11,adsb-lol,0,none,"DOJA CONTRACTING LLC, TK ENTERPRISES LLC, JRO AVIATION LLC",N582MM,N582MM_2024-12-11_adsb-lol_trace_full.json.gz
N582MM,2024-12-11,airplanes-live,0,none,DOJA CONTRACTING LLC,N582MM,N582MM_2024-12-11_airplanes-live_trace_full.json.gz
N582MM,2024-12-12,adsb-lol,0,none,"DOJA CONTRACTING LLC, TK ENTERPRISES LLC, JRO AVIATION LLC",N582MM,N582MM_2024-12-12_adsb-lol_trace_full.json.gz
N582MM,2024-12-12,airplanes-live,0,none,DOJA CONTRACTING LLC,N582MM,N582MM_2024-12-12_airplanes-live_trace_full.json.gz
N582MM,2024-12-13,adsb-lol,0,none,"DOJA CONTRACTING LLC, TK ENTERPRISES LLC, JRO AVIATION LLC",N582MM,N582MM_2024-12-13_adsb-lol_trace_full.json.gz
N582MM,2024-12-13,airplanes-live,0,none,DOJA CONTRACTING LLC,N582MM,N582MM_2024-12-13_airplanes-live_trace_full.json.gz
N582MM,2024-12-14,adsb-lol,0,none,"DOJA CONTRACTING LLC, TK ENTERPRISES LLC, JRO AVIATION LLC",N582MM,N582MM_2024-12-14_adsb-lol_trace_full.json.gz
N582MM,2024-12-14,airplanes-live,0,none,DOJA CONTRACTING LLC,N582MM,N582MM_2024-12-14_airplanes-live_trace_full.json.gz
N582MM,2024-12-15,adsb-lol,0,none,"DOJA CONTRACTING LLC, TK ENTERPRISES LLC, JRO AVIATION LLC",N582MM,N582MM_2024-12-15_adsb-lol_trace_full.json.gz
N582MM,2024-12-15,airplanes-live,0,none,DOJA CONTRACTING LLC,N582MM,N582MM_2024-12-15_airplanes-live_trace_full.json.gz
N582MM,2024-12-16,adsb-lol,0,none,"DOJA CONTRACTING LLC, TK ENTERPRISES LLC, JRO AVIATION LLC",N582MM,N582MM_2024-12-16_adsb-lol_trace_full.json.gz
N582MM,2024-12-16,airplanes-live,0,none,DOJA CONTRACTING LLC,N582MM,N582MM_2024-12-16_airplanes-live_trace_full.json.gz
N582MM,2024-12-17,adsb-lol,0,none,"DOJA CONTRACTING LLC, TK ENTERPRISES LLC, JRO AVIATION LLC",N582MM,N582MM_2024-12-17_adsb-lol_trace_full.json.gz
N582MM,2024-12-17,airplanes-live,0,none,DOJA CONTRACTING LLC,N582MM,N582MM_2024-12-17_airplanes-live_trace_full.json.gz
N582MM,2024-12-18,adsb-lol,0,none,"DOJA CONTRACTING LLC, TK ENTERPRISES LLC, JRO AVIATION LLC",N582MM,N582MM_2024-12-18_adsb-lol_trace_full.json.gz
N582MM,2024-12-18,airplanes-live,0,none,DOJA CONTRACTING LLC,N582MM,N582MM_2024-12-18_airplanes-live_trace_full.json.gz
N582MM,2024-12-19,adsb-lol,0,none,"DOJA CONTRACTING LLC, TK ENTERPRISES LLC, JRO AVIATION LLC",N582MM,N582MM_2024-12-19_adsb-lol_trace_full.json.gz
N582MM,2024-12-19,airplanes-live,0,none,DOJA CONTRACTING LLC,N582MM,N582MM_2024-12-19_airplanes-live_trace_full.json.gz
N582MM,2024-12-20,adsb-lol,0,none,"DOJA CONTRACTING LLC, TK ENTERPRISES LLC, JRO AVIATION LLC",N582MM,N582MM_2024-12-20_adsb-lol_trace_full.json.gz
N582MM,2024-12-20,airplanes-live,0,none,DOJA CONTRACTING LLC,N582MM,N582MM_2024-12-20_airplanes-live_trace_full.json.gz
N582MM,2024-12-21,adsb-lol,0,none,"DOJA CONTRACTING LLC, TK ENTERPRISES LLC, JRO AVIATION LLC",N582MM,N582MM_2024-12-21_adsb-lol_trace_full.json.gz
N582MM,2024-12-21,airplanes-live,0,none,DOJA CONTRACTING LLC,N582MM,N582MM_2024-12-21_airplanes-live_trace_full.json.gz
N582MM,2024-12-22,adsb-lol,0,none,"DOJA CONTRACTING LLC, TK ENTERPRISES LLC, JRO AVIATION LLC",N582MM,N582MM_2024-12-22_adsb-lol_trace_full.json.gz
N582MM,2024-12-22,airplanes-live,0,none,DOJA CONTRACTING LLC,N582MM,N582MM_2024-12-22_airplanes-live_trace_full.json.gz
N582MM,2024-12-23,adsb-lol,0,none,"DOJA CONTRACTING LLC, TK ENTERPRISES LLC, JRO AVIATION LLC",N582MM,N582MM_2024-12-23_adsb-lol_trace_full.json.gz
N582MM,2024-12-23,airplanes-live,0,none,DOJA CONTRACTING LLC,N582MM,N582MM_2024-12-23_airplanes-live_trace_full.json.gz
N582MM,2024-12-24,adsb-lol,0,none,"DOJA CONTRACTING LLC, TK ENTERPRISES LLC, JRO AVIATION LLC",N582MM,N582MM_2024-12-24_adsb-lol_trace_full.json.gz
N582MM,2024-12-24,airplanes-live,0,none,DOJA CONTRACTING LLC,N582MM,N582MM_2024-12-24_airplanes-live_trace_full.json.gz
N582MM,2024-12-26,airplanes-live,0,none,DOJA CONTRACTING LLC,N582MM,N582MM_2024-12-26_airplanes-live_trace_full.json.gz
N582MM,2024-12-27,airplanes-live,0,none,DOJA CONTRACTING LLC,N582MM,N582MM_2024-12-27_airplanes-live_trace_full.json.gz
N582MM,2024-12-28,airplanes-live,0,none,DOJA CONTRACTING LLC,N582MM,N582MM_2024-12-28_airplanes-live_trace_full.json.gz
N582MM,2024-12-29,airplanes-live,0,none,DOJA CONTRACTING LLC,N582MM,N582MM_2024-12-29_airplanes-live_trace_full.json.gz
N582MM,2024-12-30,airplanes-live,0,none,DOJA CONTRACTING LLC,N582MM,N582MM_2024-12-30_airplanes-live_trace_full.json.gz
N582MM,2025-01-02,airplanes-live,0,none,DOJA CONTRACTING LLC,N582MM,N582MM_2025-01-02_airplanes-live_trace_full.json.gz
N582MM,2025-01-03,airplanes-live,0,none,DOJA CONTRACTING LLC,N582MM,N582MM_2025-01-03_airplanes-live_trace_full.json.gz
N582MM,2025-01-04,airplanes-live,0,none,DOJA CONTRACTING LLC,N582MM,N582MM_2025-01-04_airplanes-live_trace_full.json.gz
N582MM,2025-01-05,airplanes-live,0,none,DOJA CONTRACTING LLC,N582MM,N582MM_2025-01-05_airplanes-live_trace_full.json.gz
N582MM,2025-01-06,airplanes-live,0,none,DOJA CONTRACTING LLC,N582MM,N582MM_2025-01-06_airplanes-live_trace_full.json.gz
N582MM,2025-01-07,airplanes-live,0,none,DOJA CONTRACTING LLC,N582MM,N582MM_2025-01-07_airplanes-live_trace_full.json.gz
N582MM,2025-01-09,airplanes-live,0,none,DOJA CONTRACTING LLC,N582MM,N582MM_2025-01-09_airplanes-live_trace_full.json.gz
N582MM,2025-01-10,airplanes-live,0,none,DOJA CONTRACTING LLC,N582MM,N582MM_2025-01-10_airplanes-live_trace_full.json.gz
N582MM,2025-01-11,airplanes-live,0,none,DOJA CONTRACTING LLC,N582MM,N582MM_2025-01-11_airplanes-live_trace_full.json.gz
N582MM,2025-01-13,airplanes-live,0,none,DOJA CONTRACTING LLC,N582MM,N582MM_2025-01-13_airplanes-live_trace_full.json.gz
N582MM,2025-01-14,airplanes-live,0,none,DOJA CONTRACTING LLC,N582MM,N582MM_2025-01-14_airplanes-live_trace_full.json.gz
N582MM,2025-01-15,airplanes-live,0,none,DOJA CONTRACTING LLC,N582MM,N582MM_2025-01-15_airplanes-live_trace_full.json.gz
N582MM,2025-01-16,adsb-lol,0,none,"DOJA CONTRACTING LLC, TK ENTERPRISES LLC, JRO AVIATION LLC",N582MM,N582MM_2025-01-16_adsb-lol_trace_full.json.gz
N582MM,2025-01-16,airplanes-live,0,none,DOJA CONTRACTING LLC,N582MM,N582MM_2025-01-16_airplanes-live_trace_full.json.gz
N582MM,2025-01-17,adsb-lol,0,none,"DOJA CONTRACTING LLC, TK ENTERPRISES LLC, JRO AVIATION LLC",N582MM,N582MM_2025-01-17_adsb-lol_trace_full.json.gz
N582MM,2025-01-17,airplanes-live,0,none,DOJA CONTRACTING LLC,N582MM,N582MM_2025-01-17_airplanes-live_trace_full.json.gz
N582MM,2025-01-18,adsb-lol,0,none,"DOJA CONTRACTING LLC, TK ENTERPRISES LLC, JRO AVIATION LLC",N582MM,N582MM_2025-01-18_adsb-lol_trace_full.json.gz
N582MM,2025-01-18,airplanes-live,0,none,DOJA CONTRACTING LLC,N582MM,N582MM_2025-01-18_airplanes-live_trace_full.json.gz
N582MM,2025-01-21,adsb-lol,0,none,"DOJA CONTRACTING LLC, TK ENTERPRISES LLC, JRO AVIATION LLC",N582MM,N582MM_2025-01-21_adsb-lol_trace_full.json.gz
N582MM,2025-01-21,airplanes-live,0,none,DOJA CONTRACTING LLC,N582MM,N582MM_2025-01-21_airplanes-live_trace_full.json.gz
N582MM,2025-01-22,adsb-lol,0,none,"DOJA CONTRACTING LLC, TK ENTERPRISES LLC, JRO AVIATION LLC",N582MM,N582MM_2025-01-22_adsb-lol_trace_full.json.gz
N582MM,2025-01-22,airplanes-live,0,none,DOJA CONTRACTING LLC,N582MM,N582MM_2025-01-22_airplanes-live_trace_full.json.gz
N582MM,2025-01-23,adsb-lol,0,none,"DOJA CONTRACTING LLC, TK ENTERPRISES LLC, JRO AVIATION LLC",N582MM,N582MM_2025-01-23_adsb-lol_trace_full.json.gz
N582MM,2025-01-23,airplanes-live,0,none,DOJA CONTRACTING LLC,N582MM,N582MM_2025-01-23_airplanes-live_trace_full.json.gz
N582MM,2025-01-24,adsb-lol,0,none,"DOJA CONTRACTING LLC, TK ENTERPRISES LLC, JRO AVIATION LLC",N582MM,N582MM_2025-01-24_adsb-lol_trace_full.json.gz
N582MM,2025-01-24,airplanes-live,0,none,DOJA CONTRACTING LLC,N582MM,N582MM_2025-01-24_airplanes-live_trace_full.json.gz
N582MM,2025-01-25,adsb-lol,0,none,"DOJA CONTRACTING LLC, TK ENTERPRISES LLC, JRO AVIATION LLC",N582MM,N582MM_2025-01-25_adsb-lol_trace_full.json.gz
N582MM,2025-01-25,airplanes-live,0,none,DOJA CONTRACTING LLC,N582MM,N582MM_2025-01-25_airplanes-live_trace_full.json.gz
N582MM,2025-01-26,airplanes-live,0,none,DOJA CONTRACTING LLC,N582MM,N582MM_2025-01-26_airplanes-live_trace_full.json.gz
N582MM,2025-01-27,airplanes-live,0,none,DOJA CONTRACTING LLC,N582MM,N582MM_2025-01-27_airplanes-live_trace_full.json.gz
N582MM,2025-01-29,airplanes-live,0,none,DOJA CONTRACTING LLC,N582MM,N582MM_2025-01-29_airplanes-live_trace_full.json.gz
N582MM,2025-01-30,airplanes-live,0,none,DOJA CONTRACTING LLC,N582MM,N582MM_2025-01-30_airplanes-live_trace_full.json.gz
N582MM,2025-01-31,airplanes-live,0,none,DOJA CONTRACTING LLC,N582MM,N582MM_2025-01-31_airplanes-live_trace_full.json.gz
N582MM,2025-02-01,adsbexchange-samples,0,none,"DOJA CONTRACTING LLC, TK ENTERPRISES LLC, JRO AVIATION LLC",N582MM,N582MM_2025-02-01_adsbexchange-samples_trace_full.json
N582MM,2025-02-01,airplanes-live,0,none,DOJA CONTRACTING LLC,N582MM,N582MM_2025-02-01_airplanes-live_trace_full.json.gz
N582MM,2025-02-03,adsb-lol,0,none,"DOJA CONTRACTING LLC, TK ENTERPRISES LLC, JRO AVIATION LLC",N582MM,N582MM_2025-02-03_adsb-lol_trace_full.json.gz
N582MM,2025-02-03,airplanes-live,0,none,DOJA CONTRACTING LLC,N582MM,N582MM_2025-02-03_airplanes-live_trace_full.json.gz
N582MM,2025-02-04,adsb-lol,0,none,"DOJA CONTRACTING LLC, TK ENTERPRISES LLC, JRO AVIATION LLC",N582MM,N582MM_2025-02-04_adsb-lol_trace_full.json.gz
N582MM,2025-02-04,airplanes-live,0,none,DOJA CONTRACTING LLC,N582MM,N582MM_2025-02-04_airplanes-live_trace_full.json.gz
N582MM,2025-02-05,adsb-lol,0,none,"DOJA CONTRACTING LLC, TK ENTERPRISES LLC, JRO AVIATION LLC",N582MM,N582MM_2025-02-05_adsb-lol_trace_full.json.gz
N582MM,2025-02-05,airplanes-live,0,none,DOJA CONTRACTING LLC,N582MM,N582MM_2025-02-05_airplanes-live_trace_full.json.gz
N582MM,2025-02-06,adsb-lol,0,none,"DOJA CONTRACTING LLC, TK ENTERPRISES LLC, JRO AVIATION LLC",N582MM,N582MM_2025-02-06_adsb-lol_trace_full.json.gz
N582MM,2025-02-06,airplanes-live,0,none,DOJA CONTRACTING LLC,N582MM,N582MM_2025-02-06_airplanes-live_trace_full.json.gz
N582MM,2025-02-07,adsb-lol,0,none,"DOJA CONTRACTING LLC, TK ENTERPRISES LLC, JRO AVIATION LLC",N582MM,N582MM_2025-02-07_adsb-lol_trace_full.json.gz
N582MM,2025-02-07,airplanes-live,0,none,DOJA CONTRACTING LLC,N582MM,N582MM_2025-02-07_airplanes-live_trace_full.json.gz
N582MM,2025-02-08,adsb-lol,0,none,"DOJA CONTRACTING LLC, TK ENTERPRISES LLC, JRO AVIATION LLC",N582MM,N582MM_2025-02-08_adsb-lol_trace_full.json.gz
N582MM,2025-02-08,airplanes-live,0,none,DOJA CONTRACTING LLC,N582MM,N582MM_2025-02-08_airplanes-live_trace_full.json.gz
N582MM,2025-02-10,adsb-lol,0,none,"DOJA CONTRACTING LLC, TK ENTERPRISES LLC, JRO AVIATION LLC",N582MM,N582MM_2025-02-10_adsb-lol_trace_full.json.gz
N582MM,2025-02-10,airplanes-live,0,none,DOJA CONTRACTING LLC,N582MM,N582MM_2025-02-10_airplanes-live_trace_full.json.gz
N582MM,2025-02-11,adsb-lol,0,none,"DOJA CONTRACTING LLC, TK ENTERPRISES LLC, JRO AVIATION LLC",N582MM,N582MM_2025-02-11_adsb-lol_trace_full.json.gz
N582MM,2025-02-11,airplanes-live,0,none,DOJA CONTRACTING LLC,N582MM,N582MM_2025-02-11_airplanes-live_trace_full.json.gz
N582MM,2025-02-12,airplanes-live,0,none,DOJA CONTRACTING LLC,N582MM,N582MM_2025-02-12_airplanes-live_trace_full.json.gz
N582MM,2025-02-13,airplanes-live,0,none,DOJA CONTRACTING LLC,N582MM,N582MM_2025-02-13_airplanes-live_trace_full.json.gz
N582MM,2025-02-14,airplanes-live,0,none,DOJA CONTRACTING LLC,N582MM,N582MM_2025-02-14_airplanes-live_trace_full.json.gz
N582MM,2025-02-16,adsb-lol,0,none,"DOJA CONTRACTING LLC, TK ENTERPRISES LLC, JRO AVIATION LLC",N582MM,N582MM_2025-02-16_adsb-lol_trace_full.json.gz
N582MM,2025-02-16,airplanes-live,0,none,DOJA CONTRACTING LLC,N582MM,N582MM_2025-02-16_airplanes-live_trace_full.json.gz
N582MM,2025-02-17,adsb-lol,0,none,"DOJA CONTRACTING LLC, TK ENTERPRISES LLC, JRO AVIATION LLC",N582MM,N582MM_2025-02-17_adsb-lol_trace_full.json.gz
N582MM,2025-02-17,airplanes-live,0,none,DOJA CONTRACTING LLC,N582MM,N582MM_2025-02-17_airplanes-live_trace_full.json.gz
N582MM,2025-02-18,adsb-lol,0,none,"DOJA CONTRACTING LLC, TK ENTERPRISES LLC, JRO AVIATION LLC",N582MM,N582MM_2025-02-18_adsb-lol_trace_full.json.gz
N582MM,2025-02-18,airplanes-live,0,none,DOJA CONTRACTING LLC,N582MM,N582MM_2025-02-18_airplanes-live_trace_full.json.gz
N582MM,2025-02-19,adsb-lol,0,none,"DOJA CONTRACTING LLC, TK ENTERPRISES LLC, JRO AVIATION LLC",N582MM,N582MM_2025-02-19_adsb-lol_trace_full.json.gz
N582MM,2025-02-19,airplanes-live,0,none,DOJA CONTRACTING LLC,N582MM,N582MM_2025-02-19_airplanes-live_trace_full.json.gz
N582MM,2025-02-20,adsb-lol,0,none,"DOJA CONTRACTING LLC, TK ENTERPRISES LLC, JRO AVIATION LLC",N582MM,N582MM_2025-02-20_adsb-lol_trace_full.json.gz
N582MM,2025-02-20,airplanes-live,0,none,DOJA CONTRACTING LLC,N582MM,N582MM_2025-02-20_airplanes-live_trace_full.json.gz
N582MM,2025-02-21,adsb-lol,0,none,"DOJA CONTRACTING LLC, TK ENTERPRISES LLC, JRO AVIATION LLC",N582MM,N582MM_2025-02-21_adsb-lol_trace_full.json.gz
N582MM,2025-02-21,airplanes-live,0,none,DOJA CONTRACTING LLC,N582MM,N582MM_2025-02-21_airplanes-live_trace_full.json.gz
N582MM,2025-02-22,adsb-lol,0,none,"DOJA CONTRACTING LLC, TK ENTERPRISES LLC, JRO AVIATION LLC",N582MM,N582MM_2025-02-22_adsb-lol_trace_full.json.gz
N582MM,2025-02-22,airplanes-live,0,none,DOJA CONTRACTING LLC,N582MM,N582MM_2025-02-22_airplanes-live_trace_full.json.gz
N582MM,2025-02-23,adsb-lol,0,none,"DOJA CONTRACTING LLC, TK ENTERPRISES LLC, JRO AVIATION LLC",N582MM,N582MM_2025-02-23_adsb-lol_trace_full.json.gz
N582MM,2025-02-23,airplanes-live,0,none,DOJA CONTRACTING LLC,N582MM,N582MM_2025-02-23_airplanes-live_trace_full.json.gz
N582MM,2025-02-24,adsb-lol,0,none,"DOJA CONTRACTING LLC, TK ENTERPRISES LLC, JRO AVIATION LLC",N582MM,N582MM_2025-02-24_adsb-lol_trace_full.json.gz
N582MM,2025-02-24,airplanes-live,0,none,DOJA CONTRACTING LLC,N582MM,N582MM_2025-02-24_airplanes-live_trace_full.json.gz
N582MM,2025-02-25,adsb-lol,0,none,"DOJA CONTRACTING LLC, TK ENTERPRISES LLC, JRO AVIATION LLC",N582MM,N582MM_2025-02-25_adsb-lol_trace_full.json.gz
N582MM,2025-02-25,airplanes-live,0,none,DOJA CONTRACTING LLC,N582MM,N582MM_2025-02-25_airplanes-live_trace_full.json.gz
N582MM,2025-02-26,adsb-lol,0,none,"DOJA CONTRACTING LLC, TK ENTERPRISES LLC, JRO AVIATION LLC",N582MM,N582MM_2025-02-26_adsb-lol_trace_full.json.gz
N582MM,2025-02-26,airplanes-live,0,none,DOJA CONTRACTING LLC,N582MM,N582MM_2025-02-26_airplanes-live_trace_full.json.gz
N582MM,2025-02-27,adsb-lol,0,none,"DOJA CONTRACTING LLC, TK ENTERPRISES LLC, JRO AVIATION LLC",N582MM,N582MM_2025-02-27_adsb-lol_trace_full.json.gz
N582MM,2025-02-27,airplanes-live,0,none,DOJA CONTRACTING LLC,N582MM,N582MM_2025-02-27_airplanes-live_trace_full.json.gz
N582MM,2025-02-28,adsb-lol,0,none,"DOJA CONTRACTING LLC, TK ENTERPRISES LLC, JRO AVIATION LLC",N582MM,N582MM_2025-02-28_adsb-lol_trace_full.json.gz
N582MM,2025-02-28,airplanes-live,0,none,DOJA CONTRACTING LLC,N582MM,N582MM_2025-02-28_airplanes-live_trace_full.json.gz
N582MM,2025-03-01,adsb-lol,0,none,"DOJA CONTRACTING LLC, TK ENTERPRISES LLC, JRO AVIATION LLC",N582MM,N582MM_2025-03-01_adsb-lol_trace_full.json.gz
N582MM,2025-03-01,adsbexchange-samples,0,none,"DOJA CONTRACTING LLC, TK ENTERPRISES LLC, JRO AVIATION LLC",N582MM,N582MM_2025-03-01_adsbexchange-samples_trace_full.json
N582MM,2025-03-01,airplanes-live,0,none,DOJA CONTRACTING LLC,N582MM,N582MM_2025-03-01_airplanes-live_trace_full.json.gz
N582MM,2025-03-02,adsb-lol,0,none,"DOJA CONTRACTING LLC, TK ENTERPRISES LLC, JRO AVIATION LLC",N582MM,N582MM_2025-03-02_adsb-lol_trace_full.json.gz
N582MM,2025-03-02,airplanes-live,0,none,DOJA CONTRACTING LLC,N582MM,N582MM_2025-03-02_airplanes-live_trace_full.json.gz
N582MM,2025-03-03,adsb-lol,0,none,"DOJA CONTRACTING LLC, TK ENTERPRISES LLC, JRO AVIATION LLC",N582MM,N582MM_2025-03-03_adsb-lol_trace_full.json.gz
N582MM,2025-03-03,airplanes-live,0,none,DOJA CONTRACTING LLC,N582MM,N582MM_2025-03-03_airplanes-live_trace_full.json.gz
N582MM,2025-03-04,adsb-lol,0,none,"DOJA CONTRACTING LLC, TK ENTERPRISES LLC, JRO AVIATION LLC",N582MM,N582MM_2025-03-04_adsb-lol_trace_full.json.gz
N582MM,2025-03-04,airplanes-live,0,none,DOJA CONTRACTING LLC,N582MM,N582MM_2025-03-04_airplanes-live_trace_full.json.gz
N582MM,2025-03-05,adsb-lol,0,none,"DOJA CONTRACTING LLC, TK ENTERPRISES LLC, JRO AVIATION LLC",N582MM,N582MM_2025-03-05_adsb-lol_trace_full.json.gz
N582MM,2025-03-05,airplanes-live,0,none,DOJA CONTRACTING LLC,N582MM,N582MM_2025-03-05_airplanes-live_trace_full.json.gz
N582MM,2025-03-06,airplanes-live,0,none,DOJA CONTRACTING LLC,N582MM,N582MM_2025-03-06_airplanes-live_trace_full.json.gz
N582MM,2025-03-07,airplanes-live,0,none,DOJA CONTRACTING LLC,N582MM,N582MM_2025-03-07_airplanes-live_trace_full.json.gz
N582MM,2025-03-08,airplanes-live,0,none,DOJA CONTRACTING LLC,N582MM,N582MM_2025-03-08_airplanes-live_trace_full.json.gz
N582MM,2025-03-09,airplanes-live,0,none,DOJA CONTRACTING LLC,N582MM,N582MM_2025-03-09_airplanes-live_trace_full.json.gz
N582MM,2025-03-10,airplanes-live,0,none,DOJA CONTRACTING LLC,N582MM,N582MM_2025-03-10_airplanes-live_trace_full.json.gz
N582MM,2025-03-12,adsb-lol,0,none,"DOJA CONTRACTING LLC, TK ENTERPRISES LLC, JRO AVIATION LLC",N582MM,N582MM_2025-03-12_adsb-lol_trace_full.json.gz
N582MM,2025-03-12,airplanes-live,0,none,DOJA CONTRACTING LLC,N582MM,N582MM_2025-03-12_airplanes-live_trace_full.json.gz
N582MM,2025-03-13,adsb-lol,0,none,"DOJA CONTRACTING LLC, TK ENTERPRISES LLC, JRO AVIATION LLC",N582MM,N582MM_2025-03-13_adsb-lol_trace_full.json.gz
N582MM,2025-03-13,airplanes-live,0,none,DOJA CONTRACTING LLC,N582MM,N582MM_2025-03-13_airplanes-live_trace_full.json.gz
N582MM,2025-03-14,adsb-lol,0,none,"DOJA CONTRACTING LLC, TK ENTERPRISES LLC, JRO AVIATION LLC",N582MM,N582MM_2025-03-14_adsb-lol_trace_full.json.gz
N582MM,2025-03-14,airplanes-live,0,none,DOJA CONTRACTING LLC,N582MM,N582MM_2025-03-14_airplanes-live_trace_full.json.gz
N582MM,2025-03-16,adsb-lol,0,none,"DOJA CONTRACTING LLC, TK ENTERPRISES LLC, JRO AVIATION LLC",N582MM,N582MM_2025-03-16_adsb-lol_trace_full.json.gz
N582MM,2025-03-16,airplanes-live,0,none,DOJA CONTRACTING LLC,N582MM,N582MM_2025-03-16_airplanes-live_trace_full.json.gz
N582MM,2025-03-17,adsb-lol,0,none,"DOJA CONTRACTING LLC, TK ENTERPRISES LLC, JRO AVIATION LLC",N582MM,N582MM_2025-03-17_adsb-lol_trace_full.json.gz
N582MM,2025-03-17,airplanes-live,0,none,DOJA CONTRACTING LLC,N582MM,N582MM_2025-03-17_airplanes-live_trace_full.json.gz
N582MM,2025-03-18,adsb-lol,0,none,"DOJA CONTRACTING LLC, TK ENTERPRISES LLC, JRO AVIATION LLC",N582MM,N582MM_2025-03-18_adsb-lol_trace_full.json.gz
N582MM,2025-03-18,airplanes-live,0,none,DOJA CONTRACTING LLC,N582MM,N582MM_2025-03-18_airplanes-live_trace_full.json.gz
N582MM,2025-03-19,adsb-lol,0,none,"DOJA CONTRACTING LLC, TK ENTERPRISES LLC, JRO AVIATION LLC",N582MM,N582MM_2025-03-19_adsb-lol_trace_full.json.gz
N582MM,2025-03-19,airplanes-live,0,none,DOJA CONTRACTING LLC,N582MM,N582MM_2025-03-19_airplanes-live_trace_full.json.gz
N582MM,2025-03-20,adsb-lol,0,none,"DOJA CONTRACTING LLC, TK ENTERPRISES LLC, JRO AVIATION LLC",N582MM,N582MM_2025-03-20_adsb-lol_trace_full.json.gz
N582MM,2025-03-20,airplanes-live,0,none,DOJA CONTRACTING LLC,N582MM,N582MM_2025-03-20_airplanes-live_trace_full.json.gz
N582MM,2025-03-21,adsb-lol,0,none,"DOJA CONTRACTING LLC, TK ENTERPRISES LLC, JRO AVIATION LLC",N582MM,N582MM_2025-03-21_adsb-lol_trace_full.json.gz
N582MM,2025-03-21,airplanes-live,0,none,DOJA CONTRACTING LLC,N582MM,N582MM_2025-03-21_airplanes-live_trace_full.json.gz
N582MM,2025-03-22,adsb-lol,0,none,"DOJA CONTRACTING LLC, TK ENTERPRISES LLC, JRO AVIATION LLC",N582MM,N582MM_2025-03-22_adsb-lol_trace_full.json.gz
N582MM,2025-03-22,airplanes-live,0,none,DOJA CONTRACTING LLC,N582MM,N582MM_2025-03-22_airplanes-live_trace_full.json.gz
N582MM,2025-03-24,adsb-lol,0,none,"DOJA CONTRACTING LLC, TK ENTERPRISES LLC, JRO AVIATION LLC",N582MM,N582MM_2025-03-24_adsb-lol_trace_full.json.gz
N582MM,2025-03-24,airplanes-live,0,none,DOJA CONTRACTING LLC,N582MM,N582MM_2025-03-24_airplanes-live_trace_full.json.gz
N582MM,2025-03-25,adsb-lol,0,none,"DOJA CONTRACTING LLC, TK ENTERPRISES LLC, JRO AVIATION LLC",N582MM,N582MM_2025-03-25_adsb-lol_trace_full.json.gz
N582MM,2025-03-25,airplanes-live,0,none,DOJA CONTRACTING LLC,N582MM,N582MM_2025-03-25_airplanes-live_trace_full.json.gz
N582MM,2025-03-26,airplanes-live,0,none,DOJA CONTRACTING LLC,N582MM,N582MM_2025-03-26_airplanes-live_trace_full.json.gz
N582MM,2025-03-27,airplanes-live,0,none,DOJA CONTRACTING LLC,N582MM,N582MM_2025-03-27_airplanes-live_trace_full.json.gz
N582MM,2025-03-28,airplanes-live,0,none,DOJA CONTRACTING LLC,N582MM,N582MM_2025-03-28_airplanes-live_trace_full.json.gz
N582MM,2025-03-29,adsb-lol,0,none,"DOJA CONTRACTING LLC, TK ENTERPRISES LLC, JRO AVIATION LLC",N582MM,N582MM_2025-03-29_adsb-lol_trace_full.json.gz
N582MM,2025-03-29,airplanes-live,0,none,DOJA CONTRACTING LLC,N582MM,N582MM_2025-03-29_airplanes-live_trace_full.json.gz
N582MM,2025-03-30,adsb-lol,0,none,"DOJA CONTRACTING LLC, TK ENTERPRISES LLC, JRO AVIATION LLC",N582MM,N582MM_2025-03-30_adsb-lol_trace_full.json.gz
N582MM,2025-03-30,airplanes-live,0,none,DOJA CONTRACTING LLC,N582MM,N582MM_2025-03-30_airplanes-live_trace_full.json.gz
N582MM,2025-04-01,adsb-lol,0,none,"DOJA CONTRACTING LLC, TK ENTERPRISES LLC, JRO AVIATION LLC",N582MM,N582MM_2025-04-01_adsb-lol_trace_full.json.gz
N582MM,2025-04-01,adsbexchange-samples,0,none,"DOJA CONTRACTING LLC, TK ENTERPRISES LLC, JRO AVIATION LLC",N582MM,N582MM_2025-04-01_adsbexchange-samples_trace_full.json
N582MM,2025-04-01,airplanes-live,0,none,DOJA CONTRACTING LLC,N582MM,N582MM_2025-04-01_airplanes-live_trace_full.json.gz
N582MM,2025-04-03,adsb-lol,0,none,"DOJA CONTRACTING LLC, TK ENTERPRISES LLC, JRO AVIATION LLC",N582MM,N582MM_2025-04-03_adsb-lol_trace_full.json.gz
N582MM,2025-04-03,airplanes-live,0,none,DOJA CONTRACTING LLC,N582MM,N582MM_2025-04-03_airplanes-live_trace_full.json.gz
N582MM,2025-04-04,adsb-lol,0,none,"DOJA CONTRACTING LLC, TK ENTERPRISES LLC, JRO AVIATION LLC",N582MM,N582MM_2025-04-04_adsb-lol_trace_full.json.gz
N582MM,2025-04-04,airplanes-live,0,none,DOJA CONTRACTING LLC,N582MM,N582MM_2025-04-04_airplanes-live_trace_full.json.gz
N582MM,2025-04-06,adsb-lol,0,none,"DOJA CONTRACTING LLC, TK ENTERPRISES LLC, JRO AVIATION LLC",N582MM,N582MM_2025-04-06_adsb-lol_trace_full.json.gz
N582MM,2025-04-06,airplanes-live,0,none,DOJA CONTRACTING LLC,N582MM,N582MM_2025-04-06_airplanes-live_trace_full.json.gz
N582MM,2025-04-07,adsb-lol,0,none,"DOJA CONTRACTING LLC, TK ENTERPRISES LLC, JRO AVIATION LLC",N582MM,N582MM_2025-04-07_adsb-lol_trace_full.json.gz
N582MM,2025-04-07,airplanes-live,0,none,DOJA CONTRACTING LLC,N582MM,N582MM_2025-04-07_airplanes-live_trace_full.json.gz
N582MM,2025-04-08,adsb-lol,0,none,"DOJA CONTRACTING LLC, TK ENTERPRISES LLC, JRO AVIATION LLC",N582MM,N582MM_2025-04-08_adsb-lol_trace_full.json.gz
N582MM,2025-04-08,airplanes-live,0,none,DOJA CONTRACTING LLC,N582MM,N582MM_2025-04-08_airplanes-live_trace_full.json.gz
N582MM,2025-04-09,adsb-lol,0,none,"DOJA CONTRACTING LLC, TK ENTERPRISES LLC, JRO AVIATION LLC",N582MM,N582MM_2025-04-09_adsb-lol_trace_full.json.gz
N582MM,2025-04-09,airplanes-live,0,none,DOJA CONTRACTING LLC,N582MM,N582MM_2025-04-09_airplanes-live_trace_full.json.gz
N582MM,2025-04-10,adsb-lol,0,none,"DOJA CONTRACTING LLC, TK ENTERPRISES LLC, JRO AVIATION LLC",N582MM,N582MM_2025-04-10_adsb-lol_trace_full.json.gz
N582MM,2025-04-10,airplanes-live,0,none,DOJA CONTRACTING LLC,N582MM,N582MM_2025-04-10_airplanes-live_trace_full.json.gz
N582MM,2025-04-11,adsb-lol,0,none,"DOJA CONTRACTING LLC, TK ENTERPRISES LLC, JRO AVIATION LLC",N582MM,N582MM_2025-04-11_adsb-lol_trace_full.json.gz
N582MM,2025-04-11,airplanes-live,0,none,DOJA CONTRACTING LLC,N582MM,N582MM_2025-04-11_airplanes-live_trace_full.json.gz
N582MM,2025-04-12,adsb-lol,0,none,"DOJA CONTRACTING LLC, TK ENTERPRISES LLC, JRO AVIATION LLC",N582MM,N582MM_2025-04-12_adsb-lol_trace_full.json.gz
N582MM,2025-04-12,airplanes-live,0,none,DOJA CONTRACTING LLC,N582MM,N582MM_2025-04-12_airplanes-live_trace_full.json.gz
N582MM,2025-04-14,adsb-lol,0,none,"DOJA CONTRACTING LLC, TK ENTERPRISES LLC, JRO AVIATION LLC",N582MM,N582MM_2025-04-14_adsb-lol_trace_full.json.gz
N582MM,2025-04-14,airplanes-live,0,none,DOJA CONTRACTING LLC,N582MM,N582MM_2025-04-14_airplanes-live_trace_full.json.gz
N582MM,2025-04-15,adsb-lol,0,none,"DOJA CONTRACTING LLC, TK ENTERPRISES LLC, JRO AVIATION LLC",N582MM,N582MM_2025-04-15_adsb-lol_trace_full.json.gz
N582MM,2025-04-15,airplanes-live,0,none,DOJA CONTRACTING LLC,N582MM,N582MM_2025-04-15_airplanes-live_trace_full.json.gz
N582MM,2025-04-16,adsb-lol,0,none,"DOJA CONTRACTING LLC, TK ENTERPRISES LLC, JRO AVIATION LLC",N582MM,N582MM_2025-04-16_adsb-lol_trace_full.json.gz
N582MM,2025-04-16,airplanes-live,0,none,DOJA CONTRACTING LLC,N582MM,N582MM_2025-04-16_airplanes-live_trace_full.json.gz
N582MM,2025-04-17,adsb-lol,0,none,"DOJA CONTRACTING LLC, TK ENTERPRISES LLC, JRO AVIATION LLC",N582MM,N582MM_2025-04-17_adsb-lol_trace_full.json.gz
N582MM,2025-04-17,airplanes-live,0,none,DOJA CONTRACTING LLC,N582MM,N582MM_2025-04-17_airplanes-live_trace_full.json.gz
N582MM,2025-04-18,airplanes-live,0,none,DOJA CONTRACTING LLC,N582MM,N582MM_2025-04-18_airplanes-live_trace_full.json.gz
N582MM,2025-04-19,adsb-lol,0,none,"DOJA CONTRACTING LLC, TK ENTERPRISES LLC, JRO AVIATION LLC",N582MM,N582MM_2025-04-19_adsb-lol_trace_full.json.gz
N582MM,2025-04-19,airplanes-live,0,none,DOJA CONTRACTING LLC,N582MM,N582MM_2025-04-19_airplanes-live_trace_full.json.gz
N582MM,2025-04-20,adsb-lol,0,none,"DOJA CONTRACTING LLC, TK ENTERPRISES LLC, JRO AVIATION LLC",N582MM,N582MM_2025-04-20_adsb-lol_trace_full.json.gz
N582MM,2025-04-20,airplanes-live,0,none,DOJA CONTRACTING LLC,N582MM,N582MM_2025-04-20_airplanes-live_trace_full.json.gz
N582MM,2025-04-21,adsb-lol,0,none,"DOJA CONTRACTING LLC, TK ENTERPRISES LLC, JRO AVIATION LLC",N582MM,N582MM_2025-04-21_adsb-lol_trace_full.json.gz
N582MM,2025-04-21,airplanes-live,0,none,DOJA CONTRACTING LLC,N582MM,N582MM_2025-04-21_airplanes-live_trace_full.json.gz
N582MM,2025-04-22,adsb-lol,0,none,"DOJA CONTRACTING LLC, TK ENTERPRISES LLC, JRO AVIATION LLC",N582MM,N582MM_2025-04-22_adsb-lol_trace_full.json.gz
N582MM,2025-04-22,airplanes-live,0,none,DOJA CONTRACTING LLC,N582MM,N582MM_2025-04-22_airplanes-live_trace_full.json.gz
N582MM,2025-04-23,adsb-lol,0,none,"DOJA CONTRACTING LLC, TK ENTERPRISES LLC, JRO AVIATION LLC",N582MM,N582MM_2025-04-23_adsb-lol_trace_full.json.gz
N582MM,2025-04-23,airplanes-live,0,none,DOJA CONTRACTING LLC,N582MM,N582MM_2025-04-23_airplanes-live_trace_full.json.gz
N582MM,2025-04-24,adsb-lol,0,none,"DOJA CONTRACTING LLC, TK ENTERPRISES LLC, JRO AVIATION LLC",N582MM,N582MM_2025-04-24_adsb-lol_trace_full.json.gz
N582MM,2025-04-24,airplanes-live,0,none,DOJA CONTRACTING LLC,N582MM,N582MM_2025-04-24_airplanes-live_trace_full.json.gz
N582MM,2025-04-25,adsb-lol,0,none,"DOJA CONTRACTING LLC, TK ENTERPRISES LLC, JRO AVIATION LLC",N582MM,N582MM_2025-04-25_adsb-lol_trace_full.json.gz
N582MM,2025-04-25,airplanes-live,0,none,DOJA CONTRACTING LLC,N582MM,N582MM_2025-04-25_airplanes-live_trace_full.json.gz
N582MM,2025-04-26,adsb-lol,0,none,"DOJA CONTRACTING LLC, TK ENTERPRISES LLC, JRO AVIATION LLC",N582MM,N582MM_2025-04-26_adsb-lol_trace_full.json.gz
N582MM,2025-04-26,airplanes-live,0,none,DOJA CONTRACTING LLC,N582MM,N582MM_2025-04-26_airplanes-live_trace_full.json.gz
N582MM,2025-04-27,adsb-lol,0,none,"DOJA CONTRACTING LLC, TK ENTERPRISES LLC, JRO AVIATION LLC",N582MM,N582MM_2025-04-27_adsb-lol_trace_full.json.gz
N582MM,2025-04-27,airplanes-live,0,none,DOJA CONTRACTING LLC,N582MM,N582MM_2025-04-27_airplanes-live_trace_full.json.gz
N582MM,2025-04-28,adsb-lol,0,none,"DOJA CONTRACTING LLC, TK ENTERPRISES LLC, JRO AVIATION LLC",N582MM,N582MM_2025-04-28_adsb-lol_trace_full.json.gz
N582MM,2025-04-28,airplanes-live,0,none,DOJA CONTRACTING LLC,N582MM,N582MM_2025-04-28_airplanes-live_trace_full.json.gz
N582MM,2025-04-29,adsb-lol,0,none,"DOJA CONTRACTING LLC, TK ENTERPRISES LLC, JRO AVIATION LLC",N582MM,N582MM_2025-04-29_adsb-lol_trace_full.json.gz
N582MM,2025-04-29,airplanes-live,0,none,DOJA CONTRACTING LLC,N582MM,N582MM_2025-04-29_airplanes-live_trace_full.json.gz
N582MM,2025-04-30,adsb-lol,0,none,"DOJA CONTRACTING LLC, TK ENTERPRISES LLC, JRO AVIATION LLC",N582MM,N582MM_2025-04-30_adsb-lol_trace_full.json.gz
N582MM,2025-04-30,airplanes-live,0,none,DOJA CONTRACTING LLC,N582MM,N582MM_2025-04-30_airplanes-live_trace_full.json.gz
N582MM,2025-05-01,adsb-lol,0,none,"DOJA CONTRACTING LLC, TK ENTERPRISES LLC, JRO AVIATION LLC",N582MM,N582MM_2025-05-01_adsb-lol_trace_full.json.gz
N582MM,2025-05-01,adsbexchange-samples,0,none,"DOJA CONTRACTING LLC, TK ENTERPRISES LLC, JRO AVIATION LLC",N582MM,N582MM_2025-05-01_adsbexchange-samples_trace_full.json
N582MM,2025-05-01,airplanes-live,0,none,DOJA CONTRACTING LLC,N582MM,N582MM_2025-05-01_airplanes-live_trace_full.json.gz
N582MM,2025-05-02,adsb-lol,0,none,"DOJA CONTRACTING LLC, TK ENTERPRISES LLC, JRO AVIATION LLC",N582MM,N582MM_2025-05-02_adsb-lol_trace_full.json.gz
N582MM,2025-05-02,airplanes-live,0,none,DOJA CONTRACTING LLC,N582MM,N582MM_2025-05-02_airplanes-live_trace_full.json.gz
N582MM,2025-05-03,adsb-lol,0,none,"DOJA CONTRACTING LLC, TK ENTERPRISES LLC, JRO AVIATION LLC",N582MM,N582MM_2025-05-03_adsb-lol_trace_full.json.gz
N582MM,2025-05-03,airplanes-live,0,none,DOJA CONTRACTING LLC,N582MM,N582MM_2025-05-03_airplanes-live_trace_full.json.gz
N582MM,2025-05-04,adsb-lol,0,none,"DOJA CONTRACTING LLC, TK ENTERPRISES LLC, JRO AVIATION LLC",N582MM,N582MM_2025-05-04_adsb-lol_trace_full.json.gz
N582MM,2025-05-04,airplanes-live,0,none,DOJA CONTRACTING LLC,N582MM,N582MM_2025-05-04_airplanes-live_trace_full.json.gz
N582MM,2025-05-05,adsb-lol,0,none,"DOJA CONTRACTING LLC, TK ENTERPRISES LLC, JRO AVIATION LLC",N582MM,N582MM_2025-05-05_adsb-lol_trace_full.json.gz
N582MM,2025-05-05,airplanes-live,0,none,DOJA CONTRACTING LLC,N582MM,N582MM_2025-05-05_airplanes-live_trace_full.json.gz
N582MM,2025-05-06,adsb-lol,0,none,"DOJA CONTRACTING LLC, TK ENTERPRISES LLC, JRO AVIATION LLC",N582MM,N582MM_2025-05-06_adsb-lol_trace_full.json.gz
N582MM,2025-05-06,airplanes-live,0,none,DOJA CONTRACTING LLC,N582MM,N582MM_2025-05-06_airplanes-live_trace_full.json.gz
N582MM,2025-05-07,adsb-lol,0,none,"DOJA CONTRACTING LLC, TK ENTERPRISES LLC, JRO AVIATION LLC",N582MM,N582MM_2025-05-07_adsb-lol_trace_full.json.gz
N582MM,2025-05-07,airplanes-live,0,none,DOJA CONTRACTING LLC,N582MM,N582MM_2025-05-07_airplanes-live_trace_full.json.gz
N582MM,2025-05-08,adsb-lol,0,none,"DOJA CONTRACTING LLC, TK ENTERPRISES LLC, JRO AVIATION LLC",N582MM,N582MM_2025-05-08_adsb-lol_trace_full.json.gz
N582MM,2025-05-08,airplanes-live,0,none,DOJA CONTRACTING LLC,N582MM,N582MM_2025-05-08_airplanes-live_trace_full.json.gz
N582MM,2025-05-09,airplanes-live,0,none,DOJA CONTRACTING LLC,N582MM,N582MM_2025-05-09_airplanes-live_trace_full.json.gz
N582MM,2025-05-10,airplanes-live,0,none,DOJA CONTRACTING LLC,N582MM,N582MM_2025-05-10_airplanes-live_trace_full.json.gz
N582MM,2025-05-11,airplanes-live,0,none,DOJA CONTRACTING LLC,N582MM,N582MM_2025-05-11_airplanes-live_trace_full.json.gz
N582MM,2025-05-12,airplanes-live,0,none,DOJA CONTRACTING LLC,N582MM,N582MM_2025-05-12_airplanes-live_trace_full.json.gz
N582MM,2025-05-13,airplanes-live,0,none,DOJA CONTRACTING LLC,N582MM,N582MM_2025-05-13_airplanes-live_trace_full.json.gz
N582MM,2025-05-15,airplanes-live,0,none,DOJA CONTRACTING LLC,N582MM,N582MM_2025-05-15_airplanes-live_trace_full.json.gz
N582MM,2025-05-16,airplanes-live,0,none,DOJA CONTRACTING LLC,N582MM,N582MM_2025-05-16_airplanes-live_trace_full.json.gz
N582MM,2025-05-17,airplanes-live,0,none,DOJA CONTRACTING LLC,N582MM,N582MM_2025-05-17_airplanes-live_trace_full.json.gz
N582MM,2025-05-18,airplanes-live,0,none,DOJA CONTRACTING LLC,N582MM,N582MM_2025-05-18_airplanes-live_trace_full.json.gz
N582MM,2025-05-19,airplanes-live,0,none,DOJA CONTRACTING LLC,N582MM,N582MM_2025-05-19_airplanes-live_trace_full.json.gz
N582MM,2025-05-20,airplanes-live,0,none,DOJA CONTRACTING LLC,N582MM,N582MM_2025-05-20_airplanes-live_trace_full.json.gz
N582MM,2025-05-21,airplanes-live,0,none,DOJA CONTRACTING LLC,N582MM,N582MM_2025-05-21_airplanes-live_trace_full.json.gz
N582MM,2025-05-22,adsb-lol,0,none,"DOJA CONTRACTING LLC, TK ENTERPRISES LLC, JRO AVIATION LLC",N582MM,N582MM_2025-05-22_adsb-lol_trace_full.json.gz
N582MM,2025-05-22,airplanes-live,0,none,DOJA CONTRACTING LLC,N582MM,N582MM_2025-05-22_airplanes-live_trace_full.json.gz
N582MM,2025-05-23,adsb-lol,0,none,"DOJA CONTRACTING LLC, TK ENTERPRISES LLC, JRO AVIATION LLC",N582MM,N582MM_2025-05-23_adsb-lol_trace_full.json.gz
N582MM,2025-05-23,airplanes-live,0,none,DOJA CONTRACTING LLC,N582MM,N582MM_2025-05-23_airplanes-live_trace_full.json.gz
N582MM,2025-05-24,adsb-lol,0,none,"DOJA CONTRACTING LLC, TK ENTERPRISES LLC, JRO AVIATION LLC",N582MM,N582MM_2025-05-24_adsb-lol_trace_full.json.gz
N582MM,2025-05-24,airplanes-live,0,none,DOJA CONTRACTING LLC,N582MM,N582MM_2025-05-24_airplanes-live_trace_full.json.gz
N582MM,2025-05-25,airplanes-live,0,none,DOJA CONTRACTING LLC,N582MM,N582MM_2025-05-25_airplanes-live_trace_full.json.gz
N582MM,2025-05-26,adsb-lol,0,none,"DOJA CONTRACTING LLC, TK ENTERPRISES LLC, JRO AVIATION LLC",N582MM,N582MM_2025-05-26_adsb-lol_trace_full.json.gz
N582MM,2025-05-26,airplanes-live,0,none,DOJA CONTRACTING LLC,N582MM,N582MM_2025-05-26_airplanes-live_trace_full.json.gz
N582MM,2025-05-27,adsb-lol,0,none,"DOJA CONTRACTING LLC, TK ENTERPRISES LLC, JRO AVIATION LLC",N582MM,N582MM_2025-05-27_adsb-lol_trace_full.json.gz
N582MM,2025-05-27,airplanes-live,0,none,DOJA CONTRACTING LLC,N582MM,N582MM_2025-05-27_airplanes-live_trace_full.json.gz
N582MM,2025-05-28,adsb-lol,0,none,"DOJA CONTRACTING LLC, TK ENTERPRISES LLC, JRO AVIATION LLC",N582MM,N582MM_2025-05-28_adsb-lol_trace_full.json.gz
N582MM,2025-05-28,airplanes-live,0,none,DOJA CONTRACTING LLC,N582MM,N582MM_2025-05-28_airplanes-live_trace_full.json.gz
N582MM,2025-05-29,adsb-lol,0,none,"DOJA CONTRACTING LLC, TK ENTERPRISES LLC, JRO AVIATION LLC",N582MM,N582MM_2025-05-29_adsb-lol_trace_full.json.gz
N582MM,2025-05-29,airplanes-live,0,none,DOJA CONTRACTING LLC,N582MM,N582MM_2025-05-29_airplanes-live_trace_full.json.gz
N582MM,2025-05-30,adsb-lol,0,none,"DOJA CONTRACTING LLC, TK ENTERPRISES LLC, JRO AVIATION LLC",N582MM,N582MM_2025-05-30_adsb-lol_trace_full.json.gz
N582MM,2025-05-30,airplanes-live,0,none,DOJA CONTRACTING LLC,N582MM,N582MM_2025-05-30_airplanes-live_trace_full.json.gz
N582MM,2025-05-31,adsb-lol,0,none,"DOJA CONTRACTING LLC, TK ENTERPRISES LLC, JRO AVIATION LLC",N582MM,N582MM_2025-05-31_adsb-lol_trace_full.json.gz
N582MM,2025-05-31,airplanes-live,0,none,DOJA CONTRACTING LLC,N582MM,N582MM_2025-05-31_airplanes-live_trace_full.json.gz
N582MM,2025-06-01,adsb-lol,0,none,"DOJA CONTRACTING LLC, TK ENTERPRISES LLC, JRO AVIATION LLC",N582MM,N582MM_2025-06-01_adsb-lol_trace_full.json.gz
N582MM,2025-06-01,adsbexchange-samples,0,none,"DOJA CONTRACTING LLC, TK ENTERPRISES LLC, JRO AVIATION LLC",N582MM,N582MM_2025-06-01_adsbexchange-samples_trace_full.json
N582MM,2025-06-01,airplanes-live,0,none,DOJA CONTRACTING LLC,N582MM,N582MM_2025-06-01_airplanes-live_trace_full.json.gz
N582MM,2025-06-02,adsb-lol,0,none,"DOJA CONTRACTING LLC, TK ENTERPRISES LLC, JRO AVIATION LLC",N582MM,N582MM_2025-06-02_adsb-lol_trace_full.json.gz
N582MM,2025-06-02,airplanes-live,0,none,DOJA CONTRACTING LLC,N582MM,N582MM_2025-06-02_airplanes-live_trace_full.json.gz
N582MM,2025-06-03,adsb-lol,0,none,"DOJA CONTRACTING LLC, TK ENTERPRISES LLC, JRO AVIATION LLC",N582MM,N582MM_2025-06-03_adsb-lol_trace_full.json.gz
N582MM,2025-06-03,airplanes-live,0,none,DOJA CONTRACTING LLC,N582MM,N582MM_2025-06-03_airplanes-live_trace_full.json.gz
N582MM,2025-06-04,adsb-lol,0,none,"DOJA CONTRACTING LLC, TK ENTERPRISES LLC, JRO AVIATION LLC",N582MM,N582MM_2025-06-04_adsb-lol_trace_full.json.gz
N582MM,2025-06-04,airplanes-live,0,none,DOJA CONTRACTING LLC,N582MM,N582MM_2025-06-04_airplanes-live_trace_full.json.gz
N582MM,2025-06-05,airplanes-live,0,none,DOJA CONTRACTING LLC,N582MM,N582MM_2025-06-05_airplanes-live_trace_full.json.gz
N582MM,2025-06-06,airplanes-live,0,none,DOJA CONTRACTING LLC,N582MM,N582MM_2025-06-06_airplanes-live_trace_full.json.gz
N582MM,2025-06-11,adsb-lol,0,none,"DOJA CONTRACTING LLC, TK ENTERPRISES LLC, JRO AVIATION LLC",N582MM,N582MM_2025-06-11_adsb-lol_trace_full.json.gz
N582MM,2025-06-11,airplanes-live,0,none,DOJA CONTRACTING LLC,N582MM,N582MM_2025-06-11_airplanes-live_trace_full.json.gz
N582MM,2025-06-12,adsb-lol,0,none,"DOJA CONTRACTING LLC, TK ENTERPRISES LLC, JRO AVIATION LLC",N582MM,N582MM_2025-06-12_adsb-lol_trace_full.json.gz
N582MM,2025-06-12,airplanes-live,0,none,DOJA CONTRACTING LLC,N582MM,N582MM_2025-06-12_airplanes-live_trace_full.json.gz
N582MM,2025-06-13,adsb-lol,0,none,"DOJA CONTRACTING LLC, TK ENTERPRISES LLC, JRO AVIATION LLC",N582MM,N582MM_2025-06-13_adsb-lol_trace_full.json.gz
N582MM,2025-06-13,airplanes-live,0,none,DOJA CONTRACTING LLC,N582MM,N582MM_2025-06-13_airplanes-live_trace_full.json.gz
N582MM,2025-06-15,adsb-lol,0,none,"DOJA CONTRACTING LLC, TK ENTERPRISES LLC, JRO AVIATION LLC",N582MM,N582MM_2025-06-15_adsb-lol_trace_full.json.gz
N582MM,2025-06-15,airplanes-live,0,none,DOJA CONTRACTING LLC,N582MM,N582MM_2025-06-15_airplanes-live_trace_full.json.gz
N582MM,2025-06-16,adsb-lol,0,none,"DOJA CONTRACTING LLC, TK ENTERPRISES LLC, JRO AVIATION LLC",N582MM,N582MM_2025-06-16_adsb-lol_trace_full.json.gz
N582MM,2025-06-16,airplanes-live,0,none,DOJA CONTRACTING LLC,N582MM,N582MM_2025-06-16_airplanes-live_trace_full.json.gz
N582MM,2025-06-17,adsb-lol,0,none,"DOJA CONTRACTING LLC, TK ENTERPRISES LLC, JRO AVIATION LLC",N582MM,N582MM_2025-06-17_adsb-lol_trace_full.json.gz
N582MM,2025-06-17,airplanes-live,0,none,DOJA CONTRACTING LLC,N582MM,N582MM_2025-06-17_airplanes-live_trace_full.json.gz
N582MM,2025-06-18,adsb-lol,0,none,"DOJA CONTRACTING LLC, TK ENTERPRISES LLC, JRO AVIATION LLC",N582MM,N582MM_2025-06-18_adsb-lol_trace_full.json.gz
N582MM,2025-06-18,airplanes-live,0,none,DOJA CONTRACTING LLC,N582MM,N582MM_2025-06-18_airplanes-live_trace_full.json.gz
N582MM,2025-06-19,airplanes-live,0,none,DOJA CONTRACTING LLC,N582MM,N582MM_2025-06-19_airplanes-live_trace_full.json.gz
N582MM,2025-06-20,airplanes-live,0,none,DOJA CONTRACTING LLC,N582MM,N582MM_2025-06-20_airplanes-live_trace_full.json.gz
N582MM,2025-06-21,airplanes-live,0,none,DOJA CONTRACTING LLC,N582MM,N582MM_2025-06-21_airplanes-live_trace_full.json.gz
N582MM,2025-06-22,airplanes-live,0,none,DOJA CONTRACTING LLC,N582MM,N582MM_2025-06-22_airplanes-live_trace_full.json.gz
N582MM,2025-06-23,airplanes-live,0,none,DOJA CONTRACTING LLC,N582MM,N582MM_2025-06-23_airplanes-live_trace_full.json.gz
N582MM,2025-06-24,airplanes-live,0,none,DOJA CONTRACTING LLC,N582MM,N582MM_2025-06-24_airplanes-live_trace_full.json.gz
N582MM,2025-06-25,airplanes-live,0,none,DOJA CONTRACTING LLC,N582MM,N582MM_2025-06-25_airplanes-live_trace_full.json.gz
N582MM,2025-06-26,airplanes-live,0,none,DOJA CONTRACTING LLC,N582MM,N582MM_2025-06-26_airplanes-live_trace_full.json.gz
N582MM,2025-06-27,airplanes-live,0,none,DOJA CONTRACTING LLC,N582MM,N582MM_2025-06-27_airplanes-live_trace_full.json.gz
N582MM,2025-06-28,airplanes-live,0,none,DOJA CONTRACTING LLC,N582MM,N582MM_2025-06-28_airplanes-live_trace_full.json.gz
N582MM,2025-06-29,airplanes-live,0,none,DOJA CONTRACTING LLC,N582MM,N582MM_2025-06-29_airplanes-live_trace_full.json.gz
N582MM,2025-06-30,airplanes-live,0,none,DOJA CONTRACTING LLC,N582MM,N582MM_2025-06-30_airplanes-live_trace_full.json.gz
N582MM,2025-07-01,adsbexchange-samples,0,none,"DOJA CONTRACTING LLC, TK ENTERPRISES LLC, JRO AVIATION LLC",N582MM,N582MM_2025-07-01_adsbexchange-samples_trace_full.json
N582MM,2025-07-01,airplanes-live,0,none,DOJA CONTRACTING LLC,N582MM,N582MM_2025-07-01_airplanes-live_trace_full.json.gz
N582MM,2025-07-02,airplanes-live,0,none,DOJA CONTRACTING LLC,N582MM,N582MM_2025-07-02_airplanes-live_trace_full.json.gz
N582MM,2025-07-03,airplanes-live,0,none,DOJA CONTRACTING LLC,N582MM,N582MM_2025-07-03_airplanes-live_trace_full.json.gz
N582MM,2025-07-04,airplanes-live,0,none,DOJA CONTRACTING LLC,N582MM,N582MM_2025-07-04_airplanes-live_trace_full.json.gz
N582MM,2025-07-05,airplanes-live,0,none,DOJA CONTRACTING LLC,N582MM,N582MM_2025-07-05_airplanes-live_trace_full.json.gz
N582MM,2025-07-06,airplanes-live,0,none,DOJA CONTRACTING LLC,N582MM,N582MM_2025-07-06_airplanes-live_trace_full.json.gz
N582MM,2025-07-07,adsb-lol,0,none,"DOJA CONTRACTING LLC, TK ENTERPRISES LLC, JRO AVIATION LLC",N582MM,N582MM_2025-07-07_adsb-lol_trace_full.json.gz
N582MM,2025-07-07,airplanes-live,0,none,DOJA CONTRACTING LLC,N582MM,N582MM_2025-07-07_airplanes-live_trace_full.json.gz
N582MM,2025-07-09,adsb-lol,0,none,"DOJA CONTRACTING LLC, TK ENTERPRISES LLC, JRO AVIATION LLC",N582MM,N582MM_2025-07-09_adsb-lol_trace_full.json.gz
N582MM,2025-07-09,airplanes-live,0,none,DOJA CONTRACTING LLC,N582MM,N582MM_2025-07-09_airplanes-live_trace_full.json.gz
N582MM,2025-07-10,adsb-lol,0,none,"DOJA CONTRACTING LLC, TK ENTERPRISES LLC, JRO AVIATION LLC",N582MM,N582MM_2025-07-10_adsb-lol_trace_full.json.gz
N582MM,2025-07-10,airplanes-live,0,none,DOJA CONTRACTING LLC,N582MM,N582MM_2025-07-10_airplanes-live_trace_full.json.gz
N582MM,2025-07-11,adsb-lol,0,none,"DOJA CONTRACTING LLC, TK ENTERPRISES LLC, JRO AVIATION LLC",N582MM,N582MM_2025-07-11_adsb-lol_trace_full.json.gz
N582MM,2025-07-11,airplanes-live,0,none,DOJA CONTRACTING LLC,N582MM,N582MM_2025-07-11_airplanes-live_trace_full.json.gz
N582MM,2025-07-12,adsb-lol,0,none,"DOJA CONTRACTING LLC, TK ENTERPRISES LLC, JRO AVIATION LLC",N582MM,N582MM_2025-07-12_adsb-lol_trace_full.json.gz
N582MM,2025-07-12,airplanes-live,0,none,DOJA CONTRACTING LLC,N582MM,N582MM_2025-07-12_airplanes-live_trace_full.json.gz
N582MM,2025-07-13,adsb-lol,0,none,"DOJA CONTRACTING LLC, TK ENTERPRISES LLC, JRO AVIATION LLC",N582MM,N582MM_2025-07-13_adsb-lol_trace_full.json.gz
N582MM,2025-07-13,airplanes-live,0,none,DOJA CONTRACTING LLC,N582MM,N582MM_2025-07-13_airplanes-live_trace_full.json.gz
N582MM,2025-07-14,adsb-lol,0,none,"DOJA CONTRACTING LLC, TK ENTERPRISES LLC, JRO AVIATION LLC",N582MM,N582MM_2025-07-14_adsb-lol_trace_full.json.gz
N582MM,2025-07-14,airplanes-live,0,none,DOJA CONTRACTING LLC,N582MM,N582MM_2025-07-14_airplanes-live_trace_full.json.gz
N582MM,2025-07-15,adsb-lol,0,none,"DOJA CONTRACTING LLC, TK ENTERPRISES LLC, JRO AVIATION LLC",N582MM,N582MM_2025-07-15_adsb-lol_trace_full.json.gz
N582MM,2025-07-15,airplanes-live,0,none,DOJA CONTRACTING LLC,N582MM,N582MM_2025-07-15_airplanes-live_trace_full.json.gz
N582MM,2025-07-16,airplanes-live,0,none,DOJA CONTRACTING LLC,N582MM,N582MM_2025-07-16_airplanes-live_trace_full.json.gz
N582MM,2025-07-17,airplanes-live,0,none,DOJA CONTRACTING LLC,N582MM,N582MM_2025-07-17_airplanes-live_trace_full.json.gz
N582MM,2025-07-18,airplanes-live,0,none,DOJA CONTRACTING LLC,N582MM,N582MM_2025-07-18_airplanes-live_trace_full.json.gz
N582MM,2025-07-19,adsb-lol,0,none,"DOJA CONTRACTING LLC, TK ENTERPRISES LLC, JRO AVIATION LLC",N582MM,N582MM_2025-07-19_adsb-lol_trace_full.json.gz
N582MM,2025-07-19,airplanes-live,0,none,DOJA CONTRACTING LLC,N582MM,N582MM_2025-07-19_airplanes-live_trace_full.json.gz
N582MM,2025-07-20,adsb-lol,0,none,"DOJA CONTRACTING LLC, TK ENTERPRISES LLC, JRO AVIATION LLC",N582MM,N582MM_2025-07-20_adsb-lol_trace_full.json.gz
N582MM,2025-07-20,airplanes-live,0,none,DOJA CONTRACTING LLC,N582MM,N582MM_2025-07-20_airplanes-live_trace_full.json.gz
N582MM,2025-07-21,adsb-lol,0,none,"DOJA CONTRACTING LLC, TK ENTERPRISES LLC, JRO AVIATION LLC",N582MM,N582MM_2025-07-21_adsb-lol_trace_full.json.gz
N582MM,2025-07-21,airplanes-live,0,none,DOJA CONTRACTING LLC,N582MM,N582MM_2025-07-21_airplanes-live_trace_full.json.gz
N582MM,2025-07-22,adsb-lol,0,none,"DOJA CONTRACTING LLC, TK ENTERPRISES LLC, JRO AVIATION LLC",N582MM,N582MM_2025-07-22_adsb-lol_trace_full.json.gz
N582MM,2025-07-22,airplanes-live,0,none,DOJA CONTRACTING LLC,N582MM,N582MM_2025-07-22_airplanes-live_trace_full.json.gz
N582MM,2025-07-23,adsb-lol,0,none,"DOJA CONTRACTING LLC, TK ENTERPRISES LLC, JRO AVIATION LLC",N582MM,N582MM_2025-07-23_adsb-lol_trace_full.json.gz
N582MM,2025-07-23,airplanes-live,0,none,DOJA CONTRACTING LLC,N582MM,N582MM_2025-07-23_airplanes-live_trace_full.json.gz
N582MM,2025-07-24,adsb-lol,0,none,"DOJA CONTRACTING LLC, TK ENTERPRISES LLC, JRO AVIATION LLC",N582MM,N582MM_2025-07-24_adsb-lol_trace_full.json.gz
N582MM,2025-07-24,airplanes-live,0,none,DOJA CONTRACTING LLC,N582MM,N582MM_2025-07-24_airplanes-live_trace_full.json.gz
N582MM,2025-07-25,adsb-lol,0,none,"DOJA CONTRACTING LLC, TK ENTERPRISES LLC, JRO AVIATION LLC",N582MM,N582MM_2025-07-25_adsb-lol_trace_full.json.gz
N582MM,2025-07-25,airplanes-live,0,none,DOJA CONTRACTING LLC,N582MM,N582MM_2025-07-25_airplanes-live_trace_full.json.gz
N582MM,2025-07-26,adsb-lol,0,none,"DOJA CONTRACTING LLC, TK ENTERPRISES LLC, JRO AVIATION LLC",N582MM,N582MM_2025-07-26_adsb-lol_trace_full.json.gz
N582MM,2025-07-26,airplanes-live,0,none,DOJA CONTRACTING LLC,N582MM,N582MM_2025-07-26_airplanes-live_trace_full.json.gz
N582MM,2025-07-27,adsb-lol,0,none,"DOJA CONTRACTING LLC, TK ENTERPRISES LLC, JRO AVIATION LLC",N582MM,N582MM_2025-07-27_adsb-lol_trace_full.json.gz
N582MM,2025-07-27,airplanes-live,0,none,DOJA CONTRACTING LLC,N582MM,N582MM_2025-07-27_airplanes-live_trace_full.json.gz
N582MM,2025-07-28,adsb-lol,0,none,"DOJA CONTRACTING LLC, TK ENTERPRISES LLC, JRO AVIATION LLC",N582MM,N582MM_2025-07-28_adsb-lol_trace_full.json.gz
N582MM,2025-07-28,airplanes-live,0,none,DOJA CONTRACTING LLC,N582MM,N582MM_2025-07-28_airplanes-live_trace_full.json.gz
N582MM,2025-07-29,adsb-lol,0,none,"DOJA CONTRACTING LLC, TK ENTERPRISES LLC, JRO AVIATION LLC",N582MM,N582MM_2025-07-29_adsb-lol_trace_full.json.gz
N582MM,2025-07-29,airplanes-live,0,none,DOJA CONTRACTING LLC,N582MM,N582MM_2025-07-29_airplanes-live_trace_full.json.gz
N582MM,2025-07-30,adsb-lol,0,none,"DOJA CONTRACTING LLC, TK ENTERPRISES LLC, JRO AVIATION LLC",N582MM,N582MM_2025-07-30_adsb-lol_trace_full.json.gz
N582MM,2025-07-30,airplanes-live,0,none,DOJA CONTRACTING LLC,N582MM,N582MM_2025-07-30_airplanes-live_trace_full.json.gz
N582MM,2025-07-31,adsb-lol,0,none,"DOJA CONTRACTING LLC, TK ENTERPRISES LLC, JRO AVIATION LLC",N582MM,N582MM_2025-07-31_adsb-lol_trace_full.json.gz
N582MM,2025-07-31,airplanes-live,0,none,DOJA CONTRACTING LLC,N582MM,N582MM_2025-07-31_airplanes-live_trace_full.json.gz
N582MM,2025-08-01,adsb-lol,0,none,"DOJA CONTRACTING LLC, TK ENTERPRISES LLC, JRO AVIATION LLC",N582MM,N582MM_2025-08-01_adsb-lol_trace_full.json.gz
N582MM,2025-08-01,adsbexchange-samples,0,none,"DOJA CONTRACTING LLC, TK ENTERPRISES LLC, JRO AVIATION LLC",N582MM,N582MM_2025-08-01_adsbexchange-samples_trace_full.json
N582MM,2025-08-01,airplanes-live,0,none,DOJA CONTRACTING LLC,N582MM,N582MM_2025-08-01_airplanes-live_trace_full.json.gz
N582MM,2025-08-02,adsb-lol,0,none,"DOJA CONTRACTING LLC, TK ENTERPRISES LLC, JRO AVIATION LLC",N582MM,N582MM_2025-08-02_adsb-lol_trace_full.json.gz
N582MM,2025-08-02,airplanes-live,0,none,DOJA CONTRACTING LLC,N582MM,N582MM_2025-08-02_airplanes-live_trace_full.json.gz
N582MM,2025-08-03,adsb-lol,0,none,"DOJA CONTRACTING LLC, TK ENTERPRISES LLC, JRO AVIATION LLC",N582MM,N582MM_2025-08-03_adsb-lol_trace_full.json.gz
N582MM,2025-08-03,airplanes-live,0,none,DOJA CONTRACTING LLC,N582MM,N582MM_2025-08-03_airplanes-live_trace_full.json.gz
N582MM,2025-08-04,adsb-lol,0,none,"DOJA CONTRACTING LLC, TK ENTERPRISES LLC, JRO AVIATION LLC",N582MM,N582MM_2025-08-04_adsb-lol_trace_full.json.gz
N582MM,2025-08-04,airplanes-live,0,none,DOJA CONTRACTING LLC,N582MM,N582MM_2025-08-04_airplanes-live_trace_full.json.gz
N582MM,2025-08-05,adsb-lol,0,none,"DOJA CONTRACTING LLC, TK ENTERPRISES LLC, JRO AVIATION LLC",N582MM,N582MM_2025-08-05_adsb-lol_trace_full.json.gz
N582MM,2025-08-05,airplanes-live,0,none,DOJA CONTRACTING LLC,N582MM,N582MM_2025-08-05_airplanes-live_trace_full.json.gz
N582MM,2025-08-06,adsb-lol,0,none,"DOJA CONTRACTING LLC, TK ENTERPRISES LLC, JRO AVIATION LLC",N582MM,N582MM_2025-08-06_adsb-lol_trace_full.json.gz
N582MM,2025-08-06,airplanes-live,0,none,DOJA CONTRACTING LLC,N582MM,N582MM_2025-08-06_airplanes-live_trace_full.json.gz
N582MM,2025-08-07,adsb-lol,0,none,"DOJA CONTRACTING LLC, TK ENTERPRISES LLC, JRO AVIATION LLC",N582MM,N582MM_2025-08-07_adsb-lol_trace_full.json.gz
N582MM,2025-08-07,airplanes-live,0,none,DOJA CONTRACTING LLC,N582MM,N582MM_2025-08-07_airplanes-live_trace_full.json.gz
N582MM,2025-08-08,adsb-lol,0,none,"DOJA CONTRACTING LLC, TK ENTERPRISES LLC, JRO AVIATION LLC",N582MM,N582MM_2025-08-08_adsb-lol_trace_full.json.gz
N582MM,2025-08-08,airplanes-live,0,none,DOJA CONTRACTING LLC,N582MM,N582MM_2025-08-08_airplanes-live_trace_full.json.gz
N582MM,2025-08-09,adsb-lol,0,none,"DOJA CONTRACTING LLC, TK ENTERPRISES LLC, JRO AVIATION LLC",N582MM,N582MM_2025-08-09_adsb-lol_trace_full.json.gz
N582MM,2025-08-09,airplanes-live,0,none,DOJA CONTRACTING LLC,N582MM,N582MM_2025-08-09_airplanes-live_trace_full.json.gz
N582MM,2025-08-10,adsb-lol,0,none,"DOJA CONTRACTING LLC, TK ENTERPRISES LLC, JRO AVIATION LLC",N582MM,N582MM_2025-08-10_adsb-lol_trace_full.json.gz
N582MM,2025-08-10,airplanes-live,0,none,DOJA CONTRACTING LLC,N582MM,N582MM_2025-08-10_airplanes-live_trace_full.json.gz
N582MM,2025-08-11,airplanes-live,0,none,DOJA CONTRACTING LLC,N582MM,N582MM_2025-08-11_airplanes-live_trace_full.json.gz
N582MM,2025-08-12,airplanes-live,0,none,DOJA CONTRACTING LLC,N582MM,N582MM_2025-08-12_airplanes-live_trace_full.json.gz
N582MM,2025-08-13,airplanes-live,0,none,DOJA CONTRACTING LLC,N582MM,N582MM_2025-08-13_airplanes-live_trace_full.json.gz
N582MM,2025-08-14,airplanes-live,0,none,DOJA CONTRACTING LLC,N582MM,N582MM_2025-08-14_airplanes-live_trace_full.json.gz
N582MM,2025-08-15,airplanes-live,0,none,DOJA CONTRACTING LLC,N582MM,N582MM_2025-08-15_airplanes-live_trace_full.json.gz
N582MM,2025-08-16,adsb-lol,0,none,"DOJA CONTRACTING LLC, TK ENTERPRISES LLC, JRO AVIATION LLC",N582MM,N582MM_2025-08-16_adsb-lol_trace_full.json.gz
N582MM,2025-08-16,airplanes-live,0,none,DOJA CONTRACTING LLC,N582MM,N582MM_2025-08-16_airplanes-live_trace_full.json.gz
N582MM,2025-08-17,adsb-lol,0,none,"DOJA CONTRACTING LLC, TK ENTERPRISES LLC, JRO AVIATION LLC",N582MM,N582MM_2025-08-17_adsb-lol_trace_full.json.gz
N582MM,2025-08-17,airplanes-live,0,none,DOJA CONTRACTING LLC,N582MM,N582MM_2025-08-17_airplanes-live_trace_full.json.gz
N582MM,2025-08-18,adsb-lol,0,none,"DOJA CONTRACTING LLC, TK ENTERPRISES LLC, JRO AVIATION LLC",N582MM,N582MM_2025-08-18_adsb-lol_trace_full.json.gz
N582MM,2025-08-18,airplanes-live,0,none,DOJA CONTRACTING LLC,N582MM,N582MM_2025-08-18_airplanes-live_trace_full.json.gz
N582MM,2025-08-21,adsb-lol,0,none,"DOJA CONTRACTING LLC, TK ENTERPRISES LLC, JRO AVIATION LLC",N582MM,N582MM_2025-08-21_adsb-lol_trace_full.json.gz
N582MM,2025-08-21,airplanes-live,0,none,DOJA CONTRACTING LLC,N582MM,N582MM_2025-08-21_airplanes-live_trace_full.json.gz
N582MM,2025-08-22,adsb-lol,0,none,"DOJA CONTRACTING LLC, TK ENTERPRISES LLC, JRO AVIATION LLC",N582MM,N582MM_2025-08-22_adsb-lol_trace_full.json.gz
N582MM,2025-08-22,airplanes-live,0,none,DOJA CONTRACTING LLC,N582MM,N582MM_2025-08-22_airplanes-live_trace_full.json.gz
N582MM,2025-08-23,adsb-lol,0,none,"DOJA CONTRACTING LLC, TK ENTERPRISES LLC, JRO AVIATION LLC",N582MM,N582MM_2025-08-23_adsb-lol_trace_full.json.gz
N582MM,2025-08-23,airplanes-live,0,none,DOJA CONTRACTING LLC,N582MM,N582MM_2025-08-23_airplanes-live_trace_full.json.gz
N582MM,2025-08-24,adsb-lol,0,none,"DOJA CONTRACTING LLC, TK ENTERPRISES LLC, JRO AVIATION LLC",N582MM,N582MM_2025-08-24_adsb-lol_trace_full.json.gz
N582MM,2025-08-24,airplanes-live,0,none,DOJA CONTRACTING LLC,N582MM,N582MM_2025-08-24_airplanes-live_trace_full.json.gz
N582MM,2025-08-26,airplanes-live,0,none,DOJA CONTRACTING LLC,N582MM,N582MM_2025-08-26_airplanes-live_trace_full.json.gz
N582MM,2025-08-27,airplanes-live,0,none,DOJA CONTRACTING LLC,N582MM,N582MM_2025-08-27_airplanes-live_trace_full.json.gz
N582MM,2025-08-28,airplanes-live,0,none,DOJA CONTRACTING LLC,N582MM,N582MM_2025-08-28_airplanes-live_trace_full.json.gz
N582MM,2025-08-29,airplanes-live,0,none,DOJA CONTRACTING LLC,N582MM,N582MM_2025-08-29_airplanes-live_trace_full.json.gz
N582MM,2025-08-30,airplanes-live,0,none,DOJA CONTRACTING LLC,N582MM,N582MM_2025-08-30_airplanes-live_trace_full.json.gz
N582MM,2025-09-01,adsb-lol,0,none,"DOJA CONTRACTING LLC, TK ENTERPRISES LLC, JRO AVIATION LLC",N582MM,N582MM_2025-09-01_adsb-lol_trace_full.json
N582MM,2025-09-01,adsbexchange-samples,0,none,"DOJA CONTRACTING LLC, TK ENTERPRISES LLC, JRO AVIATION LLC",N582MM,N582MM_2025-09-01_adsbexchange-samples_trace_full.json
N582MM,2025-09-01,airplanes-live,0,none,DOJA CONTRACTING LLC,N582MM,N582MM_2025-09-01_airplanes-live_trace_full.json
N582MM,2025-09-02,adsb-lol,0,none,"DOJA CONTRACTING LLC, TK ENTERPRISES LLC, JRO AVIATION LLC",N582MM,N582MM_2025-09-02_adsb-lol_trace_full.json
N582MM,2025-09-02,airplanes-live,0,none,DOJA CONTRACTING LLC,N582MM,N582MM_2025-09-02_airplanes-live_trace_full.json
N582MM,2025-09-03,adsb-lol,0,none,"DOJA CONTRACTING LLC, TK ENTERPRISES LLC, JRO AVIATION LLC",N582MM,N582MM_2025-09-03_adsb-lol_trace_full.json
N582MM,2025-09-03,airplanes-live,0,none,DOJA CONTRACTING LLC,N582MM,N582MM_2025-09-03_airplanes-live_trace_full.json
N582MM,2025-09-05,adsb-lol,0,none,"DOJA CONTRACTING LLC, TK ENTERPRISES LLC, JRO AVIATION LLC",N582MM,N582MM_2025-09-05_adsb-lol_trace_full.json
N582MM,2025-09-05,airplanes-live,0,none,DOJA CONTRACTING LLC,N582MM,N582MM_2025-09-05_airplanes-live_trace_full.json
N582MM,2025-09-06,adsb-lol,0,none,"DOJA CONTRACTING LLC, TK ENTERPRISES LLC, JRO AVIATION LLC",N582MM,N582MM_2025-09-06_adsb-lol_trace_full.json
N582MM,2025-09-06,airplanes-live,0,none,DOJA CONTRACTING LLC,N582MM,N582MM_2025-09-06_airplanes-live_trace_full.json
N582MM,2025-09-07,adsb-lol,0,none,"DOJA CONTRACTING LLC, TK ENTERPRISES LLC, JRO AVIATION LLC",N582MM,N582MM_2025-09-07_adsb-lol_trace_full.json
N582MM,2025-09-07,airplanes-live,0,none,DOJA CONTRACTING LLC,N582MM,N582MM_2025-09-07_airplanes-live_trace_full.json
N582MM,2025-09-08,adsb-lol,0,none,"DOJA CONTRACTING LLC, TK ENTERPRISES LLC, JRO AVIATION LLC",N582MM,N582MM_2025-09-08_adsb-lol_trace_full.json
N582MM,2025-09-08,airplanes-live,0,none,DOJA CONTRACTING LLC,N582MM,N582MM_2025-09-08_airplanes-live_trace_full.json
N582MM,2025-09-09,adsb-lol,0,none,"DOJA CONTRACTING LLC, TK ENTERPRISES LLC, JRO AVIATION LLC",N582MM,N582MM_2025-09-09_adsb-lol_trace_full.json
N582MM,2025-09-09,airplanes-live,0,none,DOJA CONTRACTING LLC,N582MM,N582MM_2025-09-09_airplanes-live_trace_full.json
N582MM,2025-09-10,adsb-lol,0,none,"DOJA CONTRACTING LLC, TK ENTERPRISES LLC, JRO AVIATION LLC",N582MM,N582MM_2025-09-10_adsb-lol_trace_full.json
N582MM,2025-09-10,airplanes-live,0,none,DOJA CONTRACTING LLC,N582MM,N582MM_2025-09-10_airplanes-live_trace_full.json
N582MM,2025-09-11,adsb-lol,0,none,"DOJA CONTRACTING LLC, TK ENTERPRISES LLC, JRO AVIATION LLC",N582MM,N582MM_2025-09-11_adsb-lol_trace_full.json
N582MM,2025-09-11,airplanes-live,0,none,DOJA CONTRACTING LLC,N582MM,N582MM_2025-09-11_airplanes-live_trace_full.json
N582MM,2025-09-12,adsb-lol,0,none,"DOJA CONTRACTING LLC, TK ENTERPRISES LLC, JRO AVIATION LLC",N582MM,N582MM_2025-09-12_adsb-lol_trace_full.json
N582MM,2025-09-12,airplanes-live,0,none,DOJA CONTRACTING LLC,N582MM,N582MM_2025-09-12_airplanes-live_trace_full.json
N582MM,2025-09-13,adsb-lol,0,none,"DOJA CONTRACTING LLC, TK ENTERPRISES LLC, JRO AVIATION LLC",N582MM,N582MM_2025-09-13_adsb-lol_trace_full.json
N582MM,2025-09-13,airplanes-live,0,none,DOJA CONTRACTING LLC,N582MM,N582MM_2025-09-13_airplanes-live_trace_full.json
N582MM,2025-09-14,adsb-lol,0,none,"DOJA CONTRACTING LLC, TK ENTERPRISES LLC, JRO AVIATION LLC",N582MM,N582MM_2025-09-14_adsb-lol_trace_full.json
N582MM,2025-09-14,airplanes-live,0,none,DOJA CONTRACTING LLC,N582MM,N582MM_2025-09-14_airplanes-live_trace_full.json
N582MM,2025-09-15,adsb-lol,0,none,"DOJA CONTRACTING LLC, TK ENTERPRISES LLC, JRO AVIATION LLC",N582MM,N582MM_2025-09-15_adsb-lol_trace_full.json
N582MM,2025-09-15,airplanes-live,0,none,DOJA CONTRACTING LLC,N582MM,N582MM_2025-09-15_airplanes-live_trace_full.json
N582MM,2025-09-16,adsb-lol,0,none,"DOJA CONTRACTING LLC, TK ENTERPRISES LLC, JRO AVIATION LLC",N582MM,N582MM_2025-09-16_adsb-lol_trace_full.json
N582MM,2025-09-16,airplanes-live,0,none,DOJA CONTRACTING LLC,N582MM,N582MM_2025-09-16_airplanes-live_trace_full.json
N582MM,2025-09-17,adsb-lol,0,none,"DOJA CONTRACTING LLC, TK ENTERPRISES LLC, JRO AVIATION LLC",N582MM,N582MM_2025-09-17_adsb-lol_trace_full.json.gz
N582MM,2025-09-17,airplanes-live,0,none,DOJA CONTRACTING LLC,N582MM,N582MM_2025-09-17_airplanes-live_trace_full.json.gz
N582MM,2025-09-18,adsb-lol,0,none,"DOJA CONTRACTING LLC, TK ENTERPRISES LLC, JRO AVIATION LLC",N582MM,N582MM_2025-09-18_adsb-lol_trace_full.json.gz
N582MM,2025-09-18,airplanes-live,0,none,DOJA CONTRACTING LLC,N582MM,N582MM_2025-09-18_airplanes-live_trace_full.json.gz
N582MM,2025-09-19,adsb-lol,0,none,"DOJA CONTRACTING LLC, TK ENTERPRISES LLC, JRO AVIATION LLC",N582MM,N582MM_2025-09-19_adsb-lol_trace_full.json.gz
N582MM,2025-09-19,airplanes-live,0,none,DOJA CONTRACTING LLC,N582MM,N582MM_2025-09-19_airplanes-live_trace_full.json.gz
N582MM,2025-09-20,adsb-lol,0,none,"DOJA CONTRACTING LLC, TK ENTERPRISES LLC, JRO AVIATION LLC",N582MM,N582MM_2025-09-20_adsb-lol_trace_full.json.gz
N582MM,2025-09-20,airplanes-live,0,none,DOJA CONTRACTING LLC,N582MM,N582MM_2025-09-20_airplanes-live_trace_full.json.gz
N582MM,2025-09-21,adsb-lol,0,none,"DOJA CONTRACTING LLC, TK ENTERPRISES LLC, JRO AVIATION LLC",N582MM,N582MM_2025-09-21_adsb-lol_trace_full.json.gz
N582MM,2025-09-21,airplanes-live,0,none,DOJA CONTRACTING LLC,N582MM,N582MM_2025-09-21_airplanes-live_trace_full.json.gz
N582MM,2025-09-22,adsb-lol,0,none,"DOJA CONTRACTING LLC, TK ENTERPRISES LLC, JRO AVIATION LLC",N582MM,N582MM_2025-09-22_adsb-lol_trace_full.json.gz
N582MM,2025-09-22,airplanes-live,0,none,DOJA CONTRACTING LLC,N582MM,N582MM_2025-09-22_airplanes-live_trace_full.json.gz
N582MM,2025-09-26,adsb-lol,0,none,"DOJA CONTRACTING LLC, TK ENTERPRISES LLC, JRO AVIATION LLC",N582MM,N582MM_2025-09-26_adsb-lol_trace_full.json.gz
N582MM,2025-09-26,airplanes-live,0,none,DOJA CONTRACTING LLC,N582MM,N582MM_2025-09-26_airplanes-live_trace_full.json.gz
N582MM,2025-09-27,adsb-lol,0,none,"DOJA CONTRACTING LLC, TK ENTERPRISES LLC, JRO AVIATION LLC",N582MM,N582MM_2025-09-27_adsb-lol_trace_full.json.gz
N582MM,2025-09-27,airplanes-live,0,none,DOJA CONTRACTING LLC,N582MM,N582MM_2025-09-27_airplanes-live_trace_full.json.gz
N582MM,2025-09-28,adsb-lol,0,none,"DOJA CONTRACTING LLC, TK ENTERPRISES LLC, JRO AVIATION LLC",N582MM,N582MM_2025-09-28_adsb-lol_trace_full.json.gz
N582MM,2025-09-28,airplanes-live,0,none,DOJA CONTRACTING LLC,N582MM,N582MM_2025-09-28_airplanes-live_trace_full.json.gz
N582MM,2025-10-01,adsb-lol,0,none,"DOJA CONTRACTING LLC, TK ENTERPRISES LLC, JRO AVIATION LLC",N582MM,N582MM_2025-10-01_adsb-lol_trace_full.json.gz
N582MM,2025-10-01,adsbexchange-samples,0,none,"DOJA CONTRACTING LLC, TK ENTERPRISES LLC, JRO AVIATION LLC",N582MM,N582MM_2025-10-01_adsbexchange-samples_trace_full.json
N582MM,2025-10-01,airplanes-live,0,none,DOJA CONTRACTING LLC,N582MM,N582MM_2025-10-01_airplanes-live_trace_full.json.gz
N582MM,2025-10-03,airplanes-live,0,none,DOJA CONTRACTING LLC,N582MM,N582MM_2025-10-03_airplanes-live_trace_full.json.gz
N582MM,2025-10-04,adsb-lol,0,none,"DOJA CONTRACTING LLC, TK ENTERPRISES LLC, JRO AVIATION LLC",N582MM,N582MM_2025-10-04_adsb-lol_trace_full.json.gz
N582MM,2025-10-04,airplanes-live,0,none,DOJA CONTRACTING LLC,N582MM,N582MM_2025-10-04_airplanes-live_trace_full.json.gz
N582MM,2025-10-05,adsb-lol,0,none,"DOJA CONTRACTING LLC, TK ENTERPRISES LLC, JRO AVIATION LLC",N582MM,N582MM_2025-10-05_adsb-lol_trace_full.json.gz
N582MM,2025-10-05,airplanes-live,0,none,DOJA CONTRACTING LLC,N582MM,N582MM_2025-10-05_airplanes-live_trace_full.json.gz
N582MM,2025-10-06,adsb-lol,0,none,"DOJA CONTRACTING LLC, TK ENTERPRISES LLC, JRO AVIATION LLC",N582MM,N582MM_2025-10-06_adsb-lol_trace_full.json.gz
N582MM,2025-10-06,airplanes-live,0,none,DOJA CONTRACTING LLC,N582MM,N582MM_2025-10-06_airplanes-live_trace_full.json.gz
N582MM,2025-10-07,adsb-lol,0,none,"DOJA CONTRACTING LLC, TK ENTERPRISES LLC, JRO AVIATION LLC",N582MM,N582MM_2025-10-07_adsb-lol_trace_full.json.gz
N582MM,2025-10-07,airplanes-live,0,none,DOJA CONTRACTING LLC,N582MM,N582MM_2025-10-07_airplanes-live_trace_full.json.gz
N582MM,2025-10-08,adsb-lol,0,none,"DOJA CONTRACTING LLC, TK ENTERPRISES LLC, JRO AVIATION LLC",N582MM,N582MM_2025-10-08_adsb-lol_trace_full.json
N582MM,2025-10-08,airplanes-live,0,none,DOJA CONTRACTING LLC,N582MM,N582MM_2025-10-08_airplanes-live_trace_full.json
N582MM,2025-10-09,adsb-lol,0,none,"DOJA CONTRACTING LLC, TK ENTERPRISES LLC, JRO AVIATION LLC",N582MM,N582MM_2025-10-09_adsb-lol_trace_full.json
N582MM,2025-10-09,airplanes-live,0,none,DOJA CONTRACTING LLC,N582MM,N582MM_2025-10-09_airplanes-live_trace_full.json
N582MM,2025-10-10,adsb-lol,0,none,"DOJA CONTRACTING LLC, TK ENTERPRISES LLC, JRO AVIATION LLC",N582MM,N582MM_2025-10-10_adsb-lol_trace_full.json
N582MM,2025-10-10,airplanes-live,0,none,DOJA CONTRACTING LLC,N582MM,N582MM_2025-10-10_airplanes-live_trace_full.json
N582MM,2025-10-11,adsb-lol,0,none,"DOJA CONTRACTING LLC, TK ENTERPRISES LLC, JRO AVIATION LLC",N582MM,N582MM_2025-10-11_adsb-lol_trace_full.json
N582MM,2025-10-11,airplanes-live,0,none,DOJA CONTRACTING LLC,N582MM,N582MM_2025-10-11_airplanes-live_trace_full.json
N582MM,2025-10-12,airplanes-live,0,none,DOJA CONTRACTING LLC,N582MM,N582MM_2025-10-12_airplanes-live_trace_full.json
N582MM,2025-10-13,airplanes-live,0,none,DOJA CONTRACTING LLC,N582MM,N582MM_2025-10-13_airplanes-live_trace_full.json
N582MM,2025-10-14,airplanes-live,0,none,DOJA CONTRACTING LLC,N582MM,N582MM_2025-10-14_airplanes-live_trace_full.json
N582MM,2025-10-15,airplanes-live,0,none,DOJA CONTRACTING LLC,N582MM,N582MM_2025-10-15_airplanes-live_trace_full.json
N582MM,2025-10-16,airplanes-live,0,none,DOJA CONTRACTING LLC,N582MM,N582MM_2025-10-16_airplanes-live_trace_full.json
N582MM,2025-10-17,airplanes-live,0,none,DOJA CONTRACTING LLC,N582MM,N582MM_2025-10-17_airplanes-live_trace_full.json.gz
N582MM,2025-10-18,airplanes-live,0,none,DOJA CONTRACTING LLC,N582MM,N582MM_2025-10-18_airplanes-live_trace_full.json.gz
N582MM,2025-10-19,airplanes-live,0,none,DOJA CONTRACTING LLC,N582MM,N582MM_2025-10-19_airplanes-live_trace_full.json.gz
N582MM,2025-10-20,airplanes-live,0,none,DOJA CONTRACTING LLC,N582MM,N582MM_2025-10-20_airplanes-live_trace_full.json.gz
N582MM,2025-10-21,airplanes-live,0,none,DOJA CONTRACTING LLC,N582MM,N582MM_2025-10-21_airplanes-live_trace_full.json.gz
N582MM,2025-10-22,airplanes-live,0,none,DOJA CONTRACTING LLC,N582MM,N582MM_2025-10-22_airplanes-live_trace_full.json.gz
N582MM,2025-10-23,airplanes-live,0,none,DOJA CONTRACTING LLC,N582MM,N582MM_2025-10-23_airplanes-live_trace_full.json.gz
N582MM,2025-10-24,airplanes-live,0,none,DOJA CONTRACTING LLC,N582MM,N582MM_2025-10-24_airplanes-live_trace_full.json.gz
N582MM,2025-10-25,airplanes-live,0,none,DOJA CONTRACTING LLC,N582MM,N582MM_2025-10-25_airplanes-live_trace_full.json.gz
N582MM,2025-10-26,airplanes-live,0,none,DOJA CONTRACTING LLC,N582MM,N582MM_2025-10-26_airplanes-live_trace_full.json.gz
N582MM,2025-10-27,airplanes-live,0,none,DOJA CONTRACTING LLC,N582MM,N582MM_2025-10-27_airplanes-live_trace_full.json.gz
N582MM,2025-10-28,airplanes-live,0,none,DOJA CONTRACTING LLC,N582MM,N582MM_2025-10-28_airplanes-live_trace_full.json.gz
N582MM,2025-10-29,airplanes-live,0,none,DOJA CONTRACTING LLC,N582MM,N582MM_2025-10-29_airplanes-live_trace_full.json.gz
N582MM,2025-10-30,airplanes-live,0,none,DOJA CONTRACTING LLC,N582MM,N582MM_2025-10-30_airplanes-live_trace_full.json.gz
N582MM,2025-10-31,airplanes-live,0,none,DOJA CONTRACTING LLC,N582MM,N582MM_2025-10-31_airplanes-live_trace_full.json.gz
N582MM,2025-11-01,adsbexchange-samples,0,none,"DOJA CONTRACTING LLC, TK ENTERPRISES LLC, JRO AVIATION LLC",N582MM,N582MM_2025-11-01_adsbexchange-samples_trace_full.json
N582MM,2025-11-01,airplanes-live,0,none,DOJA CONTRACTING LLC,N582MM,N582MM_2025-11-01_airplanes-live_trace_full.json.gz
N582MM,2025-11-02,airplanes-live,0,none,DOJA CONTRACTING LLC,N582MM,N582MM_2025-11-02_airplanes-live_trace_full.json.gz
N582MM,2025-11-03,airplanes-live,0,none,DOJA CONTRACTING LLC,N582MM,N582MM_2025-11-03_airplanes-live_trace_full.json.gz
N582MM,2025-11-04,airplanes-live,0,none,DOJA CONTRACTING LLC,N582MM,N582MM_2025-11-04_airplanes-live_trace_full.json.gz
N582MM,2025-11-05,airplanes-live,0,none,DOJA CONTRACTING LLC,N582MM,N582MM_2025-11-05_airplanes-live_trace_full.json.gz
N582MM,2025-11-06,airplanes-live,0,none,DOJA CONTRACTING LLC,N582MM,N582MM_2025-11-06_airplanes-live_trace_full.json.gz
N582MM,2025-11-07,airplanes-live,0,none,DOJA CONTRACTING LLC,N582MM,N582MM_2025-11-07_airplanes-live_trace_full.json.gz
N582MM,2025-11-08,airplanes-live,0,none,DOJA CONTRACTING LLC,N582MM,N582MM_2025-11-08_airplanes-live_trace_full.json.gz
N582MM,2025-11-09,airplanes-live,0,none,DOJA CONTRACTING LLC,N582MM,N582MM_2025-11-09_airplanes-live_trace_full.json.gz
N582MM,2025-11-10,airplanes-live,0,none,DOJA CONTRACTING LLC,N582MM,N582MM_2025-11-10_airplanes-live_trace_full.json.gz
N582MM,2025-11-11,airplanes-live,0,none,DOJA CONTRACTING LLC,N582MM,N582MM_2025-11-11_airplanes-live_trace_full.json.gz
N582MM,2025-11-14,airplanes-live,0,none,DOJA CONTRACTING LLC,N582MM,N582MM_2025-11-14_airplanes-live_trace_full.json.gz
N582MM,2025-11-15,airplanes-live,0,none,DOJA CONTRACTING LLC,N582MM,N582MM_2025-11-15_airplanes-live_trace_full.json.gz
N582MM,2025-11-16,airplanes-live,0,none,DOJA CONTRACTING LLC,N582MM,N582MM_2025-11-16_airplanes-live_trace_full.json.gz
N582MM,2025-11-17,airplanes-live,0,none,DOJA CONTRACTING LLC,N582MM,N582MM_2025-11-17_airplanes-live_trace_full.json.gz
N582MM,2025-11-18,airplanes-live,0,none,DOJA CONTRACTING LLC,N582MM,N582MM_2025-11-18_airplanes-live_trace_full.json.gz
N582MM,2025-11-19,airplanes-live,0,none,DOJA CONTRACTING LLC,N582MM,N582MM_2025-11-19_airplanes-live_trace_full.json.gz
N582MM,2025-11-20,airplanes-live,0,none,DOJA CONTRACTING LLC,N582MM,N582MM_2025-11-20_airplanes-live_trace_full.json.gz
N582MM,2025-11-21,airplanes-live,0,none,DOJA CONTRACTING LLC,N582MM,N582MM_2025-11-21_airplanes-live_trace_full.json.gz
N582MM,2025-11-22,airplanes-live,0,none,DOJA CONTRACTING LLC,N582MM,N582MM_2025-11-22_airplanes-live_trace_full.json.gz
N582MM,2025-11-23,airplanes-live,0,none,DOJA CONTRACTING LLC,N582MM,N582MM_2025-11-23_airplanes-live_trace_full.json.gz
N582MM,2025-11-24,airplanes-live,0,none,DOJA CONTRACTING LLC,N582MM,N582MM_2025-11-24_airplanes-live_trace_full.json.gz
N582MM,2025-11-25,airplanes-live,0,none,DOJA CONTRACTING LLC,N582MM,N582MM_2025-11-25_airplanes-live_trace_full.json.gz
N582MM,2025-11-26,airplanes-live,0,none,DOJA CONTRACTING LLC,N582MM,N582MM_2025-11-26_airplanes-live_trace_full.json.gz
N582MM,2025-11-27,airplanes-live,0,none,DOJA CONTRACTING LLC,N582MM,N582MM_2025-11-27_airplanes-live_trace_full.json.gz
N582MM,2025-11-28,airplanes-live,0,none,DOJA CONTRACTING LLC,N582MM,N582MM_2025-11-28_airplanes-live_trace_full.json.gz
N582MM,2025-11-29,airplanes-live,0,none,DOJA CONTRACTING LLC,N582MM,N582MM_2025-11-29_airplanes-live_trace_full.json.gz
N582MM,2025-11-30,airplanes-live,0,none,DOJA CONTRACTING LLC,N582MM,N582MM_2025-11-30_airplanes-live_trace_full.json.gz
N582MM,2025-12-01,adsbexchange-samples,0,none,"DOJA CONTRACTING LLC, TK ENTERPRISES LLC, JRO AVIATION LLC",N582MM,N582MM_2025-12-01_adsbexchange-samples_trace_full.json
N582MM,2025-12-01,airplanes-live,0,none,DOJA CONTRACTING LLC,N582MM,N582MM_2025-12-01_airplanes-live_trace_full.json.gz
N582MM,2025-12-02,airplanes-live,0,none,DOJA CONTRACTING LLC,N582MM,N582MM_2025-12-02_airplanes-live_trace_full.json.gz
N582MM,2025-12-03,airplanes-live,0,none,DOJA CONTRACTING LLC,N582MM,N582MM_2025-12-03_airplanes-live_trace_full.json.gz
N582MM,2025-12-04,airplanes-live,0,none,DOJA CONTRACTING LLC,N582MM,N582MM_2025-12-04_airplanes-live_trace_full.json.gz
N582MM,2025-12-05,airplanes-live,0,none,DOJA CONTRACTING LLC,N582MM,N582MM_2025-12-05_airplanes-live_trace_full.json.gz
N79SC,2023-05-22,airplanes-live,0,none,,N79SC,N79SC_2023-05-22_airplanes-live_trace_full.json.gz
N79SC,2023-06-07,airplanes-live,0,none,,N79SC,N79SC_2023-06-07_airplanes-live_trace_full.json.gz
N79SC,2023-06-11,airplanes-live,0,none,,N79SC,N79SC_2023-06-11_airplanes-live_trace_full.json.gz
N79SC,2023-06-16,airplanes-live,0,none,,N79SC,N79SC_2023-06-16_airplanes-live_trace_full.json.gz
N79SC,2023-06-18,airplanes-live,0,none,,N79SC,N79SC_2023-06-18_airplanes-live_trace_full.json.gz
N79SC,2023-08-09,airplanes-live,0,none,,N79SC,N79SC_2023-08-09_airplanes-live_trace_full.json.gz
N79SC,2023-08-10,airplanes-live,0,none,,N79SC,N79SC_2023-08-10_airplanes-live_trace_full.json.gz
N79SC,2023-08-14,airplanes-live,0,none,,N79SC,N79SC_2023-08-14_airplanes-live_trace_full.json.gz
N79SC,2023-08-17,airplanes-live,0,none,,N79SC,N79SC_2023-08-17_airplanes-live_trace_full.json.gz
N79SC,2023-08-18,airplanes-live,0,none,,N79SC,N79SC_2023-08-18_airplanes-live_trace_full.json.gz
N79SC,2023-09-02,airplanes-live,0,none,,N79SC,N79SC_2023-09-02_airplanes-live_trace_full.json.gz
N79SC,2023-09-06,adsb-lol,0,none,D E MAGARIN ASSET MANAGEMENT LLC,N79SC,N79SC_2023-09-06_adsb-lol_trace_full.json.gz
N79SC,2023-09-08,adsb-lol,0,none,D E MAGARIN ASSET MANAGEMENT LLC,N79SC,N79SC_2023-09-08_adsb-lol_trace_full.json.gz
N79SC,2023-09-11,adsb-lol,0,none,D E MAGARIN ASSET MANAGEMENT LLC,N79SC,N79SC_2023-09-11_adsb-lol_trace_full.json.gz
N79SC,2023-09-12,adsb-lol,0,none,D E MAGARIN ASSET MANAGEMENT LLC,N79SC,N79SC_2023-09-12_adsb-lol_trace_full.json.gz
N79SC,2023-09-14,airplanes-live,,not_in_header,,,N79SC_2023-09-14_airplanes-live_trace_full.json.gz
N79SC,2023-09-15,airplanes-live,,not_in_header,,,N79SC_2023-09-15_airplanes-live_trace_full.json.gz
N79SC,2023-09-17,airplanes-live,,not_in_header,,,N79SC_2023-09-17_airplanes-live_trace_full.json.gz
N79SC,2023-09-18,airplanes-live,,not_in_header,,,N79SC_2023-09-18_airplanes-live_trace_full.json.gz
N79SC,2023-09-19,airplanes-live,,not_in_header,,,N79SC_2023-09-19_airplanes-live_trace_full.json.gz
N79SC,2023-09-22,airplanes-live,,not_in_header,,,N79SC_2023-09-22_airplanes-live_trace_full.json.gz
N79SC,2023-09-24,airplanes-live,,not_in_header,,,N79SC_2023-09-24_airplanes-live_trace_full.json.gz
N79SC,2023-09-25,airplanes-live,,not_in_header,,,N79SC_2023-09-25_airplanes-live_trace_full.json.gz
N79SC,2023-09-26,airplanes-live,,not_in_header,,,N79SC_2023-09-26_airplanes-live_trace_full.json.gz
N79SC,2023-09-28,airplanes-live,,not_in_header,,,N79SC_2023-09-28_airplanes-live_trace_full.json.gz
N79SC,2023-09-29,airplanes-live,,not_in_header,,,N79SC_2023-09-29_airplanes-live_trace_full.json.gz
N79SC,2023-09-30,airplanes-live,,not_in_header,,,N79SC_2023-09-30_airplanes-live_trace_full.json.gz
N79SC,2023-10-01,airplanes-live,,not_in_header,,,N79SC_2023-10-01_airplanes-live_trace_full.json.gz
N79SC,2023-10-02,airplanes-live,,not_in_header,,,N79SC_2023-10-02_airplanes-live_trace_full.json.gz
N79SC,2023-10-03,airplanes-live,,not_in_header,,,N79SC_2023-10-03_airplanes-live_trace_full.json.gz
N79SC,2023-10-04,airplanes-live,0,none,D E MAGARIN ASSET MANAGEMENT LLC,N79SC,N79SC_2023-10-04_airplanes-live_trace_full.json.gz
N79SC,2023-10-05,airplanes-live,0,none,D E MAGARIN ASSET MANAGEMENT LLC,N79SC,N79SC_2023-10-05_airplanes-live_trace_full.json.gz
N79SC,2023-10-13,airplanes-live,0,none,D E MAGARIN ASSET MANAGEMENT LLC,N79SC,N79SC_2023-10-13_airplanes-live_trace_full.json.gz
N79SC,2023-10-15,airplanes-live,0,none,D E MAGARIN ASSET MANAGEMENT LLC,N79SC,N79SC_2023-10-15_airplanes-live_trace_full.json.gz
N79SC,2023-10-16,airplanes-live,0,none,D E MAGARIN ASSET MANAGEMENT LLC,N79SC,N79SC_2023-10-16_airplanes-live_trace_full.json.gz
N79SC,2023-10-17,airplanes-live,0,none,D E MAGARIN ASSET MANAGEMENT LLC,N79SC,N79SC_2023-10-17_airplanes-live_trace_full.json.gz
N79SC,2023-10-18,airplanes-live,0,none,D E MAGARIN ASSET MANAGEMENT LLC,N79SC,N79SC_2023-10-18_airplanes-live_trace_full.json.gz
N79SC,2023-10-19,airplanes-live,0,none,D E MAGARIN ASSET MANAGEMENT LLC,N79SC,N79SC_2023-10-19_airplanes-live_trace_full.json.gz
N79SC,2023-10-20,airplanes-live,0,none,D E MAGARIN ASSET MANAGEMENT LLC,N79SC,N79SC_2023-10-20_airplanes-live_trace_full.json.gz
N79SC,2023-10-23,airplanes-live,0,none,D E MAGARIN ASSET MANAGEMENT LLC,N79SC,N79SC_2023-10-23_airplanes-live_trace_full.json.gz
N79SC,2023-10-24,airplanes-live,0,none,D E MAGARIN ASSET MANAGEMENT LLC,N79SC,N79SC_2023-10-24_airplanes-live_trace_full.json.gz
N79SC,2023-10-25,airplanes-live,0,none,D E MAGARIN ASSET MANAGEMENT LLC,N79SC,N79SC_2023-10-25_airplanes-live_trace_full.json.gz
N79SC,2023-10-26,airplanes-live,0,none,D E MAGARIN ASSET MANAGEMENT LLC,N79SC,N79SC_2023-10-26_airplanes-live_trace_full.json.gz
N79SC,2023-10-27,airplanes-live,0,none,D E MAGARIN ASSET MANAGEMENT LLC,N79SC,N79SC_2023-10-27_airplanes-live_trace_full.json.gz
N79SC,2023-10-28,airplanes-live,0,none,D E MAGARIN ASSET MANAGEMENT LLC,N79SC,N79SC_2023-10-28_airplanes-live_trace_full.json.gz
N79SC,2023-10-29,airplanes-live,0,none,D E MAGARIN ASSET MANAGEMENT LLC,N79SC,N79SC_2023-10-29_airplanes-live_trace_full.json.gz
N79SC,2023-10-30,airplanes-live,0,none,D E MAGARIN ASSET MANAGEMENT LLC,N79SC,N79SC_2023-10-30_airplanes-live_trace_full.json.gz
N79SC,2023-11-01,airplanes-live,0,none,D E MAGARIN ASSET MANAGEMENT LLC,N79SC,N79SC_2023-11-01_airplanes-live_trace_full.json.gz
N79SC,2023-11-02,airplanes-live,0,none,D E MAGARIN ASSET MANAGEMENT LLC,N79SC,N79SC_2023-11-02_airplanes-live_trace_full.json.gz
N79SC,2023-11-03,airplanes-live,0,none,D E MAGARIN ASSET MANAGEMENT LLC,N79SC,N79SC_2023-11-03_airplanes-live_trace_full.json.gz
N79SC,2023-11-12,airplanes-live,0,none,D E MAGARIN ASSET MANAGEMENT LLC,N79SC,N79SC_2023-11-12_airplanes-live_trace_full.json.gz
N79SC,2023-11-13,airplanes-live,0,none,D E MAGARIN ASSET MANAGEMENT LLC,N79SC,N79SC_2023-11-13_airplanes-live_trace_full.json.gz
N79SC,2023-11-14,airplanes-live,0,none,D E MAGARIN ASSET MANAGEMENT LLC,N79SC,N79SC_2023-11-14_airplanes-live_trace_full.json.gz
N79SC,2023-11-15,airplanes-live,0,none,D E MAGARIN ASSET MANAGEMENT LLC,N79SC,N79SC_2023-11-15_airplanes-live_trace_full.json.gz
N79SC,2023-11-16,airplanes-live,0,none,D E MAGARIN ASSET MANAGEMENT LLC,N79SC,N79SC_2023-11-16_airplanes-live_trace_full.json.gz
N79SC,2023-11-17,airplanes-live,0,none,D E MAGARIN ASSET MANAGEMENT LLC,N79SC,N79SC_2023-11-17_airplanes-live_trace_full.json.gz
N79SC,2023-11-18,airplanes-live,0,none,D E MAGARIN ASSET MANAGEMENT LLC,N79SC,N79SC_2023-11-18_airplanes-live_trace_full.json.gz
N79SC,2023-11-19,airplanes-live,0,none,D E MAGARIN ASSET MANAGEMENT LLC,N79SC,N79SC_2023-11-19_airplanes-live_trace_full.json.gz
N79SC,2023-11-20,airplanes-live,0,none,D E MAGARIN ASSET MANAGEMENT LLC,N79SC,N79SC_2023-11-20_airplanes-live_trace_full.json.gz
N79SC,2023-11-27,airplanes-live,0,none,D E MAGARIN ASSET MANAGEMENT LLC,N79SC,N79SC_2023-11-27_airplanes-live_trace_full.json.gz
N79SC,2023-11-28,airplanes-live,0,none,D E MAGARIN ASSET MANAGEMENT LLC,N79SC,N79SC_2023-11-28_airplanes-live_trace_full.json.gz
N79SC,2023-11-29,airplanes-live,0,none,D E MAGARIN ASSET MANAGEMENT LLC,N79SC,N79SC_2023-11-29_airplanes-live_trace_full.json.gz
N79SC,2023-12-01,airplanes-live,0,none,D E MAGARIN ASSET MANAGEMENT LLC,N79SC,N79SC_2023-12-01_airplanes-live_trace_full.json.gz
N79SC,2023-12-02,airplanes-live,0,none,D E MAGARIN ASSET MANAGEMENT LLC,N79SC,N79SC_2023-12-02_airplanes-live_trace_full.json.gz
N79SC,2023-12-04,airplanes-live,0,none,D E MAGARIN ASSET MANAGEMENT LLC,N79SC,N79SC_2023-12-04_airplanes-live_trace_full.json.gz
N79SC,2023-12-05,airplanes-live,0,none,D E MAGARIN ASSET MANAGEMENT LLC,N79SC,N79SC_2023-12-05_airplanes-live_trace_full.json.gz
N79SC,2023-12-09,airplanes-live,0,none,D E MAGARIN ASSET MANAGEMENT LLC,N79SC,N79SC_2023-12-09_airplanes-live_trace_full.json.gz
N79SC,2023-12-11,airplanes-live,0,none,D E MAGARIN ASSET MANAGEMENT LLC,N79SC,N79SC_2023-12-11_airplanes-live_trace_full.json.gz
N79SC,2023-12-13,airplanes-live,0,none,D E MAGARIN ASSET MANAGEMENT LLC,N79SC,N79SC_2023-12-13_airplanes-live_trace_full.json.gz
N79SC,2023-12-14,airplanes-live,0,none,D E MAGARIN ASSET MANAGEMENT LLC,N79SC,N79SC_2023-12-14_airplanes-live_trace_full.json.gz
N79SC,2023-12-15,airplanes-live,0,none,D E MAGARIN ASSET MANAGEMENT LLC,N79SC,N79SC_2023-12-15_airplanes-live_trace_full.json.gz
N79SC,2023-12-16,airplanes-live,0,none,D E MAGARIN ASSET MANAGEMENT LLC,N79SC,N79SC_2023-12-16_airplanes-live_trace_full.json.gz
N79SC,2023-12-17,airplanes-live,0,none,D E MAGARIN ASSET MANAGEMENT LLC,N79SC,N79SC_2023-12-17_airplanes-live_trace_full.json.gz
N79SC,2023-12-19,airplanes-live,0,none,D E MAGARIN ASSET MANAGEMENT LLC,N79SC,N79SC_2023-12-19_airplanes-live_trace_full.json.gz
N79SC,2023-12-20,airplanes-live,0,none,D E MAGARIN ASSET MANAGEMENT LLC,N79SC,N79SC_2023-12-20_airplanes-live_trace_full.json.gz
N79SC,2023-12-21,airplanes-live,0,none,D E MAGARIN ASSET MANAGEMENT LLC,N79SC,N79SC_2023-12-21_airplanes-live_trace_full.json.gz
N79SC,2023-12-22,airplanes-live,0,none,D E MAGARIN ASSET MANAGEMENT LLC,N79SC,N79SC_2023-12-22_airplanes-live_trace_full.json.gz
N79SC,2023-12-27,airplanes-live,0,none,D E MAGARIN ASSET MANAGEMENT LLC,N79SC,N79SC_2023-12-27_airplanes-live_trace_full.json.gz
N79SC,2023-12-28,airplanes-live,0,none,D E MAGARIN ASSET MANAGEMENT LLC,N79SC,N79SC_2023-12-28_airplanes-live_trace_full.json.gz
N79SC,2023-12-29,airplanes-live,0,none,D E MAGARIN ASSET MANAGEMENT LLC,N79SC,N79SC_2023-12-29_airplanes-live_trace_full.json.gz
N79SC,2023-12-30,airplanes-live,0,none,D E MAGARIN ASSET MANAGEMENT LLC,N79SC,N79SC_2023-12-30_airplanes-live_trace_full.json.gz
N79SC,2023-12-31,airplanes-live,0,none,D E MAGARIN ASSET MANAGEMENT LLC,N79SC,N79SC_2023-12-31_airplanes-live_trace_full.json.gz
N79SC,2024-01-02,airplanes-live,0,none,D E MAGARIN ASSET MANAGEMENT LLC,N79SC,N79SC_2024-01-02_airplanes-live_trace_full.json.gz
N79SC,2024-01-03,airplanes-live,0,none,D E MAGARIN ASSET MANAGEMENT LLC,N79SC,N79SC_2024-01-03_airplanes-live_trace_full.json.gz
N79SC,2024-01-04,airplanes-live,0,none,D E MAGARIN ASSET MANAGEMENT LLC,N79SC,N79SC_2024-01-04_airplanes-live_trace_full.json.gz
N79SC,2024-01-06,airplanes-live,0,none,D E MAGARIN ASSET MANAGEMENT LLC,N79SC,N79SC_2024-01-06_airplanes-live_trace_full.json.gz
N79SC,2024-01-07,airplanes-live,0,none,D E MAGARIN ASSET MANAGEMENT LLC,N79SC,N79SC_2024-01-07_airplanes-live_trace_full.json.gz
N79SC,2024-01-08,airplanes-live,0,none,D E MAGARIN ASSET MANAGEMENT LLC,N79SC,N79SC_2024-01-08_airplanes-live_trace_full.json.gz
N79SC,2024-01-12,airplanes-live,0,none,D E MAGARIN ASSET MANAGEMENT LLC,N79SC,N79SC_2024-01-12_airplanes-live_trace_full.json.gz
N79SC,2024-01-13,airplanes-live,0,none,D E MAGARIN ASSET MANAGEMENT LLC,N79SC,N79SC_2024-01-13_airplanes-live_trace_full.json.gz
N79SC,2024-01-14,airplanes-live,0,none,D E MAGARIN ASSET MANAGEMENT LLC,N79SC,N79SC_2024-01-14_airplanes-live_trace_full.json.gz
N79SC,2024-01-15,airplanes-live,0,none,D E MAGARIN ASSET MANAGEMENT LLC,N79SC,N79SC_2024-01-15_airplanes-live_trace_full.json.gz
N79SC,2024-01-16,airplanes-live,0,none,D E MAGARIN ASSET MANAGEMENT LLC,N79SC,N79SC_2024-01-16_airplanes-live_trace_full.json.gz
N79SC,2024-01-17,airplanes-live,0,none,D E MAGARIN ASSET MANAGEMENT LLC,N79SC,N79SC_2024-01-17_airplanes-live_trace_full.json.gz
N79SC,2024-01-18,airplanes-live,0,none,D E MAGARIN ASSET MANAGEMENT LLC,N79SC,N79SC_2024-01-18_airplanes-live_trace_full.json.gz
N79SC,2024-01-19,airplanes-live,0,none,D E MAGARIN ASSET MANAGEMENT LLC,N79SC,N79SC_2024-01-19_airplanes-live_trace_full.json.gz
N79SC,2024-01-20,airplanes-live,0,none,D E MAGARIN ASSET MANAGEMENT LLC,N79SC,N79SC_2024-01-20_airplanes-live_trace_full.json.gz
N79SC,2024-01-21,airplanes-live,0,none,D E MAGARIN ASSET MANAGEMENT LLC,N79SC,N79SC_2024-01-21_airplanes-live_trace_full.json.gz
N79SC,2024-01-23,airplanes-live,0,none,D E MAGARIN ASSET MANAGEMENT LLC,N79SC,N79SC_2024-01-23_airplanes-live_trace_full.json.gz
N79SC,2024-01-24,airplanes-live,0,none,D E MAGARIN ASSET MANAGEMENT LLC,N79SC,N79SC_2024-01-24_airplanes-live_trace_full.json.gz
N79SC,2024-01-27,airplanes-live,0,none,D E MAGARIN ASSET MANAGEMENT LLC,N79SC,N79SC_2024-01-27_airplanes-live_trace_full.json.gz
N79SC,2024-01-28,airplanes-live,0,none,D E MAGARIN ASSET MANAGEMENT LLC,N79SC,N79SC_2024-01-28_airplanes-live_trace_full.json.gz
N79SC,2024-01-29,airplanes-live,0,none,D E MAGARIN ASSET MANAGEMENT LLC,N79SC,N79SC_2024-01-29_airplanes-live_trace_full.json.gz
N79SC,2024-01-30,airplanes-live,0,none,D E MAGARIN ASSET MANAGEMENT LLC,N79SC,N79SC_2024-01-30_airplanes-live_trace_full.json.gz
N79SC,2024-01-31,airplanes-live,0,none,D E MAGARIN ASSET MANAGEMENT LLC,N79SC,N79SC_2024-01-31_airplanes-live_trace_full.json.gz
N79SC,2024-02-01,airplanes-live,0,none,D E MAGARIN ASSET MANAGEMENT LLC,N79SC,N79SC_2024-02-01_airplanes-live_trace_full.json.gz
N79SC,2024-02-02,airplanes-live,0,none,D E MAGARIN ASSET MANAGEMENT LLC,N79SC,N79SC_2024-02-02_airplanes-live_trace_full.json.gz
N79SC,2024-02-03,airplanes-live,0,none,D E MAGARIN ASSET MANAGEMENT LLC,N79SC,N79SC_2024-02-03_airplanes-live_trace_full.json.gz
N79SC,2024-02-08,airplanes-live,0,none,D E MAGARIN ASSET MANAGEMENT LLC,N79SC,N79SC_2024-02-08_airplanes-live_trace_full.json.gz
N79SC,2024-02-09,airplanes-live,0,none,D E MAGARIN ASSET MANAGEMENT LLC,N79SC,N79SC_2024-02-09_airplanes-live_trace_full.json.gz
N79SC,2024-02-11,airplanes-live,0,none,D E MAGARIN ASSET MANAGEMENT LLC,N79SC,N79SC_2024-02-11_airplanes-live_trace_full.json.gz
N79SC,2024-02-12,airplanes-live,0,none,D E MAGARIN ASSET MANAGEMENT LLC,N79SC,N79SC_2024-02-12_airplanes-live_trace_full.json.gz
N79SC,2024-02-13,airplanes-live,0,none,D E MAGARIN ASSET MANAGEMENT LLC,N79SC,N79SC_2024-02-13_airplanes-live_trace_full.json.gz
N79SC,2024-02-14,airplanes-live,0,none,D E MAGARIN ASSET MANAGEMENT LLC,N79SC,N79SC_2024-02-14_airplanes-live_trace_full.json.gz
N79SC,2024-02-15,airplanes-live,0,none,D E MAGARIN ASSET MANAGEMENT LLC,N79SC,N79SC_2024-02-15_airplanes-live_trace_full.json.gz
N79SC,2024-02-16,airplanes-live,0,none,D E MAGARIN ASSET MANAGEMENT LLC,N79SC,N79SC_2024-02-16_airplanes-live_trace_full.json.gz
N79SC,2024-02-19,airplanes-live,0,none,D E MAGARIN ASSET MANAGEMENT LLC,N79SC,N79SC_2024-02-19_airplanes-live_trace_full.json.gz
N79SC,2024-02-20,airplanes-live,0,none,D E MAGARIN ASSET MANAGEMENT LLC,N79SC,N79SC_2024-02-20_airplanes-live_trace_full.json.gz
N79SC,2024-02-21,airplanes-live,0,none,D E MAGARIN ASSET MANAGEMENT LLC,N79SC,N79SC_2024-02-21_airplanes-live_trace_full.json.gz
N79SC,2024-02-22,airplanes-live,0,none,D E MAGARIN ASSET MANAGEMENT LLC,N79SC,N79SC_2024-02-22_airplanes-live_trace_full.json.gz
N79SC,2024-02-23,airplanes-live,0,none,D E MAGARIN ASSET MANAGEMENT LLC,N79SC,N79SC_2024-02-23_airplanes-live_trace_full.json.gz
N79SC,2024-02-24,airplanes-live,0,none,D E MAGARIN ASSET MANAGEMENT LLC,N79SC,N79SC_2024-02-24_airplanes-live_trace_full.json.gz
N79SC,2024-02-25,airplanes-live,0,none,D E MAGARIN ASSET MANAGEMENT LLC,N79SC,N79SC_2024-02-25_airplanes-live_trace_full.json.gz
N79SC,2024-02-29,airplanes-live,0,none,D E MAGARIN ASSET MANAGEMENT LLC,N79SC,N79SC_2024-02-29_airplanes-live_trace_full.json.gz
N79SC,2024-03-02,airplanes-live,0,none,D E MAGARIN ASSET MANAGEMENT LLC,N79SC,N79SC_2024-03-02_airplanes-live_trace_full.json.gz
N79SC,2024-03-04,airplanes-live,0,none,D E MAGARIN ASSET MANAGEMENT LLC,N79SC,N79SC_2024-03-04_airplanes-live_trace_full.json.gz
N79SC,2024-03-05,airplanes-live,0,none,D E MAGARIN ASSET MANAGEMENT LLC,N79SC,N79SC_2024-03-05_airplanes-live_trace_full.json.gz
N79SC,2024-03-06,airplanes-live,0,none,D E MAGARIN ASSET MANAGEMENT LLC,N79SC,N79SC_2024-03-06_airplanes-live_trace_full.json.gz
N79SC,2024-03-07,airplanes-live,0,none,D E MAGARIN ASSET MANAGEMENT LLC,N79SC,N79SC_2024-03-07_airplanes-live_trace_full.json.gz
N79SC,2024-03-08,airplanes-live,0,none,D E MAGARIN ASSET MANAGEMENT LLC,N79SC,N79SC_2024-03-08_airplanes-live_trace_full.json.gz
N79SC,2024-03-10,airplanes-live,0,none,D E MAGARIN ASSET MANAGEMENT LLC,N79SC,N79SC_2024-03-10_airplanes-live_trace_full.json.gz
N79SC,2024-03-11,airplanes-live,0,none,D E MAGARIN ASSET MANAGEMENT LLC,N79SC,N79SC_2024-03-11_airplanes-live_trace_full.json.gz
N79SC,2024-03-12,airplanes-live,0,none,D E MAGARIN ASSET MANAGEMENT LLC,N79SC,N79SC_2024-03-12_airplanes-live_trace_full.json.gz
N79SC,2024-03-17,airplanes-live,0,none,D E MAGARIN ASSET MANAGEMENT LLC,N79SC,N79SC_2024-03-17_airplanes-live_trace_full.json.gz
N79SC,2024-03-18,airplanes-live,0,none,D E MAGARIN ASSET MANAGEMENT LLC,N79SC,N79SC_2024-03-18_airplanes-live_trace_full.json.gz
N79SC,2024-03-19,airplanes-live,0,none,D E MAGARIN ASSET MANAGEMENT LLC,N79SC,N79SC_2024-03-19_airplanes-live_trace_full.json.gz
N79SC,2024-03-20,airplanes-live,0,none,D E MAGARIN ASSET MANAGEMENT LLC,N79SC,N79SC_2024-03-20_airplanes-live_trace_full.json.gz
N79SC,2024-03-21,airplanes-live,0,none,D E MAGARIN ASSET MANAGEMENT LLC,N79SC,N79SC_2024-03-21_airplanes-live_trace_full.json.gz
N79SC,2024-03-22,airplanes-live,0,none,D E MAGARIN ASSET MANAGEMENT LLC,N79SC,N79SC_2024-03-22_airplanes-live_trace_full.json.gz
N79SC,2024-03-23,airplanes-live,0,none,D E MAGARIN ASSET MANAGEMENT LLC,N79SC,N79SC_2024-03-23_airplanes-live_trace_full.json.gz
N79SC,2024-03-24,airplanes-live,0,none,D E MAGARIN ASSET MANAGEMENT LLC,N79SC,N79SC_2024-03-24_airplanes-live_trace_full.json.gz
N79SC,2024-03-25,airplanes-live,0,none,D E MAGARIN ASSET MANAGEMENT LLC,N79SC,N79SC_2024-03-25_airplanes-live_trace_full.json.gz
N79SC,2024-03-26,airplanes-live,0,none,D E MAGARIN ASSET MANAGEMENT LLC,N79SC,N79SC_2024-03-26_airplanes-live_trace_full.json.gz
N79SC,2024-03-27,airplanes-live,0,none,D E MAGARIN ASSET MANAGEMENT LLC,N79SC,N79SC_2024-03-27_airplanes-live_trace_full.json.gz
N79SC,2024-03-28,airplanes-live,0,none,D E MAGARIN ASSET MANAGEMENT LLC,N79SC,N79SC_2024-03-28_airplanes-live_trace_full.json.gz
N79SC,2024-03-30,airplanes-live,0,none,D E MAGARIN ASSET MANAGEMENT LLC,N79SC,N79SC_2024-03-30_airplanes-live_trace_full.json.gz
N79SC,2024-03-31,airplanes-live,0,none,D E MAGARIN ASSET MANAGEMENT LLC,N79SC,N79SC_2024-03-31_airplanes-live_trace_full.json.gz
N79SC,2024-04-01,airplanes-live,0,none,D E MAGARIN ASSET MANAGEMENT LLC,N79SC,N79SC_2024-04-01_airplanes-live_trace_full.json.gz
N79SC,2024-04-05,airplanes-live,0,none,D E MAGARIN ASSET MANAGEMENT LLC,N79SC,N79SC_2024-04-05_airplanes-live_trace_full.json.gz
N79SC,2024-04-07,airplanes-live,0,none,D E MAGARIN ASSET MANAGEMENT LLC,N79SC,N79SC_2024-04-07_airplanes-live_trace_full.json.gz
N79SC,2024-04-08,airplanes-live,0,none,D E MAGARIN ASSET MANAGEMENT LLC,N79SC,N79SC_2024-04-08_airplanes-live_trace_full.json.gz
N79SC,2024-04-09,airplanes-live,0,none,D E MAGARIN ASSET MANAGEMENT LLC,N79SC,N79SC_2024-04-09_airplanes-live_trace_full.json.gz
N79SC,2024-04-10,airplanes-live,0,none,D E MAGARIN ASSET MANAGEMENT LLC,N79SC,N79SC_2024-04-10_airplanes-live_trace_full.json.gz
N79SC,2024-04-11,airplanes-live,0,none,D E MAGARIN ASSET MANAGEMENT LLC,N79SC,N79SC_2024-04-11_airplanes-live_trace_full.json.gz
N79SC,2024-04-12,airplanes-live,0,none,D E MAGARIN ASSET MANAGEMENT LLC,N79SC,N79SC_2024-04-12_airplanes-live_trace_full.json.gz
N79SC,2024-04-18,airplanes-live,0,none,D E MAGARIN ASSET MANAGEMENT LLC,N79SC,N79SC_2024-04-18_airplanes-live_trace_full.json.gz
N79SC,2024-04-19,airplanes-live,0,none,D E MAGARIN ASSET MANAGEMENT LLC,N79SC,N79SC_2024-04-19_airplanes-live_trace_full.json.gz
N79SC,2024-04-20,airplanes-live,0,none,D E MAGARIN ASSET MANAGEMENT LLC,N79SC,N79SC_2024-04-20_airplanes-live_trace_full.json.gz
N79SC,2024-04-24,airplanes-live,0,none,D E MAGARIN ASSET MANAGEMENT LLC,N79SC,N79SC_2024-04-24_airplanes-live_trace_full.json.gz
N79SC,2024-04-25,airplanes-live,0,none,D E MAGARIN ASSET MANAGEMENT LLC,N79SC,N79SC_2024-04-25_airplanes-live_trace_full.json.gz
N79SC,2024-04-26,airplanes-live,0,none,D E MAGARIN ASSET MANAGEMENT LLC,N79SC,N79SC_2024-04-26_airplanes-live_trace_full.json.gz
N79SC,2024-04-27,airplanes-live,0,none,D E MAGARIN ASSET MANAGEMENT LLC,N79SC,N79SC_2024-04-27_airplanes-live_trace_full.json.gz
N79SC,2024-04-28,airplanes-live,0,none,D E MAGARIN ASSET MANAGEMENT LLC,N79SC,N79SC_2024-04-28_airplanes-live_trace_full.json.gz
N79SC,2024-04-29,airplanes-live,0,none,D E MAGARIN ASSET MANAGEMENT LLC,N79SC,N79SC_2024-04-29_airplanes-live_trace_full.json.gz
N79SC,2024-04-30,airplanes-live,0,none,D E MAGARIN ASSET MANAGEMENT LLC,N79SC,N79SC_2024-04-30_airplanes-live_trace_full.json.gz
N79SC,2024-05-01,airplanes-live,0,none,D E MAGARIN ASSET MANAGEMENT LLC,N79SC,N79SC_2024-05-01_airplanes-live_trace_full.json.gz
N79SC,2024-05-03,airplanes-live,0,none,D E MAGARIN ASSET MANAGEMENT LLC,N79SC,N79SC_2024-05-03_airplanes-live_trace_full.json.gz
N79SC,2024-05-04,airplanes-live,0,none,D E MAGARIN ASSET MANAGEMENT LLC,N79SC,N79SC_2024-05-04_airplanes-live_trace_full.json.gz
N79SC,2024-05-05,airplanes-live,0,none,D E MAGARIN ASSET MANAGEMENT LLC,N79SC,N79SC_2024-05-05_airplanes-live_trace_full.json.gz
N79SC,2024-05-06,airplanes-live,0,none,D E MAGARIN ASSET MANAGEMENT LLC,N79SC,N79SC_2024-05-06_airplanes-live_trace_full.json.gz
N79SC,2024-05-07,airplanes-live,0,none,D E MAGARIN ASSET MANAGEMENT LLC,N79SC,N79SC_2024-05-07_airplanes-live_trace_full.json.gz
N79SC,2024-05-08,airplanes-live,0,none,D E MAGARIN ASSET MANAGEMENT LLC,N79SC,N79SC_2024-05-08_airplanes-live_trace_full.json.gz
N79SC,2024-05-10,airplanes-live,0,none,D E MAGARIN ASSET MANAGEMENT LLC,N79SC,N79SC_2024-05-10_airplanes-live_trace_full.json.gz
N79SC,2024-05-11,airplanes-live,0,none,D E MAGARIN ASSET MANAGEMENT LLC,N79SC,N79SC_2024-05-11_airplanes-live_trace_full.json.gz
N79SC,2024-05-12,airplanes-live,0,none,D E MAGARIN ASSET MANAGEMENT LLC,N79SC,N79SC_2024-05-12_airplanes-live_trace_full.json.gz
N79SC,2024-05-13,airplanes-live,0,none,D E MAGARIN ASSET MANAGEMENT LLC,N79SC,N79SC_2024-05-13_airplanes-live_trace_full.json.gz
N79SC,2024-05-14,airplanes-live,0,none,D E MAGARIN ASSET MANAGEMENT LLC,N79SC,N79SC_2024-05-14_airplanes-live_trace_full.json.gz
N79SC,2024-05-15,airplanes-live,0,none,D E MAGARIN ASSET MANAGEMENT LLC,N79SC,N79SC_2024-05-15_airplanes-live_trace_full.json.gz
N79SC,2024-05-16,airplanes-live,0,none,D E MAGARIN ASSET MANAGEMENT LLC,N79SC,N79SC_2024-05-16_airplanes-live_trace_full.json.gz
N79SC,2024-05-18,airplanes-live,0,none,D E MAGARIN ASSET MANAGEMENT LLC,N79SC,N79SC_2024-05-18_airplanes-live_trace_full.json.gz
N79SC,2024-05-19,airplanes-live,0,none,D E MAGARIN ASSET MANAGEMENT LLC,N79SC,N79SC_2024-05-19_airplanes-live_trace_full.json.gz
N79SC,2024-05-20,airplanes-live,0,none,D E MAGARIN ASSET MANAGEMENT LLC,N79SC,N79SC_2024-05-20_airplanes-live_trace_full.json.gz
N79SC,2024-05-21,airplanes-live,0,none,D E MAGARIN ASSET MANAGEMENT LLC,N79SC,N79SC_2024-05-21_airplanes-live_trace_full.json.gz
N79SC,2024-05-22,airplanes-live,0,none,D E MAGARIN ASSET MANAGEMENT LLC,N79SC,N79SC_2024-05-22_airplanes-live_trace_full.json.gz
N79SC,2024-05-23,airplanes-live,0,none,D E MAGARIN ASSET MANAGEMENT LLC,N79SC,N79SC_2024-05-23_airplanes-live_trace_full.json.gz
N79SC,2024-05-24,airplanes-live,0,none,D E MAGARIN ASSET MANAGEMENT LLC,N79SC,N79SC_2024-05-24_airplanes-live_trace_full.json.gz
N79SC,2024-05-25,airplanes-live,0,none,D E MAGARIN ASSET MANAGEMENT LLC,N79SC,N79SC_2024-05-25_airplanes-live_trace_full.json.gz
N79SC,2024-05-26,airplanes-live,0,none,D E MAGARIN ASSET MANAGEMENT LLC,N79SC,N79SC_2024-05-26_airplanes-live_trace_full.json.gz
N79SC,2024-05-28,airplanes-live,0,none,D E MAGARIN ASSET MANAGEMENT LLC,N79SC,N79SC_2024-05-28_airplanes-live_trace_full.json.gz
N79SC,2024-05-29,airplanes-live,0,none,D E MAGARIN ASSET MANAGEMENT LLC,N79SC,N79SC_2024-05-29_airplanes-live_trace_full.json.gz
N79SC,2024-05-30,airplanes-live,0,none,D E MAGARIN ASSET MANAGEMENT LLC,N79SC,N79SC_2024-05-30_airplanes-live_trace_full.json.gz
N79SC,2024-05-31,airplanes-live,0,none,D E MAGARIN ASSET MANAGEMENT LLC,N79SC,N79SC_2024-05-31_airplanes-live_trace_full.json.gz
N79SC,2024-06-05,airplanes-live,0,none,D E MAGARIN ASSET MANAGEMENT LLC,N79SC,N79SC_2024-06-05_airplanes-live_trace_full.json.gz
N79SC,2024-06-07,airplanes-live,0,none,D E MAGARIN ASSET MANAGEMENT LLC,N79SC,N79SC_2024-06-07_airplanes-live_trace_full.json.gz
N79SC,2024-06-08,airplanes-live,0,none,D E MAGARIN ASSET MANAGEMENT LLC,N79SC,N79SC_2024-06-08_airplanes-live_trace_full.json.gz
N79SC,2024-06-09,airplanes-live,0,none,D E MAGARIN ASSET MANAGEMENT LLC,N79SC,N79SC_2024-06-09_airplanes-live_trace_full.json.gz
N79SC,2024-06-12,airplanes-live,0,none,D E MAGARIN ASSET MANAGEMENT LLC,N79SC,N79SC_2024-06-12_airplanes-live_trace_full.json.gz
N79SC,2024-06-13,airplanes-live,0,none,D E MAGARIN ASSET MANAGEMENT LLC,N79SC,N79SC_2024-06-13_airplanes-live_trace_full.json.gz
N79SC,2024-06-14,airplanes-live,0,none,D E MAGARIN ASSET MANAGEMENT LLC,N79SC,N79SC_2024-06-14_airplanes-live_trace_full.json.gz
N79SC,2024-06-15,airplanes-live,0,none,D E MAGARIN ASSET MANAGEMENT LLC,N79SC,N79SC_2024-06-15_airplanes-live_trace_full.json.gz
N79SC,2024-06-24,airplanes-live,0,none,D E MAGARIN ASSET MANAGEMENT LLC,N79SC,N79SC_2024-06-24_airplanes-live_trace_full.json.gz
N79SC,2024-06-26,airplanes-live,0,none,D E MAGARIN ASSET MANAGEMENT LLC,N79SC,N79SC_2024-06-26_airplanes-live_trace_full.json.gz
N79SC,2024-06-28,airplanes-live,0,none,D E MAGARIN ASSET MANAGEMENT LLC,N79SC,N79SC_2024-06-28_airplanes-live_trace_full.json.gz
N79SC,2024-06-29,airplanes-live,0,none,D E MAGARIN ASSET MANAGEMENT LLC,N79SC,N79SC_2024-06-29_airplanes-live_trace_full.json.gz
N79SC,2024-06-30,airplanes-live,0,none,D E MAGARIN ASSET MANAGEMENT LLC,N79SC,N79SC_2024-06-30_airplanes-live_trace_full.json.gz
N79SC,2024-07-01,airplanes-live,0,none,D E MAGARIN ASSET MANAGEMENT LLC,N79SC,N79SC_2024-07-01_airplanes-live_trace_full.json.gz
N79SC,2024-07-03,airplanes-live,0,none,D E MAGARIN ASSET MANAGEMENT LLC,N79SC,N79SC_2024-07-03_airplanes-live_trace_full.json.gz
N79SC,2024-07-04,airplanes-live,0,none,D E MAGARIN ASSET MANAGEMENT LLC,N79SC,N79SC_2024-07-04_airplanes-live_trace_full.json.gz
N79SC,2024-07-05,airplanes-live,0,none,D E MAGARIN ASSET MANAGEMENT LLC,N79SC,N79SC_2024-07-05_airplanes-live_trace_full.json.gz
N79SC,2024-07-08,airplanes-live,0,none,D E MAGARIN ASSET MANAGEMENT LLC,N79SC,N79SC_2024-07-08_airplanes-live_trace_full.json.gz
N79SC,2024-07-09,airplanes-live,0,none,D E MAGARIN ASSET MANAGEMENT LLC,N79SC,N79SC_2024-07-09_airplanes-live_trace_full.json.gz
N79SC,2024-07-12,airplanes-live,0,none,D E MAGARIN ASSET MANAGEMENT LLC,N79SC,N79SC_2024-07-12_airplanes-live_trace_full.json.gz
N79SC,2024-07-13,airplanes-live,0,none,D E MAGARIN ASSET MANAGEMENT LLC,N79SC,N79SC_2024-07-13_airplanes-live_trace_full.json.gz
N79SC,2024-07-14,airplanes-live,0,none,D E MAGARIN ASSET MANAGEMENT LLC,N79SC,N79SC_2024-07-14_airplanes-live_trace_full.json.gz
N79SC,2024-08-06,airplanes-live,0,none,D E MAGARIN ASSET MANAGEMENT LLC,N79SC,N79SC_2024-08-06_airplanes-live_trace_full.json.gz
N79SC,2024-08-07,airplanes-live,0,none,D E MAGARIN ASSET MANAGEMENT LLC,N79SC,N79SC_2024-08-07_airplanes-live_trace_full.json.gz
N79SC,2024-08-14,airplanes-live,0,none,D E MAGARIN ASSET MANAGEMENT LLC,N79SC,N79SC_2024-08-14_airplanes-live_trace_full.json.gz
N79SC,2024-08-15,airplanes-live,0,none,D E MAGARIN ASSET MANAGEMENT LLC,N79SC,N79SC_2024-08-15_airplanes-live_trace_full.json.gz
N79SC,2024-08-16,airplanes-live,0,none,D E MAGARIN ASSET MANAGEMENT LLC,N79SC,N79SC_2024-08-16_airplanes-live_trace_full.json.gz
N79SC,2024-09-01,airplanes-live,0,none,D E MAGARIN ASSET MANAGEMENT LLC,N79SC,N79SC_2024-09-01_airplanes-live_trace_full.json.gz
N79SC,2024-09-02,airplanes-live,0,none,D E MAGARIN ASSET MANAGEMENT LLC,N79SC,N79SC_2024-09-02_airplanes-live_trace_full.json.gz
N79SC,2024-09-03,airplanes-live,0,none,D E MAGARIN ASSET MANAGEMENT LLC,N79SC,N79SC_2024-09-03_airplanes-live_trace_full.json.gz
N79SC,2024-09-16,airplanes-live,0,none,D E MAGARIN ASSET MANAGEMENT LLC,N79SC,N79SC_2024-09-16_airplanes-live_trace_full.json.gz
N79SC,2024-09-25,airplanes-live,0,none,D E MAGARIN ASSET MANAGEMENT LLC,N79SC,N79SC_2024-09-25_airplanes-live_trace_full.json.gz
N79SC,2024-09-26,airplanes-live,0,none,D E MAGARIN ASSET MANAGEMENT LLC,N79SC,N79SC_2024-09-26_airplanes-live_trace_full.json.gz
N79SC,2024-09-27,airplanes-live,0,none,D E MAGARIN ASSET MANAGEMENT LLC,N79SC,N79SC_2024-09-27_airplanes-live_trace_full.json.gz
N79SC,2024-09-30,airplanes-live,0,none,D E MAGARIN ASSET MANAGEMENT LLC,N79SC,N79SC_2024-09-30_airplanes-live_trace_full.json.gz
N79SC,2024-10-01,airplanes-live,0,none,D E MAGARIN ASSET MANAGEMENT LLC,N79SC,N79SC_2024-10-01_airplanes-live_trace_full.json.gz
N79SC,2024-10-11,airplanes-live,0,none,D E MAGARIN ASSET MANAGEMENT LLC,N79SC,N79SC_2024-10-11_airplanes-live_trace_full.json.gz
N79SC,2024-10-13,airplanes-live,0,none,D E MAGARIN ASSET MANAGEMENT LLC,N79SC,N79SC_2024-10-13_airplanes-live_trace_full.json.gz
N79SC,2024-10-14,airplanes-live,0,none,D E MAGARIN ASSET MANAGEMENT LLC,N79SC,N79SC_2024-10-14_airplanes-live_trace_full.json.gz
N79SC,2024-10-15,airplanes-live,0,none,D E MAGARIN ASSET MANAGEMENT LLC,N79SC,N79SC_2024-10-15_airplanes-live_trace_full.json.gz
N79SC,2024-10-16,airplanes-live,0,none,D E MAGARIN ASSET MANAGEMENT LLC,N79SC,N79SC_2024-10-16_airplanes-live_trace_full.json.gz
N79SC,2024-10-20,airplanes-live,0,none,D E MAGARIN ASSET MANAGEMENT LLC,N79SC,N79SC_2024-10-20_airplanes-live_trace_full.json.gz
N79SC,2024-10-21,airplanes-live,0,none,D E MAGARIN ASSET MANAGEMENT LLC,N79SC,N79SC_2024-10-21_airplanes-live_trace_full.json.gz
N79SC,2024-10-22,airplanes-live,0,none,D E MAGARIN ASSET MANAGEMENT LLC,N79SC,N79SC_2024-10-22_airplanes-live_trace_full.json.gz
N79SC,2024-10-23,airplanes-live,0,none,D E MAGARIN ASSET MANAGEMENT LLC,N79SC,N79SC_2024-10-23_airplanes-live_trace_full.json.gz
N79SC,2024-10-24,airplanes-live,0,none,D E MAGARIN ASSET MANAGEMENT LLC,N79SC,N79SC_2024-10-24_airplanes-live_trace_full.json.gz
N79SC,2024-10-25,airplanes-live,0,none,D E MAGARIN ASSET MANAGEMENT LLC,N79SC,N79SC_2024-10-25_airplanes-live_trace_full.json.gz
N79SC,2024-10-26,airplanes-live,0,none,D E MAGARIN ASSET MANAGEMENT LLC,N79SC,N79SC_2024-10-26_airplanes-live_trace_full.json.gz
N79SC,2024-10-27,airplanes-live,0,none,D E MAGARIN ASSET MANAGEMENT LLC,N79SC,N79SC_2024-10-27_airplanes-live_trace_full.json.gz
N79SC,2024-10-29,airplanes-live,0,none,D E MAGARIN ASSET MANAGEMENT LLC,N79SC,N79SC_2024-10-29_airplanes-live_trace_full.json.gz
N79SC,2024-10-30,airplanes-live,0,none,D E MAGARIN ASSET MANAGEMENT LLC,N79SC,N79SC_2024-10-30_airplanes-live_trace_full.json.gz
N79SC,2024-10-31,airplanes-live,0,none,D E MAGARIN ASSET MANAGEMENT LLC,N79SC,N79SC_2024-10-31_airplanes-live_trace_full.json.gz
N79SC,2024-11-01,airplanes-live,0,none,D E MAGARIN ASSET MANAGEMENT LLC,N79SC,N79SC_2024-11-01_airplanes-live_trace_full.json.gz
N79SC,2024-11-04,airplanes-live,0,none,D E MAGARIN ASSET MANAGEMENT LLC,N79SC,N79SC_2024-11-04_airplanes-live_trace_full.json.gz
N79SC,2024-11-05,airplanes-live,0,none,D E MAGARIN ASSET MANAGEMENT LLC,N79SC,N79SC_2024-11-05_airplanes-live_trace_full.json.gz
N79SC,2024-11-06,airplanes-live,0,none,D E MAGARIN ASSET MANAGEMENT LLC,N79SC,N79SC_2024-11-06_airplanes-live_trace_full.json.gz
N79SC,2024-11-07,airplanes-live,0,none,D E MAGARIN ASSET MANAGEMENT LLC,N79SC,N79SC_2024-11-07_airplanes-live_trace_full.json.gz
N79SC,2024-11-08,airplanes-live,0,none,D E MAGARIN ASSET MANAGEMENT LLC,N79SC,N79SC_2024-11-08_airplanes-live_trace_full.json.gz
N79SC,2024-11-09,airplanes-live,0,none,D E MAGARIN ASSET MANAGEMENT LLC,N79SC,N79SC_2024-11-09_airplanes-live_trace_full.json.gz
N79SC,2024-11-10,airplanes-live,0,none,D E MAGARIN ASSET MANAGEMENT LLC,N79SC,N79SC_2024-11-10_airplanes-live_trace_full.json.gz
N79SC,2024-11-11,airplanes-live,0,none,D E MAGARIN ASSET MANAGEMENT LLC,N79SC,N79SC_2024-11-11_airplanes-live_trace_full.json.gz
N79SC,2024-11-19,airplanes-live,0,none,D E MAGARIN ASSET MANAGEMENT LLC,N79SC,N79SC_2024-11-19_airplanes-live_trace_full.json.gz
N79SC,2024-11-22,airplanes-live,0,none,D E MAGARIN ASSET MANAGEMENT LLC,N79SC,N79SC_2024-11-22_airplanes-live_trace_full.json.gz
N79SC,2024-11-23,airplanes-live,0,none,D E MAGARIN ASSET MANAGEMENT LLC,N79SC,N79SC_2024-11-23_airplanes-live_trace_full.json.gz
N79SC,2024-11-24,airplanes-live,0,none,D E MAGARIN ASSET MANAGEMENT LLC,N79SC,N79SC_2024-11-24_airplanes-live_trace_full.json.gz
N79SC,2024-11-25,airplanes-live,0,none,D E MAGARIN ASSET MANAGEMENT LLC,N79SC,N79SC_2024-11-25_airplanes-live_trace_full.json.gz
N79SC,2024-11-26,airplanes-live,0,none,D E MAGARIN ASSET MANAGEMENT LLC,N79SC,N79SC_2024-11-26_airplanes-live_trace_full.json.gz
N79SC,2024-11-27,airplanes-live,0,none,D E MAGARIN ASSET MANAGEMENT LLC,N79SC,N79SC_2024-11-27_airplanes-live_trace_full.json.gz
N79SC,2024-11-28,airplanes-live,0,none,D E MAGARIN ASSET MANAGEMENT LLC,N79SC,N79SC_2024-11-28_airplanes-live_trace_full.json.gz
N79SC,2024-11-30,airplanes-live,0,none,D E MAGARIN ASSET MANAGEMENT LLC,N79SC,N79SC_2024-11-30_airplanes-live_trace_full.json.gz
N79SC,2024-12-01,airplanes-live,0,none,D E MAGARIN ASSET MANAGEMENT LLC,N79SC,N79SC_2024-12-01_airplanes-live_trace_full.json.gz
N79SC,2024-12-02,airplanes-live,0,none,D E MAGARIN ASSET MANAGEMENT LLC,N79SC,N79SC_2024-12-02_airplanes-live_trace_full.json.gz
N79SC,2024-12-03,airplanes-live,0,none,D E MAGARIN ASSET MANAGEMENT LLC,N79SC,N79SC_2024-12-03_airplanes-live_trace_full.json.gz
N79SC,2024-12-04,airplanes-live,0,none,D E MAGARIN ASSET MANAGEMENT LLC,N79SC,N79SC_2024-12-04_airplanes-live_trace_full.json.gz
N79SC,2024-12-05,airplanes-live,0,none,D E MAGARIN ASSET MANAGEMENT LLC,N79SC,N79SC_2024-12-05_airplanes-live_trace_full.json.gz
N79SC,2024-12-06,airplanes-live,0,none,D E MAGARIN ASSET MANAGEMENT LLC,N79SC,N79SC_2024-12-06_airplanes-live_trace_full.json.gz
N79SC,2024-12-07,airplanes-live,0,none,D E MAGARIN ASSET MANAGEMENT LLC,N79SC,N79SC_2024-12-07_airplanes-live_trace_full.json.gz
N79SC,2024-12-09,airplanes-live,0,none,D E MAGARIN ASSET MANAGEMENT LLC,N79SC,N79SC_2024-12-09_airplanes-live_trace_full.json.gz
N79SC,2024-12-11,airplanes-live,0,none,D E MAGARIN ASSET MANAGEMENT LLC,N79SC,N79SC_2024-12-11_airplanes-live_trace_full.json.gz
N79SC,2024-12-12,airplanes-live,0,none,D E MAGARIN ASSET MANAGEMENT LLC,N79SC,N79SC_2024-12-12_airplanes-live_trace_full.json.gz
N79SC,2024-12-13,airplanes-live,0,none,D E MAGARIN ASSET MANAGEMENT LLC,N79SC,N79SC_2024-12-13_airplanes-live_trace_full.json.gz
N79SC,2024-12-14,airplanes-live,0,none,D E MAGARIN ASSET MANAGEMENT LLC,N79SC,N79SC_2024-12-14_airplanes-live_trace_full.json.gz
N79SC,2024-12-15,airplanes-live,0,none,D E MAGARIN ASSET MANAGEMENT LLC,N79SC,N79SC_2024-12-15_airplanes-live_trace_full.json.gz
N79SC,2024-12-16,airplanes-live,0,none,D E MAGARIN ASSET MANAGEMENT LLC,N79SC,N79SC_2024-12-16_airplanes-live_trace_full.json.gz
N79SC,2024-12-17,airplanes-live,0,none,D E MAGARIN ASSET MANAGEMENT LLC,N79SC,N79SC_2024-12-17_airplanes-live_trace_full.json.gz
N79SC,2024-12-18,airplanes-live,0,none,D E MAGARIN ASSET MANAGEMENT LLC,N79SC,N79SC_2024-12-18_airplanes-live_trace_full.json.gz
N79SC,2024-12-19,airplanes-live,0,none,D E MAGARIN ASSET MANAGEMENT LLC,N79SC,N79SC_2024-12-19_airplanes-live_trace_full.json.gz
N79SC,2024-12-20,airplanes-live,0,none,D E MAGARIN ASSET MANAGEMENT LLC,N79SC,N79SC_2024-12-20_airplanes-live_trace_full.json.gz
N79SC,2024-12-21,airplanes-live,0,none,D E MAGARIN ASSET MANAGEMENT LLC,N79SC,N79SC_2024-12-21_airplanes-live_trace_full.json.gz
N79SC,2024-12-22,airplanes-live,0,none,D E MAGARIN ASSET MANAGEMENT LLC,N79SC,N79SC_2024-12-22_airplanes-live_trace_full.json.gz
N79SC,2024-12-23,airplanes-live,0,none,D E MAGARIN ASSET MANAGEMENT LLC,N79SC,N79SC_2024-12-23_airplanes-live_trace_full.json.gz
N79SC,2024-12-24,airplanes-live,0,none,D E MAGARIN ASSET MANAGEMENT LLC,N79SC,N79SC_2024-12-24_airplanes-live_trace_full.json.gz
N79SC,2024-12-25,airplanes-live,0,none,D E MAGARIN ASSET MANAGEMENT LLC,N79SC,N79SC_2024-12-25_airplanes-live_trace_full.json.gz
N79SC,2024-12-27,airplanes-live,0,none,D E MAGARIN ASSET MANAGEMENT LLC,N79SC,N79SC_2024-12-27_airplanes-live_trace_full.json.gz
N79SC,2024-12-28,airplanes-live,0,none,D E MAGARIN ASSET MANAGEMENT LLC,N79SC,N79SC_2024-12-28_airplanes-live_trace_full.json.gz
N79SC,2025-01-03,airplanes-live,0,none,D E MAGARIN ASSET MANAGEMENT LLC,N79SC,N79SC_2025-01-03_airplanes-live_trace_full.json.gz
N79SC,2025-01-04,airplanes-live,0,none,D E MAGARIN ASSET MANAGEMENT LLC,N79SC,N79SC_2025-01-04_airplanes-live_trace_full.json.gz
N79SC,2025-01-05,airplanes-live,0,none,D E MAGARIN ASSET MANAGEMENT LLC,N79SC,N79SC_2025-01-05_airplanes-live_trace_full.json.gz
N79SC,2025-01-08,airplanes-live,0,none,D E MAGARIN ASSET MANAGEMENT LLC,N79SC,N79SC_2025-01-08_airplanes-live_trace_full.json.gz
N79SC,2025-01-09,airplanes-live,0,none,D E MAGARIN ASSET MANAGEMENT LLC,N79SC,N79SC_2025-01-09_airplanes-live_trace_full.json.gz
N79SC,2025-01-10,airplanes-live,0,none,D E MAGARIN ASSET MANAGEMENT LLC,N79SC,N79SC_2025-01-10_airplanes-live_trace_full.json.gz
N79SC,2025-01-11,airplanes-live,0,none,D E MAGARIN ASSET MANAGEMENT LLC,N79SC,N79SC_2025-01-11_airplanes-live_trace_full.json.gz
N79SC,2025-01-15,airplanes-live,0,none,D E MAGARIN ASSET MANAGEMENT LLC,N79SC,N79SC_2025-01-15_airplanes-live_trace_full.json.gz
N79SC,2025-01-16,airplanes-live,0,none,D E MAGARIN ASSET MANAGEMENT LLC,N79SC,N79SC_2025-01-16_airplanes-live_trace_full.json.gz
N79SC,2025-01-20,airplanes-live,0,none,D E MAGARIN ASSET MANAGEMENT LLC,N79SC,N79SC_2025-01-20_airplanes-live_trace_full.json.gz
N79SC,2025-01-21,airplanes-live,0,none,D E MAGARIN ASSET MANAGEMENT LLC,N79SC,N79SC_2025-01-21_airplanes-live_trace_full.json.gz
N79SC,2025-01-23,airplanes-live,0,none,D E MAGARIN ASSET MANAGEMENT LLC,N79SC,N79SC_2025-01-23_airplanes-live_trace_full.json.gz
N79SC,2025-01-24,airplanes-live,0,none,D E MAGARIN ASSET MANAGEMENT LLC,N79SC,N79SC_2025-01-24_airplanes-live_trace_full.json.gz
N79SC,2025-01-25,airplanes-live,0,none,D E MAGARIN ASSET MANAGEMENT LLC,N79SC,N79SC_2025-01-25_airplanes-live_trace_full.json.gz
N79SC,2025-01-26,airplanes-live,0,none,D E MAGARIN ASSET MANAGEMENT LLC,N79SC,N79SC_2025-01-26_airplanes-live_trace_full.json.gz
N79SC,2025-01-27,airplanes-live,0,none,D E MAGARIN ASSET MANAGEMENT LLC,N79SC,N79SC_2025-01-27_airplanes-live_trace_full.json.gz
N79SC,2025-01-30,airplanes-live,0,none,D E MAGARIN ASSET MANAGEMENT LLC,N79SC,N79SC_2025-01-30_airplanes-live_trace_full.json.gz
N79SC,2025-01-31,airplanes-live,0,none,D E MAGARIN ASSET MANAGEMENT LLC,N79SC,N79SC_2025-01-31_airplanes-live_trace_full.json.gz
N79SC,2025-02-01,airplanes-live,0,none,D E MAGARIN ASSET MANAGEMENT LLC,N79SC,N79SC_2025-02-01_airplanes-live_trace_full.json.gz
N79SC,2025-02-12,airplanes-live,0,none,D E MAGARIN ASSET MANAGEMENT LLC,N79SC,N79SC_2025-02-12_airplanes-live_trace_full.json.gz
N79SC,2025-02-13,airplanes-live,0,none,D E MAGARIN ASSET MANAGEMENT LLC,N79SC,N79SC_2025-02-13_airplanes-live_trace_full.json.gz
N79SC,2025-02-14,airplanes-live,0,none,D E MAGARIN ASSET MANAGEMENT LLC,N79SC,N79SC_2025-02-14_airplanes-live_trace_full.json.gz
N79SC,2025-02-16,airplanes-live,0,none,D E MAGARIN ASSET MANAGEMENT LLC,N79SC,N79SC_2025-02-16_airplanes-live_trace_full.json.gz
N79SC,2025-02-17,airplanes-live,0,none,D E MAGARIN ASSET MANAGEMENT LLC,N79SC,N79SC_2025-02-17_airplanes-live_trace_full.json.gz
N79SC,2025-02-18,airplanes-live,0,none,D E MAGARIN ASSET MANAGEMENT LLC,N79SC,N79SC_2025-02-18_airplanes-live_trace_full.json.gz
N79SC,2025-02-19,airplanes-live,0,none,D E MAGARIN ASSET MANAGEMENT LLC,N79SC,N79SC_2025-02-19_airplanes-live_trace_full.json.gz
N79SC,2025-02-20,airplanes-live,0,none,D E MAGARIN ASSET MANAGEMENT LLC,N79SC,N79SC_2025-02-20_airplanes-live_trace_full.json.gz
N79SC,2025-02-21,airplanes-live,0,none,D E MAGARIN ASSET MANAGEMENT LLC,N79SC,N79SC_2025-02-21_airplanes-live_trace_full.json.gz
N79SC,2025-02-22,airplanes-live,0,none,D E MAGARIN ASSET MANAGEMENT LLC,N79SC,N79SC_2025-02-22_airplanes-live_trace_full.json.gz
N79SC,2025-02-25,airplanes-live,0,none,D E MAGARIN ASSET MANAGEMENT LLC,N79SC,N79SC_2025-02-25_airplanes-live_trace_full.json.gz
N79SC,2025-02-27,airplanes-live,0,none,D E MAGARIN ASSET MANAGEMENT LLC,N79SC,N79SC_2025-02-27_airplanes-live_trace_full.json.gz
N79SC,2025-03-02,airplanes-live,0,none,D E MAGARIN ASSET MANAGEMENT LLC,N79SC,N79SC_2025-03-02_airplanes-live_trace_full.json.gz
N79SC,2025-03-03,airplanes-live,0,none,D E MAGARIN ASSET MANAGEMENT LLC,N79SC,N79SC_2025-03-03_airplanes-live_trace_full.json.gz
N79SC,2025-03-04,airplanes-live,0,none,D E MAGARIN ASSET MANAGEMENT LLC,N79SC,N79SC_2025-03-04_airplanes-live_trace_full.json.gz
N79SC,2025-03-05,airplanes-live,0,none,D E MAGARIN ASSET MANAGEMENT LLC,N79SC,N79SC_2025-03-05_airplanes-live_trace_full.json.gz
N79SC,2025-03-06,airplanes-live,0,none,D E MAGARIN ASSET MANAGEMENT LLC,N79SC,N79SC_2025-03-06_airplanes-live_trace_full.json.gz
N79SC,2025-03-07,airplanes-live,0,none,D E MAGARIN ASSET MANAGEMENT LLC,N79SC,N79SC_2025-03-07_airplanes-live_trace_full.json.gz
N79SC,2025-03-08,airplanes-live,0,none,D E MAGARIN ASSET MANAGEMENT LLC,N79SC,N79SC_2025-03-08_airplanes-live_trace_full.json.gz
N79SC,2025-03-09,airplanes-live,0,none,D E MAGARIN ASSET MANAGEMENT LLC,N79SC,N79SC_2025-03-09_airplanes-live_trace_full.json.gz
N79SC,2025-03-11,airplanes-live,0,none,D E MAGARIN ASSET MANAGEMENT LLC,N79SC,N79SC_2025-03-11_airplanes-live_trace_full.json.gz
N79SC,2025-03-12,airplanes-live,0,none,D E MAGARIN ASSET MANAGEMENT LLC,N79SC,N79SC_2025-03-12_airplanes-live_trace_full.json.gz
N79SC,2025-03-13,airplanes-live,0,none,D E MAGARIN ASSET MANAGEMENT LLC,N79SC,N79SC_2025-03-13_airplanes-live_trace_full.json.gz
N79SC,2025-03-14,airplanes-live,0,none,D E MAGARIN ASSET MANAGEMENT LLC,N79SC,N79SC_2025-03-14_airplanes-live_trace_full.json.gz
N79SC,2025-03-16,airplanes-live,0,none,D E MAGARIN ASSET MANAGEMENT LLC,N79SC,N79SC_2025-03-16_airplanes-live_trace_full.json.gz
N79SC,2025-03-17,airplanes-live,0,none,D E MAGARIN ASSET MANAGEMENT LLC,N79SC,N79SC_2025-03-17_airplanes-live_trace_full.json.gz
N79SC,2025-03-18,airplanes-live,0,none,D E MAGARIN ASSET MANAGEMENT LLC,N79SC,N79SC_2025-03-18_airplanes-live_trace_full.json.gz
N79SC,2025-03-20,airplanes-live,0,none,D E MAGARIN ASSET MANAGEMENT LLC,N79SC,N79SC_2025-03-20_airplanes-live_trace_full.json.gz
N79SC,2025-03-21,airplanes-live,0,none,D E MAGARIN ASSET MANAGEMENT LLC,N79SC,N79SC_2025-03-21_airplanes-live_trace_full.json.gz
N79SC,2025-03-22,airplanes-live,0,none,D E MAGARIN ASSET MANAGEMENT LLC,N79SC,N79SC_2025-03-22_airplanes-live_trace_full.json.gz
N79SC,2025-03-23,airplanes-live,0,none,D E MAGARIN ASSET MANAGEMENT LLC,N79SC,N79SC_2025-03-23_airplanes-live_trace_full.json.gz
N79SC,2025-03-24,airplanes-live,0,none,D E MAGARIN ASSET MANAGEMENT LLC,N79SC,N79SC_2025-03-24_airplanes-live_trace_full.json.gz
N79SC,2025-03-25,airplanes-live,0,none,D E MAGARIN ASSET MANAGEMENT LLC,N79SC,N79SC_2025-03-25_airplanes-live_trace_full.json.gz
N79SC,2025-03-26,airplanes-live,0,none,D E MAGARIN ASSET MANAGEMENT LLC,N79SC,N79SC_2025-03-26_airplanes-live_trace_full.json.gz
N79SC,2025-03-27,airplanes-live,0,none,D E MAGARIN ASSET MANAGEMENT LLC,N79SC,N79SC_2025-03-27_airplanes-live_trace_full.json.gz
N79SC,2025-03-28,airplanes-live,0,none,D E MAGARIN ASSET MANAGEMENT LLC,N79SC,N79SC_2025-03-28_airplanes-live_trace_full.json.gz
N79SC,2025-03-29,airplanes-live,0,none,D E MAGARIN ASSET MANAGEMENT LLC,N79SC,N79SC_2025-03-29_airplanes-live_trace_full.json.gz
N79SC,2025-03-30,airplanes-live,0,none,D E MAGARIN ASSET MANAGEMENT LLC,N79SC,N79SC_2025-03-30_airplanes-live_trace_full.json.gz
N79SC,2025-04-02,airplanes-live,0,none,D E MAGARIN ASSET MANAGEMENT LLC,N79SC,N79SC_2025-04-02_airplanes-live_trace_full.json.gz
N79SC,2025-04-05,airplanes-live,0,none,D E MAGARIN ASSET MANAGEMENT LLC,N79SC,N79SC_2025-04-05_airplanes-live_trace_full.json.gz
N79SC,2025-04-06,airplanes-live,0,none,D E MAGARIN ASSET MANAGEMENT LLC,N79SC,N79SC_2025-04-06_airplanes-live_trace_full.json.gz
N79SC,2025-04-09,airplanes-live,0,none,D E MAGARIN ASSET MANAGEMENT LLC,N79SC,N79SC_2025-04-09_airplanes-live_trace_full.json.gz
N79SC,2025-04-10,airplanes-live,0,none,D E MAGARIN ASSET MANAGEMENT LLC,N79SC,N79SC_2025-04-10_airplanes-live_trace_full.json.gz
N79SC,2025-04-11,airplanes-live,0,none,D E MAGARIN ASSET MANAGEMENT LLC,N79SC,N79SC_2025-04-11_airplanes-live_trace_full.json.gz
N79SC,2025-04-12,airplanes-live,0,none,D E MAGARIN ASSET MANAGEMENT LLC,N79SC,N79SC_2025-04-12_airplanes-live_trace_full.json.gz
N79SC,2025-04-13,airplanes-live,0,none,D E MAGARIN ASSET MANAGEMENT LLC,N79SC,N79SC_2025-04-13_airplanes-live_trace_full.json.gz
N79SC,2025-04-14,airplanes-live,0,none,D E MAGARIN ASSET MANAGEMENT LLC,N79SC,N79SC_2025-04-14_airplanes-live_trace_full.json.gz
N79SC,2025-04-15,airplanes-live,0,none,D E MAGARIN ASSET MANAGEMENT LLC,N79SC,N79SC_2025-04-15_airplanes-live_trace_full.json.gz
N79SC,2025-04-16,airplanes-live,0,none,D E MAGARIN ASSET MANAGEMENT LLC,N79SC,N79SC_2025-04-16_airplanes-live_trace_full.json.gz
N79SC,2025-04-17,airplanes-live,0,none,D E MAGARIN ASSET MANAGEMENT LLC,N79SC,N79SC_2025-04-17_airplanes-live_trace_full.json.gz
N79SC,2025-04-18,airplanes-live,0,none,D E MAGARIN ASSET MANAGEMENT LLC,N79SC,N79SC_2025-04-18_airplanes-live_trace_full.json.gz
N79SC,2025-04-19,airplanes-live,0,none,D E MAGARIN ASSET MANAGEMENT LLC,N79SC,N79SC_2025-04-19_airplanes-live_trace_full.json.gz
N79SC,2025-04-20,airplanes-live,0,none,D E MAGARIN ASSET MANAGEMENT LLC,N79SC,N79SC_2025-04-20_airplanes-live_trace_full.json.gz
N79SC,2025-04-29,airplanes-live,0,none,D E MAGARIN ASSET MANAGEMENT LLC,N79SC,N79SC_2025-04-29_airplanes-live_trace_full.json.gz
N79SC,2025-04-30,airplanes-live,0,none,D E MAGARIN ASSET MANAGEMENT LLC,N79SC,N79SC_2025-04-30_airplanes-live_trace_full.json.gz
N79SC,2025-05-01,airplanes-live,0,none,D E MAGARIN ASSET MANAGEMENT LLC,N79SC,N79SC_2025-05-01_airplanes-live_trace_full.json.gz
N79SC,2025-05-02,airplanes-live,0,none,D E MAGARIN ASSET MANAGEMENT LLC,N79SC,N79SC_2025-05-02_airplanes-live_trace_full.json.gz
N79SC,2025-05-03,airplanes-live,0,none,D E MAGARIN ASSET MANAGEMENT LLC,N79SC,N79SC_2025-05-03_airplanes-live_trace_full.json.gz
N79SC,2025-05-04,airplanes-live,0,none,D E MAGARIN ASSET MANAGEMENT LLC,N79SC,N79SC_2025-05-04_airplanes-live_trace_full.json.gz
N79SC,2025-05-05,airplanes-live,0,none,D E MAGARIN ASSET MANAGEMENT LLC,N79SC,N79SC_2025-05-05_airplanes-live_trace_full.json.gz
N79SC,2025-05-06,airplanes-live,0,none,D E MAGARIN ASSET MANAGEMENT LLC,N79SC,N79SC_2025-05-06_airplanes-live_trace_full.json.gz
N79SC,2025-05-07,airplanes-live,0,none,D E MAGARIN ASSET MANAGEMENT LLC,N79SC,N79SC_2025-05-07_airplanes-live_trace_full.json.gz
N79SC,2025-05-09,airplanes-live,0,none,D E MAGARIN ASSET MANAGEMENT LLC,N79SC,N79SC_2025-05-09_airplanes-live_trace_full.json.gz
N79SC,2025-05-10,airplanes-live,0,none,D E MAGARIN ASSET MANAGEMENT LLC,N79SC,N79SC_2025-05-10_airplanes-live_trace_full.json.gz
N79SC,2025-05-11,airplanes-live,0,none,D E MAGARIN ASSET MANAGEMENT LLC,N79SC,N79SC_2025-05-11_airplanes-live_trace_full.json.gz
N79SC,2025-05-14,airplanes-live,0,none,D E MAGARIN ASSET MANAGEMENT LLC,N79SC,N79SC_2025-05-14_airplanes-live_trace_full.json.gz
N79SC,2025-05-15,airplanes-live,0,none,D E MAGARIN ASSET MANAGEMENT LLC,N79SC,N79SC_2025-05-15_airplanes-live_trace_full.json.gz
N79SC,2025-05-16,airplanes-live,0,none,D E MAGARIN ASSET MANAGEMENT LLC,N79SC,N79SC_2025-05-16_airplanes-live_trace_full.json.gz
N79SC,2025-05-20,airplanes-live,0,none,D E MAGARIN ASSET MANAGEMENT LLC,N79SC,N79SC_2025-05-20_airplanes-live_trace_full.json.gz
N79SC,2025-05-21,airplanes-live,0,none,D E MAGARIN ASSET MANAGEMENT LLC,N79SC,N79SC_2025-05-21_airplanes-live_trace_full.json.gz
N79SC,2025-05-22,airplanes-live,0,none,D E MAGARIN ASSET MANAGEMENT LLC,N79SC,N79SC_2025-05-22_airplanes-live_trace_full.json.gz
N79SC,2025-05-23,airplanes-live,0,none,D E MAGARIN ASSET MANAGEMENT LLC,N79SC,N79SC_2025-05-23_airplanes-live_trace_full.json.gz
N79SC,2025-05-24,airplanes-live,0,none,D E MAGARIN ASSET MANAGEMENT LLC,N79SC,N79SC_2025-05-24_airplanes-live_trace_full.json.gz
N79SC,2025-05-25,airplanes-live,0,none,D E MAGARIN ASSET MANAGEMENT LLC,N79SC,N79SC_2025-05-25_airplanes-live_trace_full.json.gz
N79SC,2025-05-26,airplanes-live,0,none,D E MAGARIN ASSET MANAGEMENT LLC,N79SC,N79SC_2025-05-26_airplanes-live_trace_full.json.gz
N79SC,2025-05-27,airplanes-live,0,none,D E MAGARIN ASSET MANAGEMENT LLC,N79SC,N79SC_2025-05-27_airplanes-live_trace_full.json.gz
N79SC,2025-05-28,airplanes-live,0,none,D E MAGARIN ASSET MANAGEMENT LLC,N79SC,N79SC_2025-05-28_airplanes-live_trace_full.json.gz
N79SC,2025-05-29,airplanes-live,0,none,D E MAGARIN ASSET MANAGEMENT LLC,N79SC,N79SC_2025-05-29_airplanes-live_trace_full.json.gz
N79SC,2025-06-06,airplanes-live,0,none,D E MAGARIN ASSET MANAGEMENT LLC,N79SC,N79SC_2025-06-06_airplanes-live_trace_full.json.gz
N79SC,2025-06-07,airplanes-live,0,none,D E MAGARIN ASSET MANAGEMENT LLC,N79SC,N79SC_2025-06-07_airplanes-live_trace_full.json.gz
N79SC,2025-06-08,airplanes-live,0,none,D E MAGARIN ASSET MANAGEMENT LLC,N79SC,N79SC_2025-06-08_airplanes-live_trace_full.json.gz
N79SC,2025-06-09,airplanes-live,0,none,D E MAGARIN ASSET MANAGEMENT LLC,N79SC,N79SC_2025-06-09_airplanes-live_trace_full.json.gz
N79SC,2025-06-10,airplanes-live,0,none,D E MAGARIN ASSET MANAGEMENT LLC,N79SC,N79SC_2025-06-10_airplanes-live_trace_full.json.gz
N79SC,2025-06-11,airplanes-live,0,none,D E MAGARIN ASSET MANAGEMENT LLC,N79SC,N79SC_2025-06-11_airplanes-live_trace_full.json.gz
N79SC,2025-06-12,airplanes-live,0,none,D E MAGARIN ASSET MANAGEMENT LLC,N79SC,N79SC_2025-06-12_airplanes-live_trace_full.json.gz
N79SC,2025-06-13,airplanes-live,0,none,D E MAGARIN ASSET MANAGEMENT LLC,N79SC,N79SC_2025-06-13_airplanes-live_trace_full.json.gz
N79SC,2025-06-14,airplanes-live,0,none,D E MAGARIN ASSET MANAGEMENT LLC,N79SC,N79SC_2025-06-14_airplanes-live_trace_full.json.gz
N79SC,2025-06-15,airplanes-live,0,none,D E MAGARIN ASSET MANAGEMENT LLC,N79SC,N79SC_2025-06-15_airplanes-live_trace_full.json.gz
N79SC,2025-06-16,airplanes-live,0,none,D E MAGARIN ASSET MANAGEMENT LLC,N79SC,N79SC_2025-06-16_airplanes-live_trace_full.json.gz
N79SC,2025-06-17,airplanes-live,0,none,D E MAGARIN ASSET MANAGEMENT LLC,N79SC,N79SC_2025-06-17_airplanes-live_trace_full.json.gz
N79SC,2025-06-18,airplanes-live,0,none,D E MAGARIN ASSET MANAGEMENT LLC,N79SC,N79SC_2025-06-18_airplanes-live_trace_full.json.gz
N79SC,2025-06-19,airplanes-live,0,none,D E MAGARIN ASSET MANAGEMENT LLC,N79SC,N79SC_2025-06-19_airplanes-live_trace_full.json.gz
N79SC,2025-06-20,airplanes-live,0,none,D E MAGARIN ASSET MANAGEMENT LLC,N79SC,N79SC_2025-06-20_airplanes-live_trace_full.json.gz
N79SC,2025-06-28,airplanes-live,0,none,D E MAGARIN ASSET MANAGEMENT LLC,N79SC,N79SC_2025-06-28_airplanes-live_trace_full.json.gz
N79SC,2025-06-29,airplanes-live,0,none,D E MAGARIN ASSET MANAGEMENT LLC,N79SC,N79SC_2025-06-29_airplanes-live_trace_full.json.gz
N79SC,2025-06-30,airplanes-live,0,none,D E MAGARIN ASSET MANAGEMENT LLC,N79SC,N79SC_2025-06-30_airplanes-live_trace_full.json.gz
N79SC,2025-07-01,airplanes-live,0,none,D E MAGARIN ASSET MANAGEMENT LLC,N79SC,N79SC_2025-07-01_airplanes-live_trace_full.json.gz
N79SC,2025-07-02,airplanes-live,0,none,D E MAGARIN ASSET MANAGEMENT LLC,N79SC,N79SC_2025-07-02_airplanes-live_trace_full.json.gz
N79SC,2025-07-03,airplanes-live,0,none,D E MAGARIN ASSET MANAGEMENT LLC,N79SC,N79SC_2025-07-03_airplanes-live_trace_full.json.gz
N79SC,2025-07-04,airplanes-live,0,none,D E MAGARIN ASSET MANAGEMENT LLC,N79SC,N79SC_2025-07-04_airplanes-live_trace_full.json.gz
N79SC,2025-07-06,airplanes-live,0,none,D E MAGARIN ASSET MANAGEMENT LLC,N79SC,N79SC_2025-07-06_airplanes-live_trace_full.json.gz
N79SC,2025-07-07,airplanes-live,0,none,D E MAGARIN ASSET MANAGEMENT LLC,N79SC,N79SC_2025-07-07_airplanes-live_trace_full.json.gz
N79SC,2025-07-08,airplanes-live,0,none,D E MAGARIN ASSET MANAGEMENT LLC,N79SC,N79SC_2025-07-08_airplanes-live_trace_full.json.gz
N79SC,2025-07-09,airplanes-live,0,none,D E MAGARIN ASSET MANAGEMENT LLC,N79SC,N79SC_2025-07-09_airplanes-live_trace_full.json.gz
N79SC,2025-07-10,airplanes-live,0,none,D E MAGARIN ASSET MANAGEMENT LLC,N79SC,N79SC_2025-07-10_airplanes-live_trace_full.json.gz
N79SC,2025-07-11,airplanes-live,0,none,D E MAGARIN ASSET MANAGEMENT LLC,N79SC,N79SC_2025-07-11_airplanes-live_trace_full.json.gz
N79SC,2025-07-12,airplanes-live,0,none,D E MAGARIN ASSET MANAGEMENT LLC,N79SC,N79SC_2025-07-12_airplanes-live_trace_full.json.gz
N79SC,2025-07-13,airplanes-live,0,none,D E MAGARIN ASSET MANAGEMENT LLC,N79SC,N79SC_2025-07-13_airplanes-live_trace_full.json.gz
N79SC,2025-07-14,airplanes-live,0,none,D E MAGARIN ASSET MANAGEMENT LLC,N79SC,N79SC_2025-07-14_airplanes-live_trace_full.json.gz
N79SC,2025-07-18,airplanes-live,0,none,D E MAGARIN ASSET MANAGEMENT LLC,N79SC,N79SC_2025-07-18_airplanes-live_trace_full.json.gz
N79SC,2025-07-19,airplanes-live,0,none,D E MAGARIN ASSET MANAGEMENT LLC,N79SC,N79SC_2025-07-19_airplanes-live_trace_full.json.gz
N79SC,2025-07-20,airplanes-live,0,none,D E MAGARIN ASSET MANAGEMENT LLC,N79SC,N79SC_2025-07-20_airplanes-live_trace_full.json.gz
N79SC,2025-07-21,airplanes-live,0,none,D E MAGARIN ASSET MANAGEMENT LLC,N79SC,N79SC_2025-07-21_airplanes-live_trace_full.json.gz
N79SC,2025-07-22,airplanes-live,0,none,D E MAGARIN ASSET MANAGEMENT LLC,N79SC,N79SC_2025-07-22_airplanes-live_trace_full.json.gz
N79SC,2025-07-23,airplanes-live,0,none,D E MAGARIN ASSET MANAGEMENT LLC,N79SC,N79SC_2025-07-23_airplanes-live_trace_full.json.gz
N79SC,2025-07-24,airplanes-live,0,none,D E MAGARIN ASSET MANAGEMENT LLC,N79SC,N79SC_2025-07-24_airplanes-live_trace_full.json.gz
N79SC,2025-07-25,airplanes-live,0,none,D E MAGARIN ASSET MANAGEMENT LLC,N79SC,N79SC_2025-07-25_airplanes-live_trace_full.json.gz
N79SC,2025-07-26,airplanes-live,0,none,D E MAGARIN ASSET MANAGEMENT LLC,N79SC,N79SC_2025-07-26_airplanes-live_trace_full.json.gz
N79SC,2025-08-01,airplanes-live,0,none,D E MAGARIN ASSET MANAGEMENT LLC,N79SC,N79SC_2025-08-01_airplanes-live_trace_full.json.gz
N79SC,2025-08-02,airplanes-live,0,none,D E MAGARIN ASSET MANAGEMENT LLC,N79SC,N79SC_2025-08-02_airplanes-live_trace_full.json.gz
N79SC,2025-08-03,airplanes-live,0,none,D E MAGARIN ASSET MANAGEMENT LLC,N79SC,N79SC_2025-08-03_airplanes-live_trace_full.json.gz
N79SC,2025-08-04,airplanes-live,0,none,D E MAGARIN ASSET MANAGEMENT LLC,N79SC,N79SC_2025-08-04_airplanes-live_trace_full.json.gz
N79SC,2025-08-05,airplanes-live,0,none,D E MAGARIN ASSET MANAGEMENT LLC,N79SC,N79SC_2025-08-05_airplanes-live_trace_full.json.gz
N79SC,2025-08-06,airplanes-live,0,none,D E MAGARIN ASSET MANAGEMENT LLC,N79SC,N79SC_2025-08-06_airplanes-live_trace_full.json.gz
N79SC,2025-08-07,airplanes-live,0,none,D E MAGARIN ASSET MANAGEMENT LLC,N79SC,N79SC_2025-08-07_airplanes-live_trace_full.json.gz
N79SC,2025-08-08,airplanes-live,0,none,D E MAGARIN ASSET MANAGEMENT LLC,N79SC,N79SC_2025-08-08_airplanes-live_trace_full.json.gz
N79SC,2025-08-09,airplanes-live,0,none,D E MAGARIN ASSET MANAGEMENT LLC,N79SC,N79SC_2025-08-09_airplanes-live_trace_full.json.gz
N79SC,2025-08-10,airplanes-live,0,none,D E MAGARIN ASSET MANAGEMENT LLC,N79SC,N79SC_2025-08-10_airplanes-live_trace_full.json.gz
N79SC,2025-08-11,airplanes-live,0,none,D E MAGARIN ASSET MANAGEMENT LLC,N79SC,N79SC_2025-08-11_airplanes-live_trace_full.json.gz
N79SC,2025-08-12,airplanes-live,0,none,D E MAGARIN ASSET MANAGEMENT LLC,N79SC,N79SC_2025-08-12_airplanes-live_trace_full.json.gz
N79SC,2025-08-15,airplanes-live,0,none,D E MAGARIN ASSET MANAGEMENT LLC,N79SC,N79SC_2025-08-15_airplanes-live_trace_full.json.gz
N79SC,2025-08-16,airplanes-live,0,none,D E MAGARIN ASSET MANAGEMENT LLC,N79SC,N79SC_2025-08-16_airplanes-live_trace_full.json.gz
N79SC,2025-08-17,airplanes-live,0,none,D E MAGARIN ASSET MANAGEMENT LLC,N79SC,N79SC_2025-08-17_airplanes-live_trace_full.json.gz
N79SC,2025-08-18,airplanes-live,0,none,D E MAGARIN ASSET MANAGEMENT LLC,N79SC,N79SC_2025-08-18_airplanes-live_trace_full.json.gz
N79SC,2025-08-20,airplanes-live,0,none,D E MAGARIN ASSET MANAGEMENT LLC,N79SC,N79SC_2025-08-20_airplanes-live_trace_full.json.gz
N79SC,2025-08-21,airplanes-live,0,none,D E MAGARIN ASSET MANAGEMENT LLC,N79SC,N79SC_2025-08-21_airplanes-live_trace_full.json.gz
N79SC,2025-08-22,airplanes-live,0,none,D E MAGARIN ASSET MANAGEMENT LLC,N79SC,N79SC_2025-08-22_airplanes-live_trace_full.json.gz
N79SC,2025-08-23,airplanes-live,0,none,D E MAGARIN ASSET MANAGEMENT LLC,N79SC,N79SC_2025-08-23_airplanes-live_trace_full.json.gz
N79SC,2025-08-24,airplanes-live,0,none,D E MAGARIN ASSET MANAGEMENT LLC,N79SC,N79SC_2025-08-24_airplanes-live_trace_full.json.gz
N79SC,2025-08-25,airplanes-live,0,none,D E MAGARIN ASSET MANAGEMENT LLC,N79SC,N79SC_2025-08-25_airplanes-live_trace_full.json.gz
N79SC,2025-08-27,airplanes-live,0,none,D E MAGARIN ASSET MANAGEMENT LLC,N79SC,N79SC_2025-08-27_airplanes-live_trace_full.json.gz
N79SC,2025-08-28,airplanes-live,0,none,D E MAGARIN ASSET MANAGEMENT LLC,N79SC,N79SC_2025-08-28_airplanes-live_trace_full.json.gz
N79SC,2025-08-29,airplanes-live,0,none,D E MAGARIN ASSET MANAGEMENT LLC,N79SC,N79SC_2025-08-29_airplanes-live_trace_full.json.gz
N79SC,2025-08-30,airplanes-live,0,none,D E MAGARIN ASSET MANAGEMENT LLC,N79SC,N79SC_2025-08-30_airplanes-live_trace_full.json.gz
N79SC,2025-09-01,airplanes-live,0,none,D E MAGARIN ASSET MANAGEMENT LLC,N79SC,N79SC_2025-09-01_airplanes-live_trace_full.json.gz
N79SC,2025-09-02,airplanes-live,0,none,D E MAGARIN ASSET MANAGEMENT LLC,N79SC,N79SC_2025-09-02_airplanes-live_trace_full.json.gz
N79SC,2025-09-03,airplanes-live,0,none,D E MAGARIN ASSET MANAGEMENT LLC,N79SC,N79SC_2025-09-03_airplanes-live_trace_full.json.gz
N79SC,2025-09-04,airplanes-live,0,none,D E MAGARIN ASSET MANAGEMENT LLC,N79SC,N79SC_2025-09-04_airplanes-live_trace_full.json.gz
N79SC,2025-09-05,airplanes-live,0,none,D E MAGARIN ASSET MANAGEMENT LLC,N79SC,N79SC_2025-09-05_airplanes-live_trace_full.json.gz
N79SC,2025-09-06,airplanes-live,0,none,D E MAGARIN ASSET MANAGEMENT LLC,N79SC,N79SC_2025-09-06_airplanes-live_trace_full.json.gz
N79SC,2025-09-07,airplanes-live,0,none,D E MAGARIN ASSET MANAGEMENT LLC,N79SC,N79SC_2025-09-07_airplanes-live_trace_full.json.gz
N79SC,2025-09-08,airplanes-live,0,none,D E MAGARIN ASSET MANAGEMENT LLC,N79SC,N79SC_2025-09-08_airplanes-live_trace_full.json.gz
N79SC,2025-09-09,airplanes-live,0,none,D E MAGARIN ASSET MANAGEMENT LLC,N79SC,N79SC_2025-09-09_airplanes-live_trace_full.json.gz
N79SC,2025-09-10,airplanes-live,0,none,D E MAGARIN ASSET MANAGEMENT LLC,N79SC,N79SC_2025-09-10_airplanes-live_trace_full.json.gz
N79SC,2025-09-11,airplanes-live,0,none,D E MAGARIN ASSET MANAGEMENT LLC,N79SC,N79SC_2025-09-11_airplanes-live_trace_full.json.gz
N79SC,2025-09-12,airplanes-live,0,none,D E MAGARIN ASSET MANAGEMENT LLC,N79SC,N79SC_2025-09-12_airplanes-live_trace_full.json.gz
N79SC,2025-09-14,airplanes-live,0,none,D E MAGARIN ASSET MANAGEMENT LLC,N79SC,N79SC_2025-09-14_airplanes-live_trace_full.json.gz
N79SC,2025-09-15,airplanes-live,0,none,D E MAGARIN ASSET MANAGEMENT LLC,N79SC,N79SC_2025-09-15_airplanes-live_trace_full.json.gz
N79SC,2025-09-16,airplanes-live,0,none,D E MAGARIN ASSET MANAGEMENT LLC,N79SC,N79SC_2025-09-16_airplanes-live_trace_full.json.gz
N79SC,2025-09-17,airplanes-live,0,none,D E MAGARIN ASSET MANAGEMENT LLC,N79SC,N79SC_2025-09-17_airplanes-live_trace_full.json.gz
N79SC,2025-09-18,airplanes-live,0,none,D E MAGARIN ASSET MANAGEMENT LLC,N79SC,N79SC_2025-09-18_airplanes-live_trace_full.json.gz
N79SC,2025-09-19,airplanes-live,0,none,D E MAGARIN ASSET MANAGEMENT LLC,N79SC,N79SC_2025-09-19_airplanes-live_trace_full.json.gz
N79SC,2025-09-20,airplanes-live,0,none,D E MAGARIN ASSET MANAGEMENT LLC,N79SC,N79SC_2025-09-20_airplanes-live_trace_full.json.gz
N79SC,2025-09-21,airplanes-live,0,none,D E MAGARIN ASSET MANAGEMENT LLC,N79SC,N79SC_2025-09-21_airplanes-live_trace_full.json.gz
N79SC,2025-09-25,airplanes-live,0,none,D E MAGARIN ASSET MANAGEMENT LLC,N79SC,N79SC_2025-09-25_airplanes-live_trace_full.json.gz
N79SC,2025-09-26,airplanes-live,0,none,D E MAGARIN ASSET MANAGEMENT LLC,N79SC,N79SC_2025-09-26_airplanes-live_trace_full.json.gz
N79SC,2025-09-27,airplanes-live,0,none,D E MAGARIN ASSET MANAGEMENT LLC,N79SC,N79SC_2025-09-27_airplanes-live_trace_full.json.gz
N79SC,2025-09-28,airplanes-live,0,none,D E MAGARIN ASSET MANAGEMENT LLC,N79SC,N79SC_2025-09-28_airplanes-live_trace_full.json.gz
N79SC,2025-09-29,airplanes-live,0,none,D E MAGARIN ASSET MANAGEMENT LLC,N79SC,N79SC_2025-09-29_airplanes-live_trace_full.json.gz
N79SC,2025-09-30,airplanes-live,0,none,D E MAGARIN ASSET MANAGEMENT LLC,N79SC,N79SC_2025-09-30_airplanes-live_trace_full.json.gz
N79SC,2025-10-01,airplanes-live,0,none,D E MAGARIN ASSET MANAGEMENT LLC,N79SC,N79SC_2025-10-01_airplanes-live_trace_full.json.gz
N79SC,2025-10-02,airplanes-live,0,none,D E MAGARIN ASSET MANAGEMENT LLC,N79SC,N79SC_2025-10-02_airplanes-live_trace_full.json.gz
N79SC,2025-10-03,airplanes-live,0,none,D E MAGARIN ASSET MANAGEMENT LLC,N79SC,N79SC_2025-10-03_airplanes-live_trace_full.json.gz
N79SC,2025-10-04,airplanes-live,0,none,D E MAGARIN ASSET MANAGEMENT LLC,N79SC,N79SC_2025-10-04_airplanes-live_trace_full.json.gz
N79SC,2025-10-05,airplanes-live,0,none,D E MAGARIN ASSET MANAGEMENT LLC,N79SC,N79SC_2025-10-05_airplanes-live_trace_full.json.gz
N79SC,2025-10-06,airplanes-live,0,none,D E MAGARIN ASSET MANAGEMENT LLC,N79SC,N79SC_2025-10-06_airplanes-live_trace_full.json.gz
N79SC,2025-10-07,airplanes-live,0,none,D E MAGARIN ASSET MANAGEMENT LLC,N79SC,N79SC_2025-10-07_airplanes-live_trace_full.json.gz
N79SC,2025-10-08,airplanes-live,0,none,D E MAGARIN ASSET MANAGEMENT LLC,N79SC,N79SC_2025-10-08_airplanes-live_trace_full.json.gz
N79SC,2025-10-09,airplanes-live,0,none,D E MAGARIN ASSET MANAGEMENT LLC,N79SC,N79SC_2025-10-09_airplanes-live_trace_full.json.gz
N79SC,2025-10-10,airplanes-live,0,none,D E MAGARIN ASSET MANAGEMENT LLC,N79SC,N79SC_2025-10-10_airplanes-live_trace_full.json.gz
N79SC,2025-10-11,airplanes-live,0,none,D E MAGARIN ASSET MANAGEMENT LLC,N79SC,N79SC_2025-10-11_airplanes-live_trace_full.json.gz
N79SC,2025-10-12,airplanes-live,0,none,D E MAGARIN ASSET MANAGEMENT LLC,N79SC,N79SC_2025-10-12_airplanes-live_trace_full.json.gz
N79SC,2025-10-13,airplanes-live,0,none,D E MAGARIN ASSET MANAGEMENT LLC,N79SC,N79SC_2025-10-13_airplanes-live_trace_full.json.gz
N79SC,2025-10-14,airplanes-live,0,none,D E MAGARIN ASSET MANAGEMENT LLC,N79SC,N79SC_2025-10-14_airplanes-live_trace_full.json.gz
N79SC,2025-10-15,airplanes-live,0,none,D E MAGARIN ASSET MANAGEMENT LLC,N79SC,N79SC_2025-10-15_airplanes-live_trace_full.json.gz
N79SC,2025-10-16,airplanes-live,0,none,D E MAGARIN ASSET MANAGEMENT LLC,N79SC,N79SC_2025-10-16_airplanes-live_trace_full.json.gz
N79SC,2025-10-17,airplanes-live,0,none,D E MAGARIN ASSET MANAGEMENT LLC,N79SC,N79SC_2025-10-17_airplanes-live_trace_full.json.gz
N79SC,2025-10-18,airplanes-live,0,none,D E MAGARIN ASSET MANAGEMENT LLC,N79SC,N79SC_2025-10-18_airplanes-live_trace_full.json.gz
N79SC,2025-10-19,airplanes-live,0,none,D E MAGARIN ASSET MANAGEMENT LLC,N79SC,N79SC_2025-10-19_airplanes-live_trace_full.json.gz
N79SC,2025-10-20,airplanes-live,0,none,D E MAGARIN ASSET MANAGEMENT LLC,N79SC,N79SC_2025-10-20_airplanes-live_trace_full.json.gz
N79SC,2025-10-21,airplanes-live,0,none,D E MAGARIN ASSET MANAGEMENT LLC,N79SC,N79SC_2025-10-21_airplanes-live_trace_full.json.gz
N79SC,2025-10-22,airplanes-live,0,none,D E MAGARIN ASSET MANAGEMENT LLC,N79SC,N79SC_2025-10-22_airplanes-live_trace_full.json.gz
N79SC,2025-10-23,airplanes-live,0,none,D E MAGARIN ASSET MANAGEMENT LLC,N79SC,N79SC_2025-10-23_airplanes-live_trace_full.json.gz
N79SC,2025-10-24,airplanes-live,0,none,D E MAGARIN ASSET MANAGEMENT LLC,N79SC,N79SC_2025-10-24_airplanes-live_trace_full.json.gz
N79SC,2025-10-25,airplanes-live,0,none,D E MAGARIN ASSET MANAGEMENT LLC,N79SC,N79SC_2025-10-25_airplanes-live_trace_full.json.gz
N79SC,2025-10-26,airplanes-live,0,none,D E MAGARIN ASSET MANAGEMENT LLC,N79SC,N79SC_2025-10-26_airplanes-live_trace_full.json.gz
N79SC,2025-10-27,airplanes-live,0,none,D E MAGARIN ASSET MANAGEMENT LLC,N79SC,N79SC_2025-10-27_airplanes-live_trace_full.json.gz
N79SC,2025-10-28,airplanes-live,0,none,D E MAGARIN ASSET MANAGEMENT LLC,N79SC,N79SC_2025-10-28_airplanes-live_trace_full.json.gz
N79SC,2025-10-29,airplanes-live,0,none,D E MAGARIN ASSET MANAGEMENT LLC,N79SC,N79SC_2025-10-29_airplanes-live_trace_full.json.gz
N79SC,2025-11-02,airplanes-live,0,none,D E MAGARIN ASSET MANAGEMENT LLC,N79SC,N79SC_2025-11-02_airplanes-live_trace_full.json.gz
N79SC,2025-11-03,airplanes-live,0,none,D E MAGARIN ASSET MANAGEMENT LLC,N79SC,N79SC_2025-11-03_airplanes-live_trace_full.json.gz
N79SC,2025-11-04,airplanes-live,0,none,D E MAGARIN ASSET MANAGEMENT LLC,N79SC,N79SC_2025-11-04_airplanes-live_trace_full.json.gz
N79SC,2025-11-05,airplanes-live,0,none,D E MAGARIN ASSET MANAGEMENT LLC,N79SC,N79SC_2025-11-05_airplanes-live_trace_full.json.gz
N79SC,2025-11-07,airplanes-live,0,none,D E MAGARIN ASSET MANAGEMENT LLC,N79SC,N79SC_2025-11-07_airplanes-live_trace_full.json.gz
N79SC,2025-11-08,airplanes-live,0,none,D E MAGARIN ASSET MANAGEMENT LLC,N79SC,N79SC_2025-11-08_airplanes-live_trace_full.json.gz
N79SC,2025-11-09,airplanes-live,0,none,D E MAGARIN ASSET MANAGEMENT LLC,N79SC,N79SC_2025-11-09_airplanes-live_trace_full.json.gz
N79SC,2025-11-10,airplanes-live,0,none,D E MAGARIN ASSET MANAGEMENT LLC,N79SC,N79SC_2025-11-10_airplanes-live_trace_full.json.gz
N79SC,2025-11-11,airplanes-live,0,none,D E MAGARIN ASSET MANAGEMENT LLC,N79SC,N79SC_2025-11-11_airplanes-live_trace_full.json.gz
N79SC,2025-11-12,airplanes-live,0,none,D E MAGARIN ASSET MANAGEMENT LLC,N79SC,N79SC_2025-11-12_airplanes-live_trace_full.json.gz
N79SC,2025-11-13,airplanes-live,0,none,D E MAGARIN ASSET MANAGEMENT LLC,N79SC,N79SC_2025-11-13_airplanes-live_trace_full.json.gz
N79SC,2025-11-14,airplanes-live,0,none,D E MAGARIN ASSET MANAGEMENT LLC,N79SC,N79SC_2025-11-14_airplanes-live_trace_full.json.gz
N79SC,2025-11-15,airplanes-live,0,none,D E MAGARIN ASSET MANAGEMENT LLC,N79SC,N79SC_2025-11-15_airplanes-live_trace_full.json.gz
N79SC,2025-11-16,airplanes-live,0,none,D E MAGARIN ASSET MANAGEMENT LLC,N79SC,N79SC_2025-11-16_airplanes-live_trace_full.json.gz
N79SC,2025-11-17,airplanes-live,0,none,D E MAGARIN ASSET MANAGEMENT LLC,N79SC,N79SC_2025-11-17_airplanes-live_trace_full.json.gz
N79SC,2025-11-19,airplanes-live,0,none,D E MAGARIN ASSET MANAGEMENT LLC,N79SC,N79SC_2025-11-19_airplanes-live_trace_full.json.gz
N79SC,2025-11-20,airplanes-live,0,none,D E MAGARIN ASSET MANAGEMENT LLC,N79SC,N79SC_2025-11-20_airplanes-live_trace_full.json.gz
N79SC,2025-11-21,airplanes-live,0,none,D E MAGARIN ASSET MANAGEMENT LLC,N79SC,N79SC_2025-11-21_airplanes-live_trace_full.json.gz
N79SC,2025-11-22,airplanes-live,0,none,D E MAGARIN ASSET MANAGEMENT LLC,N79SC,N79SC_2025-11-22_airplanes-live_trace_full.json.gz
N79SC,2025-11-23,airplanes-live,0,none,D E MAGARIN ASSET MANAGEMENT LLC,N79SC,N79SC_2025-11-23_airplanes-live_trace_full.json.gz
N79SC,2025-11-24,airplanes-live,0,none,D E MAGARIN ASSET MANAGEMENT LLC,N79SC,N79SC_2025-11-24_airplanes-live_trace_full.json.gz
N79SC,2025-11-25,airplanes-live,0,none,D E MAGARIN ASSET MANAGEMENT LLC,N79SC,N79SC_2025-11-25_airplanes-live_trace_full.json.gz
N79SC,2025-11-27,airplanes-live,0,none,D E MAGARIN ASSET MANAGEMENT LLC,N79SC,N79SC_2025-11-27_airplanes-live_trace_full.json.gz
N79SC,2025-11-29,airplanes-live,0,none,D E MAGARIN ASSET MANAGEMENT LLC,N79SC,N79SC_2025-11-29_airplanes-live_trace_full.json.gz
N79SC,2025-11-30,airplanes-live,0,none,D E MAGARIN ASSET MANAGEMENT LLC,N79SC,N79SC_2025-11-30_airplanes-live_trace_full.json.gz
N79SC,2025-12-01,airplanes-live,0,none,D E MAGARIN ASSET MANAGEMENT LLC,N79SC,N79SC_2025-12-01_airplanes-live_trace_full.json.gz
N79SC,2025-12-02,airplanes-live,0,none,D E MAGARIN ASSET MANAGEMENT LLC,N79SC,N79SC_2025-12-02_airplanes-live_trace_full.json.gz
N79SC,2025-12-06,airplanes-live,0,none,D E MAGARIN ASSET MANAGEMENT LLC,N79SC,N79SC_2025-12-06_airplanes-live_trace_full.json.gz
N79SC,2025-12-07,airplanes-live,0,none,D E MAGARIN ASSET MANAGEMENT LLC,N79SC,N79SC_2025-12-07_airplanes-live_trace_full.json.gz
N79SC,2025-12-08,airplanes-live,0,none,D E MAGARIN ASSET MANAGEMENT LLC,N79SC,N79SC_2025-12-08_airplanes-live_trace_full.json.gz
N79SC,2025-12-09,airplanes-live,0,none,D E MAGARIN ASSET MANAGEMENT LLC,N79SC,N79SC_2025-12-09_airplanes-live_trace_full.json.gz
N79SC,2025-12-10,airplanes-live,0,none,D E MAGARIN ASSET MANAGEMENT LLC,N79SC,N79SC_2025-12-10_airplanes-live_trace_full.json.gz
N79SC,2025-12-11,airplanes-live,0,none,D E MAGARIN ASSET MANAGEMENT LLC,N79SC,N79SC_2025-12-11_airplanes-live_trace_full.json.gz
N79SC,2025-12-12,airplanes-live,0,none,D E MAGARIN ASSET MANAGEMENT LLC,N79SC,N79SC_2025-12-12_airplanes-live_trace_full.json.gz
N79SC,2025-12-13,airplanes-live,0,none,D E MAGARIN ASSET MANAGEMENT LLC,N79SC,N79SC_2025-12-13_airplanes-live_trace_full.json.gz
N79SC,2025-12-14,airplanes-live,0,none,D E MAGARIN ASSET MANAGEMENT LLC,N79SC,N79SC_2025-12-14_airplanes-live_trace_full.json.gz
N79SC,2025-12-15,airplanes-live,0,none,D E MAGARIN ASSET MANAGEMENT LLC,N79SC,N79SC_2025-12-15_airplanes-live_trace_full.json.gz
N79SC,2025-12-16,airplanes-live,0,none,D E MAGARIN ASSET MANAGEMENT LLC,N79SC,N79SC_2025-12-16_airplanes-live_trace_full.json.gz
N79SC,2025-12-17,airplanes-live,0,none,D E MAGARIN ASSET MANAGEMENT LLC,N79SC,N79SC_2025-12-17_airplanes-live_trace_full.json.gz
N79SC,2025-12-18,airplanes-live,0,none,D E MAGARIN ASSET MANAGEMENT LLC,N79SC,N79SC_2025-12-18_airplanes-live_trace_full.json.gz
N79SC,2025-12-19,airplanes-live,0,none,D E MAGARIN ASSET MANAGEMENT LLC,N79SC,N79SC_2025-12-19_airplanes-live_trace_full.json.gz
N79SC,2025-12-20,airplanes-live,0,none,D E MAGARIN ASSET MANAGEMENT LLC,N79SC,N79SC_2025-12-20_airplanes-live_trace_full.json.gz
N79SC,2025-12-21,airplanes-live,0,none,D E MAGARIN ASSET MANAGEMENT LLC,N79SC,N79SC_2025-12-21_airplanes-live_trace_full.json.gz
N79SC,2025-12-22,airplanes-live,0,none,D E MAGARIN ASSET MANAGEMENT LLC,N79SC,N79SC_2025-12-22_airplanes-live_trace_full.json.gz
N79SC,2025-12-23,airplanes-live,0,none,D E MAGARIN ASSET MANAGEMENT LLC,N79SC,N79SC_2025-12-23_airplanes-live_trace_full.json.gz
N79SC,2025-12-24,airplanes-live,0,none,D E MAGARIN ASSET MANAGEMENT LLC,N79SC,N79SC_2025-12-24_airplanes-live_trace_full.json.gz
N79SC,2025-12-26,airplanes-live,0,none,D E MAGARIN ASSET MANAGEMENT LLC,N79SC,N79SC_2025-12-26_airplanes-live_trace_full.json.gz
N79SC,2025-12-27,airplanes-live,0,none,D E MAGARIN ASSET MANAGEMENT LLC,N79SC,N79SC_2025-12-27_airplanes-live_trace_full.json.gz
N79SC,2025-12-28,airplanes-live,0,none,D E MAGARIN ASSET MANAGEMENT LLC,N79SC,N79SC_2025-12-28_airplanes-live_trace_full.json.gz
N79SC,2025-12-29,airplanes-live,0,none,D E MAGARIN ASSET MANAGEMENT LLC,N79SC,N79SC_2025-12-29_airplanes-live_trace_full.json.gz
N79SC,2025-12-31,airplanes-live,0,none,D E MAGARIN ASSET MANAGEMENT LLC,N79SC,N79SC_2025-12-31_airplanes-live_trace_full.json.gz
N79SC,2026-01-01,airplanes-live,0,none,D E MAGARIN ASSET MANAGEMENT LLC,N79SC,N79SC_2026-01-01_airplanes-live_trace_full.json.gz
N79SC,2026-01-02,airplanes-live,0,none,D E MAGARIN ASSET MANAGEMENT LLC,N79SC,N79SC_2026-01-02_airplanes-live_trace_full.json.gz
N79SC,2026-01-03,airplanes-live,0,none,D E MAGARIN ASSET MANAGEMENT LLC,N79SC,N79SC_2026-01-03_airplanes-live_trace_full.json.gz
N79SC,2026-01-04,airplanes-live,0,none,D E MAGARIN ASSET MANAGEMENT LLC,N79SC,N79SC_2026-01-04_airplanes-live_trace_full.json.gz
N79SC,2026-01-05,airplanes-live,0,none,D E MAGARIN ASSET MANAGEMENT LLC,N79SC,N79SC_2026-01-05_airplanes-live_trace_full.json.gz
N79SC,2026-01-07,airplanes-live,0,none,D E MAGARIN ASSET MANAGEMENT LLC,N79SC,N79SC_2026-01-07_airplanes-live_trace_full.json.gz
N79SC,2026-01-08,airplanes-live,0,none,D E MAGARIN ASSET MANAGEMENT LLC,N79SC,N79SC_2026-01-08_airplanes-live_trace_full.json.gz
N79SC,2026-01-09,airplanes-live,0,none,D E MAGARIN ASSET MANAGEMENT LLC,N79SC,N79SC_2026-01-09_airplanes-live_trace_full.json.gz
N79SC,2026-01-10,airplanes-live,0,none,D E MAGARIN ASSET MANAGEMENT LLC,N79SC,N79SC_2026-01-10_airplanes-live_trace_full.json.gz
N79SC,2026-01-12,airplanes-live,0,none,D E MAGARIN ASSET MANAGEMENT LLC,N79SC,N79SC_2026-01-12_airplanes-live_trace_full.json.gz
N79SC,2026-01-13,airplanes-live,0,none,D E MAGARIN ASSET MANAGEMENT LLC,N79SC,N79SC_2026-01-13_airplanes-live_trace_full.json.gz
N79SC,2026-01-14,airplanes-live,0,none,D E MAGARIN ASSET MANAGEMENT LLC,N79SC,N79SC_2026-01-14_airplanes-live_trace_full.json.gz
N79SC,2026-01-15,airplanes-live,0,none,D E MAGARIN ASSET MANAGEMENT LLC,N79SC,N79SC_2026-01-15_airplanes-live_trace_full.json.gz
N79SC,2026-01-16,airplanes-live,0,none,D E MAGARIN ASSET MANAGEMENT LLC,N79SC,N79SC_2026-01-16_airplanes-live_trace_full.json.gz
N79SC,2026-01-17,airplanes-live,0,none,D E MAGARIN ASSET MANAGEMENT LLC,N79SC,N79SC_2026-01-17_airplanes-live_trace_full.json.gz
N79SC,2026-01-20,airplanes-live,0,none,D E MAGARIN ASSET MANAGEMENT LLC,N79SC,N79SC_2026-01-20_airplanes-live_trace_full.json.gz
N79SC,2026-01-21,airplanes-live,0,none,D E MAGARIN ASSET MANAGEMENT LLC,N79SC,N79SC_2026-01-21_airplanes-live_trace_full.json.gz
N79SC,2026-01-22,airplanes-live,0,none,D E MAGARIN ASSET MANAGEMENT LLC,N79SC,N79SC_2026-01-22_airplanes-live_trace_full.json.gz
N79SC,2026-01-29,airplanes-live,0,none,D E MAGARIN ASSET MANAGEMENT LLC,N79SC,N79SC_2026-01-29_airplanes-live_trace_full.json.gz
N79SC,2026-01-30,airplanes-live,0,none,D E MAGARIN ASSET MANAGEMENT LLC,N79SC,N79SC_2026-01-30_airplanes-live_trace_full.json.gz
N79SC,2026-04-20,airplanes-live,0,none,FIRST STATE BANK,N79SC,N79SC_2026-04-20_airplanes-live_trace_full.json.gz
N79SC,2026-04-27,airplanes-live,0,none,FIRST STATE BANK,N79SC,N79SC_2026-04-27_airplanes-live_trace_full.json.gz
N79SC,2026-04-28,airplanes-live,0,none,FIRST STATE BANK,N79SC,N79SC_2026-04-28_airplanes-live_trace_full.json.gz
N79SC,2026-04-30,airplanes-live,0,none,TVPX AIRCRAFT SOLUTIONS INC TRUSTEE,N79SC,N79SC_2026-04-30_airplanes-live_trace_full.json.gz
N79SC,2026-05-01,airplanes-live,0,none,TVPX AIRCRAFT SOLUTIONS INC TRUSTEE,N79SC,N79SC_2026-05-01_airplanes-live_trace_full.json.gz
N79SC,2026-06-01,airplanes-live,8,LADD,TVPX AIRCRAFT SOLUTIONS INC TRUSTEE,N79SC,N79SC_2026-06-01_airplanes-live_trace_full.json.gz
N79SC,2026-07-13,airplanes-live,8,LADD,TVPX AIRCRAFT SOLUTIONS INC TRUSTEE,N79SC,N79SC_2026-07-13_airplanes-live_trace_full.json.gz
N79SC,2026-08-11,airplanes-live,8,LADD,BANK OF UTAH TRUSTEE,N79SC,N79SC_2026-08-11_airplanes-live_trace_full.json.gz
N804MS,2023-02-08,airplanes-live,8,LADD,INTERFACE OPERATIONS LLC,N804MS,N804MS_2023-02-08_airplanes-live_trace_full.json.gz
N804MS,2023-03-18,airplanes-live,0,none,,N804MS,N804MS_2023-03-18_airplanes-live_trace_full.json.gz
N804MS,2023-03-19,airplanes-live,0,none,,N804MS,N804MS_2023-03-19_airplanes-live_trace_full.json.gz
N804MS,2023-03-24,airplanes-live,0,none,,N804MS,N804MS_2023-03-24_airplanes-live_trace_full.json.gz
N804MS,2023-03-25,airplanes-live,0,none,,N804MS,N804MS_2023-03-25_airplanes-live_trace_full.json.gz
N804MS,2023-04-14,airplanes-live,0,none,,N804MS,N804MS_2023-04-14_airplanes-live_trace_full.json.gz
N804MS,2023-04-17,airplanes-live,0,none,,N804MS,N804MS_2023-04-17_airplanes-live_trace_full.json.gz
N804MS,2023-04-18,airplanes-live,0,none,,N804MS,N804MS_2023-04-18_airplanes-live_trace_full.json.gz
N804MS,2023-06-10,airplanes-live,0,none,,N804MS,N804MS_2023-06-10_airplanes-live_trace_full.json.gz
N804MS,2023-06-11,airplanes-live,0,none,,N804MS,N804MS_2023-06-11_airplanes-live_trace_full.json.gz
N804MS,2023-06-18,airplanes-live,0,none,,N804MS,N804MS_2023-06-18_airplanes-live_trace_full.json.gz
N804MS,2023-06-19,airplanes-live,0,none,,N804MS,N804MS_2023-06-19_airplanes-live_trace_full.json.gz
N804MS,2023-06-20,airplanes-live,0,none,,N804MS,N804MS_2023-06-20_airplanes-live_trace_full.json.gz
N804MS,2023-06-25,airplanes-live,0,none,,N804MS,N804MS_2023-06-25_airplanes-live_trace_full.json.gz
N804MS,2023-06-28,airplanes-live,0,none,,N804MS,N804MS_2023-06-28_airplanes-live_trace_full.json.gz
N804MS,2023-07-02,airplanes-live,0,none,,N804MS,N804MS_2023-07-02_airplanes-live_trace_full.json.gz
N804MS,2023-07-03,airplanes-live,0,none,,N804MS,N804MS_2023-07-03_airplanes-live_trace_full.json.gz
N804MS,2023-08-26,airplanes-live,0,none,,N804MS,N804MS_2023-08-26_airplanes-live_trace_full.json.gz
N804MS,2023-08-28,airplanes-live,0,none,,N804MS,N804MS_2023-08-28_airplanes-live_trace_full.json.gz
N804MS,2023-09-09,adsb-lol,8,LADD,INTERFACE OPERATIONS LLC,N804MS,N804MS_2023-09-09_adsb-lol_trace_full.json.gz
N804MS,2023-09-10,adsb-lol,8,LADD,INTERFACE OPERATIONS LLC,N804MS,N804MS_2023-09-10_adsb-lol_trace_full.json.gz
N804MS,2023-09-11,adsb-lol,8,LADD,INTERFACE OPERATIONS LLC,N804MS,N804MS_2023-09-11_adsb-lol_trace_full.json.gz
N804MS,2023-09-12,adsb-lol,8,LADD,INTERFACE OPERATIONS LLC,N804MS,N804MS_2023-09-12_adsb-lol_trace_full.json.gz
N804MS,2024-02-21,airplanes-live,8,LADD,INTERFACE OPERATIONS LLC,N804MS,N804MS_2024-02-21_airplanes-live_trace_full.json.gz
N804MS,2024-03-03,airplanes-live,8,LADD,INTERFACE OPERATIONS LLC,N804MS,N804MS_2024-03-03_airplanes-live_trace_full.json.gz
N804MS,2024-03-04,airplanes-live,8,LADD,INTERFACE OPERATIONS LLC,N804MS,N804MS_2024-03-04_airplanes-live_trace_full.json.gz
N804MS,2024-03-05,airplanes-live,8,LADD,INTERFACE OPERATIONS LLC,N804MS,N804MS_2024-03-05_airplanes-live_trace_full.json.gz
N804MS,2024-03-06,airplanes-live,8,LADD,INTERFACE OPERATIONS LLC,N804MS,N804MS_2024-03-06_airplanes-live_trace_full.json.gz
N804MS,2024-03-25,airplanes-live,8,LADD,INTERFACE OPERATIONS LLC,N804MS,N804MS_2024-03-25_airplanes-live_trace_full.json.gz
N804MS,2024-03-28,airplanes-live,8,LADD,INTERFACE OPERATIONS LLC,N804MS,N804MS_2024-03-28_airplanes-live_trace_full.json.gz
N804MS,2024-03-29,airplanes-live,8,LADD,INTERFACE OPERATIONS LLC,N804MS,N804MS_2024-03-29_airplanes-live_trace_full.json.gz
N804MS,2024-03-30,airplanes-live,8,LADD,INTERFACE OPERATIONS LLC,N804MS,N804MS_2024-03-30_airplanes-live_trace_full.json.gz
N804MS,2024-04-25,airplanes-live,8,LADD,INTERFACE OPERATIONS LLC,N804MS,N804MS_2024-04-25_airplanes-live_trace_full.json.gz
N804MS,2024-05-13,airplanes-live,8,LADD,INTERFACE OPERATIONS LLC,N804MS,N804MS_2024-05-13_airplanes-live_trace_full.json.gz
N804MS,2024-05-16,airplanes-live,8,LADD,INTERFACE OPERATIONS LLC,N804MS,N804MS_2024-05-16_airplanes-live_trace_full.json.gz
N804MS,2024-05-17,airplanes-live,8,LADD,INTERFACE OPERATIONS LLC,N804MS,N804MS_2024-05-17_airplanes-live_trace_full.json.gz
N804MS,2024-05-18,airplanes-live,8,LADD,INTERFACE OPERATIONS LLC,N804MS,N804MS_2024-05-18_airplanes-live_trace_full.json.gz
N804MS,2024-05-25,airplanes-live,8,LADD,INTERFACE OPERATIONS LLC,N804MS,N804MS_2024-05-25_airplanes-live_trace_full.json.gz
N804MS,2024-05-26,airplanes-live,8,LADD,INTERFACE OPERATIONS LLC,N804MS,N804MS_2024-05-26_airplanes-live_trace_full.json.gz
N804MS,2024-05-27,airplanes-live,8,LADD,INTERFACE OPERATIONS LLC,N804MS,N804MS_2024-05-27_airplanes-live_trace_full.json.gz
N804MS,2024-06-12,airplanes-live,8,LADD,INTERFACE OPERATIONS LLC,N804MS,N804MS_2024-06-12_airplanes-live_trace_full.json.gz
N804MS,2024-06-13,airplanes-live,8,LADD,INTERFACE OPERATIONS LLC,N804MS,N804MS_2024-06-13_airplanes-live_trace_full.json.gz
N804MS,2024-06-14,airplanes-live,8,LADD,INTERFACE OPERATIONS LLC,N804MS,N804MS_2024-06-14_airplanes-live_trace_full.json.gz
N804MS,2024-06-24,airplanes-live,8,LADD,INTERFACE OPERATIONS LLC,N804MS,N804MS_2024-06-24_airplanes-live_trace_full.json.gz
N804MS,2024-06-25,airplanes-live,8,LADD,INTERFACE OPERATIONS LLC,N804MS,N804MS_2024-06-25_airplanes-live_trace_full.json.gz
N804MS,2024-06-26,airplanes-live,8,LADD,INTERFACE OPERATIONS LLC,N804MS,N804MS_2024-06-26_airplanes-live_trace_full.json.gz
N804MS,2024-07-01,airplanes-live,8,LADD,INTERFACE OPERATIONS LLC,N804MS,N804MS_2024-07-01_airplanes-live_trace_full.json.gz
N804MS,2024-07-04,airplanes-live,8,LADD,INTERFACE OPERATIONS LLC,N804MS,N804MS_2024-07-04_airplanes-live_trace_full.json.gz
N804MS,2024-07-11,airplanes-live,8,LADD,INTERFACE OPERATIONS LLC,N804MS,N804MS_2024-07-11_airplanes-live_trace_full.json.gz
N804MS,2024-07-13,airplanes-live,8,LADD,INTERFACE OPERATIONS LLC,N804MS,N804MS_2024-07-13_airplanes-live_trace_full.json.gz
N804MS,2024-07-14,airplanes-live,8,LADD,INTERFACE OPERATIONS LLC,N804MS,N804MS_2024-07-14_airplanes-live_trace_full.json.gz
N804MS,2024-07-16,airplanes-live,8,LADD,INTERFACE OPERATIONS LLC,N804MS,N804MS_2024-07-16_airplanes-live_trace_full.json.gz
N804MS,2024-07-17,airplanes-live,8,LADD,INTERFACE OPERATIONS LLC,N804MS,N804MS_2024-07-17_airplanes-live_trace_full.json.gz
N804MS,2024-07-18,airplanes-live,8,LADD,INTERFACE OPERATIONS LLC,N804MS,N804MS_2024-07-18_airplanes-live_trace_full.json.gz
N804MS,2024-07-19,airplanes-live,8,LADD,INTERFACE OPERATIONS LLC,N804MS,N804MS_2024-07-19_airplanes-live_trace_full.json.gz
N804MS,2024-07-25,airplanes-live,8,LADD,INTERFACE OPERATIONS LLC,N804MS,N804MS_2024-07-25_airplanes-live_trace_full.json.gz
N804MS,2024-07-27,airplanes-live,8,LADD,INTERFACE OPERATIONS LLC,N804MS,N804MS_2024-07-27_airplanes-live_trace_full.json.gz
N804MS,2024-07-28,airplanes-live,8,LADD,INTERFACE OPERATIONS LLC,N804MS,N804MS_2024-07-28_airplanes-live_trace_full.json.gz
N804MS,2024-07-29,airplanes-live,8,LADD,INTERFACE OPERATIONS LLC,N804MS,N804MS_2024-07-29_airplanes-live_trace_full.json.gz
N804MS,2024-08-08,airplanes-live,8,LADD,INTERFACE OPERATIONS LLC,N804MS,N804MS_2024-08-08_airplanes-live_trace_full.json.gz
N804MS,2024-08-09,airplanes-live,8,LADD,INTERFACE OPERATIONS LLC,N804MS,N804MS_2024-08-09_airplanes-live_trace_full.json.gz
N804MS,2024-09-06,airplanes-live,8,LADD,INTERFACE OPERATIONS LLC,N804MS,N804MS_2024-09-06_airplanes-live_trace_full.json.gz
N804MS,2024-09-08,airplanes-live,8,LADD,INTERFACE OPERATIONS LLC,N804MS,N804MS_2024-09-08_airplanes-live_trace_full.json.gz
N804MS,2024-09-09,airplanes-live,8,LADD,INTERFACE OPERATIONS LLC,N804MS,N804MS_2024-09-09_airplanes-live_trace_full.json.gz
N804MS,2024-11-13,airplanes-live,8,LADD,INTERFACE OPERATIONS LLC,N804MS,N804MS_2024-11-13_airplanes-live_trace_full.json.gz
N804MS,2024-11-14,airplanes-live,8,LADD,INTERFACE OPERATIONS LLC,N804MS,N804MS_2024-11-14_airplanes-live_trace_full.json.gz
N804MS,2025-03-07,airplanes-live,8,LADD,INTERFACE OPERATIONS LLC,N804MS,N804MS_2025-03-07_airplanes-live_trace_full.json.gz
N804MS,2025-03-09,airplanes-live,8,LADD,INTERFACE OPERATIONS LLC,N804MS,N804MS_2025-03-09_airplanes-live_trace_full.json.gz
N804MS,2025-03-10,airplanes-live,8,LADD,INTERFACE OPERATIONS LLC,N804MS,N804MS_2025-03-10_airplanes-live_trace_full.json.gz
N804MS,2025-03-11,airplanes-live,8,LADD,INTERFACE OPERATIONS LLC,N804MS,N804MS_2025-03-11_airplanes-live_trace_full.json.gz
N804MS,2025-03-12,airplanes-live,8,LADD,INTERFACE OPERATIONS LLC,N804MS,N804MS_2025-03-12_airplanes-live_trace_full.json.gz
N804MS,2025-03-13,airplanes-live,8,LADD,INTERFACE OPERATIONS LLC,N804MS,N804MS_2025-03-13_airplanes-live_trace_full.json.gz
N804MS,2025-03-14,airplanes-live,8,LADD,INTERFACE OPERATIONS LLC,N804MS,N804MS_2025-03-14_airplanes-live_trace_full.json.gz
N804MS,2025-03-23,airplanes-live,8,LADD,INTERFACE OPERATIONS LLC,N804MS,N804MS_2025-03-23_airplanes-live_trace_full.json.gz
N804MS,2025-03-24,airplanes-live,8,LADD,INTERFACE OPERATIONS LLC,N804MS,N804MS_2025-03-24_airplanes-live_trace_full.json.gz
N804MS,2025-03-25,airplanes-live,8,LADD,INTERFACE OPERATIONS LLC,N804MS,N804MS_2025-03-25_airplanes-live_trace_full.json.gz
N804MS,2025-03-28,airplanes-live,8,LADD,INTERFACE OPERATIONS LLC,N804MS,N804MS_2025-03-28_airplanes-live_trace_full.json.gz
N804MS,2025-04-05,airplanes-live,8,LADD,INTERFACE OPERATIONS LLC,N804MS,N804MS_2025-04-05_airplanes-live_trace_full.json.gz
N804MS,2025-04-07,airplanes-live,8,LADD,INTERFACE OPERATIONS LLC,N804MS,N804MS_2025-04-07_airplanes-live_trace_full.json.gz
N804MS,2025-04-08,airplanes-live,8,LADD,INTERFACE OPERATIONS LLC,N804MS,N804MS_2025-04-08_airplanes-live_trace_full.json.gz
N804MS,2025-04-09,airplanes-live,8,LADD,INTERFACE OPERATIONS LLC,N804MS,N804MS_2025-04-09_airplanes-live_trace_full.json.gz
N804MS,2025-04-23,airplanes-live,8,LADD,INTERFACE OPERATIONS LLC,N804MS,N804MS_2025-04-23_airplanes-live_trace_full.json.gz
N804MS,2025-04-24,airplanes-live,8,LADD,INTERFACE OPERATIONS LLC,N804MS,N804MS_2025-04-24_airplanes-live_trace_full.json.gz
N804MS,2025-05-14,airplanes-live,8,LADD,INTERFACE OPERATIONS LLC,N804MS,N804MS_2025-05-14_airplanes-live_trace_full.json.gz
N804MS,2025-05-15,airplanes-live,8,LADD,INTERFACE OPERATIONS LLC,N804MS,N804MS_2025-05-15_airplanes-live_trace_full.json.gz
N804MS,2025-06-18,airplanes-live,8,LADD,INTERFACE OPERATIONS LLC,N804MS,N804MS_2025-06-18_airplanes-live_trace_full.json.gz
N804MS,2025-06-22,airplanes-live,8,LADD,INTERFACE OPERATIONS LLC,N804MS,N804MS_2025-06-22_airplanes-live_trace_full.json.gz
N804MS,2025-06-26,airplanes-live,8,LADD,INTERFACE OPERATIONS LLC,N804MS,N804MS_2025-06-26_airplanes-live_trace_full.json.gz
N804MS,2025-06-27,airplanes-live,8,LADD,INTERFACE OPERATIONS LLC,N804MS,N804MS_2025-06-27_airplanes-live_trace_full.json.gz
N804MS,2025-07-03,airplanes-live,8,LADD,INTERFACE OPERATIONS LLC,N804MS,N804MS_2025-07-03_airplanes-live_trace_full.json.gz
N804MS,2025-07-04,airplanes-live,8,LADD,INTERFACE OPERATIONS LLC,N804MS,N804MS_2025-07-04_airplanes-live_trace_full.json.gz
N804MS,2025-07-13,airplanes-live,8,LADD,INTERFACE OPERATIONS LLC,N804MS,N804MS_2025-07-13_airplanes-live_trace_full.json.gz
N804MS,2025-07-18,airplanes-live,8,LADD,INTERFACE OPERATIONS LLC,N804MS,N804MS_2025-07-18_airplanes-live_trace_full.json.gz
N804MS,2025-07-27,airplanes-live,8,LADD,INTERFACE OPERATIONS LLC,N804MS,N804MS_2025-07-27_airplanes-live_trace_full.json.gz
N804MS,2025-07-29,airplanes-live,8,LADD,INTERFACE OPERATIONS LLC,N804MS,N804MS_2025-07-29_airplanes-live_trace_full.json.gz
N804MS,2025-07-30,airplanes-live,8,LADD,INTERFACE OPERATIONS LLC,N804MS,N804MS_2025-07-30_airplanes-live_trace_full.json.gz
N804MS,2025-08-03,airplanes-live,8,LADD,INTERFACE OPERATIONS LLC,N804MS,N804MS_2025-08-03_airplanes-live_trace_full.json.gz
N804MS,2025-08-04,airplanes-live,8,LADD,INTERFACE OPERATIONS LLC,N804MS,N804MS_2025-08-04_airplanes-live_trace_full.json.gz
N804MS,2025-08-05,airplanes-live,8,LADD,INTERFACE OPERATIONS LLC,N804MS,N804MS_2025-08-05_airplanes-live_trace_full.json.gz
N804MS,2025-08-12,airplanes-live,8,LADD,INTERFACE OPERATIONS LLC,N804MS,N804MS_2025-08-12_airplanes-live_trace_full.json.gz
N804MS,2025-08-13,airplanes-live,8,LADD,INTERFACE OPERATIONS LLC,N804MS,N804MS_2025-08-13_airplanes-live_trace_full.json.gz
N804MS,2025-08-14,airplanes-live,8,LADD,INTERFACE OPERATIONS LLC,N804MS,N804MS_2025-08-14_airplanes-live_trace_full.json.gz
N804MS,2025-09-12,airplanes-live,8,LADD,INTERFACE OPERATIONS LLC,N804MS,N804MS_2025-09-12_airplanes-live_trace_full.json.gz
N804MS,2025-09-14,airplanes-live,8,LADD,INTERFACE OPERATIONS LLC,N804MS,N804MS_2025-09-14_airplanes-live_trace_full.json.gz
N804MS,2025-09-25,airplanes-live,8,LADD,INTERFACE OPERATIONS LLC,N804MS,N804MS_2025-09-25_airplanes-live_trace_full.json.gz
N804MS,2025-09-26,airplanes-live,8,LADD,INTERFACE OPERATIONS LLC,N804MS,N804MS_2025-09-26_airplanes-live_trace_full.json.gz
N804MS,2025-09-29,airplanes-live,8,LADD,INTERFACE OPERATIONS LLC,N804MS,N804MS_2025-09-29_airplanes-live_trace_full.json.gz
N804MS,2025-10-01,airplanes-live,8,LADD,INTERFACE OPERATIONS LLC,N804MS,N804MS_2025-10-01_airplanes-live_trace_full.json.gz
N804MS,2025-10-05,airplanes-live,8,LADD,INTERFACE OPERATIONS LLC,N804MS,N804MS_2025-10-05_airplanes-live_trace_full.json.gz
N804MS,2025-10-06,airplanes-live,8,LADD,INTERFACE OPERATIONS LLC,N804MS,N804MS_2025-10-06_airplanes-live_trace_full.json.gz
N804MS,2025-10-14,airplanes-live,8,LADD,INTERFACE OPERATIONS LLC,N804MS,N804MS_2025-10-14_airplanes-live_trace_full.json.gz
N804MS,2025-10-16,airplanes-live,8,LADD,INTERFACE OPERATIONS LLC,N804MS,N804MS_2025-10-16_airplanes-live_trace_full.json.gz
N804MS,2025-10-18,airplanes-live,8,LADD,INTERFACE OPERATIONS LLC,N804MS,N804MS_2025-10-18_airplanes-live_trace_full.json.gz
N804MS,2025-10-19,airplanes-live,8,LADD,INTERFACE OPERATIONS LLC,N804MS,N804MS_2025-10-19_airplanes-live_trace_full.json.gz
N804MS,2025-11-01,airplanes-live,8,LADD,INTERFACE OPERATIONS LLC,N804MS,N804MS_2025-11-01_airplanes-live_trace_full.json.gz
N804MS,2025-11-03,airplanes-live,8,LADD,INTERFACE OPERATIONS LLC,N804MS,N804MS_2025-11-03_airplanes-live_trace_full.json.gz
N804MS,2025-11-05,airplanes-live,8,LADD,INTERFACE OPERATIONS LLC,N804MS,N804MS_2025-11-05_airplanes-live_trace_full.json.gz
N804MS,2025-11-06,airplanes-live,8,LADD,INTERFACE OPERATIONS LLC,N804MS,N804MS_2025-11-06_airplanes-live_trace_full.json.gz
N804MS,2025-12-18,airplanes-live,8,LADD,INTERFACE OPERATIONS LLC,N804MS,N804MS_2025-12-18_airplanes-live_trace_full.json.gz
N804MS,2025-12-19,airplanes-live,8,LADD,INTERFACE OPERATIONS LLC,N804MS,N804MS_2025-12-19_airplanes-live_trace_full.json.gz
N804MS,2025-12-23,airplanes-live,8,LADD,INTERFACE OPERATIONS LLC,N804MS,N804MS_2025-12-23_airplanes-live_trace_full.json.gz
N804MS,2025-12-29,airplanes-live,8,LADD,INTERFACE OPERATIONS LLC,N804MS,N804MS_2025-12-29_airplanes-live_trace_full.json.gz
N804MS,2026-01-15,airplanes-live,8,LADD,INTERFACE OPERATIONS LLC,N804MS,N804MS_2026-01-15_airplanes-live_trace_full.json.gz
N804MS,2026-01-18,airplanes-live,8,LADD,INTERFACE OPERATIONS LLC,N804MS,N804MS_2026-01-18_airplanes-live_trace_full.json.gz
N804MS,2026-01-22,airplanes-live,8,LADD,INTERFACE OPERATIONS LLC,N804MS,N804MS_2026-01-22_airplanes-live_trace_full.json.gz
N804MS,2026-01-24,airplanes-live,8,LADD,INTERFACE OPERATIONS LLC,N804MS,N804MS_2026-01-24_airplanes-live_trace_full.json.gz
N804MS,2026-01-27,airplanes-live,8,LADD,INTERFACE OPERATIONS LLC,N804MS,N804MS_2026-01-27_airplanes-live_trace_full.json.gz
N804MS,2026-02-03,airplanes-live,8,LADD,INTERFACE OPERATIONS LLC,N804MS,N804MS_2026-02-03_airplanes-live_trace_full.json.gz
N804MS,2026-02-05,airplanes-live,8,LADD,INTERFACE OPERATIONS LLC,N804MS,N804MS_2026-02-05_airplanes-live_trace_full.json.gz
N804MS,2026-02-06,airplanes-live,8,LADD,INTERFACE OPERATIONS LLC,N804MS,N804MS_2026-02-06_airplanes-live_trace_full.json.gz
N804MS,2026-02-08,airplanes-live,8,LADD,INTERFACE OPERATIONS LLC,N804MS,N804MS_2026-02-08_airplanes-live_trace_full.json.gz
N804MS,2026-02-09,airplanes-live,8,LADD,INTERFACE OPERATIONS LLC,N804MS,N804MS_2026-02-09_airplanes-live_trace_full.json.gz
N804MS,2026-02-27,airplanes-live,8,LADD,INTERFACE OPERATIONS LLC,N804MS,N804MS_2026-02-27_airplanes-live_trace_full.json.gz
N804MS,2026-02-28,airplanes-live,8,LADD,INTERFACE OPERATIONS LLC,N804MS,N804MS_2026-02-28_airplanes-live_trace_full.json.gz
N804MS,2026-03-01,airplanes-live,8,LADD,INTERFACE OPERATIONS LLC,N804MS,N804MS_2026-03-01_airplanes-live_trace_full.json.gz
N804MS,2026-03-17,airplanes-live,8,LADD,INTERFACE OPERATIONS LLC,N804MS,N804MS_2026-03-17_airplanes-live_trace_full.json.gz
N804MS,2026-03-18,airplanes-live,8,LADD,INTERFACE OPERATIONS LLC,N804MS,N804MS_2026-03-18_airplanes-live_trace_full.json.gz
N804MS,2026-03-20,airplanes-live,8,LADD,INTERFACE OPERATIONS LLC,N804MS,N804MS_2026-03-20_airplanes-live_trace_full.json.gz
N804MS,2026-03-21,airplanes-live,8,LADD,INTERFACE OPERATIONS LLC,N804MS,N804MS_2026-03-21_airplanes-live_trace_full.json.gz
N804MS,2026-05-05,airplanes-live,8,LADD,INTERFACE OPERATIONS LLC,N804MS,N804MS_2026-05-05_airplanes-live_trace_full.json.gz
N804MS,2026-05-09,airplanes-live,8,LADD,INTERFACE OPERATIONS LLC,N804MS,N804MS_2026-05-09_airplanes-live_trace_full.json.gz
N804MS,2026-05-14,airplanes-live,8,LADD,INTERFACE OPERATIONS LLC,N804MS,N804MS_2026-05-14_airplanes-live_trace_full.json.gz
N804MS,2026-05-15,airplanes-live,8,LADD,INTERFACE OPERATIONS LLC,N804MS,N804MS_2026-05-15_airplanes-live_trace_full.json.gz
N804MS,2026-05-21,airplanes-live,8,LADD,INTERFACE OPERATIONS LLC,N804MS,N804MS_2026-05-21_airplanes-live_trace_full.json.gz
N804MS,2026-05-22,airplanes-live,8,LADD,INTERFACE OPERATIONS LLC,N804MS,N804MS_2026-05-22_airplanes-live_trace_full.json.gz
N804MS,2026-05-26,airplanes-live,8,LADD,INTERFACE OPERATIONS LLC,N804MS,N804MS_2026-05-26_airplanes-live_trace_full.json.gz
N804MS,2026-05-28,airplanes-live,8,LADD,INTERFACE OPERATIONS LLC,N804MS,N804MS_2026-05-28_airplanes-live_trace_full.json.gz
N804MS,2026-06-05,airplanes-live,8,LADD,INTERFACE OPERATIONS LLC,N804MS,N804MS_2026-06-05_airplanes-live_trace_full.json.gz
N804MS,2026-06-06,airplanes-live,8,LADD,INTERFACE OPERATIONS LLC,N804MS,N804MS_2026-06-06_airplanes-live_trace_full.json.gz
N804MS,2026-06-07,airplanes-live,8,LADD,INTERFACE OPERATIONS LLC,N804MS,N804MS_2026-06-07_airplanes-live_trace_full.json.gz
N804MS,2026-06-13,airplanes-live,8,LADD,INTERFACE OPERATIONS LLC,N804MS,N804MS_2026-06-13_airplanes-live_trace_full.json.gz
N804MS,2026-06-14,airplanes-live,8,LADD,INTERFACE OPERATIONS LLC,N804MS,N804MS_2026-06-14_airplanes-live_trace_full.json.gz
N804MS,2026-07-05,airplanes-live,8,LADD,INTERFACE OPERATIONS LLC,N804MS,N804MS_2026-07-05_airplanes-live_trace_full.json.gz
N804MS,2026-07-06,airplanes-live,8,LADD,INTERFACE OPERATIONS LLC,N804MS,N804MS_2026-07-06_airplanes-live_trace_full.json.gz
N804MS,2026-07-07,airplanes-live,8,LADD,INTERFACE OPERATIONS LLC,N804MS,N804MS_2026-07-07_airplanes-live_trace_full.json.gz
N804MS,2026-07-08,airplanes-live,8,LADD,INTERFACE OPERATIONS LLC,N804MS,N804MS_2026-07-08_airplanes-live_trace_full.json.gz
N804MS,2026-07-12,airplanes-live,8,LADD,INTERFACE OPERATIONS LLC,N804MS,N804MS_2026-07-12_airplanes-live_trace_full.json.gz
N804MS,2026-07-15,airplanes-live,8,LADD,INTERFACE OPERATIONS LLC,N804MS,N804MS_2026-07-15_airplanes-live_trace_full.json.gz
N804MS,2026-07-16,airplanes-live,8,LADD,INTERFACE OPERATIONS LLC,N804MS,N804MS_2026-07-16_airplanes-live_trace_full.json.gz
N804MS,2026-07-22,airplanes-live,8,LADD,INTERFACE OPERATIONS LLC,N804MS,N804MS_2026-07-22_airplanes-live_trace_full.json.gz
N804MS,2026-07-23,airplanes-live,8,LADD,INTERFACE OPERATIONS LLC,N804MS,N804MS_2026-07-23_airplanes-live_trace_full.json.gz
N804MS,2026-07-27,airplanes-live,8,LADD,INTERFACE OPERATIONS LLC,N804MS,N804MS_2026-07-27_airplanes-live_trace_full.json.gz
N804MS,2026-07-28,airplanes-live,8,LADD,INTERFACE OPERATIONS LLC,N804MS,N804MS_2026-07-28_airplanes-live_trace_full.json.gz
N804MS,2026-08-06,airplanes-live,8,LADD,INTERFACE OPERATIONS LLC,N804MS,N804MS_2026-08-06_airplanes-live_trace_full.json.gz
N804MS,2026-08-07,airplanes-live,8,LADD,INTERFACE OPERATIONS LLC,N804MS,N804MS_2026-08-07_airplanes-live_trace_full.json.gz
N804MS,2026-08-08,airplanes-live,8,LADD,INTERFACE OPERATIONS LLC,N804MS,N804MS_2026-08-08_airplanes-live_trace_full.json.gz
N804MS,2026-08-09,airplanes-live,8,LADD,INTERFACE OPERATIONS LLC,N804MS,N804MS_2026-08-09_airplanes-live_trace_full.json.gz
N804MS,2026-08-11,airplanes-live,8,LADD,INTERFACE OPERATIONS LLC,N804MS,N804MS_2026-08-11_airplanes-live_trace_full.json.gz
N804MS,2026-08-20,airplanes-live,8,LADD,INTERFACE OPERATIONS LLC,N804MS,N804MS_2026-08-20_airplanes-live_trace_full.json.gz
N804MS,2026-08-23,airplanes-live,8,LADD,INTERFACE OPERATIONS LLC,N804MS,N804MS_2026-08-23_airplanes-live_trace_full.json.gz
N804MS,2026-09-08,airplanes-live,8,LADD,INTERFACE OPERATIONS LLC,N804MS,N804MS_2026-09-08_airplanes-live_trace_full.json.gz
N872RA,2022-04-01,adsbexchange-samples,,not_in_header,A&E HAWKER LP,N872RA,N872RA_2022-04-01_adsbexchange-samples_trace_full.json
N872RA,2022-12-01,adsbexchange-samples,0,none,A&E HAWKER LP,N872RA,N872RA_2022-12-01_adsbexchange-samples_trace_full.json
N872RA,2023-02-06,airplanes-live,0,none,A&E HAWKER LP,N872RA,N872RA_2023-02-06_airplanes-live_trace_full.json.gz
N872RA,2023-02-07,airplanes-live,0,none,A&E HAWKER LP,N872RA,N872RA_2023-02-07_airplanes-live_trace_full.json.gz
N872RA,2023-02-08,airplanes-live,0,none,A&E HAWKER LP,N872RA,N872RA_2023-02-08_airplanes-live_trace_full.json.gz
N872RA,2023-02-09,airplanes-live,0,none,A&E HAWKER LP,N872RA,N872RA_2023-02-09_airplanes-live_trace_full.json.gz
N872RA,2023-02-10,airplanes-live,0,none,A&E HAWKER LP,N872RA,N872RA_2023-02-10_airplanes-live_trace_full.json.gz
N872RA,2023-02-11,airplanes-live,0,none,A&E HAWKER LP,N872RA,N872RA_2023-02-11_airplanes-live_trace_full.json.gz
N872RA,2023-02-12,airplanes-live,0,none,A&E HAWKER LP,N872RA,N872RA_2023-02-12_airplanes-live_trace_full.json.gz
N872RA,2023-02-13,airplanes-live,0,none,A&E HAWKER LP,N872RA,N872RA_2023-02-13_airplanes-live_trace_full.json.gz
N872RA,2023-02-14,airplanes-live,0,none,A&E HAWKER LP,N872RA,N872RA_2023-02-14_airplanes-live_trace_full.json.gz
N872RA,2023-02-18,airplanes-live,0,none,A&E HAWKER LP,N872RA,N872RA_2023-02-18_airplanes-live_trace_full.json.gz
N872RA,2023-02-19,airplanes-live,0,none,A&E HAWKER LP,N872RA,N872RA_2023-02-19_airplanes-live_trace_full.json.gz
N872RA,2023-02-20,airplanes-live,0,none,A&E HAWKER LP,N872RA,N872RA_2023-02-20_airplanes-live_trace_full.json.gz
N872RA,2023-02-21,airplanes-live,0,none,A&E HAWKER LP,N872RA,N872RA_2023-02-21_airplanes-live_trace_full.json.gz
N872RA,2023-02-22,airplanes-live,0,none,A&E HAWKER LP,N872RA,N872RA_2023-02-22_airplanes-live_trace_full.json.gz
N872RA,2023-02-23,airplanes-live,0,none,A&E HAWKER LP,N872RA,N872RA_2023-02-23_airplanes-live_trace_full.json.gz
N872RA,2023-02-24,airplanes-live,0,none,A&E HAWKER LP,N872RA,N872RA_2023-02-24_airplanes-live_trace_full.json.gz
N872RA,2023-02-25,airplanes-live,0,none,A&E HAWKER LP,N872RA,N872RA_2023-02-25_airplanes-live_trace_full.json.gz
N872RA,2023-03-03,adsb-lol,0,none,A&E HAWKER LP,N872RA,N872RA_2023-03-03_adsb-lol_trace_full.json.gz
N872RA,2023-03-03,airplanes-live,0,none,A&E HAWKER LP,N872RA,N872RA_2023-03-03_airplanes-live_trace_full.json.gz
N872RA,2023-03-04,airplanes-live,0,none,A&E HAWKER LP,N872RA,N872RA_2023-03-04_airplanes-live_trace_full.json.gz
N872RA,2023-03-05,airplanes-live,0,none,A&E HAWKER LP,N872RA,N872RA_2023-03-05_airplanes-live_trace_full.json.gz
N872RA,2023-03-10,adsb-lol,0,none,A&E HAWKER LP,N872RA,N872RA_2023-03-10_adsb-lol_trace_full.json.gz
N872RA,2023-03-10,airplanes-live,0,none,,N872RA,N872RA_2023-03-10_airplanes-live_trace_full.json.gz
N872RA,2023-03-11,adsb-lol,0,none,A&E HAWKER LP,N872RA,N872RA_2023-03-11_adsb-lol_trace_full.json.gz
N872RA,2023-03-11,airplanes-live,0,none,,N872RA,N872RA_2023-03-11_airplanes-live_trace_full.json.gz
N872RA,2023-03-12,adsb-lol,0,none,A&E HAWKER LP,N872RA,N872RA_2023-03-12_adsb-lol_trace_full.json.gz
N872RA,2023-03-12,airplanes-live,0,none,,N872RA,N872RA_2023-03-12_airplanes-live_trace_full.json.gz
N872RA,2023-03-14,adsb-lol,0,none,A&E HAWKER LP,N872RA,N872RA_2023-03-14_adsb-lol_trace_full.json.gz
N872RA,2023-03-14,airplanes-live,0,none,,N872RA,N872RA_2023-03-14_airplanes-live_trace_full.json.gz
N872RA,2023-03-15,adsb-lol,0,none,A&E HAWKER LP,N872RA,N872RA_2023-03-15_adsb-lol_trace_full.json.gz
N872RA,2023-03-15,airplanes-live,0,none,,N872RA,N872RA_2023-03-15_airplanes-live_trace_full.json.gz
N872RA,2023-03-16,adsb-lol,0,none,A&E HAWKER LP,N872RA,N872RA_2023-03-16_adsb-lol_trace_full.json.gz
N872RA,2023-03-16,airplanes-live,0,none,,N872RA,N872RA_2023-03-16_airplanes-live_trace_full.json.gz
N872RA,2023-03-17,airplanes-live,0,none,,N872RA,N872RA_2023-03-17_airplanes-live_trace_full.json.gz
N872RA,2023-03-18,airplanes-live,0,none,,N872RA,N872RA_2023-03-18_airplanes-live_trace_full.json.gz
N872RA,2023-03-19,adsb-lol,0,none,A&E HAWKER LP,N872RA,N872RA_2023-03-19_adsb-lol_trace_full.json.gz
N872RA,2023-03-19,airplanes-live,0,none,,N872RA,N872RA_2023-03-19_airplanes-live_trace_full.json.gz
N872RA,2023-03-22,adsb-lol,0,none,A&E HAWKER LP,N872RA,N872RA_2023-03-22_adsb-lol_trace_full.json.gz
N872RA,2023-03-22,airplanes-live,0,none,,N872RA,N872RA_2023-03-22_airplanes-live_trace_full.json.gz
N872RA,2023-03-23,adsb-lol,0,none,A&E HAWKER LP,N872RA,N872RA_2023-03-23_adsb-lol_trace_full.json.gz
N872RA,2023-03-23,airplanes-live,0,none,,N872RA,N872RA_2023-03-23_airplanes-live_trace_full.json.gz
N872RA,2023-03-24,adsb-lol,0,none,A&E HAWKER LP,N872RA,N872RA_2023-03-24_adsb-lol_trace_full.json.gz
N872RA,2023-03-24,airplanes-live,0,none,,N872RA,N872RA_2023-03-24_airplanes-live_trace_full.json.gz
N872RA,2023-03-25,adsb-lol,0,none,A&E HAWKER LP,N872RA,N872RA_2023-03-25_adsb-lol_trace_full.json.gz
N872RA,2023-03-25,airplanes-live,0,none,,N872RA,N872RA_2023-03-25_airplanes-live_trace_full.json.gz
N872RA,2023-03-27,adsb-lol,0,none,A&E HAWKER LP,N872RA,N872RA_2023-03-27_adsb-lol_trace_full.json.gz
N872RA,2023-03-27,airplanes-live,0,none,,N872RA,N872RA_2023-03-27_airplanes-live_trace_full.json.gz
N872RA,2023-04-05,airplanes-live,0,none,,N872RA,N872RA_2023-04-05_airplanes-live_trace_full.json.gz
N872RA,2023-04-06,adsb-lol,0,none,A&E HAWKER LP,N872RA,N872RA_2023-04-06_adsb-lol_trace_full.json.gz
N872RA,2023-04-06,airplanes-live,0,none,,N872RA,N872RA_2023-04-06_airplanes-live_trace_full.json.gz
N872RA,2023-04-07,airplanes-live,0,none,,N872RA,N872RA_2023-04-07_airplanes-live_trace_full.json.gz
N872RA,2023-04-08,airplanes-live,0,none,,N872RA,N872RA_2023-04-08_airplanes-live_trace_full.json.gz
N872RA,2023-04-10,airplanes-live,0,none,,N872RA,N872RA_2023-04-10_airplanes-live_trace_full.json.gz
N872RA,2023-04-11,airplanes-live,0,none,,N872RA,N872RA_2023-04-11_airplanes-live_trace_full.json.gz
N872RA,2023-04-12,airplanes-live,0,none,,N872RA,N872RA_2023-04-12_airplanes-live_trace_full.json.gz
N872RA,2023-04-13,airplanes-live,0,none,,N872RA,N872RA_2023-04-13_airplanes-live_trace_full.json.gz
N872RA,2023-04-14,adsb-lol,0,none,A&E HAWKER LP,N872RA,N872RA_2023-04-14_adsb-lol_trace_full.json.gz
N872RA,2023-04-14,airplanes-live,0,none,,N872RA,N872RA_2023-04-14_airplanes-live_trace_full.json.gz
N872RA,2023-04-17,airplanes-live,0,none,,N872RA,N872RA_2023-04-17_airplanes-live_trace_full.json.gz
N872RA,2023-04-18,airplanes-live,0,none,,N872RA,N872RA_2023-04-18_airplanes-live_trace_full.json.gz
N872RA,2023-04-19,airplanes-live,0,none,,N872RA,N872RA_2023-04-19_airplanes-live_trace_full.json.gz
N872RA,2023-04-28,airplanes-live,0,none,,N872RA,N872RA_2023-04-28_airplanes-live_trace_full.json.gz
N872RA,2023-04-29,adsb-lol,0,none,A&E HAWKER LP,N872RA,N872RA_2023-04-29_adsb-lol_trace_full.json.gz
N872RA,2023-04-29,airplanes-live,0,none,,N872RA,N872RA_2023-04-29_airplanes-live_trace_full.json.gz
N872RA,2023-04-30,adsb-lol,0,none,A&E HAWKER LP,N872RA,N872RA_2023-04-30_adsb-lol_trace_full.json.gz
N872RA,2023-04-30,airplanes-live,0,none,,N872RA,N872RA_2023-04-30_airplanes-live_trace_full.json.gz
N872RA,2023-05-01,adsb-lol,0,none,A&E HAWKER LP,N872RA,N872RA_2023-05-01_adsb-lol_trace_full.json.gz
N872RA,2023-05-01,adsbexchange-samples,0,none,A&E HAWKER LP,N872RA,N872RA_2023-05-01_adsbexchange-samples_trace_full.json
N872RA,2023-05-01,airplanes-live,0,none,,N872RA,N872RA_2023-05-01_airplanes-live_trace_full.json.gz
N872RA,2023-05-08,adsb-lol,0,none,A&E HAWKER LP,N872RA,N872RA_2023-05-08_adsb-lol_trace_full.json.gz
N872RA,2023-05-08,airplanes-live,0,none,,N872RA,N872RA_2023-05-08_airplanes-live_trace_full.json.gz
N872RA,2023-05-09,adsb-lol,0,none,A&E HAWKER LP,N872RA,N872RA_2023-05-09_adsb-lol_trace_full.json.gz
N872RA,2023-05-09,airplanes-live,0,none,,N872RA,N872RA_2023-05-09_airplanes-live_trace_full.json.gz
N872RA,2023-05-11,adsb-lol,0,none,A&E HAWKER LP,N872RA,N872RA_2023-05-11_adsb-lol_trace_full.json.gz
N872RA,2023-05-11,airplanes-live,0,none,,N872RA,N872RA_2023-05-11_airplanes-live_trace_full.json.gz
N872RA,2023-05-15,airplanes-live,0,none,,N872RA,N872RA_2023-05-15_airplanes-live_trace_full.json.gz
N872RA,2023-05-18,airplanes-live,0,none,,N872RA,N872RA_2023-05-18_airplanes-live_trace_full.json.gz
N872RA,2023-06-05,airplanes-live,0,none,,N872RA,N872RA_2023-06-05_airplanes-live_trace_full.json.gz
N872RA,2023-07-04,airplanes-live,0,none,,N872RA,N872RA_2023-07-04_airplanes-live_trace_full.json.gz
N872RA,2023-07-14,airplanes-live,0,none,,N872RA,N872RA_2023-07-14_airplanes-live_trace_full.json.gz
N872RA,2023-07-28,airplanes-live,0,none,,N872RA,N872RA_2023-07-28_airplanes-live_trace_full.json.gz
N872RA,2023-08-07,airplanes-live,0,none,,N872RA,N872RA_2023-08-07_airplanes-live_trace_full.json.gz
N872RA,2023-08-15,airplanes-live,0,none,,N872RA,N872RA_2023-08-15_airplanes-live_trace_full.json.gz
N872RA,2023-08-24,airplanes-live,0,none,,N872RA,N872RA_2023-08-24_airplanes-live_trace_full.json.gz
N872RA,2023-12-27,airplanes-live,0,none,A&E HAWKER LP,N872RA,N872RA_2023-12-27_airplanes-live_trace_full.json.gz
N872RA,2024-01-13,airplanes-live,0,none,A&E HAWKER LP,N872RA,N872RA_2024-01-13_airplanes-live_trace_full.json.gz
N872RA,2024-01-16,airplanes-live,0,none,A&E HAWKER LP,N872RA,N872RA_2024-01-16_airplanes-live_trace_full.json.gz
N872RA,2024-01-17,airplanes-live,0,none,A&E HAWKER LP,N872RA,N872RA_2024-01-17_airplanes-live_trace_full.json.gz
N872RA,2024-01-27,adsb-lol,0,none,A&E HAWKER LP,N872RA,N872RA_2024-01-27_adsb-lol_trace_full.json.gz
N872RA,2024-01-27,airplanes-live,0,none,A&E HAWKER LP,N872RA,N872RA_2024-01-27_airplanes-live_trace_full.json.gz
N872RA,2024-02-08,airplanes-live,0,none,A&E HAWKER LP,N872RA,N872RA_2024-02-08_airplanes-live_trace_full.json.gz
N872RA,2024-02-24,airplanes-live,0,none,A&E HAWKER LP,N872RA,N872RA_2024-02-24_airplanes-live_trace_full.json.gz
N872RA,2024-02-27,airplanes-live,0,none,A&E HAWKER LP,N872RA,N872RA_2024-02-27_airplanes-live_trace_full.json.gz
N872RA,2024-03-01,adsbexchange-samples,0,none,A&E HAWKER LP,N872RA,N872RA_2024-03-01_adsbexchange-samples_trace_full.json
N872RA,2024-03-01,airplanes-live,0,none,A&E HAWKER LP,N872RA,N872RA_2024-03-01_airplanes-live_trace_full.json.gz
N872RA,2024-03-02,airplanes-live,0,none,A&E HAWKER LP,N872RA,N872RA_2024-03-02_airplanes-live_trace_full.json.gz
N872RA,2024-03-07,adsb-lol,0,none,A&E HAWKER LP,N872RA,N872RA_2024-03-07_adsb-lol_trace_full.json.gz
N872RA,2024-03-07,airplanes-live,0,none,A&E HAWKER LP,N872RA,N872RA_2024-03-07_airplanes-live_trace_full.json.gz
N872RA,2024-03-08,adsb-lol,0,none,A&E HAWKER LP,N872RA,N872RA_2024-03-08_adsb-lol_trace_full.json.gz
N872RA,2024-03-08,airplanes-live,0,none,A&E HAWKER LP,N872RA,N872RA_2024-03-08_airplanes-live_trace_full.json.gz
N872RA,2024-03-14,adsb-lol,0,none,A&E HAWKER LP,N872RA,N872RA_2024-03-14_adsb-lol_trace_full.json.gz
N872RA,2024-03-14,airplanes-live,0,none,A&E HAWKER LP,N872RA,N872RA_2024-03-14_airplanes-live_trace_full.json.gz
N872RA,2024-03-15,adsb-lol,0,none,A&E HAWKER LP,N872RA,N872RA_2024-03-15_adsb-lol_trace_full.json.gz
N872RA,2024-03-15,airplanes-live,0,none,A&E HAWKER LP,N872RA,N872RA_2024-03-15_airplanes-live_trace_full.json.gz
N872RA,2024-03-16,adsb-lol,0,none,A&E HAWKER LP,N872RA,N872RA_2024-03-16_adsb-lol_trace_full.json.gz
N872RA,2024-03-16,airplanes-live,0,none,A&E HAWKER LP,N872RA,N872RA_2024-03-16_airplanes-live_trace_full.json.gz
N872RA,2024-03-17,adsb-lol,0,none,A&E HAWKER LP,N872RA,N872RA_2024-03-17_adsb-lol_trace_full.json.gz
N872RA,2024-03-17,airplanes-live,0,none,A&E HAWKER LP,N872RA,N872RA_2024-03-17_airplanes-live_trace_full.json.gz
N872RA,2024-03-18,airplanes-live,0,none,A&E HAWKER LP,N872RA,N872RA_2024-03-18_airplanes-live_trace_full.json.gz
N872RA,2024-03-20,adsb-lol,0,none,A&E HAWKER LP,N872RA,N872RA_2024-03-20_adsb-lol_trace_full.json.gz
N872RA,2024-03-20,airplanes-live,0,none,A&E HAWKER LP,N872RA,N872RA_2024-03-20_airplanes-live_trace_full.json.gz
N872RA,2024-03-22,adsb-lol,0,none,A&E HAWKER LP,N872RA,N872RA_2024-03-22_adsb-lol_trace_full.json.gz
N872RA,2024-03-22,airplanes-live,0,none,A&E HAWKER LP,N872RA,N872RA_2024-03-22_airplanes-live_trace_full.json.gz
N872RA,2024-03-24,airplanes-live,0,none,A&E HAWKER LP,N872RA,N872RA_2024-03-24_airplanes-live_trace_full.json.gz
N872RA,2024-03-25,adsb-lol,0,none,A&E HAWKER LP,N872RA,N872RA_2024-03-25_adsb-lol_trace_full.json.gz
N872RA,2024-03-25,airplanes-live,0,none,A&E HAWKER LP,N872RA,N872RA_2024-03-25_airplanes-live_trace_full.json.gz
N872RA,2024-03-30,airplanes-live,0,none,A&E HAWKER LP,N872RA,N872RA_2024-03-30_airplanes-live_trace_full.json.gz
N872RA,2024-03-31,airplanes-live,0,none,A&E HAWKER LP,N872RA,N872RA_2024-03-31_airplanes-live_trace_full.json.gz
N872RA,2024-04-01,adsb-lol,0,none,A&E HAWKER LP,N872RA,N872RA_2024-04-01_adsb-lol_trace_full.json.gz
N872RA,2024-04-01,adsbexchange-samples,0,none,A&E HAWKER LP,N872RA,N872RA_2024-04-01_adsbexchange-samples_trace_full.json
N872RA,2024-04-01,airplanes-live,0,none,A&E HAWKER LP,N872RA,N872RA_2024-04-01_airplanes-live_trace_full.json.gz
N872RA,2024-04-02,adsb-lol,0,none,A&E HAWKER LP,N872RA,N872RA_2024-04-02_adsb-lol_trace_full.json.gz
N872RA,2024-04-02,airplanes-live,0,none,A&E HAWKER LP,N872RA,N872RA_2024-04-02_airplanes-live_trace_full.json.gz
N872RA,2024-04-03,adsb-lol,0,none,A&E HAWKER LP,N872RA,N872RA_2024-04-03_adsb-lol_trace_full.json.gz
N872RA,2024-04-03,airplanes-live,0,none,A&E HAWKER LP,N872RA,N872RA_2024-04-03_airplanes-live_trace_full.json.gz
N872RA,2024-04-04,adsb-lol,0,none,A&E HAWKER LP,N872RA,N872RA_2024-04-04_adsb-lol_trace_full.json.gz
N872RA,2024-04-04,airplanes-live,0,none,A&E HAWKER LP,N872RA,N872RA_2024-04-04_airplanes-live_trace_full.json.gz
N872RA,2024-04-05,adsb-lol,0,none,A&E HAWKER LP,N872RA,N872RA_2024-04-05_adsb-lol_trace_full.json.gz
N872RA,2024-04-05,airplanes-live,0,none,A&E HAWKER LP,N872RA,N872RA_2024-04-05_airplanes-live_trace_full.json.gz
N872RA,2024-04-06,airplanes-live,0,none,A&E HAWKER LP,N872RA,N872RA_2024-04-06_airplanes-live_trace_full.json.gz
N872RA,2024-04-07,adsb-lol,0,none,A&E HAWKER LP,N872RA,N872RA_2024-04-07_adsb-lol_trace_full.json.gz
N872RA,2024-04-07,airplanes-live,0,none,A&E HAWKER LP,N872RA,N872RA_2024-04-07_airplanes-live_trace_full.json.gz
N872RA,2024-04-08,adsb-lol,0,none,A&E HAWKER LP,N872RA,N872RA_2024-04-08_adsb-lol_trace_full.json.gz
N872RA,2024-04-08,airplanes-live,0,none,A&E HAWKER LP,N872RA,N872RA_2024-04-08_airplanes-live_trace_full.json.gz
N872RA,2024-04-09,adsb-lol,0,none,A&E HAWKER LP,N872RA,N872RA_2024-04-09_adsb-lol_trace_full.json.gz
N872RA,2024-04-09,airplanes-live,0,none,A&E HAWKER LP,N872RA,N872RA_2024-04-09_airplanes-live_trace_full.json.gz
N872RA,2024-04-10,adsb-lol,0,none,A&E HAWKER LP,N872RA,N872RA_2024-04-10_adsb-lol_trace_full.json.gz
N872RA,2024-04-10,airplanes-live,0,none,A&E HAWKER LP,N872RA,N872RA_2024-04-10_airplanes-live_trace_full.json.gz
N872RA,2024-04-11,adsb-lol,0,none,A&E HAWKER LP,N872RA,N872RA_2024-04-11_adsb-lol_trace_full.json.gz
N872RA,2024-04-11,airplanes-live,0,none,A&E HAWKER LP,N872RA,N872RA_2024-04-11_airplanes-live_trace_full.json.gz
N872RA,2024-04-12,airplanes-live,0,none,A&E HAWKER LP,N872RA,N872RA_2024-04-12_airplanes-live_trace_full.json.gz
N872RA,2024-04-19,adsb-lol,0,none,A&E HAWKER LP,N872RA,N872RA_2024-04-19_adsb-lol_trace_full.json.gz
N872RA,2024-04-19,airplanes-live,0,none,A&E HAWKER LP,N872RA,N872RA_2024-04-19_airplanes-live_trace_full.json.gz
N872RA,2024-04-20,airplanes-live,0,none,A&E HAWKER LP,N872RA,N872RA_2024-04-20_airplanes-live_trace_full.json.gz
N872RA,2024-04-21,adsb-lol,0,none,A&E HAWKER LP,N872RA,N872RA_2024-04-21_adsb-lol_trace_full.json.gz
N872RA,2024-04-21,airplanes-live,0,none,A&E HAWKER LP,N872RA,N872RA_2024-04-21_airplanes-live_trace_full.json.gz
N872RA,2024-04-23,adsb-lol,0,none,A&E HAWKER LP,N872RA,N872RA_2024-04-23_adsb-lol_trace_full.json.gz
N872RA,2024-04-23,airplanes-live,0,none,A&E HAWKER LP,N872RA,N872RA_2024-04-23_airplanes-live_trace_full.json.gz
N872RA,2024-04-26,airplanes-live,0,none,A&E HAWKER LP,N872RA,N872RA_2024-04-26_airplanes-live_trace_full.json.gz
N872RA,2024-04-27,airplanes-live,0,none,A&E HAWKER LP,N872RA,N872RA_2024-04-27_airplanes-live_trace_full.json.gz
N872RA,2024-05-02,airplanes-live,0,none,A&E HAWKER LP,N872RA,N872RA_2024-05-02_airplanes-live_trace_full.json.gz
N872RA,2024-05-03,adsb-lol,0,none,A&E HAWKER LP,N872RA,N872RA_2024-05-03_adsb-lol_trace_full.json.gz
N872RA,2024-05-03,airplanes-live,0,none,A&E HAWKER LP,N872RA,N872RA_2024-05-03_airplanes-live_trace_full.json.gz
N872RA,2024-05-04,airplanes-live,0,none,A&E HAWKER LP,N872RA,N872RA_2024-05-04_airplanes-live_trace_full.json.gz
N872RA,2024-05-05,adsb-lol,0,none,A&E HAWKER LP,N872RA,N872RA_2024-05-05_adsb-lol_trace_full.json.gz
N872RA,2024-05-05,airplanes-live,0,none,A&E HAWKER LP,N872RA,N872RA_2024-05-05_airplanes-live_trace_full.json.gz
N872RA,2024-05-08,adsb-lol,0,none,A&E HAWKER LP,N872RA,N872RA_2024-05-08_adsb-lol_trace_full.json.gz
N872RA,2024-05-08,airplanes-live,0,none,A&E HAWKER LP,N872RA,N872RA_2024-05-08_airplanes-live_trace_full.json.gz
N872RA,2024-06-28,airplanes-live,0,none,A&E HAWKER LP,N872RA,N872RA_2024-06-28_airplanes-live_trace_full.json.gz
N872RA,2024-06-29,airplanes-live,0,none,A&E HAWKER LP,N872RA,N872RA_2024-06-29_airplanes-live_trace_full.json.gz
N872RA,2024-06-30,airplanes-live,0,none,A&E HAWKER LP,N872RA,N872RA_2024-06-30_airplanes-live_trace_full.json.gz
N872RA,2024-07-01,adsbexchange-samples,0,none,A&E HAWKER LP,N872RA,N872RA_2024-07-01_adsbexchange-samples_trace_full.json
N872RA,2024-07-01,airplanes-live,0,none,A&E HAWKER LP,N872RA,N872RA_2024-07-01_airplanes-live_trace_full.json.gz
N872RA,2024-07-03,airplanes-live,0,none,A&E HAWKER LP,N872RA,N872RA_2024-07-03_airplanes-live_trace_full.json.gz
N872RA,2024-07-04,airplanes-live,0,none,A&E HAWKER LP,N872RA,N872RA_2024-07-04_airplanes-live_trace_full.json.gz
N872RA,2024-07-05,adsb-lol,0,none,A&E HAWKER LP,N872RA,N872RA_2024-07-05_adsb-lol_trace_full.json.gz
N872RA,2024-07-05,airplanes-live,0,none,A&E HAWKER LP,N872RA,N872RA_2024-07-05_airplanes-live_trace_full.json.gz
N872RA,2024-07-06,airplanes-live,0,none,A&E HAWKER LP,N872RA,N872RA_2024-07-06_airplanes-live_trace_full.json.gz
N872RA,2024-07-07,airplanes-live,0,none,A&E HAWKER LP,N872RA,N872RA_2024-07-07_airplanes-live_trace_full.json.gz
N872RA,2024-07-08,airplanes-live,0,none,A&E HAWKER LP,N872RA,N872RA_2024-07-08_airplanes-live_trace_full.json.gz
N872RA,2024-07-09,airplanes-live,0,none,A&E HAWKER LP,N872RA,N872RA_2024-07-09_airplanes-live_trace_full.json.gz
N872RA,2024-07-10,airplanes-live,0,none,A&E HAWKER LP,N872RA,N872RA_2024-07-10_airplanes-live_trace_full.json.gz
N872RA,2024-07-11,airplanes-live,0,none,A&E HAWKER LP,N872RA,N872RA_2024-07-11_airplanes-live_trace_full.json.gz
N872RA,2024-07-12,airplanes-live,0,none,A&E HAWKER LP,N872RA,N872RA_2024-07-12_airplanes-live_trace_full.json.gz
N872RA,2024-07-14,airplanes-live,0,none,A&E HAWKER LP,N872RA,N872RA_2024-07-14_airplanes-live_trace_full.json.gz
N872RA,2024-07-15,airplanes-live,0,none,A&E HAWKER LP,N872RA,N872RA_2024-07-15_airplanes-live_trace_full.json.gz
N872RA,2024-07-16,airplanes-live,0,none,A&E HAWKER LP,N872RA,N872RA_2024-07-16_airplanes-live_trace_full.json.gz
N872RA,2024-07-19,airplanes-live,0,none,A&E HAWKER LP,N872RA,N872RA_2024-07-19_airplanes-live_trace_full.json.gz
N872RA,2024-07-20,adsb-lol,0,none,A&E HAWKER LP,N872RA,N872RA_2024-07-20_adsb-lol_trace_full.json.gz
N872RA,2024-07-20,airplanes-live,0,none,A&E HAWKER LP,N872RA,N872RA_2024-07-20_airplanes-live_trace_full.json.gz
N872RA,2024-07-23,adsb-lol,0,none,A&E HAWKER LP,N872RA,N872RA_2024-07-23_adsb-lol_trace_full.json.gz
N872RA,2024-07-23,airplanes-live,0,none,A&E HAWKER LP,N872RA,N872RA_2024-07-23_airplanes-live_trace_full.json.gz
N872RA,2024-07-26,adsb-lol,0,none,A&E HAWKER LP,N872RA,N872RA_2024-07-26_adsb-lol_trace_full.json.gz
N872RA,2024-07-26,airplanes-live,0,none,A&E HAWKER LP,N872RA,N872RA_2024-07-26_airplanes-live_trace_full.json.gz
N872RA,2024-07-28,adsb-lol,0,none,A&E HAWKER LP,N872RA,N872RA_2024-07-28_adsb-lol_trace_full.json.gz
N872RA,2024-07-28,airplanes-live,0,none,A&E HAWKER LP,N872RA,N872RA_2024-07-28_airplanes-live_trace_full.json.gz
N872RA,2024-07-29,adsb-lol,0,none,A&E HAWKER LP,N872RA,N872RA_2024-07-29_adsb-lol_trace_full.json.gz
N872RA,2024-07-29,airplanes-live,0,none,A&E HAWKER LP,N872RA,N872RA_2024-07-29_airplanes-live_trace_full.json.gz
N872RA,2024-07-30,adsb-lol,0,none,A&E HAWKER LP,N872RA,N872RA_2024-07-30_adsb-lol_trace_full.json.gz
N872RA,2024-07-30,airplanes-live,0,none,A&E HAWKER LP,N872RA,N872RA_2024-07-30_airplanes-live_trace_full.json.gz
N872RA,2024-07-31,airplanes-live,0,none,A&E HAWKER LP,N872RA,N872RA_2024-07-31_airplanes-live_trace_full.json.gz
N872RA,2024-08-04,airplanes-live,0,none,A&E HAWKER LP,N872RA,N872RA_2024-08-04_airplanes-live_trace_full.json.gz
N872RA,2024-08-05,airplanes-live,0,none,A&E HAWKER LP,N872RA,N872RA_2024-08-05_airplanes-live_trace_full.json.gz
N872RA,2024-08-08,airplanes-live,0,none,A&E HAWKER LP,N872RA,N872RA_2024-08-08_airplanes-live_trace_full.json.gz
N872RA,2024-08-09,airplanes-live,0,none,A&E HAWKER LP,N872RA,N872RA_2024-08-09_airplanes-live_trace_full.json.gz
N872RA,2024-08-10,airplanes-live,0,none,A&E HAWKER LP,N872RA,N872RA_2024-08-10_airplanes-live_trace_full.json.gz
N872RA,2024-08-11,airplanes-live,0,none,A&E HAWKER LP,N872RA,N872RA_2024-08-11_airplanes-live_trace_full.json.gz
N872RA,2024-08-12,airplanes-live,0,none,A&E HAWKER LP,N872RA,N872RA_2024-08-12_airplanes-live_trace_full.json.gz
N872RA,2024-08-13,airplanes-live,0,none,A&E HAWKER LP,N872RA,N872RA_2024-08-13_airplanes-live_trace_full.json.gz
N872RA,2024-08-14,airplanes-live,0,none,A&E HAWKER LP,N872RA,N872RA_2024-08-14_airplanes-live_trace_full.json.gz
N872RA,2024-08-15,airplanes-live,0,none,A&E HAWKER LP,N872RA,N872RA_2024-08-15_airplanes-live_trace_full.json.gz
N872RA,2024-08-17,adsb-lol,0,none,A&E HAWKER LP,N872RA,N872RA_2024-08-17_adsb-lol_trace_full.json.gz
N872RA,2024-08-17,airplanes-live,0,none,A&E HAWKER LP,N872RA,N872RA_2024-08-17_airplanes-live_trace_full.json.gz
N872RA,2024-08-18,airplanes-live,0,none,A&E HAWKER LP,N872RA,N872RA_2024-08-18_airplanes-live_trace_full.json.gz
N872RA,2024-08-19,airplanes-live,0,none,A&E HAWKER LP,N872RA,N872RA_2024-08-19_airplanes-live_trace_full.json.gz
N872RA,2024-08-22,airplanes-live,0,none,A&E HAWKER LP,N872RA,N872RA_2024-08-22_airplanes-live_trace_full.json.gz
N872RA,2024-08-23,airplanes-live,0,none,A&E HAWKER LP,N872RA,N872RA_2024-08-23_airplanes-live_trace_full.json.gz
N872RA,2024-08-26,airplanes-live,0,none,A&E HAWKER LP,N872RA,N872RA_2024-08-26_airplanes-live_trace_full.json.gz
N872RA,2024-08-27,airplanes-live,0,none,A&E HAWKER LP,N872RA,N872RA_2024-08-27_airplanes-live_trace_full.json.gz
N872RA,2024-09-02,adsb-lol,0,none,A&E HAWKER LP,N872RA,N872RA_2024-09-02_adsb-lol_trace_full.json.gz
N872RA,2024-09-02,airplanes-live,0,none,A&E HAWKER LP,N872RA,N872RA_2024-09-02_airplanes-live_trace_full.json.gz
N872RA,2024-09-03,adsb-lol,0,none,A&E HAWKER LP,N872RA,N872RA_2024-09-03_adsb-lol_trace_full.json.gz
N872RA,2024-09-03,airplanes-live,0,none,A&E HAWKER LP,N872RA,N872RA_2024-09-03_airplanes-live_trace_full.json.gz
N872RA,2024-09-04,adsb-lol,0,none,A&E HAWKER LP,N872RA,N872RA_2024-09-04_adsb-lol_trace_full.json.gz
N872RA,2024-09-04,airplanes-live,0,none,A&E HAWKER LP,N872RA,N872RA_2024-09-04_airplanes-live_trace_full.json.gz
N872RA,2024-09-05,adsb-lol,0,none,A&E HAWKER LP,N872RA,N872RA_2024-09-05_adsb-lol_trace_full.json.gz
N872RA,2024-09-05,airplanes-live,0,none,A&E HAWKER LP,N872RA,N872RA_2024-09-05_airplanes-live_trace_full.json.gz
N872RA,2024-09-06,adsb-lol,0,none,A&E HAWKER LP,N872RA,N872RA_2024-09-06_adsb-lol_trace_full.json.gz
N872RA,2024-09-06,airplanes-live,0,none,A&E HAWKER LP,N872RA,N872RA_2024-09-06_airplanes-live_trace_full.json.gz
N872RA,2024-09-07,adsb-lol,0,none,A&E HAWKER LP,N872RA,N872RA_2024-09-07_adsb-lol_trace_full.json.gz
N872RA,2024-09-07,airplanes-live,0,none,A&E HAWKER LP,N872RA,N872RA_2024-09-07_airplanes-live_trace_full.json.gz
N872RA,2024-09-08,adsb-lol,0,none,A&E HAWKER LP,N872RA,N872RA_2024-09-08_adsb-lol_trace_full.json.gz
N872RA,2024-09-08,airplanes-live,0,none,A&E HAWKER LP,N872RA,N872RA_2024-09-08_airplanes-live_trace_full.json.gz
N872RA,2024-09-09,adsb-lol,0,none,A&E HAWKER LP,N872RA,N872RA_2024-09-09_adsb-lol_trace_full.json.gz
N872RA,2024-09-09,airplanes-live,0,none,A&E HAWKER LP,N872RA,N872RA_2024-09-09_airplanes-live_trace_full.json.gz
N872RA,2024-09-10,adsb-lol,0,none,A&E HAWKER LP,N872RA,N872RA_2024-09-10_adsb-lol_trace_full.json.gz
N872RA,2024-09-10,airplanes-live,0,none,A&E HAWKER LP,N872RA,N872RA_2024-09-10_airplanes-live_trace_full.json.gz
N872RA,2024-09-11,adsb-lol,0,none,A&E HAWKER LP,N872RA,N872RA_2024-09-11_adsb-lol_trace_full.json.gz
N872RA,2024-09-11,airplanes-live,0,none,A&E HAWKER LP,N872RA,N872RA_2024-09-11_airplanes-live_trace_full.json.gz
N872RA,2024-09-12,adsb-lol,0,none,A&E HAWKER LP,N872RA,N872RA_2024-09-12_adsb-lol_trace_full.json.gz
N872RA,2024-09-12,airplanes-live,0,none,A&E HAWKER LP,N872RA,N872RA_2024-09-12_airplanes-live_trace_full.json.gz
N872RA,2024-09-13,adsb-lol,0,none,A&E HAWKER LP,N872RA,N872RA_2024-09-13_adsb-lol_trace_full.json.gz
N872RA,2024-09-13,airplanes-live,0,none,A&E HAWKER LP,N872RA,N872RA_2024-09-13_airplanes-live_trace_full.json.gz
N872RA,2024-09-14,adsb-lol,0,none,A&E HAWKER LP,N872RA,N872RA_2024-09-14_adsb-lol_trace_full.json.gz
N872RA,2024-09-14,airplanes-live,0,none,A&E HAWKER LP,N872RA,N872RA_2024-09-14_airplanes-live_trace_full.json.gz
N872RA,2024-09-15,adsb-lol,0,none,A&E HAWKER LP,N872RA,N872RA_2024-09-15_adsb-lol_trace_full.json.gz
N872RA,2024-09-15,airplanes-live,0,none,A&E HAWKER LP,N872RA,N872RA_2024-09-15_airplanes-live_trace_full.json.gz
N872RA,2024-09-16,adsb-lol,0,none,A&E HAWKER LP,N872RA,N872RA_2024-09-16_adsb-lol_trace_full.json.gz
N872RA,2024-09-16,airplanes-live,0,none,A&E HAWKER LP,N872RA,N872RA_2024-09-16_airplanes-live_trace_full.json.gz
N872RA,2024-09-17,adsb-lol,0,none,A&E HAWKER LP,N872RA,N872RA_2024-09-17_adsb-lol_trace_full.json.gz
N872RA,2024-09-17,airplanes-live,0,none,A&E HAWKER LP,N872RA,N872RA_2024-09-17_airplanes-live_trace_full.json.gz
N872RA,2024-09-18,adsb-lol,0,none,A&E HAWKER LP,N872RA,N872RA_2024-09-18_adsb-lol_trace_full.json.gz
N872RA,2024-09-18,airplanes-live,0,none,A&E HAWKER LP,N872RA,N872RA_2024-09-18_airplanes-live_trace_full.json.gz
N872RA,2024-09-20,adsb-lol,0,none,A&E HAWKER LP,N872RA,N872RA_2024-09-20_adsb-lol_trace_full.json.gz
N872RA,2024-09-20,airplanes-live,0,none,A&E HAWKER LP,N872RA,N872RA_2024-09-20_airplanes-live_trace_full.json.gz
N872RA,2024-09-21,adsb-lol,0,none,A&E HAWKER LP,N872RA,N872RA_2024-09-21_adsb-lol_trace_full.json.gz
N872RA,2024-09-21,airplanes-live,0,none,A&E HAWKER LP,N872RA,N872RA_2024-09-21_airplanes-live_trace_full.json.gz
N872RA,2024-09-22,airplanes-live,0,none,A&E HAWKER LP,N872RA,N872RA_2024-09-22_airplanes-live_trace_full.json.gz
N872RA,2024-09-23,airplanes-live,0,none,A&E HAWKER LP,N872RA,N872RA_2024-09-23_airplanes-live_trace_full.json.gz
N872RA,2024-09-25,airplanes-live,0,none,A&E HAWKER LP,N872RA,N872RA_2024-09-25_airplanes-live_trace_full.json.gz
N872RA,2024-09-26,airplanes-live,0,none,A&E HAWKER LP,N872RA,N872RA_2024-09-26_airplanes-live_trace_full.json.gz
N872RA,2024-09-27,airplanes-live,0,none,A&E HAWKER LP,N872RA,N872RA_2024-09-27_airplanes-live_trace_full.json.gz
N872RA,2024-09-28,adsb-lol,0,none,A&E HAWKER LP,N872RA,N872RA_2024-09-28_adsb-lol_trace_full.json.gz
N872RA,2024-09-28,airplanes-live,0,none,A&E HAWKER LP,N872RA,N872RA_2024-09-28_airplanes-live_trace_full.json.gz
N872RA,2024-09-29,adsb-lol,0,none,A&E HAWKER LP,N872RA,N872RA_2024-09-29_adsb-lol_trace_full.json.gz
N872RA,2024-09-29,airplanes-live,0,none,A&E HAWKER LP,N872RA,N872RA_2024-09-29_airplanes-live_trace_full.json.gz
N872RA,2024-09-30,adsb-lol,0,none,A&E HAWKER LP,N872RA,N872RA_2024-09-30_adsb-lol_trace_full.json.gz
N872RA,2024-09-30,airplanes-live,0,none,A&E HAWKER LP,N872RA,N872RA_2024-09-30_airplanes-live_trace_full.json.gz
N872RA,2024-10-01,adsb-lol,0,none,A&E HAWKER LP,N872RA,N872RA_2024-10-01_adsb-lol_trace_full.json.gz
N872RA,2024-10-01,adsbexchange-samples,0,none,A&E HAWKER LP,N872RA,N872RA_2024-10-01_adsbexchange-samples_trace_full.json
N872RA,2024-10-01,airplanes-live,0,none,A&E HAWKER LP,N872RA,N872RA_2024-10-01_airplanes-live_trace_full.json.gz
N872RA,2024-10-02,adsb-lol,0,none,A&E HAWKER LP,N872RA,N872RA_2024-10-02_adsb-lol_trace_full.json.gz
N872RA,2024-10-02,airplanes-live,0,none,A&E HAWKER LP,N872RA,N872RA_2024-10-02_airplanes-live_trace_full.json.gz
N872RA,2024-10-03,airplanes-live,0,none,A&E HAWKER LP,N872RA,N872RA_2024-10-03_airplanes-live_trace_full.json.gz
N872RA,2024-10-04,airplanes-live,0,none,A&E HAWKER LP,N872RA,N872RA_2024-10-04_airplanes-live_trace_full.json.gz
N872RA,2024-10-05,airplanes-live,0,none,A&E HAWKER LP,N872RA,N872RA_2024-10-05_airplanes-live_trace_full.json.gz
N872RA,2024-10-07,airplanes-live,0,none,A&E HAWKER LP,N872RA,N872RA_2024-10-07_airplanes-live_trace_full.json.gz
N872RA,2024-10-08,airplanes-live,0,none,A&E HAWKER LP,N872RA,N872RA_2024-10-08_airplanes-live_trace_full.json.gz
N872RA,2024-10-10,adsb-lol,0,none,A&E HAWKER LP,N872RA,N872RA_2024-10-10_adsb-lol_trace_full.json.gz
N872RA,2024-10-10,airplanes-live,0,none,A&E HAWKER LP,N872RA,N872RA_2024-10-10_airplanes-live_trace_full.json.gz
N872RA,2024-10-11,adsb-lol,0,none,A&E HAWKER LP,N872RA,N872RA_2024-10-11_adsb-lol_trace_full.json.gz
N872RA,2024-10-11,airplanes-live,0,none,A&E HAWKER LP,N872RA,N872RA_2024-10-11_airplanes-live_trace_full.json.gz
N872RA,2024-10-12,adsb-lol,0,none,A&E HAWKER LP,N872RA,N872RA_2024-10-12_adsb-lol_trace_full.json.gz
N872RA,2024-10-12,airplanes-live,0,none,A&E HAWKER LP,N872RA,N872RA_2024-10-12_airplanes-live_trace_full.json.gz
N872RA,2024-10-13,adsb-lol,0,none,A&E HAWKER LP,N872RA,N872RA_2024-10-13_adsb-lol_trace_full.json.gz
N872RA,2024-10-13,airplanes-live,0,none,A&E HAWKER LP,N872RA,N872RA_2024-10-13_airplanes-live_trace_full.json.gz
N872RA,2024-10-14,adsb-lol,0,none,A&E HAWKER LP,N872RA,N872RA_2024-10-14_adsb-lol_trace_full.json.gz
N872RA,2024-10-14,airplanes-live,0,none,A&E HAWKER LP,N872RA,N872RA_2024-10-14_airplanes-live_trace_full.json.gz
N872RA,2024-10-15,adsb-lol,0,none,A&E HAWKER LP,N872RA,N872RA_2024-10-15_adsb-lol_trace_full.json.gz
N872RA,2024-10-15,airplanes-live,0,none,A&E HAWKER LP,N872RA,N872RA_2024-10-15_airplanes-live_trace_full.json.gz
N872RA,2024-10-16,adsb-lol,0,none,A&E HAWKER LP,N872RA,N872RA_2024-10-16_adsb-lol_trace_full.json.gz
N872RA,2024-10-16,airplanes-live,0,none,A&E HAWKER LP,N872RA,N872RA_2024-10-16_airplanes-live_trace_full.json.gz
N872RA,2024-10-17,adsb-lol,0,none,A&E HAWKER LP,N872RA,N872RA_2024-10-17_adsb-lol_trace_full.json.gz
N872RA,2024-10-17,airplanes-live,0,none,A&E HAWKER LP,N872RA,N872RA_2024-10-17_airplanes-live_trace_full.json.gz
N872RA,2024-10-19,adsb-lol,0,none,A&E HAWKER LP,N872RA,N872RA_2024-10-19_adsb-lol_trace_full.json.gz
N872RA,2024-10-19,airplanes-live,0,none,A&E HAWKER LP,N872RA,N872RA_2024-10-19_airplanes-live_trace_full.json.gz
N872RA,2024-10-20,adsb-lol,0,none,A&E HAWKER LP,N872RA,N872RA_2024-10-20_adsb-lol_trace_full.json.gz
N872RA,2024-10-20,airplanes-live,0,none,A&E HAWKER LP,N872RA,N872RA_2024-10-20_airplanes-live_trace_full.json.gz
N872RA,2024-10-22,adsb-lol,0,none,A&E HAWKER LP,N872RA,N872RA_2024-10-22_adsb-lol_trace_full.json.gz
N872RA,2024-10-22,airplanes-live,0,none,A&E HAWKER LP,N872RA,N872RA_2024-10-22_airplanes-live_trace_full.json.gz
N872RA,2024-10-23,adsb-lol,0,none,A&E HAWKER LP,N872RA,N872RA_2024-10-23_adsb-lol_trace_full.json.gz
N872RA,2024-10-23,airplanes-live,0,none,A&E HAWKER LP,N872RA,N872RA_2024-10-23_airplanes-live_trace_full.json.gz
N872RA,2024-10-24,adsb-lol,0,none,A&E HAWKER LP,N872RA,N872RA_2024-10-24_adsb-lol_trace_full.json.gz
N872RA,2024-10-24,airplanes-live,0,none,A&E HAWKER LP,N872RA,N872RA_2024-10-24_airplanes-live_trace_full.json.gz
N872RA,2024-10-30,adsb-lol,0,none,A&E HAWKER LP,N872RA,N872RA_2024-10-30_adsb-lol_trace_full.json.gz
N872RA,2024-10-30,airplanes-live,0,none,A&E HAWKER LP,N872RA,N872RA_2024-10-30_airplanes-live_trace_full.json.gz
N872RA,2024-10-31,adsb-lol,0,none,A&E HAWKER LP,N872RA,N872RA_2024-10-31_adsb-lol_trace_full.json.gz
N872RA,2024-10-31,airplanes-live,0,none,A&E HAWKER LP,N872RA,N872RA_2024-10-31_airplanes-live_trace_full.json.gz
N872RA,2024-11-01,adsb-lol,0,none,A&E HAWKER LP,N872RA,N872RA_2024-11-01_adsb-lol_trace_full.json.gz
N872RA,2024-11-01,adsbexchange-samples,0,none,A&E HAWKER LP,N872RA,N872RA_2024-11-01_adsbexchange-samples_trace_full.json
N872RA,2024-11-01,airplanes-live,0,none,A&E HAWKER LP,N872RA,N872RA_2024-11-01_airplanes-live_trace_full.json.gz
N872RA,2024-11-06,airplanes-live,0,none,A&E HAWKER LP,N872RA,N872RA_2024-11-06_airplanes-live_trace_full.json.gz
N872RA,2024-11-07,airplanes-live,0,none,A&E HAWKER LP,N872RA,N872RA_2024-11-07_airplanes-live_trace_full.json.gz
N872RA,2024-11-08,airplanes-live,0,none,A&E HAWKER LP,N872RA,N872RA_2024-11-08_airplanes-live_trace_full.json.gz
N872RA,2024-11-09,airplanes-live,0,none,A&E HAWKER LP,N872RA,N872RA_2024-11-09_airplanes-live_trace_full.json.gz
N872RA,2024-11-10,airplanes-live,0,none,A&E HAWKER LP,N872RA,N872RA_2024-11-10_airplanes-live_trace_full.json.gz
N872RA,2024-11-11,airplanes-live,0,none,A&E HAWKER LP,N872RA,N872RA_2024-11-11_airplanes-live_trace_full.json.gz
N872RA,2024-11-12,airplanes-live,0,none,A&E HAWKER LP,N872RA,N872RA_2024-11-12_airplanes-live_trace_full.json.gz
N872RA,2024-11-13,airplanes-live,0,none,A&E HAWKER LP,N872RA,N872RA_2024-11-13_airplanes-live_trace_full.json.gz
N872RA,2024-11-14,airplanes-live,0,none,A&E HAWKER LP,N872RA,N872RA_2024-11-14_airplanes-live_trace_full.json.gz
N872RA,2024-11-15,airplanes-live,0,none,A&E HAWKER LP,N872RA,N872RA_2024-11-15_airplanes-live_trace_full.json.gz
N872RA,2024-11-16,airplanes-live,0,none,A&E HAWKER LP,N872RA,N872RA_2024-11-16_airplanes-live_trace_full.json.gz
N872RA,2024-11-17,airplanes-live,0,none,A&E HAWKER LP,N872RA,N872RA_2024-11-17_airplanes-live_trace_full.json.gz
N872RA,2024-11-18,airplanes-live,0,none,A&E HAWKER LP,N872RA,N872RA_2024-11-18_airplanes-live_trace_full.json.gz
N872RA,2024-11-19,airplanes-live,0,none,A&E HAWKER LP,N872RA,N872RA_2024-11-19_airplanes-live_trace_full.json.gz
N872RA,2024-11-20,airplanes-live,0,none,A&E HAWKER LP,N872RA,N872RA_2024-11-20_airplanes-live_trace_full.json.gz
N872RA,2024-11-21,airplanes-live,0,none,A&E HAWKER LP,N872RA,N872RA_2024-11-21_airplanes-live_trace_full.json.gz
N872RA,2024-11-22,airplanes-live,0,none,A&E HAWKER LP,N872RA,N872RA_2024-11-22_airplanes-live_trace_full.json.gz
N872RA,2024-11-23,airplanes-live,0,none,A&E HAWKER LP,N872RA,N872RA_2024-11-23_airplanes-live_trace_full.json.gz
N872RA,2024-11-25,airplanes-live,0,none,A&E HAWKER LP,N872RA,N872RA_2024-11-25_airplanes-live_trace_full.json.gz
N872RA,2024-11-26,airplanes-live,0,none,A&E HAWKER LP,N872RA,N872RA_2024-11-26_airplanes-live_trace_full.json.gz
N872RA,2024-11-27,airplanes-live,0,none,A&E HAWKER LP,N872RA,N872RA_2024-11-27_airplanes-live_trace_full.json.gz
N872RA,2024-11-28,airplanes-live,0,none,A&E HAWKER LP,N872RA,N872RA_2024-11-28_airplanes-live_trace_full.json.gz
N872RA,2024-11-29,airplanes-live,0,none,A&E HAWKER LP,N872RA,N872RA_2024-11-29_airplanes-live_trace_full.json.gz
N872RA,2024-11-30,airplanes-live,0,none,A&E HAWKER LP,N872RA,N872RA_2024-11-30_airplanes-live_trace_full.json.gz
N872RA,2024-12-01,adsbexchange-samples,0,none,A&E HAWKER LP,N872RA,N872RA_2024-12-01_adsbexchange-samples_trace_full.json
N872RA,2024-12-01,airplanes-live,0,none,A&E HAWKER LP,N872RA,N872RA_2024-12-01_airplanes-live_trace_full.json.gz
N872RA,2024-12-02,airplanes-live,0,none,A&E HAWKER LP,N872RA,N872RA_2024-12-02_airplanes-live_trace_full.json.gz
N872RA,2024-12-03,airplanes-live,0,none,A&E HAWKER LP,N872RA,N872RA_2024-12-03_airplanes-live_trace_full.json.gz
N872RA,2024-12-04,airplanes-live,0,none,A&E HAWKER LP,N872RA,N872RA_2024-12-04_airplanes-live_trace_full.json.gz
N872RA,2024-12-05,airplanes-live,0,none,A&E HAWKER LP,N872RA,N872RA_2024-12-05_airplanes-live_trace_full.json.gz
N872RA,2024-12-06,airplanes-live,0,none,A&E HAWKER LP,N872RA,N872RA_2024-12-06_airplanes-live_trace_full.json.gz
N872RA,2024-12-07,airplanes-live,0,none,A&E HAWKER LP,N872RA,N872RA_2024-12-07_airplanes-live_trace_full.json.gz
N872RA,2024-12-08,adsb-lol,0,none,A&E HAWKER LP,N872RA,N872RA_2024-12-08_adsb-lol_trace_full.json.gz
N872RA,2024-12-08,airplanes-live,0,none,A&E HAWKER LP,N872RA,N872RA_2024-12-08_airplanes-live_trace_full.json.gz
N872RA,2024-12-09,airplanes-live,0,none,A&E HAWKER LP,N872RA,N872RA_2024-12-09_airplanes-live_trace_full.json.gz
N872RA,2024-12-12,airplanes-live,0,none,A&E HAWKER LP,N872RA,N872RA_2024-12-12_airplanes-live_trace_full.json.gz
N872RA,2024-12-13,airplanes-live,0,none,A&E HAWKER LP,N872RA,N872RA_2024-12-13_airplanes-live_trace_full.json.gz
N872RA,2024-12-14,airplanes-live,0,none,A&E HAWKER LP,N872RA,N872RA_2024-12-14_airplanes-live_trace_full.json.gz
N872RA,2024-12-15,airplanes-live,0,none,A&E HAWKER LP,N872RA,N872RA_2024-12-15_airplanes-live_trace_full.json.gz
N872RA,2024-12-16,airplanes-live,0,none,A&E HAWKER LP,N872RA,N872RA_2024-12-16_airplanes-live_trace_full.json.gz
N872RA,2024-12-17,adsb-lol,0,none,A&E HAWKER LP,N872RA,N872RA_2024-12-17_adsb-lol_trace_full.json.gz
N872RA,2024-12-17,airplanes-live,0,none,A&E HAWKER LP,N872RA,N872RA_2024-12-17_airplanes-live_trace_full.json.gz
N872RA,2024-12-20,adsb-lol,0,none,A&E HAWKER LP,N872RA,N872RA_2024-12-20_adsb-lol_trace_full.json.gz
N872RA,2024-12-20,airplanes-live,0,none,A&E HAWKER LP,N872RA,N872RA_2024-12-20_airplanes-live_trace_full.json.gz
N872RA,2024-12-21,adsb-lol,0,none,A&E HAWKER LP,N872RA,N872RA_2024-12-21_adsb-lol_trace_full.json.gz
N872RA,2024-12-21,airplanes-live,0,none,A&E HAWKER LP,N872RA,N872RA_2024-12-21_airplanes-live_trace_full.json.gz
N872RA,2024-12-22,adsb-lol,0,none,A&E HAWKER LP,N872RA,N872RA_2024-12-22_adsb-lol_trace_full.json.gz
N872RA,2024-12-22,airplanes-live,0,none,A&E HAWKER LP,N872RA,N872RA_2024-12-22_airplanes-live_trace_full.json.gz
N872RA,2024-12-23,adsb-lol,0,none,A&E HAWKER LP,N872RA,N872RA_2024-12-23_adsb-lol_trace_full.json.gz
N872RA,2024-12-23,airplanes-live,0,none,A&E HAWKER LP,N872RA,N872RA_2024-12-23_airplanes-live_trace_full.json.gz
N872RA,2024-12-24,adsb-lol,0,none,A&E HAWKER LP,N872RA,N872RA_2024-12-24_adsb-lol_trace_full.json.gz
N872RA,2024-12-24,airplanes-live,0,none,A&E HAWKER LP,N872RA,N872RA_2024-12-24_airplanes-live_trace_full.json.gz
N872RA,2024-12-26,airplanes-live,0,none,A&E HAWKER LP,N872RA,N872RA_2024-12-26_airplanes-live_trace_full.json.gz
N872RA,2024-12-27,airplanes-live,0,none,A&E HAWKER LP,N872RA,N872RA_2024-12-27_airplanes-live_trace_full.json.gz
N872RA,2024-12-28,airplanes-live,0,none,A&E HAWKER LP,N872RA,N872RA_2024-12-28_airplanes-live_trace_full.json.gz
N872RA,2024-12-29,airplanes-live,0,none,A&E HAWKER LP,N872RA,N872RA_2024-12-29_airplanes-live_trace_full.json.gz
N872RA,2025-02-12,airplanes-live,0,none,A&E HAWKER LP,N872RA,N872RA_2025-02-12_airplanes-live_trace_full.json.gz
N872RA,2025-02-13,airplanes-live,0,none,A&E HAWKER LP,N872RA,N872RA_2025-02-13_airplanes-live_trace_full.json.gz
N872RA,2025-02-14,airplanes-live,0,none,A&E HAWKER LP,N872RA,N872RA_2025-02-14_airplanes-live_trace_full.json.gz
N872RA,2025-02-15,airplanes-live,0,none,A&E HAWKER LP,N872RA,N872RA_2025-02-15_airplanes-live_trace_full.json.gz
N872RA,2025-02-16,adsb-lol,0,none,A&E HAWKER LP,N872RA,N872RA_2025-02-16_adsb-lol_trace_full.json.gz
N872RA,2025-02-16,airplanes-live,0,none,A&E HAWKER LP,N872RA,N872RA_2025-02-16_airplanes-live_trace_full.json.gz
N872RA,2025-02-17,adsb-lol,0,none,A&E HAWKER LP,N872RA,N872RA_2025-02-17_adsb-lol_trace_full.json.gz
N872RA,2025-02-17,airplanes-live,0,none,A&E HAWKER LP,N872RA,N872RA_2025-02-17_airplanes-live_trace_full.json.gz
N872RA,2025-02-18,adsb-lol,0,none,A&E HAWKER LP,N872RA,N872RA_2025-02-18_adsb-lol_trace_full.json.gz
N872RA,2025-02-18,airplanes-live,0,none,A&E HAWKER LP,N872RA,N872RA_2025-02-18_airplanes-live_trace_full.json.gz
N872RA,2025-02-19,adsb-lol,0,none,A&E HAWKER LP,N872RA,N872RA_2025-02-19_adsb-lol_trace_full.json.gz
N872RA,2025-02-19,airplanes-live,0,none,A&E HAWKER LP,N872RA,N872RA_2025-02-19_airplanes-live_trace_full.json.gz
N872RA,2025-02-20,adsb-lol,0,none,A&E HAWKER LP,N872RA,N872RA_2025-02-20_adsb-lol_trace_full.json.gz
N872RA,2025-02-20,airplanes-live,0,none,A&E HAWKER LP,N872RA,N872RA_2025-02-20_airplanes-live_trace_full.json.gz
N872RA,2025-02-21,adsb-lol,0,none,A&E HAWKER LP,N872RA,N872RA_2025-02-21_adsb-lol_trace_full.json.gz
N872RA,2025-02-21,airplanes-live,0,none,A&E HAWKER LP,N872RA,N872RA_2025-02-21_airplanes-live_trace_full.json.gz
N872RA,2025-02-23,airplanes-live,0,none,A&E HAWKER LP,N872RA,N872RA_2025-02-23_airplanes-live_trace_full.json.gz
N872RA,2025-02-24,airplanes-live,0,none,A&E HAWKER LP,N872RA,N872RA_2025-02-24_airplanes-live_trace_full.json.gz
N872RA,2025-02-26,adsb-lol,0,none,A&E HAWKER LP,N872RA,N872RA_2025-02-26_adsb-lol_trace_full.json.gz
N872RA,2025-02-26,airplanes-live,0,none,A&E HAWKER LP,N872RA,N872RA_2025-02-26_airplanes-live_trace_full.json.gz
N872RA,2025-02-27,adsb-lol,0,none,A&E HAWKER LP,N872RA,N872RA_2025-02-27_adsb-lol_trace_full.json.gz
N872RA,2025-02-27,airplanes-live,0,none,A&E HAWKER LP,N872RA,N872RA_2025-02-27_airplanes-live_trace_full.json.gz
N872RA,2025-02-28,adsb-lol,0,none,A&E HAWKER LP,N872RA,N872RA_2025-02-28_adsb-lol_trace_full.json.gz
N872RA,2025-02-28,airplanes-live,0,none,A&E HAWKER LP,N872RA,N872RA_2025-02-28_airplanes-live_trace_full.json.gz
N872RA,2025-03-01,adsb-lol,0,none,A&E HAWKER LP,N872RA,N872RA_2025-03-01_adsb-lol_trace_full.json.gz
N872RA,2025-03-01,adsbexchange-samples,0,none,A&E HAWKER LP,N872RA,N872RA_2025-03-01_adsbexchange-samples_trace_full.json
N872RA,2025-03-01,airplanes-live,0,none,A&E HAWKER LP,N872RA,N872RA_2025-03-01_airplanes-live_trace_full.json.gz
N872RA,2025-03-02,adsb-lol,0,none,A&E HAWKER LP,N872RA,N872RA_2025-03-02_adsb-lol_trace_full.json.gz
N872RA,2025-03-02,airplanes-live,0,none,A&E HAWKER LP,N872RA,N872RA_2025-03-02_airplanes-live_trace_full.json.gz
N872RA,2025-03-03,adsb-lol,0,none,A&E HAWKER LP,N872RA,N872RA_2025-03-03_adsb-lol_trace_full.json.gz
N872RA,2025-03-03,airplanes-live,0,none,A&E HAWKER LP,N872RA,N872RA_2025-03-03_airplanes-live_trace_full.json.gz
N872RA,2025-03-05,adsb-lol,0,none,A&E HAWKER LP,N872RA,N872RA_2025-03-05_adsb-lol_trace_full.json.gz
N872RA,2025-03-05,airplanes-live,0,none,A&E HAWKER LP,N872RA,N872RA_2025-03-05_airplanes-live_trace_full.json.gz
N872RA,2025-03-06,airplanes-live,0,none,A&E HAWKER LP,N872RA,N872RA_2025-03-06_airplanes-live_trace_full.json.gz
N872RA,2025-03-07,airplanes-live,0,none,A&E HAWKER LP,N872RA,N872RA_2025-03-07_airplanes-live_trace_full.json.gz
N872RA,2025-03-08,airplanes-live,0,none,A&E HAWKER LP,N872RA,N872RA_2025-03-08_airplanes-live_trace_full.json.gz
N872RA,2025-03-14,adsb-lol,0,none,A&E HAWKER LP,N872RA,N872RA_2025-03-14_adsb-lol_trace_full.json.gz
N872RA,2025-03-14,airplanes-live,0,none,A&E HAWKER LP,N872RA,N872RA_2025-03-14_airplanes-live_trace_full.json.gz
N872RA,2025-03-15,adsb-lol,0,none,A&E HAWKER LP,N872RA,N872RA_2025-03-15_adsb-lol_trace_full.json.gz
N872RA,2025-03-15,airplanes-live,0,none,A&E HAWKER LP,N872RA,N872RA_2025-03-15_airplanes-live_trace_full.json.gz
N872RA,2025-03-16,adsb-lol,0,none,A&E HAWKER LP,N872RA,N872RA_2025-03-16_adsb-lol_trace_full.json.gz
N872RA,2025-03-16,airplanes-live,0,none,A&E HAWKER LP,N872RA,N872RA_2025-03-16_airplanes-live_trace_full.json.gz
N872RA,2025-03-17,adsb-lol,0,none,A&E HAWKER LP,N872RA,N872RA_2025-03-17_adsb-lol_trace_full.json.gz
N872RA,2025-03-17,airplanes-live,0,none,A&E HAWKER LP,N872RA,N872RA_2025-03-17_airplanes-live_trace_full.json.gz
N872RA,2025-03-18,adsb-lol,0,none,A&E HAWKER LP,N872RA,N872RA_2025-03-18_adsb-lol_trace_full.json.gz
N872RA,2025-03-18,airplanes-live,0,none,A&E HAWKER LP,N872RA,N872RA_2025-03-18_airplanes-live_trace_full.json.gz
N872RA,2025-03-19,adsb-lol,0,none,A&E HAWKER LP,N872RA,N872RA_2025-03-19_adsb-lol_trace_full.json.gz
N872RA,2025-03-19,airplanes-live,0,none,A&E HAWKER LP,N872RA,N872RA_2025-03-19_airplanes-live_trace_full.json.gz
N872RA,2025-03-20,adsb-lol,0,none,A&E HAWKER LP,N872RA,N872RA_2025-03-20_adsb-lol_trace_full.json.gz
N872RA,2025-03-20,airplanes-live,0,none,A&E HAWKER LP,N872RA,N872RA_2025-03-20_airplanes-live_trace_full.json.gz
N872RA,2025-03-21,adsb-lol,0,none,A&E HAWKER LP,N872RA,N872RA_2025-03-21_adsb-lol_trace_full.json.gz
N872RA,2025-03-21,airplanes-live,0,none,A&E HAWKER LP,N872RA,N872RA_2025-03-21_airplanes-live_trace_full.json.gz
N872RA,2025-03-23,airplanes-live,0,none,A&E HAWKER LP,N872RA,N872RA_2025-03-23_airplanes-live_trace_full.json.gz
N872RA,2025-03-24,airplanes-live,0,none,A&E HAWKER LP,N872RA,N872RA_2025-03-24_airplanes-live_trace_full.json.gz
N872RA,2025-03-25,airplanes-live,0,none,A&E HAWKER LP,N872RA,N872RA_2025-03-25_airplanes-live_trace_full.json.gz
N872RA,2025-03-26,airplanes-live,0,none,A&E HAWKER LP,N872RA,N872RA_2025-03-26_airplanes-live_trace_full.json.gz
N872RA,2025-03-28,airplanes-live,0,none,A&E HAWKER LP,N872RA,N872RA_2025-03-28_airplanes-live_trace_full.json.gz
N872RA,2025-03-29,airplanes-live,0,none,A&E HAWKER LP,N872RA,N872RA_2025-03-29_airplanes-live_trace_full.json.gz
N872RA,2025-03-30,airplanes-live,0,none,A&E HAWKER LP,N872RA,N872RA_2025-03-30_airplanes-live_trace_full.json.gz
N872RA,2025-03-31,airplanes-live,0,none,A&E HAWKER LP,N872RA,N872RA_2025-03-31_airplanes-live_trace_full.json.gz
N872RA,2025-04-01,adsbexchange-samples,0,none,A&E HAWKER LP,N872RA,N872RA_2025-04-01_adsbexchange-samples_trace_full.json
N872RA,2025-04-01,airplanes-live,0,none,A&E HAWKER LP,N872RA,N872RA_2025-04-01_airplanes-live_trace_full.json.gz
N872RA,2025-04-02,airplanes-live,0,none,A&E HAWKER LP,N872RA,N872RA_2025-04-02_airplanes-live_trace_full.json.gz
N872RA,2025-04-03,airplanes-live,0,none,A&E HAWKER LP,N872RA,N872RA_2025-04-03_airplanes-live_trace_full.json.gz
N872RA,2025-04-04,airplanes-live,0,none,A&E HAWKER LP,N872RA,N872RA_2025-04-04_airplanes-live_trace_full.json.gz
N872RA,2025-04-05,airplanes-live,0,none,A&E HAWKER LP,N872RA,N872RA_2025-04-05_airplanes-live_trace_full.json.gz
N872RA,2025-04-06,adsb-lol,0,none,A&E HAWKER LP,N872RA,N872RA_2025-04-06_adsb-lol_trace_full.json.gz
N872RA,2025-04-06,airplanes-live,0,none,A&E HAWKER LP,N872RA,N872RA_2025-04-06_airplanes-live_trace_full.json.gz
N872RA,2025-04-07,adsb-lol,0,none,A&E HAWKER LP,N872RA,N872RA_2025-04-07_adsb-lol_trace_full.json.gz
N872RA,2025-04-07,airplanes-live,0,none,A&E HAWKER LP,N872RA,N872RA_2025-04-07_airplanes-live_trace_full.json.gz
N872RA,2025-04-09,adsb-lol,0,none,A&E HAWKER LP,N872RA,N872RA_2025-04-09_adsb-lol_trace_full.json.gz
N872RA,2025-04-09,airplanes-live,0,none,A&E HAWKER LP,N872RA,N872RA_2025-04-09_airplanes-live_trace_full.json.gz
N872RA,2025-04-10,adsb-lol,0,none,A&E HAWKER LP,N872RA,N872RA_2025-04-10_adsb-lol_trace_full.json.gz
N872RA,2025-04-10,airplanes-live,0,none,A&E HAWKER LP,N872RA,N872RA_2025-04-10_airplanes-live_trace_full.json.gz
N872RA,2025-04-11,adsb-lol,0,none,A&E HAWKER LP,N872RA,N872RA_2025-04-11_adsb-lol_trace_full.json.gz
N872RA,2025-04-11,airplanes-live,0,none,A&E HAWKER LP,N872RA,N872RA_2025-04-11_airplanes-live_trace_full.json.gz
N872RA,2025-04-13,adsb-lol,0,none,A&E HAWKER LP,N872RA,N872RA_2025-04-13_adsb-lol_trace_full.json.gz
N872RA,2025-04-13,airplanes-live,0,none,A&E HAWKER LP,N872RA,N872RA_2025-04-13_airplanes-live_trace_full.json.gz
N872RA,2025-04-14,airplanes-live,0,none,A&E HAWKER LP,N872RA,N872RA_2025-04-14_airplanes-live_trace_full.json.gz
N872RA,2025-04-15,airplanes-live,0,none,A&E HAWKER LP,N872RA,N872RA_2025-04-15_airplanes-live_trace_full.json.gz
N872RA,2025-04-18,airplanes-live,0,none,A&E HAWKER LP,N872RA,N872RA_2025-04-18_airplanes-live_trace_full.json.gz
N872RA,2025-04-24,adsb-lol,0,none,A&E HAWKER LP,N872RA,N872RA_2025-04-24_adsb-lol_trace_full.json.gz
N872RA,2025-04-24,airplanes-live,0,none,A&E HAWKER LP,N872RA,N872RA_2025-04-24_airplanes-live_trace_full.json.gz
N872RA,2025-04-25,adsb-lol,0,none,A&E HAWKER LP,N872RA,N872RA_2025-04-25_adsb-lol_trace_full.json.gz
N872RA,2025-04-25,airplanes-live,0,none,A&E HAWKER LP,N872RA,N872RA_2025-04-25_airplanes-live_trace_full.json.gz
N872RA,2025-04-26,adsb-lol,0,none,A&E HAWKER LP,N872RA,N872RA_2025-04-26_adsb-lol_trace_full.json.gz
N872RA,2025-04-26,airplanes-live,0,none,A&E HAWKER LP,N872RA,N872RA_2025-04-26_airplanes-live_trace_full.json.gz
N872RA,2025-04-29,adsb-lol,0,none,A&E HAWKER LP,N872RA,N872RA_2025-04-29_adsb-lol_trace_full.json.gz
N872RA,2025-04-29,airplanes-live,0,none,A&E HAWKER LP,N872RA,N872RA_2025-04-29_airplanes-live_trace_full.json.gz
N872RA,2025-04-30,adsb-lol,0,none,A&E HAWKER LP,N872RA,N872RA_2025-04-30_adsb-lol_trace_full.json.gz
N872RA,2025-04-30,airplanes-live,0,none,A&E HAWKER LP,N872RA,N872RA_2025-04-30_airplanes-live_trace_full.json.gz
N872RA,2025-05-01,adsb-lol,0,none,A&E HAWKER LP,N872RA,N872RA_2025-05-01_adsb-lol_trace_full.json.gz
N872RA,2025-05-01,adsbexchange-samples,0,none,A&E HAWKER LP,N872RA,N872RA_2025-05-01_adsbexchange-samples_trace_full.json
N872RA,2025-05-01,airplanes-live,0,none,A&E HAWKER LP,N872RA,N872RA_2025-05-01_airplanes-live_trace_full.json.gz
N872RA,2025-05-02,adsb-lol,0,none,A&E HAWKER LP,N872RA,N872RA_2025-05-02_adsb-lol_trace_full.json.gz
N872RA,2025-05-02,airplanes-live,0,none,A&E HAWKER LP,N872RA,N872RA_2025-05-02_airplanes-live_trace_full.json.gz
N872RA,2025-05-03,adsb-lol,0,none,A&E HAWKER LP,N872RA,N872RA_2025-05-03_adsb-lol_trace_full.json.gz
N872RA,2025-05-03,airplanes-live,0,none,A&E HAWKER LP,N872RA,N872RA_2025-05-03_airplanes-live_trace_full.json.gz
N872RA,2025-05-04,adsb-lol,0,none,A&E HAWKER LP,N872RA,N872RA_2025-05-04_adsb-lol_trace_full.json.gz
N872RA,2025-05-04,airplanes-live,0,none,A&E HAWKER LP,N872RA,N872RA_2025-05-04_airplanes-live_trace_full.json.gz
N872RA,2025-05-05,adsb-lol,0,none,A&E HAWKER LP,N872RA,N872RA_2025-05-05_adsb-lol_trace_full.json.gz
N872RA,2025-05-05,airplanes-live,0,none,A&E HAWKER LP,N872RA,N872RA_2025-05-05_airplanes-live_trace_full.json.gz
N872RA,2025-05-06,adsb-lol,0,none,A&E HAWKER LP,N872RA,N872RA_2025-05-06_adsb-lol_trace_full.json.gz
N872RA,2025-05-06,airplanes-live,0,none,A&E HAWKER LP,N872RA,N872RA_2025-05-06_airplanes-live_trace_full.json.gz
N872RA,2025-05-07,adsb-lol,0,none,A&E HAWKER LP,N872RA,N872RA_2025-05-07_adsb-lol_trace_full.json.gz
N872RA,2025-05-07,airplanes-live,0,none,A&E HAWKER LP,N872RA,N872RA_2025-05-07_airplanes-live_trace_full.json.gz
N872RA,2025-05-08,adsb-lol,0,none,A&E HAWKER LP,N872RA,N872RA_2025-05-08_adsb-lol_trace_full.json.gz
N872RA,2025-05-08,airplanes-live,0,none,A&E HAWKER LP,N872RA,N872RA_2025-05-08_airplanes-live_trace_full.json.gz
N872RA,2025-05-09,airplanes-live,0,none,A&E HAWKER LP,N872RA,N872RA_2025-05-09_airplanes-live_trace_full.json.gz
N872RA,2025-05-10,airplanes-live,0,none,A&E HAWKER LP,N872RA,N872RA_2025-05-10_airplanes-live_trace_full.json.gz
N872RA,2025-05-11,airplanes-live,0,none,A&E HAWKER LP,N872RA,N872RA_2025-05-11_airplanes-live_trace_full.json.gz
N872RA,2025-05-16,airplanes-live,0,none,A&E HAWKER LP,N872RA,N872RA_2025-05-16_airplanes-live_trace_full.json.gz
N872RA,2025-05-17,airplanes-live,0,none,A&E HAWKER LP,N872RA,N872RA_2025-05-17_airplanes-live_trace_full.json.gz
N872RA,2025-05-18,airplanes-live,0,none,A&E HAWKER LP,N872RA,N872RA_2025-05-18_airplanes-live_trace_full.json.gz
N872RA,2025-05-20,airplanes-live,0,none,A&E HAWKER LP,N872RA,N872RA_2025-05-20_airplanes-live_trace_full.json.gz
N872RA,2025-05-21,airplanes-live,0,none,A&E HAWKER LP,N872RA,N872RA_2025-05-21_airplanes-live_trace_full.json.gz
N872RA,2025-05-22,airplanes-live,0,none,A&E HAWKER LP,N872RA,N872RA_2025-05-22_airplanes-live_trace_full.json.gz
N872RA,2025-05-23,adsb-lol,0,none,A&E HAWKER LP,N872RA,N872RA_2025-05-23_adsb-lol_trace_full.json.gz
N872RA,2025-05-23,airplanes-live,0,none,A&E HAWKER LP,N872RA,N872RA_2025-05-23_airplanes-live_trace_full.json.gz
N872RA,2025-05-24,airplanes-live,0,none,A&E HAWKER LP,N872RA,N872RA_2025-05-24_airplanes-live_trace_full.json.gz
N872RA,2025-05-26,airplanes-live,0,none,A&E HAWKER LP,N872RA,N872RA_2025-05-26_airplanes-live_trace_full.json.gz
N872RA,2025-05-27,airplanes-live,0,none,A&E HAWKER LP,N872RA,N872RA_2025-05-27_airplanes-live_trace_full.json.gz
N872RA,2025-05-28,airplanes-live,0,none,A&E HAWKER LP,N872RA,N872RA_2025-05-28_airplanes-live_trace_full.json.gz
N872RA,2025-05-30,airplanes-live,0,none,A&E HAWKER LP,N872RA,N872RA_2025-05-30_airplanes-live_trace_full.json.gz
N872RA,2025-05-31,airplanes-live,0,none,A&E HAWKER LP,N872RA,N872RA_2025-05-31_airplanes-live_trace_full.json.gz
N872RA,2025-06-01,adsbexchange-samples,0,none,A&E HAWKER LP,N872RA,N872RA_2025-06-01_adsbexchange-samples_trace_full.json
N872RA,2025-06-01,airplanes-live,0,none,A&E HAWKER LP,N872RA,N872RA_2025-06-01_airplanes-live_trace_full.json.gz
N872RA,2025-06-02,airplanes-live,0,none,A&E HAWKER LP,N872RA,N872RA_2025-06-02_airplanes-live_trace_full.json.gz
N872RA,2025-06-03,airplanes-live,0,none,A&E HAWKER LP,N872RA,N872RA_2025-06-03_airplanes-live_trace_full.json.gz
N872RA,2025-06-04,airplanes-live,0,none,A&E HAWKER LP,N872RA,N872RA_2025-06-04_airplanes-live_trace_full.json.gz
N872RA,2025-06-05,airplanes-live,0,none,A&E HAWKER LP,N872RA,N872RA_2025-06-05_airplanes-live_trace_full.json.gz
N872RA,2025-06-06,airplanes-live,0,none,A&E HAWKER LP,N872RA,N872RA_2025-06-06_airplanes-live_trace_full.json.gz
N872RA,2025-06-07,airplanes-live,0,none,A&E HAWKER LP,N872RA,N872RA_2025-06-07_airplanes-live_trace_full.json.gz
N872RA,2025-06-08,airplanes-live,0,none,A&E HAWKER LP,N872RA,N872RA_2025-06-08_airplanes-live_trace_full.json.gz
N872RA,2025-06-10,airplanes-live,0,none,A&E HAWKER LP,N872RA,N872RA_2025-06-10_airplanes-live_trace_full.json.gz
N872RA,2025-06-11,adsb-lol,0,none,A&E HAWKER LP,N872RA,N872RA_2025-06-11_adsb-lol_trace_full.json.gz
N872RA,2025-06-11,airplanes-live,0,none,A&E HAWKER LP,N872RA,N872RA_2025-06-11_airplanes-live_trace_full.json.gz
N872RA,2025-06-12,adsb-lol,0,none,A&E HAWKER LP,N872RA,N872RA_2025-06-12_adsb-lol_trace_full.json.gz
N872RA,2025-06-12,airplanes-live,0,none,A&E HAWKER LP,N872RA,N872RA_2025-06-12_airplanes-live_trace_full.json.gz
N872RA,2025-06-13,adsb-lol,0,none,A&E HAWKER LP,N872RA,N872RA_2025-06-13_adsb-lol_trace_full.json.gz
N872RA,2025-06-13,airplanes-live,0,none,A&E HAWKER LP,N872RA,N872RA_2025-06-13_airplanes-live_trace_full.json.gz
N872RA,2025-06-14,adsb-lol,0,none,A&E HAWKER LP,N872RA,N872RA_2025-06-14_adsb-lol_trace_full.json.gz
N872RA,2025-06-14,airplanes-live,0,none,A&E HAWKER LP,N872RA,N872RA_2025-06-14_airplanes-live_trace_full.json.gz
N872RA,2025-06-18,adsb-lol,0,none,A&E HAWKER LP,N872RA,N872RA_2025-06-18_adsb-lol_trace_full.json.gz
N872RA,2025-06-18,airplanes-live,0,none,A&E HAWKER LP,N872RA,N872RA_2025-06-18_airplanes-live_trace_full.json.gz
N872RA,2025-06-19,airplanes-live,0,none,A&E HAWKER LP,N872RA,N872RA_2025-06-19_airplanes-live_trace_full.json.gz
N872RA,2025-06-20,airplanes-live,0,none,A&E HAWKER LP,N872RA,N872RA_2025-06-20_airplanes-live_trace_full.json.gz
N872RA,2025-06-21,airplanes-live,0,none,A&E HAWKER LP,N872RA,N872RA_2025-06-21_airplanes-live_trace_full.json.gz
N872RA,2025-06-22,airplanes-live,0,none,A&E HAWKER LP,N872RA,N872RA_2025-06-22_airplanes-live_trace_full.json.gz
N872RA,2025-06-23,airplanes-live,0,none,A&E HAWKER LP,N872RA,N872RA_2025-06-23_airplanes-live_trace_full.json.gz
N872RA,2025-06-25,airplanes-live,0,none,A&E HAWKER LP,N872RA,N872RA_2025-06-25_airplanes-live_trace_full.json.gz
N872RA,2025-06-27,airplanes-live,0,none,A&E HAWKER LP,N872RA,N872RA_2025-06-27_airplanes-live_trace_full.json.gz
N872RA,2025-06-28,airplanes-live,0,none,A&E HAWKER LP,N872RA,N872RA_2025-06-28_airplanes-live_trace_full.json.gz
N872RA,2025-06-30,airplanes-live,0,none,A&E HAWKER LP,N872RA,N872RA_2025-06-30_airplanes-live_trace_full.json.gz
N872RA,2025-07-01,adsbexchange-samples,0,none,A&E HAWKER LP,N872RA,N872RA_2025-07-01_adsbexchange-samples_trace_full.json
N872RA,2025-07-01,airplanes-live,0,none,A&E HAWKER LP,N872RA,N872RA_2025-07-01_airplanes-live_trace_full.json.gz
N872RA,2025-07-02,airplanes-live,0,none,A&E HAWKER LP,N872RA,N872RA_2025-07-02_airplanes-live_trace_full.json.gz
N872RA,2025-07-03,airplanes-live,0,none,A&E HAWKER LP,N872RA,N872RA_2025-07-03_airplanes-live_trace_full.json.gz
N872RA,2025-07-05,airplanes-live,0,none,A&E HAWKER LP,N872RA,N872RA_2025-07-05_airplanes-live_trace_full.json.gz
N872RA,2025-07-06,airplanes-live,0,none,A&E HAWKER LP,N872RA,N872RA_2025-07-06_airplanes-live_trace_full.json.gz
N872RA,2025-07-07,adsb-lol,0,none,A&E HAWKER LP,N872RA,N872RA_2025-07-07_adsb-lol_trace_full.json.gz
N872RA,2025-07-07,airplanes-live,0,none,A&E HAWKER LP,N872RA,N872RA_2025-07-07_airplanes-live_trace_full.json.gz
N872RA,2025-07-08,adsb-lol,0,none,A&E HAWKER LP,N872RA,N872RA_2025-07-08_adsb-lol_trace_full.json.gz
N872RA,2025-07-08,airplanes-live,0,none,A&E HAWKER LP,N872RA,N872RA_2025-07-08_airplanes-live_trace_full.json.gz
N872RA,2025-07-20,adsb-lol,0,none,A&E HAWKER LP,N872RA,N872RA_2025-07-20_adsb-lol_trace_full.json.gz
N872RA,2025-07-20,airplanes-live,0,none,A&E HAWKER LP,N872RA,N872RA_2025-07-20_airplanes-live_trace_full.json.gz
N872RA,2025-07-21,airplanes-live,0,none,A&E HAWKER LP,N872RA,N872RA_2025-07-21_airplanes-live_trace_full.json.gz
N872RA,2025-07-23,airplanes-live,0,none,A&E HAWKER LP,N872RA,N872RA_2025-07-23_airplanes-live_trace_full.json.gz
N872RA,2025-07-25,airplanes-live,0,none,A&E HAWKER LP,N872RA,N872RA_2025-07-25_airplanes-live_trace_full.json.gz
N872RA,2025-07-26,airplanes-live,0,none,A&E HAWKER LP,N872RA,N872RA_2025-07-26_airplanes-live_trace_full.json.gz
N872RA,2025-07-27,airplanes-live,0,none,A&E HAWKER LP,N872RA,N872RA_2025-07-27_airplanes-live_trace_full.json.gz
N872RA,2025-07-28,airplanes-live,0,none,A&E HAWKER LP,N872RA,N872RA_2025-07-28_airplanes-live_trace_full.json.gz
N872RA,2025-07-29,airplanes-live,0,none,A&E HAWKER LP,N872RA,N872RA_2025-07-29_airplanes-live_trace_full.json.gz
N872RA,2025-08-01,adsbexchange-samples,0,none,A&E HAWKER LP,N872RA,N872RA_2025-08-01_adsbexchange-samples_trace_full.json
N872RA,2025-08-11,airplanes-live,0,none,A&E HAWKER LP,N872RA,N872RA_2025-08-11_airplanes-live_trace_full.json.gz
N872RA,2025-08-12,airplanes-live,0,none,A&E HAWKER LP,N872RA,N872RA_2025-08-12_airplanes-live_trace_full.json.gz
N872RA,2025-08-18,adsb-lol,0,none,A&E HAWKER LP,N872RA,N872RA_2025-08-18_adsb-lol_trace_full.json.gz
N872RA,2025-08-18,airplanes-live,0,none,A&E HAWKER LP,N872RA,N872RA_2025-08-18_airplanes-live_trace_full.json.gz
N872RA,2025-08-19,adsb-lol,0,none,A&E HAWKER LP,N872RA,N872RA_2025-08-19_adsb-lol_trace_full.json.gz
N872RA,2025-08-19,airplanes-live,0,none,A&E HAWKER LP,N872RA,N872RA_2025-08-19_airplanes-live_trace_full.json.gz
N872RA,2025-08-25,airplanes-live,0,none,A&E HAWKER LP,N872RA,N872RA_2025-08-25_airplanes-live_trace_full.json.gz
N872RA,2025-08-29,airplanes-live,0,none,A&E HAWKER LP,N872RA,N872RA_2025-08-29_airplanes-live_trace_full.json.gz
N872RA,2025-08-30,airplanes-live,0,none,A&E HAWKER LP,N872RA,N872RA_2025-08-30_airplanes-live_trace_full.json.gz
N872RA,2025-08-31,airplanes-live,0,none,A&E HAWKER LP,N872RA,N872RA_2025-08-31_airplanes-live_trace_full.json.gz
N872RA,2025-09-01,adsb-lol,0,none,A&E HAWKER LP,N872RA,N872RA_2025-09-01_adsb-lol_trace_full.json
N872RA,2025-09-01,adsbexchange-samples,0,none,A&E HAWKER LP,N872RA,N872RA_2025-09-01_adsbexchange-samples_trace_full.json
N872RA,2025-09-01,airplanes-live,0,none,A&E HAWKER LP,N872RA,N872RA_2025-09-01_airplanes-live_trace_full.json
N872RA,2025-09-02,adsb-lol,0,none,A&E HAWKER LP,N872RA,N872RA_2025-09-02_adsb-lol_trace_full.json
N872RA,2025-09-02,airplanes-live,0,none,A&E HAWKER LP,N872RA,N872RA_2025-09-02_airplanes-live_trace_full.json
N872RA,2025-09-05,adsb-lol,0,none,A&E HAWKER LP,N872RA,N872RA_2025-09-05_adsb-lol_trace_full.json
N872RA,2025-09-05,airplanes-live,0,none,A&E HAWKER LP,N872RA,N872RA_2025-09-05_airplanes-live_trace_full.json
N872RA,2025-09-06,adsb-lol,0,none,A&E HAWKER LP,N872RA,N872RA_2025-09-06_adsb-lol_trace_full.json
N872RA,2025-09-06,airplanes-live,0,none,A&E HAWKER LP,N872RA,N872RA_2025-09-06_airplanes-live_trace_full.json
N872RA,2025-09-07,adsb-lol,0,none,A&E HAWKER LP,N872RA,N872RA_2025-09-07_adsb-lol_trace_full.json
N872RA,2025-09-07,airplanes-live,0,none,A&E HAWKER LP,N872RA,N872RA_2025-09-07_airplanes-live_trace_full.json
N872RA,2025-09-08,adsb-lol,0,none,A&E HAWKER LP,N872RA,N872RA_2025-09-08_adsb-lol_trace_full.json
N872RA,2025-09-08,airplanes-live,0,none,A&E HAWKER LP,N872RA,N872RA_2025-09-08_airplanes-live_trace_full.json
N872RA,2025-09-09,airplanes-live,0,none,A&E HAWKER LP,N872RA,N872RA_2025-09-09_airplanes-live_trace_full.json
N872RA,2025-09-10,adsb-lol,0,none,A&E HAWKER LP,N872RA,N872RA_2025-09-10_adsb-lol_trace_full.json
N872RA,2025-09-10,airplanes-live,0,none,A&E HAWKER LP,N872RA,N872RA_2025-09-10_airplanes-live_trace_full.json
N872RA,2025-09-11,adsb-lol,0,none,A&E HAWKER LP,N872RA,N872RA_2025-09-11_adsb-lol_trace_full.json
N872RA,2025-09-11,airplanes-live,0,none,A&E HAWKER LP,N872RA,N872RA_2025-09-11_airplanes-live_trace_full.json
N872RA,2025-09-12,adsb-lol,0,none,A&E HAWKER LP,N872RA,N872RA_2025-09-12_adsb-lol_trace_full.json
N872RA,2025-09-12,airplanes-live,0,none,A&E HAWKER LP,N872RA,N872RA_2025-09-12_airplanes-live_trace_full.json
N872RA,2025-09-13,adsb-lol,0,none,A&E HAWKER LP,N872RA,N872RA_2025-09-13_adsb-lol_trace_full.json
N872RA,2025-09-13,airplanes-live,0,none,A&E HAWKER LP,N872RA,N872RA_2025-09-13_airplanes-live_trace_full.json
N872RA,2025-09-26,adsb-lol,0,none,A&E HAWKER LP,N872RA,N872RA_2025-09-26_adsb-lol_trace_full.json.gz
N872RA,2025-09-26,airplanes-live,0,none,A&E HAWKER LP,N872RA,N872RA_2025-09-26_airplanes-live_trace_full.json.gz
N872RA,2025-10-09,adsb-lol,0,none,A&E HAWKER LP,N872RA,N872RA_2025-10-09_adsb-lol_trace_full.json
N872RA,2025-10-09,airplanes-live,0,none,A&E HAWKER LP,N872RA,N872RA_2025-10-09_airplanes-live_trace_full.json
N872RA,2025-10-10,adsb-lol,0,none,A&E HAWKER LP,N872RA,N872RA_2025-10-10_adsb-lol_trace_full.json
N872RA,2025-10-10,airplanes-live,0,none,A&E HAWKER LP,N872RA,N872RA_2025-10-10_airplanes-live_trace_full.json
N872RA,2025-10-21,airplanes-live,0,none,A&E HAWKER LP,N872RA,N872RA_2025-10-21_airplanes-live_trace_full.json.gz
N872RA,2025-10-22,airplanes-live,0,none,A&E HAWKER LP,N872RA,N872RA_2025-10-22_airplanes-live_trace_full.json.gz
N872RA,2025-10-23,airplanes-live,0,none,A&E HAWKER LP,N872RA,N872RA_2025-10-23_airplanes-live_trace_full.json.gz
N872RA,2025-10-24,airplanes-live,0,none,A&E HAWKER LP,N872RA,N872RA_2025-10-24_airplanes-live_trace_full.json.gz
N872RA,2025-10-25,airplanes-live,0,none,A&E HAWKER LP,N872RA,N872RA_2025-10-25_airplanes-live_trace_full.json.gz
N872RA,2025-10-26,airplanes-live,0,none,A&E HAWKER LP,N872RA,N872RA_2025-10-26_airplanes-live_trace_full.json.gz
N872RA,2025-10-27,airplanes-live,0,none,A&E HAWKER LP,N872RA,N872RA_2025-10-27_airplanes-live_trace_full.json.gz
N872RA,2025-10-28,airplanes-live,0,none,A&E HAWKER LP,N872RA,N872RA_2025-10-28_airplanes-live_trace_full.json.gz
N872RA,2025-10-29,airplanes-live,0,none,A&E HAWKER LP,N872RA,N872RA_2025-10-29_airplanes-live_trace_full.json.gz
N872RA,2025-10-30,airplanes-live,0,none,A&E HAWKER LP,N872RA,N872RA_2025-10-30_airplanes-live_trace_full.json.gz
N872RA,2025-10-31,airplanes-live,0,none,A&E HAWKER LP,N872RA,N872RA_2025-10-31_airplanes-live_trace_full.json.gz
N872RA,2025-11-01,adsbexchange-samples,0,none,A&E HAWKER LP,N872RA,N872RA_2025-11-01_adsbexchange-samples_trace_full.json
N872RA,2025-11-01,airplanes-live,0,none,A&E HAWKER LP,N872RA,N872RA_2025-11-01_airplanes-live_trace_full.json.gz
N872RA,2025-11-02,airplanes-live,0,none,A&E HAWKER LP,N872RA,N872RA_2025-11-02_airplanes-live_trace_full.json.gz
N872RA,2025-11-03,airplanes-live,0,none,A&E HAWKER LP,N872RA,N872RA_2025-11-03_airplanes-live_trace_full.json.gz
N872RA,2025-11-04,airplanes-live,0,none,A&E HAWKER LP,N872RA,N872RA_2025-11-04_airplanes-live_trace_full.json.gz
N872RA,2025-11-05,airplanes-live,0,none,A&E HAWKER LP,N872RA,N872RA_2025-11-05_airplanes-live_trace_full.json.gz
N872RA,2025-11-06,airplanes-live,0,none,A&E HAWKER LP,N872RA,N872RA_2025-11-06_airplanes-live_trace_full.json.gz
N872RA,2025-11-07,airplanes-live,0,none,A&E HAWKER LP,N872RA,N872RA_2025-11-07_airplanes-live_trace_full.json.gz
N872RA,2025-11-08,airplanes-live,0,none,A&E HAWKER LP,N872RA,N872RA_2025-11-08_airplanes-live_trace_full.json.gz
N872RA,2025-11-09,airplanes-live,0,none,A&E HAWKER LP,N872RA,N872RA_2025-11-09_airplanes-live_trace_full.json.gz
N872RA,2025-11-10,airplanes-live,0,none,A&E HAWKER LP,N872RA,N872RA_2025-11-10_airplanes-live_trace_full.json.gz
N872RA,2025-11-11,airplanes-live,0,none,A&E HAWKER LP,N872RA,N872RA_2025-11-11_airplanes-live_trace_full.json.gz
N872RA,2025-11-12,airplanes-live,0,none,A&E HAWKER LP,N872RA,N872RA_2025-11-12_airplanes-live_trace_full.json.gz
N872RA,2025-11-13,airplanes-live,0,none,A&E HAWKER LP,N872RA,N872RA_2025-11-13_airplanes-live_trace_full.json.gz
N872RA,2025-11-14,airplanes-live,0,none,A&E HAWKER LP,N872RA,N872RA_2025-11-14_airplanes-live_trace_full.json.gz
N872RA,2025-11-15,airplanes-live,0,none,A&E HAWKER LP,N872RA,N872RA_2025-11-15_airplanes-live_trace_full.json.gz
N872RA,2025-11-16,airplanes-live,0,none,A&E HAWKER LP,N872RA,N872RA_2025-11-16_airplanes-live_trace_full.json.gz
N872RA,2025-11-18,airplanes-live,0,none,A&E HAWKER LP,N872RA,N872RA_2025-11-18_airplanes-live_trace_full.json.gz
N872RA,2025-11-19,airplanes-live,0,none,A&E HAWKER LP,N872RA,N872RA_2025-11-19_airplanes-live_trace_full.json.gz
N872RA,2025-11-21,airplanes-live,0,none,A&E HAWKER LP,N872RA,N872RA_2025-11-21_airplanes-live_trace_full.json.gz
N872RA,2025-11-22,airplanes-live,0,none,A&E HAWKER LP,N872RA,N872RA_2025-11-22_airplanes-live_trace_full.json.gz
N872RA,2025-11-23,airplanes-live,0,none,A&E HAWKER LP,N872RA,N872RA_2025-11-23_airplanes-live_trace_full.json.gz
N872RA,2025-11-24,airplanes-live,0,none,A&E HAWKER LP,N872RA,N872RA_2025-11-24_airplanes-live_trace_full.json.gz
N872RA,2025-11-25,airplanes-live,0,none,A&E HAWKER LP,N872RA,N872RA_2025-11-25_airplanes-live_trace_full.json.gz
N872RA,2025-11-26,airplanes-live,0,none,A&E HAWKER LP,N872RA,N872RA_2025-11-26_airplanes-live_trace_full.json.gz
N872RA,2025-11-28,airplanes-live,0,none,A&E HAWKER LP,N872RA,N872RA_2025-11-28_airplanes-live_trace_full.json.gz
N872RA,2025-11-29,airplanes-live,0,none,A&E HAWKER LP,N872RA,N872RA_2025-11-29_airplanes-live_trace_full.json.gz
N872RA,2025-11-30,airplanes-live,0,none,A&E HAWKER LP,N872RA,N872RA_2025-11-30_airplanes-live_trace_full.json.gz
N872RA,2025-12-01,adsbexchange-samples,0,none,A&E HAWKER LP,N872RA,N872RA_2025-12-01_adsbexchange-samples_trace_full.json
N872RA,2025-12-01,airplanes-live,0,none,A&E HAWKER LP,N872RA,N872RA_2025-12-01_airplanes-live_trace_full.json.gz
N872RA,2025-12-02,airplanes-live,0,none,A&E HAWKER LP,N872RA,N872RA_2025-12-02_airplanes-live_trace_full.json.gz
N872RA,2025-12-03,airplanes-live,0,none,A&E HAWKER LP,N872RA,N872RA_2025-12-03_airplanes-live_trace_full.json.gz
N872RA,2025-12-04,airplanes-live,0,none,A&E HAWKER LP,N872RA,N872RA_2025-12-04_airplanes-live_trace_full.json.gz
N872RA,2025-12-05,airplanes-live,0,none,A&E HAWKER LP,N872RA,N872RA_2025-12-05_airplanes-live_trace_full.json.gz
N872RA,2025-12-06,airplanes-live,0,none,A&E HAWKER LP,N872RA,N872RA_2025-12-06_airplanes-live_trace_full.json.gz
N872RA,2025-12-07,airplanes-live,0,none,A&E HAWKER LP,N872RA,N872RA_2025-12-07_airplanes-live_trace_full.json.gz
N872RA,2025-12-08,airplanes-live,0,none,A&E HAWKER LP,N872RA,N872RA_2025-12-08_airplanes-live_trace_full.json.gz
N872RA,2025-12-09,airplanes-live,0,none,A&E HAWKER LP,N872RA,N872RA_2025-12-09_airplanes-live_trace_full.json.gz
N872RA,2025-12-10,airplanes-live,0,none,A&E HAWKER LP,N872RA,N872RA_2025-12-10_airplanes-live_trace_full.json.gz
N872RA,2025-12-11,airplanes-live,0,none,A&E HAWKER LP,N872RA,N872RA_2025-12-11_airplanes-live_trace_full.json.gz
N872RA,2025-12-12,airplanes-live,0,none,A&E HAWKER LP,N872RA,N872RA_2025-12-12_airplanes-live_trace_full.json.gz
N872RA,2025-12-13,airplanes-live,0,none,A&E HAWKER LP,N872RA,N872RA_2025-12-13_airplanes-live_trace_full.json.gz
N872RA,2025-12-14,airplanes-live,0,none,A&E HAWKER LP,N872RA,N872RA_2025-12-14_airplanes-live_trace_full.json.gz
N872RA,2025-12-15,airplanes-live,0,none,A&E HAWKER LP,N872RA,N872RA_2025-12-15_airplanes-live_trace_full.json.gz
N872RA,2025-12-16,airplanes-live,0,none,A&E HAWKER LP,N872RA,N872RA_2025-12-16_airplanes-live_trace_full.json.gz
N872RA,2025-12-17,airplanes-live,0,none,A&E HAWKER LP,N872RA,N872RA_2025-12-17_airplanes-live_trace_full.json.gz
N872RA,2025-12-18,airplanes-live,0,none,A&E HAWKER LP,N872RA,N872RA_2025-12-18_airplanes-live_trace_full.json.gz
N872RA,2025-12-19,airplanes-live,0,none,A&E HAWKER LP,N872RA,N872RA_2025-12-19_airplanes-live_trace_full.json.gz
N872RA,2025-12-20,airplanes-live,0,none,A&E HAWKER LP,N872RA,N872RA_2025-12-20_airplanes-live_trace_full.json.gz
N872RA,2025-12-21,airplanes-live,0,none,A&E HAWKER LP,N872RA,N872RA_2025-12-21_airplanes-live_trace_full.json.gz
N872RA,2025-12-22,airplanes-live,0,none,A&E HAWKER LP,N872RA,N872RA_2025-12-22_airplanes-live_trace_full.json.gz
N872RA,2025-12-23,airplanes-live,0,none,A&E HAWKER LP,N872RA,N872RA_2025-12-23_airplanes-live_trace_full.json.gz
N872RA,2025-12-26,airplanes-live,0,none,A&E HAWKER LP,N872RA,N872RA_2025-12-26_airplanes-live_trace_full.json.gz
N872RA,2025-12-27,airplanes-live,0,none,A&E HAWKER LP,N872RA,N872RA_2025-12-27_airplanes-live_trace_full.json.gz
N872RA,2025-12-28,airplanes-live,0,none,A&E HAWKER LP,N872RA,N872RA_2025-12-28_airplanes-live_trace_full.json.gz
N872RA,2025-12-29,airplanes-live,0,none,A&E HAWKER LP,N872RA,N872RA_2025-12-29_airplanes-live_trace_full.json.gz
N872RA,2025-12-30,airplanes-live,0,none,A&E HAWKER LP,N872RA,N872RA_2025-12-30_airplanes-live_trace_full.json.gz
N872RA,2025-12-31,airplanes-live,0,none,A&E HAWKER LP,N872RA,N872RA_2025-12-31_airplanes-live_trace_full.json.gz
N872RA,2026-01-01,adsbexchange-samples,0,none,A&E HAWKER LP,N872RA,N872RA_2026-01-01_adsbexchange-samples_trace_full.json
N872RA,2026-01-01,airplanes-live,0,none,A&E HAWKER LP,N872RA,N872RA_2026-01-01_airplanes-live_trace_full.json.gz
N872RA,2026-01-02,airplanes-live,0,none,A&E HAWKER LP,N872RA,N872RA_2026-01-02_airplanes-live_trace_full.json.gz
N872RA,2026-01-03,airplanes-live,0,none,A&E HAWKER LP,N872RA,N872RA_2026-01-03_airplanes-live_trace_full.json.gz
N872RA,2026-01-04,airplanes-live,0,none,A&E HAWKER LP,N872RA,N872RA_2026-01-04_airplanes-live_trace_full.json.gz
N872RA,2026-01-05,airplanes-live,0,none,A&E HAWKER LP,N872RA,N872RA_2026-01-05_airplanes-live_trace_full.json.gz
N872RA,2026-01-06,airplanes-live,0,none,A&E HAWKER LP,N872RA,N872RA_2026-01-06_airplanes-live_trace_full.json.gz
N872RA,2026-01-07,airplanes-live,0,none,A&E HAWKER LP,N872RA,N872RA_2026-01-07_airplanes-live_trace_full.json.gz
N872RA,2026-01-08,airplanes-live,0,none,A&E HAWKER LP,N872RA,N872RA_2026-01-08_airplanes-live_trace_full.json.gz
N872RA,2026-01-09,airplanes-live,0,none,A&E HAWKER LP,N872RA,N872RA_2026-01-09_airplanes-live_trace_full.json.gz
N872RA,2026-01-10,airplanes-live,0,none,A&E HAWKER LP,N872RA,N872RA_2026-01-10_airplanes-live_trace_full.json.gz
N872RA,2026-01-11,airplanes-live,0,none,A&E HAWKER LP,N872RA,N872RA_2026-01-11_airplanes-live_trace_full.json.gz
N872RA,2026-01-12,airplanes-live,0,none,A&E HAWKER LP,N872RA,N872RA_2026-01-12_airplanes-live_trace_full.json.gz
N872RA,2026-01-13,airplanes-live,0,none,A&E HAWKER LP,N872RA,N872RA_2026-01-13_airplanes-live_trace_full.json.gz
N872RA,2026-01-14,airplanes-live,0,none,A&E HAWKER LP,N872RA,N872RA_2026-01-14_airplanes-live_trace_full.json.gz
N872RA,2026-01-15,airplanes-live,0,none,A&E HAWKER LP,N872RA,N872RA_2026-01-15_airplanes-live_trace_full.json.gz
N872RA,2026-01-16,airplanes-live,0,none,A&E HAWKER LP,N872RA,N872RA_2026-01-16_airplanes-live_trace_full.json.gz
N872RA,2026-01-19,airplanes-live,0,none,A&E HAWKER LP,N872RA,N872RA_2026-01-19_airplanes-live_trace_full.json.gz
N872RA,2026-01-20,airplanes-live,0,none,A&E HAWKER LP,N872RA,N872RA_2026-01-20_airplanes-live_trace_full.json.gz
N872RA,2026-01-24,airplanes-live,0,none,A&E HAWKER LP,N872RA,N872RA_2026-01-24_airplanes-live_trace_full.json.gz
N872RA,2026-01-26,airplanes-live,0,none,A&E HAWKER LP,N872RA,N872RA_2026-01-26_airplanes-live_trace_full.json.gz
N872RA,2026-01-28,airplanes-live,0,none,A&E HAWKER LP,N872RA,N872RA_2026-01-28_airplanes-live_trace_full.json.gz
N872RA,2026-01-29,airplanes-live,0,none,A&E HAWKER LP,N872RA,N872RA_2026-01-29_airplanes-live_trace_full.json.gz
N872RA,2026-01-30,airplanes-live,0,none,A&E HAWKER LP,N872RA,N872RA_2026-01-30_airplanes-live_trace_full.json.gz
N872RA,2026-01-31,airplanes-live,0,none,A&E HAWKER LP,N872RA,N872RA_2026-01-31_airplanes-live_trace_full.json.gz
N872RA,2026-02-01,adsbexchange-samples,0,none,A&E HAWKER LP,N872RA,N872RA_2026-02-01_adsbexchange-samples_trace_full.json
N872RA,2026-02-01,airplanes-live,0,none,A&E HAWKER LP,N872RA,N872RA_2026-02-01_airplanes-live_trace_full.json.gz
N872RA,2026-02-02,airplanes-live,0,none,A&E HAWKER LP,N872RA,N872RA_2026-02-02_airplanes-live_trace_full.json.gz
N872RA,2026-02-04,airplanes-live,0,none,A&E HAWKER LP,N872RA,N872RA_2026-02-04_airplanes-live_trace_full.json.gz
N872RA,2026-02-05,airplanes-live,0,none,A&E HAWKER LP,N872RA,N872RA_2026-02-05_airplanes-live_trace_full.json.gz
N872RA,2026-02-06,airplanes-live,0,none,A&E HAWKER LP,N872RA,N872RA_2026-02-06_airplanes-live_trace_full.json.gz
N872RA,2026-02-07,airplanes-live,0,none,A&E HAWKER LP,N872RA,N872RA_2026-02-07_airplanes-live_trace_full.json.gz
N872RA,2026-02-08,airplanes-live,0,none,A&E HAWKER LP,N872RA,N872RA_2026-02-08_airplanes-live_trace_full.json.gz
N872RA,2026-02-09,airplanes-live,0,none,A&E HAWKER LP,N872RA,N872RA_2026-02-09_airplanes-live_trace_full.json.gz
N872RA,2026-02-10,airplanes-live,0,none,A&E HAWKER LP,N872RA,N872RA_2026-02-10_airplanes-live_trace_full.json.gz
N872RA,2026-02-11,airplanes-live,0,none,A&E HAWKER LP,N872RA,N872RA_2026-02-11_airplanes-live_trace_full.json.gz
N872RA,2026-02-12,airplanes-live,0,none,A&E HAWKER LP,N872RA,N872RA_2026-02-12_airplanes-live_trace_full.json.gz
N872RA,2026-02-13,airplanes-live,0,none,A&E HAWKER LP,N872RA,N872RA_2026-02-13_airplanes-live_trace_full.json.gz
N872RA,2026-02-14,airplanes-live,0,none,A&E HAWKER LP,N872RA,N872RA_2026-02-14_airplanes-live_trace_full.json.gz
N872RA,2026-02-16,airplanes-live,0,none,A&E HAWKER LP,N872RA,N872RA_2026-02-16_airplanes-live_trace_full.json.gz
N872RA,2026-02-17,airplanes-live,0,none,A&E HAWKER LP,N872RA,N872RA_2026-02-17_airplanes-live_trace_full.json.gz
N872RA,2026-02-18,airplanes-live,0,none,A&E HAWKER LP,N872RA,N872RA_2026-02-18_airplanes-live_trace_full.json.gz
N872RA,2026-02-19,airplanes-live,0,none,A&E HAWKER LP,N872RA,N872RA_2026-02-19_airplanes-live_trace_full.json.gz
N872RA,2026-02-20,airplanes-live,0,none,A&E HAWKER LP,N872RA,N872RA_2026-02-20_airplanes-live_trace_full.json.gz
N872RA,2026-02-21,airplanes-live,0,none,A&E HAWKER LP,N872RA,N872RA_2026-02-21_airplanes-live_trace_full.json.gz
N872RA,2026-02-22,airplanes-live,0,none,A&E HAWKER LP,N872RA,N872RA_2026-02-22_airplanes-live_trace_full.json.gz
N872RA,2026-02-23,airplanes-live,0,none,A&E HAWKER LP,N872RA,N872RA_2026-02-23_airplanes-live_trace_full.json.gz
N872RA,2026-02-24,airplanes-live,0,none,A&E HAWKER LP,N872RA,N872RA_2026-02-24_airplanes-live_trace_full.json.gz
N872RA,2026-02-25,airplanes-live,0,none,A&E HAWKER LP,N872RA,N872RA_2026-02-25_airplanes-live_trace_full.json.gz
N872RA,2026-02-26,airplanes-live,0,none,A&E HAWKER LP,N872RA,N872RA_2026-02-26_airplanes-live_trace_full.json.gz
N872RA,2026-02-28,airplanes-live,0,none,A&E HAWKER LP,N872RA,N872RA_2026-02-28_airplanes-live_trace_full.json.gz
N872RA,2026-03-01,adsbexchange-samples,0,none,A&E HAWKER LP,N872RA,N872RA_2026-03-01_adsbexchange-samples_trace_full.json
N872RA,2026-03-01,airplanes-live,0,none,A&E HAWKER LP,N872RA,N872RA_2026-03-01_airplanes-live_trace_full.json.gz
N872RA,2026-03-02,airplanes-live,0,none,A&E HAWKER LP,N872RA,N872RA_2026-03-02_airplanes-live_trace_full.json.gz
N872RA,2026-03-04,airplanes-live,0,none,A&E HAWKER LP,N872RA,N872RA_2026-03-04_airplanes-live_trace_full.json.gz
N872RA,2026-03-05,airplanes-live,0,none,A&E HAWKER LP,N872RA,N872RA_2026-03-05_airplanes-live_trace_full.json.gz
N872RA,2026-03-06,airplanes-live,0,none,A&E HAWKER LP,N872RA,N872RA_2026-03-06_airplanes-live_trace_full.json.gz
N872RA,2026-03-07,airplanes-live,0,none,A&E HAWKER LP,N872RA,N872RA_2026-03-07_airplanes-live_trace_full.json.gz
N872RA,2026-03-08,airplanes-live,0,none,A&E HAWKER LP,N872RA,N872RA_2026-03-08_airplanes-live_trace_full.json.gz
N872RA,2026-03-09,airplanes-live,0,none,A&E HAWKER LP,N872RA,N872RA_2026-03-09_airplanes-live_trace_full.json.gz
N872RA,2026-03-10,airplanes-live,0,none,A&E HAWKER LP,N872RA,N872RA_2026-03-10_airplanes-live_trace_full.json.gz
N872RA,2026-03-11,airplanes-live,0,none,A&E HAWKER LP,N872RA,N872RA_2026-03-11_airplanes-live_trace_full.json.gz
N872RA,2026-03-12,airplanes-live,0,none,A&E HAWKER LP,N872RA,N872RA_2026-03-12_airplanes-live_trace_full.json.gz
N872RA,2026-03-13,airplanes-live,0,none,A&E HAWKER LP,N872RA,N872RA_2026-03-13_airplanes-live_trace_full.json.gz
N872RA,2026-03-14,airplanes-live,0,none,A&E HAWKER LP,N872RA,N872RA_2026-03-14_airplanes-live_trace_full.json.gz
N872RA,2026-03-15,airplanes-live,0,none,A&E HAWKER LP,N872RA,N872RA_2026-03-15_airplanes-live_trace_full.json.gz
N872RA,2026-03-16,airplanes-live,0,none,A&E HAWKER LP,N872RA,N872RA_2026-03-16_airplanes-live_trace_full.json.gz
N872RA,2026-03-17,airplanes-live,0,none,A&E HAWKER LP,N872RA,N872RA_2026-03-17_airplanes-live_trace_full.json.gz
N872RA,2026-03-18,airplanes-live,0,none,A&E HAWKER LP,N872RA,N872RA_2026-03-18_airplanes-live_trace_full.json.gz
N872RA,2026-03-19,airplanes-live,0,none,A&E HAWKER LP,N872RA,N872RA_2026-03-19_airplanes-live_trace_full.json.gz
N872RA,2026-03-20,airplanes-live,0,none,A&E HAWKER LP,N872RA,N872RA_2026-03-20_airplanes-live_trace_full.json.gz
N872RA,2026-03-21,airplanes-live,0,none,A&E HAWKER LP,N872RA,N872RA_2026-03-21_airplanes-live_trace_full.json.gz
N872RA,2026-03-22,airplanes-live,0,none,A&E HAWKER LP,N872RA,N872RA_2026-03-22_airplanes-live_trace_full.json.gz
N872RA,2026-03-23,airplanes-live,0,none,A&E HAWKER LP,N872RA,N872RA_2026-03-23_airplanes-live_trace_full.json.gz
N872RA,2026-03-24,airplanes-live,0,none,A&E HAWKER LP,N872RA,N872RA_2026-03-24_airplanes-live_trace_full.json.gz
N872RA,2026-03-25,airplanes-live,0,none,A&E HAWKER LP,N872RA,N872RA_2026-03-25_airplanes-live_trace_full.json.gz
N872RA,2026-03-26,airplanes-live,0,none,A&E HAWKER LP,N872RA,N872RA_2026-03-26_airplanes-live_trace_full.json.gz
N872RA,2026-03-27,airplanes-live,0,none,A&E HAWKER LP,N872RA,N872RA_2026-03-27_airplanes-live_trace_full.json.gz
N872RA,2026-03-28,airplanes-live,0,none,A&E HAWKER LP,N872RA,N872RA_2026-03-28_airplanes-live_trace_full.json.gz
N872RA,2026-03-31,airplanes-live,0,none,A&E HAWKER LP,N872RA,N872RA_2026-03-31_airplanes-live_trace_full.json.gz
N872RA,2026-04-01,adsbexchange-samples,0,none,A&E HAWKER LP,N872RA,N872RA_2026-04-01_adsbexchange-samples_trace_full.json
N872RA,2026-04-01,airplanes-live,0,none,A&E HAWKER LP,N872RA,N872RA_2026-04-01_airplanes-live_trace_full.json.gz
N872RA,2026-04-02,airplanes-live,0,none,A&E HAWKER LP,N872RA,N872RA_2026-04-02_airplanes-live_trace_full.json.gz
N872RA,2026-04-03,airplanes-live,0,none,A&E HAWKER LP,N872RA,N872RA_2026-04-03_airplanes-live_trace_full.json.gz
N872RA,2026-04-04,airplanes-live,0,none,A&E HAWKER LP,N872RA,N872RA_2026-04-04_airplanes-live_trace_full.json.gz
N872RA,2026-04-05,airplanes-live,0,none,A&E HAWKER LP,N872RA,N872RA_2026-04-05_airplanes-live_trace_full.json.gz
N872RA,2026-04-06,airplanes-live,0,none,A&E HAWKER LP,N872RA,N872RA_2026-04-06_airplanes-live_trace_full.json.gz
N872RA,2026-04-07,airplanes-live,0,none,A&E HAWKER LP,N872RA,N872RA_2026-04-07_airplanes-live_trace_full.json.gz
N872RA,2026-04-09,airplanes-live,0,none,A&E HAWKER LP,N872RA,N872RA_2026-04-09_airplanes-live_trace_full.json.gz
N872RA,2026-04-10,airplanes-live,0,none,A&E HAWKER LP,N872RA,N872RA_2026-04-10_airplanes-live_trace_full.json.gz
N872RA,2026-04-11,airplanes-live,0,none,A&E HAWKER LP,N872RA,N872RA_2026-04-11_airplanes-live_trace_full.json.gz
N872RA,2026-04-12,airplanes-live,0,none,A&E HAWKER LP,N872RA,N872RA_2026-04-12_airplanes-live_trace_full.json.gz
N872RA,2026-04-13,airplanes-live,0,none,A&E HAWKER LP,N872RA,N872RA_2026-04-13_airplanes-live_trace_full.json.gz
N872RA,2026-04-14,airplanes-live,0,none,A&E HAWKER LP,N872RA,N872RA_2026-04-14_airplanes-live_trace_full.json.gz
N872RA,2026-04-15,airplanes-live,0,none,A&E HAWKER LP,N872RA,N872RA_2026-04-15_airplanes-live_trace_full.json.gz
N872RA,2026-04-16,airplanes-live,0,none,A&E HAWKER LP,N872RA,N872RA_2026-04-16_airplanes-live_trace_full.json.gz
N872RA,2026-04-17,airplanes-live,0,none,A&E HAWKER LP,N872RA,N872RA_2026-04-17_airplanes-live_trace_full.json.gz
N872RA,2026-04-18,airplanes-live,0,none,A&E HAWKER LP,N872RA,N872RA_2026-04-18_airplanes-live_trace_full.json.gz
N872RA,2026-04-19,airplanes-live,0,none,A&E HAWKER LP,N872RA,N872RA_2026-04-19_airplanes-live_trace_full.json.gz
N872RA,2026-04-20,airplanes-live,0,none,A&E HAWKER LP,N872RA,N872RA_2026-04-20_airplanes-live_trace_full.json.gz
N872RA,2026-04-21,airplanes-live,0,none,A&E HAWKER LP,N872RA,N872RA_2026-04-21_airplanes-live_trace_full.json.gz
N872RA,2026-04-22,airplanes-live,0,none,A&E HAWKER LP,N872RA,N872RA_2026-04-22_airplanes-live_trace_full.json.gz
N872RA,2026-04-23,airplanes-live,0,none,A&E HAWKER LP,N872RA,N872RA_2026-04-23_airplanes-live_trace_full.json.gz
N872RA,2026-04-24,airplanes-live,0,none,A&E HAWKER LP,N872RA,N872RA_2026-04-24_airplanes-live_trace_full.json.gz
N872RA,2026-04-25,airplanes-live,0,none,A&E HAWKER LP,N872RA,N872RA_2026-04-25_airplanes-live_trace_full.json
N872RA,2026-04-26,airplanes-live,0,none,A&E HAWKER LP,N872RA,N872RA_2026-04-26_airplanes-live_trace_full.json
N872RA,2026-04-27,airplanes-live,0,none,A&E HAWKER LP,N872RA,N872RA_2026-04-27_airplanes-live_trace_full.json
N872RA,2026-04-28,airplanes-live,0,none,A&E HAWKER LP,N872RA,N872RA_2026-04-28_airplanes-live_trace_full.json
N872RA,2026-04-29,airplanes-live,0,none,A&E HAWKER LP,N872RA,N872RA_2026-04-29_airplanes-live_trace_full.json
N872RA,2026-04-30,airplanes-live,0,none,A&E HAWKER LP,N872RA,N872RA_2026-04-30_airplanes-live_trace_full.json
N872RA,2026-05-01,adsbexchange-samples,0,none,A&E HAWKER LP,N872RA,N872RA_2026-05-01_adsbexchange-samples_trace_full.json
N872RA,2026-05-01,airplanes-live,0,none,A&E HAWKER LP,N872RA,N872RA_2026-05-01_airplanes-live_trace_full.json
N872RA,2026-05-02,airplanes-live,0,none,A&E HAWKER LP,N872RA,N872RA_2026-05-02_airplanes-live_trace_full.json
N872RA,2026-05-03,airplanes-live,0,none,A&E HAWKER LP,N872RA,N872RA_2026-05-03_airplanes-live_trace_full.json
N872RA,2026-05-04,airplanes-live,0,none,A&E HAWKER LP,N872RA,N872RA_2026-05-04_airplanes-live_trace_full.json
N872RA,2026-05-05,airplanes-live,0,none,A&E HAWKER LP,N872RA,N872RA_2026-05-05_airplanes-live_trace_full.json
N872RA,2026-05-06,airplanes-live,0,none,A&E HAWKER LP,N872RA,N872RA_2026-05-06_airplanes-live_trace_full.json
N872RA,2026-05-07,airplanes-live,0,none,A&E HAWKER LP,N872RA,N872RA_2026-05-07_airplanes-live_trace_full.json
N872RA,2026-05-08,airplanes-live,0,none,A&E HAWKER LP,N872RA,N872RA_2026-05-08_airplanes-live_trace_full.json
N872RA,2026-05-09,airplanes-live,0,none,A&E HAWKER LP,N872RA,N872RA_2026-05-09_airplanes-live_trace_full.json
N872RA,2026-05-10,airplanes-live,0,none,A&E HAWKER LP,N872RA,N872RA_2026-05-10_airplanes-live_trace_full.json
N872RA,2026-05-11,airplanes-live,0,none,A&E HAWKER LP,N872RA,N872RA_2026-05-11_airplanes-live_trace_full.json
N872RA,2026-05-12,airplanes-live,0,none,A&E HAWKER LP,N872RA,N872RA_2026-05-12_airplanes-live_trace_full.json
N872RA,2026-05-13,airplanes-live,0,none,A&E HAWKER LP,N872RA,N872RA_2026-05-13_airplanes-live_trace_full.json
N872RA,2026-05-14,airplanes-live,0,none,A&E HAWKER LP,N872RA,N872RA_2026-05-14_airplanes-live_trace_full.json
N872RA,2026-05-15,airplanes-live,0,none,A&E HAWKER LP,N872RA,N872RA_2026-05-15_airplanes-live_trace_full.json
N872RA,2026-05-17,airplanes-live,0,none,A&E HAWKER LP,N872RA,N872RA_2026-05-17_airplanes-live_trace_full.json
N872RA,2026-05-18,airplanes-live,0,none,A&E HAWKER LP,N872RA,N872RA_2026-05-18_airplanes-live_trace_full.json
N872RA,2026-05-19,airplanes-live,0,none,A&E HAWKER LP,N872RA,N872RA_2026-05-19_airplanes-live_trace_full.json
N872RA,2026-05-20,airplanes-live,0,none,A&E HAWKER LP,N872RA,N872RA_2026-05-20_airplanes-live_trace_full.json
N872RA,2026-05-21,airplanes-live,0,none,A&E HAWKER LP,N872RA,N872RA_2026-05-21_airplanes-live_trace_full.json
N872RA,2026-05-22,airplanes-live,0,none,A&E HAWKER LP,N872RA,N872RA_2026-05-22_airplanes-live_trace_full.json
N872RA,2026-05-25,airplanes-live,0,none,A&E HAWKER LP,N872RA,N872RA_2026-05-25_airplanes-live_trace_full.json
N872RA,2026-05-26,airplanes-live,0,none,A&E HAWKER LP,N872RA,N872RA_2026-05-26_airplanes-live_trace_full.json
N872RA,2026-05-28,airplanes-live,0,none,A&E HAWKER LP,N872RA,N872RA_2026-05-28_airplanes-live_trace_full.json
N872RA,2026-05-29,airplanes-live,0,none,A&E HAWKER LP,N872RA,N872RA_2026-05-29_airplanes-live_trace_full.json
N872RA,2026-06-02,airplanes-live,0,none,A&E HAWKER LP,N872RA,N872RA_2026-06-02_airplanes-live_trace_full.json
N872RA,2026-06-03,airplanes-live,0,none,A&E HAWKER LP,N872RA,N872RA_2026-06-03_airplanes-live_trace_full.json
N872RA,2026-06-04,airplanes-live,0,none,A&E HAWKER LP,N872RA,N872RA_2026-06-04_airplanes-live_trace_full.json
N872RA,2026-06-05,airplanes-live,0,none,A&E HAWKER LP,N872RA,N872RA_2026-06-05_airplanes-live_trace_full.json
N872RA,2026-06-06,airplanes-live,0,none,A&E HAWKER LP,N872RA,N872RA_2026-06-06_airplanes-live_trace_full.json.gz
N872RA,2026-06-07,airplanes-live,0,none,A&E HAWKER LP,N872RA,N872RA_2026-06-07_airplanes-live_trace_full.json.gz
N872RA,2026-06-08,airplanes-live,0,none,A&E HAWKER LP,N872RA,N872RA_2026-06-08_airplanes-live_trace_full.json.gz
N872RA,2026-06-09,airplanes-live,0,none,A&E HAWKER LP,N872RA,N872RA_2026-06-09_airplanes-live_trace_full.json.gz
N872RA,2026-06-11,airplanes-live,0,none,A&E HAWKER LP,N872RA,N872RA_2026-06-11_airplanes-live_trace_full.json.gz
N872RA,2026-06-12,airplanes-live,0,none,A&E HAWKER LP,N872RA,N872RA_2026-06-12_airplanes-live_trace_full.json.gz
N872RA,2026-06-13,airplanes-live,0,none,A&E HAWKER LP,N872RA,N872RA_2026-06-13_airplanes-live_trace_full.json.gz
N872RA,2026-06-14,airplanes-live,0,none,A&E HAWKER LP,N872RA,N872RA_2026-06-14_airplanes-live_trace_full.json.gz
N872RA,2026-06-15,airplanes-live,0,none,A&E HAWKER LP,N872RA,N872RA_2026-06-15_airplanes-live_trace_full.json.gz
N872RA,2026-06-16,airplanes-live,0,none,A&E HAWKER LP,N872RA,N872RA_2026-06-16_airplanes-live_trace_full.json.gz
N872RA,2026-06-17,airplanes-live,0,none,A&E HAWKER LP,N872RA,N872RA_2026-06-17_airplanes-live_trace_full.json.gz
N872RA,2026-06-18,airplanes-live,0,none,A&E HAWKER LP,N872RA,N872RA_2026-06-18_airplanes-live_trace_full.json.gz
N872RA,2026-06-19,airplanes-live,0,none,A&E HAWKER LP,N872RA,N872RA_2026-06-19_airplanes-live_trace_full.json.gz
N872RA,2026-06-20,airplanes-live,0,none,A&E HAWKER LP,N872RA,N872RA_2026-06-20_airplanes-live_trace_full.json.gz
N872RA,2026-06-21,airplanes-live,0,none,A&E HAWKER LP,N872RA,N872RA_2026-06-21_airplanes-live_trace_full.json.gz
N872RA,2026-06-23,airplanes-live,0,none,A&E HAWKER LP,N872RA,N872RA_2026-06-23_airplanes-live_trace_full.json.gz
N872RA,2026-06-24,airplanes-live,0,none,A&E HAWKER LP,N872RA,N872RA_2026-06-24_airplanes-live_trace_full.json.gz
N872RA,2026-06-25,airplanes-live,0,none,A&E HAWKER LP,N872RA,N872RA_2026-06-25_airplanes-live_trace_full.json.gz
N872RA,2026-06-26,airplanes-live,0,none,A&E HAWKER LP,N872RA,N872RA_2026-06-26_airplanes-live_trace_full.json.gz
N872RA,2026-06-27,airplanes-live,0,none,A&E HAWKER LP,N872RA,N872RA_2026-06-27_airplanes-live_trace_full.json.gz
N872RA,2026-06-28,airplanes-live,0,none,A&E HAWKER LP,N872RA,N872RA_2026-06-28_airplanes-live_trace_full.json.gz
N872RA,2026-06-29,airplanes-live,0,none,A&E HAWKER LP,N872RA,N872RA_2026-06-29_airplanes-live_trace_full.json.gz
N872RA,2026-07-14,airplanes-live,0,none,A&E HAWKER LP,N872RA,N872RA_2026-07-14_airplanes-live_trace_full.json.gz
N872RA,2026-07-15,airplanes-live,0,none,A&E HAWKER LP,N872RA,N872RA_2026-07-15_airplanes-live_trace_full.json.gz
N872RA,2026-07-16,airplanes-live,0,none,A&E HAWKER LP,N872RA,N872RA_2026-07-16_airplanes-live_trace_full.json.gz
N872RA,2026-07-17,airplanes-live,0,none,A&E HAWKER LP,N872RA,N872RA_2026-07-17_airplanes-live_trace_full.json.gz
N872RA,2026-07-18,airplanes-live,0,none,A&E HAWKER LP,N872RA,N872RA_2026-07-18_airplanes-live_trace_full.json.gz
N872RA,2026-07-19,airplanes-live,0,none,A&E HAWKER LP,N872RA,N872RA_2026-07-19_airplanes-live_trace_full.json.gz
N872RA,2026-07-20,airplanes-live,0,none,A&E HAWKER LP,N872RA,N872RA_2026-07-20_airplanes-live_trace_full.json.gz
N872RA,2026-07-21,airplanes-live,0,none,A&E HAWKER LP,N872RA,N872RA_2026-07-21_airplanes-live_trace_full.json.gz
N872RA,2026-07-22,airplanes-live,0,none,A&E HAWKER LP,N872RA,N872RA_2026-07-22_airplanes-live_trace_full.json.gz
N872RA,2026-07-23,airplanes-live,0,none,A&E HAWKER LP,N872RA,N872RA_2026-07-23_airplanes-live_trace_full.json.gz
N872RA,2026-07-24,airplanes-live,0,none,A&E HAWKER LP,N872RA,N872RA_2026-07-24_airplanes-live_trace_full.json.gz
N872RA,2026-07-25,airplanes-live,0,none,A&E HAWKER LP,N872RA,N872RA_2026-07-25_airplanes-live_trace_full.json.gz
N872RA,2026-07-26,airplanes-live,0,none,A&E HAWKER LP,N872RA,N872RA_2026-07-26_airplanes-live_trace_full.json.gz
N872RA,2026-07-27,airplanes-live,0,none,A&E HAWKER LP,N872RA,N872RA_2026-07-27_airplanes-live_trace_full.json.gz
N872RA,2026-07-29,airplanes-live,0,none,A&E HAWKER LP,N872RA,N872RA_2026-07-29_airplanes-live_trace_full.json.gz
N872RA,2026-07-30,airplanes-live,0,none,A&E HAWKER LP,N872RA,N872RA_2026-07-30_airplanes-live_trace_full.json.gz
N872RA,2026-07-31,airplanes-live,0,none,A&E HAWKER LP,N872RA,N872RA_2026-07-31_airplanes-live_trace_full.json.gz
N872RA,2026-08-01,adsbexchange-samples,0,none,A&E HAWKER LP,N872RA,N872RA_2026-08-01_adsbexchange-samples_trace_full.json
N872RA,2026-08-01,airplanes-live,0,none,A&E HAWKER LP,N872RA,N872RA_2026-08-01_airplanes-live_trace_full.json.gz
N872RA,2026-08-02,airplanes-live,0,none,A&E HAWKER LP,N872RA,N872RA_2026-08-02_airplanes-live_trace_full.json.gz
N872RA,2026-08-03,airplanes-live,0,none,A&E HAWKER LP,N872RA,N872RA_2026-08-03_airplanes-live_trace_full.json.gz
N872RA,2026-08-04,airplanes-live,0,none,A&E HAWKER LP,N872RA,N872RA_2026-08-04_airplanes-live_trace_full.json.gz
N872RA,2026-08-07,airplanes-live,0,none,A&E HAWKER LP,N872RA,N872RA_2026-08-07_airplanes-live_trace_full.json.gz
N872RA,2026-08-10,airplanes-live,0,none,A&E HAWKER LP,N872RA,N872RA_2026-08-10_airplanes-live_trace_full.json.gz
N872RA,2026-08-11,airplanes-live,0,none,A&E HAWKER LP,N872RA,N872RA_2026-08-11_airplanes-live_trace_full.json.gz
N872RA,2026-08-12,airplanes-live,0,none,A&E HAWKER LP,N872RA,N872RA_2026-08-12_airplanes-live_trace_full.json.gz
N872RA,2026-08-13,airplanes-live,0,none,A&E HAWKER LP,N872RA,N872RA_2026-08-13_airplanes-live_trace_full.json.gz
N872RA,2026-08-14,airplanes-live,0,none,A&E HAWKER LP,N872RA,N872RA_2026-08-14_airplanes-live_trace_full.json.gz
N872RA,2026-08-15,airplanes-live,0,none,A&E HAWKER LP,N872RA,N872RA_2026-08-15_airplanes-live_trace_full.json.gz
N872RA,2026-08-16,airplanes-live,0,none,A&E HAWKER LP,N872RA,N872RA_2026-08-16_airplanes-live_trace_full.json.gz
N872RA,2026-08-17,airplanes-live,0,none,A&E HAWKER LP,N872RA,N872RA_2026-08-17_airplanes-live_trace_full.json.gz
N872RA,2026-08-18,airplanes-live,0,none,A&E HAWKER LP,N872RA,N872RA_2026-08-18_airplanes-live_trace_full.json.gz
N872RA,2026-08-19,airplanes-live,0,none,A&E HAWKER LP,N872RA,N872RA_2026-08-19_airplanes-live_trace_full.json.gz
N872RA,2026-08-20,airplanes-live,0,none,A&E HAWKER LP,N872RA,N872RA_2026-08-20_airplanes-live_trace_full.json.gz
N872RA,2026-08-21,airplanes-live,0,none,A&E HAWKER LP,N872RA,N872RA_2026-08-21_airplanes-live_trace_full.json.gz
N872RA,2026-08-22,airplanes-live,0,none,A&E HAWKER LP,N872RA,N872RA_2026-08-22_airplanes-live_trace_full.json.gz
N872RA,2026-08-23,airplanes-live,0,none,A&E HAWKER LP,N872RA,N872RA_2026-08-23_airplanes-live_trace_full.json.gz
N872RA,2026-08-25,airplanes-live,0,none,A&E HAWKER LP,N872RA,N872RA_2026-08-25_airplanes-live_trace_full.json.gz
N872RA,2026-08-27,airplanes-live,0,none,A&E HAWKER LP,N872RA,N872RA_2026-08-27_airplanes-live_trace_full.json.gz
N872RA,2026-08-28,airplanes-live,0,none,A&E HAWKER LP,N872RA,N872RA_2026-08-28_airplanes-live_trace_full.json.gz
N872RA,2026-08-29,airplanes-live,0,none,A&E HAWKER LP,N872RA,N872RA_2026-08-29_airplanes-live_trace_full.json.gz
N872RA,2026-08-30,airplanes-live,0,none,A&E HAWKER LP,N872RA,N872RA_2026-08-30_airplanes-live_trace_full.json.gz
N872RA,2026-08-31,airplanes-live,0,none,A&E HAWKER LP,N872RA,N872RA_2026-08-31_airplanes-live_trace_full.json.gz
N872RA,2026-09-01,airplanes-live,0,none,A&E HAWKER LP,N872RA,N872RA_2026-09-01_airplanes-live_trace_full.json.gz
N872RA,2026-09-02,airplanes-live,0,none,A&E HAWKER LP,N872RA,N872RA_2026-09-02_airplanes-live_trace_full.json.gz
N872RA,2026-09-03,airplanes-live,0,none,A&E HAWKER LP,N872RA,N872RA_2026-09-03_airplanes-live_trace_full.json.gz
N872RA,2026-09-04,airplanes-live,0,none,A&E HAWKER LP,N872RA,N872RA_2026-09-04_airplanes-live_trace_full.json.gz
N872RA,2026-09-06,airplanes-live,0,none,A&E HAWKER LP,N872RA,N872RA_2026-09-06_airplanes-live_trace_full.json.gz
N872RA,2026-09-07,airplanes-live,0,none,A&E HAWKER LP,N872RA,N872RA_2026-09-07_airplanes-live_trace_full.json.gz
N872RA,2026-09-08,airplanes-live,0,none,A&E HAWKER LP,N872RA,N872RA_2026-09-08_airplanes-live_trace_full.json.gz
N872RA,2026-09-09,airplanes-live,0,none,A&E HAWKER LP,N872RA,N872RA_2026-09-09_airplanes-live_trace_full.json.gz
N872RA,2026-09-10,airplanes-live,0,none,A&E HAWKER LP,N872RA,N872RA_2026-09-10_airplanes-live_trace_full.json.gz
N872RA,2026-09-11,airplanes-live,0,none,A&E HAWKER LP,N872RA,N872RA_2026-09-11_airplanes-live_trace_full.json.gz
N872RA,2026-09-12,airplanes-live,0,none,A&E HAWKER LP,N872RA,N872RA_2026-09-12_airplanes-live_trace_full.json.gz
N872RA,2026-09-13,airplanes-live,0,none,A&E HAWKER LP,N872RA,N872RA_2026-09-13_airplanes-live_trace_full.json.gz
N872RA,2026-09-14,airplanes-live,0,none,A&E HAWKER LP,N872RA,N872RA_2026-09-14_airplanes-live_trace_full.json.gz
N872RA,2026-09-15,airplanes-live,0,none,A&E HAWKER LP,N872RA,N872RA_2026-09-15_airplanes-live_trace_full.json.gz
N872RA,2026-09-16,airplanes-live,0,none,A&E HAWKER LP,N872RA,N872RA_2026-09-16_airplanes-live_trace_full.json.gz
N885LS,2023-02-07,airplanes-live,8,LADD,LAS VEGAS SANDS CORP,N885LS,N885LS_2023-02-07_airplanes-live_trace_full.json.gz
N885LS,2023-02-10,airplanes-live,8,LADD,LAS VEGAS SANDS CORP,N885LS,N885LS_2023-02-10_airplanes-live_trace_full.json.gz
N885LS,2023-02-11,airplanes-live,8,LADD,LAS VEGAS SANDS CORP,N885LS,N885LS_2023-02-11_airplanes-live_trace_full.json.gz
N885LS,2023-02-16,airplanes-live,8,LADD,LAS VEGAS SANDS CORP,N885LS,N885LS_2023-02-16_airplanes-live_trace_full.json.gz
N885LS,2023-02-19,airplanes-live,8,LADD,LAS VEGAS SANDS CORP,N885LS,N885LS_2023-02-19_airplanes-live_trace_full.json.gz
N885LS,2023-02-20,airplanes-live,8,LADD,LAS VEGAS SANDS CORP,N885LS,N885LS_2023-02-20_airplanes-live_trace_full.json.gz
N885LS,2023-02-21,airplanes-live,8,LADD,LAS VEGAS SANDS CORP,N885LS,N885LS_2023-02-21_airplanes-live_trace_full.json.gz
N885LS,2023-02-27,airplanes-live,8,LADD,LAS VEGAS SANDS CORP,N885LS,N885LS_2023-02-27_airplanes-live_trace_full.json.gz
N885LS,2023-02-28,airplanes-live,8,LADD,LAS VEGAS SANDS CORP,N885LS,N885LS_2023-02-28_airplanes-live_trace_full.json.gz
N885LS,2023-03-01,airplanes-live,8,LADD,LAS VEGAS SANDS CORP,N885LS,N885LS_2023-03-01_airplanes-live_trace_full.json.gz
N885LS,2023-03-02,airplanes-live,8,LADD,LAS VEGAS SANDS CORP,N885LS,N885LS_2023-03-02_airplanes-live_trace_full.json.gz
N885LS,2023-03-07,airplanes-live,8,LADD,LAS VEGAS SANDS CORP,N885LS,N885LS_2023-03-07_airplanes-live_trace_full.json.gz
N885LS,2023-03-08,airplanes-live,8,LADD,LAS VEGAS SANDS CORP,N885LS,N885LS_2023-03-08_airplanes-live_trace_full.json.gz
N885LS,2023-03-09,airplanes-live,8,LADD,LAS VEGAS SANDS CORP,N885LS,N885LS_2023-03-09_airplanes-live_trace_full.json.gz
N885LS,2023-03-12,airplanes-live,0,none,,N885LS,N885LS_2023-03-12_airplanes-live_trace_full.json.gz
N885LS,2023-03-13,airplanes-live,0,none,,N885LS,N885LS_2023-03-13_airplanes-live_trace_full.json.gz
N885LS,2023-03-15,airplanes-live,0,none,,N885LS,N885LS_2023-03-15_airplanes-live_trace_full.json.gz
N885LS,2023-04-01,airplanes-live,0,none,,N885LS,N885LS_2023-04-01_airplanes-live_trace_full.json.gz
N885LS,2023-04-04,airplanes-live,0,none,,N885LS,N885LS_2023-04-04_airplanes-live_trace_full.json.gz
N885LS,2023-04-07,airplanes-live,0,none,,N885LS,N885LS_2023-04-07_airplanes-live_trace_full.json.gz
N885LS,2023-04-09,airplanes-live,0,none,,N885LS,N885LS_2023-04-09_airplanes-live_trace_full.json.gz
N885LS,2023-04-14,airplanes-live,0,none,,N885LS,N885LS_2023-04-14_airplanes-live_trace_full.json.gz
N885LS,2023-04-18,airplanes-live,0,none,,N885LS,N885LS_2023-04-18_airplanes-live_trace_full.json.gz
N885LS,2023-04-22,airplanes-live,0,none,,N885LS,N885LS_2023-04-22_airplanes-live_trace_full.json.gz
N885LS,2023-05-09,airplanes-live,0,none,,N885LS,N885LS_2023-05-09_airplanes-live_trace_full.json.gz
N885LS,2023-05-12,airplanes-live,0,none,,N885LS,N885LS_2023-05-12_airplanes-live_trace_full.json.gz
N885LS,2023-05-13,airplanes-live,0,none,,N885LS,N885LS_2023-05-13_airplanes-live_trace_full.json.gz
N885LS,2023-06-02,airplanes-live,0,none,,N885LS,N885LS_2023-06-02_airplanes-live_trace_full.json.gz
N885LS,2023-06-03,airplanes-live,0,none,,N885LS,N885LS_2023-06-03_airplanes-live_trace_full.json.gz
N885LS,2023-06-05,airplanes-live,0,none,,N885LS,N885LS_2023-06-05_airplanes-live_trace_full.json.gz
N885LS,2023-06-09,airplanes-live,0,none,,N885LS,N885LS_2023-06-09_airplanes-live_trace_full.json.gz
N885LS,2023-06-10,airplanes-live,0,none,,N885LS,N885LS_2023-06-10_airplanes-live_trace_full.json.gz
N885LS,2023-06-11,airplanes-live,0,none,,N885LS,N885LS_2023-06-11_airplanes-live_trace_full.json.gz
N885LS,2023-06-30,airplanes-live,0,none,,N885LS,N885LS_2023-06-30_airplanes-live_trace_full.json.gz
N885LS,2023-07-03,airplanes-live,0,none,,N885LS,N885LS_2023-07-03_airplanes-live_trace_full.json.gz
N885LS,2023-07-04,airplanes-live,0,none,,N885LS,N885LS_2023-07-04_airplanes-live_trace_full.json.gz
N885LS,2023-07-08,airplanes-live,0,none,,N885LS,N885LS_2023-07-08_airplanes-live_trace_full.json.gz
N885LS,2023-07-13,airplanes-live,0,none,,N885LS,N885LS_2023-07-13_airplanes-live_trace_full.json.gz
N885LS,2023-07-14,airplanes-live,0,none,,N885LS,N885LS_2023-07-14_airplanes-live_trace_full.json.gz
N885LS,2023-07-15,airplanes-live,0,none,,N885LS,N885LS_2023-07-15_airplanes-live_trace_full.json.gz
N885LS,2023-07-20,airplanes-live,0,none,,N885LS,N885LS_2023-07-20_airplanes-live_trace_full.json.gz
N885LS,2023-07-21,airplanes-live,0,none,,N885LS,N885LS_2023-07-21_airplanes-live_trace_full.json.gz
N885LS,2023-07-23,airplanes-live,0,none,,N885LS,N885LS_2023-07-23_airplanes-live_trace_full.json.gz
N885LS,2023-07-28,airplanes-live,0,none,,N885LS,N885LS_2023-07-28_airplanes-live_trace_full.json.gz
N885LS,2023-07-30,airplanes-live,0,none,,N885LS,N885LS_2023-07-30_airplanes-live_trace_full.json.gz
N885LS,2023-08-03,airplanes-live,0,none,,N885LS,N885LS_2023-08-03_airplanes-live_trace_full.json.gz
N885LS,2023-08-12,airplanes-live,0,none,,N885LS,N885LS_2023-08-12_airplanes-live_trace_full.json.gz
N885LS,2023-08-13,airplanes-live,0,none,,N885LS,N885LS_2023-08-13_airplanes-live_trace_full.json.gz
N885LS,2023-08-17,airplanes-live,0,none,,N885LS,N885LS_2023-08-17_airplanes-live_trace_full.json.gz
N885LS,2023-08-18,airplanes-live,0,none,,N885LS,N885LS_2023-08-18_airplanes-live_trace_full.json.gz
N885LS,2023-08-29,airplanes-live,0,none,,N885LS,N885LS_2023-08-29_airplanes-live_trace_full.json.gz
N885LS,2023-08-30,airplanes-live,0,none,,N885LS,N885LS_2023-08-30_airplanes-live_trace_full.json.gz
N885LS,2023-09-01,airplanes-live,0,none,,N885LS,N885LS_2023-09-01_airplanes-live_trace_full.json.gz
N885LS,2023-09-03,airplanes-live,0,none,,N885LS,N885LS_2023-09-03_airplanes-live_trace_full.json.gz
N885LS,2023-09-06,adsb-lol,8,LADD,LAS VEGAS SANDS CORP,N885LS,N885LS_2023-09-06_adsb-lol_trace_full.json.gz
N885LS,2023-09-11,adsb-lol,8,LADD,LAS VEGAS SANDS CORP,N885LS,N885LS_2023-09-11_adsb-lol_trace_full.json.gz
N885LS,2023-09-12,airplanes-live,,not_in_header,,,N885LS_2023-09-12_airplanes-live_trace_full.json.gz
N885LS,2023-09-13,airplanes-live,,not_in_header,,,N885LS_2023-09-13_airplanes-live_trace_full.json.gz
N885LS,2023-10-04,airplanes-live,,not_in_header,,,N885LS_2023-10-04_airplanes-live_trace_full.json.gz
N885LS,2023-10-06,airplanes-live,8,LADD,LAS VEGAS SANDS CORP,N885LS,N885LS_2023-10-06_airplanes-live_trace_full.json.gz
N885LS,2023-10-07,airplanes-live,8,LADD,LAS VEGAS SANDS CORP,N885LS,N885LS_2023-10-07_airplanes-live_trace_full.json.gz
N885LS,2023-10-20,airplanes-live,8,LADD,LAS VEGAS SANDS CORP,N885LS,N885LS_2023-10-20_airplanes-live_trace_full.json.gz
N885LS,2023-10-23,airplanes-live,8,LADD,LAS VEGAS SANDS CORP,N885LS,N885LS_2023-10-23_airplanes-live_trace_full.json.gz
N885LS,2023-10-24,airplanes-live,8,LADD,LAS VEGAS SANDS CORP,N885LS,N885LS_2023-10-24_airplanes-live_trace_full.json.gz
N885LS,2023-10-25,airplanes-live,8,LADD,LAS VEGAS SANDS CORP,N885LS,N885LS_2023-10-25_airplanes-live_trace_full.json.gz
N885LS,2023-10-26,airplanes-live,8,LADD,LAS VEGAS SANDS CORP,N885LS,N885LS_2023-10-26_airplanes-live_trace_full.json.gz
N885LS,2023-10-28,airplanes-live,8,LADD,LAS VEGAS SANDS CORP,N885LS,N885LS_2023-10-28_airplanes-live_trace_full.json.gz
N885LS,2023-10-29,airplanes-live,8,LADD,LAS VEGAS SANDS CORP,N885LS,N885LS_2023-10-29_airplanes-live_trace_full.json.gz
N885LS,2023-11-02,airplanes-live,8,LADD,LAS VEGAS SANDS CORP,N885LS,N885LS_2023-11-02_airplanes-live_trace_full.json.gz
N885LS,2023-11-03,airplanes-live,8,LADD,LAS VEGAS SANDS CORP,N885LS,N885LS_2023-11-03_airplanes-live_trace_full.json.gz
N885LS,2023-11-06,airplanes-live,8,LADD,LAS VEGAS SANDS CORP,N885LS,N885LS_2023-11-06_airplanes-live_trace_full.json.gz
N885LS,2023-11-07,airplanes-live,8,LADD,LAS VEGAS SANDS CORP,N885LS,N885LS_2023-11-07_airplanes-live_trace_full.json.gz
N885LS,2023-11-09,airplanes-live,8,LADD,LAS VEGAS SANDS CORP,N885LS,N885LS_2023-11-09_airplanes-live_trace_full.json.gz
N885LS,2023-11-10,airplanes-live,8,LADD,LAS VEGAS SANDS CORP,N885LS,N885LS_2023-11-10_airplanes-live_trace_full.json.gz
N885LS,2023-11-13,airplanes-live,8,LADD,LAS VEGAS SANDS CORP,N885LS,N885LS_2023-11-13_airplanes-live_trace_full.json.gz
N885LS,2023-11-14,airplanes-live,8,LADD,LAS VEGAS SANDS CORP,N885LS,N885LS_2023-11-14_airplanes-live_trace_full.json.gz
N885LS,2023-11-15,airplanes-live,8,LADD,LAS VEGAS SANDS CORP,N885LS,N885LS_2023-11-15_airplanes-live_trace_full.json.gz
N885LS,2023-12-02,airplanes-live,8,LADD,LAS VEGAS SANDS CORP,N885LS,N885LS_2023-12-02_airplanes-live_trace_full.json.gz
N885LS,2023-12-03,airplanes-live,8,LADD,LAS VEGAS SANDS CORP,N885LS,N885LS_2023-12-03_airplanes-live_trace_full.json.gz
N885LS,2023-12-04,airplanes-live,8,LADD,LAS VEGAS SANDS CORP,N885LS,N885LS_2023-12-04_airplanes-live_trace_full.json.gz
N885LS,2023-12-12,airplanes-live,8,LADD,LAS VEGAS SANDS CORP,N885LS,N885LS_2023-12-12_airplanes-live_trace_full.json.gz
N885LS,2023-12-13,airplanes-live,8,LADD,LAS VEGAS SANDS CORP,N885LS,N885LS_2023-12-13_airplanes-live_trace_full.json.gz
N885LS,2024-01-04,airplanes-live,8,LADD,LAS VEGAS SANDS CORP,N885LS,N885LS_2024-01-04_airplanes-live_trace_full.json.gz
N885LS,2024-01-05,airplanes-live,8,LADD,LAS VEGAS SANDS CORP,N885LS,N885LS_2024-01-05_airplanes-live_trace_full.json.gz
N885LS,2024-01-07,airplanes-live,8,LADD,LAS VEGAS SANDS CORP,N885LS,N885LS_2024-01-07_airplanes-live_trace_full.json.gz
N885LS,2024-01-08,airplanes-live,8,LADD,LAS VEGAS SANDS CORP,N885LS,N885LS_2024-01-08_airplanes-live_trace_full.json.gz
N885LS,2024-01-19,airplanes-live,8,LADD,LAS VEGAS SANDS CORP,N885LS,N885LS_2024-01-19_airplanes-live_trace_full.json.gz
N885LS,2024-01-21,airplanes-live,8,LADD,LAS VEGAS SANDS CORP,N885LS,N885LS_2024-01-21_airplanes-live_trace_full.json.gz
N885LS,2024-01-22,airplanes-live,8,LADD,LAS VEGAS SANDS CORP,N885LS,N885LS_2024-01-22_airplanes-live_trace_full.json.gz
N885LS,2024-01-28,airplanes-live,8,LADD,LAS VEGAS SANDS CORP,N885LS,N885LS_2024-01-28_airplanes-live_trace_full.json.gz
N885LS,2024-01-29,airplanes-live,8,LADD,LAS VEGAS SANDS CORP,N885LS,N885LS_2024-01-29_airplanes-live_trace_full.json.gz
N885LS,2024-01-30,airplanes-live,8,LADD,LAS VEGAS SANDS CORP,N885LS,N885LS_2024-01-30_airplanes-live_trace_full.json.gz
N885LS,2024-01-31,airplanes-live,8,LADD,LAS VEGAS SANDS CORP,N885LS,N885LS_2024-01-31_airplanes-live_trace_full.json.gz
N885LS,2024-02-02,airplanes-live,8,LADD,LAS VEGAS SANDS CORP,N885LS,N885LS_2024-02-02_airplanes-live_trace_full.json.gz
N885LS,2024-02-04,airplanes-live,8,LADD,LAS VEGAS SANDS CORP,N885LS,N885LS_2024-02-04_airplanes-live_trace_full.json.gz
N885LS,2024-02-08,airplanes-live,8,LADD,LAS VEGAS SANDS CORP,N885LS,N885LS_2024-02-08_airplanes-live_trace_full.json.gz
N885LS,2024-02-09,airplanes-live,8,LADD,LAS VEGAS SANDS CORP,N885LS,N885LS_2024-02-09_airplanes-live_trace_full.json.gz
N885LS,2024-02-10,airplanes-live,8,LADD,LAS VEGAS SANDS CORP,N885LS,N885LS_2024-02-10_airplanes-live_trace_full.json.gz
N885LS,2024-02-14,airplanes-live,8,LADD,LAS VEGAS SANDS CORP,N885LS,N885LS_2024-02-14_airplanes-live_trace_full.json.gz
N885LS,2024-02-16,airplanes-live,8,LADD,LAS VEGAS SANDS CORP,N885LS,N885LS_2024-02-16_airplanes-live_trace_full.json.gz
N885LS,2024-02-20,airplanes-live,8,LADD,LAS VEGAS SANDS CORP,N885LS,N885LS_2024-02-20_airplanes-live_trace_full.json.gz
N885LS,2024-02-22,airplanes-live,8,LADD,LAS VEGAS SANDS CORP,N885LS,N885LS_2024-02-22_airplanes-live_trace_full.json.gz
N885LS,2024-02-23,airplanes-live,8,LADD,LAS VEGAS SANDS CORP,N885LS,N885LS_2024-02-23_airplanes-live_trace_full.json.gz
N885LS,2024-02-24,airplanes-live,8,LADD,LAS VEGAS SANDS CORP,N885LS,N885LS_2024-02-24_airplanes-live_trace_full.json.gz
N885LS,2024-03-10,airplanes-live,8,LADD,LAS VEGAS SANDS CORP,N885LS,N885LS_2024-03-10_airplanes-live_trace_full.json.gz
N885LS,2024-03-13,airplanes-live,8,LADD,LAS VEGAS SANDS CORP,N885LS,N885LS_2024-03-13_airplanes-live_trace_full.json.gz
N885LS,2024-03-16,airplanes-live,8,LADD,LAS VEGAS SANDS CORP,N885LS,N885LS_2024-03-16_airplanes-live_trace_full.json.gz
N885LS,2024-03-22,airplanes-live,8,LADD,LAS VEGAS SANDS CORP,N885LS,N885LS_2024-03-22_airplanes-live_trace_full.json.gz
N885LS,2024-03-23,airplanes-live,8,LADD,LAS VEGAS SANDS CORP,N885LS,N885LS_2024-03-23_airplanes-live_trace_full.json.gz
N885LS,2024-04-07,airplanes-live,8,LADD,LAS VEGAS SANDS CORP,N885LS,N885LS_2024-04-07_airplanes-live_trace_full.json.gz
N885LS,2024-04-08,airplanes-live,8,LADD,LAS VEGAS SANDS CORP,N885LS,N885LS_2024-04-08_airplanes-live_trace_full.json.gz
N885LS,2024-04-12,airplanes-live,8,LADD,LAS VEGAS SANDS CORP,N885LS,N885LS_2024-04-12_airplanes-live_trace_full.json.gz
N885LS,2024-04-14,airplanes-live,8,LADD,LAS VEGAS SANDS CORP,N885LS,N885LS_2024-04-14_airplanes-live_trace_full.json.gz
N885LS,2024-04-20,airplanes-live,8,LADD,LAS VEGAS SANDS CORP,N885LS,N885LS_2024-04-20_airplanes-live_trace_full.json.gz
N885LS,2024-04-21,airplanes-live,8,LADD,LAS VEGAS SANDS CORP,N885LS,N885LS_2024-04-21_airplanes-live_trace_full.json.gz
N885LS,2024-04-23,airplanes-live,8,LADD,LAS VEGAS SANDS CORP,N885LS,N885LS_2024-04-23_airplanes-live_trace_full.json.gz
N885LS,2024-04-25,airplanes-live,8,LADD,LAS VEGAS SANDS CORP,N885LS,N885LS_2024-04-25_airplanes-live_trace_full.json.gz
N885LS,2024-04-26,airplanes-live,8,LADD,LAS VEGAS SANDS CORP,N885LS,N885LS_2024-04-26_airplanes-live_trace_full.json.gz
N885LS,2024-04-27,airplanes-live,8,LADD,LAS VEGAS SANDS CORP,N885LS,N885LS_2024-04-27_airplanes-live_trace_full.json.gz
N885LS,2024-04-28,airplanes-live,8,LADD,LAS VEGAS SANDS CORP,N885LS,N885LS_2024-04-28_airplanes-live_trace_full.json.gz
N885LS,2024-04-29,airplanes-live,8,LADD,LAS VEGAS SANDS CORP,N885LS,N885LS_2024-04-29_airplanes-live_trace_full.json.gz
N885LS,2024-05-03,airplanes-live,8,LADD,LAS VEGAS SANDS CORP,N885LS,N885LS_2024-05-03_airplanes-live_trace_full.json.gz
N885LS,2024-05-05,airplanes-live,8,LADD,LAS VEGAS SANDS CORP,N885LS,N885LS_2024-05-05_airplanes-live_trace_full.json.gz
N885LS,2024-05-07,airplanes-live,8,LADD,LAS VEGAS SANDS CORP,N885LS,N885LS_2024-05-07_airplanes-live_trace_full.json.gz
N885LS,2024-05-08,airplanes-live,8,LADD,LAS VEGAS SANDS CORP,N885LS,N885LS_2024-05-08_airplanes-live_trace_full.json.gz
N885LS,2024-05-09,airplanes-live,8,LADD,LAS VEGAS SANDS CORP,N885LS,N885LS_2024-05-09_airplanes-live_trace_full.json.gz
N885LS,2024-05-10,airplanes-live,8,LADD,LAS VEGAS SANDS CORP,N885LS,N885LS_2024-05-10_airplanes-live_trace_full.json.gz
N885LS,2024-05-11,airplanes-live,8,LADD,LAS VEGAS SANDS CORP,N885LS,N885LS_2024-05-11_airplanes-live_trace_full.json.gz
N885LS,2024-05-12,airplanes-live,8,LADD,LAS VEGAS SANDS CORP,N885LS,N885LS_2024-05-12_airplanes-live_trace_full.json.gz
N885LS,2024-05-13,airplanes-live,8,LADD,LAS VEGAS SANDS CORP,N885LS,N885LS_2024-05-13_airplanes-live_trace_full.json.gz
N885LS,2024-05-14,airplanes-live,8,LADD,LAS VEGAS SANDS CORP,N885LS,N885LS_2024-05-14_airplanes-live_trace_full.json.gz
N885LS,2024-05-17,airplanes-live,8,LADD,LAS VEGAS SANDS CORP,N885LS,N885LS_2024-05-17_airplanes-live_trace_full.json.gz
N885LS,2024-05-18,airplanes-live,8,LADD,LAS VEGAS SANDS CORP,N885LS,N885LS_2024-05-18_airplanes-live_trace_full.json.gz
N885LS,2024-05-19,airplanes-live,8,LADD,LAS VEGAS SANDS CORP,N885LS,N885LS_2024-05-19_airplanes-live_trace_full.json.gz
N885LS,2024-05-21,airplanes-live,8,LADD,LAS VEGAS SANDS CORP,N885LS,N885LS_2024-05-21_airplanes-live_trace_full.json.gz
N885LS,2024-05-22,airplanes-live,8,LADD,LAS VEGAS SANDS CORP,N885LS,N885LS_2024-05-22_airplanes-live_trace_full.json.gz
N885LS,2024-05-23,airplanes-live,8,LADD,LAS VEGAS SANDS CORP,N885LS,N885LS_2024-05-23_airplanes-live_trace_full.json.gz
N885LS,2024-05-24,airplanes-live,8,LADD,LAS VEGAS SANDS CORP,N885LS,N885LS_2024-05-24_airplanes-live_trace_full.json.gz
N885LS,2024-05-25,airplanes-live,8,LADD,LAS VEGAS SANDS CORP,N885LS,N885LS_2024-05-25_airplanes-live_trace_full.json.gz
N885LS,2024-05-27,airplanes-live,8,LADD,LAS VEGAS SANDS CORP,N885LS,N885LS_2024-05-27_airplanes-live_trace_full.json.gz
N885LS,2024-05-28,airplanes-live,8,LADD,LAS VEGAS SANDS CORP,N885LS,N885LS_2024-05-28_airplanes-live_trace_full.json.gz
N885LS,2024-05-31,airplanes-live,8,LADD,LAS VEGAS SANDS CORP,N885LS,N885LS_2024-05-31_airplanes-live_trace_full.json.gz
N885LS,2024-06-12,airplanes-live,8,LADD,LAS VEGAS SANDS CORP,N885LS,N885LS_2024-06-12_airplanes-live_trace_full.json.gz
N885LS,2024-06-13,airplanes-live,8,LADD,LAS VEGAS SANDS CORP,N885LS,N885LS_2024-06-13_airplanes-live_trace_full.json.gz
N885LS,2024-06-14,airplanes-live,8,LADD,LAS VEGAS SANDS CORP,N885LS,N885LS_2024-06-14_airplanes-live_trace_full.json.gz
N885LS,2024-06-15,airplanes-live,8,LADD,LAS VEGAS SANDS CORP,N885LS,N885LS_2024-06-15_airplanes-live_trace_full.json.gz
N885LS,2024-06-16,airplanes-live,8,LADD,LAS VEGAS SANDS CORP,N885LS,N885LS_2024-06-16_airplanes-live_trace_full.json.gz
N885LS,2024-06-17,airplanes-live,8,LADD,LAS VEGAS SANDS CORP,N885LS,N885LS_2024-06-17_airplanes-live_trace_full.json.gz
N885LS,2024-06-18,airplanes-live,8,LADD,LAS VEGAS SANDS CORP,N885LS,N885LS_2024-06-18_airplanes-live_trace_full.json.gz
N885LS,2024-06-20,airplanes-live,8,LADD,LAS VEGAS SANDS CORP,N885LS,N885LS_2024-06-20_airplanes-live_trace_full.json.gz
N885LS,2024-06-21,airplanes-live,8,LADD,LAS VEGAS SANDS CORP,N885LS,N885LS_2024-06-21_airplanes-live_trace_full.json.gz
N885LS,2024-06-23,airplanes-live,8,LADD,LAS VEGAS SANDS CORP,N885LS,N885LS_2024-06-23_airplanes-live_trace_full.json.gz
N885LS,2024-06-26,airplanes-live,8,LADD,LAS VEGAS SANDS CORP,N885LS,N885LS_2024-06-26_airplanes-live_trace_full.json.gz
N885LS,2024-07-03,airplanes-live,8,LADD,LAS VEGAS SANDS CORP,N885LS,N885LS_2024-07-03_airplanes-live_trace_full.json.gz
N885LS,2024-07-06,airplanes-live,8,LADD,LAS VEGAS SANDS CORP,N885LS,N885LS_2024-07-06_airplanes-live_trace_full.json.gz
N885LS,2024-07-11,airplanes-live,8,LADD,LAS VEGAS SANDS CORP,N885LS,N885LS_2024-07-11_airplanes-live_trace_full.json.gz
N885LS,2024-07-14,airplanes-live,8,LADD,LAS VEGAS SANDS CORP,N885LS,N885LS_2024-07-14_airplanes-live_trace_full.json.gz
N885LS,2024-07-25,airplanes-live,8,LADD,LAS VEGAS SANDS CORP,N885LS,N885LS_2024-07-25_airplanes-live_trace_full.json.gz
N885LS,2024-07-27,airplanes-live,8,LADD,LAS VEGAS SANDS CORP,N885LS,N885LS_2024-07-27_airplanes-live_trace_full.json.gz
N885LS,2024-07-28,airplanes-live,8,LADD,LAS VEGAS SANDS CORP,N885LS,N885LS_2024-07-28_airplanes-live_trace_full.json.gz
N885LS,2024-07-29,airplanes-live,8,LADD,LAS VEGAS SANDS CORP,N885LS,N885LS_2024-07-29_airplanes-live_trace_full.json.gz
N885LS,2024-07-30,airplanes-live,8,LADD,LAS VEGAS SANDS CORP,N885LS,N885LS_2024-07-30_airplanes-live_trace_full.json.gz
N885LS,2024-08-02,airplanes-live,8,LADD,LAS VEGAS SANDS CORP,N885LS,N885LS_2024-08-02_airplanes-live_trace_full.json.gz
N885LS,2024-08-03,airplanes-live,8,LADD,LAS VEGAS SANDS CORP,N885LS,N885LS_2024-08-03_airplanes-live_trace_full.json.gz
N885LS,2024-08-10,airplanes-live,8,LADD,LAS VEGAS SANDS CORP,N885LS,N885LS_2024-08-10_airplanes-live_trace_full.json.gz
N885LS,2024-08-11,airplanes-live,8,LADD,LAS VEGAS SANDS CORP,N885LS,N885LS_2024-08-11_airplanes-live_trace_full.json.gz
N885LS,2024-08-13,airplanes-live,8,LADD,LAS VEGAS SANDS CORP,N885LS,N885LS_2024-08-13_airplanes-live_trace_full.json.gz
N885LS,2024-08-14,airplanes-live,8,LADD,LAS VEGAS SANDS CORP,N885LS,N885LS_2024-08-14_airplanes-live_trace_full.json.gz
N885LS,2024-08-19,airplanes-live,8,LADD,LAS VEGAS SANDS CORP,N885LS,N885LS_2024-08-19_airplanes-live_trace_full.json.gz
N885LS,2024-08-20,airplanes-live,8,LADD,LAS VEGAS SANDS CORP,N885LS,N885LS_2024-08-20_airplanes-live_trace_full.json.gz
N885LS,2024-08-21,airplanes-live,8,LADD,LAS VEGAS SANDS CORP,N885LS,N885LS_2024-08-21_airplanes-live_trace_full.json.gz
N885LS,2024-08-22,airplanes-live,8,LADD,LAS VEGAS SANDS CORP,N885LS,N885LS_2024-08-22_airplanes-live_trace_full.json.gz
N885LS,2024-08-23,airplanes-live,8,LADD,LAS VEGAS SANDS CORP,N885LS,N885LS_2024-08-23_airplanes-live_trace_full.json.gz
N885LS,2024-08-30,airplanes-live,8,LADD,LAS VEGAS SANDS CORP,N885LS,N885LS_2024-08-30_airplanes-live_trace_full.json.gz
N885LS,2024-08-31,airplanes-live,8,LADD,LAS VEGAS SANDS CORP,N885LS,N885LS_2024-08-31_airplanes-live_trace_full.json.gz
N885LS,2024-09-01,airplanes-live,8,LADD,LAS VEGAS SANDS CORP,N885LS,N885LS_2024-09-01_airplanes-live_trace_full.json.gz
N885LS,2024-09-07,airplanes-live,8,LADD,LAS VEGAS SANDS CORP,N885LS,N885LS_2024-09-07_airplanes-live_trace_full.json.gz
N885LS,2024-09-10,airplanes-live,8,LADD,LAS VEGAS SANDS CORP,N885LS,N885LS_2024-09-10_airplanes-live_trace_full.json.gz
N885LS,2024-09-11,airplanes-live,8,LADD,LAS VEGAS SANDS CORP,N885LS,N885LS_2024-09-11_airplanes-live_trace_full.json.gz
N885LS,2024-09-24,airplanes-live,8,LADD,LAS VEGAS SANDS CORP,N885LS,N885LS_2024-09-24_airplanes-live_trace_full.json.gz
N885LS,2024-09-25,airplanes-live,8,LADD,LAS VEGAS SANDS CORP,N885LS,N885LS_2024-09-25_airplanes-live_trace_full.json.gz
N885LS,2024-09-26,airplanes-live,8,LADD,LAS VEGAS SANDS CORP,N885LS,N885LS_2024-09-26_airplanes-live_trace_full.json.gz
N885LS,2024-09-27,airplanes-live,8,LADD,LAS VEGAS SANDS CORP,N885LS,N885LS_2024-09-27_airplanes-live_trace_full.json.gz
N885LS,2024-09-28,airplanes-live,8,LADD,LAS VEGAS SANDS CORP,N885LS,N885LS_2024-09-28_airplanes-live_trace_full.json.gz
N885LS,2024-09-29,airplanes-live,8,LADD,LAS VEGAS SANDS CORP,N885LS,N885LS_2024-09-29_airplanes-live_trace_full.json.gz
N885LS,2024-09-30,airplanes-live,8,LADD,LAS VEGAS SANDS CORP,N885LS,N885LS_2024-09-30_airplanes-live_trace_full.json.gz
N885LS,2024-10-04,airplanes-live,8,LADD,LAS VEGAS SANDS CORP,N885LS,N885LS_2024-10-04_airplanes-live_trace_full.json.gz
N885LS,2024-10-07,airplanes-live,8,LADD,LAS VEGAS SANDS CORP,N885LS,N885LS_2024-10-07_airplanes-live_trace_full.json.gz
N885LS,2024-10-09,airplanes-live,8,LADD,LAS VEGAS SANDS CORP,N885LS,N885LS_2024-10-09_airplanes-live_trace_full.json.gz
N885LS,2024-10-10,airplanes-live,8,LADD,LAS VEGAS SANDS CORP,N885LS,N885LS_2024-10-10_airplanes-live_trace_full.json.gz
N885LS,2024-10-11,airplanes-live,8,LADD,LAS VEGAS SANDS CORP,N885LS,N885LS_2024-10-11_airplanes-live_trace_full.json.gz
N885LS,2024-10-13,airplanes-live,8,LADD,LAS VEGAS SANDS CORP,N885LS,N885LS_2024-10-13_airplanes-live_trace_full.json.gz
N885LS,2024-10-26,airplanes-live,8,LADD,LAS VEGAS SANDS CORP,N885LS,N885LS_2024-10-26_airplanes-live_trace_full.json.gz
N885LS,2024-10-27,airplanes-live,8,LADD,LAS VEGAS SANDS CORP,N885LS,N885LS_2024-10-27_airplanes-live_trace_full.json.gz
N885LS,2024-11-18,airplanes-live,8,LADD,LAS VEGAS SANDS CORP,N885LS,N885LS_2024-11-18_airplanes-live_trace_full.json.gz
N885LS,2024-11-20,airplanes-live,8,LADD,LAS VEGAS SANDS CORP,N885LS,N885LS_2024-11-20_airplanes-live_trace_full.json.gz
N885LS,2024-11-21,airplanes-live,8,LADD,LAS VEGAS SANDS CORP,N885LS,N885LS_2024-11-21_airplanes-live_trace_full.json.gz
N885LS,2024-11-22,airplanes-live,8,LADD,LAS VEGAS SANDS CORP,N885LS,N885LS_2024-11-22_airplanes-live_trace_full.json.gz
N885LS,2024-11-27,airplanes-live,8,LADD,LAS VEGAS SANDS CORP,N885LS,N885LS_2024-11-27_airplanes-live_trace_full.json.gz
N885LS,2024-11-28,airplanes-live,8,LADD,LAS VEGAS SANDS CORP,N885LS,N885LS_2024-11-28_airplanes-live_trace_full.json.gz
N885LS,2024-12-08,airplanes-live,8,LADD,LAS VEGAS SANDS CORP,N885LS,N885LS_2024-12-08_airplanes-live_trace_full.json.gz
N885LS,2024-12-09,airplanes-live,8,LADD,LAS VEGAS SANDS CORP,N885LS,N885LS_2024-12-09_airplanes-live_trace_full.json.gz
N885LS,2024-12-11,airplanes-live,8,LADD,LAS VEGAS SANDS CORP,N885LS,N885LS_2024-12-11_airplanes-live_trace_full.json.gz
N885LS,2024-12-12,airplanes-live,8,LADD,LAS VEGAS SANDS CORP,N885LS,N885LS_2024-12-12_airplanes-live_trace_full.json.gz
N885LS,2024-12-15,airplanes-live,8,LADD,LAS VEGAS SANDS CORP,N885LS,N885LS_2024-12-15_airplanes-live_trace_full.json.gz
N885LS,2024-12-16,airplanes-live,8,LADD,LAS VEGAS SANDS CORP,N885LS,N885LS_2024-12-16_airplanes-live_trace_full.json.gz
N885LS,2024-12-17,airplanes-live,8,LADD,LAS VEGAS SANDS CORP,N885LS,N885LS_2024-12-17_airplanes-live_trace_full.json.gz
N885LS,2024-12-18,airplanes-live,8,LADD,LAS VEGAS SANDS CORP,N885LS,N885LS_2024-12-18_airplanes-live_trace_full.json.gz
N885LS,2024-12-19,airplanes-live,8,LADD,LAS VEGAS SANDS CORP,N885LS,N885LS_2024-12-19_airplanes-live_trace_full.json.gz
N885LS,2024-12-26,airplanes-live,8,LADD,LAS VEGAS SANDS CORP,N885LS,N885LS_2024-12-26_airplanes-live_trace_full.json.gz
N885LS,2025-01-01,airplanes-live,8,LADD,LAS VEGAS SANDS CORP,N885LS,N885LS_2025-01-01_airplanes-live_trace_full.json.gz
N885LS,2025-01-02,airplanes-live,8,LADD,LAS VEGAS SANDS CORP,N885LS,N885LS_2025-01-02_airplanes-live_trace_full.json.gz
N885LS,2025-01-06,airplanes-live,8,LADD,LAS VEGAS SANDS CORP,N885LS,N885LS_2025-01-06_airplanes-live_trace_full.json.gz
N885LS,2025-01-08,airplanes-live,8,LADD,LAS VEGAS SANDS CORP,N885LS,N885LS_2025-01-08_airplanes-live_trace_full.json.gz
N885LS,2025-01-10,airplanes-live,8,LADD,LAS VEGAS SANDS CORP,N885LS,N885LS_2025-01-10_airplanes-live_trace_full.json.gz
N885LS,2025-01-17,airplanes-live,8,LADD,LAS VEGAS SANDS CORP,N885LS,N885LS_2025-01-17_airplanes-live_trace_full.json.gz
N885LS,2025-01-18,airplanes-live,8,LADD,LAS VEGAS SANDS CORP,N885LS,N885LS_2025-01-18_airplanes-live_trace_full.json.gz
N885LS,2025-01-23,airplanes-live,8,LADD,LAS VEGAS SANDS CORP,N885LS,N885LS_2025-01-23_airplanes-live_trace_full.json.gz
N885LS,2025-01-24,airplanes-live,8,LADD,LAS VEGAS SANDS CORP,N885LS,N885LS_2025-01-24_airplanes-live_trace_full.json.gz
N885LS,2025-01-26,airplanes-live,8,LADD,LAS VEGAS SANDS CORP,N885LS,N885LS_2025-01-26_airplanes-live_trace_full.json.gz
N885LS,2025-01-30,airplanes-live,8,LADD,LAS VEGAS SANDS CORP,N885LS,N885LS_2025-01-30_airplanes-live_trace_full.json.gz
N885LS,2025-01-31,airplanes-live,8,LADD,LAS VEGAS SANDS CORP,N885LS,N885LS_2025-01-31_airplanes-live_trace_full.json.gz
N885LS,2025-02-01,airplanes-live,8,LADD,LAS VEGAS SANDS CORP,N885LS,N885LS_2025-02-01_airplanes-live_trace_full.json.gz
N885LS,2025-02-02,airplanes-live,8,LADD,LAS VEGAS SANDS CORP,N885LS,N885LS_2025-02-02_airplanes-live_trace_full.json.gz
N885LS,2025-02-03,airplanes-live,8,LADD,LAS VEGAS SANDS CORP,N885LS,N885LS_2025-02-03_airplanes-live_trace_full.json.gz
N885LS,2025-02-04,airplanes-live,8,LADD,LAS VEGAS SANDS CORP,N885LS,N885LS_2025-02-04_airplanes-live_trace_full.json.gz
N885LS,2025-02-11,airplanes-live,8,LADD,LAS VEGAS SANDS CORP,N885LS,N885LS_2025-02-11_airplanes-live_trace_full.json.gz
N885LS,2025-02-12,airplanes-live,8,LADD,LAS VEGAS SANDS CORP,N885LS,N885LS_2025-02-12_airplanes-live_trace_full.json.gz
N885LS,2025-02-14,airplanes-live,8,LADD,LAS VEGAS SANDS CORP,N885LS,N885LS_2025-02-14_airplanes-live_trace_full.json.gz
N885LS,2025-02-16,airplanes-live,8,LADD,LAS VEGAS SANDS CORP,N885LS,N885LS_2025-02-16_airplanes-live_trace_full.json.gz
N885LS,2025-02-18,airplanes-live,8,LADD,LAS VEGAS SANDS CORP,N885LS,N885LS_2025-02-18_airplanes-live_trace_full.json.gz
N885LS,2025-02-19,airplanes-live,8,LADD,LAS VEGAS SANDS CORP,N885LS,N885LS_2025-02-19_airplanes-live_trace_full.json.gz
N885LS,2025-02-20,airplanes-live,8,LADD,LAS VEGAS SANDS CORP,N885LS,N885LS_2025-02-20_airplanes-live_trace_full.json.gz
N885LS,2025-02-26,airplanes-live,8,LADD,LAS VEGAS SANDS CORP,N885LS,N885LS_2025-02-26_airplanes-live_trace_full.json.gz
N885LS,2025-02-27,airplanes-live,8,LADD,LAS VEGAS SANDS CORP,N885LS,N885LS_2025-02-27_airplanes-live_trace_full.json.gz
N885LS,2025-03-01,airplanes-live,8,LADD,LAS VEGAS SANDS CORP,N885LS,N885LS_2025-03-01_airplanes-live_trace_full.json.gz
N885LS,2025-03-10,airplanes-live,8,LADD,LAS VEGAS SANDS CORP,N885LS,N885LS_2025-03-10_airplanes-live_trace_full.json.gz
N885LS,2025-03-11,airplanes-live,8,LADD,LAS VEGAS SANDS CORP,N885LS,N885LS_2025-03-11_airplanes-live_trace_full.json.gz
N885LS,2025-03-17,airplanes-live,8,LADD,LAS VEGAS SANDS CORP,N885LS,N885LS_2025-03-17_airplanes-live_trace_full.json.gz
N885LS,2025-03-19,airplanes-live,8,LADD,LAS VEGAS SANDS CORP,N885LS,N885LS_2025-03-19_airplanes-live_trace_full.json.gz
N885LS,2025-03-21,airplanes-live,8,LADD,LAS VEGAS SANDS CORP,N885LS,N885LS_2025-03-21_airplanes-live_trace_full.json.gz
N885LS,2025-03-27,airplanes-live,8,LADD,LAS VEGAS SANDS CORP,N885LS,N885LS_2025-03-27_airplanes-live_trace_full.json.gz
N885LS,2025-03-28,airplanes-live,8,LADD,LAS VEGAS SANDS CORP,N885LS,N885LS_2025-03-28_airplanes-live_trace_full.json.gz
N885LS,2025-03-29,airplanes-live,8,LADD,LAS VEGAS SANDS CORP,N885LS,N885LS_2025-03-29_airplanes-live_trace_full.json.gz
N885LS,2025-04-01,airplanes-live,8,LADD,LAS VEGAS SANDS CORP,N885LS,N885LS_2025-04-01_airplanes-live_trace_full.json.gz
N885LS,2025-04-03,airplanes-live,8,LADD,LAS VEGAS SANDS CORP,N885LS,N885LS_2025-04-03_airplanes-live_trace_full.json.gz
N885LS,2025-04-04,airplanes-live,8,LADD,LAS VEGAS SANDS CORP,N885LS,N885LS_2025-04-04_airplanes-live_trace_full.json.gz
N885LS,2025-04-05,airplanes-live,8,LADD,LAS VEGAS SANDS CORP,N885LS,N885LS_2025-04-05_airplanes-live_trace_full.json.gz
N885LS,2025-04-06,airplanes-live,8,LADD,LAS VEGAS SANDS CORP,N885LS,N885LS_2025-04-06_airplanes-live_trace_full.json.gz
N885LS,2025-04-07,airplanes-live,8,LADD,LAS VEGAS SANDS CORP,N885LS,N885LS_2025-04-07_airplanes-live_trace_full.json.gz
N885LS,2025-04-08,airplanes-live,8,LADD,LAS VEGAS SANDS CORP,N885LS,N885LS_2025-04-08_airplanes-live_trace_full.json.gz
N885LS,2025-04-09,airplanes-live,8,LADD,LAS VEGAS SANDS CORP,N885LS,N885LS_2025-04-09_airplanes-live_trace_full.json.gz
N885LS,2025-04-10,airplanes-live,8,LADD,LAS VEGAS SANDS CORP,N885LS,N885LS_2025-04-10_airplanes-live_trace_full.json.gz
N885LS,2025-04-11,airplanes-live,8,LADD,LAS VEGAS SANDS CORP,N885LS,N885LS_2025-04-11_airplanes-live_trace_full.json.gz
N885LS,2025-04-13,airplanes-live,8,LADD,LAS VEGAS SANDS CORP,N885LS,N885LS_2025-04-13_airplanes-live_trace_full.json.gz
N885LS,2025-04-16,airplanes-live,8,LADD,LAS VEGAS SANDS CORP,N885LS,N885LS_2025-04-16_airplanes-live_trace_full.json.gz
N885LS,2025-04-18,airplanes-live,8,LADD,LAS VEGAS SANDS CORP,N885LS,N885LS_2025-04-18_airplanes-live_trace_full.json.gz
N885LS,2025-04-19,airplanes-live,8,LADD,LAS VEGAS SANDS CORP,N885LS,N885LS_2025-04-19_airplanes-live_trace_full.json.gz
N885LS,2025-04-25,airplanes-live,8,LADD,LAS VEGAS SANDS CORP,N885LS,N885LS_2025-04-25_airplanes-live_trace_full.json.gz
N885LS,2025-04-26,airplanes-live,8,LADD,LAS VEGAS SANDS CORP,N885LS,N885LS_2025-04-26_airplanes-live_trace_full.json.gz
N885LS,2025-04-28,airplanes-live,8,LADD,LAS VEGAS SANDS CORP,N885LS,N885LS_2025-04-28_airplanes-live_trace_full.json.gz
N885LS,2025-04-29,airplanes-live,8,LADD,LAS VEGAS SANDS CORP,N885LS,N885LS_2025-04-29_airplanes-live_trace_full.json.gz
N885LS,2025-05-08,airplanes-live,8,LADD,LAS VEGAS SANDS CORP,N885LS,N885LS_2025-05-08_airplanes-live_trace_full.json.gz
N885LS,2025-05-09,airplanes-live,8,LADD,LAS VEGAS SANDS CORP,N885LS,N885LS_2025-05-09_airplanes-live_trace_full.json.gz
N885LS,2025-05-11,airplanes-live,8,LADD,LAS VEGAS SANDS CORP,N885LS,N885LS_2025-05-11_airplanes-live_trace_full.json.gz
N885LS,2025-05-13,airplanes-live,8,LADD,LAS VEGAS SANDS CORP,N885LS,N885LS_2025-05-13_airplanes-live_trace_full.json.gz
N885LS,2025-05-15,airplanes-live,8,LADD,LAS VEGAS SANDS CORP,N885LS,N885LS_2025-05-15_airplanes-live_trace_full.json.gz
N885LS,2025-05-18,airplanes-live,8,LADD,LAS VEGAS SANDS CORP,N885LS,N885LS_2025-05-18_airplanes-live_trace_full.json.gz
N885LS,2025-05-22,airplanes-live,8,LADD,LAS VEGAS SANDS CORP,N885LS,N885LS_2025-05-22_airplanes-live_trace_full.json.gz
N885LS,2025-05-23,airplanes-live,8,LADD,LAS VEGAS SANDS CORP,N885LS,N885LS_2025-05-23_airplanes-live_trace_full.json.gz
N885LS,2025-05-27,airplanes-live,8,LADD,LAS VEGAS SANDS CORP,N885LS,N885LS_2025-05-27_airplanes-live_trace_full.json.gz
N885LS,2025-05-28,airplanes-live,8,LADD,LAS VEGAS SANDS CORP,N885LS,N885LS_2025-05-28_airplanes-live_trace_full.json.gz
N885LS,2025-05-30,airplanes-live,8,LADD,LAS VEGAS SANDS CORP,N885LS,N885LS_2025-05-30_airplanes-live_trace_full.json.gz
N885LS,2025-05-31,airplanes-live,8,LADD,LAS VEGAS SANDS CORP,N885LS,N885LS_2025-05-31_airplanes-live_trace_full.json.gz
N885LS,2025-06-06,airplanes-live,8,LADD,LAS VEGAS SANDS CORP,N885LS,N885LS_2025-06-06_airplanes-live_trace_full.json.gz
N885LS,2025-06-07,airplanes-live,8,LADD,LAS VEGAS SANDS CORP,N885LS,N885LS_2025-06-07_airplanes-live_trace_full.json.gz
N885LS,2025-06-09,airplanes-live,8,LADD,LAS VEGAS SANDS CORP,N885LS,N885LS_2025-06-09_airplanes-live_trace_full.json.gz
N885LS,2025-06-10,airplanes-live,8,LADD,LAS VEGAS SANDS CORP,N885LS,N885LS_2025-06-10_airplanes-live_trace_full.json.gz
N885LS,2025-06-13,airplanes-live,8,LADD,LAS VEGAS SANDS CORP,N885LS,N885LS_2025-06-13_airplanes-live_trace_full.json.gz
N885LS,2025-06-23,airplanes-live,8,LADD,LAS VEGAS SANDS CORP,N885LS,N885LS_2025-06-23_airplanes-live_trace_full.json.gz
N885LS,2025-06-27,airplanes-live,8,LADD,LAS VEGAS SANDS CORP,N885LS,N885LS_2025-06-27_airplanes-live_trace_full.json.gz
N885LS,2025-07-07,airplanes-live,8,LADD,LAS VEGAS SANDS CORP,N885LS,N885LS_2025-07-07_airplanes-live_trace_full.json.gz
N885LS,2025-07-08,airplanes-live,8,LADD,LAS VEGAS SANDS CORP,N885LS,N885LS_2025-07-08_airplanes-live_trace_full.json.gz
N885LS,2025-07-11,airplanes-live,8,LADD,LAS VEGAS SANDS CORP,N885LS,N885LS_2025-07-11_airplanes-live_trace_full.json.gz
N885LS,2025-07-13,airplanes-live,8,LADD,LAS VEGAS SANDS CORP,N885LS,N885LS_2025-07-13_airplanes-live_trace_full.json.gz
N885LS,2025-07-16,airplanes-live,8,LADD,LAS VEGAS SANDS CORP,N885LS,N885LS_2025-07-16_airplanes-live_trace_full.json.gz
N885LS,2025-07-17,airplanes-live,8,LADD,LAS VEGAS SANDS CORP,N885LS,N885LS_2025-07-17_airplanes-live_trace_full.json.gz
N885LS,2025-07-21,airplanes-live,8,LADD,LAS VEGAS SANDS CORP,N885LS,N885LS_2025-07-21_airplanes-live_trace_full.json.gz
N885LS,2025-07-22,airplanes-live,8,LADD,LAS VEGAS SANDS CORP,N885LS,N885LS_2025-07-22_airplanes-live_trace_full.json.gz
N885LS,2025-07-23,airplanes-live,8,LADD,LAS VEGAS SANDS CORP,N885LS,N885LS_2025-07-23_airplanes-live_trace_full.json.gz
N885LS,2025-07-24,airplanes-live,8,LADD,LAS VEGAS SANDS CORP,N885LS,N885LS_2025-07-24_airplanes-live_trace_full.json.gz
N885LS,2025-08-01,airplanes-live,8,LADD,LAS VEGAS SANDS CORP,N885LS,N885LS_2025-08-01_airplanes-live_trace_full.json.gz
N885LS,2025-08-03,airplanes-live,8,LADD,LAS VEGAS SANDS CORP,N885LS,N885LS_2025-08-03_airplanes-live_trace_full.json.gz
N885LS,2025-08-04,airplanes-live,8,LADD,LAS VEGAS SANDS CORP,N885LS,N885LS_2025-08-04_airplanes-live_trace_full.json.gz
N885LS,2025-08-20,airplanes-live,8,LADD,LAS VEGAS SANDS CORP,N885LS,N885LS_2025-08-20_airplanes-live_trace_full.json.gz
N885LS,2025-08-21,airplanes-live,8,LADD,LAS VEGAS SANDS CORP,N885LS,N885LS_2025-08-21_airplanes-live_trace_full.json.gz
N885LS,2025-08-24,airplanes-live,8,LADD,LAS VEGAS SANDS CORP,N885LS,N885LS_2025-08-24_airplanes-live_trace_full.json.gz
N885LS,2025-08-27,airplanes-live,8,LADD,LAS VEGAS SANDS CORP,N885LS,N885LS_2025-08-27_airplanes-live_trace_full.json.gz
N885LS,2025-08-28,airplanes-live,8,LADD,LAS VEGAS SANDS CORP,N885LS,N885LS_2025-08-28_airplanes-live_trace_full.json.gz
N885LS,2025-08-29,airplanes-live,8,LADD,LAS VEGAS SANDS CORP,N885LS,N885LS_2025-08-29_airplanes-live_trace_full.json.gz
N885LS,2025-08-30,airplanes-live,8,LADD,LAS VEGAS SANDS CORP,N885LS,N885LS_2025-08-30_airplanes-live_trace_full.json.gz
N885LS,2025-09-05,airplanes-live,8,LADD,LAS VEGAS SANDS CORP,N885LS,N885LS_2025-09-05_airplanes-live_trace_full.json.gz
N885LS,2025-09-06,airplanes-live,8,LADD,LAS VEGAS SANDS CORP,N885LS,N885LS_2025-09-06_airplanes-live_trace_full.json.gz
N885LS,2025-09-11,airplanes-live,8,LADD,LAS VEGAS SANDS CORP,N885LS,N885LS_2025-09-11_airplanes-live_trace_full.json.gz
N885LS,2025-09-12,airplanes-live,8,LADD,LAS VEGAS SANDS CORP,N885LS,N885LS_2025-09-12_airplanes-live_trace_full.json.gz
N885LS,2025-09-13,airplanes-live,8,LADD,LAS VEGAS SANDS CORP,N885LS,N885LS_2025-09-13_airplanes-live_trace_full.json.gz
N885LS,2025-09-16,airplanes-live,8,LADD,LAS VEGAS SANDS CORP,N885LS,N885LS_2025-09-16_airplanes-live_trace_full.json.gz
N885LS,2025-09-17,airplanes-live,8,LADD,LAS VEGAS SANDS CORP,N885LS,N885LS_2025-09-17_airplanes-live_trace_full.json.gz
N885LS,2025-09-19,airplanes-live,8,LADD,LAS VEGAS SANDS CORP,N885LS,N885LS_2025-09-19_airplanes-live_trace_full.json.gz
N885LS,2025-09-20,airplanes-live,8,LADD,LAS VEGAS SANDS CORP,N885LS,N885LS_2025-09-20_airplanes-live_trace_full.json.gz
N885LS,2025-10-07,airplanes-live,8,LADD,LAS VEGAS SANDS CORP,N885LS,N885LS_2025-10-07_airplanes-live_trace_full.json.gz
N885LS,2025-10-08,airplanes-live,8,LADD,LAS VEGAS SANDS CORP,N885LS,N885LS_2025-10-08_airplanes-live_trace_full.json.gz
N885LS,2025-10-11,airplanes-live,8,LADD,LAS VEGAS SANDS CORP,N885LS,N885LS_2025-10-11_airplanes-live_trace_full.json.gz
N885LS,2025-10-12,airplanes-live,8,LADD,LAS VEGAS SANDS CORP,N885LS,N885LS_2025-10-12_airplanes-live_trace_full.json.gz
N885LS,2025-10-15,airplanes-live,8,LADD,LAS VEGAS SANDS CORP,N885LS,N885LS_2025-10-15_airplanes-live_trace_full.json.gz
N885LS,2025-10-16,airplanes-live,8,LADD,LAS VEGAS SANDS CORP,N885LS,N885LS_2025-10-16_airplanes-live_trace_full.json.gz
N885LS,2025-10-24,airplanes-live,8,LADD,LAS VEGAS SANDS CORP,N885LS,N885LS_2025-10-24_airplanes-live_trace_full.json.gz
N885LS,2025-10-25,airplanes-live,8,LADD,LAS VEGAS SANDS CORP,N885LS,N885LS_2025-10-25_airplanes-live_trace_full.json.gz
N885LS,2025-10-26,airplanes-live,8,LADD,LAS VEGAS SANDS CORP,N885LS,N885LS_2025-10-26_airplanes-live_trace_full.json.gz
N885LS,2025-10-27,airplanes-live,8,LADD,LAS VEGAS SANDS CORP,N885LS,N885LS_2025-10-27_airplanes-live_trace_full.json.gz
N885LS,2025-10-30,airplanes-live,8,LADD,LAS VEGAS SANDS CORP,N885LS,N885LS_2025-10-30_airplanes-live_trace_full.json.gz
N885LS,2025-10-31,airplanes-live,8,LADD,LAS VEGAS SANDS CORP,N885LS,N885LS_2025-10-31_airplanes-live_trace_full.json.gz
N885LS,2025-11-01,airplanes-live,8,LADD,LAS VEGAS SANDS CORP,N885LS,N885LS_2025-11-01_airplanes-live_trace_full.json.gz
N885LS,2025-11-05,airplanes-live,8,LADD,LAS VEGAS SANDS CORP,N885LS,N885LS_2025-11-05_airplanes-live_trace_full.json.gz
N885LS,2025-11-07,airplanes-live,8,LADD,LAS VEGAS SANDS CORP,N885LS,N885LS_2025-11-07_airplanes-live_trace_full.json.gz
N885LS,2025-11-11,airplanes-live,8,LADD,LAS VEGAS SANDS CORP,N885LS,N885LS_2025-11-11_airplanes-live_trace_full.json.gz
N885LS,2025-11-12,airplanes-live,8,LADD,LAS VEGAS SANDS CORP,N885LS,N885LS_2025-11-12_airplanes-live_trace_full.json.gz
N885LS,2025-11-13,airplanes-live,8,LADD,LAS VEGAS SANDS CORP,N885LS,N885LS_2025-11-13_airplanes-live_trace_full.json.gz
N885LS,2025-11-14,airplanes-live,8,LADD,LAS VEGAS SANDS CORP,N885LS,N885LS_2025-11-14_airplanes-live_trace_full.json.gz
N885LS,2025-11-16,airplanes-live,8,LADD,LAS VEGAS SANDS CORP,N885LS,N885LS_2025-11-16_airplanes-live_trace_full.json.gz
N885LS,2025-11-17,airplanes-live,8,LADD,LAS VEGAS SANDS CORP,N885LS,N885LS_2025-11-17_airplanes-live_trace_full.json.gz
N885LS,2025-11-20,airplanes-live,8,LADD,LAS VEGAS SANDS CORP,N885LS,N885LS_2025-11-20_airplanes-live_trace_full.json.gz
N885LS,2025-11-25,airplanes-live,8,LADD,LAS VEGAS SANDS CORP,N885LS,N885LS_2025-11-25_airplanes-live_trace_full.json.gz
N885LS,2025-11-26,airplanes-live,8,LADD,LAS VEGAS SANDS CORP,N885LS,N885LS_2025-11-26_airplanes-live_trace_full.json.gz
N885LS,2025-11-29,airplanes-live,8,LADD,LAS VEGAS SANDS CORP,N885LS,N885LS_2025-11-29_airplanes-live_trace_full.json.gz
N885LS,2025-12-07,airplanes-live,8,LADD,LAS VEGAS SANDS CORP,N885LS,N885LS_2025-12-07_airplanes-live_trace_full.json.gz
N885LS,2025-12-10,airplanes-live,8,LADD,LAS VEGAS SANDS CORP,N885LS,N885LS_2025-12-10_airplanes-live_trace_full.json.gz
N885LS,2025-12-11,airplanes-live,8,LADD,LAS VEGAS SANDS CORP,N885LS,N885LS_2025-12-11_airplanes-live_trace_full.json.gz
N885LS,2025-12-12,airplanes-live,8,LADD,LAS VEGAS SANDS CORP,N885LS,N885LS_2025-12-12_airplanes-live_trace_full.json.gz
N885LS,2025-12-15,airplanes-live,8,LADD,LAS VEGAS SANDS CORP,N885LS,N885LS_2025-12-15_airplanes-live_trace_full.json.gz
N885LS,2025-12-17,airplanes-live,8,LADD,LAS VEGAS SANDS CORP,N885LS,N885LS_2025-12-17_airplanes-live_trace_full.json.gz
N885LS,2025-12-22,airplanes-live,8,LADD,LAS VEGAS SANDS CORP,N885LS,N885LS_2025-12-22_airplanes-live_trace_full.json.gz
N885LS,2025-12-29,airplanes-live,8,LADD,LAS VEGAS SANDS CORP,N885LS,N885LS_2025-12-29_airplanes-live_trace_full.json.gz
N885LS,2025-12-31,airplanes-live,8,LADD,LAS VEGAS SANDS CORP,N885LS,N885LS_2025-12-31_airplanes-live_trace_full.json.gz
N885LS,2026-01-01,airplanes-live,8,LADD,LAS VEGAS SANDS CORP,N885LS,N885LS_2026-01-01_airplanes-live_trace_full.json.gz
N885LS,2026-01-06,airplanes-live,8,LADD,LAS VEGAS SANDS CORP,N885LS,N885LS_2026-01-06_airplanes-live_trace_full.json.gz
N885LS,2026-01-08,airplanes-live,8,LADD,LAS VEGAS SANDS CORP,N885LS,N885LS_2026-01-08_airplanes-live_trace_full.json.gz
N885LS,2026-01-09,airplanes-live,8,LADD,LAS VEGAS SANDS CORP,N885LS,N885LS_2026-01-09_airplanes-live_trace_full.json.gz
N885LS,2026-01-16,airplanes-live,8,LADD,LAS VEGAS SANDS CORP,N885LS,N885LS_2026-01-16_airplanes-live_trace_full.json.gz
N885LS,2026-01-17,airplanes-live,8,LADD,LAS VEGAS SANDS CORP,N885LS,N885LS_2026-01-17_airplanes-live_trace_full.json.gz
N885LS,2026-01-29,airplanes-live,8,LADD,LAS VEGAS SANDS CORP,N885LS,N885LS_2026-01-29_airplanes-live_trace_full.json.gz
N885LS,2026-01-31,airplanes-live,8,LADD,LAS VEGAS SANDS CORP,N885LS,N885LS_2026-01-31_airplanes-live_trace_full.json.gz
N885LS,2026-02-03,airplanes-live,8,LADD,LAS VEGAS SANDS CORP,N885LS,N885LS_2026-02-03_airplanes-live_trace_full.json.gz
N885LS,2026-02-04,airplanes-live,8,LADD,LAS VEGAS SANDS CORP,N885LS,N885LS_2026-02-04_airplanes-live_trace_full.json.gz
N885LS,2026-02-12,airplanes-live,8,LADD,LAS VEGAS SANDS CORP,N885LS,N885LS_2026-02-12_airplanes-live_trace_full.json.gz
N885LS,2026-02-15,airplanes-live,8,LADD,LAS VEGAS SANDS CORP,N885LS,N885LS_2026-02-15_airplanes-live_trace_full.json.gz
N885LS,2026-02-17,airplanes-live,8,LADD,LAS VEGAS SANDS CORP,N885LS,N885LS_2026-02-17_airplanes-live_trace_full.json.gz
N885LS,2026-02-18,airplanes-live,8,LADD,LAS VEGAS SANDS CORP,N885LS,N885LS_2026-02-18_airplanes-live_trace_full.json.gz
N885LS,2026-02-19,airplanes-live,8,LADD,LAS VEGAS SANDS CORP,N885LS,N885LS_2026-02-19_airplanes-live_trace_full.json.gz
N885LS,2026-02-20,airplanes-live,8,LADD,LAS VEGAS SANDS CORP,N885LS,N885LS_2026-02-20_airplanes-live_trace_full.json.gz
N885LS,2026-02-26,airplanes-live,8,LADD,LAS VEGAS SANDS CORP,N885LS,N885LS_2026-02-26_airplanes-live_trace_full.json.gz
N885LS,2026-02-27,airplanes-live,8,LADD,LAS VEGAS SANDS CORP,N885LS,N885LS_2026-02-27_airplanes-live_trace_full.json.gz
N885LS,2026-02-28,airplanes-live,8,LADD,LAS VEGAS SANDS CORP,N885LS,N885LS_2026-02-28_airplanes-live_trace_full.json.gz
N885LS,2026-03-01,airplanes-live,8,LADD,LAS VEGAS SANDS CORP,N885LS,N885LS_2026-03-01_airplanes-live_trace_full.json.gz
N885LS,2026-03-06,airplanes-live,8,LADD,LAS VEGAS SANDS CORP,N885LS,N885LS_2026-03-06_airplanes-live_trace_full.json.gz
N885LS,2026-03-07,airplanes-live,8,LADD,LAS VEGAS SANDS CORP,N885LS,N885LS_2026-03-07_airplanes-live_trace_full.json.gz
N885LS,2026-03-09,airplanes-live,8,LADD,LAS VEGAS SANDS CORP,N885LS,N885LS_2026-03-09_airplanes-live_trace_full.json.gz
N885LS,2026-03-12,airplanes-live,8,LADD,LAS VEGAS SANDS CORP,N885LS,N885LS_2026-03-12_airplanes-live_trace_full.json.gz
N885LS,2026-03-13,airplanes-live,8,LADD,LAS VEGAS SANDS CORP,N885LS,N885LS_2026-03-13_airplanes-live_trace_full.json.gz
N885LS,2026-03-20,airplanes-live,8,LADD,LAS VEGAS SANDS CORP,N885LS,N885LS_2026-03-20_airplanes-live_trace_full.json.gz
N885LS,2026-03-21,airplanes-live,8,LADD,LAS VEGAS SANDS CORP,N885LS,N885LS_2026-03-21_airplanes-live_trace_full.json.gz
N885LS,2026-03-25,airplanes-live,8,LADD,LAS VEGAS SANDS CORP,N885LS,N885LS_2026-03-25_airplanes-live_trace_full.json.gz
N885LS,2026-03-28,airplanes-live,8,LADD,LAS VEGAS SANDS CORP,N885LS,N885LS_2026-03-28_airplanes-live_trace_full.json.gz
N885LS,2026-03-29,airplanes-live,8,LADD,LAS VEGAS SANDS CORP,N885LS,N885LS_2026-03-29_airplanes-live_trace_full.json.gz
N885LS,2026-03-30,airplanes-live,8,LADD,LAS VEGAS SANDS CORP,N885LS,N885LS_2026-03-30_airplanes-live_trace_full.json.gz
N885LS,2026-03-31,airplanes-live,8,LADD,LAS VEGAS SANDS CORP,N885LS,N885LS_2026-03-31_airplanes-live_trace_full.json.gz
N885LS,2026-04-07,airplanes-live,8,LADD,LAS VEGAS SANDS CORP,N885LS,N885LS_2026-04-07_airplanes-live_trace_full.json.gz
N885LS,2026-04-09,airplanes-live,8,LADD,LAS VEGAS SANDS CORP,N885LS,N885LS_2026-04-09_airplanes-live_trace_full.json.gz
N885LS,2026-04-10,airplanes-live,8,LADD,LAS VEGAS SANDS CORP,N885LS,N885LS_2026-04-10_airplanes-live_trace_full.json.gz
N885LS,2026-04-11,airplanes-live,8,LADD,LAS VEGAS SANDS CORP,N885LS,N885LS_2026-04-11_airplanes-live_trace_full.json.gz
N885LS,2026-04-23,airplanes-live,8,LADD,LAS VEGAS SANDS CORP,N885LS,N885LS_2026-04-23_airplanes-live_trace_full.json.gz
N885LS,2026-05-04,airplanes-live,8,LADD,LAS VEGAS SANDS CORP,N885LS,N885LS_2026-05-04_airplanes-live_trace_full.json.gz
N885LS,2026-05-19,airplanes-live,8,LADD,LAS VEGAS SANDS CORP,N885LS,N885LS_2026-05-19_airplanes-live_trace_full.json.gz
N885LS,2026-05-20,airplanes-live,8,LADD,LAS VEGAS SANDS CORP,N885LS,N885LS_2026-05-20_airplanes-live_trace_full.json.gz
N885LS,2026-05-23,airplanes-live,8,LADD,LAS VEGAS SANDS CORP,N885LS,N885LS_2026-05-23_airplanes-live_trace_full.json.gz
N885LS,2026-05-24,airplanes-live,8,LADD,LAS VEGAS SANDS CORP,N885LS,N885LS_2026-05-24_airplanes-live_trace_full.json.gz
N885LS,2026-05-30,airplanes-live,8,LADD,LAS VEGAS SANDS CORP,N885LS,N885LS_2026-05-30_airplanes-live_trace_full.json.gz
N885LS,2026-06-02,airplanes-live,8,LADD,LAS VEGAS SANDS CORP,N885LS,N885LS_2026-06-02_airplanes-live_trace_full.json.gz
N885LS,2026-06-06,airplanes-live,8,LADD,LAS VEGAS SANDS CORP,N885LS,N885LS_2026-06-06_airplanes-live_trace_full.json.gz
N885LS,2026-06-07,airplanes-live,8,LADD,LAS VEGAS SANDS CORP,N885LS,N885LS_2026-06-07_airplanes-live_trace_full.json.gz
N885LS,2026-06-14,airplanes-live,8,LADD,LAS VEGAS SANDS CORP,N885LS,N885LS_2026-06-14_airplanes-live_trace_full.json.gz
N885LS,2026-06-15,airplanes-live,8,LADD,LAS VEGAS SANDS CORP,N885LS,N885LS_2026-06-15_airplanes-live_trace_full.json.gz
N885LS,2026-06-17,airplanes-live,8,LADD,LAS VEGAS SANDS CORP,N885LS,N885LS_2026-06-17_airplanes-live_trace_full.json.gz
N885LS,2026-06-18,airplanes-live,8,LADD,LAS VEGAS SANDS CORP,N885LS,N885LS_2026-06-18_airplanes-live_trace_full.json.gz
N885LS,2026-06-19,airplanes-live,8,LADD,LAS VEGAS SANDS CORP,N885LS,N885LS_2026-06-19_airplanes-live_trace_full.json.gz
N885LS,2026-06-25,airplanes-live,8,LADD,LAS VEGAS SANDS CORP,N885LS,N885LS_2026-06-25_airplanes-live_trace_full.json.gz
N885LS,2026-06-29,airplanes-live,8,LADD,LAS VEGAS SANDS CORP,N885LS,N885LS_2026-06-29_airplanes-live_trace_full.json.gz
N885LS,2026-06-30,airplanes-live,8,LADD,LAS VEGAS SANDS CORP,N885LS,N885LS_2026-06-30_airplanes-live_trace_full.json.gz
N885LS,2026-07-01,airplanes-live,8,LADD,LAS VEGAS SANDS CORP,N885LS,N885LS_2026-07-01_airplanes-live_trace_full.json.gz
N885LS,2026-07-02,airplanes-live,8,LADD,LAS VEGAS SANDS CORP,N885LS,N885LS_2026-07-02_airplanes-live_trace_full.json.gz
N885LS,2026-07-10,airplanes-live,8,LADD,LAS VEGAS SANDS CORP,N885LS,N885LS_2026-07-10_airplanes-live_trace_full.json.gz
N885LS,2026-07-11,airplanes-live,8,LADD,LAS VEGAS SANDS CORP,N885LS,N885LS_2026-07-11_airplanes-live_trace_full.json.gz
N885LS,2026-07-12,airplanes-live,8,LADD,LAS VEGAS SANDS CORP,N885LS,N885LS_2026-07-12_airplanes-live_trace_full.json.gz
N885LS,2026-07-17,airplanes-live,8,LADD,LAS VEGAS SANDS CORP,N885LS,N885LS_2026-07-17_airplanes-live_trace_full.json.gz
N885LS,2026-07-18,airplanes-live,8,LADD,LAS VEGAS SANDS CORP,N885LS,N885LS_2026-07-18_airplanes-live_trace_full.json.gz
N885LS,2026-07-22,airplanes-live,8,LADD,LAS VEGAS SANDS CORP,N885LS,N885LS_2026-07-22_airplanes-live_trace_full.json.gz
N885LS,2026-07-23,airplanes-live,8,LADD,LAS VEGAS SANDS CORP,N885LS,N885LS_2026-07-23_airplanes-live_trace_full.json.gz
N885LS,2026-07-24,airplanes-live,8,LADD,LAS VEGAS SANDS CORP,N885LS,N885LS_2026-07-24_airplanes-live_trace_full.json.gz
N885LS,2026-07-29,airplanes-live,8,LADD,LAS VEGAS SANDS CORP,N885LS,N885LS_2026-07-29_airplanes-live_trace_full.json.gz
N885LS,2026-07-30,airplanes-live,8,LADD,LAS VEGAS SANDS CORP,N885LS,N885LS_2026-07-30_airplanes-live_trace_full.json.gz
N885LS,2026-08-12,airplanes-live,8,LADD,LAS VEGAS SANDS CORP,N885LS,N885LS_2026-08-12_airplanes-live_trace_full.json.gz
N885LS,2026-08-13,airplanes-live,8,LADD,LAS VEGAS SANDS CORP,N885LS,N885LS_2026-08-13_airplanes-live_trace_full.json.gz
N885LS,2026-08-16,airplanes-live,8,LADD,LAS VEGAS SANDS CORP,N885LS,N885LS_2026-08-16_airplanes-live_trace_full.json.gz
N885LS,2026-08-22,airplanes-live,8,LADD,LAS VEGAS SANDS CORP,N885LS,N885LS_2026-08-22_airplanes-live_trace_full.json.gz
N885LS,2026-08-23,airplanes-live,8,LADD,LAS VEGAS SANDS CORP,N885LS,N885LS_2026-08-23_airplanes-live_trace_full.json.gz
N885LS,2026-08-24,airplanes-live,8,LADD,LAS VEGAS SANDS CORP,N885LS,N885LS_2026-08-24_airplanes-live_trace_full.json.gz
N885LS,2026-08-29,airplanes-live,8,LADD,LAS VEGAS SANDS CORP,N885LS,N885LS_2026-08-29_airplanes-live_trace_full.json.gz
N885LS,2026-08-30,airplanes-live,8,LADD,LAS VEGAS SANDS CORP,N885LS,N885LS_2026-08-30_airplanes-live_trace_full.json.gz
N885LS,2026-08-31,airplanes-live,8,LADD,LAS VEGAS SANDS CORP,N885LS,N885LS_2026-08-31_airplanes-live_trace_full.json.gz
N885LS,2026-09-12,airplanes-live,8,LADD,LAS VEGAS SANDS CORP,N885LS,N885LS_2026-09-12_airplanes-live_trace_full.json.gz
N885LS,2026-09-13,airplanes-live,8,LADD,LAS VEGAS SANDS CORP,N885LS,N885LS_2026-09-13_airplanes-live_trace_full.json.gz
N885LS,2026-09-16,airplanes-live,8,LADD,LAS VEGAS SANDS CORP,N885LS,N885LS_2026-09-16_airplanes-live_trace_full.json.gz
N888KG,2022-03-01,adsbexchange-samples,,not_in_header,TM300 LLC,N888KG,N888KG_2022-03-01_adsbexchange-samples_trace_full.json
N888KG,2022-04-01,adsbexchange-samples,,not_in_header,TM300 LLC,N888KG,N888KG_2022-04-01_adsbexchange-samples_trace_full.json
N888KG,2022-06-01,adsbexchange-samples,0,none,TM300 LLC,N888KG,N888KG_2022-06-01_adsbexchange-samples_trace_full.json
N888KG,2022-07-01,adsbexchange-samples,0,none,TM300 LLC,N888KG,N888KG_2022-07-01_adsbexchange-samples_trace_full.json
N888KG,2022-12-01,adsbexchange-samples,8,LADD,N888KG LLC,N888KG,N888KG_2022-12-01_adsbexchange-samples_trace_full.json
N888KG,2023-02-09,airplanes-live,8,LADD,N888KG LLC,N888KG,N888KG_2023-02-09_airplanes-live_trace_full.json.gz
N888KG,2023-02-11,airplanes-live,8,LADD,N888KG LLC,N888KG,N888KG_2023-02-11_airplanes-live_trace_full.json.gz
N888KG,2023-04-15,airplanes-live,0,none,,N888KG,N888KG_2023-04-15_airplanes-live_trace_full.json.gz
N888KG,2023-04-19,airplanes-live,0,none,,N888KG,N888KG_2023-04-19_airplanes-live_trace_full.json.gz
N888KG,2023-04-27,airplanes-live,0,none,,N888KG,N888KG_2023-04-27_airplanes-live_trace_full.json.gz
N888KG,2023-04-28,airplanes-live,0,none,,N888KG,N888KG_2023-04-28_airplanes-live_trace_full.json.gz
N888KG,2023-04-30,adsb-lol,8,LADD,N888KG LLC,N888KG,N888KG_2023-04-30_adsb-lol_trace_full.json.gz
N888KG,2023-04-30,airplanes-live,0,none,,N888KG,N888KG_2023-04-30_airplanes-live_trace_full.json.gz
N888KG,2023-05-08,adsb-lol,8,LADD,N888KG LLC,N888KG,N888KG_2023-05-08_adsb-lol_trace_full.json.gz
N888KG,2023-05-08,airplanes-live,0,none,,N888KG,N888KG_2023-05-08_airplanes-live_trace_full.json.gz
N888KG,2023-05-10,adsb-lol,8,LADD,N888KG LLC,N888KG,N888KG_2023-05-10_adsb-lol_trace_full.json.gz
N888KG,2023-05-10,airplanes-live,0,none,,N888KG,N888KG_2023-05-10_airplanes-live_trace_full.json.gz
N888KG,2023-05-12,adsb-lol,8,LADD,N888KG LLC,N888KG,N888KG_2023-05-12_adsb-lol_trace_full.json.gz
N888KG,2023-05-12,airplanes-live,0,none,,N888KG,N888KG_2023-05-12_airplanes-live_trace_full.json.gz
N888KG,2023-05-13,adsb-lol,8,LADD,N888KG LLC,N888KG,N888KG_2023-05-13_adsb-lol_trace_full.json.gz
N888KG,2023-05-13,airplanes-live,0,none,,N888KG,N888KG_2023-05-13_airplanes-live_trace_full.json.gz
N888KG,2023-05-14,adsb-lol,8,LADD,N888KG LLC,N888KG,N888KG_2023-05-14_adsb-lol_trace_full.json.gz
N888KG,2023-05-14,airplanes-live,0,none,,N888KG,N888KG_2023-05-14_airplanes-live_trace_full.json.gz
N888KG,2023-05-17,adsb-lol,8,LADD,N888KG LLC,N888KG,N888KG_2023-05-17_adsb-lol_trace_full.json.gz
N888KG,2023-05-17,airplanes-live,0,none,,N888KG,N888KG_2023-05-17_airplanes-live_trace_full.json.gz
N888KG,2023-05-23,adsb-lol,8,LADD,N888KG LLC,N888KG,N888KG_2023-05-23_adsb-lol_trace_full.json.gz
N888KG,2023-05-23,airplanes-live,0,none,,N888KG,N888KG_2023-05-23_airplanes-live_trace_full.json.gz
N888KG,2023-05-24,adsb-lol,8,LADD,N888KG LLC,N888KG,N888KG_2023-05-24_adsb-lol_trace_full.json.gz
N888KG,2023-05-24,airplanes-live,0,none,,N888KG,N888KG_2023-05-24_airplanes-live_trace_full.json.gz
N888KG,2023-05-25,adsb-lol,8,LADD,N888KG LLC,N888KG,N888KG_2023-05-25_adsb-lol_trace_full.json.gz
N888KG,2023-05-25,airplanes-live,0,none,,N888KG,N888KG_2023-05-25_airplanes-live_trace_full.json.gz
N888KG,2023-05-27,adsb-lol,8,LADD,N888KG LLC,N888KG,N888KG_2023-05-27_adsb-lol_trace_full.json.gz
N888KG,2023-05-27,airplanes-live,0,none,,N888KG,N888KG_2023-05-27_airplanes-live_trace_full.json.gz
N888KG,2023-06-02,adsb-lol,8,LADD,N888KG LLC,N888KG,N888KG_2023-06-02_adsb-lol_trace_full.json.gz
N888KG,2023-06-02,airplanes-live,0,none,,N888KG,N888KG_2023-06-02_airplanes-live_trace_full.json.gz
N888KG,2023-06-03,airplanes-live,0,none,,N888KG,N888KG_2023-06-03_airplanes-live_trace_full.json.gz
N888KG,2023-06-10,adsb-lol,8,LADD,N888KG LLC,N888KG,N888KG_2023-06-10_adsb-lol_trace_full.json.gz
N888KG,2023-06-10,airplanes-live,0,none,,N888KG,N888KG_2023-06-10_airplanes-live_trace_full.json.gz
N888KG,2023-06-11,adsb-lol,8,LADD,N888KG LLC,N888KG,N888KG_2023-06-11_adsb-lol_trace_full.json.gz
N888KG,2023-06-11,airplanes-live,0,none,,N888KG,N888KG_2023-06-11_airplanes-live_trace_full.json.gz
N888KG,2023-06-14,airplanes-live,0,none,,N888KG,N888KG_2023-06-14_airplanes-live_trace_full.json.gz
N888KG,2023-06-17,adsb-lol,8,LADD,N888KG LLC,N888KG,N888KG_2023-06-17_adsb-lol_trace_full.json.gz
N888KG,2023-06-17,airplanes-live,0,none,,N888KG,N888KG_2023-06-17_airplanes-live_trace_full.json.gz
N888KG,2023-06-18,adsb-lol,8,LADD,N888KG LLC,N888KG,N888KG_2023-06-18_adsb-lol_trace_full.json.gz
N888KG,2023-06-18,airplanes-live,0,none,,N888KG,N888KG_2023-06-18_airplanes-live_trace_full.json.gz
N888KG,2023-07-01,adsbexchange-samples,8,LADD,N888KG LLC,N888KG,N888KG_2023-07-01_adsbexchange-samples_trace_full.json
N888KG,2023-07-01,airplanes-live,0,none,,N888KG,N888KG_2023-07-01_airplanes-live_trace_full.json.gz
N888KG,2023-07-09,airplanes-live,0,none,,N888KG,N888KG_2023-07-09_airplanes-live_trace_full.json.gz
N888KG,2023-07-15,adsb-lol,8,LADD,N888KG LLC,N888KG,N888KG_2023-07-15_adsb-lol_trace_full.json.gz
N888KG,2023-07-15,airplanes-live,0,none,,N888KG,N888KG_2023-07-15_airplanes-live_trace_full.json.gz
N888KG,2023-07-16,adsb-lol,8,LADD,N888KG LLC,N888KG,N888KG_2023-07-16_adsb-lol_trace_full.json.gz
N888KG,2023-07-16,airplanes-live,0,none,,N888KG,N888KG_2023-07-16_airplanes-live_trace_full.json.gz
N888KG,2023-07-30,airplanes-live,0,none,,N888KG,N888KG_2023-07-30_airplanes-live_trace_full.json.gz
N888KG,2023-07-31,airplanes-live,0,none,,N888KG,N888KG_2023-07-31_airplanes-live_trace_full.json.gz
N888KG,2023-08-04,airplanes-live,0,none,,N888KG,N888KG_2023-08-04_airplanes-live_trace_full.json.gz
N888KG,2023-08-05,airplanes-live,0,none,,N888KG,N888KG_2023-08-05_airplanes-live_trace_full.json.gz
N888KG,2023-08-17,airplanes-live,0,none,,N888KG,N888KG_2023-08-17_airplanes-live_trace_full.json.gz
N888KG,2023-08-23,adsb-lol,8,LADD,N888KG LLC,N888KG,N888KG_2023-08-23_adsb-lol_trace_full.json.gz
N888KG,2023-08-23,airplanes-live,0,none,,N888KG,N888KG_2023-08-23_airplanes-live_trace_full.json.gz
N888KG,2023-08-24,adsb-lol,8,LADD,N888KG LLC,N888KG,N888KG_2023-08-24_adsb-lol_trace_full.json.gz
N888KG,2023-08-24,airplanes-live,0,none,,N888KG,N888KG_2023-08-24_airplanes-live_trace_full.json.gz
N888KG,2023-08-26,adsb-lol,8,LADD,N888KG LLC,N888KG,N888KG_2023-08-26_adsb-lol_trace_full.json.gz
N888KG,2023-08-26,airplanes-live,0,none,,N888KG,N888KG_2023-08-26_airplanes-live_trace_full.json.gz
N888KG,2023-09-25,adsb-lol,8,LADD,N888KG LLC,N888KG,N888KG_2023-09-25_adsb-lol_trace_full.json.gz
N888KG,2023-09-25,airplanes-live,,not_in_header,,,N888KG_2023-09-25_airplanes-live_trace_full.json.gz
N888KG,2023-09-26,adsb-lol,8,LADD,N888KG LLC,N888KG,N888KG_2023-09-26_adsb-lol_trace_full.json.gz
N888KG,2023-09-26,airplanes-live,,not_in_header,,,N888KG_2023-09-26_airplanes-live_trace_full.json.gz
N888KG,2023-09-29,adsb-lol,8,LADD,N888KG LLC,N888KG,N888KG_2023-09-29_adsb-lol_trace_full.json.gz
N888KG,2023-09-29,airplanes-live,,not_in_header,,,N888KG_2023-09-29_airplanes-live_trace_full.json.gz
N888KG,2023-10-09,adsb-lol,8,LADD,N888KG LLC,N888KG,N888KG_2023-10-09_adsb-lol_trace_full.json.gz
N888KG,2023-10-09,airplanes-live,8,LADD,N888KG LLC,N888KG,N888KG_2023-10-09_airplanes-live_trace_full.json.gz
N888KG,2023-10-13,adsb-lol,8,LADD,N888KG LLC,N888KG,N888KG_2023-10-13_adsb-lol_trace_full.json.gz
N888KG,2023-10-13,airplanes-live,8,LADD,N888KG LLC,N888KG,N888KG_2023-10-13_airplanes-live_trace_full.json.gz
N888KG,2023-10-17,adsb-lol,8,LADD,N888KG LLC,N888KG,N888KG_2023-10-17_adsb-lol_trace_full.json.gz
N888KG,2023-10-17,airplanes-live,8,LADD,N888KG LLC,N888KG,N888KG_2023-10-17_airplanes-live_trace_full.json.gz
N888KG,2023-10-18,adsb-lol,8,LADD,N888KG LLC,N888KG,N888KG_2023-10-18_adsb-lol_trace_full.json.gz
N888KG,2023-10-18,airplanes-live,8,LADD,N888KG LLC,N888KG,N888KG_2023-10-18_airplanes-live_trace_full.json.gz
N888KG,2023-10-25,adsb-lol,8,LADD,N888KG LLC,N888KG,N888KG_2023-10-25_adsb-lol_trace_full.json.gz
N888KG,2023-10-25,airplanes-live,8,LADD,N888KG LLC,N888KG,N888KG_2023-10-25_airplanes-live_trace_full.json.gz
N888KG,2023-10-26,adsb-lol,8,LADD,N888KG LLC,N888KG,N888KG_2023-10-26_adsb-lol_trace_full.json.gz
N888KG,2023-10-26,airplanes-live,8,LADD,N888KG LLC,N888KG,N888KG_2023-10-26_airplanes-live_trace_full.json.gz
N888KG,2023-10-27,adsb-lol,8,LADD,N888KG LLC,N888KG,N888KG_2023-10-27_adsb-lol_trace_full.json.gz
N888KG,2023-10-27,airplanes-live,8,LADD,N888KG LLC,N888KG,N888KG_2023-10-27_airplanes-live_trace_full.json.gz
N888KG,2023-10-28,airplanes-live,8,LADD,N888KG LLC,N888KG,N888KG_2023-10-28_airplanes-live_trace_full.json.gz
N888KG,2023-11-13,airplanes-live,8,LADD,N888KG LLC,N888KG,N888KG_2023-11-13_airplanes-live_trace_full.json.gz
N888KG,2023-11-14,airplanes-live,8,LADD,N888KG LLC,N888KG,N888KG_2023-11-14_airplanes-live_trace_full.json.gz
N888KG,2023-11-15,airplanes-live,8,LADD,N888KG LLC,N888KG,N888KG_2023-11-15_airplanes-live_trace_full.json.gz
N888KG,2023-11-17,airplanes-live,8,LADD,N888KG LLC,N888KG,N888KG_2023-11-17_airplanes-live_trace_full.json.gz
N888KG,2023-11-18,airplanes-live,8,LADD,N888KG LLC,N888KG,N888KG_2023-11-18_airplanes-live_trace_full.json.gz
N888KG,2023-11-19,airplanes-live,8,LADD,N888KG LLC,N888KG,N888KG_2023-11-19_airplanes-live_trace_full.json.gz
N888KG,2023-12-01,adsbexchange-samples,8,LADD,N888KG LLC,N888KG,N888KG_2023-12-01_adsbexchange-samples_trace_full.json
N888KG,2023-12-01,airplanes-live,8,LADD,N888KG LLC,N888KG,N888KG_2023-12-01_airplanes-live_trace_full.json.gz
N888KG,2023-12-02,airplanes-live,8,LADD,N888KG LLC,N888KG,N888KG_2023-12-02_airplanes-live_trace_full.json.gz
N888KG,2023-12-06,airplanes-live,8,LADD,N888KG LLC,N888KG,N888KG_2023-12-06_airplanes-live_trace_full.json.gz
N888KG,2023-12-21,adsb-lol,8,LADD,N888KG LLC,N888KG,N888KG_2023-12-21_adsb-lol_trace_full.json.gz
N888KG,2023-12-21,airplanes-live,8,LADD,N888KG LLC,N888KG,N888KG_2023-12-21_airplanes-live_trace_full.json.gz
N888KG,2023-12-23,airplanes-live,8,LADD,N888KG LLC,N888KG,N888KG_2023-12-23_airplanes-live_trace_full.json.gz
N888KG,2024-01-02,airplanes-live,8,LADD,N888KG LLC,N888KG,N888KG_2024-01-02_airplanes-live_trace_full.json.gz
N888KG,2024-01-05,airplanes-live,8,LADD,N888KG LLC,N888KG,N888KG_2024-01-05_airplanes-live_trace_full.json.gz
N888KG,2024-02-12,airplanes-live,8,LADD,N888KG LLC,N888KG,N888KG_2024-02-12_airplanes-live_trace_full.json.gz
N888KG,2024-02-16,airplanes-live,8,LADD,N888KG LLC,N888KG,N888KG_2024-02-16_airplanes-live_trace_full.json.gz
N888KG,2024-02-23,airplanes-live,8,LADD,N888KG LLC,N888KG,N888KG_2024-02-23_airplanes-live_trace_full.json.gz
N888KG,2024-02-24,airplanes-live,8,LADD,N888KG LLC,N888KG,N888KG_2024-02-24_airplanes-live_trace_full.json.gz
N888KG,2024-02-25,airplanes-live,8,LADD,N888KG LLC,N888KG,N888KG_2024-02-25_airplanes-live_trace_full.json.gz
N888KG,2024-03-04,adsb-lol,8,LADD,N888KG LLC,N888KG,N888KG_2024-03-04_adsb-lol_trace_full.json.gz
N888KG,2024-03-04,airplanes-live,8,LADD,N888KG LLC,N888KG,N888KG_2024-03-04_airplanes-live_trace_full.json.gz
N888KG,2024-03-08,adsb-lol,8,LADD,N888KG LLC,N888KG,N888KG_2024-03-08_adsb-lol_trace_full.json.gz
N888KG,2024-03-08,airplanes-live,8,LADD,N888KG LLC,N888KG,N888KG_2024-03-08_airplanes-live_trace_full.json.gz
N888KG,2024-03-20,adsb-lol,8,LADD,N888KG LLC,N888KG,N888KG_2024-03-20_adsb-lol_trace_full.json.gz
N888KG,2024-03-20,airplanes-live,8,LADD,N888KG LLC,N888KG,N888KG_2024-03-20_airplanes-live_trace_full.json.gz
N888KG,2024-03-21,adsb-lol,8,LADD,N888KG LLC,N888KG,N888KG_2024-03-21_adsb-lol_trace_full.json.gz
N888KG,2024-03-21,airplanes-live,8,LADD,N888KG LLC,N888KG,N888KG_2024-03-21_airplanes-live_trace_full.json.gz
N888KG,2024-03-22,airplanes-live,8,LADD,N888KG LLC,N888KG,N888KG_2024-03-22_airplanes-live_trace_full.json.gz
N888KG,2024-03-23,adsb-lol,8,LADD,N888KG LLC,N888KG,N888KG_2024-03-23_adsb-lol_trace_full.json.gz
N888KG,2024-03-23,airplanes-live,8,LADD,N888KG LLC,N888KG,N888KG_2024-03-23_airplanes-live_trace_full.json.gz
N888KG,2024-03-24,airplanes-live,8,LADD,N888KG LLC,N888KG,N888KG_2024-03-24_airplanes-live_trace_full.json.gz
N888KG,2024-03-25,adsb-lol,8,LADD,N888KG LLC,N888KG,N888KG_2024-03-25_adsb-lol_trace_full.json.gz
N888KG,2024-03-25,airplanes-live,8,LADD,N888KG LLC,N888KG,N888KG_2024-03-25_airplanes-live_trace_full.json.gz
N888KG,2024-04-23,adsb-lol,8,LADD,N888KG LLC,N888KG,N888KG_2024-04-23_adsb-lol_trace_full.json.gz
N888KG,2024-04-23,airplanes-live,8,LADD,N888KG LLC,N888KG,N888KG_2024-04-23_airplanes-live_trace_full.json.gz
N888KG,2024-05-07,adsb-lol,8,LADD,N888KG LLC,N888KG,N888KG_2024-05-07_adsb-lol_trace_full.json.gz
N888KG,2024-05-07,airplanes-live,8,LADD,N888KG LLC,N888KG,N888KG_2024-05-07_airplanes-live_trace_full.json.gz
N888KG,2024-05-09,adsb-lol,8,LADD,N888KG LLC,N888KG,N888KG_2024-05-09_adsb-lol_trace_full.json.gz
N888KG,2024-05-09,airplanes-live,8,LADD,N888KG LLC,N888KG,N888KG_2024-05-09_airplanes-live_trace_full.json.gz
N888KG,2024-05-12,airplanes-live,8,LADD,N888KG LLC,N888KG,N888KG_2024-05-12_airplanes-live_trace_full.json.gz
N888KG,2024-05-15,adsb-lol,8,LADD,N888KG LLC,N888KG,N888KG_2024-05-15_adsb-lol_trace_full.json.gz
N888KG,2024-05-15,airplanes-live,8,LADD,N888KG LLC,N888KG,N888KG_2024-05-15_airplanes-live_trace_full.json.gz
N888KG,2024-05-18,adsb-lol,8,LADD,N888KG LLC,N888KG,N888KG_2024-05-18_adsb-lol_trace_full.json.gz
N888KG,2024-05-18,airplanes-live,8,LADD,N888KG LLC,N888KG,N888KG_2024-05-18_airplanes-live_trace_full.json.gz
N888KG,2024-05-27,airplanes-live,8,LADD,N888KG LLC,N888KG,N888KG_2024-05-27_airplanes-live_trace_full.json.gz
N888KG,2024-05-29,airplanes-live,8,LADD,N888KG LLC,N888KG,N888KG_2024-05-29_airplanes-live_trace_full.json.gz
N888KG,2024-05-30,airplanes-live,8,LADD,N888KG LLC,N888KG,N888KG_2024-05-30_airplanes-live_trace_full.json.gz
N888KG,2024-05-31,airplanes-live,8,LADD,N888KG LLC,N888KG,N888KG_2024-05-31_airplanes-live_trace_full.json.gz
N888KG,2024-06-01,adsbexchange-samples,8,LADD,N888KG LLC,N888KG,N888KG_2024-06-01_adsbexchange-samples_trace_full.json
N888KG,2024-06-01,airplanes-live,8,LADD,N888KG LLC,N888KG,N888KG_2024-06-01_airplanes-live_trace_full.json.gz
N888KG,2024-06-08,adsb-lol,8,LADD,N888KG LLC,N888KG,N888KG_2024-06-08_adsb-lol_trace_full.json.gz
N888KG,2024-06-08,airplanes-live,8,LADD,N888KG LLC,N888KG,N888KG_2024-06-08_airplanes-live_trace_full.json.gz
N888KG,2024-06-09,adsb-lol,8,LADD,N888KG LLC,N888KG,N888KG_2024-06-09_adsb-lol_trace_full.json.gz
N888KG,2024-06-09,airplanes-live,8,LADD,N888KG LLC,N888KG,N888KG_2024-06-09_airplanes-live_trace_full.json.gz
N888KG,2024-06-16,adsb-lol,8,LADD,N888KG LLC,N888KG,N888KG_2024-06-16_adsb-lol_trace_full.json.gz
N888KG,2024-06-16,airplanes-live,8,LADD,N888KG LLC,N888KG,N888KG_2024-06-16_airplanes-live_trace_full.json.gz
N888KG,2024-06-17,adsb-lol,8,LADD,N888KG LLC,N888KG,N888KG_2024-06-17_adsb-lol_trace_full.json.gz
N888KG,2024-06-17,airplanes-live,8,LADD,N888KG LLC,N888KG,N888KG_2024-06-17_airplanes-live_trace_full.json.gz
N888KG,2024-06-20,airplanes-live,8,LADD,N888KG LLC,N888KG,N888KG_2024-06-20_airplanes-live_trace_full.json.gz
N888KG,2024-07-07,airplanes-live,8,LADD,N888KG LLC,N888KG,N888KG_2024-07-07_airplanes-live_trace_full.json.gz
N888KG,2024-07-10,airplanes-live,8,LADD,N888KG LLC,N888KG,N888KG_2024-07-10_airplanes-live_trace_full.json.gz
N888KG,2024-07-11,airplanes-live,8,LADD,N888KG LLC,N888KG,N888KG_2024-07-11_airplanes-live_trace_full.json.gz
N888KG,2024-07-16,airplanes-live,8,LADD,N888KG LLC,N888KG,N888KG_2024-07-16_airplanes-live_trace_full.json.gz
N888KG,2024-07-17,airplanes-live,8,LADD,N888KG LLC,N888KG,N888KG_2024-07-17_airplanes-live_trace_full.json.gz
N888KG,2024-07-20,adsb-lol,8,LADD,N888KG LLC,N888KG,N888KG_2024-07-20_adsb-lol_trace_full.json.gz
N888KG,2024-07-20,airplanes-live,8,LADD,N888KG LLC,N888KG,N888KG_2024-07-20_airplanes-live_trace_full.json.gz
N888KG,2024-07-29,adsb-lol,8,LADD,N888KG LLC,N888KG,N888KG_2024-07-29_adsb-lol_trace_full.json.gz
N888KG,2024-07-29,airplanes-live,8,LADD,N888KG LLC,N888KG,N888KG_2024-07-29_airplanes-live_trace_full.json.gz
N888KG,2024-08-01,adsbexchange-samples,8,LADD,N888KG LLC,N888KG,N888KG_2024-08-01_adsbexchange-samples_trace_full.json
N888KG,2024-08-01,airplanes-live,8,LADD,N888KG LLC,N888KG,N888KG_2024-08-01_airplanes-live_trace_full.json.gz
N888KG,2024-08-15,airplanes-live,8,LADD,N888KG LLC,N888KG,N888KG_2024-08-15_airplanes-live_trace_full.json.gz
N888KG,2024-08-16,airplanes-live,8,LADD,N888KG LLC,N888KG,N888KG_2024-08-16_airplanes-live_trace_full.json.gz
N888KG,2024-08-17,adsb-lol,8,LADD,N888KG LLC,N888KG,N888KG_2024-08-17_adsb-lol_trace_full.json.gz
N888KG,2024-08-17,airplanes-live,8,LADD,N888KG LLC,N888KG,N888KG_2024-08-17_airplanes-live_trace_full.json.gz
N888KG,2024-08-18,airplanes-live,8,LADD,N888KG LLC,N888KG,N888KG_2024-08-18_airplanes-live_trace_full.json.gz
N888KG,2024-08-25,airplanes-live,8,LADD,N888KG LLC,N888KG,N888KG_2024-08-25_airplanes-live_trace_full.json.gz
N888KG,2024-08-26,airplanes-live,8,LADD,N888KG LLC,N888KG,N888KG_2024-08-26_airplanes-live_trace_full.json.gz
N888KG,2024-08-27,airplanes-live,8,LADD,N888KG LLC,N888KG,N888KG_2024-08-27_airplanes-live_trace_full.json.gz
N888KG,2024-08-28,airplanes-live,8,LADD,N888KG LLC,N888KG,N888KG_2024-08-28_airplanes-live_trace_full.json.gz
N888KG,2024-08-31,airplanes-live,8,LADD,N888KG LLC,N888KG,N888KG_2024-08-31_airplanes-live_trace_full.json.gz
N888KG,2024-09-01,adsb-lol,8,LADD,N888KG LLC,N888KG,N888KG_2024-09-01_adsb-lol_trace_full.json.gz
N888KG,2024-09-01,adsbexchange-samples,8,LADD,N888KG LLC,N888KG,N888KG_2024-09-01_adsbexchange-samples_trace_full.json
N888KG,2024-09-01,airplanes-live,8,LADD,N888KG LLC,N888KG,N888KG_2024-09-01_airplanes-live_trace_full.json.gz
N888KG,2024-09-05,adsb-lol,8,LADD,N888KG LLC,N888KG,N888KG_2024-09-05_adsb-lol_trace_full.json.gz
N888KG,2024-09-05,airplanes-live,8,LADD,N888KG LLC,N888KG,N888KG_2024-09-05_airplanes-live_trace_full.json.gz
N888KG,2024-09-14,adsb-lol,8,LADD,N888KG LLC,N888KG,N888KG_2024-09-14_adsb-lol_trace_full.json.gz
N888KG,2024-09-14,airplanes-live,8,LADD,N888KG LLC,N888KG,N888KG_2024-09-14_airplanes-live_trace_full.json.gz
N888KG,2024-09-15,adsb-lol,8,LADD,N888KG LLC,N888KG,N888KG_2024-09-15_adsb-lol_trace_full.json.gz
N888KG,2024-09-15,airplanes-live,8,LADD,N888KG LLC,N888KG,N888KG_2024-09-15_airplanes-live_trace_full.json.gz
N888KG,2024-09-18,adsb-lol,8,LADD,N888KG LLC,N888KG,N888KG_2024-09-18_adsb-lol_trace_full.json.gz
N888KG,2024-09-18,airplanes-live,8,LADD,N888KG LLC,N888KG,N888KG_2024-09-18_airplanes-live_trace_full.json.gz
N888KG,2024-09-21,adsb-lol,8,LADD,N888KG LLC,N888KG,N888KG_2024-09-21_adsb-lol_trace_full.json.gz
N888KG,2024-09-21,airplanes-live,8,LADD,N888KG LLC,N888KG,N888KG_2024-09-21_airplanes-live_trace_full.json.gz
N888KG,2024-09-28,adsb-lol,8,LADD,N888KG LLC,N888KG,N888KG_2024-09-28_adsb-lol_trace_full.json.gz
N888KG,2024-09-28,airplanes-live,8,LADD,N888KG LLC,N888KG,N888KG_2024-09-28_airplanes-live_trace_full.json.gz
N888KG,2024-09-29,adsb-lol,8,LADD,N888KG LLC,N888KG,N888KG_2024-09-29_adsb-lol_trace_full.json.gz
N888KG,2024-09-29,airplanes-live,8,LADD,N888KG LLC,N888KG,N888KG_2024-09-29_airplanes-live_trace_full.json.gz
N888KG,2024-10-16,adsb-lol,8,LADD,N888KG LLC,N888KG,N888KG_2024-10-16_adsb-lol_trace_full.json.gz
N888KG,2024-10-16,airplanes-live,8,LADD,N888KG LLC,N888KG,N888KG_2024-10-16_airplanes-live_trace_full.json.gz
N888KG,2024-10-19,adsb-lol,8,LADD,N888KG LLC,N888KG,N888KG_2024-10-19_adsb-lol_trace_full.json.gz
N888KG,2024-10-19,airplanes-live,8,LADD,N888KG LLC,N888KG,N888KG_2024-10-19_airplanes-live_trace_full.json.gz
N888KG,2024-10-30,adsb-lol,8,LADD,N888KG LLC,N888KG,N888KG_2024-10-30_adsb-lol_trace_full.json.gz
N888KG,2024-10-30,airplanes-live,8,LADD,N888KG LLC,N888KG,N888KG_2024-10-30_airplanes-live_trace_full.json.gz
N888KG,2024-10-31,adsb-lol,8,LADD,N888KG LLC,N888KG,N888KG_2024-10-31_adsb-lol_trace_full.json.gz
N888KG,2024-10-31,airplanes-live,8,LADD,N888KG LLC,N888KG,N888KG_2024-10-31_airplanes-live_trace_full.json.gz
N888KG,2024-11-02,adsb-lol,8,LADD,N888KG LLC,N888KG,N888KG_2024-11-02_adsb-lol_trace_full.json.gz
N888KG,2024-11-02,airplanes-live,8,LADD,N888KG LLC,N888KG,N888KG_2024-11-02_airplanes-live_trace_full.json.gz
N888KG,2024-11-03,airplanes-live,8,LADD,N888KG LLC,N888KG,N888KG_2024-11-03_airplanes-live_trace_full.json.gz
N888KG,2024-11-04,airplanes-live,8,LADD,N888KG LLC,N888KG,N888KG_2024-11-04_airplanes-live_trace_full.json.gz
N888KG,2024-11-05,airplanes-live,8,LADD,N888KG LLC,N888KG,N888KG_2024-11-05_airplanes-live_trace_full.json.gz
N888KG,2024-11-06,airplanes-live,8,LADD,N888KG LLC,N888KG,N888KG_2024-11-06_airplanes-live_trace_full.json.gz
N888KG,2024-11-09,airplanes-live,8,LADD,N888KG LLC,N888KG,N888KG_2024-11-09_airplanes-live_trace_full.json.gz
N888KG,2024-11-23,airplanes-live,8,LADD,N888KG LLC,N888KG,N888KG_2024-11-23_airplanes-live_trace_full.json.gz
N888KG,2024-11-24,airplanes-live,8,LADD,N888KG LLC,N888KG,N888KG_2024-11-24_airplanes-live_trace_full.json.gz
N888KG,2024-12-06,airplanes-live,8,LADD,N888KG LLC,N888KG,N888KG_2024-12-06_airplanes-live_trace_full.json.gz
N888KG,2024-12-07,airplanes-live,8,LADD,N888KG LLC,N888KG,N888KG_2024-12-07_airplanes-live_trace_full.json.gz
N888KG,2024-12-08,adsb-lol,8,LADD,N888KG LLC,N888KG,N888KG_2024-12-08_adsb-lol_trace_full.json.gz
N888KG,2024-12-08,airplanes-live,8,LADD,N888KG LLC,N888KG,N888KG_2024-12-08_airplanes-live_trace_full.json.gz
N888KG,2024-12-26,airplanes-live,8,LADD,N888KG LLC,N888KG,N888KG_2024-12-26_airplanes-live_trace_full.json.gz
N888KG,2024-12-29,airplanes-live,8,LADD,N888KG LLC,N888KG,N888KG_2024-12-29_airplanes-live_trace_full.json.gz
N888KG,2024-12-31,airplanes-live,8,LADD,N888KG LLC,N888KG,N888KG_2024-12-31_airplanes-live_trace_full.json.gz
N888KG,2025-01-03,airplanes-live,8,LADD,N888KG LLC,N888KG,N888KG_2025-01-03_airplanes-live_trace_full.json.gz
N888KG,2025-01-04,airplanes-live,8,LADD,N888KG LLC,N888KG,N888KG_2025-01-04_airplanes-live_trace_full.json.gz
N888KG,2025-01-05,airplanes-live,8,LADD,N888KG LLC,N888KG,N888KG_2025-01-05_airplanes-live_trace_full.json.gz
N888KG,2025-02-06,airplanes-live,8,LADD,N888KG LLC,N888KG,N888KG_2025-02-06_airplanes-live_trace_full.json.gz
N888KG,2025-02-07,airplanes-live,8,LADD,N888KG LLC,N888KG,N888KG_2025-02-07_airplanes-live_trace_full.json.gz
N888KG,2025-02-11,airplanes-live,8,LADD,N888KG LLC,N888KG,N888KG_2025-02-11_airplanes-live_trace_full.json.gz
N888KG,2025-03-05,adsb-lol,8,LADD,N888KG LLC,N888KG,N888KG_2025-03-05_adsb-lol_trace_full.json.gz
N888KG,2025-03-05,airplanes-live,8,LADD,N888KG LLC,N888KG,N888KG_2025-03-05_airplanes-live_trace_full.json.gz
N888KG,2025-03-07,airplanes-live,8,LADD,N888KG LLC,N888KG,N888KG_2025-03-07_airplanes-live_trace_full.json.gz
N888KG,2025-03-10,airplanes-live,8,LADD,N888KG LLC,N888KG,N888KG_2025-03-10_airplanes-live_trace_full.json.gz
N888KG,2025-03-11,adsb-lol,8,LADD,N888KG LLC,N888KG,N888KG_2025-03-11_adsb-lol_trace_full.json.gz
N888KG,2025-03-11,airplanes-live,8,LADD,N888KG LLC,N888KG,N888KG_2025-03-11_airplanes-live_trace_full.json.gz
N888KG,2025-03-12,adsb-lol,8,LADD,N888KG LLC,N888KG,N888KG_2025-03-12_adsb-lol_trace_full.json.gz
N888KG,2025-03-12,airplanes-live,8,LADD,N888KG LLC,N888KG,N888KG_2025-03-12_airplanes-live_trace_full.json.gz
N888KG,2025-03-14,adsb-lol,8,LADD,N888KG LLC,N888KG,N888KG_2025-03-14_adsb-lol_trace_full.json.gz
N888KG,2025-03-14,airplanes-live,8,LADD,N888KG LLC,N888KG,N888KG_2025-03-14_airplanes-live_trace_full.json.gz
N888KG,2025-05-09,airplanes-live,8,LADD,N888KG LLC,N888KG,N888KG_2025-05-09_airplanes-live_trace_full.json.gz
N888KG,2025-05-10,airplanes-live,8,LADD,N888KG LLC,N888KG,N888KG_2025-05-10_airplanes-live_trace_full.json.gz
N888KG,2025-05-11,airplanes-live,8,LADD,N888KG LLC,N888KG,N888KG_2025-05-11_airplanes-live_trace_full.json.gz
N888KG,2025-06-04,airplanes-live,8,LADD,N888KG LLC,N888KG,N888KG_2025-06-04_airplanes-live_trace_full.json.gz
N888KG,2025-06-08,airplanes-live,8,LADD,N888KG LLC,N888KG,N888KG_2025-06-08_airplanes-live_trace_full.json.gz
N888KG,2025-06-25,airplanes-live,8,LADD,N888KG LLC,N888KG,N888KG_2025-06-25_airplanes-live_trace_full.json.gz
N888KG,2025-06-28,airplanes-live,8,LADD,N888KG LLC,N888KG,N888KG_2025-06-28_airplanes-live_trace_full.json.gz
N888KG,2025-06-29,airplanes-live,8,LADD,N888KG LLC,N888KG,N888KG_2025-06-29_airplanes-live_trace_full.json.gz
N888KG,2025-07-07,adsb-lol,8,LADD,N888KG LLC,N888KG,N888KG_2025-07-07_adsb-lol_trace_full.json.gz
N888KG,2025-07-07,airplanes-live,8,LADD,N888KG LLC,N888KG,N888KG_2025-07-07_airplanes-live_trace_full.json.gz
N888KG,2025-07-11,adsb-lol,8,LADD,N888KG LLC,N888KG,N888KG_2025-07-11_adsb-lol_trace_full.json.gz
N888KG,2025-07-11,airplanes-live,8,LADD,N888KG LLC,N888KG,N888KG_2025-07-11_airplanes-live_trace_full.json.gz
N888KG,2025-07-15,adsb-lol,8,LADD,N888KG LLC,N888KG,N888KG_2025-07-15_adsb-lol_trace_full.json.gz
N888KG,2025-07-15,airplanes-live,8,LADD,N888KG LLC,N888KG,N888KG_2025-07-15_airplanes-live_trace_full.json.gz
N888KG,2025-07-16,airplanes-live,8,LADD,N888KG LLC,N888KG,N888KG_2025-07-16_airplanes-live_trace_full.json.gz
N888KG,2025-07-19,airplanes-live,8,LADD,N888KG LLC,N888KG,N888KG_2025-07-19_airplanes-live_trace_full.json.gz
N888KG,2025-07-30,airplanes-live,8,LADD,N888KG LLC,N888KG,N888KG_2025-07-30_airplanes-live_trace_full.json.gz
N888KG,2025-08-01,adsbexchange-samples,8,LADD,N888KG LLC,N888KG,N888KG_2025-08-01_adsbexchange-samples_trace_full.json
N888KG,2025-08-01,airplanes-live,8,LADD,N888KG LLC,N888KG,N888KG_2025-08-01_airplanes-live_trace_full.json.gz
N888KG,2025-08-06,adsb-lol,8,LADD,N888KG LLC,N888KG,N888KG_2025-08-06_adsb-lol_trace_full.json.gz
N888KG,2025-08-06,airplanes-live,8,LADD,N888KG LLC,N888KG,N888KG_2025-08-06_airplanes-live_trace_full.json.gz
N888KG,2025-08-07,adsb-lol,8,LADD,N888KG LLC,N888KG,N888KG_2025-08-07_adsb-lol_trace_full.json.gz
N888KG,2025-08-07,airplanes-live,8,LADD,N888KG LLC,N888KG,N888KG_2025-08-07_airplanes-live_trace_full.json.gz
N888KG,2025-08-09,adsb-lol,8,LADD,N888KG LLC,N888KG,N888KG_2025-08-09_adsb-lol_trace_full.json.gz
N888KG,2025-08-09,airplanes-live,8,LADD,N888KG LLC,N888KG,N888KG_2025-08-09_airplanes-live_trace_full.json.gz
N888KG,2025-09-07,adsb-lol,8,LADD,N888KG LLC,N888KG,N888KG_2025-09-07_adsb-lol_trace_full.json
N888KG,2025-09-07,airplanes-live,8,LADD,N888KG LLC,N888KG,N888KG_2025-09-07_airplanes-live_trace_full.json
N888KG,2025-09-08,adsb-lol,8,LADD,N888KG LLC,N888KG,N888KG_2025-09-08_adsb-lol_trace_full.json
N888KG,2025-09-08,airplanes-live,8,LADD,N888KG LLC,N888KG,N888KG_2025-09-08_airplanes-live_trace_full.json
N888KG,2025-09-10,adsb-lol,8,LADD,N888KG LLC,N888KG,N888KG_2025-09-10_adsb-lol_trace_full.json
N888KG,2025-09-10,airplanes-live,8,LADD,N888KG LLC,N888KG,N888KG_2025-09-10_airplanes-live_trace_full.json
N888KG,2025-10-09,adsb-lol,8,LADD,N888KG LLC,N888KG,N888KG_2025-10-09_adsb-lol_trace_full.json
N888KG,2025-10-09,airplanes-live,8,LADD,N888KG LLC,N888KG,N888KG_2025-10-09_airplanes-live_trace_full.json
N888KG,2025-10-12,airplanes-live,8,LADD,N888KG LLC,N888KG,N888KG_2025-10-12_airplanes-live_trace_full.json
N888KG,2025-10-15,airplanes-live,8,LADD,N888KG LLC,N888KG,N888KG_2025-10-15_airplanes-live_trace_full.json
N888KG,2025-10-16,airplanes-live,8,LADD,N888KG LLC,N888KG,N888KG_2025-10-16_airplanes-live_trace_full.json
N888KG,2025-10-24,airplanes-live,8,LADD,N888KG LLC,N888KG,N888KG_2025-10-24_airplanes-live_trace_full.json.gz
N888KG,2025-11-01,adsbexchange-samples,8,LADD,N888KG LLC,N888KG,N888KG_2025-11-01_adsbexchange-samples_trace_full.json
N888KG,2025-11-01,airplanes-live,8,LADD,N888KG LLC,N888KG,N888KG_2025-11-01_airplanes-live_trace_full.json.gz
N888KG,2025-11-23,airplanes-live,8,LADD,N888KG LLC,N888KG,N888KG_2025-11-23_airplanes-live_trace_full.json.gz
N888KG,2025-11-24,airplanes-live,8,LADD,N888KG LLC,N888KG,N888KG_2025-11-24_airplanes-live_trace_full.json.gz
N888KG,2025-11-26,airplanes-live,8,LADD,N888KG LLC,N888KG,N888KG_2025-11-26_airplanes-live_trace_full.json.gz
N888KG,2026-01-15,airplanes-live,8,LADD,N888KG LLC,N888KG,N888KG_2026-01-15_airplanes-live_trace_full.json.gz
N888KG,2026-02-01,adsbexchange-samples,8,LADD,N888KG LLC,N888KG,N888KG_2026-02-01_adsbexchange-samples_trace_full.json
N888KG,2026-02-01,airplanes-live,8,LADD,N888KG LLC,N888KG,N888KG_2026-02-01_airplanes-live_trace_full.json.gz
N888KG,2026-02-06,airplanes-live,8,LADD,N888KG LLC,N888KG,N888KG_2026-02-06_airplanes-live_trace_full.json.gz
N888KG,2026-02-21,airplanes-live,8,LADD,N888KG LLC,N888KG,N888KG_2026-02-21_airplanes-live_trace_full.json.gz
N888KG,2026-02-22,airplanes-live,8,LADD,N888KG LLC,N888KG,N888KG_2026-02-22_airplanes-live_trace_full.json.gz
N888KG,2026-03-16,airplanes-live,8,LADD,N888KG LLC,N888KG,N888KG_2026-03-16_airplanes-live_trace_full.json.gz
N888KG,2026-03-19,airplanes-live,8,LADD,N888KG LLC,N888KG,N888KG_2026-03-19_airplanes-live_trace_full.json.gz
N888KG,2026-04-08,airplanes-live,8,LADD,N888KG LLC,N888KG,N888KG_2026-04-08_airplanes-live_trace_full.json.gz
N888KG,2026-04-09,airplanes-live,8,LADD,N888KG LLC,N888KG,N888KG_2026-04-09_airplanes-live_trace_full.json.gz
N888KG,2026-04-10,airplanes-live,8,LADD,N888KG LLC,N888KG,N888KG_2026-04-10_airplanes-live_trace_full.json.gz
N888KG,2026-04-11,airplanes-live,8,LADD,N888KG LLC,N888KG,N888KG_2026-04-11_airplanes-live_trace_full.json.gz
N888KG,2026-04-17,airplanes-live,8,LADD,N888KG LLC,N888KG,N888KG_2026-04-17_airplanes-live_trace_full.json.gz
N888KG,2026-04-20,airplanes-live,8,LADD,N888KG LLC,N888KG,N888KG_2026-04-20_airplanes-live_trace_full.json.gz
N888KG,2026-04-21,airplanes-live,8,LADD,N888KG LLC,N888KG,N888KG_2026-04-21_airplanes-live_trace_full.json.gz
N888KG,2026-04-25,airplanes-live,8,LADD,N888KG LLC,N888KG,N888KG_2026-04-25_airplanes-live_trace_full.json
N888KG,2026-05-02,airplanes-live,8,LADD,N888KG LLC,N888KG,N888KG_2026-05-02_airplanes-live_trace_full.json
N888KG,2026-05-24,airplanes-live,8,LADD,N888KG LLC,N888KG,N888KG_2026-05-24_airplanes-live_trace_full.json
N888KG,2026-05-27,airplanes-live,8,LADD,N888KG LLC,N888KG,N888KG_2026-05-27_airplanes-live_trace_full.json
N888KG,2026-05-28,airplanes-live,8,LADD,N888KG LLC,N888KG,N888KG_2026-05-28_airplanes-live_trace_full.json
N888KG,2026-06-20,airplanes-live,8,LADD,N888KG LLC,N888KG,N888KG_2026-06-20_airplanes-live_trace_full.json.gz
N888KG,2026-06-21,airplanes-live,8,LADD,N888KG LLC,N888KG,N888KG_2026-06-21_airplanes-live_trace_full.json.gz
N888KG,2026-06-24,airplanes-live,8,LADD,N888KG LLC,N888KG,N888KG_2026-06-24_airplanes-live_trace_full.json.gz
N888KG,2026-07-02,airplanes-live,8,LADD,N888KG LLC,N888KG,N888KG_2026-07-02_airplanes-live_trace_full.json.gz
N888KG,2026-07-05,airplanes-live,8,LADD,N888KG LLC,N888KG,N888KG_2026-07-05_airplanes-live_trace_full.json.gz
N888KG,2026-07-08,airplanes-live,8,LADD,N888KG LLC,N888KG,N888KG_2026-07-08_airplanes-live_trace_full.json.gz
N888KG,2026-07-11,airplanes-live,8,LADD,N888KG LLC,N888KG,N888KG_2026-07-11_airplanes-live_trace_full.json.gz
N888KG,2026-07-15,airplanes-live,8,LADD,N888KG LLC,N888KG,N888KG_2026-07-15_airplanes-live_trace_full.json.gz
N888KG,2026-07-16,airplanes-live,8,LADD,N888KG LLC,N888KG,N888KG_2026-07-16_airplanes-live_trace_full.json.gz
N888KG,2026-07-18,airplanes-live,8,LADD,N888KG LLC,N888KG,N888KG_2026-07-18_airplanes-live_trace_full.json.gz
N888KG,2026-07-26,airplanes-live,8,LADD,N888KG LLC,N888KG,N888KG_2026-07-26_airplanes-live_trace_full.json.gz
N888KG,2026-07-27,airplanes-live,8,LADD,N888KG LLC,N888KG,N888KG_2026-07-27_airplanes-live_trace_full.json.gz
N888KG,2026-07-29,airplanes-live,8,LADD,N888KG LLC,N888KG,N888KG_2026-07-29_airplanes-live_trace_full.json.gz
N888KG,2026-08-12,airplanes-live,8,LADD,N888KG LLC,N888KG,N888KG_2026-08-12_airplanes-live_trace_full.json.gz
N888KG,2026-08-14,airplanes-live,8,LADD,N888KG LLC,N888KG,N888KG_2026-08-14_airplanes-live_trace_full.json.gz
N888KG,2026-08-19,airplanes-live,8,LADD,N888KG LLC,N888KG,N888KG_2026-08-19_airplanes-live_trace_full.json.gz
N888KG,2026-08-22,airplanes-live,8,LADD,N888KG LLC,N888KG,N888KG_2026-08-22_airplanes-live_trace_full.json.gz
N888KG,2026-09-03,airplanes-live,8,LADD,N888KG LLC,N888KG,N888KG_2026-09-03_airplanes-live_trace_full.json.gz
N888KG,2026-09-07,airplanes-live,8,LADD,N888KG LLC,N888KG,N888KG_2026-09-07_airplanes-live_trace_full.json.gz
N889LS,2023-02-13,airplanes-live,8,LADD,LAS VEGAS SANDS CORP,N889LS,N889LS_2023-02-13_airplanes-live_trace_full.json.gz
N889LS,2023-02-14,airplanes-live,8,LADD,LAS VEGAS SANDS CORP,N889LS,N889LS_2023-02-14_airplanes-live_trace_full.json.gz
N889LS,2023-02-15,airplanes-live,8,LADD,LAS VEGAS SANDS CORP,N889LS,N889LS_2023-02-15_airplanes-live_trace_full.json.gz
N889LS,2023-02-16,airplanes-live,8,LADD,LAS VEGAS SANDS CORP,N889LS,N889LS_2023-02-16_airplanes-live_trace_full.json.gz
N889LS,2023-03-20,airplanes-live,0,none,,N889LS,N889LS_2023-03-20_airplanes-live_trace_full.json.gz
N889LS,2023-03-21,airplanes-live,0,none,,N889LS,N889LS_2023-03-21_airplanes-live_trace_full.json.gz
N889LS,2023-03-23,airplanes-live,0,none,,N889LS,N889LS_2023-03-23_airplanes-live_trace_full.json.gz
N889LS,2023-03-26,airplanes-live,0,none,,N889LS,N889LS_2023-03-26_airplanes-live_trace_full.json.gz
N889LS,2023-03-28,airplanes-live,0,none,,N889LS,N889LS_2023-03-28_airplanes-live_trace_full.json.gz
N889LS,2023-03-29,airplanes-live,0,none,,N889LS,N889LS_2023-03-29_airplanes-live_trace_full.json.gz
N889LS,2023-03-30,airplanes-live,0,none,,N889LS,N889LS_2023-03-30_airplanes-live_trace_full.json.gz
N889LS,2023-04-04,airplanes-live,0,none,,N889LS,N889LS_2023-04-04_airplanes-live_trace_full.json.gz
N889LS,2023-04-05,airplanes-live,0,none,,N889LS,N889LS_2023-04-05_airplanes-live_trace_full.json.gz
N889LS,2023-04-11,airplanes-live,0,none,,N889LS,N889LS_2023-04-11_airplanes-live_trace_full.json.gz
N889LS,2023-04-16,airplanes-live,0,none,,N889LS,N889LS_2023-04-16_airplanes-live_trace_full.json.gz
N889LS,2023-04-20,airplanes-live,0,none,,N889LS,N889LS_2023-04-20_airplanes-live_trace_full.json.gz
N889LS,2023-04-21,airplanes-live,0,none,,N889LS,N889LS_2023-04-21_airplanes-live_trace_full.json.gz
N889LS,2023-04-22,airplanes-live,0,none,,N889LS,N889LS_2023-04-22_airplanes-live_trace_full.json.gz
N889LS,2023-04-27,airplanes-live,0,none,,N889LS,N889LS_2023-04-27_airplanes-live_trace_full.json.gz
N889LS,2023-04-28,airplanes-live,0,none,,N889LS,N889LS_2023-04-28_airplanes-live_trace_full.json.gz
N889LS,2023-04-30,airplanes-live,0,none,,N889LS,N889LS_2023-04-30_airplanes-live_trace_full.json.gz
N889LS,2023-05-09,airplanes-live,0,none,,N889LS,N889LS_2023-05-09_airplanes-live_trace_full.json.gz
N889LS,2023-05-10,airplanes-live,0,none,,N889LS,N889LS_2023-05-10_airplanes-live_trace_full.json.gz
N889LS,2023-05-11,airplanes-live,0,none,,N889LS,N889LS_2023-05-11_airplanes-live_trace_full.json.gz
N889LS,2023-05-22,airplanes-live,0,none,,N889LS,N889LS_2023-05-22_airplanes-live_trace_full.json.gz
N889LS,2023-05-23,airplanes-live,0,none,,N889LS,N889LS_2023-05-23_airplanes-live_trace_full.json.gz
N889LS,2023-05-26,airplanes-live,0,none,,N889LS,N889LS_2023-05-26_airplanes-live_trace_full.json.gz
N889LS,2023-07-07,airplanes-live,0,none,,N889LS,N889LS_2023-07-07_airplanes-live_trace_full.json.gz
N889LS,2023-07-28,airplanes-live,0,none,,N889LS,N889LS_2023-07-28_airplanes-live_trace_full.json.gz
N889LS,2023-07-29,airplanes-live,0,none,,N889LS,N889LS_2023-07-29_airplanes-live_trace_full.json.gz
N889LS,2023-07-30,airplanes-live,0,none,,N889LS,N889LS_2023-07-30_airplanes-live_trace_full.json.gz
N889LS,2023-07-31,airplanes-live,0,none,,N889LS,N889LS_2023-07-31_airplanes-live_trace_full.json.gz
N889LS,2023-08-02,airplanes-live,0,none,,N889LS,N889LS_2023-08-02_airplanes-live_trace_full.json.gz
N889LS,2023-08-03,airplanes-live,0,none,,N889LS,N889LS_2023-08-03_airplanes-live_trace_full.json.gz
N889LS,2023-08-07,airplanes-live,0,none,,N889LS,N889LS_2023-08-07_airplanes-live_trace_full.json.gz
N889LS,2023-08-11,airplanes-live,0,none,,N889LS,N889LS_2023-08-11_airplanes-live_trace_full.json.gz
N889LS,2023-09-27,airplanes-live,,not_in_header,,,N889LS_2023-09-27_airplanes-live_trace_full.json.gz
N889LS,2023-09-28,airplanes-live,,not_in_header,,,N889LS_2023-09-28_airplanes-live_trace_full.json.gz
N889LS,2023-10-03,airplanes-live,,not_in_header,,,N889LS_2023-10-03_airplanes-live_trace_full.json.gz
N889LS,2023-10-09,airplanes-live,8,LADD,LAS VEGAS SANDS CORP,N889LS,N889LS_2023-10-09_airplanes-live_trace_full.json.gz
N889LS,2023-10-10,airplanes-live,8,LADD,LAS VEGAS SANDS CORP,N889LS,N889LS_2023-10-10_airplanes-live_trace_full.json.gz
N889LS,2023-10-13,airplanes-live,8,LADD,LAS VEGAS SANDS CORP,N889LS,N889LS_2023-10-13_airplanes-live_trace_full.json.gz
N889LS,2023-10-14,airplanes-live,8,LADD,LAS VEGAS SANDS CORP,N889LS,N889LS_2023-10-14_airplanes-live_trace_full.json.gz
N889LS,2023-10-24,airplanes-live,8,LADD,LAS VEGAS SANDS CORP,N889LS,N889LS_2023-10-24_airplanes-live_trace_full.json.gz
N889LS,2023-10-25,airplanes-live,8,LADD,LAS VEGAS SANDS CORP,N889LS,N889LS_2023-10-25_airplanes-live_trace_full.json.gz
N889LS,2023-10-30,airplanes-live,8,LADD,LAS VEGAS SANDS CORP,N889LS,N889LS_2023-10-30_airplanes-live_trace_full.json.gz
N889LS,2023-10-31,airplanes-live,8,LADD,LAS VEGAS SANDS CORP,N889LS,N889LS_2023-10-31_airplanes-live_trace_full.json.gz
N889LS,2023-11-01,airplanes-live,8,LADD,LAS VEGAS SANDS CORP,N889LS,N889LS_2023-11-01_airplanes-live_trace_full.json.gz
N889LS,2023-11-02,airplanes-live,8,LADD,LAS VEGAS SANDS CORP,N889LS,N889LS_2023-11-02_airplanes-live_trace_full.json.gz
N889LS,2023-11-07,airplanes-live,8,LADD,LAS VEGAS SANDS CORP,N889LS,N889LS_2023-11-07_airplanes-live_trace_full.json.gz
N889LS,2023-11-09,airplanes-live,8,LADD,LAS VEGAS SANDS CORP,N889LS,N889LS_2023-11-09_airplanes-live_trace_full.json.gz
N889LS,2023-11-14,airplanes-live,8,LADD,LAS VEGAS SANDS CORP,N889LS,N889LS_2023-11-14_airplanes-live_trace_full.json.gz
N889LS,2023-11-15,airplanes-live,8,LADD,LAS VEGAS SANDS CORP,N889LS,N889LS_2023-11-15_airplanes-live_trace_full.json.gz
N889LS,2023-11-16,airplanes-live,8,LADD,LAS VEGAS SANDS CORP,N889LS,N889LS_2023-11-16_airplanes-live_trace_full.json.gz
N889LS,2023-11-26,airplanes-live,8,LADD,LAS VEGAS SANDS CORP,N889LS,N889LS_2023-11-26_airplanes-live_trace_full.json.gz
N889LS,2023-11-27,airplanes-live,8,LADD,LAS VEGAS SANDS CORP,N889LS,N889LS_2023-11-27_airplanes-live_trace_full.json.gz
N889LS,2023-11-28,airplanes-live,8,LADD,LAS VEGAS SANDS CORP,N889LS,N889LS_2023-11-28_airplanes-live_trace_full.json.gz
N889LS,2023-12-05,airplanes-live,8,LADD,LAS VEGAS SANDS CORP,N889LS,N889LS_2023-12-05_airplanes-live_trace_full.json.gz
N889LS,2023-12-07,airplanes-live,8,LADD,LAS VEGAS SANDS CORP,N889LS,N889LS_2023-12-07_airplanes-live_trace_full.json.gz
N889LS,2023-12-09,airplanes-live,8,LADD,LAS VEGAS SANDS CORP,N889LS,N889LS_2023-12-09_airplanes-live_trace_full.json.gz
N889LS,2023-12-11,airplanes-live,8,LADD,LAS VEGAS SANDS CORP,N889LS,N889LS_2023-12-11_airplanes-live_trace_full.json.gz
N889LS,2023-12-13,airplanes-live,8,LADD,LAS VEGAS SANDS CORP,N889LS,N889LS_2023-12-13_airplanes-live_trace_full.json.gz
N889LS,2023-12-14,airplanes-live,8,LADD,LAS VEGAS SANDS CORP,N889LS,N889LS_2023-12-14_airplanes-live_trace_full.json.gz
N889LS,2023-12-15,airplanes-live,8,LADD,LAS VEGAS SANDS CORP,N889LS,N889LS_2023-12-15_airplanes-live_trace_full.json.gz
N889LS,2023-12-16,airplanes-live,8,LADD,LAS VEGAS SANDS CORP,N889LS,N889LS_2023-12-16_airplanes-live_trace_full.json.gz
N889LS,2024-01-25,airplanes-live,8,LADD,LAS VEGAS SANDS CORP,N889LS,N889LS_2024-01-25_airplanes-live_trace_full.json.gz
N889LS,2024-01-26,airplanes-live,8,LADD,LAS VEGAS SANDS CORP,N889LS,N889LS_2024-01-26_airplanes-live_trace_full.json.gz
N889LS,2024-01-29,airplanes-live,8,LADD,LAS VEGAS SANDS CORP,N889LS,N889LS_2024-01-29_airplanes-live_trace_full.json.gz
N889LS,2024-02-19,airplanes-live,8,LADD,LAS VEGAS SANDS CORP,N889LS,N889LS_2024-02-19_airplanes-live_trace_full.json.gz
N889LS,2024-02-20,airplanes-live,8,LADD,LAS VEGAS SANDS CORP,N889LS,N889LS_2024-02-20_airplanes-live_trace_full.json.gz
N889LS,2024-02-21,airplanes-live,8,LADD,LAS VEGAS SANDS CORP,N889LS,N889LS_2024-02-21_airplanes-live_trace_full.json.gz
N889LS,2024-02-27,airplanes-live,8,LADD,LAS VEGAS SANDS CORP,N889LS,N889LS_2024-02-27_airplanes-live_trace_full.json.gz
N889LS,2024-02-29,airplanes-live,8,LADD,LAS VEGAS SANDS CORP,N889LS,N889LS_2024-02-29_airplanes-live_trace_full.json.gz
N889LS,2024-03-01,airplanes-live,8,LADD,LAS VEGAS SANDS CORP,N889LS,N889LS_2024-03-01_airplanes-live_trace_full.json.gz
N889LS,2024-03-05,airplanes-live,8,LADD,LAS VEGAS SANDS CORP,N889LS,N889LS_2024-03-05_airplanes-live_trace_full.json.gz
N889LS,2024-03-07,airplanes-live,8,LADD,LAS VEGAS SANDS CORP,N889LS,N889LS_2024-03-07_airplanes-live_trace_full.json.gz
N889LS,2024-03-13,airplanes-live,8,LADD,LAS VEGAS SANDS CORP,N889LS,N889LS_2024-03-13_airplanes-live_trace_full.json.gz
N889LS,2024-03-14,airplanes-live,8,LADD,LAS VEGAS SANDS CORP,N889LS,N889LS_2024-03-14_airplanes-live_trace_full.json.gz
N889LS,2024-03-18,airplanes-live,8,LADD,LAS VEGAS SANDS CORP,N889LS,N889LS_2024-03-18_airplanes-live_trace_full.json.gz
N889LS,2024-03-21,airplanes-live,8,LADD,LAS VEGAS SANDS CORP,N889LS,N889LS_2024-03-21_airplanes-live_trace_full.json.gz
N889LS,2024-03-22,airplanes-live,8,LADD,LAS VEGAS SANDS CORP,N889LS,N889LS_2024-03-22_airplanes-live_trace_full.json.gz
N889LS,2024-03-25,airplanes-live,8,LADD,LAS VEGAS SANDS CORP,N889LS,N889LS_2024-03-25_airplanes-live_trace_full.json.gz
N889LS,2024-03-26,airplanes-live,8,LADD,LAS VEGAS SANDS CORP,N889LS,N889LS_2024-03-26_airplanes-live_trace_full.json.gz
N889LS,2024-03-28,airplanes-live,8,LADD,LAS VEGAS SANDS CORP,N889LS,N889LS_2024-03-28_airplanes-live_trace_full.json.gz
N889LS,2024-03-29,airplanes-live,8,LADD,LAS VEGAS SANDS CORP,N889LS,N889LS_2024-03-29_airplanes-live_trace_full.json.gz
N889LS,2024-03-30,airplanes-live,8,LADD,LAS VEGAS SANDS CORP,N889LS,N889LS_2024-03-30_airplanes-live_trace_full.json.gz
N889LS,2024-04-02,airplanes-live,8,LADD,LAS VEGAS SANDS CORP,N889LS,N889LS_2024-04-02_airplanes-live_trace_full.json.gz
N889LS,2024-04-03,airplanes-live,8,LADD,LAS VEGAS SANDS CORP,N889LS,N889LS_2024-04-03_airplanes-live_trace_full.json.gz
N889LS,2024-04-05,airplanes-live,8,LADD,LAS VEGAS SANDS CORP,N889LS,N889LS_2024-04-05_airplanes-live_trace_full.json.gz
N889LS,2024-04-06,airplanes-live,8,LADD,LAS VEGAS SANDS CORP,N889LS,N889LS_2024-04-06_airplanes-live_trace_full.json.gz
N889LS,2024-04-11,airplanes-live,8,LADD,LAS VEGAS SANDS CORP,N889LS,N889LS_2024-04-11_airplanes-live_trace_full.json.gz
N889LS,2024-04-12,airplanes-live,8,LADD,LAS VEGAS SANDS CORP,N889LS,N889LS_2024-04-12_airplanes-live_trace_full.json.gz
N889LS,2024-04-13,airplanes-live,8,LADD,LAS VEGAS SANDS CORP,N889LS,N889LS_2024-04-13_airplanes-live_trace_full.json.gz
N889LS,2024-04-15,airplanes-live,8,LADD,LAS VEGAS SANDS CORP,N889LS,N889LS_2024-04-15_airplanes-live_trace_full.json.gz
N889LS,2024-04-16,airplanes-live,8,LADD,LAS VEGAS SANDS CORP,N889LS,N889LS_2024-04-16_airplanes-live_trace_full.json.gz
N889LS,2024-04-17,airplanes-live,8,LADD,LAS VEGAS SANDS CORP,N889LS,N889LS_2024-04-17_airplanes-live_trace_full.json.gz
N889LS,2024-04-21,airplanes-live,8,LADD,LAS VEGAS SANDS CORP,N889LS,N889LS_2024-04-21_airplanes-live_trace_full.json.gz
N889LS,2024-04-22,airplanes-live,8,LADD,LAS VEGAS SANDS CORP,N889LS,N889LS_2024-04-22_airplanes-live_trace_full.json.gz
N889LS,2024-04-23,airplanes-live,8,LADD,LAS VEGAS SANDS CORP,N889LS,N889LS_2024-04-23_airplanes-live_trace_full.json.gz
N889LS,2024-04-24,airplanes-live,8,LADD,LAS VEGAS SANDS CORP,N889LS,N889LS_2024-04-24_airplanes-live_trace_full.json.gz
N889LS,2024-04-26,airplanes-live,8,LADD,LAS VEGAS SANDS CORP,N889LS,N889LS_2024-04-26_airplanes-live_trace_full.json.gz
N889LS,2024-04-27,airplanes-live,8,LADD,LAS VEGAS SANDS CORP,N889LS,N889LS_2024-04-27_airplanes-live_trace_full.json.gz
N889LS,2024-04-29,airplanes-live,8,LADD,LAS VEGAS SANDS CORP,N889LS,N889LS_2024-04-29_airplanes-live_trace_full.json.gz
N889LS,2024-04-30,airplanes-live,8,LADD,LAS VEGAS SANDS CORP,N889LS,N889LS_2024-04-30_airplanes-live_trace_full.json.gz
N889LS,2024-05-01,airplanes-live,8,LADD,LAS VEGAS SANDS CORP,N889LS,N889LS_2024-05-01_airplanes-live_trace_full.json.gz
N889LS,2024-05-12,airplanes-live,8,LADD,LAS VEGAS SANDS CORP,N889LS,N889LS_2024-05-12_airplanes-live_trace_full.json.gz
N889LS,2024-05-13,adsb-lol,8,LADD,LAS VEGAS SANDS CORP,N889LS,N889LS_2024-05-13_adsb-lol_trace_full.json.gz
N889LS,2024-05-18,airplanes-live,8,LADD,LAS VEGAS SANDS CORP,N889LS,N889LS_2024-05-18_airplanes-live_trace_full.json.gz
N889LS,2024-05-19,airplanes-live,8,LADD,LAS VEGAS SANDS CORP,N889LS,N889LS_2024-05-19_airplanes-live_trace_full.json.gz
N889LS,2024-05-24,airplanes-live,8,LADD,LAS VEGAS SANDS CORP,N889LS,N889LS_2024-05-24_airplanes-live_trace_full.json.gz
N889LS,2024-05-25,airplanes-live,8,LADD,LAS VEGAS SANDS CORP,N889LS,N889LS_2024-05-25_airplanes-live_trace_full.json.gz
N889LS,2024-05-26,airplanes-live,8,LADD,LAS VEGAS SANDS CORP,N889LS,N889LS_2024-05-26_airplanes-live_trace_full.json.gz
N889LS,2024-05-27,airplanes-live,8,LADD,LAS VEGAS SANDS CORP,N889LS,N889LS_2024-05-27_airplanes-live_trace_full.json.gz
N889LS,2024-05-28,airplanes-live,8,LADD,LAS VEGAS SANDS CORP,N889LS,N889LS_2024-05-28_airplanes-live_trace_full.json.gz
N889LS,2024-05-29,airplanes-live,8,LADD,LAS VEGAS SANDS CORP,N889LS,N889LS_2024-05-29_airplanes-live_trace_full.json.gz
N889LS,2024-05-30,airplanes-live,8,LADD,LAS VEGAS SANDS CORP,N889LS,N889LS_2024-05-30_airplanes-live_trace_full.json.gz
N889LS,2024-05-31,airplanes-live,8,LADD,LAS VEGAS SANDS CORP,N889LS,N889LS_2024-05-31_airplanes-live_trace_full.json.gz
N889LS,2024-06-01,airplanes-live,8,LADD,LAS VEGAS SANDS CORP,N889LS,N889LS_2024-06-01_airplanes-live_trace_full.json.gz
N889LS,2024-06-02,airplanes-live,8,LADD,LAS VEGAS SANDS CORP,N889LS,N889LS_2024-06-02_airplanes-live_trace_full.json.gz
N889LS,2024-06-06,airplanes-live,8,LADD,LAS VEGAS SANDS CORP,N889LS,N889LS_2024-06-06_airplanes-live_trace_full.json.gz
N889LS,2024-06-10,airplanes-live,8,LADD,LAS VEGAS SANDS CORP,N889LS,N889LS_2024-06-10_airplanes-live_trace_full.json.gz
N889LS,2024-06-12,airplanes-live,8,LADD,LAS VEGAS SANDS CORP,N889LS,N889LS_2024-06-12_airplanes-live_trace_full.json.gz
N889LS,2024-06-13,airplanes-live,8,LADD,LAS VEGAS SANDS CORP,N889LS,N889LS_2024-06-13_airplanes-live_trace_full.json.gz
N889LS,2024-06-14,airplanes-live,8,LADD,LAS VEGAS SANDS CORP,N889LS,N889LS_2024-06-14_airplanes-live_trace_full.json.gz
N889LS,2024-06-15,airplanes-live,8,LADD,LAS VEGAS SANDS CORP,N889LS,N889LS_2024-06-15_airplanes-live_trace_full.json.gz
N889LS,2024-06-21,airplanes-live,8,LADD,LAS VEGAS SANDS CORP,N889LS,N889LS_2024-06-21_airplanes-live_trace_full.json.gz
N889LS,2024-06-22,airplanes-live,8,LADD,LAS VEGAS SANDS CORP,N889LS,N889LS_2024-06-22_airplanes-live_trace_full.json.gz
N889LS,2024-07-06,airplanes-live,8,LADD,LAS VEGAS SANDS CORP,N889LS,N889LS_2024-07-06_airplanes-live_trace_full.json.gz
N889LS,2024-07-07,airplanes-live,8,LADD,LAS VEGAS SANDS CORP,N889LS,N889LS_2024-07-07_airplanes-live_trace_full.json.gz
N889LS,2024-07-18,airplanes-live,8,LADD,LAS VEGAS SANDS CORP,N889LS,N889LS_2024-07-18_airplanes-live_trace_full.json.gz
N889LS,2024-07-19,airplanes-live,8,LADD,LAS VEGAS SANDS CORP,N889LS,N889LS_2024-07-19_airplanes-live_trace_full.json.gz
N889LS,2024-09-04,airplanes-live,8,LADD,LAS VEGAS SANDS CORP,N889LS,N889LS_2024-09-04_airplanes-live_trace_full.json.gz
N889LS,2024-09-08,airplanes-live,8,LADD,LAS VEGAS SANDS CORP,N889LS,N889LS_2024-09-08_airplanes-live_trace_full.json.gz
N889LS,2024-09-09,airplanes-live,8,LADD,LAS VEGAS SANDS CORP,N889LS,N889LS_2024-09-09_airplanes-live_trace_full.json.gz
N889LS,2024-09-10,airplanes-live,8,LADD,LAS VEGAS SANDS CORP,N889LS,N889LS_2024-09-10_airplanes-live_trace_full.json.gz
N889LS,2024-09-12,airplanes-live,8,LADD,LAS VEGAS SANDS CORP,N889LS,N889LS_2024-09-12_airplanes-live_trace_full.json.gz
N889LS,2024-09-13,airplanes-live,8,LADD,LAS VEGAS SANDS CORP,N889LS,N889LS_2024-09-13_airplanes-live_trace_full.json.gz
N889LS,2024-09-16,airplanes-live,8,LADD,LAS VEGAS SANDS CORP,N889LS,N889LS_2024-09-16_airplanes-live_trace_full.json.gz
N889LS,2024-09-17,airplanes-live,8,LADD,LAS VEGAS SANDS CORP,N889LS,N889LS_2024-09-17_airplanes-live_trace_full.json.gz
N889LS,2024-09-20,airplanes-live,8,LADD,LAS VEGAS SANDS CORP,N889LS,N889LS_2024-09-20_airplanes-live_trace_full.json.gz
N889LS,2024-09-21,airplanes-live,8,LADD,LAS VEGAS SANDS CORP,N889LS,N889LS_2024-09-21_airplanes-live_trace_full.json.gz
N889LS,2024-09-24,airplanes-live,8,LADD,LAS VEGAS SANDS CORP,N889LS,N889LS_2024-09-24_airplanes-live_trace_full.json.gz
N889LS,2024-09-26,airplanes-live,8,LADD,LAS VEGAS SANDS CORP,N889LS,N889LS_2024-09-26_airplanes-live_trace_full.json.gz
N889LS,2024-09-27,airplanes-live,8,LADD,LAS VEGAS SANDS CORP,N889LS,N889LS_2024-09-27_airplanes-live_trace_full.json.gz
N889LS,2024-09-29,airplanes-live,8,LADD,LAS VEGAS SANDS CORP,N889LS,N889LS_2024-09-29_airplanes-live_trace_full.json.gz
N889LS,2024-10-07,airplanes-live,8,LADD,LAS VEGAS SANDS CORP,N889LS,N889LS_2024-10-07_airplanes-live_trace_full.json.gz
N889LS,2024-10-10,airplanes-live,8,LADD,LAS VEGAS SANDS CORP,N889LS,N889LS_2024-10-10_airplanes-live_trace_full.json.gz
N889LS,2024-10-18,airplanes-live,8,LADD,LAS VEGAS SANDS CORP,N889LS,N889LS_2024-10-18_airplanes-live_trace_full.json.gz
N889LS,2024-10-19,airplanes-live,8,LADD,LAS VEGAS SANDS CORP,N889LS,N889LS_2024-10-19_airplanes-live_trace_full.json.gz
N889LS,2024-10-24,airplanes-live,8,LADD,LAS VEGAS SANDS CORP,N889LS,N889LS_2024-10-24_airplanes-live_trace_full.json.gz
N889LS,2024-10-25,airplanes-live,8,LADD,LAS VEGAS SANDS CORP,N889LS,N889LS_2024-10-25_airplanes-live_trace_full.json.gz
N889LS,2024-10-28,airplanes-live,8,LADD,LAS VEGAS SANDS CORP,N889LS,N889LS_2024-10-28_airplanes-live_trace_full.json.gz
N889LS,2024-10-29,airplanes-live,8,LADD,LAS VEGAS SANDS CORP,N889LS,N889LS_2024-10-29_airplanes-live_trace_full.json.gz
N889LS,2024-10-30,airplanes-live,8,LADD,LAS VEGAS SANDS CORP,N889LS,N889LS_2024-10-30_airplanes-live_trace_full.json.gz
N889LS,2024-10-31,airplanes-live,8,LADD,LAS VEGAS SANDS CORP,N889LS,N889LS_2024-10-31_airplanes-live_trace_full.json.gz
N889LS,2024-11-03,airplanes-live,8,LADD,LAS VEGAS SANDS CORP,N889LS,N889LS_2024-11-03_airplanes-live_trace_full.json.gz
N889LS,2024-11-05,airplanes-live,8,LADD,LAS VEGAS SANDS CORP,N889LS,N889LS_2024-11-05_airplanes-live_trace_full.json.gz
N889LS,2024-11-08,airplanes-live,8,LADD,LAS VEGAS SANDS CORP,N889LS,N889LS_2024-11-08_airplanes-live_trace_full.json.gz
N889LS,2024-11-12,airplanes-live,8,LADD,LAS VEGAS SANDS CORP,N889LS,N889LS_2024-11-12_airplanes-live_trace_full.json.gz
N889LS,2024-11-13,airplanes-live,8,LADD,LAS VEGAS SANDS CORP,N889LS,N889LS_2024-11-13_airplanes-live_trace_full.json.gz
N889LS,2024-11-14,airplanes-live,8,LADD,LAS VEGAS SANDS CORP,N889LS,N889LS_2024-11-14_airplanes-live_trace_full.json.gz
N889LS,2024-11-15,airplanes-live,8,LADD,LAS VEGAS SANDS CORP,N889LS,N889LS_2024-11-15_airplanes-live_trace_full.json.gz
N889LS,2024-11-16,airplanes-live,8,LADD,LAS VEGAS SANDS CORP,N889LS,N889LS_2024-11-16_airplanes-live_trace_full.json.gz
N889LS,2024-11-18,airplanes-live,8,LADD,LAS VEGAS SANDS CORP,N889LS,N889LS_2024-11-18_airplanes-live_trace_full.json.gz
N889LS,2024-11-19,airplanes-live,8,LADD,LAS VEGAS SANDS CORP,N889LS,N889LS_2024-11-19_airplanes-live_trace_full.json.gz
N889LS,2024-11-20,airplanes-live,8,LADD,LAS VEGAS SANDS CORP,N889LS,N889LS_2024-11-20_airplanes-live_trace_full.json.gz
N889LS,2024-11-21,airplanes-live,8,LADD,LAS VEGAS SANDS CORP,N889LS,N889LS_2024-11-21_airplanes-live_trace_full.json.gz
N889LS,2024-11-22,airplanes-live,8,LADD,LAS VEGAS SANDS CORP,N889LS,N889LS_2024-11-22_airplanes-live_trace_full.json.gz
N889LS,2024-11-26,airplanes-live,8,LADD,LAS VEGAS SANDS CORP,N889LS,N889LS_2024-11-26_airplanes-live_trace_full.json.gz
N889LS,2024-11-27,airplanes-live,8,LADD,LAS VEGAS SANDS CORP,N889LS,N889LS_2024-11-27_airplanes-live_trace_full.json.gz
N889LS,2024-12-03,airplanes-live,8,LADD,LAS VEGAS SANDS CORP,N889LS,N889LS_2024-12-03_airplanes-live_trace_full.json.gz
N889LS,2024-12-07,airplanes-live,8,LADD,LAS VEGAS SANDS CORP,N889LS,N889LS_2024-12-07_airplanes-live_trace_full.json.gz
N889LS,2024-12-08,airplanes-live,8,LADD,LAS VEGAS SANDS CORP,N889LS,N889LS_2024-12-08_airplanes-live_trace_full.json.gz
N889LS,2024-12-13,airplanes-live,8,LADD,LAS VEGAS SANDS CORP,N889LS,N889LS_2024-12-13_airplanes-live_trace_full.json.gz
N889LS,2024-12-14,airplanes-live,8,LADD,LAS VEGAS SANDS CORP,N889LS,N889LS_2024-12-14_airplanes-live_trace_full.json.gz
N889LS,2024-12-18,airplanes-live,8,LADD,LAS VEGAS SANDS CORP,N889LS,N889LS_2024-12-18_airplanes-live_trace_full.json.gz
N889LS,2024-12-20,airplanes-live,8,LADD,LAS VEGAS SANDS CORP,N889LS,N889LS_2024-12-20_airplanes-live_trace_full.json.gz
N889LS,2024-12-25,airplanes-live,8,LADD,LAS VEGAS SANDS CORP,N889LS,N889LS_2024-12-25_airplanes-live_trace_full.json.gz
N889LS,2024-12-26,airplanes-live,8,LADD,LAS VEGAS SANDS CORP,N889LS,N889LS_2024-12-26_airplanes-live_trace_full.json.gz
N889LS,2024-12-27,airplanes-live,8,LADD,LAS VEGAS SANDS CORP,N889LS,N889LS_2024-12-27_airplanes-live_trace_full.json.gz
N889LS,2024-12-29,airplanes-live,8,LADD,LAS VEGAS SANDS CORP,N889LS,N889LS_2024-12-29_airplanes-live_trace_full.json.gz
N889LS,2024-12-31,airplanes-live,8,LADD,LAS VEGAS SANDS CORP,N889LS,N889LS_2024-12-31_airplanes-live_trace_full.json.gz
N889LS,2025-01-01,airplanes-live,8,LADD,LAS VEGAS SANDS CORP,N889LS,N889LS_2025-01-01_airplanes-live_trace_full.json.gz
N889LS,2025-01-02,airplanes-live,8,LADD,LAS VEGAS SANDS CORP,N889LS,N889LS_2025-01-02_airplanes-live_trace_full.json.gz
N889LS,2025-01-03,airplanes-live,8,LADD,LAS VEGAS SANDS CORP,N889LS,N889LS_2025-01-03_airplanes-live_trace_full.json.gz
N889LS,2025-01-04,airplanes-live,8,LADD,LAS VEGAS SANDS CORP,N889LS,N889LS_2025-01-04_airplanes-live_trace_full.json.gz
N889LS,2025-01-07,airplanes-live,8,LADD,LAS VEGAS SANDS CORP,N889LS,N889LS_2025-01-07_airplanes-live_trace_full.json.gz
N889LS,2025-01-08,airplanes-live,8,LADD,LAS VEGAS SANDS CORP,N889LS,N889LS_2025-01-08_airplanes-live_trace_full.json.gz
N889LS,2025-01-17,airplanes-live,8,LADD,LAS VEGAS SANDS CORP,N889LS,N889LS_2025-01-17_airplanes-live_trace_full.json.gz
N889LS,2025-01-21,airplanes-live,8,LADD,LAS VEGAS SANDS CORP,N889LS,N889LS_2025-01-21_airplanes-live_trace_full.json.gz
N889LS,2025-01-31,airplanes-live,8,LADD,LAS VEGAS SANDS CORP,N889LS,N889LS_2025-01-31_airplanes-live_trace_full.json.gz
N889LS,2025-02-01,airplanes-live,8,LADD,LAS VEGAS SANDS CORP,N889LS,N889LS_2025-02-01_airplanes-live_trace_full.json.gz
N889LS,2025-02-02,airplanes-live,8,LADD,LAS VEGAS SANDS CORP,N889LS,N889LS_2025-02-02_airplanes-live_trace_full.json.gz
N889LS,2025-02-03,airplanes-live,8,LADD,LAS VEGAS SANDS CORP,N889LS,N889LS_2025-02-03_airplanes-live_trace_full.json.gz
N889LS,2025-02-10,airplanes-live,8,LADD,LAS VEGAS SANDS CORP,N889LS,N889LS_2025-02-10_airplanes-live_trace_full.json.gz
N889LS,2025-02-11,airplanes-live,8,LADD,LAS VEGAS SANDS CORP,N889LS,N889LS_2025-02-11_airplanes-live_trace_full.json.gz
N889LS,2025-02-12,airplanes-live,8,LADD,LAS VEGAS SANDS CORP,N889LS,N889LS_2025-02-12_airplanes-live_trace_full.json.gz
N889LS,2025-02-13,airplanes-live,8,LADD,LAS VEGAS SANDS CORP,N889LS,N889LS_2025-02-13_airplanes-live_trace_full.json.gz
N889LS,2025-02-14,airplanes-live,8,LADD,LAS VEGAS SANDS CORP,N889LS,N889LS_2025-02-14_airplanes-live_trace_full.json.gz
N889LS,2025-02-16,airplanes-live,8,LADD,LAS VEGAS SANDS CORP,N889LS,N889LS_2025-02-16_airplanes-live_trace_full.json.gz
N889LS,2025-02-17,airplanes-live,8,LADD,LAS VEGAS SANDS CORP,N889LS,N889LS_2025-02-17_airplanes-live_trace_full.json.gz
N889LS,2025-02-21,airplanes-live,8,LADD,LAS VEGAS SANDS CORP,N889LS,N889LS_2025-02-21_airplanes-live_trace_full.json.gz
N889LS,2025-02-22,airplanes-live,8,LADD,LAS VEGAS SANDS CORP,N889LS,N889LS_2025-02-22_airplanes-live_trace_full.json.gz
N889LS,2025-02-25,airplanes-live,8,LADD,LAS VEGAS SANDS CORP,N889LS,N889LS_2025-02-25_airplanes-live_trace_full.json.gz
N889LS,2025-02-26,airplanes-live,8,LADD,LAS VEGAS SANDS CORP,N889LS,N889LS_2025-02-26_airplanes-live_trace_full.json.gz
N889LS,2025-02-27,airplanes-live,8,LADD,LAS VEGAS SANDS CORP,N889LS,N889LS_2025-02-27_airplanes-live_trace_full.json.gz
N889LS,2025-02-28,airplanes-live,8,LADD,LAS VEGAS SANDS CORP,N889LS,N889LS_2025-02-28_airplanes-live_trace_full.json.gz
N889LS,2025-03-02,airplanes-live,8,LADD,LAS VEGAS SANDS CORP,N889LS,N889LS_2025-03-02_airplanes-live_trace_full.json.gz
N889LS,2025-03-03,airplanes-live,8,LADD,LAS VEGAS SANDS CORP,N889LS,N889LS_2025-03-03_airplanes-live_trace_full.json.gz
N889LS,2025-03-10,airplanes-live,8,LADD,LAS VEGAS SANDS CORP,N889LS,N889LS_2025-03-10_airplanes-live_trace_full.json.gz
N889LS,2025-03-11,airplanes-live,8,LADD,LAS VEGAS SANDS CORP,N889LS,N889LS_2025-03-11_airplanes-live_trace_full.json.gz
N889LS,2025-03-17,airplanes-live,8,LADD,LAS VEGAS SANDS CORP,N889LS,N889LS_2025-03-17_airplanes-live_trace_full.json.gz
N889LS,2025-03-22,airplanes-live,8,LADD,LAS VEGAS SANDS CORP,N889LS,N889LS_2025-03-22_airplanes-live_trace_full.json.gz
N889LS,2025-03-25,airplanes-live,8,LADD,LAS VEGAS SANDS CORP,N889LS,N889LS_2025-03-25_airplanes-live_trace_full.json.gz
N889LS,2025-03-27,airplanes-live,8,LADD,LAS VEGAS SANDS CORP,N889LS,N889LS_2025-03-27_airplanes-live_trace_full.json.gz
N889LS,2025-03-28,airplanes-live,8,LADD,LAS VEGAS SANDS CORP,N889LS,N889LS_2025-03-28_airplanes-live_trace_full.json.gz
N889LS,2025-04-01,airplanes-live,8,LADD,LAS VEGAS SANDS CORP,N889LS,N889LS_2025-04-01_airplanes-live_trace_full.json.gz
N889LS,2025-04-03,airplanes-live,8,LADD,LAS VEGAS SANDS CORP,N889LS,N889LS_2025-04-03_airplanes-live_trace_full.json.gz
N889LS,2025-04-08,airplanes-live,8,LADD,LAS VEGAS SANDS CORP,N889LS,N889LS_2025-04-08_airplanes-live_trace_full.json.gz
N889LS,2025-04-09,airplanes-live,8,LADD,LAS VEGAS SANDS CORP,N889LS,N889LS_2025-04-09_airplanes-live_trace_full.json.gz
N889LS,2025-04-11,airplanes-live,8,LADD,LAS VEGAS SANDS CORP,N889LS,N889LS_2025-04-11_airplanes-live_trace_full.json.gz
N889LS,2025-04-12,airplanes-live,8,LADD,LAS VEGAS SANDS CORP,N889LS,N889LS_2025-04-12_airplanes-live_trace_full.json.gz
N889LS,2025-04-16,airplanes-live,8,LADD,LAS VEGAS SANDS CORP,N889LS,N889LS_2025-04-16_airplanes-live_trace_full.json.gz
N889LS,2025-04-17,airplanes-live,8,LADD,LAS VEGAS SANDS CORP,N889LS,N889LS_2025-04-17_airplanes-live_trace_full.json.gz
N889LS,2025-04-18,airplanes-live,8,LADD,LAS VEGAS SANDS CORP,N889LS,N889LS_2025-04-18_airplanes-live_trace_full.json.gz
N889LS,2025-04-19,airplanes-live,8,LADD,LAS VEGAS SANDS CORP,N889LS,N889LS_2025-04-19_airplanes-live_trace_full.json.gz
N889LS,2025-04-26,airplanes-live,8,LADD,LAS VEGAS SANDS CORP,N889LS,N889LS_2025-04-26_airplanes-live_trace_full.json.gz
N889LS,2025-04-29,airplanes-live,8,LADD,LAS VEGAS SANDS CORP,N889LS,N889LS_2025-04-29_airplanes-live_trace_full.json.gz
N889LS,2025-04-30,airplanes-live,8,LADD,LAS VEGAS SANDS CORP,N889LS,N889LS_2025-04-30_airplanes-live_trace_full.json.gz
N889LS,2025-05-01,airplanes-live,8,LADD,LAS VEGAS SANDS CORP,N889LS,N889LS_2025-05-01_airplanes-live_trace_full.json.gz
N889LS,2025-05-11,airplanes-live,8,LADD,LAS VEGAS SANDS CORP,N889LS,N889LS_2025-05-11_airplanes-live_trace_full.json.gz
N889LS,2025-05-13,airplanes-live,8,LADD,LAS VEGAS SANDS CORP,N889LS,N889LS_2025-05-13_airplanes-live_trace_full.json.gz
N889LS,2025-05-23,airplanes-live,8,LADD,LAS VEGAS SANDS CORP,N889LS,N889LS_2025-05-23_airplanes-live_trace_full.json.gz
N889LS,2025-05-30,airplanes-live,8,LADD,LAS VEGAS SANDS CORP,N889LS,N889LS_2025-05-30_airplanes-live_trace_full.json.gz
N889LS,2025-06-01,airplanes-live,8,LADD,LAS VEGAS SANDS CORP,N889LS,N889LS_2025-06-01_airplanes-live_trace_full.json.gz
N889LS,2025-06-21,airplanes-live,8,LADD,LAS VEGAS SANDS CORP,N889LS,N889LS_2025-06-21_airplanes-live_trace_full.json.gz
N889LS,2025-06-25,airplanes-live,8,LADD,LAS VEGAS SANDS CORP,N889LS,N889LS_2025-06-25_airplanes-live_trace_full.json.gz
N889LS,2025-06-29,airplanes-live,8,LADD,LAS VEGAS SANDS CORP,N889LS,N889LS_2025-06-29_airplanes-live_trace_full.json.gz
N889LS,2025-07-03,airplanes-live,8,LADD,LAS VEGAS SANDS CORP,N889LS,N889LS_2025-07-03_airplanes-live_trace_full.json.gz
N889LS,2025-07-04,airplanes-live,8,LADD,LAS VEGAS SANDS CORP,N889LS,N889LS_2025-07-04_airplanes-live_trace_full.json.gz
N889LS,2025-07-12,airplanes-live,8,LADD,LAS VEGAS SANDS CORP,N889LS,N889LS_2025-07-12_airplanes-live_trace_full.json.gz
N889LS,2025-07-13,airplanes-live,8,LADD,LAS VEGAS SANDS CORP,N889LS,N889LS_2025-07-13_airplanes-live_trace_full.json.gz
N889LS,2025-07-18,airplanes-live,8,LADD,LAS VEGAS SANDS CORP,N889LS,N889LS_2025-07-18_airplanes-live_trace_full.json.gz
N889LS,2025-07-19,airplanes-live,8,LADD,LAS VEGAS SANDS CORP,N889LS,N889LS_2025-07-19_airplanes-live_trace_full.json.gz
N889LS,2025-07-27,airplanes-live,8,LADD,LAS VEGAS SANDS CORP,N889LS,N889LS_2025-07-27_airplanes-live_trace_full.json.gz
N889LS,2025-08-06,airplanes-live,8,LADD,LAS VEGAS SANDS CORP,N889LS,N889LS_2025-08-06_airplanes-live_trace_full.json.gz
N889LS,2025-08-10,airplanes-live,8,LADD,LAS VEGAS SANDS CORP,N889LS,N889LS_2025-08-10_airplanes-live_trace_full.json.gz
N889LS,2025-08-11,airplanes-live,8,LADD,LAS VEGAS SANDS CORP,N889LS,N889LS_2025-08-11_airplanes-live_trace_full.json.gz
N889LS,2025-08-13,airplanes-live,8,LADD,LAS VEGAS SANDS CORP,N889LS,N889LS_2025-08-13_airplanes-live_trace_full.json.gz
N889LS,2025-08-14,airplanes-live,8,LADD,LAS VEGAS SANDS CORP,N889LS,N889LS_2025-08-14_airplanes-live_trace_full.json.gz
N889LS,2025-08-16,airplanes-live,8,LADD,LAS VEGAS SANDS CORP,N889LS,N889LS_2025-08-16_airplanes-live_trace_full.json.gz
N889LS,2025-08-19,airplanes-live,8,LADD,LAS VEGAS SANDS CORP,N889LS,N889LS_2025-08-19_airplanes-live_trace_full.json.gz
N889LS,2025-08-21,airplanes-live,8,LADD,LAS VEGAS SANDS CORP,N889LS,N889LS_2025-08-21_airplanes-live_trace_full.json.gz
N889LS,2025-08-22,airplanes-live,8,LADD,LAS VEGAS SANDS CORP,N889LS,N889LS_2025-08-22_airplanes-live_trace_full.json.gz
N889LS,2025-08-26,airplanes-live,8,LADD,LAS VEGAS SANDS CORP,N889LS,N889LS_2025-08-26_airplanes-live_trace_full.json.gz
N889LS,2025-08-27,airplanes-live,8,LADD,LAS VEGAS SANDS CORP,N889LS,N889LS_2025-08-27_airplanes-live_trace_full.json.gz
N889LS,2025-08-28,airplanes-live,8,LADD,LAS VEGAS SANDS CORP,N889LS,N889LS_2025-08-28_airplanes-live_trace_full.json.gz
N889LS,2025-08-31,airplanes-live,8,LADD,LAS VEGAS SANDS CORP,N889LS,N889LS_2025-08-31_airplanes-live_trace_full.json.gz
N889LS,2025-09-01,airplanes-live,8,LADD,LAS VEGAS SANDS CORP,N889LS,N889LS_2025-09-01_airplanes-live_trace_full.json.gz
N889LS,2025-09-02,airplanes-live,8,LADD,LAS VEGAS SANDS CORP,N889LS,N889LS_2025-09-02_airplanes-live_trace_full.json.gz
N889LS,2025-09-03,airplanes-live,8,LADD,LAS VEGAS SANDS CORP,N889LS,N889LS_2025-09-03_airplanes-live_trace_full.json.gz
N889LS,2025-09-04,airplanes-live,8,LADD,LAS VEGAS SANDS CORP,N889LS,N889LS_2025-09-04_airplanes-live_trace_full.json.gz
N889LS,2025-09-05,airplanes-live,8,LADD,LAS VEGAS SANDS CORP,N889LS,N889LS_2025-09-05_airplanes-live_trace_full.json.gz
N889LS,2025-09-09,airplanes-live,8,LADD,LAS VEGAS SANDS CORP,N889LS,N889LS_2025-09-09_airplanes-live_trace_full.json.gz
N889LS,2025-09-10,airplanes-live,8,LADD,LAS VEGAS SANDS CORP,N889LS,N889LS_2025-09-10_airplanes-live_trace_full.json.gz
N889LS,2025-09-11,airplanes-live,8,LADD,LAS VEGAS SANDS CORP,N889LS,N889LS_2025-09-11_airplanes-live_trace_full.json.gz
N889LS,2025-09-12,airplanes-live,8,LADD,LAS VEGAS SANDS CORP,N889LS,N889LS_2025-09-12_airplanes-live_trace_full.json.gz
N889LS,2025-09-13,airplanes-live,8,LADD,LAS VEGAS SANDS CORP,N889LS,N889LS_2025-09-13_airplanes-live_trace_full.json.gz
N889LS,2025-09-22,airplanes-live,8,LADD,LAS VEGAS SANDS CORP,N889LS,N889LS_2025-09-22_airplanes-live_trace_full.json.gz
N889LS,2025-09-26,airplanes-live,8,LADD,LAS VEGAS SANDS CORP,N889LS,N889LS_2025-09-26_airplanes-live_trace_full.json.gz
N889LS,2025-09-27,airplanes-live,8,LADD,LAS VEGAS SANDS CORP,N889LS,N889LS_2025-09-27_airplanes-live_trace_full.json.gz
N889LS,2025-09-30,airplanes-live,8,LADD,LAS VEGAS SANDS CORP,N889LS,N889LS_2025-09-30_airplanes-live_trace_full.json.gz
N889LS,2025-10-04,airplanes-live,8,LADD,LAS VEGAS SANDS CORP,N889LS,N889LS_2025-10-04_airplanes-live_trace_full.json.gz
N889LS,2025-10-07,airplanes-live,8,LADD,LAS VEGAS SANDS CORP,N889LS,N889LS_2025-10-07_airplanes-live_trace_full.json.gz
N889LS,2025-10-12,airplanes-live,8,LADD,LAS VEGAS SANDS CORP,N889LS,N889LS_2025-10-12_airplanes-live_trace_full.json.gz
N889LS,2025-10-13,airplanes-live,8,LADD,LAS VEGAS SANDS CORP,N889LS,N889LS_2025-10-13_airplanes-live_trace_full.json.gz
N889LS,2025-10-18,airplanes-live,8,LADD,LAS VEGAS SANDS CORP,N889LS,N889LS_2025-10-18_airplanes-live_trace_full.json.gz
N889LS,2025-10-19,airplanes-live,8,LADD,LAS VEGAS SANDS CORP,N889LS,N889LS_2025-10-19_airplanes-live_trace_full.json.gz
N889LS,2025-10-20,airplanes-live,8,LADD,LAS VEGAS SANDS CORP,N889LS,N889LS_2025-10-20_airplanes-live_trace_full.json.gz
N889LS,2025-10-24,airplanes-live,8,LADD,LAS VEGAS SANDS CORP,N889LS,N889LS_2025-10-24_airplanes-live_trace_full.json.gz
N889LS,2025-10-25,airplanes-live,8,LADD,LAS VEGAS SANDS CORP,N889LS,N889LS_2025-10-25_airplanes-live_trace_full.json.gz
N889LS,2025-10-27,airplanes-live,8,LADD,LAS VEGAS SANDS CORP,N889LS,N889LS_2025-10-27_airplanes-live_trace_full.json.gz
N889LS,2025-10-28,airplanes-live,8,LADD,LAS VEGAS SANDS CORP,N889LS,N889LS_2025-10-28_airplanes-live_trace_full.json.gz
N889LS,2025-10-30,airplanes-live,8,LADD,LAS VEGAS SANDS CORP,N889LS,N889LS_2025-10-30_airplanes-live_trace_full.json.gz
N889LS,2025-10-31,airplanes-live,8,LADD,LAS VEGAS SANDS CORP,N889LS,N889LS_2025-10-31_airplanes-live_trace_full.json.gz
N889LS,2025-11-05,airplanes-live,8,LADD,LAS VEGAS SANDS CORP,N889LS,N889LS_2025-11-05_airplanes-live_trace_full.json.gz
N889LS,2025-11-06,airplanes-live,8,LADD,LAS VEGAS SANDS CORP,N889LS,N889LS_2025-11-06_airplanes-live_trace_full.json.gz
N889LS,2025-11-16,airplanes-live,8,LADD,LAS VEGAS SANDS CORP,N889LS,N889LS_2025-11-16_airplanes-live_trace_full.json.gz
N889LS,2025-11-17,airplanes-live,8,LADD,LAS VEGAS SANDS CORP,N889LS,N889LS_2025-11-17_airplanes-live_trace_full.json.gz
N889LS,2025-11-20,airplanes-live,8,LADD,LAS VEGAS SANDS CORP,N889LS,N889LS_2025-11-20_airplanes-live_trace_full.json.gz
N889LS,2025-11-21,airplanes-live,8,LADD,LAS VEGAS SANDS CORP,N889LS,N889LS_2025-11-21_airplanes-live_trace_full.json.gz
N889LS,2025-11-25,airplanes-live,8,LADD,LAS VEGAS SANDS CORP,N889LS,N889LS_2025-11-25_airplanes-live_trace_full.json.gz
N889LS,2025-11-26,airplanes-live,8,LADD,LAS VEGAS SANDS CORP,N889LS,N889LS_2025-11-26_airplanes-live_trace_full.json.gz
N889LS,2025-12-03,airplanes-live,8,LADD,LAS VEGAS SANDS CORP,N889LS,N889LS_2025-12-03_airplanes-live_trace_full.json.gz
N889LS,2025-12-04,airplanes-live,8,LADD,LAS VEGAS SANDS CORP,N889LS,N889LS_2025-12-04_airplanes-live_trace_full.json.gz
N889LS,2025-12-11,airplanes-live,8,LADD,LAS VEGAS SANDS CORP,N889LS,N889LS_2025-12-11_airplanes-live_trace_full.json.gz
N889LS,2025-12-12,airplanes-live,8,LADD,LAS VEGAS SANDS CORP,N889LS,N889LS_2025-12-12_airplanes-live_trace_full.json.gz
N889LS,2025-12-15,airplanes-live,8,LADD,LAS VEGAS SANDS CORP,N889LS,N889LS_2025-12-15_airplanes-live_trace_full.json.gz
N889LS,2025-12-16,airplanes-live,8,LADD,LAS VEGAS SANDS CORP,N889LS,N889LS_2025-12-16_airplanes-live_trace_full.json.gz
N889LS,2025-12-17,airplanes-live,8,LADD,LAS VEGAS SANDS CORP,N889LS,N889LS_2025-12-17_airplanes-live_trace_full.json.gz
N889LS,2025-12-19,airplanes-live,8,LADD,LAS VEGAS SANDS CORP,N889LS,N889LS_2025-12-19_airplanes-live_trace_full.json.gz
N889LS,2025-12-20,airplanes-live,8,LADD,LAS VEGAS SANDS CORP,N889LS,N889LS_2025-12-20_airplanes-live_trace_full.json.gz
N889LS,2025-12-24,airplanes-live,8,LADD,LAS VEGAS SANDS CORP,N889LS,N889LS_2025-12-24_airplanes-live_trace_full.json.gz
N889LS,2025-12-30,airplanes-live,8,LADD,LAS VEGAS SANDS CORP,N889LS,N889LS_2025-12-30_airplanes-live_trace_full.json.gz
N889LS,2025-12-31,airplanes-live,8,LADD,LAS VEGAS SANDS CORP,N889LS,N889LS_2025-12-31_airplanes-live_trace_full.json.gz
N889LS,2026-01-03,airplanes-live,8,LADD,LAS VEGAS SANDS CORP,N889LS,N889LS_2026-01-03_airplanes-live_trace_full.json.gz
N889LS,2026-01-04,airplanes-live,8,LADD,LAS VEGAS SANDS CORP,N889LS,N889LS_2026-01-04_airplanes-live_trace_full.json.gz
N889LS,2026-01-14,airplanes-live,8,LADD,LAS VEGAS SANDS CORP,N889LS,N889LS_2026-01-14_airplanes-live_trace_full.json.gz
N889LS,2026-01-15,airplanes-live,8,LADD,LAS VEGAS SANDS CORP,N889LS,N889LS_2026-01-15_airplanes-live_trace_full.json.gz
N889LS,2026-01-16,airplanes-live,8,LADD,LAS VEGAS SANDS CORP,N889LS,N889LS_2026-01-16_airplanes-live_trace_full.json.gz
N889LS,2026-02-01,airplanes-live,8,LADD,LAS VEGAS SANDS CORP,N889LS,N889LS_2026-02-01_airplanes-live_trace_full.json.gz
N889LS,2026-02-03,airplanes-live,8,LADD,LAS VEGAS SANDS CORP,N889LS,N889LS_2026-02-03_airplanes-live_trace_full.json.gz
N889LS,2026-02-06,airplanes-live,8,LADD,LAS VEGAS SANDS CORP,N889LS,N889LS_2026-02-06_airplanes-live_trace_full.json.gz
N889LS,2026-02-07,airplanes-live,8,LADD,LAS VEGAS SANDS CORP,N889LS,N889LS_2026-02-07_airplanes-live_trace_full.json.gz
N889LS,2026-02-10,airplanes-live,8,LADD,LAS VEGAS SANDS CORP,N889LS,N889LS_2026-02-10_airplanes-live_trace_full.json.gz
N889LS,2026-02-11,airplanes-live,8,LADD,LAS VEGAS SANDS CORP,N889LS,N889LS_2026-02-11_airplanes-live_trace_full.json.gz
N889LS,2026-02-12,airplanes-live,8,LADD,LAS VEGAS SANDS CORP,N889LS,N889LS_2026-02-12_airplanes-live_trace_full.json.gz
N889LS,2026-02-14,airplanes-live,8,LADD,LAS VEGAS SANDS CORP,N889LS,N889LS_2026-02-14_airplanes-live_trace_full.json.gz
N889LS,2026-02-17,airplanes-live,8,LADD,LAS VEGAS SANDS CORP,N889LS,N889LS_2026-02-17_airplanes-live_trace_full.json.gz
N889LS,2026-02-18,airplanes-live,8,LADD,LAS VEGAS SANDS CORP,N889LS,N889LS_2026-02-18_airplanes-live_trace_full.json.gz
N889LS,2026-02-19,airplanes-live,8,LADD,LAS VEGAS SANDS CORP,N889LS,N889LS_2026-02-19_airplanes-live_trace_full.json.gz
N889LS,2026-02-25,airplanes-live,8,LADD,LAS VEGAS SANDS CORP,N889LS,N889LS_2026-02-25_airplanes-live_trace_full.json.gz
N889LS,2026-02-28,airplanes-live,8,LADD,LAS VEGAS SANDS CORP,N889LS,N889LS_2026-02-28_airplanes-live_trace_full.json.gz
N889LS,2026-03-01,airplanes-live,8,LADD,LAS VEGAS SANDS CORP,N889LS,N889LS_2026-03-01_airplanes-live_trace_full.json.gz
N889LS,2026-03-02,airplanes-live,8,LADD,LAS VEGAS SANDS CORP,N889LS,N889LS_2026-03-02_airplanes-live_trace_full.json.gz
N889LS,2026-03-15,airplanes-live,8,LADD,LAS VEGAS SANDS CORP,N889LS,N889LS_2026-03-15_airplanes-live_trace_full.json.gz
N889LS,2026-03-22,airplanes-live,8,LADD,LAS VEGAS SANDS CORP,N889LS,N889LS_2026-03-22_airplanes-live_trace_full.json.gz
N889LS,2026-03-23,airplanes-live,8,LADD,LAS VEGAS SANDS CORP,N889LS,N889LS_2026-03-23_airplanes-live_trace_full.json.gz
N889LS,2026-03-24,airplanes-live,8,LADD,LAS VEGAS SANDS CORP,N889LS,N889LS_2026-03-24_airplanes-live_trace_full.json.gz
N889LS,2026-03-25,airplanes-live,8,LADD,LAS VEGAS SANDS CORP,N889LS,N889LS_2026-03-25_airplanes-live_trace_full.json.gz
N889LS,2026-03-26,airplanes-live,8,LADD,LAS VEGAS SANDS CORP,N889LS,N889LS_2026-03-26_airplanes-live_trace_full.json.gz
N889LS,2026-03-27,airplanes-live,8,LADD,LAS VEGAS SANDS CORP,N889LS,N889LS_2026-03-27_airplanes-live_trace_full.json.gz
N889LS,2026-03-28,airplanes-live,8,LADD,LAS VEGAS SANDS CORP,N889LS,N889LS_2026-03-28_airplanes-live_trace_full.json.gz
N889LS,2026-03-30,airplanes-live,8,LADD,LAS VEGAS SANDS CORP,N889LS,N889LS_2026-03-30_airplanes-live_trace_full.json.gz
N889LS,2026-03-31,airplanes-live,8,LADD,LAS VEGAS SANDS CORP,N889LS,N889LS_2026-03-31_airplanes-live_trace_full.json.gz
N889LS,2026-04-01,airplanes-live,8,LADD,LAS VEGAS SANDS CORP,N889LS,N889LS_2026-04-01_airplanes-live_trace_full.json.gz
N889LS,2026-04-02,airplanes-live,8,LADD,LAS VEGAS SANDS CORP,N889LS,N889LS_2026-04-02_airplanes-live_trace_full.json.gz
N889LS,2026-04-07,airplanes-live,8,LADD,LAS VEGAS SANDS CORP,N889LS,N889LS_2026-04-07_airplanes-live_trace_full.json.gz
N889LS,2026-04-08,airplanes-live,8,LADD,LAS VEGAS SANDS CORP,N889LS,N889LS_2026-04-08_airplanes-live_trace_full.json.gz
N889LS,2026-04-13,airplanes-live,8,LADD,LAS VEGAS SANDS CORP,N889LS,N889LS_2026-04-13_airplanes-live_trace_full.json.gz
N889LS,2026-04-14,airplanes-live,8,LADD,LAS VEGAS SANDS CORP,N889LS,N889LS_2026-04-14_airplanes-live_trace_full.json.gz
N889LS,2026-04-17,airplanes-live,8,LADD,LAS VEGAS SANDS CORP,N889LS,N889LS_2026-04-17_airplanes-live_trace_full.json.gz
N889LS,2026-04-18,airplanes-live,8,LADD,LAS VEGAS SANDS CORP,N889LS,N889LS_2026-04-18_airplanes-live_trace_full.json.gz
N889LS,2026-04-24,airplanes-live,8,LADD,LAS VEGAS SANDS CORP,N889LS,N889LS_2026-04-24_airplanes-live_trace_full.json.gz
N889LS,2026-04-26,airplanes-live,8,LADD,LAS VEGAS SANDS CORP,N889LS,N889LS_2026-04-26_airplanes-live_trace_full.json.gz
N889LS,2026-04-27,airplanes-live,8,LADD,LAS VEGAS SANDS CORP,N889LS,N889LS_2026-04-27_airplanes-live_trace_full.json.gz
N889LS,2026-04-28,airplanes-live,8,LADD,LAS VEGAS SANDS CORP,N889LS,N889LS_2026-04-28_airplanes-live_trace_full.json.gz
N889LS,2026-04-30,airplanes-live,8,LADD,LAS VEGAS SANDS CORP,N889LS,N889LS_2026-04-30_airplanes-live_trace_full.json.gz
N889LS,2026-05-05,airplanes-live,8,LADD,LAS VEGAS SANDS CORP,N889LS,N889LS_2026-05-05_airplanes-live_trace_full.json.gz
N889LS,2026-05-06,airplanes-live,8,LADD,LAS VEGAS SANDS CORP,N889LS,N889LS_2026-05-06_airplanes-live_trace_full.json.gz
N889LS,2026-05-07,airplanes-live,8,LADD,LAS VEGAS SANDS CORP,N889LS,N889LS_2026-05-07_airplanes-live_trace_full.json.gz
N889LS,2026-05-08,airplanes-live,8,LADD,LAS VEGAS SANDS CORP,N889LS,N889LS_2026-05-08_airplanes-live_trace_full.json.gz
N889LS,2026-05-12,airplanes-live,8,LADD,LAS VEGAS SANDS CORP,N889LS,N889LS_2026-05-12_airplanes-live_trace_full.json.gz
N889LS,2026-05-14,airplanes-live,8,LADD,LAS VEGAS SANDS CORP,N889LS,N889LS_2026-05-14_airplanes-live_trace_full.json.gz
N889LS,2026-05-16,airplanes-live,8,LADD,LAS VEGAS SANDS CORP,N889LS,N889LS_2026-05-16_airplanes-live_trace_full.json.gz
N889LS,2026-05-17,airplanes-live,8,LADD,LAS VEGAS SANDS CORP,N889LS,N889LS_2026-05-17_airplanes-live_trace_full.json.gz
N889LS,2026-05-26,airplanes-live,8,LADD,LAS VEGAS SANDS CORP,N889LS,N889LS_2026-05-26_airplanes-live_trace_full.json.gz
N889LS,2026-05-29,airplanes-live,8,LADD,LAS VEGAS SANDS CORP,N889LS,N889LS_2026-05-29_airplanes-live_trace_full.json.gz
N889LS,2026-06-05,airplanes-live,8,LADD,LAS VEGAS SANDS CORP,N889LS,N889LS_2026-06-05_airplanes-live_trace_full.json.gz
N889LS,2026-06-06,airplanes-live,8,LADD,LAS VEGAS SANDS CORP,N889LS,N889LS_2026-06-06_airplanes-live_trace_full.json.gz
N889LS,2026-06-08,airplanes-live,8,LADD,LAS VEGAS SANDS CORP,N889LS,N889LS_2026-06-08_airplanes-live_trace_full.json.gz
N889LS,2026-08-03,airplanes-live,8,LADD,LAS VEGAS SANDS CORP,N889LS,N889LS_2026-08-03_airplanes-live_trace_full.json.gz
N889LS,2026-08-04,airplanes-live,8,LADD,LAS VEGAS SANDS CORP,N889LS,N889LS_2026-08-04_airplanes-live_trace_full.json.gz
N889LS,2026-08-13,airplanes-live,8,LADD,LAS VEGAS SANDS CORP,N889LS,N889LS_2026-08-13_airplanes-live_trace_full.json.gz
N889LS,2026-08-14,airplanes-live,8,LADD,LAS VEGAS SANDS CORP,N889LS,N889LS_2026-08-14_airplanes-live_trace_full.json.gz
N889LS,2026-08-19,airplanes-live,8,LADD,LAS VEGAS SANDS CORP,N889LS,N889LS_2026-08-19_airplanes-live_trace_full.json.gz
N889LS,2026-08-20,airplanes-live,8,LADD,LAS VEGAS SANDS CORP,N889LS,N889LS_2026-08-20_airplanes-live_trace_full.json.gz
N889LS,2026-08-24,airplanes-live,8,LADD,LAS VEGAS SANDS CORP,N889LS,N889LS_2026-08-24_airplanes-live_trace_full.json.gz
N889LS,2026-08-25,airplanes-live,8,LADD,LAS VEGAS SANDS CORP,N889LS,N889LS_2026-08-25_airplanes-live_trace_full.json.gz
N889LS,2026-08-26,airplanes-live,8,LADD,LAS VEGAS SANDS CORP,N889LS,N889LS_2026-08-26_airplanes-live_trace_full.json.gz
N889LS,2026-08-28,airplanes-live,8,LADD,LAS VEGAS SANDS CORP,N889LS,N889LS_2026-08-28_airplanes-live_trace_full.json.gz
N889LS,2026-08-29,airplanes-live,8,LADD,LAS VEGAS SANDS CORP,N889LS,N889LS_2026-08-29_airplanes-live_trace_full.json.gz
N889LS,2026-09-09,airplanes-live,8,LADD,LAS VEGAS SANDS CORP,N889LS,N889LS_2026-09-09_airplanes-live_trace_full.json.gz
N889LS,2026-09-11,airplanes-live,8,LADD,LAS VEGAS SANDS CORP,N889LS,N889LS_2026-09-11_airplanes-live_trace_full.json.gz
N889LS,2026-09-14,airplanes-live,8,LADD,LAS VEGAS SANDS CORP,N889LS,N889LS_2026-09-14_airplanes-live_trace_full.json.gz
N889LS,2026-09-16,airplanes-live,8,LADD,LAS VEGAS SANDS CORP,N889LS,N889LS_2026-09-16_airplanes-live_trace_full.json.gz
T7-ELL,2022-02-01,adsbexchange-samples,,not_in_header,,T7-ELL,T7-ELL_2022-02-01_adsbexchange-samples_trace_full.json
T7-ELL,2022-08-01,adsbexchange-samples,0,none,,T7-ELL,T7-ELL_2022-08-01_adsbexchange-samples_trace_full.json
T7-ELL,2022-09-01,adsbexchange-samples,0,none,,T7-ELL,T7-ELL_2022-09-01_adsbexchange-samples_trace_full.json
T7-ELL,2023-02-24,adsb-lol,0,none,,T7-ELL,T7-ELL_2023-02-24_adsb-lol_trace_full.json.gz
T7-ELL,2023-02-24,airplanes-live,0,none,,T7-ELL,T7-ELL_2023-02-24_airplanes-live_trace_full.json.gz
T7-ELL,2023-03-28,adsb-lol,0,none,,T7-ELL,T7-ELL_2023-03-28_adsb-lol_trace_full.json
T7-ELL,2023-03-28,adsb-lol,0,none,,T7-ELL,T7-ELL_2023-03-28_adsb-lol_trace_full.json.gz
T7-ELL,2023-03-28,airplanes-live,0,none,,T7-ELL,T7-ELL_2023-03-28_airplanes-live_trace_full.json
T7-ELL,2023-03-28,airplanes-live,0,none,,T7-ELL,T7-ELL_2023-03-28_airplanes-live_trace_full.json.gz
T7-ELL,2023-03-29,adsb-lol,0,none,,T7-ELL,T7-ELL_2023-03-29_adsb-lol_trace_full.json
T7-ELL,2023-03-29,adsb-lol,0,none,,T7-ELL,T7-ELL_2023-03-29_adsb-lol_trace_full.json.gz
T7-ELL,2023-03-29,airplanes-live,0,none,,T7-ELL,T7-ELL_2023-03-29_airplanes-live_trace_full.json
T7-ELL,2023-03-29,airplanes-live,0,none,,T7-ELL,T7-ELL_2023-03-29_airplanes-live_trace_full.json.gz
T7-ELL,2023-03-30,adsb-lol,0,none,,T7-ELL,T7-ELL_2023-03-30_adsb-lol_trace_full.json.gz
T7-ELL,2023-03-30,airplanes-live,0,none,,T7-ELL,T7-ELL_2023-03-30_airplanes-live_trace_full.json.gz
T7-ELL,2023-04-09,adsb-lol,0,none,,T7-ELL,T7-ELL_2023-04-09_adsb-lol_trace_full.json.gz
T7-ELL,2023-04-09,airplanes-live,0,none,,T7-ELL,T7-ELL_2023-04-09_airplanes-live_trace_full.json.gz
T7-ELL,2023-04-11,airplanes-live,0,none,,T7-ELL,T7-ELL_2023-04-11_airplanes-live_trace_full.json.gz
T7-ELL,2023-04-12,airplanes-live,0,none,,T7-ELL,T7-ELL_2023-04-12_airplanes-live_trace_full.json.gz
T7-ELL,2023-04-16,adsb-lol,0,none,,T7-ELL,T7-ELL_2023-04-16_adsb-lol_trace_full.json.gz
T7-ELL,2023-04-16,airplanes-live,0,none,,T7-ELL,T7-ELL_2023-04-16_airplanes-live_trace_full.json.gz
T7-ELL,2023-07-12,adsb-lol,0,none,,T7-ELL,T7-ELL_2023-07-12_adsb-lol_trace_full.json
T7-ELL,2023-07-12,adsb-lol,0,none,,T7-ELL,T7-ELL_2023-07-12_adsb-lol_trace_full.json.gz
T7-ELL,2023-07-12,airplanes-live,0,none,,T7-ELL,T7-ELL_2023-07-12_airplanes-live_trace_full.json
T7-ELL,2023-07-12,airplanes-live,0,none,,T7-ELL,T7-ELL_2023-07-12_airplanes-live_trace_full.json.gz
T7-ELL,2023-07-13,adsb-lol,0,none,,T7-ELL,T7-ELL_2023-07-13_adsb-lol_trace_full.json
T7-ELL,2023-07-13,adsb-lol,0,none,,T7-ELL,T7-ELL_2023-07-13_adsb-lol_trace_full.json.gz
T7-ELL,2023-07-13,airplanes-live,0,none,,T7-ELL,T7-ELL_2023-07-13_airplanes-live_trace_full.json
T7-ELL,2023-07-13,airplanes-live,0,none,,T7-ELL,T7-ELL_2023-07-13_airplanes-live_trace_full.json.gz
T7-ELL,2023-07-22,adsb-lol,0,none,,T7-ELL,T7-ELL_2023-07-22_adsb-lol_trace_full.json.gz
T7-ELL,2023-07-22,airplanes-live,0,none,,T7-ELL,T7-ELL_2023-07-22_airplanes-live_trace_full.json.gz
T7-ELL,2023-08-24,adsb-lol,0,none,,T7-ELL,T7-ELL_2023-08-24_adsb-lol_trace_full.json
T7-ELL,2023-08-24,adsb-lol,0,none,,T7-ELL,T7-ELL_2023-08-24_adsb-lol_trace_full.json.gz
T7-ELL,2023-08-24,airplanes-live,0,none,,T7-ELL,T7-ELL_2023-08-24_airplanes-live_trace_full.json
T7-ELL,2023-08-24,airplanes-live,0,none,,T7-ELL,T7-ELL_2023-08-24_airplanes-live_trace_full.json.gz
T7-ELL,2023-09-01,adsb-lol,0,none,,T7-ELL,T7-ELL_2023-09-01_adsb-lol_trace_full.json.gz
T7-ELL,2023-09-01,adsbexchange-samples,0,none,,T7-ELL,T7-ELL_2023-09-01_adsbexchange-samples_trace_full.json
T7-ELL,2023-09-01,airplanes-live,0,none,,T7-ELL,T7-ELL_2023-09-01_airplanes-live_trace_full.json.gz
T7-ELL,2023-09-04,airplanes-live,0,none,,T7-ELL,T7-ELL_2023-09-04_airplanes-live_trace_full.json.gz
T7-ELL,2023-09-05,adsb-lol,0,none,,T7-ELL,T7-ELL_2023-09-05_adsb-lol_trace_full.json.gz
T7-ELL,2023-10-18,adsb-lol,0,none,,T7-ELL,T7-ELL_2023-10-18_adsb-lol_trace_full.json
T7-ELL,2023-10-18,adsb-lol,0,none,,T7-ELL,T7-ELL_2023-10-18_adsb-lol_trace_full.json.gz
T7-ELL,2023-10-18,airplanes-live,0,none,Sunset Aviation - Llc - United States Of America,T7-ELL,T7-ELL_2023-10-18_airplanes-live_trace_full.json
T7-ELL,2023-10-18,airplanes-live,0,none,Sunset Aviation - Llc - United States Of America,T7-ELL,T7-ELL_2023-10-18_airplanes-live_trace_full.json.gz
T7-ELL,2023-10-19,adsb-lol,0,none,,T7-ELL,T7-ELL_2023-10-19_adsb-lol_trace_full.json
T7-ELL,2023-10-19,adsb-lol,0,none,,T7-ELL,T7-ELL_2023-10-19_adsb-lol_trace_full.json.gz
T7-ELL,2023-10-19,airplanes-live,0,none,Sunset Aviation - Llc - United States Of America,T7-ELL,T7-ELL_2023-10-19_airplanes-live_trace_full.json
T7-ELL,2023-10-19,airplanes-live,0,none,Sunset Aviation - Llc - United States Of America,T7-ELL,T7-ELL_2023-10-19_airplanes-live_trace_full.json.gz
T7-ELL,2023-10-22,adsb-lol,0,none,,T7-ELL,T7-ELL_2023-10-22_adsb-lol_trace_full.json.gz
T7-ELL,2023-10-22,airplanes-live,0,none,Sunset Aviation - Llc - United States Of America,T7-ELL,T7-ELL_2023-10-22_airplanes-live_trace_full.json.gz
T7-ELL,2023-11-03,adsb-lol,0,none,,T7-ELL,T7-ELL_2023-11-03_adsb-lol_trace_full.json.gz
T7-ELL,2023-11-03,airplanes-live,0,none,Sunset Aviation - Llc - United States Of America,T7-ELL,T7-ELL_2023-11-03_airplanes-live_trace_full.json.gz
T7-ELL,2023-11-09,adsb-lol,0,none,,T7-ELL,T7-ELL_2023-11-09_adsb-lol_trace_full.json
T7-ELL,2023-11-09,adsb-lol,0,none,,T7-ELL,T7-ELL_2023-11-09_adsb-lol_trace_full.json.gz
T7-ELL,2023-11-09,airplanes-live,0,none,Sunset Aviation - Llc - United States Of America,T7-ELL,T7-ELL_2023-11-09_airplanes-live_trace_full.json
T7-ELL,2023-11-09,airplanes-live,0,none,Sunset Aviation - Llc - United States Of America,T7-ELL,T7-ELL_2023-11-09_airplanes-live_trace_full.json.gz
T7-ELL,2023-11-11,adsb-lol,0,none,,T7-ELL,T7-ELL_2023-11-11_adsb-lol_trace_full.json
T7-ELL,2023-11-11,adsb-lol,0,none,,T7-ELL,T7-ELL_2023-11-11_adsb-lol_trace_full.json.gz
T7-ELL,2023-11-11,airplanes-live,0,none,Sunset Aviation - Llc - United States Of America,T7-ELL,T7-ELL_2023-11-11_airplanes-live_trace_full.json
T7-ELL,2023-11-11,airplanes-live,0,none,Sunset Aviation - Llc - United States Of America,T7-ELL,T7-ELL_2023-11-11_airplanes-live_trace_full.json.gz
T7-ELL,2023-11-13,adsb-lol,0,none,,T7-ELL,T7-ELL_2023-11-13_adsb-lol_trace_full.json.gz
T7-ELL,2023-11-13,airplanes-live,0,none,Sunset Aviation - Llc - United States Of America,T7-ELL,T7-ELL_2023-11-13_airplanes-live_trace_full.json.gz
T7-ELL,2023-11-16,adsb-lol,0,none,,T7-ELL,T7-ELL_2023-11-16_adsb-lol_trace_full.json.gz
T7-ELL,2023-11-16,airplanes-live,0,none,Sunset Aviation - Llc - United States Of America,T7-ELL,T7-ELL_2023-11-16_airplanes-live_trace_full.json.gz
T7-ELL,2023-11-18,airplanes-live,0,none,Sunset Aviation - Llc - United States Of America,T7-ELL,T7-ELL_2023-11-18_airplanes-live_trace_full.json.gz
T7-ELL,2023-11-21,airplanes-live,0,none,Sunset Aviation - Llc - United States Of America,T7-ELL,T7-ELL_2023-11-21_airplanes-live_trace_full.json.gz
T7-ELL,2023-12-03,airplanes-live,0,none,Sunset Aviation - Llc - United States Of America,T7-ELL,T7-ELL_2023-12-03_airplanes-live_trace_full.json.gz
T7-ELL,2023-12-06,airplanes-live,0,none,Sunset Aviation - Llc - United States Of America,T7-ELL,T7-ELL_2023-12-06_airplanes-live_trace_full.json.gz
T7-ELL,2023-12-07,airplanes-live,0,none,Sunset Aviation - Llc - United States Of America,T7-ELL,T7-ELL_2023-12-07_airplanes-live_trace_full.json.gz
T7-ELL,2023-12-12,airplanes-live,0,none,Sunset Aviation - Llc - United States Of America,T7-ELL,T7-ELL_2023-12-12_airplanes-live_trace_full.json.gz
T7-ELL,2023-12-17,adsb-lol,0,none,,T7-ELL,T7-ELL_2023-12-17_adsb-lol_trace_full.json
T7-ELL,2023-12-17,adsb-lol,0,none,,T7-ELL,T7-ELL_2023-12-17_adsb-lol_trace_full.json.gz
T7-ELL,2023-12-17,airplanes-live,0,none,Sunset Aviation - Llc - United States Of America,T7-ELL,T7-ELL_2023-12-17_airplanes-live_trace_full.json
T7-ELL,2023-12-17,airplanes-live,0,none,Sunset Aviation - Llc - United States Of America,T7-ELL,T7-ELL_2023-12-17_airplanes-live_trace_full.json.gz
T7-ELL,2023-12-27,airplanes-live,0,none,Sunset Aviation - Llc - United States Of America,T7-ELL,T7-ELL_2023-12-27_airplanes-live_trace_full.json.gz
T7-ELL,2023-12-29,airplanes-live,0,none,Sunset Aviation - Llc - United States Of America,T7-ELL,T7-ELL_2023-12-29_airplanes-live_trace_full.json.gz
T7-ELL,2024-01-04,airplanes-live,0,none,Sunset Aviation - Llc - United States Of America,T7-ELL,T7-ELL_2024-01-04_airplanes-live_trace_full.json.gz
T7-ELL,2024-01-06,airplanes-live,0,none,Sunset Aviation - Llc - United States Of America,T7-ELL,T7-ELL_2024-01-06_airplanes-live_trace_full.json.gz
T7-ELL,2024-01-13,airplanes-live,0,none,Sunset Aviation - Llc - United States Of America,T7-ELL,T7-ELL_2024-01-13_airplanes-live_trace_full.json.gz
T7-ELL,2024-01-16,airplanes-live,0,none,Sunset Aviation - Llc - United States Of America,T7-ELL,T7-ELL_2024-01-16_airplanes-live_trace_full.json.gz
T7-ELL,2024-02-16,airplanes-live,0,none,Sunset Aviation - Llc - United States Of America,T7-ELL,T7-ELL_2024-02-16_airplanes-live_trace_full.json.gz
T7-ELL,2024-02-20,airplanes-live,0,none,Sunset Aviation - Llc - United States Of America,T7-ELL,T7-ELL_2024-02-20_airplanes-live_trace_full.json.gz
T7-ELL,2024-02-23,airplanes-live,0,none,Sunset Aviation - Llc - United States Of America,T7-ELL,T7-ELL_2024-02-23_airplanes-live_trace_full.json.gz
T7-ELL,2024-02-25,airplanes-live,0,none,Sunset Aviation - Llc - United States Of America,T7-ELL,T7-ELL_2024-02-25_airplanes-live_trace_full.json.gz
T7-ELL,2024-02-26,airplanes-live,0,none,Sunset Aviation - Llc - United States Of America,T7-ELL,T7-ELL_2024-02-26_airplanes-live_trace_full.json.gz
T7-ELL,2024-02-29,adsb-lol,0,none,,T7-ELL,T7-ELL_2024-02-29_adsb-lol_trace_full.json.gz
T7-ELL,2024-02-29,airplanes-live,0,none,Sunset Aviation - Llc - United States Of America,T7-ELL,T7-ELL_2024-02-29_airplanes-live_trace_full.json.gz
T7-ELL,2024-03-18,adsb-lol,0,none,,T7-ELL,T7-ELL_2024-03-18_adsb-lol_trace_full.json
T7-ELL,2024-03-18,adsb-lol,0,none,,T7-ELL,T7-ELL_2024-03-18_adsb-lol_trace_full.json.gz
T7-ELL,2024-03-18,airplanes-live,0,none,Sunset Aviation - Llc - United States Of America,T7-ELL,T7-ELL_2024-03-18_airplanes-live_trace_full.json
T7-ELL,2024-03-18,airplanes-live,0,none,Sunset Aviation - Llc - United States Of America,T7-ELL,T7-ELL_2024-03-18_airplanes-live_trace_full.json.gz
T7-ELL,2024-03-19,adsb-lol,0,none,,T7-ELL,T7-ELL_2024-03-19_adsb-lol_trace_full.json
T7-ELL,2024-03-19,adsb-lol,0,none,,T7-ELL,T7-ELL_2024-03-19_adsb-lol_trace_full.json.gz
T7-ELL,2024-03-19,airplanes-live,0,none,Sunset Aviation - Llc - United States Of America,T7-ELL,T7-ELL_2024-03-19_airplanes-live_trace_full.json
T7-ELL,2024-03-19,airplanes-live,0,none,Sunset Aviation - Llc - United States Of America,T7-ELL,T7-ELL_2024-03-19_airplanes-live_trace_full.json.gz
T7-ELL,2024-03-22,airplanes-live,0,none,Sunset Aviation - Llc - United States Of America,T7-ELL,T7-ELL_2024-03-22_airplanes-live_trace_full.json
T7-ELL,2024-03-22,airplanes-live,0,none,Sunset Aviation - Llc - United States Of America,T7-ELL,T7-ELL_2024-03-22_airplanes-live_trace_full.json.gz
T7-ELL,2024-03-24,adsb-lol,0,none,,T7-ELL,T7-ELL_2024-03-24_adsb-lol_trace_full.json.gz
T7-ELL,2024-03-24,airplanes-live,0,none,Sunset Aviation - Llc - United States Of America,T7-ELL,T7-ELL_2024-03-24_airplanes-live_trace_full.json.gz
T7-ELL,2024-03-25,adsb-lol,0,none,,T7-ELL,T7-ELL_2024-03-25_adsb-lol_trace_full.json
T7-ELL,2024-03-25,adsb-lol,0,none,,T7-ELL,T7-ELL_2024-03-25_adsb-lol_trace_full.json.gz
T7-ELL,2024-03-25,airplanes-live,0,none,Sunset Aviation - Llc - United States Of America,T7-ELL,T7-ELL_2024-03-25_airplanes-live_trace_full.json
T7-ELL,2024-03-25,airplanes-live,0,none,Sunset Aviation - Llc - United States Of America,T7-ELL,T7-ELL_2024-03-25_airplanes-live_trace_full.json.gz
T7-ELL,2024-03-26,adsb-lol,0,none,,T7-ELL,T7-ELL_2024-03-26_adsb-lol_trace_full.json
T7-ELL,2024-03-26,adsb-lol,0,none,,T7-ELL,T7-ELL_2024-03-26_adsb-lol_trace_full.json.gz
T7-ELL,2024-03-26,airplanes-live,0,none,Sunset Aviation - Llc - United States Of America,T7-ELL,T7-ELL_2024-03-26_airplanes-live_trace_full.json
T7-ELL,2024-03-26,airplanes-live,0,none,Sunset Aviation - Llc - United States Of America,T7-ELL,T7-ELL_2024-03-26_airplanes-live_trace_full.json.gz
T7-ELL,2024-03-27,adsb-lol,0,none,,T7-ELL,T7-ELL_2024-03-27_adsb-lol_trace_full.json
T7-ELL,2024-03-27,adsb-lol,0,none,,T7-ELL,T7-ELL_2024-03-27_adsb-lol_trace_full.json.gz
T7-ELL,2024-03-27,airplanes-live,0,none,Sunset Aviation - Llc - United States Of America,T7-ELL,T7-ELL_2024-03-27_airplanes-live_trace_full.json
T7-ELL,2024-03-27,airplanes-live,0,none,Sunset Aviation - Llc - United States Of America,T7-ELL,T7-ELL_2024-03-27_airplanes-live_trace_full.json.gz
T7-ELL,2024-03-30,adsb-lol,0,none,,T7-ELL,T7-ELL_2024-03-30_adsb-lol_trace_full.json.gz
T7-ELL,2024-03-30,airplanes-live,0,none,Sunset Aviation - Llc - United States Of America,T7-ELL,T7-ELL_2024-03-30_airplanes-live_trace_full.json.gz
T7-ELL,2024-03-31,adsb-lol,0,none,,T7-ELL,T7-ELL_2024-03-31_adsb-lol_trace_full.json.gz
T7-ELL,2024-03-31,airplanes-live,0,none,Sunset Aviation - Llc - United States Of America,T7-ELL,T7-ELL_2024-03-31_airplanes-live_trace_full.json.gz
T7-ELL,2024-04-01,adsb-lol,0,none,,T7-ELL,T7-ELL_2024-04-01_adsb-lol_trace_full.json
T7-ELL,2024-04-01,adsb-lol,0,none,,T7-ELL,T7-ELL_2024-04-01_adsb-lol_trace_full.json.gz
T7-ELL,2024-04-01,adsbexchange-samples,0,none,,T7-ELL,T7-ELL_2024-04-01_adsbexchange-samples_trace_full.json
T7-ELL,2024-04-01,airplanes-live,0,none,Sunset Aviation - Llc - United States Of America,T7-ELL,T7-ELL_2024-04-01_airplanes-live_trace_full.json
T7-ELL,2024-04-01,airplanes-live,0,none,Sunset Aviation - Llc - United States Of America,T7-ELL,T7-ELL_2024-04-01_airplanes-live_trace_full.json.gz
T7-ELL,2024-04-02,adsb-lol,0,none,,T7-ELL,T7-ELL_2024-04-02_adsb-lol_trace_full.json
T7-ELL,2024-04-02,adsb-lol,0,none,,T7-ELL,T7-ELL_2024-04-02_adsb-lol_trace_full.json.gz
T7-ELL,2024-04-02,airplanes-live,0,none,Sunset Aviation - Llc - United States Of America,T7-ELL,T7-ELL_2024-04-02_airplanes-live_trace_full.json
T7-ELL,2024-04-02,airplanes-live,0,none,Sunset Aviation - Llc - United States Of America,T7-ELL,T7-ELL_2024-04-02_airplanes-live_trace_full.json.gz
T7-ELL,2024-04-03,adsb-lol,0,none,,T7-ELL,T7-ELL_2024-04-03_adsb-lol_trace_full.json
T7-ELL,2024-04-03,adsb-lol,0,none,,T7-ELL,T7-ELL_2024-04-03_adsb-lol_trace_full.json.gz
T7-ELL,2024-04-03,airplanes-live,0,none,Sunset Aviation - Llc - United States Of America,T7-ELL,T7-ELL_2024-04-03_airplanes-live_trace_full.json
T7-ELL,2024-04-03,airplanes-live,0,none,Sunset Aviation - Llc - United States Of America,T7-ELL,T7-ELL_2024-04-03_airplanes-live_trace_full.json.gz
T7-ELL,2024-04-06,adsb-lol,0,none,,T7-ELL,T7-ELL_2024-04-06_adsb-lol_trace_full.json.gz
T7-ELL,2024-04-06,airplanes-live,0,none,Sunset Aviation - Llc - United States Of America,T7-ELL,T7-ELL_2024-04-06_airplanes-live_trace_full.json.gz
T7-ELL,2024-04-08,airplanes-live,0,none,Sunset Aviation - Llc - United States Of America,T7-ELL,T7-ELL_2024-04-08_airplanes-live_trace_full.json
T7-ELL,2024-04-08,airplanes-live,0,none,Sunset Aviation - Llc - United States Of America,T7-ELL,T7-ELL_2024-04-08_airplanes-live_trace_full.json.gz
T7-ELL,2024-05-06,adsb-lol,0,none,,T7-ELL,T7-ELL_2024-05-06_adsb-lol_trace_full.json
T7-ELL,2024-05-06,adsb-lol,0,none,,T7-ELL,T7-ELL_2024-05-06_adsb-lol_trace_full.json.gz
T7-ELL,2024-05-06,airplanes-live,0,none,Sunset Aviation - Llc - United States Of America,T7-ELL,T7-ELL_2024-05-06_airplanes-live_trace_full.json
T7-ELL,2024-05-06,airplanes-live,0,none,Sunset Aviation - Llc - United States Of America,T7-ELL,T7-ELL_2024-05-06_airplanes-live_trace_full.json.gz
T7-ELL,2024-05-07,adsb-lol,0,none,,T7-ELL,T7-ELL_2024-05-07_adsb-lol_trace_full.json
T7-ELL,2024-05-07,adsb-lol,0,none,,T7-ELL,T7-ELL_2024-05-07_adsb-lol_trace_full.json.gz
T7-ELL,2024-05-07,airplanes-live,0,none,Sunset Aviation - Llc - United States Of America,T7-ELL,T7-ELL_2024-05-07_airplanes-live_trace_full.json
T7-ELL,2024-05-07,airplanes-live,0,none,Sunset Aviation - Llc - United States Of America,T7-ELL,T7-ELL_2024-05-07_airplanes-live_trace_full.json.gz
T7-ELL,2024-05-08,adsb-lol,0,none,,T7-ELL,T7-ELL_2024-05-08_adsb-lol_trace_full.json
T7-ELL,2024-05-08,adsb-lol,0,none,,T7-ELL,T7-ELL_2024-05-08_adsb-lol_trace_full.json.gz
T7-ELL,2024-05-08,airplanes-live,0,none,Sunset Aviation - Llc - United States Of America,T7-ELL,T7-ELL_2024-05-08_airplanes-live_trace_full.json
T7-ELL,2024-05-08,airplanes-live,0,none,Sunset Aviation - Llc - United States Of America,T7-ELL,T7-ELL_2024-05-08_airplanes-live_trace_full.json.gz
T7-ELL,2024-05-09,adsb-lol,0,none,,T7-ELL,T7-ELL_2024-05-09_adsb-lol_trace_full.json
T7-ELL,2024-05-09,adsb-lol,0,none,,T7-ELL,T7-ELL_2024-05-09_adsb-lol_trace_full.json.gz
T7-ELL,2024-05-09,airplanes-live,0,none,Sunset Aviation - Llc - United States Of America,T7-ELL,T7-ELL_2024-05-09_airplanes-live_trace_full.json
T7-ELL,2024-05-09,airplanes-live,0,none,Sunset Aviation - Llc - United States Of America,T7-ELL,T7-ELL_2024-05-09_airplanes-live_trace_full.json.gz
T7-ELL,2024-05-10,adsb-lol,0,none,,T7-ELL,T7-ELL_2024-05-10_adsb-lol_trace_full.json
T7-ELL,2024-05-10,adsb-lol,0,none,,T7-ELL,T7-ELL_2024-05-10_adsb-lol_trace_full.json.gz
T7-ELL,2024-05-10,airplanes-live,0,none,Sunset Aviation - Llc - United States Of America,T7-ELL,T7-ELL_2024-05-10_airplanes-live_trace_full.json
T7-ELL,2024-05-10,airplanes-live,0,none,Sunset Aviation - Llc - United States Of America,T7-ELL,T7-ELL_2024-05-10_airplanes-live_trace_full.json.gz
T7-ELL,2024-05-13,adsb-lol,0,none,,T7-ELL,T7-ELL_2024-05-13_adsb-lol_trace_full.json.gz
T7-ELL,2024-05-13,airplanes-live,0,none,Sunset Aviation - Llc - United States Of America,T7-ELL,T7-ELL_2024-05-13_airplanes-live_trace_full.json.gz
T7-ELL,2024-05-16,adsb-lol,0,none,,T7-ELL,T7-ELL_2024-05-16_adsb-lol_trace_full.json
T7-ELL,2024-05-16,adsb-lol,0,none,,T7-ELL,T7-ELL_2024-05-16_adsb-lol_trace_full.json.gz
T7-ELL,2024-05-16,airplanes-live,0,none,Sunset Aviation - Llc - United States Of America,T7-ELL,T7-ELL_2024-05-16_airplanes-live_trace_full.json
T7-ELL,2024-05-16,airplanes-live,0,none,Sunset Aviation - Llc - United States Of America,T7-ELL,T7-ELL_2024-05-16_airplanes-live_trace_full.json.gz
T7-ELL,2024-05-17,adsb-lol,0,none,,T7-ELL,T7-ELL_2024-05-17_adsb-lol_trace_full.json
T7-ELL,2024-05-17,adsb-lol,0,none,,T7-ELL,T7-ELL_2024-05-17_adsb-lol_trace_full.json.gz
T7-ELL,2024-05-17,airplanes-live,0,none,Sunset Aviation - Llc - United States Of America,T7-ELL,T7-ELL_2024-05-17_airplanes-live_trace_full.json
T7-ELL,2024-05-17,airplanes-live,0,none,Sunset Aviation - Llc - United States Of America,T7-ELL,T7-ELL_2024-05-17_airplanes-live_trace_full.json.gz
T7-ELL,2024-05-21,adsb-lol,0,none,,T7-ELL,T7-ELL_2024-05-21_adsb-lol_trace_full.json.gz
T7-ELL,2024-05-21,airplanes-live,0,none,Sunset Aviation - Llc - United States Of America,T7-ELL,T7-ELL_2024-05-21_airplanes-live_trace_full.json.gz
T7-ELL,2024-05-24,airplanes-live,0,none,Sunset Aviation - Llc - United States Of America,T7-ELL,T7-ELL_2024-05-24_airplanes-live_trace_full.json.gz
T7-ELL,2024-05-26,airplanes-live,0,none,Sunset Aviation - Llc - United States Of America,T7-ELL,T7-ELL_2024-05-26_airplanes-live_trace_full.json.gz
T7-ELL,2024-05-27,airplanes-live,0,none,Sunset Aviation - Llc - United States Of America,T7-ELL,T7-ELL_2024-05-27_airplanes-live_trace_full.json.gz
T7-ELL,2024-05-28,airplanes-live,0,none,Sunset Aviation - Llc - United States Of America,T7-ELL,T7-ELL_2024-05-28_airplanes-live_trace_full.json.gz
T7-ELL,2024-05-31,adsb-lol,0,none,,T7-ELL,T7-ELL_2024-05-31_adsb-lol_trace_full.json.gz
T7-ELL,2024-05-31,airplanes-live,0,none,Sunset Aviation - Llc - United States Of America,T7-ELL,T7-ELL_2024-05-31_airplanes-live_trace_full.json.gz
T7-ELL,2024-06-01,adsb-lol,0,none,,T7-ELL,T7-ELL_2024-06-01_adsb-lol_trace_full.json.gz
T7-ELL,2024-06-01,adsbexchange-samples,0,none,,T7-ELL,T7-ELL_2024-06-01_adsbexchange-samples_trace_full.json
T7-ELL,2024-06-01,airplanes-live,0,none,Sunset Aviation - Llc - United States Of America,T7-ELL,T7-ELL_2024-06-01_airplanes-live_trace_full.json.gz
T7-ELL,2024-06-02,adsb-lol,0,none,,T7-ELL,T7-ELL_2024-06-02_adsb-lol_trace_full.json.gz
T7-ELL,2024-06-02,airplanes-live,0,none,Sunset Aviation - Llc - United States Of America,T7-ELL,T7-ELL_2024-06-02_airplanes-live_trace_full.json.gz
T7-ELL,2024-06-03,adsb-lol,0,none,,T7-ELL,T7-ELL_2024-06-03_adsb-lol_trace_full.json.gz
T7-ELL,2024-06-03,airplanes-live,0,none,Sunset Aviation - Llc - United States Of America,T7-ELL,T7-ELL_2024-06-03_airplanes-live_trace_full.json.gz
T7-ELL,2024-06-04,adsb-lol,0,none,,T7-ELL,T7-ELL_2024-06-04_adsb-lol_trace_full.json.gz
T7-ELL,2024-06-04,airplanes-live,0,none,Sunset Aviation - Llc - United States Of America,T7-ELL,T7-ELL_2024-06-04_airplanes-live_trace_full.json.gz
T7-ELL,2024-06-05,adsb-lol,0,none,,T7-ELL,T7-ELL_2024-06-05_adsb-lol_trace_full.json
T7-ELL,2024-06-05,adsb-lol,0,none,,T7-ELL,T7-ELL_2024-06-05_adsb-lol_trace_full.json.gz
T7-ELL,2024-06-05,airplanes-live,0,none,Sunset Aviation - Llc - United States Of America,T7-ELL,T7-ELL_2024-06-05_airplanes-live_trace_full.json
T7-ELL,2024-06-05,airplanes-live,0,none,Sunset Aviation - Llc - United States Of America,T7-ELL,T7-ELL_2024-06-05_airplanes-live_trace_full.json.gz
T7-ELL,2024-06-06,adsb-lol,0,none,,T7-ELL,T7-ELL_2024-06-06_adsb-lol_trace_full.json
T7-ELL,2024-06-06,adsb-lol,0,none,,T7-ELL,T7-ELL_2024-06-06_adsb-lol_trace_full.json.gz
T7-ELL,2024-06-06,airplanes-live,0,none,Sunset Aviation - Llc - United States Of America,T7-ELL,T7-ELL_2024-06-06_airplanes-live_trace_full.json
T7-ELL,2024-06-06,airplanes-live,0,none,Sunset Aviation - Llc - United States Of America,T7-ELL,T7-ELL_2024-06-06_airplanes-live_trace_full.json.gz
T7-ELL,2024-06-07,adsb-lol,0,none,,T7-ELL,T7-ELL_2024-06-07_adsb-lol_trace_full.json
T7-ELL,2024-06-07,adsb-lol,0,none,,T7-ELL,T7-ELL_2024-06-07_adsb-lol_trace_full.json.gz
T7-ELL,2024-06-07,airplanes-live,0,none,Sunset Aviation - Llc - United States Of America,T7-ELL,T7-ELL_2024-06-07_airplanes-live_trace_full.json
T7-ELL,2024-06-07,airplanes-live,0,none,Sunset Aviation - Llc - United States Of America,T7-ELL,T7-ELL_2024-06-07_airplanes-live_trace_full.json.gz
T7-ELL,2024-06-09,adsb-lol,0,none,,T7-ELL,T7-ELL_2024-06-09_adsb-lol_trace_full.json
T7-ELL,2024-06-09,adsb-lol,0,none,,T7-ELL,T7-ELL_2024-06-09_adsb-lol_trace_full.json.gz
T7-ELL,2024-06-09,airplanes-live,0,none,Sunset Aviation - Llc - United States Of America,T7-ELL,T7-ELL_2024-06-09_airplanes-live_trace_full.json
T7-ELL,2024-06-09,airplanes-live,0,none,Sunset Aviation - Llc - United States Of America,T7-ELL,T7-ELL_2024-06-09_airplanes-live_trace_full.json.gz
T7-ELL,2024-06-11,airplanes-live,0,none,Sunset Aviation - Llc - United States Of America,T7-ELL,T7-ELL_2024-06-11_airplanes-live_trace_full.json
T7-ELL,2024-06-11,airplanes-live,0,none,Sunset Aviation - Llc - United States Of America,T7-ELL,T7-ELL_2024-06-11_airplanes-live_trace_full.json.gz
T7-ELL,2024-06-14,adsb-lol,0,none,,T7-ELL,T7-ELL_2024-06-14_adsb-lol_trace_full.json
T7-ELL,2024-06-14,adsb-lol,0,none,,T7-ELL,T7-ELL_2024-06-14_adsb-lol_trace_full.json.gz
T7-ELL,2024-06-14,airplanes-live,0,none,Sunset Aviation - Llc - United States Of America,T7-ELL,T7-ELL_2024-06-14_airplanes-live_trace_full.json
T7-ELL,2024-06-14,airplanes-live,0,none,Sunset Aviation - Llc - United States Of America,T7-ELL,T7-ELL_2024-06-14_airplanes-live_trace_full.json.gz
T7-ELL,2024-07-27,adsb-lol,0,none,,T7-ELL,T7-ELL_2024-07-27_adsb-lol_trace_full.json
T7-ELL,2024-07-27,adsb-lol,0,none,,T7-ELL,T7-ELL_2024-07-27_adsb-lol_trace_full.json.gz
T7-ELL,2024-07-27,airplanes-live,0,none,Sunset Aviation - Llc - United States Of America,T7-ELL,T7-ELL_2024-07-27_airplanes-live_trace_full.json
T7-ELL,2024-07-27,airplanes-live,0,none,Sunset Aviation - Llc - United States Of America,T7-ELL,T7-ELL_2024-07-27_airplanes-live_trace_full.json.gz
T7-ELL,2024-07-28,adsb-lol,0,none,,T7-ELL,T7-ELL_2024-07-28_adsb-lol_trace_full.json
T7-ELL,2024-07-28,adsb-lol,0,none,,T7-ELL,T7-ELL_2024-07-28_adsb-lol_trace_full.json.gz
T7-ELL,2024-07-28,airplanes-live,0,none,Sunset Aviation - Llc - United States Of America,T7-ELL,T7-ELL_2024-07-28_airplanes-live_trace_full.json
T7-ELL,2024-07-28,airplanes-live,0,none,Sunset Aviation - Llc - United States Of America,T7-ELL,T7-ELL_2024-07-28_airplanes-live_trace_full.json.gz
T7-ELL,2024-07-31,adsb-lol,0,none,,T7-ELL,T7-ELL_2024-07-31_adsb-lol_trace_full.json.gz
T7-ELL,2024-07-31,airplanes-live,0,none,Sunset Aviation - Llc - United States Of America,T7-ELL,T7-ELL_2024-07-31_airplanes-live_trace_full.json.gz
T7-ELL,2024-08-05,airplanes-live,0,none,Sunset Aviation - Llc - United States Of America,T7-ELL,T7-ELL_2024-08-05_airplanes-live_trace_full.json.gz
T7-ELL,2024-08-06,airplanes-live,0,none,Sunset Aviation - Llc - United States Of America,T7-ELL,T7-ELL_2024-08-06_airplanes-live_trace_full.json.gz
T7-ELL,2024-08-10,airplanes-live,0,none,Sunset Aviation - Llc - United States Of America,T7-ELL,T7-ELL_2024-08-10_airplanes-live_trace_full.json.gz
T7-ELL,2024-08-11,airplanes-live,0,none,Sunset Aviation - Llc - United States Of America,T7-ELL,T7-ELL_2024-08-11_airplanes-live_trace_full.json.gz
T7-ELL,2024-08-15,airplanes-live,0,none,Sunset Aviation - Llc - United States Of America,T7-ELL,T7-ELL_2024-08-15_airplanes-live_trace_full.json.gz
T7-ELL,2024-09-08,adsb-lol,0,none,,T7-ELL,T7-ELL_2024-09-08_adsb-lol_trace_full.json
T7-ELL,2024-09-08,adsb-lol,0,none,,T7-ELL,T7-ELL_2024-09-08_adsb-lol_trace_full.json.gz
T7-ELL,2024-09-08,airplanes-live,0,none,Sunset Aviation - Llc - United States Of America,T7-ELL,T7-ELL_2024-09-08_airplanes-live_trace_full.json
T7-ELL,2024-09-08,airplanes-live,0,none,Sunset Aviation - Llc - United States Of America,T7-ELL,T7-ELL_2024-09-08_airplanes-live_trace_full.json.gz
T7-ELL,2024-10-16,adsb-lol,0,none,,T7-ELL,T7-ELL_2024-10-16_adsb-lol_trace_full.json
T7-ELL,2024-10-16,adsb-lol,0,none,,T7-ELL,T7-ELL_2024-10-16_adsb-lol_trace_full.json.gz
T7-ELL,2024-10-16,airplanes-live,0,none,Sunset Aviation - Llc - United States Of America,T7-ELL,T7-ELL_2024-10-16_airplanes-live_trace_full.json
T7-ELL,2024-10-16,airplanes-live,0,none,Sunset Aviation - Llc - United States Of America,T7-ELL,T7-ELL_2024-10-16_airplanes-live_trace_full.json.gz
T7-ELL,2024-12-11,airplanes-live,0,none,Sunset Aviation - Llc - United States Of America,T7-ELL,T7-ELL_2024-12-11_airplanes-live_trace_full.json.gz
T7-ELL,2024-12-17,adsb-lol,0,none,,T7-ELL,T7-ELL_2024-12-17_adsb-lol_trace_full.json
T7-ELL,2024-12-17,adsb-lol,0,none,,T7-ELL,T7-ELL_2024-12-17_adsb-lol_trace_full.json.gz
T7-ELL,2024-12-17,airplanes-live,0,none,Sunset Aviation - Llc - United States Of America,T7-ELL,T7-ELL_2024-12-17_airplanes-live_trace_full.json
T7-ELL,2024-12-17,airplanes-live,0,none,Sunset Aviation - Llc - United States Of America,T7-ELL,T7-ELL_2024-12-17_airplanes-live_trace_full.json.gz
T7-ELL,2024-12-18,adsb-lol,0,none,,T7-ELL,T7-ELL_2024-12-18_adsb-lol_trace_full.json
T7-ELL,2024-12-18,adsb-lol,0,none,,T7-ELL,T7-ELL_2024-12-18_adsb-lol_trace_full.json.gz
T7-ELL,2024-12-18,airplanes-live,0,none,Sunset Aviation - Llc - United States Of America,T7-ELL,T7-ELL_2024-12-18_airplanes-live_trace_full.json
T7-ELL,2024-12-18,airplanes-live,0,none,Sunset Aviation - Llc - United States Of America,T7-ELL,T7-ELL_2024-12-18_airplanes-live_trace_full.json.gz
T7-ELL,2024-12-19,adsb-lol,0,none,,T7-ELL,T7-ELL_2024-12-19_adsb-lol_trace_full.json
T7-ELL,2024-12-19,adsb-lol,0,none,,T7-ELL,T7-ELL_2024-12-19_adsb-lol_trace_full.json.gz
T7-ELL,2024-12-19,airplanes-live,0,none,Sunset Aviation - Llc - United States Of America,T7-ELL,T7-ELL_2024-12-19_airplanes-live_trace_full.json
T7-ELL,2024-12-19,airplanes-live,0,none,Sunset Aviation - Llc - United States Of America,T7-ELL,T7-ELL_2024-12-19_airplanes-live_trace_full.json.gz
T7-ELL,2024-12-21,adsb-lol,0,none,,T7-ELL,T7-ELL_2024-12-21_adsb-lol_trace_full.json
T7-ELL,2024-12-21,adsb-lol,0,none,,T7-ELL,T7-ELL_2024-12-21_adsb-lol_trace_full.json.gz
T7-ELL,2024-12-21,airplanes-live,0,none,Sunset Aviation - Llc - United States Of America,T7-ELL,T7-ELL_2024-12-21_airplanes-live_trace_full.json
T7-ELL,2024-12-21,airplanes-live,0,none,Sunset Aviation - Llc - United States Of America,T7-ELL,T7-ELL_2024-12-21_airplanes-live_trace_full.json.gz
T7-ELL,2024-12-23,adsb-lol,0,none,,T7-ELL,T7-ELL_2024-12-23_adsb-lol_trace_full.json
T7-ELL,2024-12-23,adsb-lol,0,none,,T7-ELL,T7-ELL_2024-12-23_adsb-lol_trace_full.json.gz
T7-ELL,2024-12-23,airplanes-live,0,none,Sunset Aviation - Llc - United States Of America,T7-ELL,T7-ELL_2024-12-23_airplanes-live_trace_full.json
T7-ELL,2024-12-23,airplanes-live,0,none,Sunset Aviation - Llc - United States Of America,T7-ELL,T7-ELL_2024-12-23_airplanes-live_trace_full.json.gz
T7-ELL,2024-12-24,adsb-lol,0,none,,T7-ELL,T7-ELL_2024-12-24_adsb-lol_trace_full.json
T7-ELL,2024-12-24,adsb-lol,0,none,,T7-ELL,T7-ELL_2024-12-24_adsb-lol_trace_full.json.gz
T7-ELL,2024-12-24,airplanes-live,0,none,Sunset Aviation - Llc - United States Of America,T7-ELL,T7-ELL_2024-12-24_airplanes-live_trace_full.json
T7-ELL,2024-12-24,airplanes-live,0,none,Sunset Aviation - Llc - United States Of America,T7-ELL,T7-ELL_2024-12-24_airplanes-live_trace_full.json.gz
T7-ELL,2024-12-25,adsb-lol,0,none,,T7-ELL,T7-ELL_2024-12-25_adsb-lol_trace_full.json.gz
T7-ELL,2024-12-25,airplanes-live,0,none,Sunset Aviation - Llc - United States Of America,T7-ELL,T7-ELL_2024-12-25_airplanes-live_trace_full.json.gz
T7-ELL,2024-12-29,adsb-lol,0,none,,T7-ELL,T7-ELL_2024-12-29_adsb-lol_trace_full.json.gz
T7-ELL,2024-12-29,airplanes-live,0,none,Sunset Aviation - Llc - United States Of America,T7-ELL,T7-ELL_2024-12-29_airplanes-live_trace_full.json.gz
T7-ELL,2024-12-30,airplanes-live,0,none,Sunset Aviation - Llc - United States Of America,T7-ELL,T7-ELL_2024-12-30_airplanes-live_trace_full.json.gz
T7-ELL,2025-06-24,airplanes-live,0,none,,T7-ELL,T7-ELL_2025-06-24_airplanes-live_trace_full.json.gz
T7-ELL,2025-06-26,airplanes-live,0,none,,T7-ELL,T7-ELL_2025-06-26_airplanes-live_trace_full.json.gz
T7-ELL,2025-07-06,adsb-lol,0,none,,T7-ELL,T7-ELL_2025-07-06_adsb-lol_trace_full.json.gz
T7-ELL,2025-07-06,airplanes-live,0,none,,T7-ELL,T7-ELL_2025-07-06_airplanes-live_trace_full.json.gz
T7-ELL,2025-07-10,airplanes-live,0,none,,T7-ELL,T7-ELL_2025-07-10_airplanes-live_trace_full.json
T7-ELL,2025-07-10,airplanes-live,0,none,,T7-ELL,T7-ELL_2025-07-10_airplanes-live_trace_full.json.gz
T7-ELL,2025-07-11,adsb-lol,0,none,,T7-ELL,T7-ELL_2025-07-11_adsb-lol_trace_full.json
T7-ELL,2025-07-11,adsb-lol,0,none,,T7-ELL,T7-ELL_2025-07-11_adsb-lol_trace_full.json.gz
T7-ELL,2025-07-11,airplanes-live,0,none,,T7-ELL,T7-ELL_2025-07-11_airplanes-live_trace_full.json
T7-ELL,2025-07-11,airplanes-live,0,none,,T7-ELL,T7-ELL_2025-07-11_airplanes-live_trace_full.json.gz
T7-ELL,2025-07-16,adsb-lol,0,none,,T7-ELL,T7-ELL_2025-07-16_adsb-lol_trace_full.json.gz
T7-ELL,2025-07-16,airplanes-live,0,none,,T7-ELL,T7-ELL_2025-07-16_airplanes-live_trace_full.json.gz
T7-ELL,2025-07-17,airplanes-live,0,none,,T7-ELL,T7-ELL_2025-07-17_airplanes-live_trace_full.json.gz
T7-ELL,2025-07-18,adsb-lol,0,none,,T7-ELL,T7-ELL_2025-07-18_adsb-lol_trace_full.json.gz
T7-ELL,2025-07-18,airplanes-live,0,none,,T7-ELL,T7-ELL_2025-07-18_airplanes-live_trace_full.json.gz
T7-ELL,2025-07-20,adsb-lol,0,none,,T7-ELL,T7-ELL_2025-07-20_adsb-lol_trace_full.json.gz
T7-ELL,2025-07-20,airplanes-live,0,none,,T7-ELL,T7-ELL_2025-07-20_airplanes-live_trace_full.json.gz
T7-ELL,2025-07-27,airplanes-live,0,none,,T7-ELL,T7-ELL_2025-07-27_airplanes-live_trace_full.json.gz
T7-ELL,2025-07-28,airplanes-live,0,none,,T7-ELL,T7-ELL_2025-07-28_airplanes-live_trace_full.json.gz
T7-ELL,2025-07-31,adsb-lol,0,none,,T7-ELL,T7-ELL_2025-07-31_adsb-lol_trace_full.json.gz
T7-ELL,2025-07-31,airplanes-live,0,none,,T7-ELL,T7-ELL_2025-07-31_airplanes-live_trace_full.json.gz
T7-ELL,2025-08-01,adsb-lol,0,none,,T7-ELL,T7-ELL_2025-08-01_adsb-lol_trace_full.json.gz
T7-ELL,2025-08-01,adsbexchange-samples,0,none,,T7-ELL,T7-ELL_2025-08-01_adsbexchange-samples_trace_full.json
T7-ELL,2025-08-01,airplanes-live,0,none,,T7-ELL,T7-ELL_2025-08-01_airplanes-live_trace_full.json.gz
T7-ELL,2025-08-02,adsb-lol,0,none,,T7-ELL,T7-ELL_2025-08-02_adsb-lol_trace_full.json.gz
T7-ELL,2025-08-02,airplanes-live,0,none,,T7-ELL,T7-ELL_2025-08-02_airplanes-live_trace_full.json.gz
T7-ELL,2025-08-03,adsb-lol,0,none,,T7-ELL,T7-ELL_2025-08-03_adsb-lol_trace_full.json.gz
T7-ELL,2025-08-03,airplanes-live,0,none,,T7-ELL,T7-ELL_2025-08-03_airplanes-live_trace_full.json.gz
T7-ELL,2025-08-06,adsb-lol,0,none,,T7-ELL,T7-ELL_2025-08-06_adsb-lol_trace_full.json
T7-ELL,2025-08-06,adsb-lol,0,none,,T7-ELL,T7-ELL_2025-08-06_adsb-lol_trace_full.json.gz
T7-ELL,2025-08-06,airplanes-live,0,none,,T7-ELL,T7-ELL_2025-08-06_airplanes-live_trace_full.json
T7-ELL,2025-08-06,airplanes-live,0,none,,T7-ELL,T7-ELL_2025-08-06_airplanes-live_trace_full.json.gz
T7-ELL,2025-08-08,adsb-lol,0,none,,T7-ELL,T7-ELL_2025-08-08_adsb-lol_trace_full.json
T7-ELL,2025-08-08,adsb-lol,0,none,,T7-ELL,T7-ELL_2025-08-08_adsb-lol_trace_full.json.gz
T7-ELL,2025-08-08,airplanes-live,0,none,,T7-ELL,T7-ELL_2025-08-08_airplanes-live_trace_full.json
T7-ELL,2025-08-08,airplanes-live,0,none,,T7-ELL,T7-ELL_2025-08-08_airplanes-live_trace_full.json.gz
T7-ELL,2025-08-16,adsb-lol,0,none,,T7-ELL,T7-ELL_2025-08-16_adsb-lol_trace_full.json.gz
T7-ELL,2025-08-16,airplanes-live,0,none,,T7-ELL,T7-ELL_2025-08-16_airplanes-live_trace_full.json.gz
T7-ELL,2025-08-17,adsb-lol,0,none,,T7-ELL,T7-ELL_2025-08-17_adsb-lol_trace_full.json.gz
T7-ELL,2025-08-17,airplanes-live,0,none,,T7-ELL,T7-ELL_2025-08-17_airplanes-live_trace_full.json.gz
T7-ELL,2025-08-22,adsb-lol,0,none,,T7-ELL,T7-ELL_2025-08-22_adsb-lol_trace_full.json
T7-ELL,2025-08-22,adsb-lol,0,none,,T7-ELL,T7-ELL_2025-08-22_adsb-lol_trace_full.json.gz
T7-ELL,2025-08-22,airplanes-live,0,none,,T7-ELL,T7-ELL_2025-08-22_airplanes-live_trace_full.json
T7-ELL,2025-08-22,airplanes-live,0,none,,T7-ELL,T7-ELL_2025-08-22_airplanes-live_trace_full.json.gz
T7-ELL,2025-08-23,adsb-lol,0,none,,T7-ELL,T7-ELL_2025-08-23_adsb-lol_trace_full.json
T7-ELL,2025-08-23,adsb-lol,0,none,,T7-ELL,T7-ELL_2025-08-23_adsb-lol_trace_full.json.gz
T7-ELL,2025-08-23,airplanes-live,0,none,,T7-ELL,T7-ELL_2025-08-23_airplanes-live_trace_full.json
T7-ELL,2025-08-23,airplanes-live,0,none,,T7-ELL,T7-ELL_2025-08-23_airplanes-live_trace_full.json.gz
T7-ELL,2025-08-28,adsb-lol,0,none,,T7-ELL,T7-ELL_2025-08-28_adsb-lol_trace_full.json.gz
T7-ELL,2025-08-28,airplanes-live,0,none,,T7-ELL,T7-ELL_2025-08-28_airplanes-live_trace_full.json.gz
T7-ELL,2025-08-29,adsb-lol,0,none,,T7-ELL,T7-ELL_2025-08-29_adsb-lol_trace_full.json.gz
T7-ELL,2025-08-29,airplanes-live,0,none,,T7-ELL,T7-ELL_2025-08-29_airplanes-live_trace_full.json.gz
T7-ELL,2025-09-03,adsb-lol,0,none,,T7-ELL,T7-ELL_2025-09-03_adsb-lol_trace_full.json
T7-ELL,2025-09-03,airplanes-live,0,none,,T7-ELL,T7-ELL_2025-09-03_airplanes-live_trace_full.json
T7-ELL,2025-09-04,adsb-lol,0,none,,T7-ELL,T7-ELL_2025-09-04_adsb-lol_trace_full.json
T7-ELL,2025-09-04,airplanes-live,0,none,,T7-ELL,T7-ELL_2025-09-04_airplanes-live_trace_full.json
T7-ELL,2025-09-07,adsb-lol,0,none,,T7-ELL,T7-ELL_2025-09-07_adsb-lol_trace_full.json
T7-ELL,2025-09-07,airplanes-live,0,none,,T7-ELL,T7-ELL_2025-09-07_airplanes-live_trace_full.json
T7-ELL,2025-09-21,adsb-lol,0,none,,T7-ELL,T7-ELL_2025-09-21_adsb-lol_trace_full.json
T7-ELL,2025-09-21,adsb-lol,0,none,,T7-ELL,T7-ELL_2025-09-21_adsb-lol_trace_full.json.gz
T7-ELL,2025-09-21,airplanes-live,0,none,,T7-ELL,T7-ELL_2025-09-21_airplanes-live_trace_full.json
T7-ELL,2025-09-21,airplanes-live,0,none,,T7-ELL,T7-ELL_2025-09-21_airplanes-live_trace_full.json.gz
T7-ELL,2025-09-23,airplanes-live,0,none,,T7-ELL,T7-ELL_2025-09-23_airplanes-live_trace_full.json
T7-ELL,2025-09-23,airplanes-live,0,none,,T7-ELL,T7-ELL_2025-09-23_airplanes-live_trace_full.json.gz
T7-ELL,2025-09-24,adsb-lol,0,none,,T7-ELL,T7-ELL_2025-09-24_adsb-lol_trace_full.json
T7-ELL,2025-09-24,adsb-lol,0,none,,T7-ELL,T7-ELL_2025-09-24_adsb-lol_trace_full.json.gz
T7-ELL,2025-09-24,airplanes-live,0,none,,T7-ELL,T7-ELL_2025-09-24_airplanes-live_trace_full.json
T7-ELL,2025-09-24,airplanes-live,0,none,,T7-ELL,T7-ELL_2025-09-24_airplanes-live_trace_full.json.gz
T7-ELL,2025-09-27,adsb-lol,0,none,,T7-ELL,T7-ELL_2025-09-27_adsb-lol_trace_full.json
T7-ELL,2025-09-27,adsb-lol,0,none,,T7-ELL,T7-ELL_2025-09-27_adsb-lol_trace_full.json.gz
T7-ELL,2025-09-27,airplanes-live,0,none,,T7-ELL,T7-ELL_2025-09-27_airplanes-live_trace_full.json
T7-ELL,2025-09-27,airplanes-live,0,none,,T7-ELL,T7-ELL_2025-09-27_airplanes-live_trace_full.json.gz
T7-ELL,2025-09-29,adsb-lol,0,none,,T7-ELL,T7-ELL_2025-09-29_adsb-lol_trace_full.json
T7-ELL,2025-09-29,adsb-lol,0,none,,T7-ELL,T7-ELL_2025-09-29_adsb-lol_trace_full.json.gz
T7-ELL,2025-09-29,airplanes-live,0,none,,T7-ELL,T7-ELL_2025-09-29_airplanes-live_trace_full.json
T7-ELL,2025-09-29,airplanes-live,0,none,,T7-ELL,T7-ELL_2025-09-29_airplanes-live_trace_full.json.gz
T7-ELL,2025-10-01,adsb-lol,0,none,,T7-ELL,T7-ELL_2025-10-01_adsb-lol_trace_full.json
T7-ELL,2025-10-01,adsb-lol,0,none,,T7-ELL,T7-ELL_2025-10-01_adsb-lol_trace_full.json.gz
T7-ELL,2025-10-01,adsbexchange-samples,0,none,,T7-ELL,T7-ELL_2025-10-01_adsbexchange-samples_trace_full.json
T7-ELL,2025-10-01,airplanes-live,0,none,,T7-ELL,T7-ELL_2025-10-01_airplanes-live_trace_full.json
T7-ELL,2025-10-01,airplanes-live,0,none,,T7-ELL,T7-ELL_2025-10-01_airplanes-live_trace_full.json.gz
T7-ELL,2025-10-02,adsb-lol,0,none,,T7-ELL,T7-ELL_2025-10-02_adsb-lol_trace_full.json
T7-ELL,2025-10-02,adsb-lol,0,none,,T7-ELL,T7-ELL_2025-10-02_adsb-lol_trace_full.json.gz
T7-ELL,2025-10-02,airplanes-live,0,none,,T7-ELL,T7-ELL_2025-10-02_airplanes-live_trace_full.json
T7-ELL,2025-10-02,airplanes-live,0,none,,T7-ELL,T7-ELL_2025-10-02_airplanes-live_trace_full.json.gz
T7-ELL,2025-10-03,adsb-lol,0,none,,T7-ELL,T7-ELL_2025-10-03_adsb-lol_trace_full.json.gz
T7-ELL,2025-10-03,airplanes-live,0,none,,T7-ELL,T7-ELL_2025-10-03_airplanes-live_trace_full.json.gz
T7-ELL,2025-10-04,adsb-lol,0,none,,T7-ELL,T7-ELL_2025-10-04_adsb-lol_trace_full.json.gz
T7-ELL,2025-10-04,airplanes-live,0,none,,T7-ELL,T7-ELL_2025-10-04_airplanes-live_trace_full.json.gz
T7-ELL,2025-10-10,adsb-lol,0,none,,T7-ELL,T7-ELL_2025-10-10_adsb-lol_trace_full.json
T7-ELL,2025-10-10,airplanes-live,0,none,,T7-ELL,T7-ELL_2025-10-10_airplanes-live_trace_full.json
T7-ELL,2025-10-11,adsb-lol,0,none,,T7-ELL,T7-ELL_2025-10-11_adsb-lol_trace_full.json
T7-ELL,2025-10-11,airplanes-live,0,none,,T7-ELL,T7-ELL_2025-10-11_airplanes-live_trace_full.json
T7-ELL,2025-10-12,airplanes-live,0,none,,T7-ELL,T7-ELL_2025-10-12_airplanes-live_trace_full.json
T7-ELL,2025-10-13,airplanes-live,0,none,,T7-ELL,T7-ELL_2025-10-13_airplanes-live_trace_full.json
T7-ELL,2025-10-15,airplanes-live,0,none,,T7-ELL,T7-ELL_2025-10-15_airplanes-live_trace_full.json
T7-ELL,2025-10-16,airplanes-live,0,none,,T7-ELL,T7-ELL_2025-10-16_airplanes-live_trace_full.json
T7-ELL,2025-10-17,airplanes-live,0,none,,T7-ELL,T7-ELL_2025-10-17_airplanes-live_trace_full.json
T7-ELL,2025-10-17,airplanes-live,0,none,,T7-ELL,T7-ELL_2025-10-17_airplanes-live_trace_full.json.gz
T7-ELL,2025-10-18,airplanes-live,0,none,,T7-ELL,T7-ELL_2025-10-18_airplanes-live_trace_full.json
T7-ELL,2025-10-18,airplanes-live,0,none,,T7-ELL,T7-ELL_2025-10-18_airplanes-live_trace_full.json.gz
T7-ELL,2025-10-19,airplanes-live,0,none,,T7-ELL,T7-ELL_2025-10-19_airplanes-live_trace_full.json
T7-ELL,2025-10-19,airplanes-live,0,none,,T7-ELL,T7-ELL_2025-10-19_airplanes-live_trace_full.json.gz
T7-ELL,2025-10-20,airplanes-live,0,none,,T7-ELL,T7-ELL_2025-10-20_airplanes-live_trace_full.json
T7-ELL,2025-10-20,airplanes-live,0,none,,T7-ELL,T7-ELL_2025-10-20_airplanes-live_trace_full.json.gz
T7-ELL,2025-10-22,airplanes-live,0,none,,T7-ELL,T7-ELL_2025-10-22_airplanes-live_trace_full.json
T7-ELL,2025-10-22,airplanes-live,0,none,,T7-ELL,T7-ELL_2025-10-22_airplanes-live_trace_full.json.gz
T7-ELL,2025-10-23,airplanes-live,0,none,,T7-ELL,T7-ELL_2025-10-23_airplanes-live_trace_full.json
T7-ELL,2025-10-23,airplanes-live,0,none,,T7-ELL,T7-ELL_2025-10-23_airplanes-live_trace_full.json.gz
T7-ELL,2025-10-28,airplanes-live,0,none,,T7-ELL,T7-ELL_2025-10-28_airplanes-live_trace_full.json
T7-ELL,2025-10-28,airplanes-live,0,none,,T7-ELL,T7-ELL_2025-10-28_airplanes-live_trace_full.json.gz
T7-ELL,2025-10-29,airplanes-live,0,none,,T7-ELL,T7-ELL_2025-10-29_airplanes-live_trace_full.json
T7-ELL,2025-10-29,airplanes-live,0,none,,T7-ELL,T7-ELL_2025-10-29_airplanes-live_trace_full.json.gz
T7-ELL,2025-11-02,airplanes-live,0,none,,T7-ELL,T7-ELL_2025-11-02_airplanes-live_trace_full.json.gz
T7-ELL,2025-11-03,airplanes-live,0,none,,T7-ELL,T7-ELL_2025-11-03_airplanes-live_trace_full.json.gz
T7-ELL,2025-11-05,airplanes-live,0,none,,T7-ELL,T7-ELL_2025-11-05_airplanes-live_trace_full.json.gz
T7-ELL,2025-11-06,airplanes-live,0,none,,T7-ELL,T7-ELL_2025-11-06_airplanes-live_trace_full.json.gz
T7-ELL,2025-11-08,airplanes-live,0,none,,T7-ELL,T7-ELL_2025-11-08_airplanes-live_trace_full.json.gz
T7-ELL,2025-11-12,airplanes-live,0,none,,T7-ELL,T7-ELL_2025-11-12_airplanes-live_trace_full.json.gz
T7-ELL,2025-11-13,airplanes-live,0,none,,T7-ELL,T7-ELL_2025-11-13_airplanes-live_trace_full.json.gz
T7-ELL,2025-11-15,airplanes-live,0,none,,T7-ELL,T7-ELL_2025-11-15_airplanes-live_trace_full.json.gz
T7-ELL,2025-11-16,airplanes-live,0,none,,T7-ELL,T7-ELL_2025-11-16_airplanes-live_trace_full.json.gz
T7-ELL,2025-11-23,airplanes-live,0,none,,T7-ELL,T7-ELL_2025-11-23_airplanes-live_trace_full.json.gz
T7-ELL,2025-11-25,airplanes-live,0,none,,T7-ELL,T7-ELL_2025-11-25_airplanes-live_trace_full.json.gz
T7-ELL,2025-11-26,airplanes-live,0,none,,T7-ELL,T7-ELL_2025-11-26_airplanes-live_trace_full.json.gz
T7-ELL,2025-11-27,airplanes-live,0,none,,T7-ELL,T7-ELL_2025-11-27_airplanes-live_trace_full.json.gz
T7-ELL,2025-12-02,airplanes-live,0,none,,T7-ELL,T7-ELL_2025-12-02_airplanes-live_trace_full.json.gz
T7-ELL,2025-12-03,airplanes-live,0,none,,T7-ELL,T7-ELL_2025-12-03_airplanes-live_trace_full.json.gz
T7-ELL,2025-12-06,airplanes-live,0,none,,T7-ELL,T7-ELL_2025-12-06_airplanes-live_trace_full.json.gz
T7-ELL,2025-12-09,airplanes-live,0,none,,T7-ELL,T7-ELL_2025-12-09_airplanes-live_trace_full.json.gz
T7-ELL,2025-12-10,airplanes-live,0,none,,T7-ELL,T7-ELL_2025-12-10_airplanes-live_trace_full.json.gz
T7-ELL,2025-12-12,airplanes-live,0,none,,T7-ELL,T7-ELL_2025-12-12_airplanes-live_trace_full.json.gz
T7-ELL,2025-12-17,airplanes-live,0,none,,T7-ELL,T7-ELL_2025-12-17_airplanes-live_trace_full.json.gz
T7-ELL,2025-12-18,airplanes-live,0,none,,T7-ELL,T7-ELL_2025-12-18_airplanes-live_trace_full.json.gz
T7-ELL,2025-12-19,airplanes-live,0,none,,T7-ELL,T7-ELL_2025-12-19_airplanes-live_trace_full.json.gz
T7-ELL,2025-12-22,airplanes-live,0,none,,T7-ELL,T7-ELL_2025-12-22_airplanes-live_trace_full.json.gz
T7-ELL,2025-12-23,airplanes-live,0,none,,T7-ELL,T7-ELL_2025-12-23_airplanes-live_trace_full.json.gz
T7-ELL,2025-12-24,airplanes-live,0,none,,T7-ELL,T7-ELL_2025-12-24_airplanes-live_trace_full.json.gz
T7-ELL,2025-12-25,airplanes-live,0,none,,T7-ELL,T7-ELL_2025-12-25_airplanes-live_trace_full.json.gz
T7-ELL,2025-12-26,airplanes-live,0,none,,T7-ELL,T7-ELL_2025-12-26_airplanes-live_trace_full.json.gz
T7-ELL,2025-12-27,airplanes-live,0,none,,T7-ELL,T7-ELL_2025-12-27_airplanes-live_trace_full.json.gz
T7-ELL,2026-01-01,adsbexchange-samples,0,none,,T7-ELL,T7-ELL_2026-01-01_adsbexchange-samples_trace_full.json
T7-ELL,2026-01-01,airplanes-live,0,none,,T7-ELL,T7-ELL_2026-01-01_airplanes-live_trace_full.json.gz
T7-ELL,2026-01-02,airplanes-live,0,none,,T7-ELL,T7-ELL_2026-01-02_airplanes-live_trace_full.json.gz
T7-ELL,2026-01-09,airplanes-live,0,none,,T7-ELL,T7-ELL_2026-01-09_airplanes-live_trace_full.json.gz
T7-ELL,2026-01-13,airplanes-live,0,none,,T7-ELL,T7-ELL_2026-01-13_airplanes-live_trace_full.json.gz
T7-ELL,2026-01-16,airplanes-live,0,none,,T7-ELL,T7-ELL_2026-01-16_airplanes-live_trace_full.json.gz
T7-ELL,2026-01-20,airplanes-live,0,none,,T7-ELL,T7-ELL_2026-01-20_airplanes-live_trace_full.json.gz
T7-ELL,2026-01-22,airplanes-live,0,none,,T7-ELL,T7-ELL_2026-01-22_airplanes-live_trace_full.json.gz
T7-ELL,2026-01-23,airplanes-live,0,none,,T7-ELL,T7-ELL_2026-01-23_airplanes-live_trace_full.json.gz
T7-ELL,2026-01-24,airplanes-live,0,none,,T7-ELL,T7-ELL_2026-01-24_airplanes-live_trace_full.json.gz
T7-ELL,2026-02-01,adsbexchange-samples,0,none,,T7-ELL,T7-ELL_2026-02-01_adsbexchange-samples_trace_full.json
T7-ELL,2026-02-01,airplanes-live,0,none,,T7-ELL,T7-ELL_2026-02-01_airplanes-live_trace_full.json.gz
T7-ELL,2026-02-04,airplanes-live,0,none,,T7-ELL,T7-ELL_2026-02-04_airplanes-live_trace_full.json.gz
T7-ELL,2026-02-08,airplanes-live,0,none,,T7-ELL,T7-ELL_2026-02-08_airplanes-live_trace_full.json.gz
T7-ELL,2026-02-10,airplanes-live,0,none,,T7-ELL,T7-ELL_2026-02-10_airplanes-live_trace_full.json.gz
T7-ELL,2026-02-13,airplanes-live,0,none,,T7-ELL,T7-ELL_2026-02-13_airplanes-live_trace_full.json.gz
T7-ELL,2026-02-15,airplanes-live,0,none,,T7-ELL,T7-ELL_2026-02-15_airplanes-live_trace_full.json.gz
T7-ELL,2026-02-16,airplanes-live,0,none,,T7-ELL,T7-ELL_2026-02-16_airplanes-live_trace_full.json.gz
T7-ELL,2026-02-18,airplanes-live,0,none,,T7-ELL,T7-ELL_2026-02-18_airplanes-live_trace_full.json.gz
T7-ELL,2026-02-19,airplanes-live,0,none,,T7-ELL,T7-ELL_2026-02-19_airplanes-live_trace_full.json.gz
T7-ELL,2026-02-21,airplanes-live,0,none,,T7-ELL,T7-ELL_2026-02-21_airplanes-live_trace_full.json.gz
T7-ELL,2026-02-22,airplanes-live,0,none,,T7-ELL,T7-ELL_2026-02-22_airplanes-live_trace_full.json.gz
T7-ELL,2026-03-02,airplanes-live,0,none,,T7-ELL,T7-ELL_2026-03-02_airplanes-live_trace_full.json.gz
T7-ELL,2026-03-03,airplanes-live,0,none,,T7-ELL,T7-ELL_2026-03-03_airplanes-live_trace_full.json.gz
T7-ELL,2026-03-04,airplanes-live,0,none,,T7-ELL,T7-ELL_2026-03-04_airplanes-live_trace_full.json.gz
T7-ELL,2026-03-05,airplanes-live,0,none,,T7-ELL,T7-ELL_2026-03-05_airplanes-live_trace_full.json.gz
T7-ELL,2026-03-06,airplanes-live,0,none,,T7-ELL,T7-ELL_2026-03-06_airplanes-live_trace_full.json.gz
T7-ELL,2026-03-10,airplanes-live,0,none,,T7-ELL,T7-ELL_2026-03-10_airplanes-live_trace_full.json.gz
T7-ELL,2026-03-11,airplanes-live,0,none,,T7-ELL,T7-ELL_2026-03-11_airplanes-live_trace_full.json.gz
T7-ELL,2026-04-04,airplanes-live,0,none,,T7-ELL,T7-ELL_2026-04-04_airplanes-live_trace_full.json.gz
T7-ELL,2026-04-06,airplanes-live,0,none,,T7-ELL,T7-ELL_2026-04-06_airplanes-live_trace_full.json.gz
T7-ELL,2026-04-10,airplanes-live,0,none,,T7-ELL,T7-ELL_2026-04-10_airplanes-live_trace_full.json.gz
T7-ELL,2026-04-18,airplanes-live,0,none,,T7-ELL,T7-ELL_2026-04-18_airplanes-live_trace_full.json.gz
T7-ELL,2026-04-19,airplanes-live,0,none,,T7-ELL,T7-ELL_2026-04-19_airplanes-live_trace_full.json.gz
T7-ELL,2026-04-22,airplanes-live,0,none,,T7-ELL,T7-ELL_2026-04-22_airplanes-live_trace_full.json.gz
T7-ELL,2026-04-23,airplanes-live,0,none,,T7-ELL,T7-ELL_2026-04-23_airplanes-live_trace_full.json.gz
T7-ELL,2026-04-30,airplanes-live,0,none,,T7-ELL,T7-ELL_2026-04-30_airplanes-live_trace_full.json
T7-ELL,2026-05-01,adsbexchange-samples,8,LADD,,T7-ELL,T7-ELL_2026-05-01_adsbexchange-samples_trace_full.json
T7-ELL,2026-05-01,airplanes-live,0,none,,T7-ELL,T7-ELL_2026-05-01_airplanes-live_trace_full.json
T7-ELL,2026-05-02,airplanes-live,0,none,,T7-ELL,T7-ELL_2026-05-02_airplanes-live_trace_full.json
T7-ELL,2026-05-05,airplanes-live,0,none,,T7-ELL,T7-ELL_2026-05-05_airplanes-live_trace_full.json
T7-ELL,2026-05-07,airplanes-live,0,none,,T7-ELL,T7-ELL_2026-05-07_airplanes-live_trace_full.json
T7-ELL,2026-05-09,airplanes-live,0,none,,T7-ELL,T7-ELL_2026-05-09_airplanes-live_trace_full.json
T7-ELL,2026-05-10,airplanes-live,0,none,,T7-ELL,T7-ELL_2026-05-10_airplanes-live_trace_full.json
T7-ELL,2026-05-11,airplanes-live,0,none,,T7-ELL,T7-ELL_2026-05-11_airplanes-live_trace_full.json
T7-ELL,2026-05-12,airplanes-live,0,none,,T7-ELL,T7-ELL_2026-05-12_airplanes-live_trace_full.json
T7-ELL,2026-05-13,airplanes-live,0,none,,T7-ELL,T7-ELL_2026-05-13_airplanes-live_trace_full.json
T7-ELL,2026-05-21,airplanes-live,0,none,,T7-ELL,T7-ELL_2026-05-21_airplanes-live_trace_full.json
T7-ELL,2026-05-22,airplanes-live,0,none,,T7-ELL,T7-ELL_2026-05-22_airplanes-live_trace_full.json
T7-ELL,2026-05-23,airplanes-live,0,none,,T7-ELL,T7-ELL_2026-05-23_airplanes-live_trace_full.json
T7-ELL,2026-05-24,airplanes-live,0,none,,T7-ELL,T7-ELL_2026-05-24_airplanes-live_trace_full.json
T7-ELL,2026-05-25,airplanes-live,0,none,,T7-ELL,T7-ELL_2026-05-25_airplanes-live_trace_full.json
T7-ELL,2026-05-26,airplanes-live,0,none,,T7-ELL,T7-ELL_2026-05-26_airplanes-live_trace_full.json
T7-ELL,2026-05-29,airplanes-live,0,none,,T7-ELL,T7-ELL_2026-05-29_airplanes-live_trace_full.json
T7-ELL,2026-06-10,airplanes-live,0,none,,T7-ELL,T7-ELL_2026-06-10_airplanes-live_trace_full.json.gz
T7-ELL,2026-06-11,airplanes-live,0,none,,T7-ELL,T7-ELL_2026-06-11_airplanes-live_trace_full.json.gz
T7-ELL,2026-06-12,airplanes-live,0,none,,T7-ELL,T7-ELL_2026-06-12_airplanes-live_trace_full.json.gz
T7-ELL,2026-06-15,airplanes-live,0,none,,T7-ELL,T7-ELL_2026-06-15_airplanes-live_trace_full.json.gz
T7-ELL,2026-06-17,airplanes-live,0,none,,T7-ELL,T7-ELL_2026-06-17_airplanes-live_trace_full.json.gz
T7-ELL,2026-06-18,airplanes-live,0,none,,T7-ELL,T7-ELL_2026-06-18_airplanes-live_trace_full.json.gz
T7-ELL,2026-06-19,airplanes-live,0,none,,T7-ELL,T7-ELL_2026-06-19_airplanes-live_trace_full.json.gz
T7-ELL,2026-06-20,airplanes-live,0,none,,T7-ELL,T7-ELL_2026-06-20_airplanes-live_trace_full.json.gz
T7-ELL,2026-06-24,airplanes-live,0,none,,T7-ELL,T7-ELL_2026-06-24_airplanes-live_trace_full.json.gz
T7-ELL,2026-06-25,airplanes-live,0,none,,T7-ELL,T7-ELL_2026-06-25_airplanes-live_trace_full.json.gz
T7-ELL,2026-06-26,airplanes-live,0,none,,T7-ELL,T7-ELL_2026-06-26_airplanes-live_trace_full.json.gz
T7-ELL,2026-06-27,airplanes-live,0,none,,T7-ELL,T7-ELL_2026-06-27_airplanes-live_trace_full.json.gz
T7-ELL,2026-06-28,airplanes-live,0,none,,T7-ELL,T7-ELL_2026-06-28_airplanes-live_trace_full.json.gz
T7-ELL,2026-06-30,airplanes-live,0,none,,T7-ELL,T7-ELL_2026-06-30_airplanes-live_trace_full.json.gz
T7-ELL,2026-07-04,airplanes-live,0,none,,T7-ELL,T7-ELL_2026-07-04_airplanes-live_trace_full.json.gz
T7-ELL,2026-07-10,airplanes-live,8,LADD,,T7-ELL,T7-ELL_2026-07-10_airplanes-live_trace_full.json.gz
T7-ELL,2026-07-11,airplanes-live,8,LADD,,T7-ELL,T7-ELL_2026-07-11_airplanes-live_trace_full.json.gz
T7-ELL,2026-07-13,airplanes-live,8,LADD,,T7-ELL,T7-ELL_2026-07-13_airplanes-live_trace_full.json.gz
T7-ELL,2026-07-14,airplanes-live,8,LADD,,T7-ELL,T7-ELL_2026-07-14_airplanes-live_trace_full.json.gz
T7-ELL,2026-07-15,airplanes-live,8,LADD,,T7-ELL,T7-ELL_2026-07-15_airplanes-live_trace_full.json.gz
T7-ELL,2026-07-17,airplanes-live,8,LADD,,T7-ELL,T7-ELL_2026-07-17_airplanes-live_trace_full.json.gz
T7-ELL,2026-07-18,airplanes-live,8,LADD,,T7-ELL,T7-ELL_2026-07-18_airplanes-live_trace_full.json.gz
T7-ELL,2026-07-19,airplanes-live,8,LADD,,T7-ELL,T7-ELL_2026-07-19_airplanes-live_trace_full.json.gz
T7-ELL,2026-07-20,airplanes-live,8,LADD,,T7-ELL,T7-ELL_2026-07-20_airplanes-live_trace_full.json.gz
T7-ELL,2026-07-21,airplanes-live,8,LADD,,T7-ELL,T7-ELL_2026-07-21_airplanes-live_trace_full.json.gz
T7-ELL,2026-07-23,airplanes-live,8,LADD,,T7-ELL,T7-ELL_2026-07-23_airplanes-live_trace_full.json.gz
T7-ELL,2026-07-25,airplanes-live,8,LADD,,T7-ELL,T7-ELL_2026-07-25_airplanes-live_trace_full.json.gz
T7-ELL,2026-07-26,airplanes-live,8,LADD,,T7-ELL,T7-ELL_2026-07-26_airplanes-live_trace_full.json.gz
T7-ELL,2026-07-27,airplanes-live,8,LADD,,T7-ELL,T7-ELL_2026-07-27_airplanes-live_trace_full.json.gz
T7-ELL,2026-07-28,airplanes-live,8,LADD,,T7-ELL,T7-ELL_2026-07-28_airplanes-live_trace_full.json.gz
T7-ELL,2026-07-29,airplanes-live,8,LADD,,T7-ELL,T7-ELL_2026-07-29_airplanes-live_trace_full.json.gz
T7-ELL,2026-07-31,airplanes-live,8,LADD,,T7-ELL,T7-ELL_2026-07-31_airplanes-live_trace_full.json.gz
T7-ELL,2026-08-01,adsbexchange-samples,8,LADD,,T7-ELL,T7-ELL_2026-08-01_adsbexchange-samples_trace_full.json
T7-ELL,2026-08-01,airplanes-live,8,LADD,,T7-ELL,T7-ELL_2026-08-01_airplanes-live_trace_full.json.gz
T7-ELL,2026-08-06,airplanes-live,8,LADD,,T7-ELL,T7-ELL_2026-08-06_airplanes-live_trace_full.json.gz
T7-ELL,2026-08-07,airplanes-live,8,LADD,,T7-ELL,T7-ELL_2026-08-07_airplanes-live_trace_full.json.gz
T7-ELL,2026-08-09,airplanes-live,8,LADD,,T7-ELL,T7-ELL_2026-08-09_airplanes-live_trace_full.json.gz
T7-ELL,2026-08-10,airplanes-live,8,LADD,,T7-ELL,T7-ELL_2026-08-10_airplanes-live_trace_full.json.gz
T7-ELL,2026-08-11,airplanes-live,8,LADD,,T7-ELL,T7-ELL_2026-08-11_airplanes-live_trace_full.json.gz
T7-ELL,2026-08-12,airplanes-live,8,LADD,,T7-ELL,T7-ELL_2026-08-12_airplanes-live_trace_full.json.gz
T7-ELL,2026-08-13,airplanes-live,8,LADD,,T7-ELL,T7-ELL_2026-08-13_airplanes-live_trace_full.json.gz
T7-ELL,2026-08-14,airplanes-live,8,LADD,,T7-ELL,T7-ELL_2026-08-14_airplanes-live_trace_full.json.gz
T7-ELL,2026-08-16,airplanes-live,8,LADD,,T7-ELL,T7-ELL_2026-08-16_airplanes-live_trace_full.json.gz
T7-ELL,2026-08-17,airplanes-live,8,LADD,,T7-ELL,T7-ELL_2026-08-17_airplanes-live_trace_full.json.gz
T7-ELL,2026-08-18,airplanes-live,8,LADD,,T7-ELL,T7-ELL_2026-08-18_airplanes-live_trace_full.json.gz
T7-ELL,2026-08-21,airplanes-live,8,LADD,,T7-ELL,T7-ELL_2026-08-21_airplanes-live_trace_full.json.gz
T7-ELL,2026-08-22,airplanes-live,8,LADD,,T7-ELL,T7-ELL_2026-08-22_airplanes-live_trace_full.json.gz
T7-ELL,2026-08-23,airplanes-live,8,LADD,,T7-ELL,T7-ELL_2026-08-23_airplanes-live_trace_full.json.gz
T7-ELL,2026-08-26,airplanes-live,8,LADD,,T7-ELL,T7-ELL_2026-08-26_airplanes-live_trace_full.json.gz
T7-ELL,2026-08-28,airplanes-live,8,LADD,,T7-ELL,T7-ELL_2026-08-28_airplanes-live_trace_full.json.gz
T7-ELL,2026-08-29,airplanes-live,8,LADD,,T7-ELL,T7-ELL_2026-08-29_airplanes-live_trace_full.json.gz
T7-ELL,2026-09-01,airplanes-live,8,LADD,,T7-ELL,T7-ELL_2026-09-01_airplanes-live_trace_full.json.gz
T7-ELL,2026-09-02,airplanes-live,8,LADD,,T7-ELL,T7-ELL_2026-09-02_airplanes-live_trace_full.json.gz
T7-ELL,2026-09-05,airplanes-live,8,LADD,,T7-ELL,T7-ELL_2026-09-05_airplanes-live_trace_full.json.gz
T7-ELL,2026-09-06,airplanes-live,8,LADD,,T7-ELL,T7-ELL_2026-09-06_airplanes-live_trace_full.json.gz
T7-ELL,2026-09-07,airplanes-live,8,LADD,,T7-ELL,T7-ELL_2026-09-07_airplanes-live_trace_full.json.gz
T7-ELL,2026-09-09,airplanes-live,8,LADD,,T7-ELL,T7-ELL_2026-09-09_airplanes-live_trace_full.json.gz
T7-ELL,2026-09-11,airplanes-live,8,LADD,,T7-ELL,T7-ELL_2026-09-11_airplanes-live_trace_full.json.gz
T7-ELL,2026-09-14,airplanes-live,8,LADD,,T7-ELL,T7-ELL_2026-09-14_airplanes-live_trace_full.json.gz
T7-ELL,2026-09-15,airplanes-live,8,LADD,,T7-ELL,T7-ELL_2026-09-15_airplanes-live_trace_full.json.gz
T7-ELL,2026-09-16,airplanes-live,8,LADD,,T7-ELL,T7-ELL_2026-09-16_airplanes-live_trace_full.json.gz
