tail,private_from,private_basis,date_utc,airport,airport_name,city,region,country,first_heard_utc,last_heard_utc,first_heard_local,sources
N102DZ,2025-12-02,FAA LADD flag appears between 2025-12-01 and 2026-04-01 (ADS-B Exchange DB); FlightAware block visible 2026-01-14 (Wayback),2025-12-03,KPBI,President Donald J. Trump International Airport,West Palm Beach,US-FL,US,2025-12-03T16:32:01.980000+00:00,2025-12-03T16:41:23.690000+00:00,2025-12-03 11:32,airplanes-live
N102DZ,2025-12-02,FAA LADD flag appears between 2025-12-01 and 2026-04-01 (ADS-B Exchange DB); FlightAware block visible 2026-01-14 (Wayback),2025-12-04,KPBI,President Donald J. Trump International Airport,West Palm Beach,US-FL,US,2025-12-04T04:15:58.450000+00:00,2025-12-04T04:48:02.790000+00:00,2025-12-03 23:15,airplanes-live
N102DZ,2025-12-02,FAA LADD flag appears between 2025-12-01 and 2026-04-01 (ADS-B Exchange DB); FlightAware block visible 2026-01-14 (Wayback),2025-12-06,KSDL,Scottsdale Airport,Scottsdale,US-AZ,US,2025-12-06T01:08:07.310000+00:00,2025-12-06T01:11:18.210000+00:00,2025-12-05 18:08,airplanes-live
N102DZ,2025-12-02,FAA LADD flag appears between 2025-12-01 and 2026-04-01 (ADS-B Exchange DB); FlightAware block visible 2026-01-14 (Wayback),2025-12-07,KSDL,Scottsdale Airport,Scottsdale,US-AZ,US,2025-12-07T21:34:25.220000+00:00,2025-12-07T21:40:40.610000+00:00,2025-12-07 14:34,airplanes-live
N102DZ,2025-12-02,FAA LADD flag appears between 2025-12-01 and 2026-04-01 (ADS-B Exchange DB); FlightAware block visible 2026-01-14 (Wayback),2025-12-08,KPBI,President Donald J. Trump International Airport,West Palm Beach,US-FL,US,2025-12-08T01:20:13.920000+00:00,2025-12-08T01:23:42.130000+00:00,2025-12-07 20:20,airplanes-live
N102DZ,2025-12-02,FAA LADD flag appears between 2025-12-01 and 2026-04-01 (ADS-B Exchange DB); FlightAware block visible 2026-01-14 (Wayback),2025-12-08,KPBI,President Donald J. Trump International Airport,West Palm Beach,US-FL,US,2025-12-08T14:58:53.470000+00:00,2025-12-08T15:07:04.990000+00:00,2025-12-08 09:58,airplanes-live
N102DZ,2025-12-02,FAA LADD flag appears between 2025-12-01 and 2026-04-01 (ADS-B Exchange DB); FlightAware block visible 2026-01-14 (Wayback),2025-12-11,KPBI,President Donald J. Trump International Airport,West Palm Beach,US-FL,US,2025-12-11T01:31:16.020000+00:00,2025-12-11T02:06:02.850000+00:00,2025-12-10 20:31,airplanes-live
N102DZ,2025-12-02,FAA LADD flag appears between 2025-12-01 and 2026-04-01 (ADS-B Exchange DB); FlightAware block visible 2026-01-14 (Wayback),2025-12-11,KSDL,Scottsdale Airport,Scottsdale,US-AZ,US,2025-12-11T06:32:57.080000+00:00,2025-12-11T06:34:19.920000+00:00,2025-12-10 23:32,airplanes-live
N102DZ,2025-12-02,FAA LADD flag appears between 2025-12-01 and 2026-04-01 (ADS-B Exchange DB); FlightAware block visible 2026-01-14 (Wayback),2025-12-15,KSDL,Scottsdale Airport,Scottsdale,US-AZ,US,2025-12-15T15:21:51.790000+00:00,2025-12-15T15:23:29.800000+00:00,2025-12-15 08:21,airplanes-live
N102DZ,2025-12-02,FAA LADD flag appears between 2025-12-01 and 2026-04-01 (ADS-B Exchange DB); FlightAware block visible 2026-01-14 (Wayback),2025-12-15,KBNA,Nashville International Airport,Nashville,US-TN,US,2025-12-15T18:16:04.060000+00:00,2025-12-15T18:22:22.980000+00:00,2025-12-15 12:16,airplanes-live
N102DZ,2025-12-02,FAA LADD flag appears between 2025-12-01 and 2026-04-01 (ADS-B Exchange DB); FlightAware block visible 2026-01-14 (Wayback),2025-12-16,KBNA,Nashville International Airport,Nashville,US-TN,US,2025-12-16T01:35:53.980000+00:00,2025-12-16T01:41:50.500000+00:00,2025-12-15 19:35,airplanes-live
N102DZ,2025-12-02,FAA LADD flag appears between 2025-12-01 and 2026-04-01 (ADS-B Exchange DB); FlightAware block visible 2026-01-14 (Wayback),2025-12-16,KPHX,Phoenix Sky Harbor International Airport,Phoenix,US-AZ,US,2025-12-16T04:46:56.970000+00:00,2025-12-16T04:49:53.260000+00:00,2025-12-15 21:46,airplanes-live
N102DZ,2025-12-02,FAA LADD flag appears between 2025-12-01 and 2026-04-01 (ADS-B Exchange DB); FlightAware block visible 2026-01-14 (Wayback),2025-12-16,KPHX,Phoenix Sky Harbor International Airport,Phoenix,US-AZ,US,2025-12-16T15:12:33.110000+00:00,2025-12-16T15:17:13.170000+00:00,2025-12-16 08:12,airplanes-live
N102DZ,2025-12-02,FAA LADD flag appears between 2025-12-01 and 2026-04-01 (ADS-B Exchange DB); FlightAware block visible 2026-01-14 (Wayback),2025-12-16,KBAZ,New Braunfels National Airport,New Braunfels,US-TX,US,2025-12-16T16:57:42.470000+00:00,2025-12-16T17:00:43.030000+00:00,2025-12-16 10:57,airplanes-live
N102DZ,2025-12-02,FAA LADD flag appears between 2025-12-01 and 2026-04-01 (ADS-B Exchange DB); FlightAware block visible 2026-01-14 (Wayback),2025-12-16,KAFW,Perot Field/Fort Worth Alliance Airport,Fort Worth,US-TX,US,2025-12-16T18:08:07.880000+00:00,2025-12-16T19:25:26.150000+00:00,2025-12-16 12:08,airplanes-live
N102DZ,2025-12-02,FAA LADD flag appears between 2025-12-01 and 2026-04-01 (ADS-B Exchange DB); FlightAware block visible 2026-01-14 (Wayback),2025-12-16,KPHX,Phoenix Sky Harbor International Airport,Phoenix,US-AZ,US,2025-12-16T21:19:30.810000+00:00,2025-12-16T21:22:22.930000+00:00,2025-12-16 14:19,airplanes-live
N102DZ,2025-12-02,FAA LADD flag appears between 2025-12-01 and 2026-04-01 (ADS-B Exchange DB); FlightAware block visible 2026-01-14 (Wayback),2025-12-18,KPHX,Phoenix Sky Harbor International Airport,Phoenix,US-AZ,US,2025-12-18T00:51:10.810000+00:00,2025-12-18T01:05:38.560000+00:00,2025-12-17 17:51,airplanes-live
N102DZ,2025-12-02,FAA LADD flag appears between 2025-12-01 and 2026-04-01 (ADS-B Exchange DB); FlightAware block visible 2026-01-14 (Wayback),2025-12-18,KPHX,Phoenix Sky Harbor International Airport,Phoenix,US-AZ,US,2025-12-18T19:51:52.280000+00:00,2025-12-18T20:53:18.440000+00:00,2025-12-18 12:51,airplanes-live
N102DZ,2025-12-02,FAA LADD flag appears between 2025-12-01 and 2026-04-01 (ADS-B Exchange DB); FlightAware block visible 2026-01-14 (Wayback),2025-12-18,KBAZ,New Braunfels National Airport,New Braunfels,US-TX,US,2025-12-18T22:33:21.300000+00:00,2025-12-18T23:03:09.900000+00:00,2025-12-18 16:33,airplanes-live
N102DZ,2025-12-02,FAA LADD flag appears between 2025-12-01 and 2026-04-01 (ADS-B Exchange DB); FlightAware block visible 2026-01-14 (Wayback),2025-12-19,KPHX,Phoenix Sky Harbor International Airport,Phoenix,US-AZ,US,2025-12-19T01:02:42.030000+00:00,2025-12-19T03:54:21.060000+00:00,2025-12-18 18:02,airplanes-live
N102DZ,2025-12-02,FAA LADD flag appears between 2025-12-01 and 2026-04-01 (ADS-B Exchange DB); FlightAware block visible 2026-01-14 (Wayback),2025-12-21,KSDL,Scottsdale Airport,Scottsdale,US-AZ,US,2025-12-21T07:28:11.560000+00:00,2025-12-21T07:31:40.930000+00:00,2025-12-21 00:28,airplanes-live
N102DZ,2025-12-02,FAA LADD flag appears between 2025-12-01 and 2026-04-01 (ADS-B Exchange DB); FlightAware block visible 2026-01-14 (Wayback),2025-12-21,KSDL,Scottsdale Airport,Scottsdale,US-AZ,US,2025-12-21T20:50:46.860000+00:00,2025-12-21T21:03:50.560000+00:00,2025-12-21 13:50,airplanes-live
N102DZ,2025-12-02,FAA LADD flag appears between 2025-12-01 and 2026-04-01 (ADS-B Exchange DB); FlightAware block visible 2026-01-14 (Wayback),2025-12-21,KBAZ,New Braunfels National Airport,New Braunfels,US-TX,US,2025-12-21T22:45:40.630000+00:00,2025-12-21T23:25:23.880000+00:00,2025-12-21 16:45,airplanes-live
N102DZ,2025-12-02,FAA LADD flag appears between 2025-12-01 and 2026-04-01 (ADS-B Exchange DB); FlightAware block visible 2026-01-14 (Wayback),2025-12-22,KSDL,Scottsdale Airport,Scottsdale,US-AZ,US,2025-12-22T01:27:17.290000+00:00,2025-12-22T02:31:35.460000+00:00,2025-12-21 18:27,airplanes-live
N102DZ,2025-12-02,FAA LADD flag appears between 2025-12-01 and 2026-04-01 (ADS-B Exchange DB); FlightAware block visible 2026-01-14 (Wayback),2025-12-22,KSDL,Scottsdale Airport,Scottsdale,US-AZ,US,2025-12-22T20:17:54.720000+00:00,2025-12-22T20:20:13.270000+00:00,2025-12-22 13:17,airplanes-live
N102DZ,2025-12-02,FAA LADD flag appears between 2025-12-01 and 2026-04-01 (ADS-B Exchange DB); FlightAware block visible 2026-01-14 (Wayback),2025-12-27,KSDL,Scottsdale Airport,Scottsdale,US-AZ,US,2025-12-27T21:17:33.220000+00:00,2025-12-27T21:25:42.200000+00:00,2025-12-27 14:17,airplanes-live
N102DZ,2025-12-02,FAA LADD flag appears between 2025-12-01 and 2026-04-01 (ADS-B Exchange DB); FlightAware block visible 2026-01-14 (Wayback),2025-12-28,KSDL,Scottsdale Airport,Scottsdale,US-AZ,US,2025-12-28T02:30:52.060000+00:00,2025-12-28T02:32:13.170000+00:00,2025-12-27 19:30,airplanes-live
N102DZ,2025-12-02,FAA LADD flag appears between 2025-12-01 and 2026-04-01 (ADS-B Exchange DB); FlightAware block visible 2026-01-14 (Wayback),2025-12-28,KSDL,Scottsdale Airport,Scottsdale,US-AZ,US,2025-12-28T15:01:18.260000+00:00,2025-12-28T15:10:04.680000+00:00,2025-12-28 08:01,airplanes-live
N102DZ,2025-12-02,FAA LADD flag appears between 2025-12-01 and 2026-04-01 (ADS-B Exchange DB); FlightAware block visible 2026-01-14 (Wayback),2025-12-28,KBAZ,New Braunfels National Airport,New Braunfels,US-TX,US,2025-12-28T16:54:20.260000+00:00,2025-12-28T18:29:25.660000+00:00,2025-12-28 10:54,airplanes-live
N102DZ,2025-12-02,FAA LADD flag appears between 2025-12-01 and 2026-04-01 (ADS-B Exchange DB); FlightAware block visible 2026-01-14 (Wayback),2025-12-28,KSDL,Scottsdale Airport,Scottsdale,US-AZ,US,2025-12-28T23:23:52.420000+00:00,2025-12-28T23:24:46.640000+00:00,2025-12-28 16:23,airplanes-live
N102DZ,2025-12-02,FAA LADD flag appears between 2025-12-01 and 2026-04-01 (ADS-B Exchange DB); FlightAware block visible 2026-01-14 (Wayback),2026-01-03,KSDL,Scottsdale Airport,Scottsdale,US-AZ,US,2026-01-03T14:28:38.980000+00:00,2026-01-03T14:33:43.450000+00:00,2026-01-03 07:28,airplanes-live
N102DZ,2025-12-02,FAA LADD flag appears between 2025-12-01 and 2026-04-01 (ADS-B Exchange DB); FlightAware block visible 2026-01-14 (Wayback),2026-01-03,KSDL,Scottsdale Airport,Scottsdale,US-AZ,US,2026-01-03T20:51:52.370000+00:00,2026-01-03T21:34:01.590000+00:00,2026-01-03 13:51,airplanes-live
N102DZ,2025-12-02,FAA LADD flag appears between 2025-12-01 and 2026-04-01 (ADS-B Exchange DB); FlightAware block visible 2026-01-14 (Wayback),2026-01-04,KBAZ,New Braunfels National Airport,New Braunfels,US-TX,US,2026-01-04T02:10:11.180000+00:00,2026-01-04T02:37:42.860000+00:00,2026-01-03 20:10,airplanes-live
N102DZ,2025-12-02,FAA LADD flag appears between 2025-12-01 and 2026-04-01 (ADS-B Exchange DB); FlightAware block visible 2026-01-14 (Wayback),2026-01-04,KSDL,Scottsdale Airport,Scottsdale,US-AZ,US,2026-01-04T04:38:44.270000+00:00,2026-01-04T04:39:28.510000+00:00,2026-01-03 21:38,airplanes-live
N102DZ,2025-12-02,FAA LADD flag appears between 2025-12-01 and 2026-04-01 (ADS-B Exchange DB); FlightAware block visible 2026-01-14 (Wayback),2026-01-05,KSDL,Scottsdale Airport,Scottsdale,US-AZ,US,2026-01-05T11:59:50.800000+00:00,2026-01-05T12:03:41.700000+00:00,2026-01-05 04:59,airplanes-live
N102DZ,2025-12-02,FAA LADD flag appears between 2025-12-01 and 2026-04-01 (ADS-B Exchange DB); FlightAware block visible 2026-01-14 (Wayback),2026-01-05,KBAZ,New Braunfels National Airport,New Braunfels,US-TX,US,2026-01-05T13:39:28.600000+00:00,2026-01-05T14:54:01.720000+00:00,2026-01-05 07:39,airplanes-live
N102DZ,2025-12-02,FAA LADD flag appears between 2025-12-01 and 2026-04-01 (ADS-B Exchange DB); FlightAware block visible 2026-01-14 (Wayback),2026-01-07,KBAZ,New Braunfels National Airport,New Braunfels,US-TX,US,2026-01-07T02:36:52.960000+00:00,2026-01-07T03:06:47.130000+00:00,2026-01-06 20:36,airplanes-live
N102DZ,2025-12-02,FAA LADD flag appears between 2025-12-01 and 2026-04-01 (ADS-B Exchange DB); FlightAware block visible 2026-01-14 (Wayback),2026-01-07,KSDL,Scottsdale Airport,Scottsdale,US-AZ,US,2026-01-07T05:08:08.250000+00:00,2026-01-07T05:13:57.460000+00:00,2026-01-06 22:08,airplanes-live
N102DZ,2025-12-02,FAA LADD flag appears between 2025-12-01 and 2026-04-01 (ADS-B Exchange DB); FlightAware block visible 2026-01-14 (Wayback),2026-01-09,KSDL,Scottsdale Airport,Scottsdale,US-AZ,US,2026-01-09T18:45:19.290000+00:00,2026-01-09T18:53:22.220000+00:00,2026-01-09 11:45,airplanes-live
N102DZ,2025-12-02,FAA LADD flag appears between 2025-12-01 and 2026-04-01 (ADS-B Exchange DB); FlightAware block visible 2026-01-14 (Wayback),2026-01-09,KPDK,DeKalb Peachtree Airport,Atlanta,US-GA,US,2026-01-09T22:10:10.580000+00:00,2026-01-09T22:10:40.680000+00:00,2026-01-09 17:10,airplanes-live
N102DZ,2025-12-02,FAA LADD flag appears between 2025-12-01 and 2026-04-01 (ADS-B Exchange DB); FlightAware block visible 2026-01-14 (Wayback),2026-01-10,KSDL,Scottsdale Airport,Scottsdale,US-AZ,US,2026-01-10T08:49:21.740000+00:00,2026-01-10T08:55:06.050000+00:00,2026-01-10 01:49,airplanes-live
N102DZ,2025-12-02,FAA LADD flag appears between 2025-12-01 and 2026-04-01 (ADS-B Exchange DB); FlightAware block visible 2026-01-14 (Wayback),2026-02-05,KSDL,Scottsdale Airport,Scottsdale,US-AZ,US,2026-02-05T17:00:37.780000+00:00,2026-02-05T17:18:58.720000+00:00,2026-02-05 10:00,airplanes-live
N102DZ,2025-12-02,FAA LADD flag appears between 2025-12-01 and 2026-04-01 (ADS-B Exchange DB); FlightAware block visible 2026-01-14 (Wayback),2026-02-06,KSDL,Scottsdale Airport,Scottsdale,US-AZ,US,2026-02-06T03:07:08.560000+00:00,2026-02-06T03:10:41.360000+00:00,2026-02-05 20:07,airplanes-live
N102DZ,2025-12-02,FAA LADD flag appears between 2025-12-01 and 2026-04-01 (ADS-B Exchange DB); FlightAware block visible 2026-01-14 (Wayback),2026-02-10,KSDL,Scottsdale Airport,Scottsdale,US-AZ,US,2026-02-10T18:08:15.890000+00:00,2026-02-10T18:24:27.900000+00:00,2026-02-10 11:08,airplanes-live
N102DZ,2025-12-02,FAA LADD flag appears between 2025-12-01 and 2026-04-01 (ADS-B Exchange DB); FlightAware block visible 2026-01-14 (Wayback),2026-02-10,KHOU,William P. Hobby Airport,Houston,US-TX,US,2026-02-10T23:54:00.160000+00:00,2026-02-10T23:54:07.490000+00:00,2026-02-10 17:54,airplanes-live
N102DZ,2025-12-02,FAA LADD flag appears between 2025-12-01 and 2026-04-01 (ADS-B Exchange DB); FlightAware block visible 2026-01-14 (Wayback),2026-02-11,KBCT,Boca Raton Airport,Boca Raton,US-FL,US,2026-02-11T02:05:58.240000+00:00,2026-02-11T02:06:36.750000+00:00,2026-02-10 21:05,airplanes-live
N102DZ,2025-12-02,FAA LADD flag appears between 2025-12-01 and 2026-04-01 (ADS-B Exchange DB); FlightAware block visible 2026-01-14 (Wayback),2026-02-11,KBCT,Boca Raton Airport,Boca Raton,US-FL,US,2026-02-11T15:01:43.200000+00:00,2026-02-11T15:07:06.500000+00:00,2026-02-11 10:01,airplanes-live
N102DZ,2025-12-02,FAA LADD flag appears between 2025-12-01 and 2026-04-01 (ADS-B Exchange DB); FlightAware block visible 2026-01-14 (Wayback),2026-02-11,KAFW,Perot Field/Fort Worth Alliance Airport,Fort Worth,US-TX,US,2026-02-11T17:53:15.790000+00:00,2026-02-11T18:43:56.930000+00:00,2026-02-11 11:53,airplanes-live
N102DZ,2025-12-02,FAA LADD flag appears between 2025-12-01 and 2026-04-01 (ADS-B Exchange DB); FlightAware block visible 2026-01-14 (Wayback),2026-02-11,KSDL,Scottsdale Airport,Scottsdale,US-AZ,US,2026-02-11T20:55:02.850000+00:00,2026-02-11T20:56:58.870000+00:00,2026-02-11 13:55,airplanes-live
N102DZ,2025-12-02,FAA LADD flag appears between 2025-12-01 and 2026-04-01 (ADS-B Exchange DB); FlightAware block visible 2026-01-14 (Wayback),2026-02-13,KSDL,Scottsdale Airport,Scottsdale,US-AZ,US,2026-02-13T15:09:41.330000+00:00,2026-02-13T15:14:35.610000+00:00,2026-02-13 08:09,airplanes-live
N102DZ,2025-12-02,FAA LADD flag appears between 2025-12-01 and 2026-04-01 (ADS-B Exchange DB); FlightAware block visible 2026-01-14 (Wayback),2026-02-13,KSDL,Scottsdale Airport,Scottsdale,US-AZ,US,2026-02-13T20:50:08.410000+00:00,2026-02-13T20:54:01.060000+00:00,2026-02-13 13:50,airplanes-live
N102DZ,2025-12-02,FAA LADD flag appears between 2025-12-01 and 2026-04-01 (ADS-B Exchange DB); FlightAware block visible 2026-01-14 (Wayback),2026-02-14,KSDL,Scottsdale Airport,Scottsdale,US-AZ,US,2026-02-14T13:48:55.510000+00:00,2026-02-14T13:58:09.180000+00:00,2026-02-14 06:48,airplanes-live
N102DZ,2025-12-02,FAA LADD flag appears between 2025-12-01 and 2026-04-01 (ADS-B Exchange DB); FlightAware block visible 2026-01-14 (Wayback),2026-02-14,KSDL,Scottsdale Airport,Scottsdale,US-AZ,US,2026-02-14T19:45:25.250000+00:00,2026-02-14T19:47:11.970000+00:00,2026-02-14 12:45,airplanes-live
N102DZ,2025-12-02,FAA LADD flag appears between 2025-12-01 and 2026-04-01 (ADS-B Exchange DB); FlightAware block visible 2026-01-14 (Wayback),2026-02-19,KSDL,Scottsdale Airport,Scottsdale,US-AZ,US,2026-02-19T00:41:38.950000+00:00,2026-02-19T00:48:58.210000+00:00,2026-02-18 17:41,airplanes-live
N102DZ,2025-12-02,FAA LADD flag appears between 2025-12-01 and 2026-04-01 (ADS-B Exchange DB); FlightAware block visible 2026-01-14 (Wayback),2026-02-19,KSDL,Scottsdale Airport,Scottsdale,US-AZ,US,2026-02-19T08:35:18.790000+00:00,2026-02-19T08:43:18.100000+00:00,2026-02-19 01:35,airplanes-live
N102DZ,2025-12-02,FAA LADD flag appears between 2025-12-01 and 2026-04-01 (ADS-B Exchange DB); FlightAware block visible 2026-01-14 (Wayback),2026-02-19,KVNY,Van Nuys Airport,Van Nuys,US-CA,US,2026-02-19T09:51:48.840000+00:00,2026-02-19T10:58:46.740000+00:00,2026-02-19 01:51,airplanes-live
N102DZ,2025-12-02,FAA LADD flag appears between 2025-12-01 and 2026-04-01 (ADS-B Exchange DB); FlightAware block visible 2026-01-14 (Wayback),2026-02-21,KMMU,Morristown Municipal Airport,Morristown,US-NJ,US,2026-02-21T13:20:15.010000+00:00,2026-02-21T13:20:19.980000+00:00,2026-02-21 08:20,airplanes-live
N102DZ,2025-12-02,FAA LADD flag appears between 2025-12-01 and 2026-04-01 (ADS-B Exchange DB); FlightAware block visible 2026-01-14 (Wayback),2026-02-26,KPIE,St. Petersburg Clearwater International Airport,Pinellas Park,US-FL,US,2026-02-26T00:37:30.570000+00:00,2026-02-26T00:59:15.680000+00:00,2026-02-25 19:37,airplanes-live
N102DZ,2025-12-02,FAA LADD flag appears between 2025-12-01 and 2026-04-01 (ADS-B Exchange DB); FlightAware block visible 2026-01-14 (Wayback),2026-02-26,KVNY,Van Nuys Airport,Van Nuys,US-CA,US,2026-02-26T09:28:42.420000+00:00,2026-02-26T09:34:33.400000+00:00,2026-02-26 01:28,airplanes-live
N102DZ,2025-12-02,FAA LADD flag appears between 2025-12-01 and 2026-04-01 (ADS-B Exchange DB); FlightAware block visible 2026-01-14 (Wayback),2026-02-28,KVNY,Van Nuys Airport,Van Nuys,US-CA,US,2026-02-28T20:26:24.030000+00:00,2026-02-28T20:40:02.080000+00:00,2026-02-28 12:26,airplanes-live
N102DZ,2025-12-02,FAA LADD flag appears between 2025-12-01 and 2026-04-01 (ADS-B Exchange DB); FlightAware block visible 2026-01-14 (Wayback),2026-02-28,KCOE,Coeur D'Alene Airport - Pappy Boyington Field,Coeur d'Alene,US-ID,US,2026-02-28T23:56:15.690000+00:00,2026-02-28T23:59:42.610000+00:00,2026-02-28 16:56,airplanes-live
N102DZ,2025-12-02,FAA LADD flag appears between 2025-12-01 and 2026-04-01 (ADS-B Exchange DB); FlightAware block visible 2026-01-14 (Wayback),2026-03-02,KCOE,Coeur D'Alene Airport - Pappy Boyington Field,Coeur d'Alene,US-ID,US,2026-03-02T14:21:25.500000+00:00,2026-03-02T14:22:58.510000+00:00,2026-03-02 07:21,airplanes-live
N102DZ,2025-12-02,FAA LADD flag appears between 2025-12-01 and 2026-04-01 (ADS-B Exchange DB); FlightAware block visible 2026-01-14 (Wayback),2026-03-02,KTTN,Trenton Mercer Airport,Ewing Township,US-NJ,US,2026-03-02T20:46:46.820000+00:00,2026-03-02T20:52:55.460000+00:00,2026-03-02 15:46,airplanes-live
N102DZ,2025-12-02,FAA LADD flag appears between 2025-12-01 and 2026-04-01 (ADS-B Exchange DB); FlightAware block visible 2026-01-14 (Wayback),2026-03-04,KTTN,Trenton Mercer Airport,Ewing Township,US-NJ,US,2026-03-04T08:50:30.980000+00:00,2026-03-04T08:51:16.450000+00:00,2026-03-04 03:50,airplanes-live
N102DZ,2025-12-02,FAA LADD flag appears between 2025-12-01 and 2026-04-01 (ADS-B Exchange DB); FlightAware block visible 2026-01-14 (Wayback),2026-03-04,MWCR,Owen Roberts International Airport,George Town,KY-GC,KY,2026-03-04T11:59:54.920000+00:00,2026-03-04T13:01:08.330000+00:00,,airplanes-live
N102DZ,2025-12-02,FAA LADD flag appears between 2025-12-01 and 2026-04-01 (ADS-B Exchange DB); FlightAware block visible 2026-01-14 (Wayback),2026-03-04,KSDL,Scottsdale Airport,Scottsdale,US-AZ,US,2026-03-04T17:37:05.650000+00:00,2026-03-04T17:39:40.740000+00:00,2026-03-04 10:37,airplanes-live
N102DZ,2025-12-02,FAA LADD flag appears between 2025-12-01 and 2026-04-01 (ADS-B Exchange DB); FlightAware block visible 2026-01-14 (Wayback),2026-03-05,KSDL,Scottsdale Airport,Scottsdale,US-AZ,US,2026-03-05T11:30:55.180000+00:00,2026-03-05T11:41:22.590000+00:00,2026-03-05 04:30,airplanes-live
N102DZ,2025-12-02,FAA LADD flag appears between 2025-12-01 and 2026-04-01 (ADS-B Exchange DB); FlightAware block visible 2026-01-14 (Wayback),2026-03-05,KGYR,Phoenix Goodyear Airport,Goodyear,US-AZ,US,2026-03-05T17:03:07.740000+00:00,2026-03-05T18:04:05.560000+00:00,2026-03-05 10:03,airplanes-live
N102DZ,2025-12-02,FAA LADD flag appears between 2025-12-01 and 2026-04-01 (ADS-B Exchange DB); FlightAware block visible 2026-01-14 (Wayback),2026-03-07,KSDL,Scottsdale Airport,Scottsdale,US-AZ,US,2026-03-07T13:48:18.600000+00:00,2026-03-07T13:51:49.110000+00:00,2026-03-07 06:48,airplanes-live
N102DZ,2025-12-02,FAA LADD flag appears between 2025-12-01 and 2026-04-01 (ADS-B Exchange DB); FlightAware block visible 2026-01-14 (Wayback),2026-03-08,KCRQ,McClellan-Palomar Airport,Carlsbad,US-CA,US,2026-03-08T02:42:27.910000+00:00,2026-03-08T02:43:41.330000+00:00,2026-03-07 18:42,airplanes-live
N102DZ,2025-12-02,FAA LADD flag appears between 2025-12-01 and 2026-04-01 (ADS-B Exchange DB); FlightAware block visible 2026-01-14 (Wayback),2026-03-08,KCRQ,McClellan-Palomar Airport,Carlsbad,US-CA,US,2026-03-08T16:49:31.490000+00:00,2026-03-08T17:24:35.460000+00:00,2026-03-08 09:49,airplanes-live
N102DZ,2025-12-02,FAA LADD flag appears between 2025-12-01 and 2026-04-01 (ADS-B Exchange DB); FlightAware block visible 2026-01-14 (Wayback),2026-03-08,KFAT,Fresno Yosemite International Airport,Fresno,US-CA,US,2026-03-08T18:20:32.960000+00:00,2026-03-08T18:50:15.100000+00:00,2026-03-08 11:20,airplanes-live
N102DZ,2025-12-02,FAA LADD flag appears between 2025-12-01 and 2026-04-01 (ADS-B Exchange DB); FlightAware block visible 2026-01-14 (Wayback),2026-03-08,KJWN,John C Tune Airport,Nashville,US-TN,US,2026-03-08T22:14:39.990000+00:00,2026-03-08T23:07:46.470000+00:00,2026-03-08 17:14,airplanes-live
N102DZ,2025-12-02,FAA LADD flag appears between 2025-12-01 and 2026-04-01 (ADS-B Exchange DB); FlightAware block visible 2026-01-14 (Wayback),2026-03-09,KSDL,Scottsdale Airport,Scottsdale,US-AZ,US,2026-03-09T02:11:06.470000+00:00,2026-03-09T02:12:27.860000+00:00,2026-03-08 19:11,airplanes-live
N102DZ,2025-12-02,FAA LADD flag appears between 2025-12-01 and 2026-04-01 (ADS-B Exchange DB); FlightAware block visible 2026-01-14 (Wayback),2026-03-09,KSDL,Scottsdale Airport,Scottsdale,US-AZ,US,2026-03-09T13:56:34.410000+00:00,2026-03-09T13:59:27.150000+00:00,2026-03-09 06:56,airplanes-live
N102DZ,2025-12-02,FAA LADD flag appears between 2025-12-01 and 2026-04-01 (ADS-B Exchange DB); FlightAware block visible 2026-01-14 (Wayback),2026-03-09,KBAZ,New Braunfels National Airport,New Braunfels,US-TX,US,2026-03-09T15:45:17.760000+00:00,2026-03-09T17:01:12.430000+00:00,2026-03-09 10:45,airplanes-live
N102DZ,2025-12-02,FAA LADD flag appears between 2025-12-01 and 2026-04-01 (ADS-B Exchange DB); FlightAware block visible 2026-01-14 (Wayback),2026-03-09,MWCR,Owen Roberts International Airport,George Town,KY-GC,KY,2026-03-09T19:30:21.750000+00:00,2026-03-09T21:02:44.430000+00:00,,airplanes-live
N102DZ,2025-12-02,FAA LADD flag appears between 2025-12-01 and 2026-04-01 (ADS-B Exchange DB); FlightAware block visible 2026-01-14 (Wayback),2026-03-09,KCLT,Charlotte Douglas International Airport,Charlotte,US-NC,US,2026-03-09T23:27:27.090000+00:00,2026-03-10T00:57:10.290000+00:00,2026-03-09 19:27,airplanes-live
N102DZ,2025-12-02,FAA LADD flag appears between 2025-12-01 and 2026-04-01 (ADS-B Exchange DB); FlightAware block visible 2026-01-14 (Wayback),2026-03-10,KIWA,Mesa Gateway Airport,Mesa,US-AZ,US,2026-03-10T04:53:08.200000+00:00,2026-03-10T04:59:44.420000+00:00,2026-03-09 21:53,airplanes-live
N102DZ,2025-12-02,FAA LADD flag appears between 2025-12-01 and 2026-04-01 (ADS-B Exchange DB); FlightAware block visible 2026-01-14 (Wayback),2026-03-10,KIWA,Mesa Gateway Airport,Mesa,US-AZ,US,2026-03-10T15:24:52.910000+00:00,2026-03-10T15:35:44.020000+00:00,2026-03-10 08:24,airplanes-live
N102DZ,2025-12-02,FAA LADD flag appears between 2025-12-01 and 2026-04-01 (ADS-B Exchange DB); FlightAware block visible 2026-01-14 (Wayback),2026-03-10,KCOE,Coeur D'Alene Airport - Pappy Boyington Field,Coeur d'Alene,US-ID,US,2026-03-10T17:52:00.200000+00:00,2026-03-10T19:30:35.400000+00:00,2026-03-10 11:52,airplanes-live
N102DZ,2025-12-02,FAA LADD flag appears between 2025-12-01 and 2026-04-01 (ADS-B Exchange DB); FlightAware block visible 2026-01-14 (Wayback),2026-03-10,KCEF,Westover Metropolitan Airport / Westover Air Reserve Base,Chicopee,US-MA,US,2026-03-10T23:14:07.510000+00:00,2026-03-10T23:16:44.460000+00:00,2026-03-10 19:14,airplanes-live
N102DZ,2025-12-02,FAA LADD flag appears between 2025-12-01 and 2026-04-01 (ADS-B Exchange DB); FlightAware block visible 2026-01-14 (Wayback),2026-03-12,KCEF,Westover Metropolitan Airport / Westover Air Reserve Base,Chicopee,US-MA,US,2026-03-12T12:06:07.360000+00:00,2026-03-12T12:07:12.300000+00:00,2026-03-12 08:06,airplanes-live
N102DZ,2025-12-02,FAA LADD flag appears between 2025-12-01 and 2026-04-01 (ADS-B Exchange DB); FlightAware block visible 2026-01-14 (Wayback),2026-03-12,KPWK,Chicago Executive Airport,Chicago/Prospect Heights/Wheeling,US-IL,US,2026-03-12T14:06:36.170000+00:00,2026-03-12T14:06:36.170000+00:00,2026-03-12 09:06,airplanes-live
N102DZ,2025-12-02,FAA LADD flag appears between 2025-12-01 and 2026-04-01 (ADS-B Exchange DB); FlightAware block visible 2026-01-14 (Wayback),2026-03-13,KHOU,William P. Hobby Airport,Houston,US-TX,US,2026-03-13T18:51:28.120000+00:00,2026-03-13T21:43:06.250000+00:00,2026-03-13 13:51,airplanes-live
N102DZ,2025-12-02,FAA LADD flag appears between 2025-12-01 and 2026-04-01 (ADS-B Exchange DB); FlightAware block visible 2026-01-14 (Wayback),2026-03-13,KTPA,Tampa International Airport,Tampa,US-FL,US,2026-03-13T23:15:38.450000+00:00,2026-03-13T23:22:59.830000+00:00,2026-03-13 19:15,airplanes-live
N102DZ,2025-12-02,FAA LADD flag appears between 2025-12-01 and 2026-04-01 (ADS-B Exchange DB); FlightAware block visible 2026-01-14 (Wayback),2026-03-14,KTPA,Tampa International Airport,Tampa,US-FL,US,2026-03-14T14:12:33.570000+00:00,2026-03-14T14:23:47.120000+00:00,2026-03-14 10:12,airplanes-live
N102DZ,2025-12-02,FAA LADD flag appears between 2025-12-01 and 2026-04-01 (ADS-B Exchange DB); FlightAware block visible 2026-01-14 (Wayback),2026-03-15,KCOS,City of Colorado Springs Municipal Airport,Colorado Springs,US-CO,US,2026-03-15T16:32:42.240000+00:00,2026-03-15T17:03:27.470000+00:00,2026-03-15 10:32,airplanes-live
N102DZ,2025-12-02,FAA LADD flag appears between 2025-12-01 and 2026-04-01 (ADS-B Exchange DB); FlightAware block visible 2026-01-14 (Wayback),2026-03-15,KBCT,Boca Raton Airport,Boca Raton,US-FL,US,2026-03-15T20:28:22.740000+00:00,2026-03-15T20:32:19.720000+00:00,2026-03-15 16:28,airplanes-live
N102DZ,2025-12-02,FAA LADD flag appears between 2025-12-01 and 2026-04-01 (ADS-B Exchange DB); FlightAware block visible 2026-01-14 (Wayback),2026-03-15,KSUA,Witham Field,Stuart,US-FL,US,2026-03-15T21:29:41+00:00,2026-03-15T23:33:44.330000+00:00,2026-03-15 17:29,airplanes-live
N102DZ,2025-12-02,FAA LADD flag appears between 2025-12-01 and 2026-04-01 (ADS-B Exchange DB); FlightAware block visible 2026-01-14 (Wayback),2026-03-17,KSJC,Mineta San Jose International Airport,San Jose,US-CA,US,2026-03-17T00:25:19.230000+00:00,2026-03-17T01:04:29.510000+00:00,2026-03-16 17:25,airplanes-live
N102DZ,2025-12-02,FAA LADD flag appears between 2025-12-01 and 2026-04-01 (ADS-B Exchange DB); FlightAware block visible 2026-01-14 (Wayback),2026-03-17,KOAK,Oakland San Francisco Bay Airport,Oakland,US-CA,US,2026-03-17T02:18:27.950000+00:00,2026-03-17T02:28:09.380000+00:00,2026-03-16 19:18,airplanes-live
N102DZ,2025-12-02,FAA LADD flag appears between 2025-12-01 and 2026-04-01 (ADS-B Exchange DB); FlightAware block visible 2026-01-14 (Wayback),2026-03-17,KBJC,Rocky Mountain Metropolitan Airport,Denver,US-CO,US,2026-03-17T04:23:32.960000+00:00,2026-03-17T04:41:17.330000+00:00,2026-03-16 22:23,airplanes-live
N102DZ,2025-12-02,FAA LADD flag appears between 2025-12-01 and 2026-04-01 (ADS-B Exchange DB); FlightAware block visible 2026-01-14 (Wayback),2026-03-17,KBJC,Rocky Mountain Metropolitan Airport,Denver,US-CO,US,2026-03-17T23:26:20.600000+00:00,2026-03-17T23:29:48.610000+00:00,2026-03-17 17:26,airplanes-live
N102DZ,2025-12-02,FAA LADD flag appears between 2025-12-01 and 2026-04-01 (ADS-B Exchange DB); FlightAware block visible 2026-01-14 (Wayback),2026-03-18,KBUR,Hollywood Burbank/Bob Hope Airport,Burbank,US-CA,US,2026-03-18T01:25:01.700000+00:00,2026-03-18T01:29:19.040000+00:00,2026-03-17 18:25,airplanes-live
N102DZ,2025-12-02,FAA LADD flag appears between 2025-12-01 and 2026-04-01 (ADS-B Exchange DB); FlightAware block visible 2026-01-14 (Wayback),2026-03-18,KBUR,Hollywood Burbank/Bob Hope Airport,Burbank,US-CA,US,2026-03-18T15:06:01.430000+00:00,2026-03-18T15:09:51.140000+00:00,2026-03-18 08:06,airplanes-live
N102DZ,2025-12-02,FAA LADD flag appears between 2025-12-01 and 2026-04-01 (ADS-B Exchange DB); FlightAware block visible 2026-01-14 (Wayback),2026-03-18,KSDL,Scottsdale Airport,Scottsdale,US-AZ,US,2026-03-18T19:15:30.960000+00:00,2026-03-18T19:16:57.330000+00:00,2026-03-18 12:15,airplanes-live
N102DZ,2025-12-02,FAA LADD flag appears between 2025-12-01 and 2026-04-01 (ADS-B Exchange DB); FlightAware block visible 2026-01-14 (Wayback),2026-03-19,KSDL,Scottsdale Airport,Scottsdale,US-AZ,US,2026-03-19T17:50:56.080000+00:00,2026-03-19T18:17:35.220000+00:00,2026-03-19 10:50,airplanes-live
N102DZ,2025-12-02,FAA LADD flag appears between 2025-12-01 and 2026-04-01 (ADS-B Exchange DB); FlightAware block visible 2026-01-14 (Wayback),2026-03-19,KTUS,Tucson International Airport,Tucson,US-AZ,US,2026-03-19T23:02:14.970000+00:00,2026-03-19T23:48:54.950000+00:00,2026-03-19 16:02,airplanes-live
N102DZ,2025-12-02,FAA LADD flag appears between 2025-12-01 and 2026-04-01 (ADS-B Exchange DB); FlightAware block visible 2026-01-14 (Wayback),2026-03-20,KEGE,Eagle County Regional Airport,Eagle,US-CO,US,2026-03-20T01:22:14.740000+00:00,2026-03-20T01:22:14.740000+00:00,2026-03-19 19:22,airplanes-live
N102DZ,2025-12-02,FAA LADD flag appears between 2025-12-01 and 2026-04-01 (ADS-B Exchange DB); FlightAware block visible 2026-01-14 (Wayback),2026-03-20,KTPA,Tampa International Airport,Tampa,US-FL,US,2026-03-20T20:22:35.180000+00:00,2026-03-20T20:32:07.110000+00:00,2026-03-20 16:22,airplanes-live
N102DZ,2025-12-02,FAA LADD flag appears between 2025-12-01 and 2026-04-01 (ADS-B Exchange DB); FlightAware block visible 2026-01-14 (Wayback),2026-03-21,KSUA,Witham Field,Stuart,US-FL,US,2026-03-21T18:04:48.510000+00:00,2026-03-21T20:21:49.700000+00:00,2026-03-21 14:04,airplanes-live
N102DZ,2025-12-02,FAA LADD flag appears between 2025-12-01 and 2026-04-01 (ADS-B Exchange DB); FlightAware block visible 2026-01-14 (Wayback),2026-03-21,KTTN,Trenton Mercer Airport,Ewing Township,US-NJ,US,2026-03-21T22:29:09.820000+00:00,2026-03-21T22:39:45.870000+00:00,2026-03-21 18:29,airplanes-live
N102DZ,2025-12-02,FAA LADD flag appears between 2025-12-01 and 2026-04-01 (ADS-B Exchange DB); FlightAware block visible 2026-01-14 (Wayback),2026-03-23,KTTN,Trenton Mercer Airport,Ewing Township,US-NJ,US,2026-03-23T21:02:39.650000+00:00,2026-03-23T21:05:09.670000+00:00,2026-03-23 17:02,airplanes-live
N102DZ,2025-12-02,FAA LADD flag appears between 2025-12-01 and 2026-04-01 (ADS-B Exchange DB); FlightAware block visible 2026-01-14 (Wayback),2026-03-24,CO47,Goldys Field,Gypsum,US-CO,US,2026-03-24T15:42:37.960000+00:00,2026-03-24T15:45:46.150000+00:00,2026-03-24 09:42,airplanes-live
N102DZ,2025-12-02,FAA LADD flag appears between 2025-12-01 and 2026-04-01 (ADS-B Exchange DB); FlightAware block visible 2026-01-14 (Wayback),2026-03-24,KTEB,Teterboro Airport,Teterboro,US-NJ,US,2026-03-24T18:56:40.300000+00:00,2026-03-24T19:10:34.090000+00:00,2026-03-24 14:56,airplanes-live
N102DZ,2025-12-02,FAA LADD flag appears between 2025-12-01 and 2026-04-01 (ADS-B Exchange DB); FlightAware block visible 2026-01-14 (Wayback),2026-03-25,KTEB,Teterboro Airport,Teterboro,US-NJ,US,2026-03-25T18:06:05.900000+00:00,2026-03-25T18:22:20.550000+00:00,2026-03-25 14:06,airplanes-live
N102DZ,2025-12-02,FAA LADD flag appears between 2025-12-01 and 2026-04-01 (ADS-B Exchange DB); FlightAware block visible 2026-01-14 (Wayback),2026-03-28,KBCT,Boca Raton Airport,Boca Raton,US-FL,US,2026-03-28T08:43:49.690000+00:00,2026-03-28T08:44:14.040000+00:00,2026-03-28 04:43,airplanes-live
N102DZ,2025-12-02,FAA LADD flag appears between 2025-12-01 and 2026-04-01 (ADS-B Exchange DB); FlightAware block visible 2026-01-14 (Wayback),2026-03-29,KBCT,Boca Raton Airport,Boca Raton,US-FL,US,2026-03-29T18:58:15.990000+00:00,2026-03-29T19:04:45.210000+00:00,2026-03-29 14:58,airplanes-live
N102DZ,2025-12-02,FAA LADD flag appears between 2025-12-01 and 2026-04-01 (ADS-B Exchange DB); FlightAware block visible 2026-01-14 (Wayback),2026-03-30,KSDL,Scottsdale Airport,Scottsdale,US-AZ,US,2026-03-30T01:35:12.400000+00:00,2026-03-30T01:36:59.360000+00:00,2026-03-29 18:35,airplanes-live
N102DZ,2025-12-02,FAA LADD flag appears between 2025-12-01 and 2026-04-01 (ADS-B Exchange DB); FlightAware block visible 2026-01-14 (Wayback),2026-04-01,KSDL,Scottsdale Airport,Scottsdale,US-AZ,US,2026-04-01T22:39:00.610000+00:00,2026-04-01T22:47:04.130000+00:00,2026-04-01 15:39,adsbexchange-samples;airplanes-live
N102DZ,2025-12-02,FAA LADD flag appears between 2025-12-01 and 2026-04-01 (ADS-B Exchange DB); FlightAware block visible 2026-01-14 (Wayback),2026-04-02,KMDW,Chicago Midway International Airport,Chicago,US-IL,US,2026-04-02T01:19:47.800000+00:00,2026-04-02T01:23:40.950000+00:00,2026-04-01 20:19,airplanes-live
N102DZ,2025-12-02,FAA LADD flag appears between 2025-12-01 and 2026-04-01 (ADS-B Exchange DB); FlightAware block visible 2026-01-14 (Wayback),2026-04-02,KBCT,Boca Raton Airport,Boca Raton,US-FL,US,2026-04-02T18:54:42.660000+00:00,2026-04-02T19:50:12.210000+00:00,2026-04-02 14:54,airplanes-live
N102DZ,2025-12-02,FAA LADD flag appears between 2025-12-01 and 2026-04-01 (ADS-B Exchange DB); FlightAware block visible 2026-01-14 (Wayback),2026-04-03,LEBL,Josep Tarradellas Barcelona-El Prat Airport,Barcelona,ES-CT,ES,2026-04-03T10:53:39.820000+00:00,2026-04-03T10:56:46.350000+00:00,2026-04-03 06:53,airplanes-live
N102DZ,2025-12-02,FAA LADD flag appears between 2025-12-01 and 2026-04-01 (ADS-B Exchange DB); FlightAware block visible 2026-01-14 (Wayback),2026-04-04,LEBL,Josep Tarradellas Barcelona-El Prat Airport,Barcelona,ES-CT,ES,2026-04-04T11:07:43.250000+00:00,2026-04-04T11:24:43.790000+00:00,2026-04-04 07:07,airplanes-live
N102DZ,2025-12-02,FAA LADD flag appears between 2025-12-01 and 2026-04-01 (ADS-B Exchange DB); FlightAware block visible 2026-01-14 (Wayback),2026-04-06,KSDL,Scottsdale Airport,Scottsdale,US-AZ,US,2026-04-06T22:34:40.770000+00:00,2026-04-06T22:39:28.720000+00:00,2026-04-06 15:34,airplanes-live
N102DZ,2025-12-02,FAA LADD flag appears between 2025-12-01 and 2026-04-01 (ADS-B Exchange DB); FlightAware block visible 2026-01-14 (Wayback),2026-04-07,KSDL,Scottsdale Airport,Scottsdale,US-AZ,US,2026-04-07T16:23:49.120000+00:00,2026-04-07T16:47:46.490000+00:00,2026-04-07 09:23,airplanes-live
N102DZ,2025-12-02,FAA LADD flag appears between 2025-12-01 and 2026-04-01 (ADS-B Exchange DB); FlightAware block visible 2026-01-14 (Wayback),2026-04-09,KFTW,Fort Worth Meacham International Airport,Fort Worth,US-TX,US,2026-04-09T22:27:34.300000+00:00,2026-04-09T22:31:16+00:00,2026-04-09 17:27,airplanes-live
N102DZ,2025-12-02,FAA LADD flag appears between 2025-12-01 and 2026-04-01 (ADS-B Exchange DB); FlightAware block visible 2026-01-14 (Wayback),2026-04-10,KFTW,Fort Worth Meacham International Airport,Fort Worth,US-TX,US,2026-04-10T12:15:16.820000+00:00,2026-04-10T12:22:12.460000+00:00,2026-04-10 07:15,airplanes-live
N102DZ,2025-12-02,FAA LADD flag appears between 2025-12-01 and 2026-04-01 (ADS-B Exchange DB); FlightAware block visible 2026-01-14 (Wayback),2026-04-10,KIWA,Mesa Gateway Airport,Mesa,US-AZ,US,2026-04-10T14:17:21.260000+00:00,2026-04-10T15:09:03.690000+00:00,2026-04-10 07:17,airplanes-live
N102DZ,2025-12-02,FAA LADD flag appears between 2025-12-01 and 2026-04-01 (ADS-B Exchange DB); FlightAware block visible 2026-01-14 (Wayback),2026-04-11,KFTW,Fort Worth Meacham International Airport,Fort Worth,US-TX,US,2026-04-11T15:39:06.440000+00:00,2026-04-11T16:03:00.310000+00:00,2026-04-11 10:39,airplanes-live
N102DZ,2025-12-02,FAA LADD flag appears between 2025-12-01 and 2026-04-01 (ADS-B Exchange DB); FlightAware block visible 2026-01-14 (Wayback),2026-04-11,KIWA,Mesa Gateway Airport,Mesa,US-AZ,US,2026-04-11T17:56:27.660000+00:00,2026-04-11T18:02:16.640000+00:00,2026-04-11 10:56,airplanes-live
N102DZ,2025-12-02,FAA LADD flag appears between 2025-12-01 and 2026-04-01 (ADS-B Exchange DB); FlightAware block visible 2026-01-14 (Wayback),2026-04-11,KSDL,Scottsdale Airport,Scottsdale,US-AZ,US,2026-04-11T20:31:32.580000+00:00,2026-04-11T20:53:45.240000+00:00,2026-04-11 13:31,airplanes-live
N102DZ,2025-12-02,FAA LADD flag appears between 2025-12-01 and 2026-04-01 (ADS-B Exchange DB); FlightAware block visible 2026-01-14 (Wayback),2026-04-12,KSDL,Scottsdale Airport,Scottsdale,US-AZ,US,2026-04-12T15:47:43.900000+00:00,2026-04-12T15:57:39.740000+00:00,2026-04-12 08:47,airplanes-live
N102DZ,2025-12-02,FAA LADD flag appears between 2025-12-01 and 2026-04-01 (ADS-B Exchange DB); FlightAware block visible 2026-01-14 (Wayback),2026-04-12,KSUA,Witham Field,Stuart,US-FL,US,2026-04-12T22:01:05.910000+00:00,2026-04-12T23:33:00.650000+00:00,2026-04-12 18:01,airplanes-live
N102DZ,2025-12-02,FAA LADD flag appears between 2025-12-01 and 2026-04-01 (ADS-B Exchange DB); FlightAware block visible 2026-01-14 (Wayback),2026-04-13,KTEB,Teterboro Airport,Teterboro,US-NJ,US,2026-04-13T04:46:09.050000+00:00,2026-04-13T04:49:53.140000+00:00,2026-04-13 00:46,airplanes-live
N102DZ,2025-12-02,FAA LADD flag appears between 2025-12-01 and 2026-04-01 (ADS-B Exchange DB); FlightAware block visible 2026-01-14 (Wayback),2026-04-14,KTEB,Teterboro Airport,Teterboro,US-NJ,US,2026-04-14T22:18:08.960000+00:00,2026-04-14T22:29:34.880000+00:00,2026-04-14 18:18,airplanes-live
N102DZ,2025-12-02,FAA LADD flag appears between 2025-12-01 and 2026-04-01 (ADS-B Exchange DB); FlightAware block visible 2026-01-14 (Wayback),2026-04-15,KORL,Orlando Executive Airport,Orlando,US-FL,US,2026-04-15T00:35:15.200000+00:00,2026-04-15T00:39:44.850000+00:00,2026-04-14 20:35,airplanes-live
N102DZ,2025-12-02,FAA LADD flag appears between 2025-12-01 and 2026-04-01 (ADS-B Exchange DB); FlightAware block visible 2026-01-14 (Wayback),2026-04-17,KMDW,Chicago Midway International Airport,Chicago,US-IL,US,2026-04-17T20:04:45.310000+00:00,2026-04-17T20:27:51.340000+00:00,2026-04-17 15:04,airplanes-live
N102DZ,2025-12-02,FAA LADD flag appears between 2025-12-01 and 2026-04-01 (ADS-B Exchange DB); FlightAware block visible 2026-01-14 (Wayback),2026-04-18,KPWK,Chicago Executive Airport,Chicago/Prospect Heights/Wheeling,US-IL,US,2026-04-18T18:06:16.400000+00:00,2026-04-18T18:06:17.410000+00:00,2026-04-18 13:06,airplanes-live
N102DZ,2025-12-02,FAA LADD flag appears between 2025-12-01 and 2026-04-01 (ADS-B Exchange DB); FlightAware block visible 2026-01-14 (Wayback),2026-04-20,KMDW,Chicago Midway International Airport,Chicago,US-IL,US,2026-04-20T18:34:18.020000+00:00,2026-04-20T20:49:37.500000+00:00,2026-04-20 13:34,airplanes-live
N102DZ,2025-12-02,FAA LADD flag appears between 2025-12-01 and 2026-04-01 (ADS-B Exchange DB); FlightAware block visible 2026-01-14 (Wayback),2026-04-21,KLAS,Harry Reid International Airport,Las Vegas,US-NV,US,2026-04-21T22:55:56.470000+00:00,2026-04-21T23:06:57.130000+00:00,2026-04-21 15:55,airplanes-live
N102DZ,2025-12-02,FAA LADD flag appears between 2025-12-01 and 2026-04-01 (ADS-B Exchange DB); FlightAware block visible 2026-01-14 (Wayback),2026-04-22,KLAS,Harry Reid International Airport,Las Vegas,US-NV,US,2026-04-22T15:49:28.550000+00:00,2026-04-22T15:54:40.870000+00:00,2026-04-22 08:49,airplanes-live
N102DZ,2025-12-02,FAA LADD flag appears between 2025-12-01 and 2026-04-01 (ADS-B Exchange DB); FlightAware block visible 2026-01-14 (Wayback),2026-04-22,KIND,Indianapolis International Airport,Indianapolis,US-IN,US,2026-04-22T18:54:22.460000+00:00,2026-04-22T21:37:04.350000+00:00,2026-04-22 14:54,airplanes-live
N102DZ,2025-12-02,FAA LADD flag appears between 2025-12-01 and 2026-04-01 (ADS-B Exchange DB); FlightAware block visible 2026-01-14 (Wayback),2026-04-23,KPBI,President Donald J. Trump International Airport,West Palm Beach,US-FL,US,2026-04-23T17:48:36.400000+00:00,2026-04-23T17:50:34.520000+00:00,2026-04-23 13:48,airplanes-live
N102DZ,2025-12-02,FAA LADD flag appears between 2025-12-01 and 2026-04-01 (ADS-B Exchange DB); FlightAware block visible 2026-01-14 (Wayback),2026-04-24,KPBI,President Donald J. Trump International Airport,West Palm Beach,US-FL,US,2026-04-24T13:58:20.610000+00:00,2026-04-24T14:00:38.880000+00:00,2026-04-24 09:58,airplanes-live
N102DZ,2025-12-02,FAA LADD flag appears between 2025-12-01 and 2026-04-01 (ADS-B Exchange DB); FlightAware block visible 2026-01-14 (Wayback),2026-04-24,KBAZ,New Braunfels National Airport,New Braunfels,US-TX,US,2026-04-24T16:43:19.420000+00:00,2026-04-24T17:54:15.880000+00:00,2026-04-24 11:43,airplanes-live
N102DZ,2025-12-02,FAA LADD flag appears between 2025-12-01 and 2026-04-01 (ADS-B Exchange DB); FlightAware block visible 2026-01-14 (Wayback),2026-04-24,KTEB,Teterboro Airport,Teterboro,US-NJ,US,2026-04-24T21:04:08.560000+00:00,2026-04-24T21:31:52.970000+00:00,2026-04-24 17:04,airplanes-live
N102DZ,2025-12-02,FAA LADD flag appears between 2025-12-01 and 2026-04-01 (ADS-B Exchange DB); FlightAware block visible 2026-01-14 (Wayback),2026-04-25,KTEB,Teterboro Airport,Teterboro,US-NJ,US,2026-04-25T03:14:16.720000+00:00,2026-04-25T03:46:38.650000+00:00,2026-04-24 23:14,airplanes-live
N102DZ,2025-12-02,FAA LADD flag appears between 2025-12-01 and 2026-04-01 (ADS-B Exchange DB); FlightAware block visible 2026-01-14 (Wayback),2026-04-25,KBAZ,New Braunfels National Airport,New Braunfels,US-TX,US,2026-04-25T07:05:26.750000+00:00,2026-04-25T07:08:12.310000+00:00,2026-04-25 02:05,airplanes-live
N102DZ,2025-12-02,FAA LADD flag appears between 2025-12-01 and 2026-04-01 (ADS-B Exchange DB); FlightAware block visible 2026-01-14 (Wayback),2026-04-26,KBAZ,New Braunfels National Airport,New Braunfels,US-TX,US,2026-04-26T14:17:16.160000+00:00,2026-04-26T14:22:44.370000+00:00,2026-04-26 09:17,airplanes-live
N102DZ,2025-12-02,FAA LADD flag appears between 2025-12-01 and 2026-04-01 (ADS-B Exchange DB); FlightAware block visible 2026-01-14 (Wayback),2026-04-26,KPBI,President Donald J. Trump International Airport,West Palm Beach,US-FL,US,2026-04-26T16:24:56.850000+00:00,2026-04-26T18:02:03.100000+00:00,2026-04-26 12:24,airplanes-live
N102DZ,2025-12-02,FAA LADD flag appears between 2025-12-01 and 2026-04-01 (ADS-B Exchange DB); FlightAware block visible 2026-01-14 (Wayback),2026-04-30,KVNY,Van Nuys Airport,Van Nuys,US-CA,US,2026-04-30T00:41:00.690000+00:00,2026-04-30T00:45:25.620000+00:00,2026-04-29 17:41,airplanes-live
N102DZ,2025-12-02,FAA LADD flag appears between 2025-12-01 and 2026-04-01 (ADS-B Exchange DB); FlightAware block visible 2026-01-14 (Wayback),2026-04-30,KVNY,Van Nuys Airport,Van Nuys,US-CA,US,2026-04-30T17:24:51.060000+00:00,2026-04-30T17:33:50.690000+00:00,2026-04-30 10:24,airplanes-live
N102DZ,2025-12-02,FAA LADD flag appears between 2025-12-01 and 2026-04-01 (ADS-B Exchange DB); FlightAware block visible 2026-01-14 (Wayback),2026-04-30,KTEB,Teterboro Airport,Teterboro,US-NJ,US,2026-04-30T21:58:34.990000+00:00,2026-04-30T22:19:01.810000+00:00,2026-04-30 17:58,airplanes-live
N102DZ,2025-12-02,FAA LADD flag appears between 2025-12-01 and 2026-04-01 (ADS-B Exchange DB); FlightAware block visible 2026-01-14 (Wayback),2026-05-02,KTEB,Teterboro Airport,Teterboro,US-NJ,US,2026-05-02T19:15:53.250000+00:00,2026-05-02T19:21:31.540000+00:00,2026-05-02 15:15,airplanes-live
N102DZ,2025-12-02,FAA LADD flag appears between 2025-12-01 and 2026-04-01 (ADS-B Exchange DB); FlightAware block visible 2026-01-14 (Wayback),2026-05-03,KBOS,Boston Logan International Airport,Boston,US-MA,US,2026-05-03T17:55:09.060000+00:00,2026-05-03T18:41:59.810000+00:00,2026-05-03 13:55,airplanes-live
N102DZ,2025-12-02,FAA LADD flag appears between 2025-12-01 and 2026-04-01 (ADS-B Exchange DB); FlightAware block visible 2026-01-14 (Wayback),2026-05-04,KSNA,John Wayne Orange County International Airport,Santa Ana,US-CA,US,2026-05-04T01:20:03.290000+00:00,2026-05-04T01:57:07.150000+00:00,2026-05-03 18:20,airplanes-live
N102DZ,2025-12-02,FAA LADD flag appears between 2025-12-01 and 2026-04-01 (ADS-B Exchange DB); FlightAware block visible 2026-01-14 (Wayback),2026-05-05,KSNA,John Wayne Orange County International Airport,Santa Ana,US-CA,US,2026-05-05T22:33:45.830000+00:00,2026-05-05T23:02:33.220000+00:00,2026-05-05 15:33,airplanes-live
N102DZ,2025-12-02,FAA LADD flag appears between 2025-12-01 and 2026-04-01 (ADS-B Exchange DB); FlightAware block visible 2026-01-14 (Wayback),2026-05-06,KVNY,Van Nuys Airport,Van Nuys,US-CA,US,2026-05-06T02:04:04.930000+00:00,2026-05-06T02:14:20.640000+00:00,2026-05-05 19:04,airplanes-live
N102DZ,2025-12-02,FAA LADD flag appears between 2025-12-01 and 2026-04-01 (ADS-B Exchange DB); FlightAware block visible 2026-01-14 (Wayback),2026-05-06,KTEB,Teterboro Airport,Teterboro,US-NJ,US,2026-05-06T06:34:06.960000+00:00,2026-05-06T06:44:39.690000+00:00,2026-05-06 02:34,airplanes-live
N102DZ,2025-12-02,FAA LADD flag appears between 2025-12-01 and 2026-04-01 (ADS-B Exchange DB); FlightAware block visible 2026-01-14 (Wayback),2026-05-06,KTEB,Teterboro Airport,Teterboro,US-NJ,US,2026-05-06T20:24:20.800000+00:00,2026-05-06T21:27:05.680000+00:00,2026-05-06 16:24,airplanes-live
N102DZ,2025-12-02,FAA LADD flag appears between 2025-12-01 and 2026-04-01 (ADS-B Exchange DB); FlightAware block visible 2026-01-14 (Wayback),2026-05-07,KVNY,Van Nuys Airport,Van Nuys,US-CA,US,2026-05-07T02:48:47.340000+00:00,2026-05-07T03:23:23.310000+00:00,2026-05-06 19:48,airplanes-live
N102DZ,2025-12-02,FAA LADD flag appears between 2025-12-01 and 2026-04-01 (ADS-B Exchange DB); FlightAware block visible 2026-01-14 (Wayback),2026-05-07,KSDL,Scottsdale Airport,Scottsdale,US-AZ,US,2026-05-07T04:24:21.690000+00:00,2026-05-07T04:26:34.250000+00:00,2026-05-06 21:24,airplanes-live
N102DZ,2025-12-02,FAA LADD flag appears between 2025-12-01 and 2026-04-01 (ADS-B Exchange DB); FlightAware block visible 2026-01-14 (Wayback),2026-05-07,KSDL,Scottsdale Airport,Scottsdale,US-AZ,US,2026-05-07T17:28:16.690000+00:00,2026-05-07T17:47:51.170000+00:00,2026-05-07 10:28,airplanes-live
N102DZ,2025-12-02,FAA LADD flag appears between 2025-12-01 and 2026-04-01 (ADS-B Exchange DB); FlightAware block visible 2026-01-14 (Wayback),2026-05-07,KNUQ,Moffett Federal Airfield,Mountain View,US-CA,US,2026-05-07T19:13:13.890000+00:00,2026-05-07T22:16:45.090000+00:00,2026-05-07 12:13,airplanes-live
N102DZ,2025-12-02,FAA LADD flag appears between 2025-12-01 and 2026-04-01 (ADS-B Exchange DB); FlightAware block visible 2026-01-14 (Wayback),2026-05-07,KSDL,Scottsdale Airport,Scottsdale,US-AZ,US,2026-05-07T23:46:33.810000+00:00,2026-05-07T23:55:56.170000+00:00,2026-05-07 16:46,airplanes-live
N102DZ,2025-12-02,FAA LADD flag appears between 2025-12-01 and 2026-04-01 (ADS-B Exchange DB); FlightAware block visible 2026-01-14 (Wayback),2026-05-09,KSDL,Scottsdale Airport,Scottsdale,US-AZ,US,2026-05-09T03:58:20.800000+00:00,2026-05-09T04:03:31.020000+00:00,2026-05-08 20:58,airplanes-live
N102DZ,2025-12-02,FAA LADD flag appears between 2025-12-01 and 2026-04-01 (ADS-B Exchange DB); FlightAware block visible 2026-01-14 (Wayback),2026-05-09,KVNY,Van Nuys Airport,Van Nuys,US-CA,US,2026-05-09T05:03:19.030000+00:00,2026-05-09T07:48:14.460000+00:00,2026-05-08 22:03,airplanes-live
N102DZ,2025-12-02,FAA LADD flag appears between 2025-12-01 and 2026-04-01 (ADS-B Exchange DB); FlightAware block visible 2026-01-14 (Wayback),2026-05-09,KATL,Hartsfield Jackson Atlanta International Airport,Atlanta,US-GA,US,2026-05-09T11:23:23.930000+00:00,2026-05-09T11:35:28.660000+00:00,2026-05-09 07:23,airplanes-live
N102DZ,2025-12-02,FAA LADD flag appears between 2025-12-01 and 2026-04-01 (ADS-B Exchange DB); FlightAware block visible 2026-01-14 (Wayback),2026-05-09,KATL,Hartsfield Jackson Atlanta International Airport,Atlanta,US-GA,US,2026-05-09T20:32:41.170000+00:00,2026-05-09T20:47:21.230000+00:00,2026-05-09 16:32,airplanes-live
N102DZ,2025-12-02,FAA LADD flag appears between 2025-12-01 and 2026-04-01 (ADS-B Exchange DB); FlightAware block visible 2026-01-14 (Wayback),2026-05-10,KTEB,Teterboro Airport,Teterboro,US-NJ,US,2026-05-10T17:27:11.430000+00:00,2026-05-10T18:21:19.070000+00:00,2026-05-10 13:27,airplanes-live
N102DZ,2025-12-02,FAA LADD flag appears between 2025-12-01 and 2026-04-01 (ADS-B Exchange DB); FlightAware block visible 2026-01-14 (Wayback),2026-05-10,KPWK,Chicago Executive Airport,Chicago/Prospect Heights/Wheeling,US-IL,US,2026-05-10T20:09:48.450000+00:00,2026-05-10T22:03:43.280000+00:00,2026-05-10 15:09,airplanes-live
N102DZ,2025-12-02,FAA LADD flag appears between 2025-12-01 and 2026-04-01 (ADS-B Exchange DB); FlightAware block visible 2026-01-14 (Wayback),2026-05-11,KCOE,Coeur D'Alene Airport - Pappy Boyington Field,Coeur d'Alene,US-ID,US,2026-05-11T01:11:42.750000+00:00,2026-05-11T01:39:45.530000+00:00,2026-05-10 19:11,airplanes-live
N102DZ,2025-12-02,FAA LADD flag appears between 2025-12-01 and 2026-04-01 (ADS-B Exchange DB); FlightAware block visible 2026-01-14 (Wayback),2026-05-11,KNUQ,Moffett Federal Airfield,Mountain View,US-CA,US,2026-05-11T03:30:05.330000+00:00,2026-05-11T03:44:55.930000+00:00,2026-05-10 20:30,airplanes-live
N102DZ,2025-12-02,FAA LADD flag appears between 2025-12-01 and 2026-04-01 (ADS-B Exchange DB); FlightAware block visible 2026-01-14 (Wayback),2026-05-11,KNUQ,Moffett Federal Airfield,Mountain View,US-CA,US,2026-05-11T22:00:31.910000+00:00,2026-05-11T22:10:13.740000+00:00,2026-05-11 15:00,airplanes-live
N102DZ,2025-12-02,FAA LADD flag appears between 2025-12-01 and 2026-04-01 (ADS-B Exchange DB); FlightAware block visible 2026-01-14 (Wayback),2026-05-11,KLAS,Harry Reid International Airport,Las Vegas,US-NV,US,2026-05-11T23:18:01.040000+00:00,2026-05-12T00:12:43.860000+00:00,2026-05-11 16:18,airplanes-live
N102DZ,2025-12-02,FAA LADD flag appears between 2025-12-01 and 2026-04-01 (ADS-B Exchange DB); FlightAware block visible 2026-01-14 (Wayback),2026-05-12,KTTN,Trenton Mercer Airport,Ewing Township,US-NJ,US,2026-05-12T04:08:32.750000+00:00,2026-05-12T04:20:30.120000+00:00,2026-05-12 00:08,airplanes-live
N102DZ,2025-12-02,FAA LADD flag appears between 2025-12-01 and 2026-04-01 (ADS-B Exchange DB); FlightAware block visible 2026-01-14 (Wayback),2026-05-12,KTTN,Trenton Mercer Airport,Ewing Township,US-NJ,US,2026-05-12T18:19:28.510000+00:00,2026-05-12T18:27:21.570000+00:00,2026-05-12 14:19,airplanes-live
N102DZ,2025-12-02,FAA LADD flag appears between 2025-12-01 and 2026-04-01 (ADS-B Exchange DB); FlightAware block visible 2026-01-14 (Wayback),2026-05-12,KPWK,Chicago Executive Airport,Chicago/Prospect Heights/Wheeling,US-IL,US,2026-05-12T22:28:36.570000+00:00,2026-05-12T22:44:01.460000+00:00,2026-05-12 17:28,airplanes-live
N102DZ,2025-12-02,FAA LADD flag appears between 2025-12-01 and 2026-04-01 (ADS-B Exchange DB); FlightAware block visible 2026-01-14 (Wayback),2026-05-13,KTEB,Teterboro Airport,Teterboro,US-NJ,US,2026-05-13T00:10:22.380000+00:00,2026-05-13T00:33:14.190000+00:00,2026-05-12 20:10,airplanes-live
N102DZ,2025-12-02,FAA LADD flag appears between 2025-12-01 and 2026-04-01 (ADS-B Exchange DB); FlightAware block visible 2026-01-14 (Wayback),2026-05-14,KTEB,Teterboro Airport,Teterboro,US-NJ,US,2026-05-14T19:22:25.090000+00:00,2026-05-14T19:35:00.860000+00:00,2026-05-14 15:22,airplanes-live
N102DZ,2025-12-02,FAA LADD flag appears between 2025-12-01 and 2026-04-01 (ADS-B Exchange DB); FlightAware block visible 2026-01-14 (Wayback),2026-05-14,KPWK,Chicago Executive Airport,Chicago/Prospect Heights/Wheeling,US-IL,US,2026-05-14T22:38:31.290000+00:00,2026-05-14T22:38:34.840000+00:00,2026-05-14 17:38,airplanes-live
N102DZ,2025-12-02,FAA LADD flag appears between 2025-12-01 and 2026-04-01 (ADS-B Exchange DB); FlightAware block visible 2026-01-14 (Wayback),2026-05-15,KHOU,William P. Hobby Airport,Houston,US-TX,US,2026-05-15T00:46:06.830000+00:00,2026-05-15T00:47:05.360000+00:00,2026-05-14 19:46,airplanes-live
N102DZ,2025-12-02,FAA LADD flag appears between 2025-12-01 and 2026-04-01 (ADS-B Exchange DB); FlightAware block visible 2026-01-14 (Wayback),2026-05-15,KVNY,Van Nuys Airport,Van Nuys,US-CA,US,2026-05-15T04:28:51.470000+00:00,2026-05-15T04:38:58.350000+00:00,2026-05-14 21:28,airplanes-live
N102DZ,2025-12-02,FAA LADD flag appears between 2025-12-01 and 2026-04-01 (ADS-B Exchange DB); FlightAware block visible 2026-01-14 (Wayback),2026-05-15,KVNY,Van Nuys Airport,Van Nuys,US-CA,US,2026-05-15T19:38:58.570000+00:00,2026-05-15T20:22:12.430000+00:00,2026-05-15 12:38,airplanes-live
N102DZ,2025-12-02,FAA LADD flag appears between 2025-12-01 and 2026-04-01 (ADS-B Exchange DB); FlightAware block visible 2026-01-14 (Wayback),2026-05-15,KSNA,John Wayne Orange County International Airport,Santa Ana,US-CA,US,2026-05-15T21:42:08.810000+00:00,2026-05-15T21:42:54.640000+00:00,2026-05-15 14:42,airplanes-live
N102DZ,2025-12-02,FAA LADD flag appears between 2025-12-01 and 2026-04-01 (ADS-B Exchange DB); FlightAware block visible 2026-01-14 (Wayback),2026-05-16,KIND,Indianapolis International Airport,Indianapolis,US-IN,US,2026-05-16T01:09:38.220000+00:00,2026-05-16T01:14:23.500000+00:00,2026-05-15 21:09,airplanes-live
N102DZ,2025-12-02,FAA LADD flag appears between 2025-12-01 and 2026-04-01 (ADS-B Exchange DB); FlightAware block visible 2026-01-14 (Wayback),2026-05-17,KIND,Indianapolis International Airport,Indianapolis,US-IN,US,2026-05-17T20:54:16.910000+00:00,2026-05-17T20:57:07.200000+00:00,2026-05-17 16:54,airplanes-live
N102DZ,2025-12-02,FAA LADD flag appears between 2025-12-01 and 2026-04-01 (ADS-B Exchange DB); FlightAware block visible 2026-01-14 (Wayback),2026-05-18,KFLL,Fort Lauderdale Hollywood International Airport,Fort Lauderdale,US-FL,US,2026-05-18T03:53:05.500000+00:00,2026-05-18T03:56:08.070000+00:00,2026-05-17 23:53,airplanes-live
N102DZ,2025-12-02,FAA LADD flag appears between 2025-12-01 and 2026-04-01 (ADS-B Exchange DB); FlightAware block visible 2026-01-14 (Wayback),2026-05-20,KFLL,Fort Lauderdale Hollywood International Airport,Fort Lauderdale,US-FL,US,2026-05-20T14:04:04.650000+00:00,2026-05-20T14:52:01.640000+00:00,2026-05-20 10:04,airplanes-live
N102DZ,2025-12-02,FAA LADD flag appears between 2025-12-01 and 2026-04-01 (ADS-B Exchange DB); FlightAware block visible 2026-01-14 (Wayback),2026-05-20,KSFM,Sanford Seacoast Regional Airport,Sanford,US-ME,US,2026-05-20T17:37:31.570000+00:00,2026-05-20T18:37:46.170000+00:00,2026-05-20 13:37,airplanes-live
N102DZ,2025-12-02,FAA LADD flag appears between 2025-12-01 and 2026-04-01 (ADS-B Exchange DB); FlightAware block visible 2026-01-14 (Wayback),2026-05-20,KTEB,Teterboro Airport,Teterboro,US-NJ,US,2026-05-20T22:10:37.880000+00:00,2026-05-20T22:27:12.110000+00:00,2026-05-20 18:10,airplanes-live
N102DZ,2025-12-02,FAA LADD flag appears between 2025-12-01 and 2026-04-01 (ADS-B Exchange DB); FlightAware block visible 2026-01-14 (Wayback),2026-05-21,KTEB,Teterboro Airport,Teterboro,US-NJ,US,2026-05-21T02:16:59.130000+00:00,2026-05-21T02:28:15.920000+00:00,2026-05-20 22:16,airplanes-live
N102DZ,2025-12-02,FAA LADD flag appears between 2025-12-01 and 2026-04-01 (ADS-B Exchange DB); FlightAware block visible 2026-01-14 (Wayback),2026-05-21,KBAZ,New Braunfels National Airport,New Braunfels,US-TX,US,2026-05-21T05:55:09.240000+00:00,2026-05-21T06:08:57.860000+00:00,2026-05-21 00:55,airplanes-live
N102DZ,2025-12-02,FAA LADD flag appears between 2025-12-01 and 2026-04-01 (ADS-B Exchange DB); FlightAware block visible 2026-01-14 (Wayback),2026-05-21,KBAZ,New Braunfels National Airport,New Braunfels,US-TX,US,2026-05-21T20:41:06.970000+00:00,2026-05-21T21:00:47.150000+00:00,2026-05-21 15:41,airplanes-live
N102DZ,2025-12-02,FAA LADD flag appears between 2025-12-01 and 2026-04-01 (ADS-B Exchange DB); FlightAware block visible 2026-01-14 (Wayback),2026-05-22,KTEB,Teterboro Airport,Teterboro,US-NJ,US,2026-05-22T23:30:19.270000+00:00,2026-05-22T23:35:28.230000+00:00,2026-05-22 19:30,airplanes-live
N102DZ,2025-12-02,FAA LADD flag appears between 2025-12-01 and 2026-04-01 (ADS-B Exchange DB); FlightAware block visible 2026-01-14 (Wayback),2026-05-23,KTEB,Teterboro Airport,Teterboro,US-NJ,US,2026-05-23T20:16:56.970000+00:00,2026-05-23T20:22:51.650000+00:00,2026-05-23 16:16,airplanes-live
N102DZ,2025-12-02,FAA LADD flag appears between 2025-12-01 and 2026-04-01 (ADS-B Exchange DB); FlightAware block visible 2026-01-14 (Wayback),2026-05-23,KBAZ,New Braunfels National Airport,New Braunfels,US-TX,US,2026-05-23T23:45:00.680000+00:00,2026-05-23T23:54:55.590000+00:00,2026-05-23 18:45,airplanes-live
N102DZ,2025-12-02,FAA LADD flag appears between 2025-12-01 and 2026-04-01 (ADS-B Exchange DB); FlightAware block visible 2026-01-14 (Wayback),2026-05-24,KBAZ,New Braunfels National Airport,New Braunfels,US-TX,US,2026-05-24T15:45:00.930000+00:00,2026-05-24T15:48:58+00:00,2026-05-24 10:45,airplanes-live
N102DZ,2025-12-02,FAA LADD flag appears between 2025-12-01 and 2026-04-01 (ADS-B Exchange DB); FlightAware block visible 2026-01-14 (Wayback),2026-05-24,KTEB,Teterboro Airport,Teterboro,US-NJ,US,2026-05-24T19:32:52.950000+00:00,2026-05-24T20:05:52.330000+00:00,2026-05-24 15:32,airplanes-live
N102DZ,2025-12-02,FAA LADD flag appears between 2025-12-01 and 2026-04-01 (ADS-B Exchange DB); FlightAware block visible 2026-01-14 (Wayback),2026-05-24,KMEM,Frederick W. Smith International Airport,Memphis,US-TN,US,2026-05-24T23:52:18.950000+00:00,2026-05-24T23:52:25.990000+00:00,2026-05-24 18:52,airplanes-live
N102DZ,2025-12-02,FAA LADD flag appears between 2025-12-01 and 2026-04-01 (ADS-B Exchange DB); FlightAware block visible 2026-01-14 (Wayback),2026-05-25,KBAZ,New Braunfels National Airport,New Braunfels,US-TX,US,2026-05-25T04:11:55.110000+00:00,2026-05-25T04:13:12.150000+00:00,2026-05-24 23:11,airplanes-live
N102DZ,2025-12-02,FAA LADD flag appears between 2025-12-01 and 2026-04-01 (ADS-B Exchange DB); FlightAware block visible 2026-01-14 (Wayback),2026-05-27,KBAZ,New Braunfels National Airport,New Braunfels,US-TX,US,2026-05-27T14:34:19.930000+00:00,2026-05-27T14:40:47.080000+00:00,2026-05-27 09:34,airplanes-live
N102DZ,2025-12-02,FAA LADD flag appears between 2025-12-01 and 2026-04-01 (ADS-B Exchange DB); FlightAware block visible 2026-01-14 (Wayback),2026-05-27,KAUS,Austin Bergstrom International Airport,Austin,US-TX,US,2026-05-27T19:00:41.150000+00:00,2026-05-27T19:45:13.080000+00:00,2026-05-27 14:00,airplanes-live
N102DZ,2025-12-02,FAA LADD flag appears between 2025-12-01 and 2026-04-01 (ADS-B Exchange DB); FlightAware block visible 2026-01-14 (Wayback),2026-05-27,KBFI,King County International Airport - Boeing Field,Seattle,US-WA,US,2026-05-27T23:06:47.160000+00:00,2026-05-27T23:12:13.720000+00:00,2026-05-27 16:06,airplanes-live
N102DZ,2025-12-02,FAA LADD flag appears between 2025-12-01 and 2026-04-01 (ADS-B Exchange DB); FlightAware block visible 2026-01-14 (Wayback),2026-05-28,KBFI,King County International Airport - Boeing Field,Seattle,US-WA,US,2026-05-28T18:09:57.990000+00:00,2026-05-28T18:33:09.650000+00:00,2026-05-28 11:09,airplanes-live
N102DZ,2025-12-02,FAA LADD flag appears between 2025-12-01 and 2026-04-01 (ADS-B Exchange DB); FlightAware block visible 2026-01-14 (Wayback),2026-05-28,KSBA,Santa Barbara Municipal Airport,Santa Barbara,US-CA,US,2026-05-28T20:33:54.260000+00:00,2026-05-28T21:06:16.100000+00:00,2026-05-28 13:33,airplanes-live
N102DZ,2025-12-02,FAA LADD flag appears between 2025-12-01 and 2026-04-01 (ADS-B Exchange DB); FlightAware block visible 2026-01-14 (Wayback),2026-05-28,KSDL,Scottsdale Airport,Scottsdale,US-AZ,US,2026-05-28T22:10:06.020000+00:00,2026-05-28T23:20:01+00:00,2026-05-28 15:10,airplanes-live
N102DZ,2025-12-02,FAA LADD flag appears between 2025-12-01 and 2026-04-01 (ADS-B Exchange DB); FlightAware block visible 2026-01-14 (Wayback),2026-05-29,KSBA,Santa Barbara Municipal Airport,Santa Barbara,US-CA,US,2026-05-29T00:29:36.550000+00:00,2026-05-29T00:30:41.810000+00:00,2026-05-28 17:29,airplanes-live
N102DZ,2025-12-02,FAA LADD flag appears between 2025-12-01 and 2026-04-01 (ADS-B Exchange DB); FlightAware block visible 2026-01-14 (Wayback),2026-05-31,KSBA,Santa Barbara Municipal Airport,Santa Barbara,US-CA,US,2026-05-31T18:15:10.540000+00:00,2026-05-31T18:20:24.760000+00:00,2026-05-31 11:15,airplanes-live
N102DZ,2025-12-02,FAA LADD flag appears between 2025-12-01 and 2026-04-01 (ADS-B Exchange DB); FlightAware block visible 2026-01-14 (Wayback),2026-05-31,KBFI,King County International Airport - Boeing Field,Seattle,US-WA,US,2026-05-31T20:16:55.890000+00:00,2026-05-31T20:46:01.230000+00:00,2026-05-31 13:16,airplanes-live
N102DZ,2025-12-02,FAA LADD flag appears between 2025-12-01 and 2026-04-01 (ADS-B Exchange DB); FlightAware block visible 2026-01-14 (Wayback),2026-05-31,KSDL,Scottsdale Airport,Scottsdale,US-AZ,US,2026-05-31T23:00:14.410000+00:00,2026-06-01T00:03:25.740000+00:00,2026-05-31 16:00,adsbexchange-samples;airplanes-live
N102DZ,2025-12-02,FAA LADD flag appears between 2025-12-01 and 2026-04-01 (ADS-B Exchange DB); FlightAware block visible 2026-01-14 (Wayback),2026-06-01,KBCT,Boca Raton Airport,Boca Raton,US-FL,US,2026-06-01T03:40:51.890000+00:00,2026-06-01T03:49:01.530000+00:00,2026-05-31 23:40,adsbexchange-samples;airplanes-live
N102DZ,2025-12-02,FAA LADD flag appears between 2025-12-01 and 2026-04-01 (ADS-B Exchange DB); FlightAware block visible 2026-01-14 (Wayback),2026-06-02,KFLL,Fort Lauderdale Hollywood International Airport,Fort Lauderdale,US-FL,US,2026-06-02T12:29:59.650000+00:00,2026-06-02T14:02:02.150000+00:00,2026-06-02 08:29,airplanes-live
N102DZ,2025-12-02,FAA LADD flag appears between 2025-12-01 and 2026-04-01 (ADS-B Exchange DB); FlightAware block visible 2026-01-14 (Wayback),2026-06-02,KAPA,Centennial Airport,Denver,US-CO,US,2026-06-02T17:40:17.680000+00:00,2026-06-02T17:42:59.280000+00:00,2026-06-02 11:40,airplanes-live
N102DZ,2025-12-02,FAA LADD flag appears between 2025-12-01 and 2026-04-01 (ADS-B Exchange DB); FlightAware block visible 2026-01-14 (Wayback),2026-06-03,KAPA,Centennial Airport,Denver,US-CO,US,2026-06-03T21:43:16.770000+00:00,2026-06-03T21:51:29.300000+00:00,2026-06-03 15:43,airplanes-live
N102DZ,2025-12-02,FAA LADD flag appears between 2025-12-01 and 2026-04-01 (ADS-B Exchange DB); FlightAware block visible 2026-01-14 (Wayback),2026-06-04,KSGJ,Northeast Florida Regional Airport,St Augustine,US-FL,US,2026-06-04T00:48:11.980000+00:00,2026-06-04T01:33:32.010000+00:00,2026-06-03 20:48,airplanes-live
N102DZ,2025-12-02,FAA LADD flag appears between 2025-12-01 and 2026-04-01 (ADS-B Exchange DB); FlightAware block visible 2026-01-14 (Wayback),2026-06-04,KFRG,Republic Airport,East Farmingdale,US-NY,US,2026-06-04T03:32:30.340000+00:00,2026-06-04T04:34:40.930000+00:00,2026-06-03 23:32,airplanes-live
N102DZ,2025-12-02,FAA LADD flag appears between 2025-12-01 and 2026-04-01 (ADS-B Exchange DB); FlightAware block visible 2026-01-14 (Wayback),2026-06-04,KSDL,Scottsdale Airport,Scottsdale,US-AZ,US,2026-06-04T21:48:17.970000+00:00,2026-06-04T21:52:42.030000+00:00,2026-06-04 14:48,airplanes-live
N102DZ,2025-12-02,FAA LADD flag appears between 2025-12-01 and 2026-04-01 (ADS-B Exchange DB); FlightAware block visible 2026-01-14 (Wayback),2026-06-05,KSDL,Scottsdale Airport,Scottsdale,US-AZ,US,2026-06-05T15:59:56.410000+00:00,2026-06-05T16:10:48.850000+00:00,2026-06-05 08:59,airplanes-live
N102DZ,2025-12-02,FAA LADD flag appears between 2025-12-01 and 2026-04-01 (ADS-B Exchange DB); FlightAware block visible 2026-01-14 (Wayback),2026-06-06,KSDL,Scottsdale Airport,Scottsdale,US-AZ,US,2026-06-06T05:42:28.790000+00:00,2026-06-06T05:56:30.260000+00:00,2026-06-05 22:42,airplanes-live
N102DZ,2025-12-02,FAA LADD flag appears between 2025-12-01 and 2026-04-01 (ADS-B Exchange DB); FlightAware block visible 2026-01-14 (Wayback),2026-06-10,KSDL,Scottsdale Airport,Scottsdale,US-AZ,US,2026-06-10T21:33:20.930000+00:00,2026-06-10T21:39:55.280000+00:00,2026-06-10 14:33,airplanes-live
N102DZ,2025-12-02,FAA LADD flag appears between 2025-12-01 and 2026-04-01 (ADS-B Exchange DB); FlightAware block visible 2026-01-14 (Wayback),2026-06-10,KSAN,San Diego International Airport,San Diego,US-CA,US,2026-06-10T22:31:24.220000+00:00,2026-06-11T00:35:53.240000+00:00,2026-06-10 15:31,airplanes-live
N102DZ,2025-12-02,FAA LADD flag appears between 2025-12-01 and 2026-04-01 (ADS-B Exchange DB); FlightAware block visible 2026-01-14 (Wayback),2026-06-11,KPBI,President Donald J. Trump International Airport,West Palm Beach,US-FL,US,2026-06-11T16:59:53.760000+00:00,2026-06-11T18:20:39.500000+00:00,2026-06-11 12:59,airplanes-live
N102DZ,2025-12-02,FAA LADD flag appears between 2025-12-01 and 2026-04-01 (ADS-B Exchange DB); FlightAware block visible 2026-01-14 (Wayback),2026-06-11,KSTL,St. Louis Lambert International Airport,St Louis,US-MO,US,2026-06-11T20:36:24.340000+00:00,2026-06-11T21:04:39.930000+00:00,2026-06-11 15:36,airplanes-live
N102DZ,2025-12-02,FAA LADD flag appears between 2025-12-01 and 2026-04-01 (ADS-B Exchange DB); FlightAware block visible 2026-01-14 (Wayback),2026-06-11,KDAB,Daytona Beach International Airport,Daytona Beach,US-FL,US,2026-06-11T22:58:44.550000+00:00,2026-06-11T22:58:44.550000+00:00,2026-06-11 18:58,airplanes-live
N102DZ,2025-12-02,FAA LADD flag appears between 2025-12-01 and 2026-04-01 (ADS-B Exchange DB); FlightAware block visible 2026-01-14 (Wayback),2026-06-12,KBCT,Boca Raton Airport,Boca Raton,US-FL,US,2026-06-12T13:20:04.170000+00:00,2026-06-12T13:22:11.230000+00:00,2026-06-12 09:20,airplanes-live
N102DZ,2025-12-02,FAA LADD flag appears between 2025-12-01 and 2026-04-01 (ADS-B Exchange DB); FlightAware block visible 2026-01-14 (Wayback),2026-06-12,KBCT,Boca Raton Airport,Boca Raton,US-FL,US,2026-06-12T17:28:18.930000+00:00,2026-06-12T17:33:53.990000+00:00,2026-06-12 13:28,airplanes-live
N102DZ,2025-12-02,FAA LADD flag appears between 2025-12-01 and 2026-04-01 (ADS-B Exchange DB); FlightAware block visible 2026-01-14 (Wayback),2026-06-13,KIAD,Washington Dulles International Airport,Dulles,US-VA,US,2026-06-13T20:05:09.450000+00:00,2026-06-13T20:59:21.350000+00:00,2026-06-13 16:05,airplanes-live
N102DZ,2025-12-02,FAA LADD flag appears between 2025-12-01 and 2026-04-01 (ADS-B Exchange DB); FlightAware block visible 2026-01-14 (Wayback),2026-06-13,KPBI,President Donald J. Trump International Airport,West Palm Beach,US-FL,US,2026-06-13T22:54:56.620000+00:00,2026-06-13T22:57:03.900000+00:00,2026-06-13 18:54,airplanes-live
N102DZ,2025-12-02,FAA LADD flag appears between 2025-12-01 and 2026-04-01 (ADS-B Exchange DB); FlightAware block visible 2026-01-14 (Wayback),2026-06-14,KPBI,President Donald J. Trump International Airport,West Palm Beach,US-FL,US,2026-06-14T12:48:47.170000+00:00,2026-06-14T12:55:00.030000+00:00,2026-06-14 08:48,airplanes-live
N102DZ,2025-12-02,FAA LADD flag appears between 2025-12-01 and 2026-04-01 (ADS-B Exchange DB); FlightAware block visible 2026-01-14 (Wayback),2026-06-14,KFOK,Francis S Gabreski Airport,Westhampton Beach,US-NY,US,2026-06-14T15:16:03.330000+00:00,2026-06-14T17:59:32.750000+00:00,2026-06-14 11:16,airplanes-live
N102DZ,2025-12-02,FAA LADD flag appears between 2025-12-01 and 2026-04-01 (ADS-B Exchange DB); FlightAware block visible 2026-01-14 (Wayback),2026-06-14,KMDW,Chicago Midway International Airport,Chicago,US-IL,US,2026-06-14T20:12:47.350000+00:00,2026-06-14T20:17:30.300000+00:00,2026-06-14 15:12,airplanes-live
N102DZ,2025-12-02,FAA LADD flag appears between 2025-12-01 and 2026-04-01 (ADS-B Exchange DB); FlightAware block visible 2026-01-14 (Wayback),2026-06-15,KMDW,Chicago Midway International Airport,Chicago,US-IL,US,2026-06-15T16:20:22.360000+00:00,2026-06-15T16:26:38.540000+00:00,2026-06-15 11:20,airplanes-live
N102DZ,2025-12-02,FAA LADD flag appears between 2025-12-01 and 2026-04-01 (ADS-B Exchange DB); FlightAware block visible 2026-01-14 (Wayback),2026-06-15,KBCT,Boca Raton Airport,Boca Raton,US-FL,US,2026-06-15T18:40:54.260000+00:00,2026-06-15T18:45:57.180000+00:00,2026-06-15 14:40,airplanes-live
N102DZ,2025-12-02,FAA LADD flag appears between 2025-12-01 and 2026-04-01 (ADS-B Exchange DB); FlightAware block visible 2026-01-14 (Wayback),2026-06-15,KBCT,Boca Raton Airport,Boca Raton,US-FL,US,2026-06-15T22:37:55.430000+00:00,2026-06-15T22:49:09.870000+00:00,2026-06-15 18:37,airplanes-live
N102DZ,2025-12-02,FAA LADD flag appears between 2025-12-01 and 2026-04-01 (ADS-B Exchange DB); FlightAware block visible 2026-01-14 (Wayback),2026-06-16,KSDL,Scottsdale Airport,Scottsdale,US-AZ,US,2026-06-16T03:00:50.990000+00:00,2026-06-16T03:14:16.190000+00:00,2026-06-15 20:00,airplanes-live
N102DZ,2025-12-02,FAA LADD flag appears between 2025-12-01 and 2026-04-01 (ADS-B Exchange DB); FlightAware block visible 2026-01-14 (Wayback),2026-06-18,KSDL,Scottsdale Airport,Scottsdale,US-AZ,US,2026-06-18T14:27:24+00:00,2026-06-18T14:34:10.810000+00:00,2026-06-18 07:27,airplanes-live
N102DZ,2025-12-02,FAA LADD flag appears between 2025-12-01 and 2026-04-01 (ADS-B Exchange DB); FlightAware block visible 2026-01-14 (Wayback),2026-06-18,KLAS,Harry Reid International Airport,Las Vegas,US-NV,US,2026-06-18T18:39:02.880000+00:00,2026-06-18T18:44:53.660000+00:00,2026-06-18 11:39,airplanes-live
N102DZ,2025-12-02,FAA LADD flag appears between 2025-12-01 and 2026-04-01 (ADS-B Exchange DB); FlightAware block visible 2026-01-14 (Wayback),2026-06-20,KLAS,Harry Reid International Airport,Las Vegas,US-NV,US,2026-06-20T19:36:26.370000+00:00,2026-06-20T19:41:07.580000+00:00,2026-06-20 12:36,airplanes-live
N102DZ,2025-12-02,FAA LADD flag appears between 2025-12-01 and 2026-04-01 (ADS-B Exchange DB); FlightAware block visible 2026-01-14 (Wayback),2026-06-21,KSTL,St. Louis Lambert International Airport,St Louis,US-MO,US,2026-06-21T17:58:33.020000+00:00,2026-06-21T18:01:46.300000+00:00,2026-06-21 12:58,airplanes-live
N102DZ,2025-12-02,FAA LADD flag appears between 2025-12-01 and 2026-04-01 (ADS-B Exchange DB); FlightAware block visible 2026-01-14 (Wayback),2026-06-24,KPDK,DeKalb Peachtree Airport,Atlanta,US-GA,US,2026-06-24T15:20:54.310000+00:00,2026-06-24T16:28:27.580000+00:00,2026-06-24 11:20,airplanes-live
N102DZ,2025-12-02,FAA LADD flag appears between 2025-12-01 and 2026-04-01 (ADS-B Exchange DB); FlightAware block visible 2026-01-14 (Wayback),2026-06-24,KAUO,Auburn University Regional Airport,Auburn,US-AL,US,2026-06-24T20:29:26.430000+00:00,2026-06-24T21:22:22.750000+00:00,2026-06-24 15:29,airplanes-live
N102DZ,2025-12-02,FAA LADD flag appears between 2025-12-01 and 2026-04-01 (ADS-B Exchange DB); FlightAware block visible 2026-01-14 (Wayback),2026-06-26,KPBI,President Donald J. Trump International Airport,West Palm Beach,US-FL,US,2026-06-26T18:45:45.400000+00:00,2026-06-26T18:48:23.930000+00:00,2026-06-26 14:45,airplanes-live
N102DZ,2025-12-02,FAA LADD flag appears between 2025-12-01 and 2026-04-01 (ADS-B Exchange DB); FlightAware block visible 2026-01-14 (Wayback),2026-06-27,KPBI,President Donald J. Trump International Airport,West Palm Beach,US-FL,US,2026-06-27T14:57:52.470000+00:00,2026-06-27T15:00:52.420000+00:00,2026-06-27 10:57,airplanes-live
N102DZ,2025-12-02,FAA LADD flag appears between 2025-12-01 and 2026-04-01 (ADS-B Exchange DB); FlightAware block visible 2026-01-14 (Wayback),2026-06-27,KLAS,Harry Reid International Airport,Las Vegas,US-NV,US,2026-06-27T19:30:41.350000+00:00,2026-06-27T21:59:23.750000+00:00,2026-06-27 12:30,airplanes-live
N102DZ,2025-12-02,FAA LADD flag appears between 2025-12-01 and 2026-04-01 (ADS-B Exchange DB); FlightAware block visible 2026-01-14 (Wayback),2026-06-28,KDAL,Dallas Love Field,Dallas,US-TX,US,2026-06-28T12:05:57.360000+00:00,2026-06-28T14:26:51.140000+00:00,2026-06-28 07:05,airplanes-live
N102DZ,2025-12-02,FAA LADD flag appears between 2025-12-01 and 2026-04-01 (ADS-B Exchange DB); FlightAware block visible 2026-01-14 (Wayback),2026-06-28,4CO0,Glen-Aspen Airport,Carbondale,US-CO,US,2026-06-28T17:24:20.460000+00:00,2026-06-28T17:24:20.460000+00:00,2026-06-28 11:24,airplanes-live
N102DZ,2025-12-02,FAA LADD flag appears between 2025-12-01 and 2026-04-01 (ADS-B Exchange DB); FlightAware block visible 2026-01-14 (Wayback),2026-06-28,KSDL,Scottsdale Airport,Scottsdale,US-AZ,US,2026-06-28T18:32:10.300000+00:00,2026-06-28T20:37:44.320000+00:00,2026-06-28 11:32,airplanes-live
N102DZ,2025-12-02,FAA LADD flag appears between 2025-12-01 and 2026-04-01 (ADS-B Exchange DB); FlightAware block visible 2026-01-14 (Wayback),2026-07-02,KPBI,President Donald J. Trump International Airport,West Palm Beach,US-FL,US,2026-07-02T14:50:53.880000+00:00,2026-07-02T17:12:59.660000+00:00,2026-07-02 10:50,airplanes-live
N102DZ,2025-12-02,FAA LADD flag appears between 2025-12-01 and 2026-04-01 (ADS-B Exchange DB); FlightAware block visible 2026-01-14 (Wayback),2026-07-02,KSDL,Scottsdale Airport,Scottsdale,US-AZ,US,2026-07-02T22:16:33.180000+00:00,2026-07-02T22:21:16.830000+00:00,2026-07-02 15:16,airplanes-live
N102DZ,2025-12-02,FAA LADD flag appears between 2025-12-01 and 2026-04-01 (ADS-B Exchange DB); FlightAware block visible 2026-01-14 (Wayback),2026-07-06,KSDL,Scottsdale Airport,Scottsdale,US-AZ,US,2026-07-06T00:14:30.490000+00:00,2026-07-06T00:20:56.810000+00:00,2026-07-05 17:14,airplanes-live
N102DZ,2025-12-02,FAA LADD flag appears between 2025-12-01 and 2026-04-01 (ADS-B Exchange DB); FlightAware block visible 2026-01-14 (Wayback),2026-07-06,KOGD,Ogden Hinckley Airport,Ogden,US-UT,US,2026-07-06T01:29:59.830000+00:00,2026-07-06T01:44:33.320000+00:00,2026-07-05 19:29,airplanes-live
N102DZ,2025-12-02,FAA LADD flag appears between 2025-12-01 and 2026-04-01 (ADS-B Exchange DB); FlightAware block visible 2026-01-14 (Wayback),2026-07-06,KOGD,Ogden Hinckley Airport,Ogden,US-UT,US,2026-07-06T14:38:49.860000+00:00,2026-07-06T14:44:27.170000+00:00,2026-07-06 08:38,airplanes-live
N102DZ,2025-12-02,FAA LADD flag appears between 2025-12-01 and 2026-04-01 (ADS-B Exchange DB); FlightAware block visible 2026-01-14 (Wayback),2026-07-06,KSDL,Scottsdale Airport,Scottsdale,US-AZ,US,2026-07-06T20:07:10.760000+00:00,2026-07-06T21:04:01.350000+00:00,2026-07-06 13:07,airplanes-live
N102DZ,2025-12-02,FAA LADD flag appears between 2025-12-01 and 2026-04-01 (ADS-B Exchange DB); FlightAware block visible 2026-01-14 (Wayback),2026-07-07,KLAS,Harry Reid International Airport,Las Vegas,US-NV,US,2026-07-07T18:42:13.910000+00:00,2026-07-07T18:48:00.930000+00:00,2026-07-07 11:42,airplanes-live
N102DZ,2025-12-02,FAA LADD flag appears between 2025-12-01 and 2026-04-01 (ADS-B Exchange DB); FlightAware block visible 2026-01-14 (Wayback),2026-07-07,KLAS,Harry Reid International Airport,Las Vegas,US-NV,US,2026-07-07T23:23:54.440000+00:00,2026-07-07T23:31:10.710000+00:00,2026-07-07 16:23,airplanes-live
N102DZ,2025-12-02,FAA LADD flag appears between 2025-12-01 and 2026-04-01 (ADS-B Exchange DB); FlightAware block visible 2026-01-14 (Wayback),2026-07-09,KTYQ,Indianapolis Executive Airport,Indianapolis,US-IN,US,2026-07-09T01:17:22.900000+00:00,2026-07-09T01:20:32.690000+00:00,2026-07-08 21:17,airplanes-live
N102DZ,2025-12-02,FAA LADD flag appears between 2025-12-01 and 2026-04-01 (ADS-B Exchange DB); FlightAware block visible 2026-01-14 (Wayback),2026-07-09,KDAL,Dallas Love Field,Dallas,US-TX,US,2026-07-09T19:19:15.290000+00:00,2026-07-09T19:19:20.320000+00:00,2026-07-09 14:19,airplanes-live
N102DZ,2025-12-02,FAA LADD flag appears between 2025-12-01 and 2026-04-01 (ADS-B Exchange DB); FlightAware block visible 2026-01-14 (Wayback),2026-07-09,KSDL,Scottsdale Airport,Scottsdale,US-AZ,US,2026-07-09T23:01:08.800000+00:00,2026-07-09T23:15:31.430000+00:00,2026-07-09 16:01,airplanes-live
N102DZ,2025-12-02,FAA LADD flag appears between 2025-12-01 and 2026-04-01 (ADS-B Exchange DB); FlightAware block visible 2026-01-14 (Wayback),2026-07-10,KLAS,Harry Reid International Airport,Las Vegas,US-NV,US,2026-07-10T13:54:22.650000+00:00,2026-07-10T16:06:40.710000+00:00,2026-07-10 06:54,airplanes-live
N102DZ,2025-12-02,FAA LADD flag appears between 2025-12-01 and 2026-04-01 (ADS-B Exchange DB); FlightAware block visible 2026-01-14 (Wayback),2026-07-11,KIAD,Washington Dulles International Airport,Dulles,US-VA,US,2026-07-11T11:00:10.750000+00:00,2026-07-11T12:02:22.250000+00:00,2026-07-11 07:00,airplanes-live
N102DZ,2025-12-02,FAA LADD flag appears between 2025-12-01 and 2026-04-01 (ADS-B Exchange DB); FlightAware block visible 2026-01-14 (Wayback),2026-07-11,KSFO,San Francisco International Airport,San Francisco,US-CA,US,2026-07-11T17:05:18.950000+00:00,2026-07-11T17:16:42.890000+00:00,2026-07-11 10:05,airplanes-live
N102DZ,2025-12-02,FAA LADD flag appears between 2025-12-01 and 2026-04-01 (ADS-B Exchange DB); FlightAware block visible 2026-01-14 (Wayback),2026-07-12,KSFO,San Francisco International Airport,San Francisco,US-CA,US,2026-07-12T16:19:07.760000+00:00,2026-07-12T16:25:15.230000+00:00,2026-07-12 09:19,airplanes-live
N102DZ,2025-12-02,FAA LADD flag appears between 2025-12-01 and 2026-04-01 (ADS-B Exchange DB); FlightAware block visible 2026-01-14 (Wayback),2026-07-12,KSBA,Santa Barbara Municipal Airport,Santa Barbara,US-CA,US,2026-07-12T17:13:40.670000+00:00,2026-07-12T19:01:58.860000+00:00,2026-07-12 10:13,airplanes-live
N102DZ,2025-12-02,FAA LADD flag appears between 2025-12-01 and 2026-04-01 (ADS-B Exchange DB); FlightAware block visible 2026-01-14 (Wayback),2026-07-12,KFTW,Fort Worth Meacham International Airport,Fort Worth,US-TX,US,2026-07-12T22:39:23.930000+00:00,2026-07-12T22:39:23.930000+00:00,2026-07-12 17:39,airplanes-live
N102DZ,2025-12-02,FAA LADD flag appears between 2025-12-01 and 2026-04-01 (ADS-B Exchange DB); FlightAware block visible 2026-01-14 (Wayback),2026-07-13,KDAB,Daytona Beach International Airport,Daytona Beach,US-FL,US,2026-07-13T00:43:24.220000+00:00,2026-07-13T00:45:19.460000+00:00,2026-07-12 20:43,airplanes-live
N102DZ,2025-12-02,FAA LADD flag appears between 2025-12-01 and 2026-04-01 (ADS-B Exchange DB); FlightAware block visible 2026-01-14 (Wayback),2026-07-14,KSDL,Scottsdale Airport,Scottsdale,US-AZ,US,2026-07-14T00:36:38.150000+00:00,2026-07-14T00:39:12.960000+00:00,2026-07-13 17:36,airplanes-live
N102DZ,2025-12-02,FAA LADD flag appears between 2025-12-01 and 2026-04-01 (ADS-B Exchange DB); FlightAware block visible 2026-01-14 (Wayback),2026-07-18,KSDL,Scottsdale Airport,Scottsdale,US-AZ,US,2026-07-18T12:33:25.550000+00:00,2026-07-18T12:38:14.350000+00:00,2026-07-18 05:33,airplanes-live
N102DZ,2025-12-02,FAA LADD flag appears between 2025-12-01 and 2026-04-01 (ADS-B Exchange DB); FlightAware block visible 2026-01-14 (Wayback),2026-07-18,KSNA,John Wayne Orange County International Airport,Santa Ana,US-CA,US,2026-07-18T13:29:38.710000+00:00,2026-07-18T15:22:35.080000+00:00,2026-07-18 06:29,airplanes-live
N102DZ,2025-12-02,FAA LADD flag appears between 2025-12-01 and 2026-04-01 (ADS-B Exchange DB); FlightAware block visible 2026-01-14 (Wayback),2026-07-20,KPDK,DeKalb Peachtree Airport,Atlanta,US-GA,US,2026-07-20T16:00:33.840000+00:00,2026-07-20T16:01:14.480000+00:00,2026-07-20 12:00,airplanes-live
N102DZ,2025-12-02,FAA LADD flag appears between 2025-12-01 and 2026-04-01 (ADS-B Exchange DB); FlightAware block visible 2026-01-14 (Wayback),2026-07-20,KPDK,DeKalb Peachtree Airport,Atlanta,US-GA,US,2026-07-20T21:41:35.050000+00:00,2026-07-20T21:44:10.200000+00:00,2026-07-20 17:41,airplanes-live
N102DZ,2025-12-02,FAA LADD flag appears between 2025-12-01 and 2026-04-01 (ADS-B Exchange DB); FlightAware block visible 2026-01-14 (Wayback),2026-07-20,KSAT,San Antonio International Airport,San Antonio,US-TX,US,2026-07-20T23:30:58.260000+00:00,2026-07-20T23:36:45.810000+00:00,2026-07-20 18:30,airplanes-live
N102DZ,2025-12-02,FAA LADD flag appears between 2025-12-01 and 2026-04-01 (ADS-B Exchange DB); FlightAware block visible 2026-01-14 (Wayback),2026-07-22,KSAT,San Antonio International Airport,San Antonio,US-TX,US,2026-07-22T10:48:29.440000+00:00,2026-07-22T10:52:24.670000+00:00,2026-07-22 05:48,airplanes-live
N102DZ,2025-12-02,FAA LADD flag appears between 2025-12-01 and 2026-04-01 (ADS-B Exchange DB); FlightAware block visible 2026-01-14 (Wayback),2026-07-22,KBWI,Baltimore/Washington International Thurgood Marshall Airport,Baltimore,US-MD,US,2026-07-22T13:54:06.070000+00:00,2026-07-22T13:56:00.040000+00:00,2026-07-22 09:54,airplanes-live
N102DZ,2025-12-02,FAA LADD flag appears between 2025-12-01 and 2026-04-01 (ADS-B Exchange DB); FlightAware block visible 2026-01-14 (Wayback),2026-07-22,KBWI,Baltimore/Washington International Thurgood Marshall Airport,Baltimore,US-MD,US,2026-07-22T20:18:46.430000+00:00,2026-07-22T21:04:14.990000+00:00,2026-07-22 16:18,airplanes-live
N102DZ,2025-12-02,FAA LADD flag appears between 2025-12-01 and 2026-04-01 (ADS-B Exchange DB); FlightAware block visible 2026-01-14 (Wayback),2026-07-23,KADS,Addison Airport,Dallas,US-TX,US,2026-07-23T19:26:37.590000+00:00,2026-07-23T21:11:45.560000+00:00,2026-07-23 14:26,airplanes-live
N102DZ,2025-12-02,FAA LADD flag appears between 2025-12-01 and 2026-04-01 (ADS-B Exchange DB); FlightAware block visible 2026-01-14 (Wayback),2026-07-23,KSTP,Saint Paul Downtown Holman Field,Saint Paul,US-MN,US,2026-07-23T23:04:18.310000+00:00,2026-07-23T23:09:58.210000+00:00,2026-07-23 18:04,airplanes-live
N102DZ,2025-12-02,FAA LADD flag appears between 2025-12-01 and 2026-04-01 (ADS-B Exchange DB); FlightAware block visible 2026-01-14 (Wayback),2026-07-24,KSTP,Saint Paul Downtown Holman Field,Saint Paul,US-MN,US,2026-07-24T13:11:21.720000+00:00,2026-07-24T13:14:10.700000+00:00,2026-07-24 08:11,airplanes-live
N102DZ,2025-12-02,FAA LADD flag appears between 2025-12-01 and 2026-04-01 (ADS-B Exchange DB); FlightAware block visible 2026-01-14 (Wayback),2026-07-24,KBWI,Baltimore/Washington International Thurgood Marshall Airport,Baltimore,US-MD,US,2026-07-24T15:01:09.640000+00:00,2026-07-24T17:49:31.260000+00:00,2026-07-24 11:01,airplanes-live
N102DZ,2025-12-02,FAA LADD flag appears between 2025-12-01 and 2026-04-01 (ADS-B Exchange DB); FlightAware block visible 2026-01-14 (Wayback),2026-07-24,KSAT,San Antonio International Airport,San Antonio,US-TX,US,2026-07-24T20:43:25.670000+00:00,2026-07-24T21:37:51.060000+00:00,2026-07-24 15:43,airplanes-live
N102DZ,2025-12-02,FAA LADD flag appears between 2025-12-01 and 2026-04-01 (ADS-B Exchange DB); FlightAware block visible 2026-01-14 (Wayback),2026-07-25,KFRG,Republic Airport,East Farmingdale,US-NY,US,2026-07-25T00:58:47.780000+00:00,2026-07-25T01:07:04.590000+00:00,2026-07-24 20:58,airplanes-live
N102DZ,2025-12-02,FAA LADD flag appears between 2025-12-01 and 2026-04-01 (ADS-B Exchange DB); FlightAware block visible 2026-01-14 (Wayback),2026-07-25,KFRG,Republic Airport,East Farmingdale,US-NY,US,2026-07-25T15:06:24.760000+00:00,2026-07-25T15:09:10.010000+00:00,2026-07-25 11:06,airplanes-live
N102DZ,2025-12-02,FAA LADD flag appears between 2025-12-01 and 2026-04-01 (ADS-B Exchange DB); FlightAware block visible 2026-01-14 (Wayback),2026-07-25,KPBI,President Donald J. Trump International Airport,West Palm Beach,US-FL,US,2026-07-25T17:26:23.280000+00:00,2026-07-25T17:38:31.560000+00:00,2026-07-25 13:26,airplanes-live
N102DZ,2025-12-02,FAA LADD flag appears between 2025-12-01 and 2026-04-01 (ADS-B Exchange DB); FlightAware block visible 2026-01-14 (Wayback),2026-07-28,KPBI,President Donald J. Trump International Airport,West Palm Beach,US-FL,US,2026-07-28T21:36:04.460000+00:00,2026-07-28T21:36:44.630000+00:00,2026-07-28 17:36,airplanes-live
N102DZ,2025-12-02,FAA LADD flag appears between 2025-12-01 and 2026-04-01 (ADS-B Exchange DB); FlightAware block visible 2026-01-14 (Wayback),2026-07-29,KSDL,Scottsdale Airport,Scottsdale,US-AZ,US,2026-07-29T01:22:08.260000+00:00,2026-07-29T01:28:22.240000+00:00,2026-07-28 18:22,airplanes-live
N102DZ,2025-12-02,FAA LADD flag appears between 2025-12-01 and 2026-04-01 (ADS-B Exchange DB); FlightAware block visible 2026-01-14 (Wayback),2026-07-29,KSDL,Scottsdale Airport,Scottsdale,US-AZ,US,2026-07-29T14:51:31.410000+00:00,2026-07-29T15:59:34.490000+00:00,2026-07-29 07:51,airplanes-live
N102DZ,2025-12-02,FAA LADD flag appears between 2025-12-01 and 2026-04-01 (ADS-B Exchange DB); FlightAware block visible 2026-01-14 (Wayback),2026-07-29,KSDL,Scottsdale Airport,Scottsdale,US-AZ,US,2026-07-29T19:52:55.940000+00:00,2026-07-29T19:58:08.990000+00:00,2026-07-29 12:52,airplanes-live
N102DZ,2025-12-02,FAA LADD flag appears between 2025-12-01 and 2026-04-01 (ADS-B Exchange DB); FlightAware block visible 2026-01-14 (Wayback),2026-07-30,KTEB,Teterboro Airport,Teterboro,US-NJ,US,2026-07-30T01:11:34.740000+00:00,2026-07-30T01:29:02.470000+00:00,2026-07-29 21:11,airplanes-live
N102DZ,2025-12-02,FAA LADD flag appears between 2025-12-01 and 2026-04-01 (ADS-B Exchange DB); FlightAware block visible 2026-01-14 (Wayback),2026-07-30,KTEB,Teterboro Airport,Teterboro,US-NJ,US,2026-07-30T19:56:03.490000+00:00,2026-07-30T20:43:22.080000+00:00,2026-07-30 15:56,airplanes-live
N102DZ,2025-12-02,FAA LADD flag appears between 2025-12-01 and 2026-04-01 (ADS-B Exchange DB); FlightAware block visible 2026-01-14 (Wayback),2026-07-31,KSJC,Mineta San Jose International Airport,San Jose,US-CA,US,2026-07-31T03:16:36.670000+00:00,2026-07-31T03:30:28.910000+00:00,2026-07-30 20:16,airplanes-live
N102DZ,2025-12-02,FAA LADD flag appears between 2025-12-01 and 2026-04-01 (ADS-B Exchange DB); FlightAware block visible 2026-01-14 (Wayback),2026-08-02,KSJC,Mineta San Jose International Airport,San Jose,US-CA,US,2026-08-02T18:54:34.860000+00:00,2026-08-02T18:57:58.610000+00:00,2026-08-02 11:54,airplanes-live
N102DZ,2025-12-02,FAA LADD flag appears between 2025-12-01 and 2026-04-01 (ADS-B Exchange DB); FlightAware block visible 2026-01-14 (Wayback),2026-08-02,KSDL,Scottsdale Airport,Scottsdale,US-AZ,US,2026-08-02T20:23:15.960000+00:00,2026-08-02T20:28:24.900000+00:00,2026-08-02 13:23,airplanes-live
N102DZ,2025-12-02,FAA LADD flag appears between 2025-12-01 and 2026-04-01 (ADS-B Exchange DB); FlightAware block visible 2026-01-14 (Wayback),2026-08-09,KSDL,Scottsdale Airport,Scottsdale,US-AZ,US,2026-08-09T10:53:21.960000+00:00,2026-08-09T10:58:27.250000+00:00,2026-08-09 03:53,airplanes-live
N102DZ,2025-12-02,FAA LADD flag appears between 2025-12-01 and 2026-04-01 (ADS-B Exchange DB); FlightAware block visible 2026-01-14 (Wayback),2026-08-09,KBCT,Boca Raton Airport,Boca Raton,US-FL,US,2026-08-09T14:55:57.840000+00:00,2026-08-09T16:13:32.820000+00:00,2026-08-09 10:55,airplanes-live
N102DZ,2025-12-02,FAA LADD flag appears between 2025-12-01 and 2026-04-01 (ADS-B Exchange DB); FlightAware block visible 2026-01-14 (Wayback),2026-08-12,KSLE,Salem-Willamette Valley Airport/McNary Field,Salem,US-OR,US,2026-08-12T01:05:37.100000+00:00,2026-08-12T01:08:22.690000+00:00,2026-08-11 18:05,airplanes-live
N102DZ,2025-12-02,FAA LADD flag appears between 2025-12-01 and 2026-04-01 (ADS-B Exchange DB); FlightAware block visible 2026-01-14 (Wayback),2026-08-12,KSDL,Scottsdale Airport,Scottsdale,US-AZ,US,2026-08-12T03:55:09.910000+00:00,2026-08-12T03:57:13.690000+00:00,2026-08-11 20:55,airplanes-live
N102DZ,2025-12-02,FAA LADD flag appears between 2025-12-01 and 2026-04-01 (ADS-B Exchange DB); FlightAware block visible 2026-01-14 (Wayback),2026-08-12,KSDL,Scottsdale Airport,Scottsdale,US-AZ,US,2026-08-12T17:08:22.050000+00:00,2026-08-12T17:14:30.190000+00:00,2026-08-12 10:08,airplanes-live
N102DZ,2025-12-02,FAA LADD flag appears between 2025-12-01 and 2026-04-01 (ADS-B Exchange DB); FlightAware block visible 2026-01-14 (Wayback),2026-08-12,KCRQ,McClellan-Palomar Airport,Carlsbad,US-CA,US,2026-08-12T20:19:40.260000+00:00,2026-08-12T22:31:29.770000+00:00,2026-08-12 13:19,airplanes-live
N102DZ,2025-12-02,FAA LADD flag appears between 2025-12-01 and 2026-04-01 (ADS-B Exchange DB); FlightAware block visible 2026-01-14 (Wayback),2026-08-12,KAPC,Napa County Airport,Napa,US-CA,US,2026-08-12T23:37:23.330000+00:00,2026-08-12T23:37:31.500000+00:00,2026-08-12 16:37,airplanes-live
N102DZ,2025-12-02,FAA LADD flag appears between 2025-12-01 and 2026-04-01 (ADS-B Exchange DB); FlightAware block visible 2026-01-14 (Wayback),2026-08-13,KSDL,Scottsdale Airport,Scottsdale,US-AZ,US,2026-08-13T23:19:16.300000+00:00,2026-08-13T23:21:30.680000+00:00,2026-08-13 16:19,airplanes-live
N102DZ,2025-12-02,FAA LADD flag appears between 2025-12-01 and 2026-04-01 (ADS-B Exchange DB); FlightAware block visible 2026-01-14 (Wayback),2026-08-16,KSDL,Scottsdale Airport,Scottsdale,US-AZ,US,2026-08-16T12:35:15.870000+00:00,2026-08-16T12:36:21.380000+00:00,2026-08-16 05:35,airplanes-live
N102DZ,2025-12-02,FAA LADD flag appears between 2025-12-01 and 2026-04-01 (ADS-B Exchange DB); FlightAware block visible 2026-01-14 (Wayback),2026-08-16,KMDW,Chicago Midway International Airport,Chicago,US-IL,US,2026-08-16T20:04:54.470000+00:00,2026-08-16T20:05:14.560000+00:00,2026-08-16 15:04,airplanes-live
N102DZ,2025-12-02,FAA LADD flag appears between 2025-12-01 and 2026-04-01 (ADS-B Exchange DB); FlightAware block visible 2026-01-14 (Wayback),2026-08-17,KCRQ,McClellan-Palomar Airport,Carlsbad,US-CA,US,2026-08-17T21:50:28.870000+00:00,2026-08-17T23:52:17.150000+00:00,2026-08-17 14:50,airplanes-live
N102DZ,2025-12-02,FAA LADD flag appears between 2025-12-01 and 2026-04-01 (ADS-B Exchange DB); FlightAware block visible 2026-01-14 (Wayback),2026-08-18,KSDL,Scottsdale Airport,Scottsdale,US-AZ,US,2026-08-18T00:42:12.070000+00:00,2026-08-18T00:44:02.590000+00:00,2026-08-17 17:42,airplanes-live
N102DZ,2025-12-02,FAA LADD flag appears between 2025-12-01 and 2026-04-01 (ADS-B Exchange DB); FlightAware block visible 2026-01-14 (Wayback),2026-08-18,KSDL,Scottsdale Airport,Scottsdale,US-AZ,US,2026-08-18T16:22:18.400000+00:00,2026-08-18T16:29:29.680000+00:00,2026-08-18 09:22,airplanes-live
N102DZ,2025-12-02,FAA LADD flag appears between 2025-12-01 and 2026-04-01 (ADS-B Exchange DB); FlightAware block visible 2026-01-14 (Wayback),2026-08-18,KSBA,Santa Barbara Municipal Airport,Santa Barbara,US-CA,US,2026-08-18T17:32:34.350000+00:00,2026-08-18T17:35:53.250000+00:00,2026-08-18 10:32,airplanes-live
N102DZ,2025-12-02,FAA LADD flag appears between 2025-12-01 and 2026-04-01 (ADS-B Exchange DB); FlightAware block visible 2026-01-14 (Wayback),2026-08-19,KSBA,Santa Barbara Municipal Airport,Santa Barbara,US-CA,US,2026-08-19T03:20:17.230000+00:00,2026-08-19T03:24:13.710000+00:00,2026-08-18 20:20,airplanes-live
N102DZ,2025-12-02,FAA LADD flag appears between 2025-12-01 and 2026-04-01 (ADS-B Exchange DB); FlightAware block visible 2026-01-14 (Wayback),2026-08-19,KSDL,Scottsdale Airport,Scottsdale,US-AZ,US,2026-08-19T04:28:54.310000+00:00,2026-08-19T04:58:09.770000+00:00,2026-08-18 21:28,airplanes-live
N102DZ,2025-12-02,FAA LADD flag appears between 2025-12-01 and 2026-04-01 (ADS-B Exchange DB); FlightAware block visible 2026-01-14 (Wayback),2026-08-19,KMRY,Monterey Regional Airport,Monterey,US-CA,US,2026-08-19T06:27:29.390000+00:00,2026-08-19T06:31:27.660000+00:00,2026-08-18 23:27,airplanes-live
N102DZ,2025-12-02,FAA LADD flag appears between 2025-12-01 and 2026-04-01 (ADS-B Exchange DB); FlightAware block visible 2026-01-14 (Wayback),2026-08-19,KMRY,Monterey Regional Airport,Monterey,US-CA,US,2026-08-19T17:03:58.450000+00:00,2026-08-19T17:06:26.790000+00:00,2026-08-19 10:03,airplanes-live
N102DZ,2025-12-02,FAA LADD flag appears between 2025-12-01 and 2026-04-01 (ADS-B Exchange DB); FlightAware block visible 2026-01-14 (Wayback),2026-08-19,KSDL,Scottsdale Airport,Scottsdale,US-AZ,US,2026-08-19T18:25:36.140000+00:00,2026-08-19T19:07:19.250000+00:00,2026-08-19 11:25,airplanes-live
N102DZ,2025-12-02,FAA LADD flag appears between 2025-12-01 and 2026-04-01 (ADS-B Exchange DB); FlightAware block visible 2026-01-14 (Wayback),2026-08-19,KSLE,Salem-Willamette Valley Airport/McNary Field,Salem,US-OR,US,2026-08-19T21:07:16.300000+00:00,2026-08-19T22:19:44.410000+00:00,2026-08-19 14:07,airplanes-live
N102DZ,2025-12-02,FAA LADD flag appears between 2025-12-01 and 2026-04-01 (ADS-B Exchange DB); FlightAware block visible 2026-01-14 (Wayback),2026-08-21,KSDL,Scottsdale Airport,Scottsdale,US-AZ,US,2026-08-21T02:16:31.590000+00:00,2026-08-21T02:20:14.990000+00:00,2026-08-20 19:16,airplanes-live
N102DZ,2025-12-02,FAA LADD flag appears between 2025-12-01 and 2026-04-01 (ADS-B Exchange DB); FlightAware block visible 2026-01-14 (Wayback),2026-08-21,KSDL,Scottsdale Airport,Scottsdale,US-AZ,US,2026-08-21T15:02:36.780000+00:00,2026-08-21T15:07:08.580000+00:00,2026-08-21 08:02,airplanes-live
N102DZ,2025-12-02,FAA LADD flag appears between 2025-12-01 and 2026-04-01 (ADS-B Exchange DB); FlightAware block visible 2026-01-14 (Wayback),2026-08-22,US-3809,Fish Creek Airport,Wilson,US-WY,US,2026-08-22T02:48:32.080000+00:00,2026-08-22T02:48:47.150000+00:00,2026-08-21 20:48,airplanes-live
N102DZ,2025-12-02,FAA LADD flag appears between 2025-12-01 and 2026-04-01 (ADS-B Exchange DB); FlightAware block visible 2026-01-14 (Wayback),2026-08-22,KSDL,Scottsdale Airport,Scottsdale,US-AZ,US,2026-08-22T04:15:17.840000+00:00,2026-08-22T04:29:17.320000+00:00,2026-08-21 21:15,airplanes-live
N102DZ,2025-12-02,FAA LADD flag appears between 2025-12-01 and 2026-04-01 (ADS-B Exchange DB); FlightAware block visible 2026-01-14 (Wayback),2026-08-24,KLAS,Harry Reid International Airport,Las Vegas,US-NV,US,2026-08-24T01:39:59.380000+00:00,2026-08-24T03:40:41.380000+00:00,2026-08-23 18:39,airplanes-live
N102DZ,2025-12-02,FAA LADD flag appears between 2025-12-01 and 2026-04-01 (ADS-B Exchange DB); FlightAware block visible 2026-01-14 (Wayback),2026-08-26,KADS,Addison Airport,Dallas,US-TX,US,2026-08-26T21:05:17.470000+00:00,2026-08-26T22:46:37.060000+00:00,2026-08-26 16:05,airplanes-live
N102DZ,2025-12-02,FAA LADD flag appears between 2025-12-01 and 2026-04-01 (ADS-B Exchange DB); FlightAware block visible 2026-01-14 (Wayback),2026-08-27,KSDL,Scottsdale Airport,Scottsdale,US-AZ,US,2026-08-27T03:14:38.550000+00:00,2026-08-27T03:17:42.530000+00:00,2026-08-26 20:14,airplanes-live
N102DZ,2025-12-02,FAA LADD flag appears between 2025-12-01 and 2026-04-01 (ADS-B Exchange DB); FlightAware block visible 2026-01-14 (Wayback),2026-08-27,KSDL,Scottsdale Airport,Scottsdale,US-AZ,US,2026-08-27T20:09:38.670000+00:00,2026-08-27T20:17:26.810000+00:00,2026-08-27 13:09,airplanes-live
N102DZ,2025-12-02,FAA LADD flag appears between 2025-12-01 and 2026-04-01 (ADS-B Exchange DB); FlightAware block visible 2026-01-14 (Wayback),2026-08-27,KFCM,Flying Cloud Airport,Minneapolis,US-MN,US,2026-08-27T22:44:40.110000+00:00,2026-08-28T01:25:00.970000+00:00,2026-08-27 17:44,airplanes-live
N102DZ,2025-12-02,FAA LADD flag appears between 2025-12-01 and 2026-04-01 (ADS-B Exchange DB); FlightAware block visible 2026-01-14 (Wayback),2026-08-29,KSDL,Scottsdale Airport,Scottsdale,US-AZ,US,2026-08-29T23:54:26.130000+00:00,2026-08-29T23:59:02.290000+00:00,2026-08-29 16:54,airplanes-live
N102DZ,2025-12-02,FAA LADD flag appears between 2025-12-01 and 2026-04-01 (ADS-B Exchange DB); FlightAware block visible 2026-01-14 (Wayback),2026-08-30,KEDC,Austin Executive Airport,Pflugerville,US-TX,US,2026-08-30T13:58:24.830000+00:00,2026-08-30T14:03:03.630000+00:00,2026-08-30 08:58,airplanes-live
N102DZ,2025-12-02,FAA LADD flag appears between 2025-12-01 and 2026-04-01 (ADS-B Exchange DB); FlightAware block visible 2026-01-14 (Wayback),2026-08-30,KEDC,Austin Executive Airport,Pflugerville,US-TX,US,2026-08-30T17:45:59.200000+00:00,2026-08-30T17:58:42.940000+00:00,2026-08-30 12:45,airplanes-live
N102DZ,2025-12-02,FAA LADD flag appears between 2025-12-01 and 2026-04-01 (ADS-B Exchange DB); FlightAware block visible 2026-01-14 (Wayback),2026-08-30,KSDL,Scottsdale Airport,Scottsdale,US-AZ,US,2026-08-30T19:51:30.980000+00:00,2026-08-30T19:59:03.660000+00:00,2026-08-30 12:51,airplanes-live
N102DZ,2025-12-02,FAA LADD flag appears between 2025-12-01 and 2026-04-01 (ADS-B Exchange DB); FlightAware block visible 2026-01-14 (Wayback),2026-08-31,KSDL,Scottsdale Airport,Scottsdale,US-AZ,US,2026-08-31T11:35:05.010000+00:00,2026-08-31T11:47:17.370000+00:00,2026-08-31 04:35,airplanes-live
N102DZ,2025-12-02,FAA LADD flag appears between 2025-12-01 and 2026-04-01 (ADS-B Exchange DB); FlightAware block visible 2026-01-14 (Wayback),2026-08-31,KCOE,Coeur D'Alene Airport - Pappy Boyington Field,Coeur d'Alene,US-ID,US,2026-08-31T13:47:34.720000+00:00,2026-08-31T14:46:23.350000+00:00,2026-08-31 07:47,airplanes-live
N102DZ,2025-12-02,FAA LADD flag appears between 2025-12-01 and 2026-04-01 (ADS-B Exchange DB); FlightAware block visible 2026-01-14 (Wayback),2026-08-31,KNUQ,Moffett Federal Airfield,Mountain View,US-CA,US,2026-08-31T16:33:32.960000+00:00,2026-08-31T16:45:02.570000+00:00,2026-08-31 09:33,airplanes-live
N102DZ,2025-12-02,FAA LADD flag appears between 2025-12-01 and 2026-04-01 (ADS-B Exchange DB); FlightAware block visible 2026-01-14 (Wayback),2026-08-31,KNUQ,Moffett Federal Airfield,Mountain View,US-CA,US,2026-08-31T21:40:33.870000+00:00,2026-08-31T21:45:07.520000+00:00,2026-08-31 14:40,airplanes-live
N102DZ,2025-12-02,FAA LADD flag appears between 2025-12-01 and 2026-04-01 (ADS-B Exchange DB); FlightAware block visible 2026-01-14 (Wayback),2026-08-31,KSDL,Scottsdale Airport,Scottsdale,US-AZ,US,2026-08-31T23:08:01.250000+00:00,2026-08-31T23:10:15.330000+00:00,2026-08-31 16:08,airplanes-live
N102DZ,2025-12-02,FAA LADD flag appears between 2025-12-01 and 2026-04-01 (ADS-B Exchange DB); FlightAware block visible 2026-01-14 (Wayback),2026-09-01,KSDL,Scottsdale Airport,Scottsdale,US-AZ,US,2026-09-01T12:51:07.970000+00:00,2026-09-01T12:56:48.700000+00:00,2026-09-01 05:51,airplanes-live
N102DZ,2025-12-02,FAA LADD flag appears between 2025-12-01 and 2026-04-01 (ADS-B Exchange DB); FlightAware block visible 2026-01-14 (Wayback),2026-09-01,KSLC,Salt Lake City International Airport,Salt Lake City,US-UT,US,2026-09-01T14:03:52.210000+00:00,2026-09-01T14:05:40.540000+00:00,2026-09-01 08:03,airplanes-live
N102DZ,2025-12-02,FAA LADD flag appears between 2025-12-01 and 2026-04-01 (ADS-B Exchange DB); FlightAware block visible 2026-01-14 (Wayback),2026-09-02,KSLC,Salt Lake City International Airport,Salt Lake City,US-UT,US,2026-09-02T01:55:09.110000+00:00,2026-09-02T01:59:49.170000+00:00,2026-09-01 19:55,airplanes-live
N102DZ,2025-12-02,FAA LADD flag appears between 2025-12-01 and 2026-04-01 (ADS-B Exchange DB); FlightAware block visible 2026-01-14 (Wayback),2026-09-02,KSDL,Scottsdale Airport,Scottsdale,US-AZ,US,2026-09-02T03:05:19.050000+00:00,2026-09-02T03:06:59.430000+00:00,2026-09-01 20:05,airplanes-live
N102DZ,2025-12-02,FAA LADD flag appears between 2025-12-01 and 2026-04-01 (ADS-B Exchange DB); FlightAware block visible 2026-01-14 (Wayback),2026-09-04,KSDL,Scottsdale Airport,Scottsdale,US-AZ,US,2026-09-04T14:21:32.380000+00:00,2026-09-04T15:06:27.270000+00:00,2026-09-04 07:21,airplanes-live
N102DZ,2025-12-02,FAA LADD flag appears between 2025-12-01 and 2026-04-01 (ADS-B Exchange DB); FlightAware block visible 2026-01-14 (Wayback),2026-09-05,KSDL,Scottsdale Airport,Scottsdale,US-AZ,US,2026-09-05T02:34:53.320000+00:00,2026-09-05T02:44:24.390000+00:00,2026-09-04 19:34,airplanes-live
N102DZ,2025-12-02,FAA LADD flag appears between 2025-12-01 and 2026-04-01 (ADS-B Exchange DB); FlightAware block visible 2026-01-14 (Wayback),2026-09-06,KSDL,Scottsdale Airport,Scottsdale,US-AZ,US,2026-09-06T22:52:34.840000+00:00,2026-09-06T23:08:44.080000+00:00,2026-09-06 15:52,airplanes-live
N102DZ,2025-12-02,FAA LADD flag appears between 2025-12-01 and 2026-04-01 (ADS-B Exchange DB); FlightAware block visible 2026-01-14 (Wayback),2026-09-09,KIAD,Washington Dulles International Airport,Dulles,US-VA,US,2026-09-09T02:55:45.730000+00:00,2026-09-09T03:10:53.240000+00:00,2026-09-08 22:55,airplanes-live
N102DZ,2025-12-02,FAA LADD flag appears between 2025-12-01 and 2026-04-01 (ADS-B Exchange DB); FlightAware block visible 2026-01-14 (Wayback),2026-09-09,KIAD,Washington Dulles International Airport,Dulles,US-VA,US,2026-09-09T19:37:50.880000+00:00,2026-09-09T19:50:04.170000+00:00,2026-09-09 15:37,airplanes-live
N102DZ,2025-12-02,FAA LADD flag appears between 2025-12-01 and 2026-04-01 (ADS-B Exchange DB); FlightAware block visible 2026-01-14 (Wayback),2026-09-09,KADS,Addison Airport,Dallas,US-TX,US,2026-09-09T22:13:37.990000+00:00,2026-09-09T22:15:59.870000+00:00,2026-09-09 17:13,airplanes-live
N102DZ,2025-12-02,FAA LADD flag appears between 2025-12-01 and 2026-04-01 (ADS-B Exchange DB); FlightAware block visible 2026-01-14 (Wayback),2026-09-11,KCOE,Coeur D'Alene Airport - Pappy Boyington Field,Coeur d'Alene,US-ID,US,2026-09-11T23:03:48.970000+00:00,2026-09-11T23:37:11.590000+00:00,2026-09-11 17:03,airplanes-live
N102DZ,2025-12-02,FAA LADD flag appears between 2025-12-01 and 2026-04-01 (ADS-B Exchange DB); FlightAware block visible 2026-01-14 (Wayback),2026-09-12,KAWO,Arlington Municipal Airport,Arlington,US-WA,US,2026-09-12T00:18:21.860000+00:00,2026-09-12T00:38:53.810000+00:00,2026-09-11 17:18,airplanes-live
N102DZ,2025-12-02,FAA LADD flag appears between 2025-12-01 and 2026-04-01 (ADS-B Exchange DB); FlightAware block visible 2026-01-14 (Wayback),2026-09-12,KCOE,Coeur D'Alene Airport - Pappy Boyington Field,Coeur d'Alene,US-ID,US,2026-09-12T01:24:11.130000+00:00,2026-09-12T01:27:06.020000+00:00,2026-09-11 19:24,airplanes-live
N102DZ,2025-12-02,FAA LADD flag appears between 2025-12-01 and 2026-04-01 (ADS-B Exchange DB); FlightAware block visible 2026-01-14 (Wayback),2026-09-12,KCOE,Coeur D'Alene Airport - Pappy Boyington Field,Coeur d'Alene,US-ID,US,2026-09-12T19:56:57.970000+00:00,2026-09-12T20:02:11.140000+00:00,2026-09-12 13:56,airplanes-live
N102DZ,2025-12-02,FAA LADD flag appears between 2025-12-01 and 2026-04-01 (ADS-B Exchange DB); FlightAware block visible 2026-01-14 (Wayback),2026-09-12,KSDL,Scottsdale Airport,Scottsdale,US-AZ,US,2026-09-12T22:06:08.080000+00:00,2026-09-12T22:15:27.820000+00:00,2026-09-12 15:06,airplanes-live
N102DZ,2025-12-02,FAA LADD flag appears between 2025-12-01 and 2026-04-01 (ADS-B Exchange DB); FlightAware block visible 2026-01-14 (Wayback),2026-09-13,KSDL,Scottsdale Airport,Scottsdale,US-AZ,US,2026-09-13T13:44:29.180000+00:00,2026-09-13T13:51:21.950000+00:00,2026-09-13 06:44,airplanes-live
N102DZ,2025-12-02,FAA LADD flag appears between 2025-12-01 and 2026-04-01 (ADS-B Exchange DB); FlightAware block visible 2026-01-14 (Wayback),2026-09-14,KCMH,John Glenn Columbus International Airport,Columbus,US-OH,US,2026-09-14T18:38:58.840000+00:00,2026-09-14T19:15:06.040000+00:00,2026-09-14 14:38,airplanes-live
N102DZ,2025-12-02,FAA LADD flag appears between 2025-12-01 and 2026-04-01 (ADS-B Exchange DB); FlightAware block visible 2026-01-14 (Wayback),2026-09-14,KDAL,Dallas Love Field,Dallas,US-TX,US,2026-09-14T21:13:56.620000+00:00,2026-09-14T21:14:01.230000+00:00,2026-09-14 16:13,airplanes-live
N102DZ,2025-12-02,FAA LADD flag appears between 2025-12-01 and 2026-04-01 (ADS-B Exchange DB); FlightAware block visible 2026-01-14 (Wayback),2026-09-16,KSDL,Scottsdale Airport,Scottsdale,US-AZ,US,2026-09-16T00:19:19.360000+00:00,2026-09-16T00:21:32.460000+00:00,2026-09-15 17:19,airplanes-live
N102DZ,2025-12-02,FAA LADD flag appears between 2025-12-01 and 2026-04-01 (ADS-B Exchange DB); FlightAware block visible 2026-01-14 (Wayback),2026-09-16,KSDL,Scottsdale Airport,Scottsdale,US-AZ,US,2026-09-16T13:05:48.570000+00:00,2026-09-16T13:12:01.170000+00:00,2026-09-16 06:05,airplanes-live
N102DZ,2025-12-02,FAA LADD flag appears between 2025-12-01 and 2026-04-01 (ADS-B Exchange DB); FlightAware block visible 2026-01-14 (Wayback),2026-09-16,KGKY,Arlington Municipal Airport,Arlington,US-TX,US,2026-09-16T15:06:58.320000+00:00,2026-09-16T15:07:03.400000+00:00,2026-09-16 10:06,airplanes-live
N102DZ,2025-12-02,FAA LADD flag appears between 2025-12-01 and 2026-04-01 (ADS-B Exchange DB); FlightAware block visible 2026-01-14 (Wayback),2026-09-16,KGKY,Arlington Municipal Airport,Arlington,US-TX,US,2026-09-16T20:49:52+00:00,2026-09-16T20:50:19.300000+00:00,2026-09-16 15:49,airplanes-live
N102DZ,2025-12-02,FAA LADD flag appears between 2025-12-01 and 2026-04-01 (ADS-B Exchange DB); FlightAware block visible 2026-01-14 (Wayback),2026-09-16,KSDL,Scottsdale Airport,Scottsdale,US-AZ,US,2026-09-16T22:50:09.180000+00:00,2026-09-16T22:59:08.280000+00:00,2026-09-16 15:50,airplanes-live
N582MM,2023-02-06,"Never LADD; FlightAware blocked=true (AeroAPI, Sep 2026) with no known start date, so the whole recovered record is listed",2023-03-08,KIWA,Mesa Gateway Airport,Mesa,US-AZ,US,2023-03-08T13:53:04.790000+00:00,2023-03-08T15:13:49.720000+00:00,2023-03-08 06:53,airplanes-live
N582MM,2023-02-06,"Never LADD; FlightAware blocked=true (AeroAPI, Sep 2026) with no known start date, so the whole recovered record is listed",2023-03-08,KIWA,Mesa Gateway Airport,Mesa,US-AZ,US,2023-03-08T18:19:03.650000+00:00,2023-03-08T18:47:35.180000+00:00,2023-03-08 11:19,airplanes-live
N582MM,2023-02-06,"Never LADD; FlightAware blocked=true (AeroAPI, Sep 2026) with no known start date, so the whole recovered record is listed",2023-03-21,KTKI,McKinney National Airport,Dallas,US-TX,US,2023-03-21T17:08:13.630000+00:00,2023-03-21T19:32:31.910000+00:00,2023-03-21 12:08,adsb-lol;airplanes-live
N582MM,2023-02-06,"Never LADD; FlightAware blocked=true (AeroAPI, Sep 2026) with no known start date, so the whole recovered record is listed",2023-03-22,KTKI,McKinney National Airport,Dallas,US-TX,US,2023-03-22T01:22:43.010000+00:00,2023-03-22T01:25:05.330000+00:00,2023-03-21 20:22,adsb-lol;airplanes-live
N582MM,2023-02-06,"Never LADD; FlightAware blocked=true (AeroAPI, Sep 2026) with no known start date, so the whole recovered record is listed",2023-03-23,KTKI,McKinney National Airport,Dallas,US-TX,US,2023-03-23T16:16:31.900000+00:00,2023-03-23T16:17:23.240000+00:00,2023-03-23 11:16,adsb-lol;airplanes-live
N582MM,2023-02-06,"Never LADD; FlightAware blocked=true (AeroAPI, Sep 2026) with no known start date, so the whole recovered record is listed",2023-03-25,KTKI,McKinney National Airport,Dallas,US-TX,US,2023-03-25T23:03:10.010000+00:00,2023-03-25T23:03:10.070000+00:00,2023-03-25 18:03,adsb-lol;airplanes-live
N582MM,2023-02-06,"Never LADD; FlightAware blocked=true (AeroAPI, Sep 2026) with no known start date, so the whole recovered record is listed",2023-03-26,KTKI,McKinney National Airport,Dallas,US-TX,US,2023-03-26T13:12:51.990000+00:00,2023-03-26T13:12:54.390000+00:00,2023-03-26 08:12,adsb-lol;airplanes-live
N582MM,2023-02-06,"Never LADD; FlightAware blocked=true (AeroAPI, Sep 2026) with no known start date, so the whole recovered record is listed",2023-05-11,KFFZ,Falcon Field,Mesa,US-AZ,US,2023-05-11T21:12:42.070000+00:00,2023-05-11T21:12:42.070000+00:00,2023-05-11 14:12,airplanes-live
N582MM,2023-02-06,"Never LADD; FlightAware blocked=true (AeroAPI, Sep 2026) with no known start date, so the whole recovered record is listed",2023-05-24,KFFZ,Falcon Field,Mesa,US-AZ,US,2023-05-24T05:43:01.780000+00:00,2023-05-24T05:44:23.520000+00:00,2023-05-23 22:43,airplanes-live
N582MM,2023-02-06,"Never LADD; FlightAware blocked=true (AeroAPI, Sep 2026) with no known start date, so the whole recovered record is listed",2023-05-25,KMSP,Minneapolis–Saint Paul International Airport / Wold–Chamberlain Field,Minneapolis,US-MN,US,2023-05-25T16:38:39.200000+00:00,2023-05-25T16:38:45.880000+00:00,2023-05-25 11:38,airplanes-live
N582MM,2023-02-06,"Never LADD; FlightAware blocked=true (AeroAPI, Sep 2026) with no known start date, so the whole recovered record is listed",2023-05-31,KFFZ,Falcon Field,Mesa,US-AZ,US,2023-05-31T22:37:01.110000+00:00,2023-05-31T22:37:01.110000+00:00,2023-05-31 15:37,airplanes-live
N582MM,2023-02-06,"Never LADD; FlightAware blocked=true (AeroAPI, Sep 2026) with no known start date, so the whole recovered record is listed",2023-06-01,KIWA,Mesa Gateway Airport,Mesa,US-AZ,US,2023-06-01T20:53:15.420000+00:00,2023-06-01T21:57:04.320000+00:00,2023-06-01 13:53,adsbexchange-samples
N582MM,2023-02-06,"Never LADD; FlightAware blocked=true (AeroAPI, Sep 2026) with no known start date, so the whole recovered record is listed",2023-06-13,KIWA,Mesa Gateway Airport,Mesa,US-AZ,US,2023-06-13T14:45:26.690000+00:00,2023-06-13T15:00:42.890000+00:00,2023-06-13 07:45,airplanes-live
N582MM,2023-02-06,"Never LADD; FlightAware blocked=true (AeroAPI, Sep 2026) with no known start date, so the whole recovered record is listed",2023-06-13,KAPA,Centennial Airport,Denver,US-CO,US,2023-06-13T20:53:19.390000+00:00,2023-06-13T21:28:31.400000+00:00,2023-06-13 14:53,airplanes-live
N582MM,2023-02-06,"Never LADD; FlightAware blocked=true (AeroAPI, Sep 2026) with no known start date, so the whole recovered record is listed",2023-06-15,KAPA,Centennial Airport,Denver,US-CO,US,2023-06-15T13:16:41.290000+00:00,2023-06-15T13:17:16.120000+00:00,2023-06-15 07:16,airplanes-live
N582MM,2023-02-06,"Never LADD; FlightAware blocked=true (AeroAPI, Sep 2026) with no known start date, so the whole recovered record is listed",2023-06-17,KHPN,Westchester County Airport,White Plains,US-NY,US,2023-06-17T00:12:03.990000+00:00,2023-06-17T00:12:04.110000+00:00,2023-06-16 20:12,airplanes-live
N582MM,2023-02-06,"Never LADD; FlightAware blocked=true (AeroAPI, Sep 2026) with no known start date, so the whole recovered record is listed",2023-06-20,KDFW,Dallas Fort Worth International Airport,Dallas-Fort Worth,US-TX,US,2023-06-20T20:02:08.590000+00:00,2023-06-20T20:03:44.520000+00:00,2023-06-20 15:02,airplanes-live
N582MM,2023-02-06,"Never LADD; FlightAware blocked=true (AeroAPI, Sep 2026) with no known start date, so the whole recovered record is listed",2023-06-21,KDFW,Dallas Fort Worth International Airport,Dallas-Fort Worth,US-TX,US,2023-06-21T21:35:43.390000+00:00,2023-06-21T23:00:40.900000+00:00,2023-06-21 16:35,adsb-lol;airplanes-live
N582MM,2023-02-06,"Never LADD; FlightAware blocked=true (AeroAPI, Sep 2026) with no known start date, so the whole recovered record is listed",2023-06-22,KMSP,Minneapolis–Saint Paul International Airport / Wold–Chamberlain Field,Minneapolis,US-MN,US,2023-06-22T02:48:36+00:00,2023-06-22T02:49:54.960000+00:00,2023-06-21 21:48,airplanes-live
N582MM,2023-02-06,"Never LADD; FlightAware blocked=true (AeroAPI, Sep 2026) with no known start date, so the whole recovered record is listed",2023-06-22,KMSP,Minneapolis–Saint Paul International Airport / Wold–Chamberlain Field,Minneapolis,US-MN,US,2023-06-22T22:31:02.980000+00:00,2023-06-22T22:33:33.860000+00:00,2023-06-22 17:31,airplanes-live
N582MM,2023-02-06,"Never LADD; FlightAware blocked=true (AeroAPI, Sep 2026) with no known start date, so the whole recovered record is listed",2023-06-23,KGYR,Phoenix Goodyear Airport,Goodyear,US-AZ,US,2023-06-23T21:54:05.660000+00:00,2023-06-23T21:58:13.820000+00:00,2023-06-23 14:54,airplanes-live
N582MM,2023-02-06,"Never LADD; FlightAware blocked=true (AeroAPI, Sep 2026) with no known start date, so the whole recovered record is listed",2023-06-24,KGYR,Phoenix Goodyear Airport,Goodyear,US-AZ,US,2023-06-24T16:01:28.720000+00:00,2023-06-24T16:07:18.860000+00:00,2023-06-24 09:01,airplanes-live
N582MM,2023-02-06,"Never LADD; FlightAware blocked=true (AeroAPI, Sep 2026) with no known start date, so the whole recovered record is listed",2023-06-24,KAPA,Centennial Airport,Denver,US-CO,US,2023-06-24T17:22:24.910000+00:00,2023-06-24T20:19:56.710000+00:00,2023-06-24 11:22,airplanes-live
N582MM,2023-02-06,"Never LADD; FlightAware blocked=true (AeroAPI, Sep 2026) with no known start date, so the whole recovered record is listed",2023-06-25,KGYR,Phoenix Goodyear Airport,Goodyear,US-AZ,US,2023-06-25T19:46:44.360000+00:00,2023-06-25T20:13:47.120000+00:00,2023-06-25 12:46,adsb-lol;airplanes-live
N582MM,2023-02-06,"Never LADD; FlightAware blocked=true (AeroAPI, Sep 2026) with no known start date, so the whole recovered record is listed",2023-06-26,KFFZ,Falcon Field,Mesa,US-AZ,US,2023-06-26T01:45:40.050000+00:00,2023-06-26T01:45:40.050000+00:00,2023-06-25 18:45,airplanes-live
N582MM,2023-02-06,"Never LADD; FlightAware blocked=true (AeroAPI, Sep 2026) with no known start date, so the whole recovered record is listed",2023-06-27,KIWA,Mesa Gateway Airport,Mesa,US-AZ,US,2023-06-27T00:56:41.170000+00:00,2023-06-27T01:59:23.100000+00:00,2023-06-26 17:56,airplanes-live
N582MM,2023-02-06,"Never LADD; FlightAware blocked=true (AeroAPI, Sep 2026) with no known start date, so the whole recovered record is listed",2023-07-06,KPIE,St. Petersburg Clearwater International Airport,Pinellas Park,US-FL,US,2023-07-06T00:06:59.520000+00:00,2023-07-06T01:06:03+00:00,2023-07-05 20:06,adsb-lol;airplanes-live
N582MM,2023-02-06,"Never LADD; FlightAware blocked=true (AeroAPI, Sep 2026) with no known start date, so the whole recovered record is listed",2023-07-10,KPIE,St. Petersburg Clearwater International Airport,Pinellas Park,US-FL,US,2023-07-10T01:43:28.920000+00:00,2023-07-10T01:46:01.930000+00:00,2023-07-09 21:43,adsb-lol;airplanes-live
N582MM,2023-02-06,"Never LADD; FlightAware blocked=true (AeroAPI, Sep 2026) with no known start date, so the whole recovered record is listed",2023-07-10,KPIE,St. Petersburg Clearwater International Airport,Pinellas Park,US-FL,US,2023-07-10T15:07:52.270000+00:00,2023-07-10T16:19:40.550000+00:00,2023-07-10 11:07,adsb-lol;airplanes-live
N582MM,2023-02-06,"Never LADD; FlightAware blocked=true (AeroAPI, Sep 2026) with no known start date, so the whole recovered record is listed",2023-07-10,KFFZ,Falcon Field,Mesa,US-AZ,US,2023-07-10T23:10:45.860000+00:00,2023-07-10T23:10:45.860000+00:00,2023-07-10 16:10,airplanes-live
N582MM,2023-02-06,"Never LADD; FlightAware blocked=true (AeroAPI, Sep 2026) with no known start date, so the whole recovered record is listed",2023-07-11,KFFZ,Falcon Field,Mesa,US-AZ,US,2023-07-11T17:35:17.830000+00:00,2023-07-11T17:35:25.830000+00:00,2023-07-11 10:35,airplanes-live
N582MM,2023-02-06,"Never LADD; FlightAware blocked=true (AeroAPI, Sep 2026) with no known start date, so the whole recovered record is listed",2023-07-13,KGYR,Phoenix Goodyear Airport,Goodyear,US-AZ,US,2023-07-13T18:44:30.810000+00:00,2023-07-13T19:32:58.460000+00:00,2023-07-13 11:44,airplanes-live
N582MM,2023-02-06,"Never LADD; FlightAware blocked=true (AeroAPI, Sep 2026) with no known start date, so the whole recovered record is listed",2023-07-14,KGYR,Phoenix Goodyear Airport,Goodyear,US-AZ,US,2023-07-14T22:28:55.120000+00:00,2023-07-14T23:11:49.900000+00:00,2023-07-14 15:28,adsb-lol;airplanes-live
N582MM,2023-02-06,"Never LADD; FlightAware blocked=true (AeroAPI, Sep 2026) with no known start date, so the whole recovered record is listed",2023-07-16,KVNY,Van Nuys Airport,Van Nuys,US-CA,US,2023-07-16T20:43:31.070000+00:00,2023-07-16T20:43:34.880000+00:00,2023-07-16 13:43,airplanes-live
N582MM,2023-02-06,"Never LADD; FlightAware blocked=true (AeroAPI, Sep 2026) with no known start date, so the whole recovered record is listed",2023-07-17,KMSY,Louis Armstrong New Orleans International Airport,New Orleans,US-LA,US,2023-07-17T23:54:43.540000+00:00,2023-07-17T23:58:15.930000+00:00,2023-07-17 18:54,airplanes-live
N582MM,2023-02-06,"Never LADD; FlightAware blocked=true (AeroAPI, Sep 2026) with no known start date, so the whole recovered record is listed",2023-07-19,KMSY,Louis Armstrong New Orleans International Airport,New Orleans,US-LA,US,2023-07-19T09:43:35.360000+00:00,2023-07-19T10:22:00.390000+00:00,2023-07-19 04:43,airplanes-live
N582MM,2023-02-06,"Never LADD; FlightAware blocked=true (AeroAPI, Sep 2026) with no known start date, so the whole recovered record is listed",2023-07-19,KDFW,Dallas Fort Worth International Airport,Dallas-Fort Worth,US-TX,US,2023-07-19T15:27:54.040000+00:00,2023-07-19T17:02:26.160000+00:00,2023-07-19 10:27,adsb-lol;airplanes-live
N582MM,2023-02-06,"Never LADD; FlightAware blocked=true (AeroAPI, Sep 2026) with no known start date, so the whole recovered record is listed",2023-07-19,KDAL,Dallas Love Field,Dallas,US-TX,US,2023-07-19T19:40:02.310000+00:00,2023-07-19T21:26:54.570000+00:00,2023-07-19 14:40,airplanes-live
N582MM,2023-02-06,"Never LADD; FlightAware blocked=true (AeroAPI, Sep 2026) with no known start date, so the whole recovered record is listed",2023-07-19,KORD,Chicago O'Hare International Airport,Chicago,US-IL,US,2023-07-19T23:21:11.070000+00:00,2023-07-19T23:33:30.400000+00:00,2023-07-19 18:21,adsb-lol;airplanes-live
N582MM,2023-02-06,"Never LADD; FlightAware blocked=true (AeroAPI, Sep 2026) with no known start date, so the whole recovered record is listed",2023-07-21,KVNY,Van Nuys Airport,Van Nuys,US-CA,US,2023-07-21T22:44:48.780000+00:00,2023-07-21T22:44:56.120000+00:00,2023-07-21 15:44,airplanes-live
N582MM,2023-02-06,"Never LADD; FlightAware blocked=true (AeroAPI, Sep 2026) with no known start date, so the whole recovered record is listed",2023-07-22,KFFZ,Falcon Field,Mesa,US-AZ,US,2023-07-22T00:44:58.690000+00:00,2023-07-22T00:46:52.640000+00:00,2023-07-21 17:44,airplanes-live
N582MM,2023-02-06,"Never LADD; FlightAware blocked=true (AeroAPI, Sep 2026) with no known start date, so the whole recovered record is listed",2023-07-23,KGYR,Phoenix Goodyear Airport,Goodyear,US-AZ,US,2023-07-23T20:32:48.350000+00:00,2023-07-23T21:34:31.690000+00:00,2023-07-23 13:32,adsb-lol;airplanes-live
N582MM,2023-02-06,"Never LADD; FlightAware blocked=true (AeroAPI, Sep 2026) with no known start date, so the whole recovered record is listed",2023-07-24,KTYS,McGhee Tyson Airport,Knoxville/Maryville,US-TN,US,2023-07-24T01:27:47.680000+00:00,2023-07-24T01:32:09.210000+00:00,2023-07-23 20:27,adsb-lol;airplanes-live
N582MM,2023-02-06,"Never LADD; FlightAware blocked=true (AeroAPI, Sep 2026) with no known start date, so the whole recovered record is listed",2023-07-24,KTYS,McGhee Tyson Airport,Knoxville/Maryville,US-TN,US,2023-07-24T13:44:29.410000+00:00,2023-07-24T13:51:19.600000+00:00,2023-07-24 08:44,airplanes-live
N582MM,2023-02-06,"Never LADD; FlightAware blocked=true (AeroAPI, Sep 2026) with no known start date, so the whole recovered record is listed",2023-07-24,KTEB,Teterboro Airport,Teterboro,US-NJ,US,2023-07-24T16:44:38.980000+00:00,2023-07-24T16:47:14.360000+00:00,2023-07-24 12:44,airplanes-live
N582MM,2023-02-06,"Never LADD; FlightAware blocked=true (AeroAPI, Sep 2026) with no known start date, so the whole recovered record is listed",2023-07-26,KTEB,Teterboro Airport,Teterboro,US-NJ,US,2023-07-26T14:00:51.010000+00:00,2023-07-26T14:01:02.600000+00:00,2023-07-26 10:00,airplanes-live
N582MM,2023-02-06,"Never LADD; FlightAware blocked=true (AeroAPI, Sep 2026) with no known start date, so the whole recovered record is listed",2023-07-26,KFFZ,Falcon Field,Mesa,US-AZ,US,2023-07-26T21:20:58.860000+00:00,2023-07-26T21:20:58.860000+00:00,2023-07-26 14:20,airplanes-live
N582MM,2023-02-06,"Never LADD; FlightAware blocked=true (AeroAPI, Sep 2026) with no known start date, so the whole recovered record is listed",2023-07-28,KFFZ,Falcon Field,Mesa,US-AZ,US,2023-07-28T13:28:19.010000+00:00,2023-07-28T13:33:44.210000+00:00,2023-07-28 06:28,adsb-lol
N582MM,2023-02-06,"Never LADD; FlightAware blocked=true (AeroAPI, Sep 2026) with no known start date, so the whole recovered record is listed",2023-07-28,KVNY,Van Nuys Airport,Van Nuys,US-CA,US,2023-07-28T14:38:42.710000+00:00,2023-07-28T14:38:42.710000+00:00,2023-07-28 07:38,airplanes-live
N582MM,2023-02-06,"Never LADD; FlightAware blocked=true (AeroAPI, Sep 2026) with no known start date, so the whole recovered record is listed",2023-07-28,KAPA,Centennial Airport,Denver,US-CO,US,2023-07-28T23:29:31.760000+00:00,2023-07-28T23:30:17.890000+00:00,2023-07-28 17:29,airplanes-live
N582MM,2023-02-06,"Never LADD; FlightAware blocked=true (AeroAPI, Sep 2026) with no known start date, so the whole recovered record is listed",2023-07-29,KAPA,Centennial Airport,Denver,US-CO,US,2023-07-29T13:18:45.570000+00:00,2023-07-29T13:19:15.400000+00:00,2023-07-29 07:18,airplanes-live
N582MM,2023-02-06,"Never LADD; FlightAware blocked=true (AeroAPI, Sep 2026) with no known start date, so the whole recovered record is listed",2023-07-29,KSDL,Scottsdale Airport,Scottsdale,US-AZ,US,2023-07-29T16:35:18.420000+00:00,2023-07-29T17:18:40.580000+00:00,2023-07-29 09:35,adsb-lol;airplanes-live
N582MM,2023-02-06,"Never LADD; FlightAware blocked=true (AeroAPI, Sep 2026) with no known start date, so the whole recovered record is listed",2023-07-29,KAPA,Centennial Airport,Denver,US-CO,US,2023-07-29T21:03:18.230000+00:00,2023-07-29T21:03:29.650000+00:00,2023-07-29 15:03,airplanes-live
N582MM,2023-02-06,"Never LADD; FlightAware blocked=true (AeroAPI, Sep 2026) with no known start date, so the whole recovered record is listed",2023-07-30,KAPA,Centennial Airport,Denver,US-CO,US,2023-07-30T20:02:18.400000+00:00,2023-07-30T20:02:19.160000+00:00,2023-07-30 14:02,airplanes-live
N582MM,2023-02-06,"Never LADD; FlightAware blocked=true (AeroAPI, Sep 2026) with no known start date, so the whole recovered record is listed",2023-08-02,KFFZ,Falcon Field,Mesa,US-AZ,US,2023-08-02T00:10:36.570000+00:00,2023-08-02T00:10:36.570000+00:00,2023-08-01 17:10,airplanes-live
N582MM,2023-02-06,"Never LADD; FlightAware blocked=true (AeroAPI, Sep 2026) with no known start date, so the whole recovered record is listed",2023-08-05,KFFZ,Falcon Field,Mesa,US-AZ,US,2023-08-05T11:55:37.230000+00:00,2023-08-05T12:28:01.090000+00:00,2023-08-05 04:55,airplanes-live
N582MM,2023-02-06,"Never LADD; FlightAware blocked=true (AeroAPI, Sep 2026) with no known start date, so the whole recovered record is listed",2023-08-06,KDAL,Dallas Love Field,Dallas,US-TX,US,2023-08-06T16:39:55.940000+00:00,2023-08-06T17:13:52.240000+00:00,2023-08-06 11:39,airplanes-live
N582MM,2023-02-06,"Never LADD; FlightAware blocked=true (AeroAPI, Sep 2026) with no known start date, so the whole recovered record is listed",2023-08-06,KDAL,Dallas Love Field,Dallas,US-TX,US,2023-08-06T21:35:11.740000+00:00,2023-08-06T22:15:19.100000+00:00,2023-08-06 16:35,airplanes-live
N582MM,2023-02-06,"Never LADD; FlightAware blocked=true (AeroAPI, Sep 2026) with no known start date, so the whole recovered record is listed",2023-08-07,KFFZ,Falcon Field,Mesa,US-AZ,US,2023-08-07T00:31:33.400000+00:00,2023-08-07T00:31:43.650000+00:00,2023-08-06 17:31,airplanes-live
N582MM,2023-02-06,"Never LADD; FlightAware blocked=true (AeroAPI, Sep 2026) with no known start date, so the whole recovered record is listed",2023-08-07,KFFZ,Falcon Field,Mesa,US-AZ,US,2023-08-07T11:43:34.400000+00:00,2023-08-07T11:43:59.320000+00:00,2023-08-07 04:43,airplanes-live
N582MM,2023-02-06,"Never LADD; FlightAware blocked=true (AeroAPI, Sep 2026) with no known start date, so the whole recovered record is listed",2023-08-08,KPWK,Chicago Executive Airport,Chicago/Prospect Heights/Wheeling,US-IL,US,2023-08-08T21:10:54.070000+00:00,2023-08-08T21:13:34.540000+00:00,2023-08-08 16:10,airplanes-live
N582MM,2023-02-06,"Never LADD; FlightAware blocked=true (AeroAPI, Sep 2026) with no known start date, so the whole recovered record is listed",2023-08-09,KAPA,Centennial Airport,Denver,US-CO,US,2023-08-09T00:19:57.730000+00:00,2023-08-09T00:21:30.750000+00:00,2023-08-08 18:19,airplanes-live
N582MM,2023-02-06,"Never LADD; FlightAware blocked=true (AeroAPI, Sep 2026) with no known start date, so the whole recovered record is listed",2023-08-09,KAPA,Centennial Airport,Denver,US-CO,US,2023-08-09T15:18:18.380000+00:00,2023-08-09T15:18:46.120000+00:00,2023-08-09 09:18,airplanes-live
N582MM,2023-02-06,"Never LADD; FlightAware blocked=true (AeroAPI, Sep 2026) with no known start date, so the whole recovered record is listed",2023-08-10,KTEB,Teterboro Airport,Teterboro,US-NJ,US,2023-08-10T12:10:29.650000+00:00,2023-08-10T12:15:35.480000+00:00,2023-08-10 08:10,airplanes-live
N582MM,2023-02-06,"Never LADD; FlightAware blocked=true (AeroAPI, Sep 2026) with no known start date, so the whole recovered record is listed",2023-08-10,KBJC,Rocky Mountain Metropolitan Airport,Denver,US-CO,US,2023-08-10T18:42:18.750000+00:00,2023-08-10T20:26:45.420000+00:00,2023-08-10 12:42,adsb-lol;airplanes-live
N582MM,2023-02-06,"Never LADD; FlightAware blocked=true (AeroAPI, Sep 2026) with no known start date, so the whole recovered record is listed",2023-08-10,KPWK,Chicago Executive Airport,Chicago/Prospect Heights/Wheeling,US-IL,US,2023-08-10T22:12:54.500000+00:00,2023-08-10T22:14:13.210000+00:00,2023-08-10 17:12,airplanes-live
N582MM,2023-02-06,"Never LADD; FlightAware blocked=true (AeroAPI, Sep 2026) with no known start date, so the whole recovered record is listed",2023-08-12,KBJC,Rocky Mountain Metropolitan Airport,Denver,US-CO,US,2023-08-12T16:36:35.320000+00:00,2023-08-12T17:22:40.730000+00:00,2023-08-12 10:36,adsb-lol;airplanes-live
N582MM,2023-02-06,"Never LADD; FlightAware blocked=true (AeroAPI, Sep 2026) with no known start date, so the whole recovered record is listed",2023-08-12,KAPA,Centennial Airport,Denver,US-CO,US,2023-08-12T19:21:26.410000+00:00,2023-08-12T19:22:33.980000+00:00,2023-08-12 13:21,airplanes-live
N582MM,2023-02-06,"Never LADD; FlightAware blocked=true (AeroAPI, Sep 2026) with no known start date, so the whole recovered record is listed",2023-08-14,KCLT,Charlotte Douglas International Airport,Charlotte,US-NC,US,2023-08-14T13:31:51.980000+00:00,2023-08-14T13:45:17.470000+00:00,2023-08-14 09:31,airplanes-live
N582MM,2023-02-06,"Never LADD; FlightAware blocked=true (AeroAPI, Sep 2026) with no known start date, so the whole recovered record is listed",2023-08-14,KFXE,Fort Lauderdale Executive Airport,Fort Lauderdale,US-FL,US,2023-08-14T18:48:18.890000+00:00,2023-08-14T18:51:09.820000+00:00,2023-08-14 14:48,adsb-lol;airplanes-live
N582MM,2023-02-06,"Never LADD; FlightAware blocked=true (AeroAPI, Sep 2026) with no known start date, so the whole recovered record is listed",2023-08-16,KFXE,Fort Lauderdale Executive Airport,Fort Lauderdale,US-FL,US,2023-08-16T21:25:34+00:00,2023-08-16T21:43:09.700000+00:00,2023-08-16 17:25,adsb-lol
N582MM,2023-02-06,"Never LADD; FlightAware blocked=true (AeroAPI, Sep 2026) with no known start date, so the whole recovered record is listed",2023-08-17,KFFZ,Falcon Field,Mesa,US-AZ,US,2023-08-17T03:40:27.210000+00:00,2023-08-17T03:43:17.020000+00:00,2023-08-16 20:40,adsb-lol;airplanes-live
N582MM,2023-02-06,"Never LADD; FlightAware blocked=true (AeroAPI, Sep 2026) with no known start date, so the whole recovered record is listed",2023-08-20,KFFZ,Falcon Field,Mesa,US-AZ,US,2023-08-20T12:04:06.210000+00:00,2023-08-20T12:04:23.130000+00:00,2023-08-20 05:04,airplanes-live
N582MM,2023-02-06,"Never LADD; FlightAware blocked=true (AeroAPI, Sep 2026) with no known start date, so the whole recovered record is listed",2023-08-20,KBIL,Billings Logan International Airport,Billings,US-MT,US,2023-08-20T13:54:46.400000+00:00,2023-08-20T15:06:59.510000+00:00,2023-08-20 07:54,airplanes-live
N582MM,2023-02-06,"Never LADD; FlightAware blocked=true (AeroAPI, Sep 2026) with no known start date, so the whole recovered record is listed",2023-08-20,KTPA,Tampa International Airport,Tampa,US-FL,US,2023-08-20T19:41:41.860000+00:00,2023-08-20T19:43:09.110000+00:00,2023-08-20 15:41,airplanes-live
N582MM,2023-02-06,"Never LADD; FlightAware blocked=true (AeroAPI, Sep 2026) with no known start date, so the whole recovered record is listed",2023-08-23,KFFZ,Falcon Field,Mesa,US-AZ,US,2023-08-23T00:34:38.360000+00:00,2023-08-23T00:39:41.820000+00:00,2023-08-22 17:34,adsb-lol
N582MM,2023-02-06,"Never LADD; FlightAware blocked=true (AeroAPI, Sep 2026) with no known start date, so the whole recovered record is listed",2023-08-23,KSNA,John Wayne Orange County International Airport,Santa Ana,US-CA,US,2023-08-23T01:33:54.840000+00:00,2023-08-23T03:06:24.440000+00:00,2023-08-22 18:33,adsb-lol;airplanes-live
N582MM,2023-02-06,"Never LADD; FlightAware blocked=true (AeroAPI, Sep 2026) with no known start date, so the whole recovered record is listed",2023-08-24,KLAS,Harry Reid International Airport,Las Vegas,US-NV,US,2023-08-24T17:12:01.160000+00:00,2023-08-24T19:22:57.300000+00:00,2023-08-24 10:12,adsb-lol;airplanes-live
N582MM,2023-02-06,"Never LADD; FlightAware blocked=true (AeroAPI, Sep 2026) with no known start date, so the whole recovered record is listed",2023-08-26,KMKE,General Mitchell International Airport,Milwaukee,US-WI,US,2023-08-26T21:53:03.140000+00:00,2023-08-26T21:57:04.680000+00:00,2023-08-26 16:53,airplanes-live
N582MM,2023-02-06,"Never LADD; FlightAware blocked=true (AeroAPI, Sep 2026) with no known start date, so the whole recovered record is listed",2023-08-27,KMKE,General Mitchell International Airport,Milwaukee,US-WI,US,2023-08-27T11:37:27.290000+00:00,2023-08-27T11:59:47.340000+00:00,2023-08-27 06:37,airplanes-live
N582MM,2023-02-06,"Never LADD; FlightAware blocked=true (AeroAPI, Sep 2026) with no known start date, so the whole recovered record is listed",2023-08-27,KDAL,Dallas Love Field,Dallas,US-TX,US,2023-08-27T16:03:03.540000+00:00,2023-08-27T16:06:59.390000+00:00,2023-08-27 11:03,adsb-lol;airplanes-live
N582MM,2023-02-06,"Never LADD; FlightAware blocked=true (AeroAPI, Sep 2026) with no known start date, so the whole recovered record is listed",2023-08-28,KDAL,Dallas Love Field,Dallas,US-TX,US,2023-08-28T21:34:35.860000+00:00,2023-08-28T22:02:16.620000+00:00,2023-08-28 16:34,airplanes-live
N582MM,2023-02-06,"Never LADD; FlightAware blocked=true (AeroAPI, Sep 2026) with no known start date, so the whole recovered record is listed",2023-08-29,KBIL,Billings Logan International Airport,Billings,US-MT,US,2023-08-29T00:34:21.240000+00:00,2023-08-29T00:37:31.530000+00:00,2023-08-28 18:34,airplanes-live
N582MM,2023-02-06,"Never LADD; FlightAware blocked=true (AeroAPI, Sep 2026) with no known start date, so the whole recovered record is listed",2023-08-31,KBIL,Billings Logan International Airport,Billings,US-MT,US,2023-08-31T19:43:19.100000+00:00,2023-08-31T19:47:01.600000+00:00,2023-08-31 13:43,airplanes-live
N582MM,2023-02-06,"Never LADD; FlightAware blocked=true (AeroAPI, Sep 2026) with no known start date, so the whole recovered record is listed",2023-08-31,KMSP,Minneapolis–Saint Paul International Airport / Wold–Chamberlain Field,Minneapolis,US-MN,US,2023-08-31T21:22:18.770000+00:00,2023-09-01T00:17:29.420000+00:00,2023-08-31 16:22,adsbexchange-samples;airplanes-live
N582MM,2023-02-06,"Never LADD; FlightAware blocked=true (AeroAPI, Sep 2026) with no known start date, so the whole recovered record is listed",2023-09-01,KMRY,Monterey Regional Airport,Monterey,US-CA,US,2023-09-01T04:12:48.660000+00:00,2023-09-01T05:39:19.680000+00:00,2023-08-31 21:12,adsbexchange-samples;airplanes-live
N582MM,2023-02-06,"Never LADD; FlightAware blocked=true (AeroAPI, Sep 2026) with no known start date, so the whole recovered record is listed",2023-09-01,KFFZ,Falcon Field,Mesa,US-AZ,US,2023-09-01T07:18:23.600000+00:00,2023-09-01T07:21:16.180000+00:00,2023-09-01 00:18,adsbexchange-samples;airplanes-live
N582MM,2023-02-06,"Never LADD; FlightAware blocked=true (AeroAPI, Sep 2026) with no known start date, so the whole recovered record is listed",2023-09-02,KFFZ,Falcon Field,Mesa,US-AZ,US,2023-09-02T22:07:58.960000+00:00,2023-09-02T22:07:58.960000+00:00,2023-09-02 15:07,airplanes-live
N582MM,2023-02-06,"Never LADD; FlightAware blocked=true (AeroAPI, Sep 2026) with no known start date, so the whole recovered record is listed",2023-09-02,KVNY,Van Nuys Airport,Van Nuys,US-CA,US,2023-09-02T23:20:13.540000+00:00,2023-09-02T23:20:59.250000+00:00,2023-09-02 16:20,airplanes-live
N582MM,2023-02-06,"Never LADD; FlightAware blocked=true (AeroAPI, Sep 2026) with no known start date, so the whole recovered record is listed",2023-09-03,KSJC,Mineta San Jose International Airport,San Jose,US-CA,US,2023-09-03T00:52:26.510000+00:00,2023-09-03T01:43:29.940000+00:00,2023-09-02 17:52,airplanes-live
N582MM,2023-02-06,"Never LADD; FlightAware blocked=true (AeroAPI, Sep 2026) with no known start date, so the whole recovered record is listed",2023-09-03,KBFI,King County International Airport - Boeing Field,Seattle,US-WA,US,2023-09-03T03:22:00.290000+00:00,2023-09-03T03:23:01.240000+00:00,2023-09-02 20:22,airplanes-live
N582MM,2023-02-06,"Never LADD; FlightAware blocked=true (AeroAPI, Sep 2026) with no known start date, so the whole recovered record is listed",2023-09-03,KBFI,King County International Airport - Boeing Field,Seattle,US-WA,US,2023-09-03T13:53:57.110000+00:00,2023-09-03T13:53:57.110000+00:00,2023-09-03 06:53,airplanes-live
N582MM,2023-02-06,"Never LADD; FlightAware blocked=true (AeroAPI, Sep 2026) with no known start date, so the whole recovered record is listed",2023-09-03,KMRY,Monterey Regional Airport,Monterey,US-CA,US,2023-09-03T19:34:40.270000+00:00,2023-09-03T19:37:02.090000+00:00,2023-09-03 12:34,airplanes-live
N582MM,2023-02-06,"Never LADD; FlightAware blocked=true (AeroAPI, Sep 2026) with no known start date, so the whole recovered record is listed",2023-09-04,KMRY,Monterey Regional Airport,Monterey,US-CA,US,2023-09-04T14:27:51.490000+00:00,2023-09-04T15:18:17.290000+00:00,2023-09-04 07:27,airplanes-live
N582MM,2023-02-06,"Never LADD; FlightAware blocked=true (AeroAPI, Sep 2026) with no known start date, so the whole recovered record is listed",2023-09-04,KMSP,Minneapolis–Saint Paul International Airport / Wold–Chamberlain Field,Minneapolis,US-MN,US,2023-09-04T18:22:43.310000+00:00,2023-09-04T20:53:57.390000+00:00,2023-09-04 13:22,airplanes-live
N582MM,2023-02-06,"Never LADD; FlightAware blocked=true (AeroAPI, Sep 2026) with no known start date, so the whole recovered record is listed",2023-09-04,KPHX,Phoenix Sky Harbor International Airport,Phoenix,US-AZ,US,2023-09-04T23:55:13.100000+00:00,2023-09-04T23:58:16.090000+00:00,2023-09-04 16:55,airplanes-live
N582MM,2023-02-06,"Never LADD; FlightAware blocked=true (AeroAPI, Sep 2026) with no known start date, so the whole recovered record is listed",2023-09-06,KPHX,Phoenix Sky Harbor International Airport,Phoenix,US-AZ,US,2023-09-06T13:10:34.990000+00:00,2023-09-06T13:18:17.020000+00:00,2023-09-06 06:10,adsb-lol
N582MM,2023-02-06,"Never LADD; FlightAware blocked=true (AeroAPI, Sep 2026) with no known start date, so the whole recovered record is listed",2023-09-06,KLAS,Harry Reid International Airport,Las Vegas,US-NV,US,2023-09-06T19:20:55.030000+00:00,2023-09-06T19:27:15.900000+00:00,2023-09-06 12:20,adsb-lol
N582MM,2023-02-06,"Never LADD; FlightAware blocked=true (AeroAPI, Sep 2026) with no known start date, so the whole recovered record is listed",2023-09-07,KLAS,Harry Reid International Airport,Las Vegas,US-NV,US,2023-09-07T16:05:19.030000+00:00,2023-09-07T16:09:43.960000+00:00,2023-09-07 09:05,adsb-lol
N582MM,2023-02-06,"Never LADD; FlightAware blocked=true (AeroAPI, Sep 2026) with no known start date, so the whole recovered record is listed",2023-09-07,KFXE,Fort Lauderdale Executive Airport,Fort Lauderdale,US-FL,US,2023-09-07T21:58:00.850000+00:00,2023-09-07T23:03:39.040000+00:00,2023-09-07 17:58,adsb-lol
N582MM,2023-02-06,"Never LADD; FlightAware blocked=true (AeroAPI, Sep 2026) with no known start date, so the whole recovered record is listed",2023-09-14,KELP,El Paso International Airport,El Paso,US-TX,US,2023-09-14T01:19:57.700000+00:00,2023-09-14T01:22:45.960000+00:00,2023-09-13 20:19,airplanes-live
N582MM,2023-02-06,"Never LADD; FlightAware blocked=true (AeroAPI, Sep 2026) with no known start date, so the whole recovered record is listed",2023-09-14,KELP,El Paso International Airport,El Paso,US-TX,US,2023-09-14T17:45:35.410000+00:00,2023-09-14T18:40:23.500000+00:00,2023-09-14 12:45,airplanes-live
N582MM,2023-02-06,"Never LADD; FlightAware blocked=true (AeroAPI, Sep 2026) with no known start date, so the whole recovered record is listed",2023-09-14,KSFO,San Francisco International Airport,San Francisco,US-CA,US,2023-09-14T21:02:06.310000+00:00,2023-09-14T22:15:55.500000+00:00,2023-09-14 14:02,adsb-lol;airplanes-live
N582MM,2023-02-06,"Never LADD; FlightAware blocked=true (AeroAPI, Sep 2026) with no known start date, so the whole recovered record is listed",2023-09-14,KSAN,San Diego International Airport,San Diego,US-CA,US,2023-09-14T23:22:44.210000+00:00,2023-09-14T23:32:00.120000+00:00,2023-09-14 16:22,adsb-lol;airplanes-live
N582MM,2023-02-06,"Never LADD; FlightAware blocked=true (AeroAPI, Sep 2026) with no known start date, so the whole recovered record is listed",2023-09-15,KSAN,San Diego International Airport,San Diego,US-CA,US,2023-09-15T22:15:58.400000+00:00,2023-09-15T22:16:14.210000+00:00,2023-09-15 15:15,airplanes-live
N582MM,2023-02-06,"Never LADD; FlightAware blocked=true (AeroAPI, Sep 2026) with no known start date, so the whole recovered record is listed",2023-09-15,KLAS,Harry Reid International Airport,Las Vegas,US-NV,US,2023-09-15T23:05:32.120000+00:00,2023-09-15T23:06:50.140000+00:00,2023-09-15 16:05,adsb-lol
N582MM,2023-02-06,"Never LADD; FlightAware blocked=true (AeroAPI, Sep 2026) with no known start date, so the whole recovered record is listed",2023-09-17,KLAS,Harry Reid International Airport,Las Vegas,US-NV,US,2023-09-17T18:09:10.120000+00:00,2023-09-17T18:19:01.860000+00:00,2023-09-17 11:09,adsb-lol
N582MM,2023-02-06,"Never LADD; FlightAware blocked=true (AeroAPI, Sep 2026) with no known start date, so the whole recovered record is listed",2023-09-17,KSAN,San Diego International Airport,San Diego,US-CA,US,2023-09-17T19:08:53.300000+00:00,2023-09-17T20:56:56.050000+00:00,2023-09-17 12:08,adsb-lol;airplanes-live
N582MM,2023-02-06,"Never LADD; FlightAware blocked=true (AeroAPI, Sep 2026) with no known start date, so the whole recovered record is listed",2023-09-19,KLNS,Lancaster Airport,Lancaster,US-PA,US,2023-09-19T18:46:32.520000+00:00,2023-09-19T21:13:45.190000+00:00,2023-09-19 14:46,adsb-lol
N582MM,2023-02-06,"Never LADD; FlightAware blocked=true (AeroAPI, Sep 2026) with no known start date, so the whole recovered record is listed",2023-09-20,KPHL,Philadelphia International Airport,Philadelphia,US-PA,US,2023-09-20T14:45:07.020000+00:00,2023-09-20T15:07:36.800000+00:00,2023-09-20 10:45,airplanes-live
N582MM,2023-02-06,"Never LADD; FlightAware blocked=true (AeroAPI, Sep 2026) with no known start date, so the whole recovered record is listed",2023-09-20,KVRB,Vero Beach Regional Airport,Vero Beach,US-FL,US,2023-09-20T20:19:03.370000+00:00,2023-09-20T20:19:03.370000+00:00,2023-09-20 16:19,airplanes-live
N582MM,2023-02-06,"Never LADD; FlightAware blocked=true (AeroAPI, Sep 2026) with no known start date, so the whole recovered record is listed",2023-09-22,KPHX,Phoenix Sky Harbor International Airport,Phoenix,US-AZ,US,2023-09-22T01:35:49.590000+00:00,2023-09-22T01:44:14.500000+00:00,2023-09-21 18:35,adsb-lol;airplanes-live
N582MM,2023-02-06,"Never LADD; FlightAware blocked=true (AeroAPI, Sep 2026) with no known start date, so the whole recovered record is listed",2023-09-28,KPHX,Phoenix Sky Harbor International Airport,Phoenix,US-AZ,US,2023-09-28T22:43:49.690000+00:00,2023-09-29T02:18:00.030000+00:00,2023-09-28 15:43,adsb-lol;airplanes-live
N582MM,2023-02-06,"Never LADD; FlightAware blocked=true (AeroAPI, Sep 2026) with no known start date, so the whole recovered record is listed",2023-10-08,KPHX,Phoenix Sky Harbor International Airport,Phoenix,US-AZ,US,2023-10-08T15:29:23.980000+00:00,2023-10-08T15:55:36.450000+00:00,2023-10-08 08:29,adsb-lol;airplanes-live
N582MM,2023-02-06,"Never LADD; FlightAware blocked=true (AeroAPI, Sep 2026) with no known start date, so the whole recovered record is listed",2023-10-08,KSDL,Scottsdale Airport,Scottsdale,US-AZ,US,2023-10-08T16:47:31.760000+00:00,2023-10-08T16:49:28.180000+00:00,2023-10-08 09:47,adsb-lol;airplanes-live
N582MM,2023-02-06,"Never LADD; FlightAware blocked=true (AeroAPI, Sep 2026) with no known start date, so the whole recovered record is listed",2023-10-09,KDAL,Dallas Love Field,Dallas,US-TX,US,2023-10-09T17:47:40.640000+00:00,2023-10-09T17:50:29.780000+00:00,2023-10-09 12:47,adsb-lol;airplanes-live
N582MM,2023-02-06,"Never LADD; FlightAware blocked=true (AeroAPI, Sep 2026) with no known start date, so the whole recovered record is listed",2023-10-09,KMSP,Minneapolis–Saint Paul International Airport / Wold–Chamberlain Field,Minneapolis,US-MN,US,2023-10-09T19:47:39.860000+00:00,2023-10-09T21:41:25.550000+00:00,2023-10-09 14:47,adsb-lol;airplanes-live
N582MM,2023-02-06,"Never LADD; FlightAware blocked=true (AeroAPI, Sep 2026) with no known start date, so the whole recovered record is listed",2023-10-14,KFTW,Fort Worth Meacham International Airport,Fort Worth,US-TX,US,2023-10-14T02:48:43.600000+00:00,2023-10-14T02:50:52.780000+00:00,2023-10-13 21:48,adsb-lol;airplanes-live
N582MM,2023-02-06,"Never LADD; FlightAware blocked=true (AeroAPI, Sep 2026) with no known start date, so the whole recovered record is listed",2023-10-14,KORL,Orlando Executive Airport,Orlando,US-FL,US,2023-10-14T07:03:27.060000+00:00,2023-10-14T07:07:09.170000+00:00,2023-10-14 03:03,airplanes-live
N582MM,2023-02-06,"Never LADD; FlightAware blocked=true (AeroAPI, Sep 2026) with no known start date, so the whole recovered record is listed",2023-10-15,KORL,Orlando Executive Airport,Orlando,US-FL,US,2023-10-15T03:08:32.320000+00:00,2023-10-15T04:35:44.040000+00:00,2023-10-14 23:08,airplanes-live
N582MM,2023-02-06,"Never LADD; FlightAware blocked=true (AeroAPI, Sep 2026) with no known start date, so the whole recovered record is listed",2023-10-18,KFTW,Fort Worth Meacham International Airport,Fort Worth,US-TX,US,2023-10-18T15:46:50.550000+00:00,2023-10-18T15:47:58.470000+00:00,2023-10-18 10:46,adsb-lol;airplanes-live
N582MM,2023-02-06,"Never LADD; FlightAware blocked=true (AeroAPI, Sep 2026) with no known start date, so the whole recovered record is listed",2023-10-18,KMDW,Chicago Midway International Airport,Chicago,US-IL,US,2023-10-18T17:41:52.010000+00:00,2023-10-18T19:09:49.760000+00:00,2023-10-18 12:41,adsb-lol;airplanes-live
N582MM,2023-02-06,"Never LADD; FlightAware blocked=true (AeroAPI, Sep 2026) with no known start date, so the whole recovered record is listed",2023-10-19,KAPA,Centennial Airport,Denver,US-CO,US,2023-10-19T23:35:35.570000+00:00,2023-10-19T23:35:58.780000+00:00,2023-10-19 17:35,airplanes-live
N582MM,2023-02-06,"Never LADD; FlightAware blocked=true (AeroAPI, Sep 2026) with no known start date, so the whole recovered record is listed",2023-10-20,KAPA,Centennial Airport,Denver,US-CO,US,2023-10-20T15:57:03.050000+00:00,2023-10-20T15:57:31.420000+00:00,2023-10-20 09:57,airplanes-live
N582MM,2023-02-06,"Never LADD; FlightAware blocked=true (AeroAPI, Sep 2026) with no known start date, so the whole recovered record is listed",2023-10-20,KSAN,San Diego International Airport,San Diego,US-CA,US,2023-10-20T18:05:34.620000+00:00,2023-10-20T19:08:52.770000+00:00,2023-10-20 11:05,adsb-lol;airplanes-live
N582MM,2023-02-06,"Never LADD; FlightAware blocked=true (AeroAPI, Sep 2026) with no known start date, so the whole recovered record is listed",2023-10-20,KDAL,Dallas Love Field,Dallas,US-TX,US,2023-10-20T21:51:26.800000+00:00,2023-10-20T22:31:32.770000+00:00,2023-10-20 16:51,adsb-lol;airplanes-live
N582MM,2023-02-06,"Never LADD; FlightAware blocked=true (AeroAPI, Sep 2026) with no known start date, so the whole recovered record is listed",2023-10-21,KAPA,Centennial Airport,Denver,US-CO,US,2023-10-21T00:08:18.640000+00:00,2023-10-21T00:08:23.930000+00:00,2023-10-20 18:08,adsb-lol;airplanes-live
N582MM,2023-02-06,"Never LADD; FlightAware blocked=true (AeroAPI, Sep 2026) with no known start date, so the whole recovered record is listed",2023-10-22,KFTW,Fort Worth Meacham International Airport,Fort Worth,US-TX,US,2023-10-22T01:42:07.900000+00:00,2023-10-22T01:46:00.070000+00:00,2023-10-21 20:42,airplanes-live
N582MM,2023-02-06,"Never LADD; FlightAware blocked=true (AeroAPI, Sep 2026) with no known start date, so the whole recovered record is listed",2023-10-22,KAPA,Centennial Airport,Denver,US-CO,US,2023-10-22T05:41:38.150000+00:00,2023-10-22T05:43:37.120000+00:00,2023-10-21 23:41,airplanes-live
N582MM,2023-02-06,"Never LADD; FlightAware blocked=true (AeroAPI, Sep 2026) with no known start date, so the whole recovered record is listed",2023-10-23,KAPA,Centennial Airport,Denver,US-CO,US,2023-10-23T02:54:34.660000+00:00,2023-10-23T02:58:53.570000+00:00,2023-10-22 20:54,adsb-lol;airplanes-live
N582MM,2023-02-06,"Never LADD; FlightAware blocked=true (AeroAPI, Sep 2026) with no known start date, so the whole recovered record is listed",2023-10-23,KPHX,Phoenix Sky Harbor International Airport,Phoenix,US-AZ,US,2023-10-23T04:31:13.980000+00:00,2023-10-23T04:31:19.040000+00:00,2023-10-22 21:31,adsb-lol;airplanes-live
N582MM,2023-02-06,"Never LADD; FlightAware blocked=true (AeroAPI, Sep 2026) with no known start date, so the whole recovered record is listed",2023-10-27,KPHX,Phoenix Sky Harbor International Airport,Phoenix,US-AZ,US,2023-10-27T14:05:47.380000+00:00,2023-10-27T14:53:58.150000+00:00,2023-10-27 07:05,adsb-lol;airplanes-live
N582MM,2023-02-06,"Never LADD; FlightAware blocked=true (AeroAPI, Sep 2026) with no known start date, so the whole recovered record is listed",2023-10-27,KCOU,Columbia Regional Airport,Columbia,US-MO,US,2023-10-27T19:54:32.350000+00:00,2023-10-27T20:44:16.120000+00:00,2023-10-27 14:54,airplanes-live
N582MM,2023-02-06,"Never LADD; FlightAware blocked=true (AeroAPI, Sep 2026) with no known start date, so the whole recovered record is listed",2023-11-06,KLUK,Cincinnati Municipal Airport Lunken Field,Cincinnati,US-OH,US,2023-11-06T01:03:42.950000+00:00,2023-11-06T01:07:46.420000+00:00,2023-11-05 20:03,airplanes-live
N582MM,2023-02-06,"Never LADD; FlightAware blocked=true (AeroAPI, Sep 2026) with no known start date, so the whole recovered record is listed",2023-11-06,KBUF,Buffalo Niagara International Airport,Buffalo,US-NY,US,2023-11-06T06:27:04.750000+00:00,2023-11-06T06:27:25.890000+00:00,2023-11-06 01:27,airplanes-live
N582MM,2023-02-06,"Never LADD; FlightAware blocked=true (AeroAPI, Sep 2026) with no known start date, so the whole recovered record is listed",2023-11-07,KIAD,Washington Dulles International Airport,Dulles,US-VA,US,2023-11-07T14:43:36.580000+00:00,2023-11-07T16:02:44.990000+00:00,2023-11-07 09:43,adsb-lol;airplanes-live
N582MM,2023-02-06,"Never LADD; FlightAware blocked=true (AeroAPI, Sep 2026) with no known start date, so the whole recovered record is listed",2023-11-07,KSLC,Salt Lake City International Airport,Salt Lake City,US-UT,US,2023-11-07T21:28:41.060000+00:00,2023-11-07T22:43:21.550000+00:00,2023-11-07 14:28,adsb-lol;airplanes-live
N582MM,2023-02-06,"Never LADD; FlightAware blocked=true (AeroAPI, Sep 2026) with no known start date, so the whole recovered record is listed",2023-11-08,KPHX,Phoenix Sky Harbor International Airport,Phoenix,US-AZ,US,2023-11-08T00:06:12.240000+00:00,2023-11-08T00:09:06.470000+00:00,2023-11-07 17:06,adsb-lol;airplanes-live
N582MM,2023-02-06,"Never LADD; FlightAware blocked=true (AeroAPI, Sep 2026) with no known start date, so the whole recovered record is listed",2023-11-10,KLWM,Lawrence Municipal Airport,Lawrence,US-MA,US,2023-11-10T00:51:07.970000+00:00,2023-11-10T00:51:07.970000+00:00,2023-11-09 19:51,airplanes-live
N582MM,2023-02-06,"Never LADD; FlightAware blocked=true (AeroAPI, Sep 2026) with no known start date, so the whole recovered record is listed",2023-11-14,KSNA,John Wayne Orange County International Airport,Santa Ana,US-CA,US,2023-11-14T16:13:35.220000+00:00,2023-11-14T16:13:35.220000+00:00,2023-11-14 08:13,airplanes-live
N582MM,2023-02-06,"Never LADD; FlightAware blocked=true (AeroAPI, Sep 2026) with no known start date, so the whole recovered record is listed",2023-11-15,KRST,Rochester International Airport,Rochester,US-MN,US,2023-11-15T16:19:49.090000+00:00,2023-11-15T17:41:06.070000+00:00,2023-11-15 10:19,airplanes-live
N582MM,2023-02-06,"Never LADD; FlightAware blocked=true (AeroAPI, Sep 2026) with no known start date, so the whole recovered record is listed",2023-11-18,KPIA,General Wayne A. Downing Peoria International Airport,Peoria,US-IL,US,2023-11-18T15:02:17.030000+00:00,2023-11-18T15:47:31.130000+00:00,2023-11-18 09:02,airplanes-live
N582MM,2023-02-06,"Never LADD; FlightAware blocked=true (AeroAPI, Sep 2026) with no known start date, so the whole recovered record is listed",2023-11-18,KSDL,Scottsdale Airport,Scottsdale,US-AZ,US,2023-11-18T21:46:37.890000+00:00,2023-11-18T21:47:38.400000+00:00,2023-11-18 14:46,airplanes-live
N582MM,2023-02-06,"Never LADD; FlightAware blocked=true (AeroAPI, Sep 2026) with no known start date, so the whole recovered record is listed",2023-11-19,KSDL,Scottsdale Airport,Scottsdale,US-AZ,US,2023-11-19T19:54:42.660000+00:00,2023-11-19T19:54:44.280000+00:00,2023-11-19 12:54,airplanes-live
N582MM,2023-02-06,"Never LADD; FlightAware blocked=true (AeroAPI, Sep 2026) with no known start date, so the whole recovered record is listed",2023-11-20,KAPA,Centennial Airport,Denver,US-CO,US,2023-11-20T22:24:51.040000+00:00,2023-11-20T23:07:25.710000+00:00,2023-11-20 15:24,airplanes-live
N582MM,2023-02-06,"Never LADD; FlightAware blocked=true (AeroAPI, Sep 2026) with no known start date, so the whole recovered record is listed",2023-11-21,KPHX,Phoenix Sky Harbor International Airport,Phoenix,US-AZ,US,2023-11-21T00:22:00.130000+00:00,2023-11-21T00:22:49.280000+00:00,2023-11-20 17:22,airplanes-live
N582MM,2023-02-06,"Never LADD; FlightAware blocked=true (AeroAPI, Sep 2026) with no known start date, so the whole recovered record is listed",2023-11-21,KPHX,Phoenix Sky Harbor International Airport,Phoenix,US-AZ,US,2023-11-21T18:30:04.660000+00:00,2023-11-21T18:30:04.660000+00:00,2023-11-21 11:30,airplanes-live
N582MM,2023-02-06,"Never LADD; FlightAware blocked=true (AeroAPI, Sep 2026) with no known start date, so the whole recovered record is listed",2023-11-22,KPHX,Phoenix Sky Harbor International Airport,Phoenix,US-AZ,US,2023-11-22T10:21:26.960000+00:00,2023-11-22T11:01:37.800000+00:00,2023-11-22 03:21,adsb-lol;airplanes-live
N582MM,2023-02-06,"Never LADD; FlightAware blocked=true (AeroAPI, Sep 2026) with no known start date, so the whole recovered record is listed",2023-11-22,KCOE,Coeur D'Alene Airport - Pappy Boyington Field,Coeur d'Alene,US-ID,US,2023-11-22T13:29:50.330000+00:00,2023-11-22T15:04:41.710000+00:00,2023-11-22 06:29,airplanes-live
N582MM,2023-02-06,"Never LADD; FlightAware blocked=true (AeroAPI, Sep 2026) with no known start date, so the whole recovered record is listed",2023-11-22,1NA9,Myran Airstrip,Taylor,US-ND,US,2023-11-22T16:17:37.690000+00:00,2023-11-22T16:17:37.690000+00:00,2023-11-22 10:17,airplanes-live
N582MM,2023-02-06,"Never LADD; FlightAware blocked=true (AeroAPI, Sep 2026) with no known start date, so the whole recovered record is listed",2023-11-25,KCOE,Coeur D'Alene Airport - Pappy Boyington Field,Coeur d'Alene,US-ID,US,2023-11-25T19:59:03.050000+00:00,2023-11-25T20:00:48.280000+00:00,2023-11-25 12:59,airplanes-live
N582MM,2023-02-06,"Never LADD; FlightAware blocked=true (AeroAPI, Sep 2026) with no known start date, so the whole recovered record is listed",2023-11-25,KPHX,Phoenix Sky Harbor International Airport,Phoenix,US-AZ,US,2023-11-25T22:42:31.830000+00:00,2023-11-25T22:44:58.370000+00:00,2023-11-25 15:42,adsb-lol;airplanes-live
N582MM,2023-02-06,"Never LADD; FlightAware blocked=true (AeroAPI, Sep 2026) with no known start date, so the whole recovered record is listed",2023-12-03,KPHX,Phoenix Sky Harbor International Airport,Phoenix,US-AZ,US,2023-12-03T10:50:06.910000+00:00,2023-12-03T11:25:01.350000+00:00,2023-12-03 03:50,airplanes-live
N582MM,2023-02-06,"Never LADD; FlightAware blocked=true (AeroAPI, Sep 2026) with no known start date, so the whole recovered record is listed",2023-12-07,KPIE,St. Petersburg Clearwater International Airport,Pinellas Park,US-FL,US,2023-12-07T03:33:38.470000+00:00,2023-12-07T03:35:41.040000+00:00,2023-12-06 22:33,airplanes-live
N582MM,2023-02-06,"Never LADD; FlightAware blocked=true (AeroAPI, Sep 2026) with no known start date, so the whole recovered record is listed",2023-12-07,KPIE,St. Petersburg Clearwater International Airport,Pinellas Park,US-FL,US,2023-12-07T18:29:56.840000+00:00,2023-12-07T18:49:49.840000+00:00,2023-12-07 13:29,airplanes-live
N582MM,2023-02-06,"Never LADD; FlightAware blocked=true (AeroAPI, Sep 2026) with no known start date, so the whole recovered record is listed",2023-12-08,KBED,Laurence G Hanscom Field,Bedford,US-MA,US,2023-12-08T07:13:34.110000+00:00,2023-12-08T07:13:34.110000+00:00,2023-12-08 02:13,airplanes-live
N582MM,2023-02-06,"Never LADD; FlightAware blocked=true (AeroAPI, Sep 2026) with no known start date, so the whole recovered record is listed",2023-12-08,KPHX,Phoenix Sky Harbor International Airport,Phoenix,US-AZ,US,2023-12-08T13:49:05.010000+00:00,2023-12-08T13:53:00.140000+00:00,2023-12-08 06:49,airplanes-live
N582MM,2023-02-06,"Never LADD; FlightAware blocked=true (AeroAPI, Sep 2026) with no known start date, so the whole recovered record is listed",2023-12-09,KPHX,Phoenix Sky Harbor International Airport,Phoenix,US-AZ,US,2023-12-09T16:53:49.850000+00:00,2023-12-09T17:14:44.050000+00:00,2023-12-09 09:53,airplanes-live
N582MM,2023-02-06,"Never LADD; FlightAware blocked=true (AeroAPI, Sep 2026) with no known start date, so the whole recovered record is listed",2023-12-09,KBFI,King County International Airport - Boeing Field,Seattle,US-WA,US,2023-12-09T21:15:51.830000+00:00,2023-12-09T22:23:06.990000+00:00,2023-12-09 13:15,airplanes-live
N582MM,2023-02-06,"Never LADD; FlightAware blocked=true (AeroAPI, Sep 2026) with no known start date, so the whole recovered record is listed",2023-12-10,KPDX,Portland International Airport,Portland,US-OR,US,2023-12-10T19:03:34.010000+00:00,2023-12-10T19:07:13.600000+00:00,2023-12-10 11:03,airplanes-live
N582MM,2023-02-06,"Never LADD; FlightAware blocked=true (AeroAPI, Sep 2026) with no known start date, so the whole recovered record is listed",2023-12-10,KTUS,Tucson International Airport,Tucson,US-AZ,US,2023-12-10T21:23:11.020000+00:00,2023-12-10T21:23:11.020000+00:00,2023-12-10 14:23,airplanes-live
N582MM,2023-02-06,"Never LADD; FlightAware blocked=true (AeroAPI, Sep 2026) with no known start date, so the whole recovered record is listed",2023-12-10,KONT,Ontario International Airport,Ontario,US-CA,US,2023-12-10T23:11:52.840000+00:00,2023-12-11T00:22:57.310000+00:00,2023-12-10 15:11,airplanes-live
N582MM,2023-02-06,"Never LADD; FlightAware blocked=true (AeroAPI, Sep 2026) with no known start date, so the whole recovered record is listed",2023-12-11,KAPA,Centennial Airport,Denver,US-CO,US,2023-12-11T23:06:56.970000+00:00,2023-12-11T23:07:23.390000+00:00,2023-12-11 16:06,airplanes-live
N582MM,2023-02-06,"Never LADD; FlightAware blocked=true (AeroAPI, Sep 2026) with no known start date, so the whole recovered record is listed",2023-12-12,KAPA,Centennial Airport,Denver,US-CO,US,2023-12-12T16:46:18.400000+00:00,2023-12-12T16:46:54.710000+00:00,2023-12-12 09:46,airplanes-live
N582MM,2023-02-06,"Never LADD; FlightAware blocked=true (AeroAPI, Sep 2026) with no known start date, so the whole recovered record is listed",2023-12-12,KPVU,Provo Municipal Airport,Provo,US-UT,US,2023-12-12T17:46:53.660000+00:00,2023-12-12T19:40:29.530000+00:00,2023-12-12 10:46,airplanes-live
N582MM,2023-02-06,"Never LADD; FlightAware blocked=true (AeroAPI, Sep 2026) with no known start date, so the whole recovered record is listed",2023-12-14,KLAS,Harry Reid International Airport,Las Vegas,US-NV,US,2023-12-14T05:28:00.750000+00:00,2023-12-14T05:30:42.970000+00:00,2023-12-13 21:28,adsb-lol;airplanes-live
N582MM,2023-02-06,"Never LADD; FlightAware blocked=true (AeroAPI, Sep 2026) with no known start date, so the whole recovered record is listed",2023-12-14,KHND,Henderson Executive Airport,Las Vegas,US-NV,US,2023-12-14T06:17:09.510000+00:00,2023-12-14T06:17:42.020000+00:00,2023-12-13 22:17,airplanes-live
N582MM,2023-02-06,"Never LADD; FlightAware blocked=true (AeroAPI, Sep 2026) with no known start date, so the whole recovered record is listed",2023-12-16,KSDL,Scottsdale Airport,Scottsdale,US-AZ,US,2023-12-16T16:44:57.860000+00:00,2023-12-16T19:45:05.400000+00:00,2023-12-16 09:44,adsb-lol;airplanes-live
N582MM,2023-02-06,"Never LADD; FlightAware blocked=true (AeroAPI, Sep 2026) with no known start date, so the whole recovered record is listed",2023-12-17,KSDL,Scottsdale Airport,Scottsdale,US-AZ,US,2023-12-17T05:01:00.640000+00:00,2023-12-17T05:29:30.790000+00:00,2023-12-16 22:01,adsb-lol;airplanes-live
N582MM,2023-02-06,"Never LADD; FlightAware blocked=true (AeroAPI, Sep 2026) with no known start date, so the whole recovered record is listed",2023-12-18,KPHX,Phoenix Sky Harbor International Airport,Phoenix,US-AZ,US,2023-12-18T15:13:54+00:00,2023-12-18T18:49:45.220000+00:00,2023-12-18 08:13,adsb-lol;airplanes-live
N582MM,2023-02-06,"Never LADD; FlightAware blocked=true (AeroAPI, Sep 2026) with no known start date, so the whole recovered record is listed",2023-12-18,KRIF,Richfield Municipal Airport,Richfield,US-UT,US,2023-12-18T19:36:12.670000+00:00,2023-12-18T19:36:15.840000+00:00,2023-12-18 12:36,airplanes-live
N582MM,2023-02-06,"Never LADD; FlightAware blocked=true (AeroAPI, Sep 2026) with no known start date, so the whole recovered record is listed",2023-12-18,99MT,Fox Field,Hamilton,US-MT,US,2023-12-18T22:39:31.030000+00:00,2023-12-18T22:39:31.030000+00:00,2023-12-18 15:39,airplanes-live
N582MM,2023-02-06,"Never LADD; FlightAware blocked=true (AeroAPI, Sep 2026) with no known start date, so the whole recovered record is listed",2023-12-18,KBFI,King County International Airport - Boeing Field,Seattle,US-WA,US,2023-12-18T23:53:15.110000+00:00,2023-12-18T23:54:03.460000+00:00,2023-12-18 15:53,adsb-lol;airplanes-live
N582MM,2023-02-06,"Never LADD; FlightAware blocked=true (AeroAPI, Sep 2026) with no known start date, so the whole recovered record is listed",2023-12-19,KBFI,King County International Airport - Boeing Field,Seattle,US-WA,US,2023-12-19T18:47:03.720000+00:00,2023-12-19T18:47:35.100000+00:00,2023-12-19 10:47,adsb-lol;airplanes-live
N582MM,2023-02-06,"Never LADD; FlightAware blocked=true (AeroAPI, Sep 2026) with no known start date, so the whole recovered record is listed",2023-12-19,KDVT,Phoenix Deer Valley Airport,Phoenix,US-AZ,US,2023-12-19T21:13:57.650000+00:00,2023-12-19T21:13:57.730000+00:00,2023-12-19 14:13,adsb-lol;airplanes-live
N582MM,2023-02-06,"Never LADD; FlightAware blocked=true (AeroAPI, Sep 2026) with no known start date, so the whole recovered record is listed",2023-12-20,KSAT,San Antonio International Airport,San Antonio,US-TX,US,2023-12-20T00:16:44.750000+00:00,2023-12-20T00:18:09.760000+00:00,2023-12-19 18:16,airplanes-live
N582MM,2023-02-06,"Never LADD; FlightAware blocked=true (AeroAPI, Sep 2026) with no known start date, so the whole recovered record is listed",2023-12-20,KDRO,Durango La Plata County Airport,Durango,US-CO,US,2023-12-20T03:04:22.600000+00:00,2023-12-20T03:06:19.030000+00:00,2023-12-19 20:04,airplanes-live
N582MM,2023-02-06,"Never LADD; FlightAware blocked=true (AeroAPI, Sep 2026) with no known start date, so the whole recovered record is listed",2023-12-21,KTEB,Teterboro Airport,Teterboro,US-NJ,US,2023-12-21T17:29:52.520000+00:00,2023-12-21T19:14:17.580000+00:00,2023-12-21 12:29,airplanes-live
N582MM,2023-02-06,"Never LADD; FlightAware blocked=true (AeroAPI, Sep 2026) with no known start date, so the whole recovered record is listed",2023-12-22,KPHX,Phoenix Sky Harbor International Airport,Phoenix,US-AZ,US,2023-12-22T23:41:45.330000+00:00,2023-12-22T23:47:14.800000+00:00,2023-12-22 16:41,airplanes-live
N582MM,2023-02-06,"Never LADD; FlightAware blocked=true (AeroAPI, Sep 2026) with no known start date, so the whole recovered record is listed",2023-12-23,KPHX,Phoenix Sky Harbor International Airport,Phoenix,US-AZ,US,2023-12-23T12:40:37.560000+00:00,2023-12-23T12:47:14.330000+00:00,2023-12-23 05:40,airplanes-live
N582MM,2023-02-06,"Never LADD; FlightAware blocked=true (AeroAPI, Sep 2026) with no known start date, so the whole recovered record is listed",2023-12-23,KFCM,Flying Cloud Airport,Minneapolis,US-MN,US,2023-12-23T15:21:33.070000+00:00,2023-12-23T15:21:33.070000+00:00,2023-12-23 09:21,airplanes-live
N582MM,2023-02-06,"Never LADD; FlightAware blocked=true (AeroAPI, Sep 2026) with no known start date, so the whole recovered record is listed",2023-12-24,KPHX,Phoenix Sky Harbor International Airport,Phoenix,US-AZ,US,2023-12-24T01:12:28.310000+00:00,2023-12-24T01:14:46.150000+00:00,2023-12-23 18:12,airplanes-live
N582MM,2023-02-06,"Never LADD; FlightAware blocked=true (AeroAPI, Sep 2026) with no known start date, so the whole recovered record is listed",2023-12-27,KPHX,Phoenix Sky Harbor International Airport,Phoenix,US-AZ,US,2023-12-27T15:19:47.740000+00:00,2023-12-27T16:41:44.280000+00:00,2023-12-27 08:19,airplanes-live
N582MM,2023-02-06,"Never LADD; FlightAware blocked=true (AeroAPI, Sep 2026) with no known start date, so the whole recovered record is listed",2023-12-28,KORL,Orlando Executive Airport,Orlando,US-FL,US,2023-12-28T01:36:21.470000+00:00,2023-12-28T01:40:18.560000+00:00,2023-12-27 20:36,airplanes-live
N582MM,2023-02-06,"Never LADD; FlightAware blocked=true (AeroAPI, Sep 2026) with no known start date, so the whole recovered record is listed",2023-12-28,KORL,Orlando Executive Airport,Orlando,US-FL,US,2023-12-28T14:40:22.830000+00:00,2023-12-28T15:19:40.660000+00:00,2023-12-28 09:40,airplanes-live
N582MM,2023-02-06,"Never LADD; FlightAware blocked=true (AeroAPI, Sep 2026) with no known start date, so the whole recovered record is listed",2024-01-01,KIAD,Washington Dulles International Airport,Dulles,US-VA,US,2024-01-01T04:11:46.220000+00:00,2024-01-01T04:15:58.650000+00:00,2023-12-31 23:11,adsbexchange-samples;airplanes-live
N582MM,2023-02-06,"Never LADD; FlightAware blocked=true (AeroAPI, Sep 2026) with no known start date, so the whole recovered record is listed",2024-01-01,KIAD,Washington Dulles International Airport,Dulles,US-VA,US,2024-01-01T14:56:58.790000+00:00,2024-01-01T16:14:26.330000+00:00,2024-01-01 09:56,adsbexchange-samples;airplanes-live
N582MM,2023-02-06,"Never LADD; FlightAware blocked=true (AeroAPI, Sep 2026) with no known start date, so the whole recovered record is listed",2024-01-01,KMEM,Frederick W. Smith International Airport,Memphis,US-TN,US,2024-01-01T18:09:47.160000+00:00,2024-01-01T18:10:24.770000+00:00,2024-01-01 12:09,adsbexchange-samples
N582MM,2023-02-06,"Never LADD; FlightAware blocked=true (AeroAPI, Sep 2026) with no known start date, so the whole recovered record is listed",2024-01-01,KRIL,Garfield County Regional Airport,Rifle,US-CO,US,2024-01-01T21:37:03.350000+00:00,2024-01-01T22:30:40.290000+00:00,2024-01-01 14:37,adsbexchange-samples
N582MM,2023-02-06,"Never LADD; FlightAware blocked=true (AeroAPI, Sep 2026) with no known start date, so the whole recovered record is listed",2024-01-05,KPHX,Phoenix Sky Harbor International Airport,Phoenix,US-AZ,US,2024-01-05T01:08:15.430000+00:00,2024-01-05T01:10:43.720000+00:00,2024-01-04 18:08,airplanes-live
N582MM,2023-02-06,"Never LADD; FlightAware blocked=true (AeroAPI, Sep 2026) with no known start date, so the whole recovered record is listed",2024-01-06,KPHX,Phoenix Sky Harbor International Airport,Phoenix,US-AZ,US,2024-01-06T15:13:13.420000+00:00,2024-01-06T16:15:06.150000+00:00,2024-01-06 08:13,airplanes-live
N582MM,2023-02-06,"Never LADD; FlightAware blocked=true (AeroAPI, Sep 2026) with no known start date, so the whole recovered record is listed",2024-01-06,KEGE,Eagle County Regional Airport,Eagle,US-CO,US,2024-01-06T17:41:38.220000+00:00,2024-01-06T17:41:38.220000+00:00,2024-01-06 10:41,airplanes-live
N582MM,2023-02-06,"Never LADD; FlightAware blocked=true (AeroAPI, Sep 2026) with no known start date, so the whole recovered record is listed",2024-01-08,KAPA,Centennial Airport,Denver,US-CO,US,2024-01-08T02:56:13.880000+00:00,2024-01-08T02:58:52.810000+00:00,2024-01-07 19:56,airplanes-live
N582MM,2023-02-06,"Never LADD; FlightAware blocked=true (AeroAPI, Sep 2026) with no known start date, so the whole recovered record is listed",2024-01-08,KAPA,Centennial Airport,Denver,US-CO,US,2024-01-08T14:57:16.490000+00:00,2024-01-08T15:06:01.790000+00:00,2024-01-08 07:57,airplanes-live
N582MM,2023-02-06,"Never LADD; FlightAware blocked=true (AeroAPI, Sep 2026) with no known start date, so the whole recovered record is listed",2024-01-08,KPBI,President Donald J. Trump International Airport,West Palm Beach,US-FL,US,2024-01-08T19:48:31.150000+00:00,2024-01-08T19:50:00.960000+00:00,2024-01-08 14:48,airplanes-live
N582MM,2023-02-06,"Never LADD; FlightAware blocked=true (AeroAPI, Sep 2026) with no known start date, so the whole recovered record is listed",2024-01-09,KPHX,Phoenix Sky Harbor International Airport,Phoenix,US-AZ,US,2024-01-09T04:54:57.060000+00:00,2024-01-09T04:57:18.620000+00:00,2024-01-08 21:54,airplanes-live
N582MM,2023-02-06,"Never LADD; FlightAware blocked=true (AeroAPI, Sep 2026) with no known start date, so the whole recovered record is listed",2024-01-11,KPHX,Phoenix Sky Harbor International Airport,Phoenix,US-AZ,US,2024-01-11T12:19:36.560000+00:00,2024-01-11T12:27:42.120000+00:00,2024-01-11 05:19,airplanes-live
N582MM,2023-02-06,"Never LADD; FlightAware blocked=true (AeroAPI, Sep 2026) with no known start date, so the whole recovered record is listed",2024-01-11,KDAL,Dallas Love Field,Dallas,US-TX,US,2024-01-11T17:10:38.520000+00:00,2024-01-11T18:13:20.140000+00:00,2024-01-11 11:10,airplanes-live
N582MM,2023-02-06,"Never LADD; FlightAware blocked=true (AeroAPI, Sep 2026) with no known start date, so the whole recovered record is listed",2024-01-11,KLAX,Los Angeles International Airport,Los Angeles,US-CA,US,2024-01-11T22:58:34.960000+00:00,2024-01-11T23:46:34.970000+00:00,2024-01-11 14:58,airplanes-live
N582MM,2023-02-06,"Never LADD; FlightAware blocked=true (AeroAPI, Sep 2026) with no known start date, so the whole recovered record is listed",2024-01-12,KPHX,Phoenix Sky Harbor International Airport,Phoenix,US-AZ,US,2024-01-12T00:43:13.580000+00:00,2024-01-12T00:45:16.030000+00:00,2024-01-11 17:43,airplanes-live
N582MM,2023-02-06,"Never LADD; FlightAware blocked=true (AeroAPI, Sep 2026) with no known start date, so the whole recovered record is listed",2024-01-17,KPHX,Phoenix Sky Harbor International Airport,Phoenix,US-AZ,US,2024-01-17T15:43:06.420000+00:00,2024-01-17T15:59:01.650000+00:00,2024-01-17 08:43,airplanes-live
N582MM,2023-02-06,"Never LADD; FlightAware blocked=true (AeroAPI, Sep 2026) with no known start date, so the whole recovered record is listed",2024-01-17,KAPA,Centennial Airport,Denver,US-CO,US,2024-01-17T17:16:51.720000+00:00,2024-01-17T17:20:08.330000+00:00,2024-01-17 10:16,airplanes-live
N582MM,2023-02-06,"Never LADD; FlightAware blocked=true (AeroAPI, Sep 2026) with no known start date, so the whole recovered record is listed",2024-01-18,KPHX,Phoenix Sky Harbor International Airport,Phoenix,US-AZ,US,2024-01-18T18:10:05.090000+00:00,2024-01-18T18:15:33.720000+00:00,2024-01-18 11:10,airplanes-live
N582MM,2023-02-06,"Never LADD; FlightAware blocked=true (AeroAPI, Sep 2026) with no known start date, so the whole recovered record is listed",2024-01-20,KPHX,Phoenix Sky Harbor International Airport,Phoenix,US-AZ,US,2024-01-20T20:22:05.900000+00:00,2024-01-20T21:13:20.090000+00:00,2024-01-20 13:22,airplanes-live
N582MM,2023-02-06,"Never LADD; FlightAware blocked=true (AeroAPI, Sep 2026) with no known start date, so the whole recovered record is listed",2024-01-20,KOAK,Oakland San Francisco Bay Airport,Oakland,US-CA,US,2024-01-20T23:04:16.150000+00:00,2024-01-20T23:47:12.530000+00:00,2024-01-20 15:04,airplanes-live
N582MM,2023-02-06,"Never LADD; FlightAware blocked=true (AeroAPI, Sep 2026) with no known start date, so the whole recovered record is listed",2024-01-22,KMDT,Harrisburg International Airport,Harrisburg,US-PA,US,2024-01-22T17:46:02.490000+00:00,2024-01-22T17:46:02.490000+00:00,2024-01-22 12:46,airplanes-live
N582MM,2023-02-06,"Never LADD; FlightAware blocked=true (AeroAPI, Sep 2026) with no known start date, so the whole recovered record is listed",2024-01-22,KPWA,Wiley Post Airport,Oklahoma City,US-OK,US,2024-01-22T21:51:34.160000+00:00,2024-01-22T21:51:34.160000+00:00,2024-01-22 15:51,airplanes-live
N582MM,2023-02-06,"Never LADD; FlightAware blocked=true (AeroAPI, Sep 2026) with no known start date, so the whole recovered record is listed",2024-01-22,KAPA,Centennial Airport,Denver,US-CO,US,2024-01-22T23:08:39.470000+00:00,2024-01-22T23:09:29.100000+00:00,2024-01-22 16:08,airplanes-live
N582MM,2023-02-06,"Never LADD; FlightAware blocked=true (AeroAPI, Sep 2026) with no known start date, so the whole recovered record is listed",2024-01-25,KFNL,Northern Colorado Regional Airport,Loveland,US-CO,US,2024-01-25T14:33:50.940000+00:00,2024-01-25T16:04:41.290000+00:00,2024-01-25 07:33,airplanes-live
N582MM,2023-02-06,"Never LADD; FlightAware blocked=true (AeroAPI, Sep 2026) with no known start date, so the whole recovered record is listed",2024-01-25,KSDL,Scottsdale Airport,Scottsdale,US-AZ,US,2024-01-25T20:35:28.720000+00:00,2024-01-25T20:38:28.240000+00:00,2024-01-25 13:35,airplanes-live
N582MM,2023-02-06,"Never LADD; FlightAware blocked=true (AeroAPI, Sep 2026) with no known start date, so the whole recovered record is listed",2024-01-26,KSDL,Scottsdale Airport,Scottsdale,US-AZ,US,2024-01-26T22:40:45.890000+00:00,2024-01-26T23:53:15.260000+00:00,2024-01-26 15:40,airplanes-live
N582MM,2023-02-06,"Never LADD; FlightAware blocked=true (AeroAPI, Sep 2026) with no known start date, so the whole recovered record is listed",2024-01-27,KSDL,Scottsdale Airport,Scottsdale,US-AZ,US,2024-01-27T06:08:13.360000+00:00,2024-01-27T06:12:21.250000+00:00,2024-01-26 23:08,adsb-lol;airplanes-live
N582MM,2023-02-06,"Never LADD; FlightAware blocked=true (AeroAPI, Sep 2026) with no known start date, so the whole recovered record is listed",2024-01-28,KSDL,Scottsdale Airport,Scottsdale,US-AZ,US,2024-01-28T20:50:13.900000+00:00,2024-01-28T22:22:22.850000+00:00,2024-01-28 13:50,adsb-lol;airplanes-live
N582MM,2023-02-06,"Never LADD; FlightAware blocked=true (AeroAPI, Sep 2026) with no known start date, so the whole recovered record is listed",2024-01-28,KSBA,Santa Barbara Municipal Airport,Santa Barbara,US-CA,US,2024-01-28T23:29:48.440000+00:00,2024-01-28T23:34:23.480000+00:00,2024-01-28 15:29,airplanes-live
N582MM,2023-02-06,"Never LADD; FlightAware blocked=true (AeroAPI, Sep 2026) with no known start date, so the whole recovered record is listed",2024-01-29,KSBA,Santa Barbara Municipal Airport,Santa Barbara,US-CA,US,2024-01-29T04:06:37.480000+00:00,2024-01-29T04:09:03.400000+00:00,2024-01-28 20:06,airplanes-live
N582MM,2023-02-06,"Never LADD; FlightAware blocked=true (AeroAPI, Sep 2026) with no known start date, so the whole recovered record is listed",2024-01-29,KSDL,Scottsdale Airport,Scottsdale,US-AZ,US,2024-01-29T05:19:11.730000+00:00,2024-01-29T05:49:35.590000+00:00,2024-01-28 22:19,adsb-lol;airplanes-live
N582MM,2023-02-06,"Never LADD; FlightAware blocked=true (AeroAPI, Sep 2026) with no known start date, so the whole recovered record is listed",2024-01-29,KAPA,Centennial Airport,Denver,US-CO,US,2024-01-29T07:04:10.430000+00:00,2024-01-29T07:04:33.810000+00:00,2024-01-29 00:04,adsb-lol;airplanes-live
N582MM,2023-02-06,"Never LADD; FlightAware blocked=true (AeroAPI, Sep 2026) with no known start date, so the whole recovered record is listed",2024-01-29,KAPA,Centennial Airport,Denver,US-CO,US,2024-01-29T22:13:40.460000+00:00,2024-01-29T22:20:42.480000+00:00,2024-01-29 15:13,adsb-lol;airplanes-live
N582MM,2023-02-06,"Never LADD; FlightAware blocked=true (AeroAPI, Sep 2026) with no known start date, so the whole recovered record is listed",2024-01-29,KPHX,Phoenix Sky Harbor International Airport,Phoenix,US-AZ,US,2024-01-29T23:45:52.820000+00:00,2024-01-29T23:49:02.610000+00:00,2024-01-29 16:45,adsb-lol;airplanes-live
N582MM,2023-02-06,"Never LADD; FlightAware blocked=true (AeroAPI, Sep 2026) with no known start date, so the whole recovered record is listed",2024-02-06,KPHX,Phoenix Sky Harbor International Airport,Phoenix,US-AZ,US,2024-02-06T15:36:02.140000+00:00,2024-02-06T15:52:18.120000+00:00,2024-02-06 08:36,adsb-lol;airplanes-live
N582MM,2023-02-06,"Never LADD; FlightAware blocked=true (AeroAPI, Sep 2026) with no known start date, so the whole recovered record is listed",2024-02-06,KBUR,Hollywood Burbank/Bob Hope Airport,Burbank,US-CA,US,2024-02-06T17:04:15.010000+00:00,2024-02-06T18:26:21.850000+00:00,2024-02-06 09:04,airplanes-live
N582MM,2023-02-06,"Never LADD; FlightAware blocked=true (AeroAPI, Sep 2026) with no known start date, so the whole recovered record is listed",2024-02-07,KIWA,Mesa Gateway Airport,Mesa,US-AZ,US,2024-02-07T02:35:33.990000+00:00,2024-02-07T02:36:15.880000+00:00,2024-02-06 19:35,airplanes-live
N582MM,2023-02-06,"Never LADD; FlightAware blocked=true (AeroAPI, Sep 2026) with no known start date, so the whole recovered record is listed",2024-02-11,KPHX,Phoenix Sky Harbor International Airport,Phoenix,US-AZ,US,2024-02-11T03:09:21.020000+00:00,2024-02-11T05:04:26.640000+00:00,2024-02-10 20:09,adsb-lol;airplanes-live
N582MM,2023-02-06,"Never LADD; FlightAware blocked=true (AeroAPI, Sep 2026) with no known start date, so the whole recovered record is listed",2024-02-18,KPHX,Phoenix Sky Harbor International Airport,Phoenix,US-AZ,US,2024-02-18T17:28:22.910000+00:00,2024-02-18T18:00:31.630000+00:00,2024-02-18 10:28,airplanes-live
N582MM,2023-02-06,"Never LADD; FlightAware blocked=true (AeroAPI, Sep 2026) with no known start date, so the whole recovered record is listed",2024-02-18,KVNY,Van Nuys Airport,Van Nuys,US-CA,US,2024-02-18T22:47:57.940000+00:00,2024-02-18T22:49:30.850000+00:00,2024-02-18 14:47,airplanes-live
N582MM,2023-02-06,"Never LADD; FlightAware blocked=true (AeroAPI, Sep 2026) with no known start date, so the whole recovered record is listed",2024-02-19,KSAN,San Diego International Airport,San Diego,US-CA,US,2024-02-19T00:01:49.500000+00:00,2024-02-19T00:43:34.200000+00:00,2024-02-18 16:01,airplanes-live
N582MM,2023-02-06,"Never LADD; FlightAware blocked=true (AeroAPI, Sep 2026) with no known start date, so the whole recovered record is listed",2024-02-19,KSAN,San Diego International Airport,San Diego,US-CA,US,2024-02-19T18:52:26.220000+00:00,2024-02-19T19:51:08.230000+00:00,2024-02-19 10:52,airplanes-live
N582MM,2023-02-06,"Never LADD; FlightAware blocked=true (AeroAPI, Sep 2026) with no known start date, so the whole recovered record is listed",2024-02-19,KTUL,Tulsa International Airport,Tulsa,US-OK,US,2024-02-19T22:04:04.250000+00:00,2024-02-19T22:04:04.250000+00:00,2024-02-19 16:04,airplanes-live
N582MM,2023-02-06,"Never LADD; FlightAware blocked=true (AeroAPI, Sep 2026) with no known start date, so the whole recovered record is listed",2024-02-20,KPHX,Phoenix Sky Harbor International Airport,Phoenix,US-AZ,US,2024-02-20T02:52:16.170000+00:00,2024-02-20T02:54:03.930000+00:00,2024-02-19 19:52,airplanes-live
N582MM,2023-02-06,"Never LADD; FlightAware blocked=true (AeroAPI, Sep 2026) with no known start date, so the whole recovered record is listed",2024-02-22,KPHX,Phoenix Sky Harbor International Airport,Phoenix,US-AZ,US,2024-02-22T20:10:11.020000+00:00,2024-02-22T21:05:34.780000+00:00,2024-02-22 13:10,airplanes-live
N582MM,2023-02-06,"Never LADD; FlightAware blocked=true (AeroAPI, Sep 2026) with no known start date, so the whole recovered record is listed",2024-02-23,KPHX,Phoenix Sky Harbor International Airport,Phoenix,US-AZ,US,2024-02-23T23:26:50.480000+00:00,2024-02-23T23:29:26.100000+00:00,2024-02-23 16:26,airplanes-live
N582MM,2023-02-06,"Never LADD; FlightAware blocked=true (AeroAPI, Sep 2026) with no known start date, so the whole recovered record is listed",2024-03-03,KPHX,Phoenix Sky Harbor International Airport,Phoenix,US-AZ,US,2024-03-03T00:20:02.840000+00:00,2024-03-03T00:29:03.670000+00:00,2024-03-02 17:20,airplanes-live
N582MM,2023-02-06,"Never LADD; FlightAware blocked=true (AeroAPI, Sep 2026) with no known start date, so the whole recovered record is listed",2024-03-07,KPHX,Phoenix Sky Harbor International Airport,Phoenix,US-AZ,US,2024-03-07T15:05:32.680000+00:00,2024-03-07T16:25:51.640000+00:00,2024-03-07 08:05,adsb-lol
N582MM,2023-02-06,"Never LADD; FlightAware blocked=true (AeroAPI, Sep 2026) with no known start date, so the whole recovered record is listed",2024-03-07,KSDL,Scottsdale Airport,Scottsdale,US-AZ,US,2024-03-07T15:05:32.800000+00:00,2024-03-07T18:17:23.220000+00:00,2024-03-07 08:05,adsb-lol;airplanes-live
N582MM,2023-02-06,"Never LADD; FlightAware blocked=true (AeroAPI, Sep 2026) with no known start date, so the whole recovered record is listed",2024-03-08,KPHX,Phoenix Sky Harbor International Airport,Phoenix,US-AZ,US,2024-03-08T00:06:49.020000+00:00,2024-03-08T00:45:55.100000+00:00,2024-03-07 17:06,adsb-lol
N582MM,2023-02-06,"Never LADD; FlightAware blocked=true (AeroAPI, Sep 2026) with no known start date, so the whole recovered record is listed",2024-03-08,KSDL,Scottsdale Airport,Scottsdale,US-AZ,US,2024-03-08T00:06:49.140000+00:00,2024-03-08T00:46:02.150000+00:00,2024-03-07 17:06,airplanes-live
N582MM,2023-02-06,"Never LADD; FlightAware blocked=true (AeroAPI, Sep 2026) with no known start date, so the whole recovered record is listed",2024-03-14,KPHX,Phoenix Sky Harbor International Airport,Phoenix,US-AZ,US,2024-03-14T14:52:56.740000+00:00,2024-03-14T16:33:40.130000+00:00,2024-03-14 07:52,adsb-lol;airplanes-live
N582MM,2023-02-06,"Never LADD; FlightAware blocked=true (AeroAPI, Sep 2026) with no known start date, so the whole recovered record is listed",2024-03-14,KSDL,Scottsdale Airport,Scottsdale,US-AZ,US,2024-03-14T18:02:18.260000+00:00,2024-03-14T18:02:34.800000+00:00,2024-03-14 11:02,adsb-lol;airplanes-live
N582MM,2023-02-06,"Never LADD; FlightAware blocked=true (AeroAPI, Sep 2026) with no known start date, so the whole recovered record is listed",2024-03-14,KSNA,John Wayne Orange County International Airport,Santa Ana,US-CA,US,2024-03-14T19:11:34.940000+00:00,2024-03-14T19:12:45.980000+00:00,2024-03-14 12:11,adsb-lol;airplanes-live
N582MM,2023-02-06,"Never LADD; FlightAware blocked=true (AeroAPI, Sep 2026) with no known start date, so the whole recovered record is listed",2024-03-15,KSDL,Scottsdale Airport,Scottsdale,US-AZ,US,2024-03-15T04:42:56.270000+00:00,2024-03-15T05:33:54.860000+00:00,2024-03-14 21:42,adsb-lol;airplanes-live
N582MM,2023-02-06,"Never LADD; FlightAware blocked=true (AeroAPI, Sep 2026) with no known start date, so the whole recovered record is listed",2024-03-17,KPHX,Phoenix Sky Harbor International Airport,Phoenix,US-AZ,US,2024-03-17T12:58:04.360000+00:00,2024-03-17T13:43:47.070000+00:00,2024-03-17 05:58,adsb-lol;airplanes-live
N582MM,2023-02-06,"Never LADD; FlightAware blocked=true (AeroAPI, Sep 2026) with no known start date, so the whole recovered record is listed",2024-03-17,KAPA,Centennial Airport,Denver,US-CO,US,2024-03-17T15:03:13.940000+00:00,2024-03-17T16:11:48.650000+00:00,2024-03-17 09:03,adsb-lol;airplanes-live
N582MM,2023-02-06,"Never LADD; FlightAware blocked=true (AeroAPI, Sep 2026) with no known start date, so the whole recovered record is listed",2024-03-17,KVNY,Van Nuys Airport,Van Nuys,US-CA,US,2024-03-17T18:04:48.960000+00:00,2024-03-17T19:26:17.670000+00:00,2024-03-17 11:04,airplanes-live
N582MM,2023-02-06,"Never LADD; FlightAware blocked=true (AeroAPI, Sep 2026) with no known start date, so the whole recovered record is listed",2024-03-17,KSDL,Scottsdale Airport,Scottsdale,US-AZ,US,2024-03-17T20:24:40.900000+00:00,2024-03-17T22:31:25.130000+00:00,2024-03-17 13:24,adsb-lol;airplanes-live
N582MM,2023-02-06,"Never LADD; FlightAware blocked=true (AeroAPI, Sep 2026) with no known start date, so the whole recovered record is listed",2024-03-17,KSNA,John Wayne Orange County International Airport,Santa Ana,US-CA,US,2024-03-17T23:26:25.010000+00:00,2024-03-17T23:28:34.070000+00:00,2024-03-17 16:26,adsb-lol
N582MM,2023-02-06,"Never LADD; FlightAware blocked=true (AeroAPI, Sep 2026) with no known start date, so the whole recovered record is listed",2024-03-18,KSNA,John Wayne Orange County International Airport,Santa Ana,US-CA,US,2024-03-18T21:55:07.800000+00:00,2024-03-18T22:29:35.960000+00:00,2024-03-18 14:55,adsb-lol;airplanes-live
N582MM,2023-02-06,"Never LADD; FlightAware blocked=true (AeroAPI, Sep 2026) with no known start date, so the whole recovered record is listed",2024-03-19,KSAN,San Diego International Airport,San Diego,US-CA,US,2024-03-19T02:53:22.120000+00:00,2024-03-19T04:06:26.260000+00:00,2024-03-18 19:53,adsb-lol;airplanes-live
N582MM,2023-02-06,"Never LADD; FlightAware blocked=true (AeroAPI, Sep 2026) with no known start date, so the whole recovered record is listed",2024-03-19,KSDL,Scottsdale Airport,Scottsdale,US-AZ,US,2024-03-19T04:59:37.620000+00:00,2024-03-19T05:30:38.900000+00:00,2024-03-18 21:59,adsb-lol;airplanes-live
N582MM,2023-02-06,"Never LADD; FlightAware blocked=true (AeroAPI, Sep 2026) with no known start date, so the whole recovered record is listed",2024-03-19,KAGC,Allegheny County Airport,Pittsburgh,US-PA,US,2024-03-19T20:46:37.100000+00:00,2024-03-19T21:10:25.790000+00:00,2024-03-19 16:46,adsb-lol;airplanes-live
N582MM,2023-02-06,"Never LADD; FlightAware blocked=true (AeroAPI, Sep 2026) with no known start date, so the whole recovered record is listed",2024-03-21,KSDL,Scottsdale Airport,Scottsdale,US-AZ,US,2024-03-21T01:20:43.360000+00:00,2024-03-21T01:26:21.010000+00:00,2024-03-20 18:20,adsb-lol;airplanes-live
N582MM,2023-02-06,"Never LADD; FlightAware blocked=true (AeroAPI, Sep 2026) with no known start date, so the whole recovered record is listed",2024-03-21,KSDL,Scottsdale Airport,Scottsdale,US-AZ,US,2024-03-21T18:24:25.140000+00:00,2024-03-21T18:24:31.480000+00:00,2024-03-21 11:24,adsb-lol;airplanes-live
N582MM,2023-02-06,"Never LADD; FlightAware blocked=true (AeroAPI, Sep 2026) with no known start date, so the whole recovered record is listed",2024-03-21,KLAS,Harry Reid International Airport,Las Vegas,US-NV,US,2024-03-21T19:10:23.910000+00:00,2024-03-21T19:18:55.910000+00:00,2024-03-21 12:10,adsb-lol;airplanes-live
N582MM,2023-02-06,"Never LADD; FlightAware blocked=true (AeroAPI, Sep 2026) with no known start date, so the whole recovered record is listed",2024-03-22,KSDL,Scottsdale Airport,Scottsdale,US-AZ,US,2024-03-22T03:42:49.110000+00:00,2024-03-22T05:54:00.420000+00:00,2024-03-21 20:42,airplanes-live
N582MM,2023-02-06,"Never LADD; FlightAware blocked=true (AeroAPI, Sep 2026) with no known start date, so the whole recovered record is listed",2024-03-23,KPHX,Phoenix Sky Harbor International Airport,Phoenix,US-AZ,US,2024-03-23T09:09:13.570000+00:00,2024-03-23T09:55:30.150000+00:00,2024-03-23 02:09,adsb-lol;airplanes-live
N582MM,2023-02-06,"Never LADD; FlightAware blocked=true (AeroAPI, Sep 2026) with no known start date, so the whole recovered record is listed",2024-03-24,KPHX,Phoenix Sky Harbor International Airport,Phoenix,US-AZ,US,2024-03-24T22:33:18.190000+00:00,2024-03-24T22:34:20.220000+00:00,2024-03-24 15:33,airplanes-live
N582MM,2023-02-06,"Never LADD; FlightAware blocked=true (AeroAPI, Sep 2026) with no known start date, so the whole recovered record is listed",2024-03-27,KPHX,Phoenix Sky Harbor International Airport,Phoenix,US-AZ,US,2024-03-27T17:20:30.690000+00:00,2024-03-27T18:55:48.960000+00:00,2024-03-27 10:20,adsb-lol;airplanes-live
N582MM,2023-02-06,"Never LADD; FlightAware blocked=true (AeroAPI, Sep 2026) with no known start date, so the whole recovered record is listed",2024-03-27,KSDL,Scottsdale Airport,Scottsdale,US-AZ,US,2024-03-27T20:19:20.490000+00:00,2024-03-27T20:19:26.480000+00:00,2024-03-27 13:19,adsb-lol;airplanes-live
N582MM,2023-02-06,"Never LADD; FlightAware blocked=true (AeroAPI, Sep 2026) with no known start date, so the whole recovered record is listed",2024-03-28,KSDL,Scottsdale Airport,Scottsdale,US-AZ,US,2024-03-28T03:21:02.820000+00:00,2024-03-28T04:03:21.720000+00:00,2024-03-27 20:21,airplanes-live
N582MM,2023-02-06,"Never LADD; FlightAware blocked=true (AeroAPI, Sep 2026) with no known start date, so the whole recovered record is listed",2024-03-28,KPHX,Phoenix Sky Harbor International Airport,Phoenix,US-AZ,US,2024-03-28T03:21:02.890000+00:00,2024-03-28T04:02:37.650000+00:00,2024-03-27 20:21,adsb-lol
N582MM,2023-02-06,"Never LADD; FlightAware blocked=true (AeroAPI, Sep 2026) with no known start date, so the whole recovered record is listed",2024-03-31,KPHX,Phoenix Sky Harbor International Airport,Phoenix,US-AZ,US,2024-03-31T16:14:40.130000+00:00,2024-03-31T17:02:33.020000+00:00,2024-03-31 09:14,adsb-lol;airplanes-live
N582MM,2023-02-06,"Never LADD; FlightAware blocked=true (AeroAPI, Sep 2026) with no known start date, so the whole recovered record is listed",2024-04-05,KORL,Orlando Executive Airport,Orlando,US-FL,US,2024-04-05T15:45:15.080000+00:00,2024-04-05T15:48:28.460000+00:00,2024-04-05 11:45,airplanes-live
N582MM,2023-02-06,"Never LADD; FlightAware blocked=true (AeroAPI, Sep 2026) with no known start date, so the whole recovered record is listed",2024-04-06,KORL,Orlando Executive Airport,Orlando,US-FL,US,2024-04-06T16:04:28.160000+00:00,2024-04-06T16:38:02.740000+00:00,2024-04-06 12:04,airplanes-live
N582MM,2023-02-06,"Never LADD; FlightAware blocked=true (AeroAPI, Sep 2026) with no known start date, so the whole recovered record is listed",2024-04-06,KBLM,Monmouth Executive Airport,Belmar/Farmingdale,US-NJ,US,2024-04-06T20:39:50.770000+00:00,2024-04-06T20:39:50.770000+00:00,2024-04-06 16:39,adsb-lol;airplanes-live
N582MM,2023-02-06,"Never LADD; FlightAware blocked=true (AeroAPI, Sep 2026) with no known start date, so the whole recovered record is listed",2024-04-07,KSAN,San Diego International Airport,San Diego,US-CA,US,2024-04-07T20:09:31.830000+00:00,2024-04-07T20:45:30.200000+00:00,2024-04-07 13:09,adsb-lol;airplanes-live
N582MM,2023-02-06,"Never LADD; FlightAware blocked=true (AeroAPI, Sep 2026) with no known start date, so the whole recovered record is listed",2024-04-10,KSDL,Scottsdale Airport,Scottsdale,US-AZ,US,2024-04-10T04:20:26.690000+00:00,2024-04-10T04:23:20.970000+00:00,2024-04-09 21:20,adsb-lol;airplanes-live
N582MM,2023-02-06,"Never LADD; FlightAware blocked=true (AeroAPI, Sep 2026) with no known start date, so the whole recovered record is listed",2024-04-10,KSDL,Scottsdale Airport,Scottsdale,US-AZ,US,2024-04-10T17:41:45.150000+00:00,2024-04-10T17:53:27.200000+00:00,2024-04-10 10:41,adsb-lol;airplanes-live
N582MM,2023-02-06,"Never LADD; FlightAware blocked=true (AeroAPI, Sep 2026) with no known start date, so the whole recovered record is listed",2024-04-10,KSDL,Scottsdale Airport,Scottsdale,US-AZ,US,2024-04-10T23:26:41.090000+00:00,2024-04-10T23:29:13.580000+00:00,2024-04-10 16:26,adsb-lol;airplanes-live
N582MM,2023-02-06,"Never LADD; FlightAware blocked=true (AeroAPI, Sep 2026) with no known start date, so the whole recovered record is listed",2024-04-11,KSDL,Scottsdale Airport,Scottsdale,US-AZ,US,2024-04-11T12:33:23.670000+00:00,2024-04-11T13:02:00.130000+00:00,2024-04-11 05:33,adsb-lol;airplanes-live
N582MM,2023-02-06,"Never LADD; FlightAware blocked=true (AeroAPI, Sep 2026) with no known start date, so the whole recovered record is listed",2024-04-12,KSAN,San Diego International Airport,San Diego,US-CA,US,2024-04-12T06:08:06.520000+00:00,2024-04-12T06:15:57.110000+00:00,2024-04-11 23:08,airplanes-live
N582MM,2023-02-06,"Never LADD; FlightAware blocked=true (AeroAPI, Sep 2026) with no known start date, so the whole recovered record is listed",2024-04-12,KSAN,San Diego International Airport,San Diego,US-CA,US,2024-04-12T18:20:15.970000+00:00,2024-04-12T19:37:30.200000+00:00,2024-04-12 11:20,airplanes-live
N582MM,2023-02-06,"Never LADD; FlightAware blocked=true (AeroAPI, Sep 2026) with no known start date, so the whole recovered record is listed",2024-04-13,KSDL,Scottsdale Airport,Scottsdale,US-AZ,US,2024-04-13T05:03:46.580000+00:00,2024-04-13T05:05:21.830000+00:00,2024-04-12 22:03,airplanes-live
N582MM,2023-02-06,"Never LADD; FlightAware blocked=true (AeroAPI, Sep 2026) with no known start date, so the whole recovered record is listed",2024-04-14,KSDL,Scottsdale Airport,Scottsdale,US-AZ,US,2024-04-14T18:03:58.830000+00:00,2024-04-14T19:33:27.700000+00:00,2024-04-14 11:03,airplanes-live
N582MM,2023-02-06,"Never LADD; FlightAware blocked=true (AeroAPI, Sep 2026) with no known start date, so the whole recovered record is listed",2024-04-14,KVNY,Van Nuys Airport,Van Nuys,US-CA,US,2024-04-14T20:44:06.570000+00:00,2024-04-14T20:45:21.730000+00:00,2024-04-14 13:44,airplanes-live
N582MM,2023-02-06,"Never LADD; FlightAware blocked=true (AeroAPI, Sep 2026) with no known start date, so the whole recovered record is listed",2024-04-15,KSDL,Scottsdale Airport,Scottsdale,US-AZ,US,2024-04-15T00:53:31.570000+00:00,2024-04-15T00:55:57.950000+00:00,2024-04-14 17:53,adsb-lol;airplanes-live
N582MM,2023-02-06,"Never LADD; FlightAware blocked=true (AeroAPI, Sep 2026) with no known start date, so the whole recovered record is listed",2024-04-16,KPHX,Phoenix Sky Harbor International Airport,Phoenix,US-AZ,US,2024-04-16T02:14:38.940000+00:00,2024-04-16T02:29:39.550000+00:00,2024-04-15 19:14,airplanes-live
N582MM,2023-02-06,"Never LADD; FlightAware blocked=true (AeroAPI, Sep 2026) with no known start date, so the whole recovered record is listed",2024-04-16,KPHX,Phoenix Sky Harbor International Airport,Phoenix,US-AZ,US,2024-04-16T16:51:12.210000+00:00,2024-04-16T17:20:54.730000+00:00,2024-04-16 09:51,airplanes-live
N582MM,2023-02-06,"Never LADD; FlightAware blocked=true (AeroAPI, Sep 2026) with no known start date, so the whole recovered record is listed",2024-04-17,KPHX,Phoenix Sky Harbor International Airport,Phoenix,US-AZ,US,2024-04-17T11:13:54.980000+00:00,2024-04-17T12:04:20.710000+00:00,2024-04-17 04:13,airplanes-live
N582MM,2023-02-06,"Never LADD; FlightAware blocked=true (AeroAPI, Sep 2026) with no known start date, so the whole recovered record is listed",2024-04-17,KPWA,Wiley Post Airport,Oklahoma City,US-OK,US,2024-04-17T14:27:43.520000+00:00,2024-04-17T14:32:35.370000+00:00,2024-04-17 09:27,airplanes-live
N582MM,2023-02-06,"Never LADD; FlightAware blocked=true (AeroAPI, Sep 2026) with no known start date, so the whole recovered record is listed",2024-04-17,KSDL,Scottsdale Airport,Scottsdale,US-AZ,US,2024-04-17T19:55:54.650000+00:00,2024-04-17T22:29:06.940000+00:00,2024-04-17 12:55,airplanes-live
N582MM,2023-02-06,"Never LADD; FlightAware blocked=true (AeroAPI, Sep 2026) with no known start date, so the whole recovered record is listed",2024-04-18,KSDL,Scottsdale Airport,Scottsdale,US-AZ,US,2024-04-18T04:12:29.470000+00:00,2024-04-18T04:53:20.610000+00:00,2024-04-17 21:12,adsb-lol;airplanes-live
N582MM,2023-02-06,"Never LADD; FlightAware blocked=true (AeroAPI, Sep 2026) with no known start date, so the whole recovered record is listed",2024-04-18,KPHX,Phoenix Sky Harbor International Airport,Phoenix,US-AZ,US,2024-04-18T20:24:00.170000+00:00,2024-04-18T20:24:55.830000+00:00,2024-04-18 13:24,adsb-lol;airplanes-live
N582MM,2023-02-06,"Never LADD; FlightAware blocked=true (AeroAPI, Sep 2026) with no known start date, so the whole recovered record is listed",2024-04-23,KPHX,Phoenix Sky Harbor International Airport,Phoenix,US-AZ,US,2024-04-23T02:22:05.800000+00:00,2024-04-23T02:48:19.830000+00:00,2024-04-22 19:22,adsb-lol;airplanes-live
N582MM,2023-02-06,"Never LADD; FlightAware blocked=true (AeroAPI, Sep 2026) with no known start date, so the whole recovered record is listed",2024-04-23,KSDL,Scottsdale Airport,Scottsdale,US-AZ,US,2024-04-23T16:13:02.150000+00:00,2024-04-23T16:13:25.900000+00:00,2024-04-23 09:13,adsb-lol;airplanes-live
N582MM,2023-02-06,"Never LADD; FlightAware blocked=true (AeroAPI, Sep 2026) with no known start date, so the whole recovered record is listed",2024-04-23,KSLC,Salt Lake City International Airport,Salt Lake City,US-UT,US,2024-04-23T17:24:37.110000+00:00,2024-04-23T17:26:27.270000+00:00,2024-04-23 11:24,adsb-lol;airplanes-live
N582MM,2023-02-06,"Never LADD; FlightAware blocked=true (AeroAPI, Sep 2026) with no known start date, so the whole recovered record is listed",2024-04-24,KSLC,Salt Lake City International Airport,Salt Lake City,US-UT,US,2024-04-24T03:15:10.530000+00:00,2024-04-24T03:18:47.830000+00:00,2024-04-23 21:15,adsb-lol;airplanes-live
N582MM,2023-02-06,"Never LADD; FlightAware blocked=true (AeroAPI, Sep 2026) with no known start date, so the whole recovered record is listed",2024-04-24,KSDL,Scottsdale Airport,Scottsdale,US-AZ,US,2024-04-24T04:31:59.580000+00:00,2024-04-24T05:33:58.250000+00:00,2024-04-23 21:31,airplanes-live
N582MM,2023-02-06,"Never LADD; FlightAware blocked=true (AeroAPI, Sep 2026) with no known start date, so the whole recovered record is listed",2024-04-24,KPHX,Phoenix Sky Harbor International Airport,Phoenix,US-AZ,US,2024-04-24T05:27:33.290000+00:00,2024-04-24T05:33:58.240000+00:00,2024-04-23 22:27,adsb-lol
N582MM,2023-02-06,"Never LADD; FlightAware blocked=true (AeroAPI, Sep 2026) with no known start date, so the whole recovered record is listed",2024-04-24,KPHX,Phoenix Sky Harbor International Airport,Phoenix,US-AZ,US,2024-04-24T14:48:48.860000+00:00,2024-04-24T15:50:02.970000+00:00,2024-04-24 07:48,adsb-lol;airplanes-live
N582MM,2023-02-06,"Never LADD; FlightAware blocked=true (AeroAPI, Sep 2026) with no known start date, so the whole recovered record is listed",2024-04-26,KSDL,Scottsdale Airport,Scottsdale,US-AZ,US,2024-04-26T20:19:43.020000+00:00,2024-04-26T22:38:30.040000+00:00,2024-04-26 13:19,airplanes-live
N582MM,2023-02-06,"Never LADD; FlightAware blocked=true (AeroAPI, Sep 2026) with no known start date, so the whole recovered record is listed",2024-04-26,KSBA,Santa Barbara Municipal Airport,Santa Barbara,US-CA,US,2024-04-26T23:56:06.960000+00:00,2024-04-26T23:57:51.150000+00:00,2024-04-26 16:56,airplanes-live
N582MM,2023-02-06,"Never LADD; FlightAware blocked=true (AeroAPI, Sep 2026) with no known start date, so the whole recovered record is listed",2024-04-28,KSBA,Santa Barbara Municipal Airport,Santa Barbara,US-CA,US,2024-04-28T02:51:34.630000+00:00,2024-04-28T02:54:42.290000+00:00,2024-04-27 19:51,airplanes-live
N582MM,2023-02-06,"Never LADD; FlightAware blocked=true (AeroAPI, Sep 2026) with no known start date, so the whole recovered record is listed",2024-04-28,KSDL,Scottsdale Airport,Scottsdale,US-AZ,US,2024-04-28T03:59:05+00:00,2024-04-28T04:16:58.970000+00:00,2024-04-27 20:59,adsb-lol;airplanes-live
N582MM,2023-02-06,"Never LADD; FlightAware blocked=true (AeroAPI, Sep 2026) with no known start date, so the whole recovered record is listed",2024-04-28,KSDL,Scottsdale Airport,Scottsdale,US-AZ,US,2024-04-28T15:05:19.240000+00:00,2024-04-28T16:08:38.310000+00:00,2024-04-28 08:05,adsb-lol;airplanes-live
N582MM,2023-02-06,"Never LADD; FlightAware blocked=true (AeroAPI, Sep 2026) with no known start date, so the whole recovered record is listed",2024-04-28,KBCT,Boca Raton Airport,Boca Raton,US-FL,US,2024-04-28T20:09:21.380000+00:00,2024-04-28T20:10:35.820000+00:00,2024-04-28 16:09,adsb-lol;airplanes-live
N582MM,2023-02-06,"Never LADD; FlightAware blocked=true (AeroAPI, Sep 2026) with no known start date, so the whole recovered record is listed",2024-04-29,KBCT,Boca Raton Airport,Boca Raton,US-FL,US,2024-04-29T13:42:56.350000+00:00,2024-04-29T14:12:38.720000+00:00,2024-04-29 09:42,adsb-lol;airplanes-live
N582MM,2023-02-06,"Never LADD; FlightAware blocked=true (AeroAPI, Sep 2026) with no known start date, so the whole recovered record is listed",2024-05-30,KAPA,Centennial Airport,Denver,US-CO,US,2024-05-30T16:49:35.670000+00:00,2024-05-30T16:53:24.880000+00:00,2024-05-30 10:49,airplanes-live
N582MM,2023-02-06,"Never LADD; FlightAware blocked=true (AeroAPI, Sep 2026) with no known start date, so the whole recovered record is listed",2024-05-30,KIWA,Mesa Gateway Airport,Mesa,US-AZ,US,2024-05-30T21:58:39.080000+00:00,2024-05-30T22:06:41.630000+00:00,2024-05-30 14:58,airplanes-live
N582MM,2023-02-06,"Never LADD; FlightAware blocked=true (AeroAPI, Sep 2026) with no known start date, so the whole recovered record is listed",2024-05-30,KAPA,Centennial Airport,Denver,US-CO,US,2024-05-30T23:26:57.320000+00:00,2024-05-30T23:28:13.700000+00:00,2024-05-30 17:26,airplanes-live
N582MM,2023-02-06,"Never LADD; FlightAware blocked=true (AeroAPI, Sep 2026) with no known start date, so the whole recovered record is listed",2024-05-31,KDAL,Dallas Love Field,Dallas,US-TX,US,2024-05-31T13:12:40.160000+00:00,2024-05-31T14:19:15.510000+00:00,2024-05-31 08:12,airplanes-live
N582MM,2023-02-06,"Never LADD; FlightAware blocked=true (AeroAPI, Sep 2026) with no known start date, so the whole recovered record is listed",2024-06-01,KISP,Long Island MacArthur Airport,Islip,US-NY,US,2024-06-01T15:28:03.220000+00:00,2024-06-01T15:35:40.520000+00:00,2024-06-01 11:28,adsbexchange-samples
N582MM,2023-02-06,"Never LADD; FlightAware blocked=true (AeroAPI, Sep 2026) with no known start date, so the whole recovered record is listed",2024-06-01,KDAL,Dallas Love Field,Dallas,US-TX,US,2024-06-01T22:36:56.700000+00:00,2024-06-01T23:19:10.660000+00:00,2024-06-01 17:36,adsbexchange-samples;airplanes-live
N582MM,2023-02-06,"Never LADD; FlightAware blocked=true (AeroAPI, Sep 2026) with no known start date, so the whole recovered record is listed",2024-06-02,KAPA,Centennial Airport,Denver,US-CO,US,2024-06-02T01:05:50.610000+00:00,2024-06-02T01:10:21.260000+00:00,2024-06-01 19:05,airplanes-live
N582MM,2023-02-06,"Never LADD; FlightAware blocked=true (AeroAPI, Sep 2026) with no known start date, so the whole recovered record is listed",2024-06-04,KCOE,Coeur D'Alene Airport - Pappy Boyington Field,Coeur d'Alene,US-ID,US,2024-06-04T17:03:47.760000+00:00,2024-06-04T18:38:03.850000+00:00,2024-06-04 11:03,airplanes-live
N582MM,2023-02-06,"Never LADD; FlightAware blocked=true (AeroAPI, Sep 2026) with no known start date, so the whole recovered record is listed",2024-06-04,CYWG,Winnipeg / James Armstrong Richardson International Airport,Winnipeg,CA-MB,CA,2024-06-04T20:36:08.480000+00:00,2024-06-04T21:37:33.310000+00:00,,airplanes-live
N582MM,2023-02-06,"Never LADD; FlightAware blocked=true (AeroAPI, Sep 2026) with no known start date, so the whole recovered record is listed",2024-06-05,KPHX,Phoenix Sky Harbor International Airport,Phoenix,US-AZ,US,2024-06-05T20:50:40.990000+00:00,2024-06-05T20:52:20.120000+00:00,2024-06-05 13:50,adsb-lol;airplanes-live
N582MM,2023-02-06,"Never LADD; FlightAware blocked=true (AeroAPI, Sep 2026) with no known start date, so the whole recovered record is listed",2024-06-06,KSDL,Scottsdale Airport,Scottsdale,US-AZ,US,2024-06-06T18:33:35.820000+00:00,2024-06-06T18:56:26.130000+00:00,2024-06-06 11:33,adsb-lol;airplanes-live
N582MM,2023-02-06,"Never LADD; FlightAware blocked=true (AeroAPI, Sep 2026) with no known start date, so the whole recovered record is listed",2024-06-07,KSDL,Scottsdale Airport,Scottsdale,US-AZ,US,2024-06-07T12:11:19.400000+00:00,2024-06-07T13:17:19.790000+00:00,2024-06-07 05:11,adsb-lol;airplanes-live
N582MM,2023-02-06,"Never LADD; FlightAware blocked=true (AeroAPI, Sep 2026) with no known start date, so the whole recovered record is listed",2024-06-07,KSAT,San Antonio International Airport,San Antonio,US-TX,US,2024-06-07T15:11:14.050000+00:00,2024-06-07T15:51:23.760000+00:00,2024-06-07 10:11,adsb-lol
N582MM,2023-02-06,"Never LADD; FlightAware blocked=true (AeroAPI, Sep 2026) with no known start date, so the whole recovered record is listed",2024-06-07,KSAT,San Antonio International Airport,San Antonio,US-TX,US,2024-06-07T21:12:00.010000+00:00,2024-06-07T21:15:29.070000+00:00,2024-06-07 16:12,adsb-lol
N582MM,2023-02-06,"Never LADD; FlightAware blocked=true (AeroAPI, Sep 2026) with no known start date, so the whole recovered record is listed",2024-06-08,KSAT,San Antonio International Airport,San Antonio,US-TX,US,2024-06-08T01:21:33.790000+00:00,2024-06-08T03:16:40.410000+00:00,2024-06-07 20:21,adsb-lol;airplanes-live
N582MM,2023-02-06,"Never LADD; FlightAware blocked=true (AeroAPI, Sep 2026) with no known start date, so the whole recovered record is listed",2024-06-08,KSDL,Scottsdale Airport,Scottsdale,US-AZ,US,2024-06-08T05:17:48.720000+00:00,2024-06-08T05:19:42+00:00,2024-06-07 22:17,adsb-lol;airplanes-live
N582MM,2023-02-06,"Never LADD; FlightAware blocked=true (AeroAPI, Sep 2026) with no known start date, so the whole recovered record is listed",2024-06-08,KSDL,Scottsdale Airport,Scottsdale,US-AZ,US,2024-06-08T16:59:33.260000+00:00,2024-06-08T17:55:37.770000+00:00,2024-06-08 09:59,adsb-lol;airplanes-live
N582MM,2023-02-06,"Never LADD; FlightAware blocked=true (AeroAPI, Sep 2026) with no known start date, so the whole recovered record is listed",2024-06-08,KNUQ,Moffett Federal Airfield,Mountain View,US-CA,US,2024-06-08T19:24:37+00:00,2024-06-08T21:17:47.380000+00:00,2024-06-08 12:24,adsb-lol;airplanes-live
N582MM,2023-02-06,"Never LADD; FlightAware blocked=true (AeroAPI, Sep 2026) with no known start date, so the whole recovered record is listed",2024-06-08,KLAS,Harry Reid International Airport,Las Vegas,US-NV,US,2024-06-08T22:25:53.560000+00:00,2024-06-08T22:26:32.600000+00:00,2024-06-08 15:25,airplanes-live
N582MM,2023-02-06,"Never LADD; FlightAware blocked=true (AeroAPI, Sep 2026) with no known start date, so the whole recovered record is listed",2024-06-09,KLAS,Harry Reid International Airport,Las Vegas,US-NV,US,2024-06-09T04:51:36.090000+00:00,2024-06-09T04:56:43.130000+00:00,2024-06-08 21:51,adsb-lol;airplanes-live
N582MM,2023-02-06,"Never LADD; FlightAware blocked=true (AeroAPI, Sep 2026) with no known start date, so the whole recovered record is listed",2024-06-09,KNUQ,Moffett Federal Airfield,Mountain View,US-CA,US,2024-06-09T05:56:55.320000+00:00,2024-06-09T06:23:18.850000+00:00,2024-06-08 22:56,adsb-lol;airplanes-live
N582MM,2023-02-06,"Never LADD; FlightAware blocked=true (AeroAPI, Sep 2026) with no known start date, so the whole recovered record is listed",2024-06-09,KPHX,Phoenix Sky Harbor International Airport,Phoenix,US-AZ,US,2024-06-09T07:59:12.920000+00:00,2024-06-09T08:00:34.620000+00:00,2024-06-09 00:59,adsb-lol;airplanes-live
N582MM,2023-02-06,"Never LADD; FlightAware blocked=true (AeroAPI, Sep 2026) with no known start date, so the whole recovered record is listed",2024-06-09,KPHX,Phoenix Sky Harbor International Airport,Phoenix,US-AZ,US,2024-06-09T21:21:39.930000+00:00,2024-06-09T22:21:18.720000+00:00,2024-06-09 14:21,adsb-lol;airplanes-live
N582MM,2023-02-06,"Never LADD; FlightAware blocked=true (AeroAPI, Sep 2026) with no known start date, so the whole recovered record is listed",2024-06-10,CYWG,Winnipeg / James Armstrong Richardson International Airport,Winnipeg,CA-MB,CA,2024-06-10T01:20:16.960000+00:00,2024-06-10T01:24:07.150000+00:00,,airplanes-live
N582MM,2023-02-06,"Never LADD; FlightAware blocked=true (AeroAPI, Sep 2026) with no known start date, so the whole recovered record is listed",2024-06-10,KMOT,Minot International Airport,Minot,US-ND,US,2024-06-10T12:09:08.660000+00:00,2024-06-10T12:48:49.740000+00:00,2024-06-10 07:09,airplanes-live
N582MM,2023-02-06,"Never LADD; FlightAware blocked=true (AeroAPI, Sep 2026) with no known start date, so the whole recovered record is listed",2024-06-10,KCOE,Coeur D'Alene Airport - Pappy Boyington Field,Coeur d'Alene,US-ID,US,2024-06-10T15:01:51.950000+00:00,2024-06-10T15:47:12.160000+00:00,2024-06-10 09:01,airplanes-live
N582MM,2023-02-06,"Never LADD; FlightAware blocked=true (AeroAPI, Sep 2026) with no known start date, so the whole recovered record is listed",2024-06-11,KLGB,Long Beach International Airport,Long Beach,US-CA,US,2024-06-11T17:46:27.540000+00:00,2024-06-11T20:42:27.280000+00:00,2024-06-11 10:46,airplanes-live
N582MM,2023-02-06,"Never LADD; FlightAware blocked=true (AeroAPI, Sep 2026) with no known start date, so the whole recovered record is listed",2024-06-12,KRSW,Southwest Florida International Airport,Fort Myers,US-FL,US,2024-06-12T01:08:47.710000+00:00,2024-06-12T01:08:49.190000+00:00,2024-06-11 21:08,airplanes-live
N582MM,2023-02-06,"Never LADD; FlightAware blocked=true (AeroAPI, Sep 2026) with no known start date, so the whole recovered record is listed",2024-06-12,KMDW,Chicago Midway International Airport,Chicago,US-IL,US,2024-06-12T04:45:21.300000+00:00,2024-06-12T04:45:21.300000+00:00,2024-06-11 23:45,adsb-lol
N582MM,2023-02-06,"Never LADD; FlightAware blocked=true (AeroAPI, Sep 2026) with no known start date, so the whole recovered record is listed",2024-06-12,KMDW,Chicago Midway International Airport,Chicago,US-IL,US,2024-06-12T16:05:13.320000+00:00,2024-06-12T16:32:47.230000+00:00,2024-06-12 11:05,airplanes-live
N582MM,2023-02-06,"Never LADD; FlightAware blocked=true (AeroAPI, Sep 2026) with no known start date, so the whole recovered record is listed",2024-06-12,KSAF,Santa Fe Municipal Airport,Santa Fe,US-NM,US,2024-06-12T19:12:36.070000+00:00,2024-06-12T19:51:18.880000+00:00,2024-06-12 13:12,adsb-lol;airplanes-live
N582MM,2023-02-06,"Never LADD; FlightAware blocked=true (AeroAPI, Sep 2026) with no known start date, so the whole recovered record is listed",2024-06-12,KSDL,Scottsdale Airport,Scottsdale,US-AZ,US,2024-06-12T20:49:24.950000+00:00,2024-06-12T20:51:12.960000+00:00,2024-06-12 13:49,adsb-lol;airplanes-live
N582MM,2023-02-06,"Never LADD; FlightAware blocked=true (AeroAPI, Sep 2026) with no known start date, so the whole recovered record is listed",2024-06-13,KSDL,Scottsdale Airport,Scottsdale,US-AZ,US,2024-06-13T16:48:43.950000+00:00,2024-06-13T17:50:20.310000+00:00,2024-06-13 09:48,adsb-lol;airplanes-live
N582MM,2023-02-06,"Never LADD; FlightAware blocked=true (AeroAPI, Sep 2026) with no known start date, so the whole recovered record is listed",2024-06-14,KFXE,Fort Lauderdale Executive Airport,Fort Lauderdale,US-FL,US,2024-06-14T04:15:58.380000+00:00,2024-06-14T04:20:51.330000+00:00,2024-06-14 00:15,adsb-lol
N582MM,2023-02-06,"Never LADD; FlightAware blocked=true (AeroAPI, Sep 2026) with no known start date, so the whole recovered record is listed",2024-06-14,KFXE,Fort Lauderdale Executive Airport,Fort Lauderdale,US-FL,US,2024-06-14T12:30:50.850000+00:00,2024-06-14T12:35:58.570000+00:00,2024-06-14 08:30,adsb-lol;airplanes-live
N582MM,2023-02-06,"Never LADD; FlightAware blocked=true (AeroAPI, Sep 2026) with no known start date, so the whole recovered record is listed",2024-06-14,KPHX,Phoenix Sky Harbor International Airport,Phoenix,US-AZ,US,2024-06-14T17:06:56.060000+00:00,2024-06-14T17:08:56.940000+00:00,2024-06-14 10:06,adsb-lol;airplanes-live
N582MM,2023-02-06,"Never LADD; FlightAware blocked=true (AeroAPI, Sep 2026) with no known start date, so the whole recovered record is listed",2024-06-15,KPHX,Phoenix Sky Harbor International Airport,Phoenix,US-AZ,US,2024-06-15T13:37:47.780000+00:00,2024-06-15T14:21:21.600000+00:00,2024-06-15 06:37,adsb-lol;airplanes-live
N582MM,2023-02-06,"Never LADD; FlightAware blocked=true (AeroAPI, Sep 2026) with no known start date, so the whole recovered record is listed",2024-06-15,KMSP,Minneapolis–Saint Paul International Airport / Wold–Chamberlain Field,Minneapolis,US-MN,US,2024-06-15T18:40:29.100000+00:00,2024-06-15T19:12:06.610000+00:00,2024-06-15 13:40,adsb-lol;airplanes-live
N582MM,2023-02-06,"Never LADD; FlightAware blocked=true (AeroAPI, Sep 2026) with no known start date, so the whole recovered record is listed",2024-06-15,KDTW,Detroit Metropolitan Wayne County Airport,Detroit,US-MI,US,2024-06-15T20:25:34.790000+00:00,2024-06-15T20:29:09.970000+00:00,2024-06-15 16:25,adsb-lol;airplanes-live
N582MM,2023-02-06,"Never LADD; FlightAware blocked=true (AeroAPI, Sep 2026) with no known start date, so the whole recovered record is listed",2024-06-16,KSDL,Scottsdale Airport,Scottsdale,US-AZ,US,2024-06-16T04:52:29.440000+00:00,2024-06-16T05:37:24.790000+00:00,2024-06-15 21:52,adsb-lol;airplanes-live
N582MM,2023-02-06,"Never LADD; FlightAware blocked=true (AeroAPI, Sep 2026) with no known start date, so the whole recovered record is listed",2024-06-17,KPHX,Phoenix Sky Harbor International Airport,Phoenix,US-AZ,US,2024-06-17T10:57:09.600000+00:00,2024-06-17T11:20:03.640000+00:00,2024-06-17 03:57,adsb-lol;airplanes-live
N582MM,2023-02-06,"Never LADD; FlightAware blocked=true (AeroAPI, Sep 2026) with no known start date, so the whole recovered record is listed",2024-06-17,KPDX,Portland International Airport,Portland,US-OR,US,2024-06-17T18:51:17.510000+00:00,2024-06-17T20:36:33.290000+00:00,2024-06-17 11:51,adsb-lol;airplanes-live
N582MM,2023-02-06,"Never LADD; FlightAware blocked=true (AeroAPI, Sep 2026) with no known start date, so the whole recovered record is listed",2024-06-17,KSNA,John Wayne Orange County International Airport,Santa Ana,US-CA,US,2024-06-17T22:39:49.940000+00:00,2024-06-17T22:41:01.140000+00:00,2024-06-17 15:39,adsb-lol;airplanes-live
N582MM,2023-02-06,"Never LADD; FlightAware blocked=true (AeroAPI, Sep 2026) with no known start date, so the whole recovered record is listed",2024-06-18,KPHX,Phoenix Sky Harbor International Airport,Phoenix,US-AZ,US,2024-06-18T00:14:32.330000+00:00,2024-06-18T00:16:49.660000+00:00,2024-06-17 17:14,adsb-lol;airplanes-live
N582MM,2023-02-06,"Never LADD; FlightAware blocked=true (AeroAPI, Sep 2026) with no known start date, so the whole recovered record is listed",2024-06-19,KPHX,Phoenix Sky Harbor International Airport,Phoenix,US-AZ,US,2024-06-19T11:26:34.110000+00:00,2024-06-19T12:29:52.060000+00:00,2024-06-19 04:26,airplanes-live
N582MM,2023-02-06,"Never LADD; FlightAware blocked=true (AeroAPI, Sep 2026) with no known start date, so the whole recovered record is listed",2024-06-19,KAPA,Centennial Airport,Denver,US-CO,US,2024-06-19T13:47:52.620000+00:00,2024-06-19T15:16:28.600000+00:00,2024-06-19 07:47,airplanes-live
N582MM,2023-02-06,"Never LADD; FlightAware blocked=true (AeroAPI, Sep 2026) with no known start date, so the whole recovered record is listed",2024-06-19,KPHX,Phoenix Sky Harbor International Airport,Phoenix,US-AZ,US,2024-06-19T23:53:42.990000+00:00,2024-06-19T23:55:47.750000+00:00,2024-06-19 16:53,airplanes-live
N582MM,2023-02-06,"Never LADD; FlightAware blocked=true (AeroAPI, Sep 2026) with no known start date, so the whole recovered record is listed",2024-06-20,KPHX,Phoenix Sky Harbor International Airport,Phoenix,US-AZ,US,2024-06-20T14:35:15.120000+00:00,2024-06-20T15:47:34.130000+00:00,2024-06-20 07:35,airplanes-live
N582MM,2023-02-06,"Never LADD; FlightAware blocked=true (AeroAPI, Sep 2026) with no known start date, so the whole recovered record is listed",2024-06-20,KSAF,Santa Fe Municipal Airport,Santa Fe,US-NM,US,2024-06-20T17:56:57.220000+00:00,2024-06-20T17:58:24.310000+00:00,2024-06-20 11:56,airplanes-live
N582MM,2023-02-06,"Never LADD; FlightAware blocked=true (AeroAPI, Sep 2026) with no known start date, so the whole recovered record is listed",2024-06-21,KDFW,Dallas Fort Worth International Airport,Dallas-Fort Worth,US-TX,US,2024-06-21T00:14:49.080000+00:00,2024-06-21T00:27:18.930000+00:00,2024-06-20 19:14,airplanes-live
N582MM,2023-02-06,"Never LADD; FlightAware blocked=true (AeroAPI, Sep 2026) with no known start date, so the whole recovered record is listed",2024-06-21,KDFW,Dallas Fort Worth International Airport,Dallas-Fort Worth,US-TX,US,2024-06-21T15:27:57.060000+00:00,2024-06-21T15:28:43.980000+00:00,2024-06-21 10:27,airplanes-live
N582MM,2023-02-06,"Never LADD; FlightAware blocked=true (AeroAPI, Sep 2026) with no known start date, so the whole recovered record is listed",2024-06-21,KPHL,Philadelphia International Airport,Philadelphia,US-PA,US,2024-06-21T18:28:42.990000+00:00,2024-06-21T19:45:33.330000+00:00,2024-06-21 14:28,airplanes-live
N582MM,2023-02-06,"Never LADD; FlightAware blocked=true (AeroAPI, Sep 2026) with no known start date, so the whole recovered record is listed",2024-06-22,KBZN,Bozeman Yellowstone International Airport,Bozeman,US-MT,US,2024-06-22T17:33:17.650000+00:00,2024-06-22T17:36:11.970000+00:00,2024-06-22 11:33,airplanes-live
N582MM,2023-02-06,"Never LADD; FlightAware blocked=true (AeroAPI, Sep 2026) with no known start date, so the whole recovered record is listed",2024-06-23,KSBA,Santa Barbara Municipal Airport,Santa Barbara,US-CA,US,2024-06-23T23:23:17.770000+00:00,2024-06-23T23:26:17.610000+00:00,2024-06-23 16:23,airplanes-live
N582MM,2023-02-06,"Never LADD; FlightAware blocked=true (AeroAPI, Sep 2026) with no known start date, so the whole recovered record is listed",2024-06-24,KSDL,Scottsdale Airport,Scottsdale,US-AZ,US,2024-06-24T05:13:39.390000+00:00,2024-06-24T05:15:36.530000+00:00,2024-06-23 22:13,airplanes-live
N582MM,2023-02-06,"Never LADD; FlightAware blocked=true (AeroAPI, Sep 2026) with no known start date, so the whole recovered record is listed",2024-06-25,KSDL,Scottsdale Airport,Scottsdale,US-AZ,US,2024-06-25T12:11:03.280000+00:00,2024-06-25T13:07:56.680000+00:00,2024-06-25 05:11,airplanes-live
N582MM,2023-02-06,"Never LADD; FlightAware blocked=true (AeroAPI, Sep 2026) with no known start date, so the whole recovered record is listed",2024-06-25,KBZN,Bozeman Yellowstone International Airport,Bozeman,US-MT,US,2024-06-25T18:56:28.920000+00:00,2024-06-25T19:44:27.550000+00:00,2024-06-25 12:56,airplanes-live
N582MM,2023-02-06,"Never LADD; FlightAware blocked=true (AeroAPI, Sep 2026) with no known start date, so the whole recovered record is listed",2024-06-26,KIWA,Mesa Gateway Airport,Mesa,US-AZ,US,2024-06-26T04:35:26.160000+00:00,2024-06-26T04:37:35.250000+00:00,2024-06-25 21:35,airplanes-live
N582MM,2023-02-06,"Never LADD; FlightAware blocked=true (AeroAPI, Sep 2026) with no known start date, so the whole recovered record is listed",2024-06-26,KSDL,Scottsdale Airport,Scottsdale,US-AZ,US,2024-06-26T17:23:28.310000+00:00,2024-06-26T18:36:22.410000+00:00,2024-06-26 10:23,airplanes-live
N582MM,2023-02-06,"Never LADD; FlightAware blocked=true (AeroAPI, Sep 2026) with no known start date, so the whole recovered record is listed",2024-06-29,KPHX,Phoenix Sky Harbor International Airport,Phoenix,US-AZ,US,2024-06-29T18:59:07.720000+00:00,2024-06-29T19:01:28.410000+00:00,2024-06-29 11:59,airplanes-live
N582MM,2023-02-06,"Never LADD; FlightAware blocked=true (AeroAPI, Sep 2026) with no known start date, so the whole recovered record is listed",2024-07-01,KPHX,Phoenix Sky Harbor International Airport,Phoenix,US-AZ,US,2024-07-01T13:54:59.370000+00:00,2024-07-01T13:57:27.740000+00:00,2024-07-01 06:54,adsbexchange-samples;airplanes-live
N582MM,2023-02-06,"Never LADD; FlightAware blocked=true (AeroAPI, Sep 2026) with no known start date, so the whole recovered record is listed",2024-07-01,KSJC,Mineta San Jose International Airport,San Jose,US-CA,US,2024-07-01T15:30:01.430000+00:00,2024-07-01T16:31:19.130000+00:00,2024-07-01 08:30,adsbexchange-samples
N582MM,2023-02-06,"Never LADD; FlightAware blocked=true (AeroAPI, Sep 2026) with no known start date, so the whole recovered record is listed",2024-07-03,KPHX,Phoenix Sky Harbor International Airport,Phoenix,US-AZ,US,2024-07-03T02:01:28.680000+00:00,2024-07-03T02:11:20.580000+00:00,2024-07-02 19:01,airplanes-live
N582MM,2023-02-06,"Never LADD; FlightAware blocked=true (AeroAPI, Sep 2026) with no known start date, so the whole recovered record is listed",2024-07-05,KPHX,Phoenix Sky Harbor International Airport,Phoenix,US-AZ,US,2024-07-05T13:57:11.790000+00:00,2024-07-05T15:14:57.010000+00:00,2024-07-05 06:57,adsb-lol;airplanes-live
N582MM,2023-02-06,"Never LADD; FlightAware blocked=true (AeroAPI, Sep 2026) with no known start date, so the whole recovered record is listed",2024-07-05,KOAK,Oakland San Francisco Bay Airport,Oakland,US-CA,US,2024-07-05T20:30:16.650000+00:00,2024-07-05T21:23:57.790000+00:00,2024-07-05 13:30,adsb-lol;airplanes-live
N582MM,2023-02-06,"Never LADD; FlightAware blocked=true (AeroAPI, Sep 2026) with no known start date, so the whole recovered record is listed",2024-07-05,KPHX,Phoenix Sky Harbor International Airport,Phoenix,US-AZ,US,2024-07-05T23:02:37.270000+00:00,2024-07-05T23:05:03.960000+00:00,2024-07-05 16:02,adsb-lol;airplanes-live
N582MM,2023-02-06,"Never LADD; FlightAware blocked=true (AeroAPI, Sep 2026) with no known start date, so the whole recovered record is listed",2024-07-08,KPHX,Phoenix Sky Harbor International Airport,Phoenix,US-AZ,US,2024-07-08T14:33:42.770000+00:00,2024-07-08T14:53:27.190000+00:00,2024-07-08 07:33,airplanes-live
N582MM,2023-02-06,"Never LADD; FlightAware blocked=true (AeroAPI, Sep 2026) with no known start date, so the whole recovered record is listed",2024-07-08,KSDL,Scottsdale Airport,Scottsdale,US-AZ,US,2024-07-08T17:03:24.920000+00:00,2024-07-08T18:31:19.100000+00:00,2024-07-08 10:03,adsb-lol;airplanes-live
N582MM,2023-02-06,"Never LADD; FlightAware blocked=true (AeroAPI, Sep 2026) with no known start date, so the whole recovered record is listed",2024-07-09,KBZN,Bozeman Yellowstone International Airport,Bozeman,US-MT,US,2024-07-09T01:18:38.820000+00:00,2024-07-09T01:20:50.550000+00:00,2024-07-08 19:18,adsb-lol;airplanes-live
N582MM,2023-02-06,"Never LADD; FlightAware blocked=true (AeroAPI, Sep 2026) with no known start date, so the whole recovered record is listed",2024-07-09,KSDL,Scottsdale Airport,Scottsdale,US-AZ,US,2024-07-09T03:05:45.960000+00:00,2024-07-09T03:55:35.430000+00:00,2024-07-08 20:05,adsb-lol;airplanes-live
N582MM,2023-02-06,"Never LADD; FlightAware blocked=true (AeroAPI, Sep 2026) with no known start date, so the whole recovered record is listed",2024-07-10,KPHX,Phoenix Sky Harbor International Airport,Phoenix,US-AZ,US,2024-07-10T17:16:23.510000+00:00,2024-07-10T18:13:21.630000+00:00,2024-07-10 10:16,airplanes-live
N582MM,2023-02-06,"Never LADD; FlightAware blocked=true (AeroAPI, Sep 2026) with no known start date, so the whole recovered record is listed",2024-07-10,KBUR,Hollywood Burbank/Bob Hope Airport,Burbank,US-CA,US,2024-07-10T19:15:45.840000+00:00,2024-07-10T20:30:34.830000+00:00,2024-07-10 12:15,airplanes-live
N582MM,2023-02-06,"Never LADD; FlightAware blocked=true (AeroAPI, Sep 2026) with no known start date, so the whole recovered record is listed",2024-07-12,KBUR,Hollywood Burbank/Bob Hope Airport,Burbank,US-CA,US,2024-07-12T17:55:36.690000+00:00,2024-07-12T20:04:13.790000+00:00,2024-07-12 10:55,airplanes-live
N582MM,2023-02-06,"Never LADD; FlightAware blocked=true (AeroAPI, Sep 2026) with no known start date, so the whole recovered record is listed",2024-07-13,KBCT,Boca Raton Airport,Boca Raton,US-FL,US,2024-07-13T14:46:01.590000+00:00,2024-07-13T16:19:38.110000+00:00,2024-07-13 10:46,adsb-lol;airplanes-live
N582MM,2023-02-06,"Never LADD; FlightAware blocked=true (AeroAPI, Sep 2026) with no known start date, so the whole recovered record is listed",2024-07-13,KSDL,Scottsdale Airport,Scottsdale,US-AZ,US,2024-07-13T22:18:49.690000+00:00,2024-07-13T22:23:25.190000+00:00,2024-07-13 15:18,adsb-lol;airplanes-live
N582MM,2023-02-06,"Never LADD; FlightAware blocked=true (AeroAPI, Sep 2026) with no known start date, so the whole recovered record is listed",2024-07-14,KSDL,Scottsdale Airport,Scottsdale,US-AZ,US,2024-07-14T18:00:33.120000+00:00,2024-07-14T18:39:21.230000+00:00,2024-07-14 11:00,adsb-lol;airplanes-live
N582MM,2023-02-06,"Never LADD; FlightAware blocked=true (AeroAPI, Sep 2026) with no known start date, so the whole recovered record is listed",2024-07-15,KPHX,Phoenix Sky Harbor International Airport,Phoenix,US-AZ,US,2024-07-15T02:10:03.350000+00:00,2024-07-15T02:11:53.240000+00:00,2024-07-14 19:10,adsb-lol;airplanes-live
N582MM,2023-02-06,"Never LADD; FlightAware blocked=true (AeroAPI, Sep 2026) with no known start date, so the whole recovered record is listed",2024-07-15,KPHX,Phoenix Sky Harbor International Airport,Phoenix,US-AZ,US,2024-07-15T07:21:06.860000+00:00,2024-07-15T07:44:52.650000+00:00,2024-07-15 00:21,adsb-lol;airplanes-live
N582MM,2023-02-06,"Never LADD; FlightAware blocked=true (AeroAPI, Sep 2026) with no known start date, so the whole recovered record is listed",2024-07-15,KONT,Ontario International Airport,Ontario,US-CA,US,2024-07-15T08:34:12.220000+00:00,2024-07-15T08:50:14.180000+00:00,2024-07-15 01:34,adsb-lol;airplanes-live
N582MM,2023-02-06,"Never LADD; FlightAware blocked=true (AeroAPI, Sep 2026) with no known start date, so the whole recovered record is listed",2024-07-15,KPHX,Phoenix Sky Harbor International Airport,Phoenix,US-AZ,US,2024-07-15T09:39:25.810000+00:00,2024-07-15T09:41:34.880000+00:00,2024-07-15 02:39,adsb-lol;airplanes-live
N582MM,2023-02-06,"Never LADD; FlightAware blocked=true (AeroAPI, Sep 2026) with no known start date, so the whole recovered record is listed",2024-07-17,KPHX,Phoenix Sky Harbor International Airport,Phoenix,US-AZ,US,2024-07-17T11:52:36.180000+00:00,2024-07-17T12:50:08.780000+00:00,2024-07-17 04:52,adsb-lol;airplanes-live
N582MM,2023-02-06,"Never LADD; FlightAware blocked=true (AeroAPI, Sep 2026) with no known start date, so the whole recovered record is listed",2024-07-18,KMKE,General Mitchell International Airport,Milwaukee,US-WI,US,2024-07-18T01:45:03.550000+00:00,2024-07-18T01:46:07.110000+00:00,2024-07-17 20:45,airplanes-live
N582MM,2023-02-06,"Never LADD; FlightAware blocked=true (AeroAPI, Sep 2026) with no known start date, so the whole recovered record is listed",2024-07-19,KSDL,Scottsdale Airport,Scottsdale,US-AZ,US,2024-07-19T00:38:56.870000+00:00,2024-07-19T00:42:01.240000+00:00,2024-07-18 17:38,airplanes-live
N582MM,2023-02-06,"Never LADD; FlightAware blocked=true (AeroAPI, Sep 2026) with no known start date, so the whole recovered record is listed",2024-07-19,KSDL,Scottsdale Airport,Scottsdale,US-AZ,US,2024-07-19T17:12:33.740000+00:00,2024-07-19T18:38:26.600000+00:00,2024-07-19 10:12,airplanes-live
N582MM,2023-02-06,"Never LADD; FlightAware blocked=true (AeroAPI, Sep 2026) with no known start date, so the whole recovered record is listed",2024-07-19,KTYQ,Indianapolis Executive Airport,Indianapolis,US-IN,US,2024-07-19T23:25:03.440000+00:00,2024-07-19T23:27:55.700000+00:00,2024-07-19 19:25,airplanes-live
N582MM,2023-02-06,"Never LADD; FlightAware blocked=true (AeroAPI, Sep 2026) with no known start date, so the whole recovered record is listed",2024-07-21,KMRY,Monterey Regional Airport,Monterey,US-CA,US,2024-07-21T00:22:14.510000+00:00,2024-07-21T00:25:28.790000+00:00,2024-07-20 17:22,airplanes-live
N582MM,2023-02-06,"Never LADD; FlightAware blocked=true (AeroAPI, Sep 2026) with no known start date, so the whole recovered record is listed",2024-07-21,KVNY,Van Nuys Airport,Van Nuys,US-CA,US,2024-07-21T01:11:13.150000+00:00,2024-07-21T01:58:47.290000+00:00,2024-07-20 18:11,airplanes-live
N582MM,2023-02-06,"Never LADD; FlightAware blocked=true (AeroAPI, Sep 2026) with no known start date, so the whole recovered record is listed",2024-07-21,KVNY,Van Nuys Airport,Van Nuys,US-CA,US,2024-07-21T18:20:05.150000+00:00,2024-07-21T19:41:43.310000+00:00,2024-07-21 11:20,airplanes-live
N582MM,2023-02-06,"Never LADD; FlightAware blocked=true (AeroAPI, Sep 2026) with no known start date, so the whole recovered record is listed",2024-07-22,KDFW,Dallas Fort Worth International Airport,Dallas-Fort Worth,US-TX,US,2024-07-22T16:30:47.040000+00:00,2024-07-22T17:11:34.300000+00:00,2024-07-22 11:30,adsb-lol;airplanes-live
N582MM,2023-02-06,"Never LADD; FlightAware blocked=true (AeroAPI, Sep 2026) with no known start date, so the whole recovered record is listed",2024-07-22,KRNO,Reno Tahoe International Airport,Reno,US-NV,US,2024-07-22T20:20:58.660000+00:00,2024-07-22T20:25:56.410000+00:00,2024-07-22 13:20,adsb-lol;airplanes-live
N582MM,2023-02-06,"Never LADD; FlightAware blocked=true (AeroAPI, Sep 2026) with no known start date, so the whole recovered record is listed",2024-07-23,KRNO,Reno Tahoe International Airport,Reno,US-NV,US,2024-07-23T12:32:21.330000+00:00,2024-07-23T13:14:48.230000+00:00,2024-07-23 05:32,adsb-lol
N582MM,2023-02-06,"Never LADD; FlightAware blocked=true (AeroAPI, Sep 2026) with no known start date, so the whole recovered record is listed",2024-07-23,KMSP,Minneapolis–Saint Paul International Airport / Wold–Chamberlain Field,Minneapolis,US-MN,US,2024-07-23T16:17:45.480000+00:00,2024-07-23T16:57:29.910000+00:00,2024-07-23 11:17,adsb-lol;airplanes-live
N582MM,2023-02-06,"Never LADD; FlightAware blocked=true (AeroAPI, Sep 2026) with no known start date, so the whole recovered record is listed",2024-07-23,KPHX,Phoenix Sky Harbor International Airport,Phoenix,US-AZ,US,2024-07-23T23:17:35.060000+00:00,2024-07-23T23:19:19.150000+00:00,2024-07-23 16:17,adsb-lol;airplanes-live
N582MM,2023-02-06,"Never LADD; FlightAware blocked=true (AeroAPI, Sep 2026) with no known start date, so the whole recovered record is listed",2024-07-24,KPHX,Phoenix Sky Harbor International Airport,Phoenix,US-AZ,US,2024-07-24T14:23:01.800000+00:00,2024-07-24T15:06:39.560000+00:00,2024-07-24 07:23,adsb-lol;airplanes-live
N582MM,2023-02-06,"Never LADD; FlightAware blocked=true (AeroAPI, Sep 2026) with no known start date, so the whole recovered record is listed",2024-07-24,KLAS,Harry Reid International Airport,Las Vegas,US-NV,US,2024-07-24T15:53:42.140000+00:00,2024-07-24T17:11:04.070000+00:00,2024-07-24 08:53,adsb-lol;airplanes-live
N582MM,2023-02-06,"Never LADD; FlightAware blocked=true (AeroAPI, Sep 2026) with no known start date, so the whole recovered record is listed",2024-07-25,KPHX,Phoenix Sky Harbor International Airport,Phoenix,US-AZ,US,2024-07-25T01:33:36.780000+00:00,2024-07-25T01:43:17.540000+00:00,2024-07-24 18:33,adsb-lol;airplanes-live
N582MM,2023-02-06,"Never LADD; FlightAware blocked=true (AeroAPI, Sep 2026) with no known start date, so the whole recovered record is listed",2024-07-25,KPHX,Phoenix Sky Harbor International Airport,Phoenix,US-AZ,US,2024-07-25T17:55:48.170000+00:00,2024-07-25T20:06:59.230000+00:00,2024-07-25 10:55,adsb-lol;airplanes-live
N582MM,2023-02-06,"Never LADD; FlightAware blocked=true (AeroAPI, Sep 2026) with no known start date, so the whole recovered record is listed",2024-07-26,KFMY,Page Field,Fort Myers,US-FL,US,2024-07-26T01:31:18.460000+00:00,2024-07-26T01:33:43.120000+00:00,2024-07-25 21:31,airplanes-live
N582MM,2023-02-06,"Never LADD; FlightAware blocked=true (AeroAPI, Sep 2026) with no known start date, so the whole recovered record is listed",2024-07-26,KFMY,Page Field,Fort Myers,US-FL,US,2024-07-26T12:38:22.140000+00:00,2024-07-26T12:46:02.500000+00:00,2024-07-26 08:38,airplanes-live
N582MM,2023-02-06,"Never LADD; FlightAware blocked=true (AeroAPI, Sep 2026) with no known start date, so the whole recovered record is listed",2024-07-28,KSDL,Scottsdale Airport,Scottsdale,US-AZ,US,2024-07-28T02:09:28.590000+00:00,2024-07-28T02:55:29.900000+00:00,2024-07-27 19:09,adsb-lol;airplanes-live
N582MM,2023-02-06,"Never LADD; FlightAware blocked=true (AeroAPI, Sep 2026) with no known start date, so the whole recovered record is listed",2024-07-29,KPHX,Phoenix Sky Harbor International Airport,Phoenix,US-AZ,US,2024-07-29T23:01:02.650000+00:00,2024-07-30T00:06:01.970000+00:00,2024-07-29 16:01,adsb-lol;airplanes-live
N582MM,2023-02-06,"Never LADD; FlightAware blocked=true (AeroAPI, Sep 2026) with no known start date, so the whole recovered record is listed",2024-07-31,KAUS,Austin Bergstrom International Airport,Austin,US-TX,US,2024-07-31T23:36:45.770000+00:00,2024-07-31T23:38:05.440000+00:00,2024-07-31 18:36,airplanes-live
N582MM,2023-02-06,"Never LADD; FlightAware blocked=true (AeroAPI, Sep 2026) with no known start date, so the whole recovered record is listed",2024-08-01,KAUS,Austin Bergstrom International Airport,Austin,US-TX,US,2024-08-01T15:59:38.480000+00:00,2024-08-01T17:56:30.370000+00:00,2024-08-01 10:59,adsbexchange-samples
N582MM,2023-02-06,"Never LADD; FlightAware blocked=true (AeroAPI, Sep 2026) with no known start date, so the whole recovered record is listed",2024-08-01,KERV,Kerrville / Kerr County Airport at Louis Schreiner Field,Kerrville,US-TX,US,2024-08-01T17:51:11.380000+00:00,2024-08-01T19:49:09.410000+00:00,2024-08-01 12:51,airplanes-live
N582MM,2023-02-06,"Never LADD; FlightAware blocked=true (AeroAPI, Sep 2026) with no known start date, so the whole recovered record is listed",2024-08-01,KAUS,Austin Bergstrom International Airport,Austin,US-TX,US,2024-08-01T19:13:21.660000+00:00,2024-08-01T19:49:22.760000+00:00,2024-08-01 14:13,adsbexchange-samples
N582MM,2023-02-06,"Never LADD; FlightAware blocked=true (AeroAPI, Sep 2026) with no known start date, so the whole recovered record is listed",2024-08-01,KMQS,Chester County G O Carlson Airport,Coatesville,US-PA,US,2024-08-01T22:58:49.200000+00:00,2024-08-01T23:59:32.560000+00:00,2024-08-01 18:58,adsbexchange-samples
N582MM,2023-02-06,"Never LADD; FlightAware blocked=true (AeroAPI, Sep 2026) with no known start date, so the whole recovered record is listed",2024-08-02,KSDL,Scottsdale Airport,Scottsdale,US-AZ,US,2024-08-02T05:51:05.490000+00:00,2024-08-02T05:55:08.380000+00:00,2024-08-01 22:51,airplanes-live
N582MM,2023-02-06,"Never LADD; FlightAware blocked=true (AeroAPI, Sep 2026) with no known start date, so the whole recovered record is listed",2024-08-02,KSDL,Scottsdale Airport,Scottsdale,US-AZ,US,2024-08-02T17:27:33.240000+00:00,2024-08-02T18:39:20.540000+00:00,2024-08-02 10:27,airplanes-live
N582MM,2023-02-06,"Never LADD; FlightAware blocked=true (AeroAPI, Sep 2026) with no known start date, so the whole recovered record is listed",2024-08-02,KADS,Addison Airport,Dallas,US-TX,US,2024-08-02T20:42:50.380000+00:00,2024-08-02T20:42:50.380000+00:00,2024-08-02 15:42,airplanes-live
N582MM,2023-02-06,"Never LADD; FlightAware blocked=true (AeroAPI, Sep 2026) with no known start date, so the whole recovered record is listed",2024-08-03,KSDL,Scottsdale Airport,Scottsdale,US-AZ,US,2024-08-03T04:47:28.500000+00:00,2024-08-03T05:20:03.090000+00:00,2024-08-02 21:47,airplanes-live
N582MM,2023-02-06,"Never LADD; FlightAware blocked=true (AeroAPI, Sep 2026) with no known start date, so the whole recovered record is listed",2024-08-04,KPHX,Phoenix Sky Harbor International Airport,Phoenix,US-AZ,US,2024-08-04T13:37:04.740000+00:00,2024-08-04T14:17:43.720000+00:00,2024-08-04 06:37,airplanes-live
N582MM,2023-02-06,"Never LADD; FlightAware blocked=true (AeroAPI, Sep 2026) with no known start date, so the whole recovered record is listed",2024-08-04,KCOE,Coeur D'Alene Airport - Pappy Boyington Field,Coeur d'Alene,US-ID,US,2024-08-04T16:28:40.590000+00:00,2024-08-04T17:57:53.810000+00:00,2024-08-04 10:28,airplanes-live
N582MM,2023-02-06,"Never LADD; FlightAware blocked=true (AeroAPI, Sep 2026) with no known start date, so the whole recovered record is listed",2024-08-04,KSDL,Scottsdale Airport,Scottsdale,US-AZ,US,2024-08-04T20:19:29.400000+00:00,2024-08-04T20:22:37.430000+00:00,2024-08-04 13:19,airplanes-live
N582MM,2023-02-06,"Never LADD; FlightAware blocked=true (AeroAPI, Sep 2026) with no known start date, so the whole recovered record is listed",2024-08-05,KSDL,Scottsdale Airport,Scottsdale,US-AZ,US,2024-08-05T13:17:27.410000+00:00,2024-08-05T14:47:43.840000+00:00,2024-08-05 06:17,airplanes-live
N582MM,2023-02-06,"Never LADD; FlightAware blocked=true (AeroAPI, Sep 2026) with no known start date, so the whole recovered record is listed",2024-08-05,KLAS,Harry Reid International Airport,Las Vegas,US-NV,US,2024-08-05T15:37:08.110000+00:00,2024-08-05T15:48:23.880000+00:00,2024-08-05 08:37,airplanes-live
N582MM,2023-02-06,"Never LADD; FlightAware blocked=true (AeroAPI, Sep 2026) with no known start date, so the whole recovered record is listed",2024-08-05,KDFW,Dallas Fort Worth International Airport,Dallas-Fort Worth,US-TX,US,2024-08-05T18:11:23.170000+00:00,2024-08-05T19:01:36.240000+00:00,2024-08-05 13:11,airplanes-live
N582MM,2023-02-06,"Never LADD; FlightAware blocked=true (AeroAPI, Sep 2026) with no known start date, so the whole recovered record is listed",2024-08-05,KSDL,Scottsdale Airport,Scottsdale,US-AZ,US,2024-08-05T21:08:51.810000+00:00,2024-08-05T21:11:44.170000+00:00,2024-08-05 14:08,airplanes-live
N582MM,2023-02-06,"Never LADD; FlightAware blocked=true (AeroAPI, Sep 2026) with no known start date, so the whole recovered record is listed",2024-08-06,KSDL,Scottsdale Airport,Scottsdale,US-AZ,US,2024-08-06T12:07:34.060000+00:00,2024-08-06T13:01:36.280000+00:00,2024-08-06 05:07,airplanes-live
N582MM,2023-02-06,"Never LADD; FlightAware blocked=true (AeroAPI, Sep 2026) with no known start date, so the whole recovered record is listed",2024-08-06,KEGE,Eagle County Regional Airport,Eagle,US-CO,US,2024-08-06T14:56:12.180000+00:00,2024-08-06T14:56:12.180000+00:00,2024-08-06 08:56,airplanes-live
N582MM,2023-02-06,"Never LADD; FlightAware blocked=true (AeroAPI, Sep 2026) with no known start date, so the whole recovered record is listed",2024-08-07,KSDL,Scottsdale Airport,Scottsdale,US-AZ,US,2024-08-07T06:11:14.360000+00:00,2024-08-07T06:12:59.610000+00:00,2024-08-06 23:11,airplanes-live
N582MM,2023-02-06,"Never LADD; FlightAware blocked=true (AeroAPI, Sep 2026) with no known start date, so the whole recovered record is listed",2024-08-08,KSDL,Scottsdale Airport,Scottsdale,US-AZ,US,2024-08-08T13:36:51.110000+00:00,2024-08-08T13:42:05.530000+00:00,2024-08-08 06:36,airplanes-live
N582MM,2023-02-06,"Never LADD; FlightAware blocked=true (AeroAPI, Sep 2026) with no known start date, so the whole recovered record is listed",2024-08-08,KSAN,San Diego International Airport,San Diego,US-CA,US,2024-08-08T14:31:30.170000+00:00,2024-08-08T15:22:40.980000+00:00,2024-08-08 07:31,airplanes-live
N582MM,2023-02-06,"Never LADD; FlightAware blocked=true (AeroAPI, Sep 2026) with no known start date, so the whole recovered record is listed",2024-08-09,KSDL,Scottsdale Airport,Scottsdale,US-AZ,US,2024-08-09T01:09:46.440000+00:00,2024-08-09T01:12:56.660000+00:00,2024-08-08 18:09,airplanes-live
N582MM,2023-02-06,"Never LADD; FlightAware blocked=true (AeroAPI, Sep 2026) with no known start date, so the whole recovered record is listed",2024-08-09,KSDL,Scottsdale Airport,Scottsdale,US-AZ,US,2024-08-09T19:27:18.630000+00:00,2024-08-09T20:54:41.620000+00:00,2024-08-09 12:27,airplanes-live
N582MM,2023-02-06,"Never LADD; FlightAware blocked=true (AeroAPI, Sep 2026) with no known start date, so the whole recovered record is listed",2024-08-09,KRVS,Tulsa Riverside Airport,Tulsa,US-OK,US,2024-08-09T22:57:14.600000+00:00,2024-08-10T00:49:11.260000+00:00,2024-08-09 17:57,airplanes-live
N582MM,2023-02-06,"Never LADD; FlightAware blocked=true (AeroAPI, Sep 2026) with no known start date, so the whole recovered record is listed",2024-08-10,KSDL,Scottsdale Airport,Scottsdale,US-AZ,US,2024-08-10T03:02:22.550000+00:00,2024-08-10T03:04:39.920000+00:00,2024-08-09 20:02,airplanes-live
N582MM,2023-02-06,"Never LADD; FlightAware blocked=true (AeroAPI, Sep 2026) with no known start date, so the whole recovered record is listed",2024-08-10,KSDL,Scottsdale Airport,Scottsdale,US-AZ,US,2024-08-10T15:16:44.010000+00:00,2024-08-10T16:03:23.060000+00:00,2024-08-10 08:16,airplanes-live
N582MM,2023-02-06,"Never LADD; FlightAware blocked=true (AeroAPI, Sep 2026) with no known start date, so the whole recovered record is listed",2024-08-10,KSFO,San Francisco International Airport,San Francisco,US-CA,US,2024-08-10T17:40:33.110000+00:00,2024-08-10T18:57:05.200000+00:00,2024-08-10 10:40,airplanes-live
N582MM,2023-02-06,"Never LADD; FlightAware blocked=true (AeroAPI, Sep 2026) with no known start date, so the whole recovered record is listed",2024-08-10,KPVU,Provo Municipal Airport,Provo,US-UT,US,2024-08-10T20:16:42.600000+00:00,2024-08-10T20:34:01.350000+00:00,2024-08-10 14:16,airplanes-live
N582MM,2023-02-06,"Never LADD; FlightAware blocked=true (AeroAPI, Sep 2026) with no known start date, so the whole recovered record is listed",2024-08-10,KPHX,Phoenix Sky Harbor International Airport,Phoenix,US-AZ,US,2024-08-10T21:41:25.370000+00:00,2024-08-10T21:44:35.690000+00:00,2024-08-10 14:41,airplanes-live
N582MM,2023-02-06,"Never LADD; FlightAware blocked=true (AeroAPI, Sep 2026) with no known start date, so the whole recovered record is listed",2024-08-11,KPHX,Phoenix Sky Harbor International Airport,Phoenix,US-AZ,US,2024-08-11T14:10:24.180000+00:00,2024-08-11T14:41:25.380000+00:00,2024-08-11 07:10,airplanes-live
N582MM,2023-02-06,"Never LADD; FlightAware blocked=true (AeroAPI, Sep 2026) with no known start date, so the whole recovered record is listed",2024-08-11,KCOE,Coeur D'Alene Airport - Pappy Boyington Field,Coeur d'Alene,US-ID,US,2024-08-11T16:50:49.960000+00:00,2024-08-11T18:22:24.520000+00:00,2024-08-11 10:50,airplanes-live
N582MM,2023-02-06,"Never LADD; FlightAware blocked=true (AeroAPI, Sep 2026) with no known start date, so the whole recovered record is listed",2024-08-11,KSDL,Scottsdale Airport,Scottsdale,US-AZ,US,2024-08-11T20:34:53.470000+00:00,2024-08-11T22:04:07.680000+00:00,2024-08-11 13:34,airplanes-live
N582MM,2023-02-06,"Never LADD; FlightAware blocked=true (AeroAPI, Sep 2026) with no known start date, so the whole recovered record is listed",2024-08-11,KABQ,Albuquerque International Sunport,Albuquerque,US-NM,US,2024-08-11T22:53:39.930000+00:00,2024-08-11T22:53:43.510000+00:00,2024-08-11 16:53,airplanes-live
N582MM,2023-02-06,"Never LADD; FlightAware blocked=true (AeroAPI, Sep 2026) with no known start date, so the whole recovered record is listed",2024-08-12,KSDL,Scottsdale Airport,Scottsdale,US-AZ,US,2024-08-12T03:50:54.330000+00:00,2024-08-12T03:53:18.870000+00:00,2024-08-11 20:50,airplanes-live
N582MM,2023-02-06,"Never LADD; FlightAware blocked=true (AeroAPI, Sep 2026) with no known start date, so the whole recovered record is listed",2024-08-12,KSDL,Scottsdale Airport,Scottsdale,US-AZ,US,2024-08-12T17:12:49.980000+00:00,2024-08-12T17:59:22.870000+00:00,2024-08-12 10:12,airplanes-live
N582MM,2023-02-06,"Never LADD; FlightAware blocked=true (AeroAPI, Sep 2026) with no known start date, so the whole recovered record is listed",2024-08-12,KELP,El Paso International Airport,El Paso,US-TX,US,2024-08-12T18:56:17.980000+00:00,2024-08-12T20:07:23.250000+00:00,2024-08-12 13:56,airplanes-live
N582MM,2023-02-06,"Never LADD; FlightAware blocked=true (AeroAPI, Sep 2026) with no known start date, so the whole recovered record is listed",2024-08-12,KEGE,Eagle County Regional Airport,Eagle,US-CO,US,2024-08-12T21:39:58.800000+00:00,2024-08-12T21:39:58.800000+00:00,2024-08-12 15:39,airplanes-live
N582MM,2023-02-06,"Never LADD; FlightAware blocked=true (AeroAPI, Sep 2026) with no known start date, so the whole recovered record is listed",2024-08-13,KHEF,Washington Manassas Harry P. Davis Field,Manassas,US-VA,US,2024-08-13T18:16:29.270000+00:00,2024-08-13T18:16:44.090000+00:00,2024-08-13 14:16,adsb-lol;airplanes-live
N582MM,2023-02-06,"Never LADD; FlightAware blocked=true (AeroAPI, Sep 2026) with no known start date, so the whole recovered record is listed",2024-08-16,KPHX,Phoenix Sky Harbor International Airport,Phoenix,US-AZ,US,2024-08-16T00:27:09.680000+00:00,2024-08-16T00:36:19.100000+00:00,2024-08-15 17:27,adsb-lol;airplanes-live
N582MM,2023-02-06,"Never LADD; FlightAware blocked=true (AeroAPI, Sep 2026) with no known start date, so the whole recovered record is listed",2024-08-18,KPHX,Phoenix Sky Harbor International Airport,Phoenix,US-AZ,US,2024-08-18T15:27:35.260000+00:00,2024-08-18T17:49:24.770000+00:00,2024-08-18 08:27,airplanes-live
N582MM,2023-02-06,"Never LADD; FlightAware blocked=true (AeroAPI, Sep 2026) with no known start date, so the whole recovered record is listed",2024-08-18,KSDL,Scottsdale Airport,Scottsdale,US-AZ,US,2024-08-18T16:03:03.860000+00:00,2024-08-18T17:49:25.400000+00:00,2024-08-18 09:03,adsb-lol
N582MM,2023-02-06,"Never LADD; FlightAware blocked=true (AeroAPI, Sep 2026) with no known start date, so the whole recovered record is listed",2024-08-18,KRFD,Chicago Rockford International Airport,Chicago/Rockford,US-IL,US,2024-08-18T20:40:15.320000+00:00,2024-08-18T20:40:21.430000+00:00,2024-08-18 15:40,adsb-lol;airplanes-live
N582MM,2023-02-06,"Never LADD; FlightAware blocked=true (AeroAPI, Sep 2026) with no known start date, so the whole recovered record is listed",2024-08-19,KPHX,Phoenix Sky Harbor International Airport,Phoenix,US-AZ,US,2024-08-19T00:39:35.040000+00:00,2024-08-19T00:44:53.120000+00:00,2024-08-18 17:39,adsb-lol;airplanes-live
N582MM,2023-02-06,"Never LADD; FlightAware blocked=true (AeroAPI, Sep 2026) with no known start date, so the whole recovered record is listed",2024-08-20,KPHX,Phoenix Sky Harbor International Airport,Phoenix,US-AZ,US,2024-08-20T15:10:36.330000+00:00,2024-08-20T16:28:28.570000+00:00,2024-08-20 08:10,adsb-lol;airplanes-live
N582MM,2023-02-06,"Never LADD; FlightAware blocked=true (AeroAPI, Sep 2026) with no known start date, so the whole recovered record is listed",2024-08-21,KSDL,Scottsdale Airport,Scottsdale,US-AZ,US,2024-08-21T02:34:39.860000+00:00,2024-08-21T02:39:36.510000+00:00,2024-08-20 19:34,adsb-lol;airplanes-live
N582MM,2023-02-06,"Never LADD; FlightAware blocked=true (AeroAPI, Sep 2026) with no known start date, so the whole recovered record is listed",2024-08-22,KSDL,Scottsdale Airport,Scottsdale,US-AZ,US,2024-08-22T15:59:18.240000+00:00,2024-08-22T17:04:06.440000+00:00,2024-08-22 08:59,adsb-lol;airplanes-live
N582MM,2023-02-06,"Never LADD; FlightAware blocked=true (AeroAPI, Sep 2026) with no known start date, so the whole recovered record is listed",2024-08-22,KHCR,Heber Valley Airport,Heber,US-UT,US,2024-08-22T18:06:57.250000+00:00,2024-08-22T18:07:19.470000+00:00,2024-08-22 12:06,airplanes-live
N582MM,2023-02-06,"Never LADD; FlightAware blocked=true (AeroAPI, Sep 2026) with no known start date, so the whole recovered record is listed",2024-08-22,KSDL,Scottsdale Airport,Scottsdale,US-AZ,US,2024-08-22T23:20:41.540000+00:00,2024-08-22T23:23:53.490000+00:00,2024-08-22 16:20,adsb-lol;airplanes-live
N582MM,2023-02-06,"Never LADD; FlightAware blocked=true (AeroAPI, Sep 2026) with no known start date, so the whole recovered record is listed",2024-08-23,KSDL,Scottsdale Airport,Scottsdale,US-AZ,US,2024-08-23T15:01:34.520000+00:00,2024-08-23T15:40:52.530000+00:00,2024-08-23 08:01,airplanes-live
N582MM,2023-02-06,"Never LADD; FlightAware blocked=true (AeroAPI, Sep 2026) with no known start date, so the whole recovered record is listed",2024-08-23,KSDL,Scottsdale Airport,Scottsdale,US-AZ,US,2024-08-23T21:36:48.250000+00:00,2024-08-23T21:39:50.740000+00:00,2024-08-23 14:36,airplanes-live
N582MM,2023-02-06,"Never LADD; FlightAware blocked=true (AeroAPI, Sep 2026) with no known start date, so the whole recovered record is listed",2024-08-25,KSDL,Scottsdale Airport,Scottsdale,US-AZ,US,2024-08-25T12:25:33.740000+00:00,2024-08-25T13:38:23.650000+00:00,2024-08-25 05:25,airplanes-live
N582MM,2023-02-06,"Never LADD; FlightAware blocked=true (AeroAPI, Sep 2026) with no known start date, so the whole recovered record is listed",2024-08-25,KSDL,Scottsdale Airport,Scottsdale,US-AZ,US,2024-08-25T16:39:02.930000+00:00,2024-08-25T18:07:47.480000+00:00,2024-08-25 09:39,airplanes-live
N582MM,2023-02-06,"Never LADD; FlightAware blocked=true (AeroAPI, Sep 2026) with no known start date, so the whole recovered record is listed",2024-08-25,KHHR,Jack Northrop Field Hawthorne Municipal Airport,Hawthorne,US-CA,US,2024-08-25T19:06:50.820000+00:00,2024-08-25T19:08:04.760000+00:00,2024-08-25 12:06,airplanes-live
N582MM,2023-02-06,"Never LADD; FlightAware blocked=true (AeroAPI, Sep 2026) with no known start date, so the whole recovered record is listed",2024-08-25,KHHR,Jack Northrop Field Hawthorne Municipal Airport,Hawthorne,US-CA,US,2024-08-25T23:30:27.200000+00:00,2024-08-25T23:36:55.010000+00:00,2024-08-25 16:30,airplanes-live
N582MM,2023-02-06,"Never LADD; FlightAware blocked=true (AeroAPI, Sep 2026) with no known start date, so the whole recovered record is listed",2024-09-01,KPHX,Phoenix Sky Harbor International Airport,Phoenix,US-AZ,US,2024-09-01T15:26:43.070000+00:00,2024-09-01T16:08:38.560000+00:00,2024-09-01 08:26,adsbexchange-samples
N582MM,2023-02-06,"Never LADD; FlightAware blocked=true (AeroAPI, Sep 2026) with no known start date, so the whole recovered record is listed",2024-09-04,KPHX,Phoenix Sky Harbor International Airport,Phoenix,US-AZ,US,2024-09-04T16:47:09.330000+00:00,2024-09-04T16:48:54.060000+00:00,2024-09-04 09:47,adsb-lol;airplanes-live
N582MM,2023-02-06,"Never LADD; FlightAware blocked=true (AeroAPI, Sep 2026) with no known start date, so the whole recovered record is listed",2024-09-05,KSDL,Scottsdale Airport,Scottsdale,US-AZ,US,2024-09-05T01:01:24.800000+00:00,2024-09-05T02:27:35.400000+00:00,2024-09-04 18:01,adsb-lol;airplanes-live
N582MM,2023-02-06,"Never LADD; FlightAware blocked=true (AeroAPI, Sep 2026) with no known start date, so the whole recovered record is listed",2024-09-05,KMSN,Dane County Regional Truax Field,Madison,US-WI,US,2024-09-05T05:16:02.440000+00:00,2024-09-05T05:16:02.440000+00:00,2024-09-05 00:16,adsb-lol
N582MM,2023-02-06,"Never LADD; FlightAware blocked=true (AeroAPI, Sep 2026) with no known start date, so the whole recovered record is listed",2024-09-05,KDPA,Dupage Airport,Chicago/West Chicago,US-IL,US,2024-09-05T21:36:43.230000+00:00,2024-09-06T01:42:07.870000+00:00,2024-09-05 16:36,adsb-lol;airplanes-live
N582MM,2023-02-06,"Never LADD; FlightAware blocked=true (AeroAPI, Sep 2026) with no known start date, so the whole recovered record is listed",2024-09-06,KSDL,Scottsdale Airport,Scottsdale,US-AZ,US,2024-09-06T04:56:00.140000+00:00,2024-09-06T04:58:18.970000+00:00,2024-09-05 21:56,adsb-lol;airplanes-live
N582MM,2023-02-06,"Never LADD; FlightAware blocked=true (AeroAPI, Sep 2026) with no known start date, so the whole recovered record is listed",2024-09-06,KSDL,Scottsdale Airport,Scottsdale,US-AZ,US,2024-09-06T15:51:23.170000+00:00,2024-09-06T15:55:15.310000+00:00,2024-09-06 08:51,adsb-lol;airplanes-live
N582MM,2023-02-06,"Never LADD; FlightAware blocked=true (AeroAPI, Sep 2026) with no known start date, so the whole recovered record is listed",2024-09-08,KPHX,Phoenix Sky Harbor International Airport,Phoenix,US-AZ,US,2024-09-08T00:31:41.920000+00:00,2024-09-08T00:34:24.670000+00:00,2024-09-07 17:31,adsb-lol;airplanes-live
N582MM,2023-02-06,"Never LADD; FlightAware blocked=true (AeroAPI, Sep 2026) with no known start date, so the whole recovered record is listed",2024-09-10,KPHX,Phoenix Sky Harbor International Airport,Phoenix,US-AZ,US,2024-09-10T12:49:31.570000+00:00,2024-09-10T16:11:53.900000+00:00,2024-09-10 05:49,adsb-lol;airplanes-live
N582MM,2023-02-06,"Never LADD; FlightAware blocked=true (AeroAPI, Sep 2026) with no known start date, so the whole recovered record is listed",2024-09-10,KSDL,Scottsdale Airport,Scottsdale,US-AZ,US,2024-09-10T14:28:37.870000+00:00,2024-09-10T16:11:53.940000+00:00,2024-09-10 07:28,adsb-lol
N582MM,2023-02-06,"Never LADD; FlightAware blocked=true (AeroAPI, Sep 2026) with no known start date, so the whole recovered record is listed",2024-09-10,KBJC,Rocky Mountain Metropolitan Airport,Denver,US-CO,US,2024-09-10T17:28:32.880000+00:00,2024-09-10T17:31:39.840000+00:00,2024-09-10 11:28,adsb-lol;airplanes-live
N582MM,2023-02-06,"Never LADD; FlightAware blocked=true (AeroAPI, Sep 2026) with no known start date, so the whole recovered record is listed",2024-09-10,KBJC,Rocky Mountain Metropolitan Airport,Denver,US-CO,US,2024-09-10T20:37:52.370000+00:00,2024-09-10T21:17:53.030000+00:00,2024-09-10 14:37,adsb-lol;airplanes-live
N582MM,2023-02-06,"Never LADD; FlightAware blocked=true (AeroAPI, Sep 2026) with no known start date, so the whole recovered record is listed",2024-09-10,KPHX,Phoenix Sky Harbor International Airport,Phoenix,US-AZ,US,2024-09-10T22:44:55.980000+00:00,2024-09-10T22:46:12.900000+00:00,2024-09-10 15:44,adsb-lol;airplanes-live
N582MM,2023-02-06,"Never LADD; FlightAware blocked=true (AeroAPI, Sep 2026) with no known start date, so the whole recovered record is listed",2024-09-11,KPHX,Phoenix Sky Harbor International Airport,Phoenix,US-AZ,US,2024-09-11T13:14:32.750000+00:00,2024-09-11T15:04:13.310000+00:00,2024-09-11 06:14,adsb-lol;airplanes-live
N582MM,2023-02-06,"Never LADD; FlightAware blocked=true (AeroAPI, Sep 2026) with no known start date, so the whole recovered record is listed",2024-09-11,KSDL,Scottsdale Airport,Scottsdale,US-AZ,US,2024-09-11T14:14:47.120000+00:00,2024-09-11T15:04:14.250000+00:00,2024-09-11 07:14,adsb-lol
N582MM,2023-02-06,"Never LADD; FlightAware blocked=true (AeroAPI, Sep 2026) with no known start date, so the whole recovered record is listed",2024-09-11,KDAL,Dallas Love Field,Dallas,US-TX,US,2024-09-11T18:48:32.460000+00:00,2024-09-11T18:51:46.990000+00:00,2024-09-11 13:48,adsb-lol;airplanes-live
N582MM,2023-02-06,"Never LADD; FlightAware blocked=true (AeroAPI, Sep 2026) with no known start date, so the whole recovered record is listed",2024-09-12,KDAL,Dallas Love Field,Dallas,US-TX,US,2024-09-12T01:38:04.050000+00:00,2024-09-12T01:38:44.790000+00:00,2024-09-11 20:38,adsb-lol;airplanes-live
N582MM,2023-02-06,"Never LADD; FlightAware blocked=true (AeroAPI, Sep 2026) with no known start date, so the whole recovered record is listed",2024-09-12,KSDL,Scottsdale Airport,Scottsdale,US-AZ,US,2024-09-12T03:59:52.720000+00:00,2024-09-12T04:39:50.060000+00:00,2024-09-11 20:59,adsb-lol;airplanes-live
N582MM,2023-02-06,"Never LADD; FlightAware blocked=true (AeroAPI, Sep 2026) with no known start date, so the whole recovered record is listed",2024-09-12,KPHX,Phoenix Sky Harbor International Airport,Phoenix,US-AZ,US,2024-09-12T15:21:13.750000+00:00,2024-09-12T16:29:58.140000+00:00,2024-09-12 08:21,adsb-lol;airplanes-live
N582MM,2023-02-06,"Never LADD; FlightAware blocked=true (AeroAPI, Sep 2026) with no known start date, so the whole recovered record is listed",2024-09-13,KSDL,Scottsdale Airport,Scottsdale,US-AZ,US,2024-09-13T13:30:36.740000+00:00,2024-09-13T15:09:37.080000+00:00,2024-09-13 06:30,adsb-lol;airplanes-live
N582MM,2023-02-06,"Never LADD; FlightAware blocked=true (AeroAPI, Sep 2026) with no known start date, so the whole recovered record is listed",2024-09-15,KSDL,Scottsdale Airport,Scottsdale,US-AZ,US,2024-09-15T04:33:09.400000+00:00,2024-09-15T04:35:38.950000+00:00,2024-09-14 21:33,adsb-lol;airplanes-live
N582MM,2023-02-06,"Never LADD; FlightAware blocked=true (AeroAPI, Sep 2026) with no known start date, so the whole recovered record is listed",2024-09-15,KSDL,Scottsdale Airport,Scottsdale,US-AZ,US,2024-09-15T12:30:21.770000+00:00,2024-09-15T13:06:04.970000+00:00,2024-09-15 05:30,adsb-lol;airplanes-live
N582MM,2023-02-06,"Never LADD; FlightAware blocked=true (AeroAPI, Sep 2026) with no known start date, so the whole recovered record is listed",2024-09-16,KPHX,Phoenix Sky Harbor International Airport,Phoenix,US-AZ,US,2024-09-16T01:17:13.840000+00:00,2024-09-16T01:17:32.020000+00:00,2024-09-15 18:17,airplanes-live
N582MM,2023-02-06,"Never LADD; FlightAware blocked=true (AeroAPI, Sep 2026) with no known start date, so the whole recovered record is listed",2024-09-16,KPHX,Phoenix Sky Harbor International Airport,Phoenix,US-AZ,US,2024-09-16T16:55:45.780000+00:00,2024-09-16T17:43:29.720000+00:00,2024-09-16 09:55,airplanes-live
N582MM,2023-02-06,"Never LADD; FlightAware blocked=true (AeroAPI, Sep 2026) with no known start date, so the whole recovered record is listed",2024-09-16,KPIR,Pierre Regional Airport,Pierre,US-SD,US,2024-09-16T19:35:05.310000+00:00,2024-09-16T19:35:05.310000+00:00,2024-09-16 14:35,airplanes-live
N582MM,2023-02-06,"Never LADD; FlightAware blocked=true (AeroAPI, Sep 2026) with no known start date, so the whole recovered record is listed",2024-09-17,KSDL,Scottsdale Airport,Scottsdale,US-AZ,US,2024-09-17T04:05:44.820000+00:00,2024-09-17T04:44:35.010000+00:00,2024-09-16 21:05,adsb-lol;airplanes-live
N582MM,2023-02-06,"Never LADD; FlightAware blocked=true (AeroAPI, Sep 2026) with no known start date, so the whole recovered record is listed",2024-09-17,KPHX,Phoenix Sky Harbor International Airport,Phoenix,US-AZ,US,2024-09-17T13:03:43.150000+00:00,2024-09-17T13:29:41.720000+00:00,2024-09-17 06:03,adsb-lol;airplanes-live
N582MM,2023-02-06,"Never LADD; FlightAware blocked=true (AeroAPI, Sep 2026) with no known start date, so the whole recovered record is listed",2024-09-17,KTEB,Teterboro Airport,Teterboro,US-NJ,US,2024-09-17T19:11:23.340000+00:00,2024-09-17T20:05:21.260000+00:00,2024-09-17 15:11,adsb-lol;airplanes-live
N582MM,2023-02-06,"Never LADD; FlightAware blocked=true (AeroAPI, Sep 2026) with no known start date, so the whole recovered record is listed",2024-09-18,KSDL,Scottsdale Airport,Scottsdale,US-AZ,US,2024-09-18T01:12:17.610000+00:00,2024-09-18T01:14:14.010000+00:00,2024-09-17 18:12,adsb-lol;airplanes-live
N582MM,2023-02-06,"Never LADD; FlightAware blocked=true (AeroAPI, Sep 2026) with no known start date, so the whole recovered record is listed",2024-09-18,KSDL,Scottsdale Airport,Scottsdale,US-AZ,US,2024-09-18T11:10:21.150000+00:00,2024-09-18T12:16:27.750000+00:00,2024-09-18 04:10,adsb-lol;airplanes-live
N582MM,2023-02-06,"Never LADD; FlightAware blocked=true (AeroAPI, Sep 2026) with no known start date, so the whole recovered record is listed",2024-09-18,KAGC,Allegheny County Airport,Pittsburgh,US-PA,US,2024-09-18T15:39:34.120000+00:00,2024-09-18T15:41:21.390000+00:00,2024-09-18 11:39,adsb-lol;airplanes-live
N582MM,2023-02-06,"Never LADD; FlightAware blocked=true (AeroAPI, Sep 2026) with no known start date, so the whole recovered record is listed",2024-09-18,KAGC,Allegheny County Airport,Pittsburgh,US-PA,US,2024-09-18T19:38:22.640000+00:00,2024-09-18T19:38:22.640000+00:00,2024-09-18 15:38,adsb-lol;airplanes-live
N582MM,2023-02-06,"Never LADD; FlightAware blocked=true (AeroAPI, Sep 2026) with no known start date, so the whole recovered record is listed",2024-09-18,KPNE,Northeast Philadelphia Airport,Philadelphia,US-PA,US,2024-09-18T21:21:08.800000+00:00,2024-09-19T01:45:11.880000+00:00,2024-09-18 17:21,airplanes-live
N582MM,2023-02-06,"Never LADD; FlightAware blocked=true (AeroAPI, Sep 2026) with no known start date, so the whole recovered record is listed",2024-09-19,KUNV,State College Regional Airport,State College,US-PA,US,2024-09-19T18:15:38.990000+00:00,2024-09-19T18:19:25.350000+00:00,2024-09-19 14:15,airplanes-live
N582MM,2023-02-06,"Never LADD; FlightAware blocked=true (AeroAPI, Sep 2026) with no known start date, so the whole recovered record is listed",2024-09-20,KSDL,Scottsdale Airport,Scottsdale,US-AZ,US,2024-09-20T05:08:24.210000+00:00,2024-09-20T05:49:21.620000+00:00,2024-09-19 22:08,adsb-lol;airplanes-live
N582MM,2023-02-06,"Never LADD; FlightAware blocked=true (AeroAPI, Sep 2026) with no known start date, so the whole recovered record is listed",2024-09-21,KSDL,Scottsdale Airport,Scottsdale,US-AZ,US,2024-09-21T19:40:49.170000+00:00,2024-09-21T21:36:56.350000+00:00,2024-09-21 12:40,adsb-lol;airplanes-live
N582MM,2023-02-06,"Never LADD; FlightAware blocked=true (AeroAPI, Sep 2026) with no known start date, so the whole recovered record is listed",2024-09-21,KVNY,Van Nuys Airport,Van Nuys,US-CA,US,2024-09-21T22:45:04.620000+00:00,2024-09-21T22:46:19.390000+00:00,2024-09-21 15:45,airplanes-live
N582MM,2023-02-06,"Never LADD; FlightAware blocked=true (AeroAPI, Sep 2026) with no known start date, so the whole recovered record is listed",2024-09-22,KVNY,Van Nuys Airport,Van Nuys,US-CA,US,2024-09-22T04:58:19.970000+00:00,2024-09-22T05:05:30.550000+00:00,2024-09-21 21:58,airplanes-live
N582MM,2023-02-06,"Never LADD; FlightAware blocked=true (AeroAPI, Sep 2026) with no known start date, so the whole recovered record is listed",2024-09-22,KSDL,Scottsdale Airport,Scottsdale,US-AZ,US,2024-09-22T05:57:23.150000+00:00,2024-09-22T05:58:21.810000+00:00,2024-09-21 22:57,adsb-lol;airplanes-live
N582MM,2023-02-06,"Never LADD; FlightAware blocked=true (AeroAPI, Sep 2026) with no known start date, so the whole recovered record is listed",2024-09-22,KSDL,Scottsdale Airport,Scottsdale,US-AZ,US,2024-09-22T19:03:27.230000+00:00,2024-09-22T19:36:05.160000+00:00,2024-09-22 12:03,adsb-lol;airplanes-live
N582MM,2023-02-06,"Never LADD; FlightAware blocked=true (AeroAPI, Sep 2026) with no known start date, so the whole recovered record is listed",2024-09-23,KIAD,Washington Dulles International Airport,Dulles,US-VA,US,2024-09-23T01:03:45.880000+00:00,2024-09-23T02:01:16.560000+00:00,2024-09-22 21:03,adsb-lol;airplanes-live
N582MM,2023-02-06,"Never LADD; FlightAware blocked=true (AeroAPI, Sep 2026) with no known start date, so the whole recovered record is listed",2024-09-23,KDAY,James M. Cox Dayton International Airport,Dayton,US-OH,US,2024-09-23T04:30:56.300000+00:00,2024-09-23T04:31:50.910000+00:00,2024-09-23 00:30,airplanes-live
N582MM,2023-02-06,"Never LADD; FlightAware blocked=true (AeroAPI, Sep 2026) with no known start date, so the whole recovered record is listed",2024-09-23,KLAS,Harry Reid International Airport,Las Vegas,US-NV,US,2024-09-23T18:12:20.910000+00:00,2024-09-23T18:55:03.950000+00:00,2024-09-23 11:12,adsb-lol
N582MM,2023-02-06,"Never LADD; FlightAware blocked=true (AeroAPI, Sep 2026) with no known start date, so the whole recovered record is listed",2024-09-23,KPHX,Phoenix Sky Harbor International Airport,Phoenix,US-AZ,US,2024-09-23T18:15:10.930000+00:00,2024-09-23T19:43:23.250000+00:00,2024-09-23 11:15,adsb-lol;airplanes-live
N582MM,2023-02-06,"Never LADD; FlightAware blocked=true (AeroAPI, Sep 2026) with no known start date, so the whole recovered record is listed",2024-09-26,KSDL,Scottsdale Airport,Scottsdale,US-AZ,US,2024-09-26T19:55:58.420000+00:00,2024-09-26T23:37:08.190000+00:00,2024-09-26 12:55,adsb-lol;airplanes-live
N582MM,2023-02-06,"Never LADD; FlightAware blocked=true (AeroAPI, Sep 2026) with no known start date, so the whole recovered record is listed",2024-09-27,KSDL,Scottsdale Airport,Scottsdale,US-AZ,US,2024-09-27T04:10:27.910000+00:00,2024-09-27T05:49:59.030000+00:00,2024-09-26 21:10,adsb-lol;airplanes-live
N582MM,2023-02-06,"Never LADD; FlightAware blocked=true (AeroAPI, Sep 2026) with no known start date, so the whole recovered record is listed",2024-09-30,KSDL,Scottsdale Airport,Scottsdale,US-AZ,US,2024-09-30T02:14:49.680000+00:00,2024-09-30T03:27:26.450000+00:00,2024-09-29 19:14,adsb-lol;airplanes-live
N582MM,2023-02-06,"Never LADD; FlightAware blocked=true (AeroAPI, Sep 2026) with no known start date, so the whole recovered record is listed",2024-09-30,KMSO,Missoula Montana Airport,Missoula,US-MT,US,2024-09-30T05:32:08.330000+00:00,2024-09-30T05:32:08.330000+00:00,2024-09-29 23:32,airplanes-live
N582MM,2023-02-06,"Never LADD; FlightAware blocked=true (AeroAPI, Sep 2026) with no known start date, so the whole recovered record is listed",2024-09-30,KPHX,Phoenix Sky Harbor International Airport,Phoenix,US-AZ,US,2024-09-30T08:06:38.080000+00:00,2024-09-30T08:10:56.900000+00:00,2024-09-30 01:06,adsb-lol;airplanes-live
N582MM,2023-02-06,"Never LADD; FlightAware blocked=true (AeroAPI, Sep 2026) with no known start date, so the whole recovered record is listed",2024-09-30,KPHX,Phoenix Sky Harbor International Airport,Phoenix,US-AZ,US,2024-09-30T18:15:14.430000+00:00,2024-09-30T18:24:00.130000+00:00,2024-09-30 11:15,adsb-lol;airplanes-live
N582MM,2023-02-06,"Never LADD; FlightAware blocked=true (AeroAPI, Sep 2026) with no known start date, so the whole recovered record is listed",2024-09-30,KMSO,Missoula Montana Airport,Missoula,US-MT,US,2024-09-30T20:32:11.340000+00:00,2024-09-30T20:32:11.340000+00:00,2024-09-30 14:32,airplanes-live
N582MM,2023-02-06,"Never LADD; FlightAware blocked=true (AeroAPI, Sep 2026) with no known start date, so the whole recovered record is listed",2024-10-01,KSDL,Scottsdale Airport,Scottsdale,US-AZ,US,2024-10-01T00:48:58.330000+00:00,2024-10-01T00:50:27.510000+00:00,2024-09-30 17:48,adsb-lol;adsbexchange-samples;airplanes-live
N582MM,2023-02-06,"Never LADD; FlightAware blocked=true (AeroAPI, Sep 2026) with no known start date, so the whole recovered record is listed",2024-10-01,KSDL,Scottsdale Airport,Scottsdale,US-AZ,US,2024-10-01T14:17:02.670000+00:00,2024-10-01T14:59:02.630000+00:00,2024-10-01 07:17,adsb-lol;adsbexchange-samples;airplanes-live
N582MM,2023-02-06,"Never LADD; FlightAware blocked=true (AeroAPI, Sep 2026) with no known start date, so the whole recovered record is listed",2024-10-01,KCOE,Coeur D'Alene Airport - Pappy Boyington Field,Coeur d'Alene,US-ID,US,2024-10-01T17:16:15.090000+00:00,2024-10-01T18:24:48.970000+00:00,2024-10-01 11:16,adsb-lol;adsbexchange-samples;airplanes-live
N582MM,2023-02-06,"Never LADD; FlightAware blocked=true (AeroAPI, Sep 2026) with no known start date, so the whole recovered record is listed",2024-10-01,KSDL,Scottsdale Airport,Scottsdale,US-AZ,US,2024-10-01T20:31:16.680000+00:00,2024-10-01T21:10:40.620000+00:00,2024-10-01 13:31,adsb-lol;adsbexchange-samples;airplanes-live
N582MM,2023-02-06,"Never LADD; FlightAware blocked=true (AeroAPI, Sep 2026) with no known start date, so the whole recovered record is listed",2024-10-01,KADS,Addison Airport,Dallas,US-TX,US,2024-10-01T23:11:58.860000+00:00,2024-10-01T23:37:12.130000+00:00,2024-10-01 18:11,adsbexchange-samples
N582MM,2023-02-06,"Never LADD; FlightAware blocked=true (AeroAPI, Sep 2026) with no known start date, so the whole recovered record is listed",2024-10-02,KPHX,Phoenix Sky Harbor International Airport,Phoenix,US-AZ,US,2024-10-02T01:52:14.940000+00:00,2024-10-02T01:55:45.980000+00:00,2024-10-01 18:52,adsb-lol;airplanes-live
N582MM,2023-02-06,"Never LADD; FlightAware blocked=true (AeroAPI, Sep 2026) with no known start date, so the whole recovered record is listed",2024-10-03,KSDL,Scottsdale Airport,Scottsdale,US-AZ,US,2024-10-03T16:58:36.770000+00:00,2024-10-03T18:59:34.950000+00:00,2024-10-03 09:58,airplanes-live
N582MM,2023-02-06,"Never LADD; FlightAware blocked=true (AeroAPI, Sep 2026) with no known start date, so the whole recovered record is listed",2024-10-04,KSDL,Scottsdale Airport,Scottsdale,US-AZ,US,2024-10-04T03:21:08.150000+00:00,2024-10-04T03:22:40.170000+00:00,2024-10-03 20:21,airplanes-live
N582MM,2023-02-06,"Never LADD; FlightAware blocked=true (AeroAPI, Sep 2026) with no known start date, so the whole recovered record is listed",2024-10-04,KSDL,Scottsdale Airport,Scottsdale,US-AZ,US,2024-10-04T15:14:47.300000+00:00,2024-10-04T15:29:36.170000+00:00,2024-10-04 08:14,airplanes-live
N582MM,2023-02-06,"Never LADD; FlightAware blocked=true (AeroAPI, Sep 2026) with no known start date, so the whole recovered record is listed",2024-10-04,KSDL,Scottsdale Airport,Scottsdale,US-AZ,US,2024-10-04T20:58:02.200000+00:00,2024-10-04T21:47:46.640000+00:00,2024-10-04 13:58,airplanes-live
N582MM,2023-02-06,"Never LADD; FlightAware blocked=true (AeroAPI, Sep 2026) with no known start date, so the whole recovered record is listed",2024-10-05,KCOE,Coeur D'Alene Airport - Pappy Boyington Field,Coeur d'Alene,US-ID,US,2024-10-05T00:10:42.990000+00:00,2024-10-05T00:42:04.040000+00:00,2024-10-04 18:10,airplanes-live
N582MM,2023-02-06,"Never LADD; FlightAware blocked=true (AeroAPI, Sep 2026) with no known start date, so the whole recovered record is listed",2024-10-05,KPHX,Phoenix Sky Harbor International Airport,Phoenix,US-AZ,US,2024-10-05T02:50:49.760000+00:00,2024-10-05T02:51:41.040000+00:00,2024-10-04 19:50,airplanes-live
N582MM,2023-02-06,"Never LADD; FlightAware blocked=true (AeroAPI, Sep 2026) with no known start date, so the whole recovered record is listed",2024-10-06,KPHX,Phoenix Sky Harbor International Airport,Phoenix,US-AZ,US,2024-10-06T08:23:31.190000+00:00,2024-10-06T08:27:55.190000+00:00,2024-10-06 01:23,airplanes-live
N582MM,2023-02-06,"Never LADD; FlightAware blocked=true (AeroAPI, Sep 2026) with no known start date, so the whole recovered record is listed",2024-10-07,KPDX,Portland International Airport,Portland,US-OR,US,2024-10-07T17:55:27.450000+00:00,2024-10-07T17:57:57.260000+00:00,2024-10-07 10:55,airplanes-live
N582MM,2023-02-06,"Never LADD; FlightAware blocked=true (AeroAPI, Sep 2026) with no known start date, so the whole recovered record is listed",2024-10-07,KSDL,Scottsdale Airport,Scottsdale,US-AZ,US,2024-10-07T20:04:19.550000+00:00,2024-10-07T20:05:43.680000+00:00,2024-10-07 13:04,airplanes-live
N582MM,2023-02-06,"Never LADD; FlightAware blocked=true (AeroAPI, Sep 2026) with no known start date, so the whole recovered record is listed",2024-10-08,KSDL,Scottsdale Airport,Scottsdale,US-AZ,US,2024-10-08T02:35:40.540000+00:00,2024-10-08T03:24:57.980000+00:00,2024-10-07 19:35,airplanes-live
N582MM,2023-02-06,"Never LADD; FlightAware blocked=true (AeroAPI, Sep 2026) with no known start date, so the whole recovered record is listed",2024-10-08,KSDL,Scottsdale Airport,Scottsdale,US-AZ,US,2024-10-08T23:04:27.870000+00:00,2024-10-09T01:31:08.270000+00:00,2024-10-08 16:04,adsb-lol;airplanes-live
N582MM,2023-02-06,"Never LADD; FlightAware blocked=true (AeroAPI, Sep 2026) with no known start date, so the whole recovered record is listed",2024-10-09,KSDL,Scottsdale Airport,Scottsdale,US-AZ,US,2024-10-09T12:40:33.180000+00:00,2024-10-09T13:17:41.270000+00:00,2024-10-09 05:40,adsb-lol;airplanes-live
N582MM,2023-02-06,"Never LADD; FlightAware blocked=true (AeroAPI, Sep 2026) with no known start date, so the whole recovered record is listed",2024-10-09,KBJC,Rocky Mountain Metropolitan Airport,Denver,US-CO,US,2024-10-09T14:35:17.430000+00:00,2024-10-09T16:15:38.480000+00:00,2024-10-09 08:35,adsb-lol;airplanes-live
N582MM,2023-02-06,"Never LADD; FlightAware blocked=true (AeroAPI, Sep 2026) with no known start date, so the whole recovered record is listed",2024-10-09,KLNS,Lancaster Airport,Lancaster,US-PA,US,2024-10-09T19:16:44.040000+00:00,2024-10-09T19:18:16.720000+00:00,2024-10-09 15:16,adsb-lol;airplanes-live
N582MM,2023-02-06,"Never LADD; FlightAware blocked=true (AeroAPI, Sep 2026) with no known start date, so the whole recovered record is listed",2024-10-09,KLNS,Lancaster Airport,Lancaster,US-PA,US,2024-10-09T23:01:33.910000+00:00,2024-10-09T23:21:16.180000+00:00,2024-10-09 19:01,adsb-lol;airplanes-live
N582MM,2023-02-06,"Never LADD; FlightAware blocked=true (AeroAPI, Sep 2026) with no known start date, so the whole recovered record is listed",2024-10-10,KCOE,Coeur D'Alene Airport - Pappy Boyington Field,Coeur d'Alene,US-ID,US,2024-10-10T04:04:54.920000+00:00,2024-10-10T04:07:13.690000+00:00,2024-10-09 22:04,adsb-lol;airplanes-live
N582MM,2023-02-06,"Never LADD; FlightAware blocked=true (AeroAPI, Sep 2026) with no known start date, so the whole recovered record is listed",2024-10-10,KCOE,Coeur D'Alene Airport - Pappy Boyington Field,Coeur d'Alene,US-ID,US,2024-10-10T19:13:28.230000+00:00,2024-10-10T19:14:00.780000+00:00,2024-10-10 13:13,airplanes-live
N582MM,2023-02-06,"Never LADD; FlightAware blocked=true (AeroAPI, Sep 2026) with no known start date, so the whole recovered record is listed",2024-10-10,KSDL,Scottsdale Airport,Scottsdale,US-AZ,US,2024-10-10T21:23:58.660000+00:00,2024-10-10T22:47:15.910000+00:00,2024-10-10 14:23,adsb-lol;airplanes-live
N582MM,2023-02-06,"Never LADD; FlightAware blocked=true (AeroAPI, Sep 2026) with no known start date, so the whole recovered record is listed",2024-10-11,KSDL,Scottsdale Airport,Scottsdale,US-AZ,US,2024-10-11T11:54:56.220000+00:00,2024-10-11T12:51:29.900000+00:00,2024-10-11 04:54,adsb-lol;airplanes-live
N582MM,2023-02-06,"Never LADD; FlightAware blocked=true (AeroAPI, Sep 2026) with no known start date, so the whole recovered record is listed",2024-10-11,KPDX,Portland International Airport,Portland,US-OR,US,2024-10-11T22:20:09.140000+00:00,2024-10-11T22:21:56.970000+00:00,2024-10-11 15:20,adsb-lol;airplanes-live
N582MM,2023-02-06,"Never LADD; FlightAware blocked=true (AeroAPI, Sep 2026) with no known start date, so the whole recovered record is listed",2024-10-12,KEUG,Eugene Airport,Eugene,US-OR,US,2024-10-12T14:51:42.480000+00:00,2024-10-12T14:53:11.470000+00:00,2024-10-12 07:51,adsb-lol;airplanes-live
N582MM,2023-02-06,"Never LADD; FlightAware blocked=true (AeroAPI, Sep 2026) with no known start date, so the whole recovered record is listed",2024-10-13,KEUG,Eugene Airport,Eugene,US-OR,US,2024-10-13T02:48:36.690000+00:00,2024-10-13T04:33:27.440000+00:00,2024-10-12 19:48,adsb-lol;airplanes-live
N582MM,2023-02-06,"Never LADD; FlightAware blocked=true (AeroAPI, Sep 2026) with no known start date, so the whole recovered record is listed",2024-10-13,KSDL,Scottsdale Airport,Scottsdale,US-AZ,US,2024-10-13T06:30:17.200000+00:00,2024-10-13T07:09:19.020000+00:00,2024-10-12 23:30,adsb-lol;airplanes-live
N582MM,2023-02-06,"Never LADD; FlightAware blocked=true (AeroAPI, Sep 2026) with no known start date, so the whole recovered record is listed",2024-10-15,KSDL,Scottsdale Airport,Scottsdale,US-AZ,US,2024-10-15T17:01:12.200000+00:00,2024-10-15T19:00:26.700000+00:00,2024-10-15 10:01,adsb-lol;airplanes-live
N582MM,2023-02-06,"Never LADD; FlightAware blocked=true (AeroAPI, Sep 2026) with no known start date, so the whole recovered record is listed",2024-10-15,KSDL,Scottsdale Airport,Scottsdale,US-AZ,US,2024-10-15T22:47:41.780000+00:00,2024-10-15T22:49:44.610000+00:00,2024-10-15 15:47,adsb-lol;airplanes-live
N582MM,2023-02-06,"Never LADD; FlightAware blocked=true (AeroAPI, Sep 2026) with no known start date, so the whole recovered record is listed",2024-10-16,KSDL,Scottsdale Airport,Scottsdale,US-AZ,US,2024-10-16T16:41:49.750000+00:00,2024-10-16T17:31:12.850000+00:00,2024-10-16 09:41,adsb-lol;airplanes-live
N582MM,2023-02-06,"Never LADD; FlightAware blocked=true (AeroAPI, Sep 2026) with no known start date, so the whole recovered record is listed",2024-10-17,KPHX,Phoenix Sky Harbor International Airport,Phoenix,US-AZ,US,2024-10-17T03:40:42.600000+00:00,2024-10-17T03:41:56.290000+00:00,2024-10-16 20:40,adsb-lol;airplanes-live
N582MM,2023-02-06,"Never LADD; FlightAware blocked=true (AeroAPI, Sep 2026) with no known start date, so the whole recovered record is listed",2024-10-18,KSDL,Scottsdale Airport,Scottsdale,US-AZ,US,2024-10-18T18:42:07.930000+00:00,2024-10-18T20:59:07.600000+00:00,2024-10-18 11:42,adsb-lol;airplanes-live
N582MM,2023-02-06,"Never LADD; FlightAware blocked=true (AeroAPI, Sep 2026) with no known start date, so the whole recovered record is listed",2024-10-18,KCOS,City of Colorado Springs Municipal Airport,Colorado Springs,US-CO,US,2024-10-18T22:14:19.220000+00:00,2024-10-18T22:17:11.930000+00:00,2024-10-18 16:14,adsb-lol;airplanes-live
N582MM,2023-02-06,"Never LADD; FlightAware blocked=true (AeroAPI, Sep 2026) with no known start date, so the whole recovered record is listed",2024-10-19,KCOS,City of Colorado Springs Municipal Airport,Colorado Springs,US-CO,US,2024-10-19T04:18:31.630000+00:00,2024-10-19T04:22:46.280000+00:00,2024-10-18 22:18,adsb-lol;airplanes-live
N582MM,2023-02-06,"Never LADD; FlightAware blocked=true (AeroAPI, Sep 2026) with no known start date, so the whole recovered record is listed",2024-10-19,KSDL,Scottsdale Airport,Scottsdale,US-AZ,US,2024-10-19T05:44:28.160000+00:00,2024-10-19T05:46:54.810000+00:00,2024-10-18 22:44,adsb-lol;airplanes-live
N582MM,2023-02-06,"Never LADD; FlightAware blocked=true (AeroAPI, Sep 2026) with no known start date, so the whole recovered record is listed",2024-10-20,KSDL,Scottsdale Airport,Scottsdale,US-AZ,US,2024-10-20T22:04:32.810000+00:00,2024-10-20T23:09:37.950000+00:00,2024-10-20 15:04,adsb-lol;airplanes-live
N582MM,2023-02-06,"Never LADD; FlightAware blocked=true (AeroAPI, Sep 2026) with no known start date, so the whole recovered record is listed",2024-10-21,KATL,Hartsfield Jackson Atlanta International Airport,Atlanta,US-GA,US,2024-10-21T02:11:54.850000+00:00,2024-10-21T02:14:31.390000+00:00,2024-10-20 22:11,adsb-lol;airplanes-live
N582MM,2023-02-06,"Never LADD; FlightAware blocked=true (AeroAPI, Sep 2026) with no known start date, so the whole recovered record is listed",2024-10-21,KATL,Hartsfield Jackson Atlanta International Airport,Atlanta,US-GA,US,2024-10-21T18:41:10.270000+00:00,2024-10-21T19:31:35.170000+00:00,2024-10-21 14:41,adsb-lol;airplanes-live
N582MM,2023-02-06,"Never LADD; FlightAware blocked=true (AeroAPI, Sep 2026) with no known start date, so the whole recovered record is listed",2024-10-21,KRDU,Raleigh-Durham International Airport,Raleigh/Durham,US-NC,US,2024-10-21T20:29:17.520000+00:00,2024-10-21T20:29:18.400000+00:00,2024-10-21 16:29,adsb-lol;airplanes-live
N582MM,2023-02-06,"Never LADD; FlightAware blocked=true (AeroAPI, Sep 2026) with no known start date, so the whole recovered record is listed",2024-10-22,KRDU,Raleigh-Durham International Airport,Raleigh/Durham,US-NC,US,2024-10-22T00:55:37.260000+00:00,2024-10-22T00:55:46.880000+00:00,2024-10-21 20:55,adsb-lol;airplanes-live
N582MM,2023-02-06,"Never LADD; FlightAware blocked=true (AeroAPI, Sep 2026) with no known start date, so the whole recovered record is listed",2024-10-23,KLZU,Gwinnett County Briscoe Field,Lawrenceville,US-GA,US,2024-10-23T03:54:28.460000+00:00,2024-10-23T03:57:26.390000+00:00,2024-10-22 23:54,adsb-lol;airplanes-live
N582MM,2023-02-06,"Never LADD; FlightAware blocked=true (AeroAPI, Sep 2026) with no known start date, so the whole recovered record is listed",2024-10-24,KLZU,Gwinnett County Briscoe Field,Lawrenceville,US-GA,US,2024-10-24T02:11:47.650000+00:00,2024-10-24T02:12:50.520000+00:00,2024-10-23 22:11,adsb-lol;airplanes-live
N582MM,2023-02-06,"Never LADD; FlightAware blocked=true (AeroAPI, Sep 2026) with no known start date, so the whole recovered record is listed",2024-10-24,KLAS,Harry Reid International Airport,Las Vegas,US-NV,US,2024-10-24T06:16:09.960000+00:00,2024-10-24T06:20:44.570000+00:00,2024-10-23 23:16,adsb-lol;airplanes-live
N582MM,2023-02-06,"Never LADD; FlightAware blocked=true (AeroAPI, Sep 2026) with no known start date, so the whole recovered record is listed",2024-10-25,KSDL,Scottsdale Airport,Scottsdale,US-AZ,US,2024-10-25T05:24:53.310000+00:00,2024-10-25T05:26:28.810000+00:00,2024-10-24 22:24,adsb-lol;airplanes-live
N582MM,2023-02-06,"Never LADD; FlightAware blocked=true (AeroAPI, Sep 2026) with no known start date, so the whole recovered record is listed",2024-10-26,KSDL,Scottsdale Airport,Scottsdale,US-AZ,US,2024-10-26T15:33:03.630000+00:00,2024-10-26T17:06:15.210000+00:00,2024-10-26 08:33,adsb-lol;airplanes-live
N582MM,2023-02-06,"Never LADD; FlightAware blocked=true (AeroAPI, Sep 2026) with no known start date, so the whole recovered record is listed",2024-10-26,KMSN,Dane County Regional Truax Field,Madison,US-WI,US,2024-10-26T19:56:30.600000+00:00,2024-10-26T19:58:03.690000+00:00,2024-10-26 14:56,airplanes-live
N582MM,2023-02-06,"Never LADD; FlightAware blocked=true (AeroAPI, Sep 2026) with no known start date, so the whole recovered record is listed",2024-10-27,KMSN,Dane County Regional Truax Field,Madison,US-WI,US,2024-10-27T01:22:09.270000+00:00,2024-10-27T01:22:54.270000+00:00,2024-10-26 20:22,adsb-lol;airplanes-live
N582MM,2023-02-06,"Never LADD; FlightAware blocked=true (AeroAPI, Sep 2026) with no known start date, so the whole recovered record is listed",2024-10-27,KSDL,Scottsdale Airport,Scottsdale,US-AZ,US,2024-10-27T04:33:56.470000+00:00,2024-10-27T04:57:35.290000+00:00,2024-10-26 21:33,adsb-lol;airplanes-live
N582MM,2023-02-06,"Never LADD; FlightAware blocked=true (AeroAPI, Sep 2026) with no known start date, so the whole recovered record is listed",2024-10-27,KFLL,Fort Lauderdale Hollywood International Airport,Fort Lauderdale,US-FL,US,2024-10-27T20:09:59.440000+00:00,2024-10-27T20:54:17.300000+00:00,2024-10-27 16:09,adsb-lol;airplanes-live
N582MM,2023-02-06,"Never LADD; FlightAware blocked=true (AeroAPI, Sep 2026) with no known start date, so the whole recovered record is listed",2024-10-28,KPHX,Phoenix Sky Harbor International Airport,Phoenix,US-AZ,US,2024-10-28T01:34:46.610000+00:00,2024-10-28T01:36:05.190000+00:00,2024-10-27 18:34,adsb-lol;airplanes-live
N582MM,2023-02-06,"Never LADD; FlightAware blocked=true (AeroAPI, Sep 2026) with no known start date, so the whole recovered record is listed",2024-10-29,KSDL,Scottsdale Airport,Scottsdale,US-AZ,US,2024-10-29T21:11:32.660000+00:00,2024-10-29T23:59:41.030000+00:00,2024-10-29 14:11,adsb-lol
N582MM,2023-02-06,"Never LADD; FlightAware blocked=true (AeroAPI, Sep 2026) with no known start date, so the whole recovered record is listed",2024-10-29,KPHX,Phoenix Sky Harbor International Airport,Phoenix,US-AZ,US,2024-10-29T21:11:32.660000+00:00,2024-10-29T23:59:19.620000+00:00,2024-10-29 14:11,airplanes-live
N582MM,2023-02-06,"Never LADD; FlightAware blocked=true (AeroAPI, Sep 2026) with no known start date, so the whole recovered record is listed",2024-10-30,KSDL,Scottsdale Airport,Scottsdale,US-AZ,US,2024-10-30T00:00:00.180000+00:00,2024-10-30T00:17:35.210000+00:00,2024-10-29 17:00,adsb-lol;airplanes-live
N582MM,2023-02-06,"Never LADD; FlightAware blocked=true (AeroAPI, Sep 2026) with no known start date, so the whole recovered record is listed",2024-10-31,KSDL,Scottsdale Airport,Scottsdale,US-AZ,US,2024-10-31T23:32:52.760000+00:00,2024-10-31T23:37:09.130000+00:00,2024-10-31 16:32,adsb-lol;airplanes-live
N582MM,2023-02-06,"Never LADD; FlightAware blocked=true (AeroAPI, Sep 2026) with no known start date, so the whole recovered record is listed",2024-11-01,KSDL,Scottsdale Airport,Scottsdale,US-AZ,US,2024-11-01T14:08:03.220000+00:00,2024-11-01T15:09:08.010000+00:00,2024-11-01 07:08,adsb-lol;adsbexchange-samples;airplanes-live
N582MM,2023-02-06,"Never LADD; FlightAware blocked=true (AeroAPI, Sep 2026) with no known start date, so the whole recovered record is listed",2024-11-01,KFNL,Northern Colorado Regional Airport,Loveland,US-CO,US,2024-11-01T16:34:57.480000+00:00,2024-11-01T17:42:21.320000+00:00,2024-11-01 10:34,adsb-lol;adsbexchange-samples;airplanes-live
N582MM,2023-02-06,"Never LADD; FlightAware blocked=true (AeroAPI, Sep 2026) with no known start date, so the whole recovered record is listed",2024-11-01,KSDL,Scottsdale Airport,Scottsdale,US-AZ,US,2024-11-01T19:13:34.080000+00:00,2024-11-01T19:15:46.260000+00:00,2024-11-01 12:13,adsb-lol;adsbexchange-samples;airplanes-live
N582MM,2023-02-06,"Never LADD; FlightAware blocked=true (AeroAPI, Sep 2026) with no known start date, so the whole recovered record is listed",2024-11-02,KSDL,Scottsdale Airport,Scottsdale,US-AZ,US,2024-11-02T20:52:28.310000+00:00,2024-11-02T21:56:28.100000+00:00,2024-11-02 13:52,adsb-lol;airplanes-live
N582MM,2023-02-06,"Never LADD; FlightAware blocked=true (AeroAPI, Sep 2026) with no known start date, so the whole recovered record is listed",2024-11-02,KIWA,Mesa Gateway Airport,Mesa,US-AZ,US,2024-11-02T23:35:00.970000+00:00,2024-11-02T23:39:25.080000+00:00,2024-11-02 16:35,airplanes-live
N582MM,2023-02-06,"Never LADD; FlightAware blocked=true (AeroAPI, Sep 2026) with no known start date, so the whole recovered record is listed",2024-11-03,KSDL,Scottsdale Airport,Scottsdale,US-AZ,US,2024-11-03T04:56:14.450000+00:00,2024-11-03T04:58:30.680000+00:00,2024-11-02 21:56,airplanes-live
N582MM,2023-02-06,"Never LADD; FlightAware blocked=true (AeroAPI, Sep 2026) with no known start date, so the whole recovered record is listed",2024-11-03,KSDL,Scottsdale Airport,Scottsdale,US-AZ,US,2024-11-03T14:59:58.750000+00:00,2024-11-03T16:05:52.060000+00:00,2024-11-03 07:59,airplanes-live
N582MM,2023-02-06,"Never LADD; FlightAware blocked=true (AeroAPI, Sep 2026) with no known start date, so the whole recovered record is listed",2024-11-03,KLAS,Harry Reid International Airport,Las Vegas,US-NV,US,2024-11-03T16:56:24.940000+00:00,2024-11-03T18:08:13.120000+00:00,2024-11-03 08:56,airplanes-live
N582MM,2023-02-06,"Never LADD; FlightAware blocked=true (AeroAPI, Sep 2026) with no known start date, so the whole recovered record is listed",2024-11-04,KPHX,Phoenix Sky Harbor International Airport,Phoenix,US-AZ,US,2024-11-04T00:21:24.560000+00:00,2024-11-04T00:22:31.500000+00:00,2024-11-03 17:21,airplanes-live
N582MM,2023-02-06,"Never LADD; FlightAware blocked=true (AeroAPI, Sep 2026) with no known start date, so the whole recovered record is listed",2024-11-07,KPHX,Phoenix Sky Harbor International Airport,Phoenix,US-AZ,US,2024-11-07T11:51:50.780000+00:00,2024-11-07T12:54:33.450000+00:00,2024-11-07 04:51,airplanes-live
N582MM,2023-02-06,"Never LADD; FlightAware blocked=true (AeroAPI, Sep 2026) with no known start date, so the whole recovered record is listed",2024-11-07,KCOE,Coeur D'Alene Airport - Pappy Boyington Field,Coeur d'Alene,US-ID,US,2024-11-07T15:17:39.950000+00:00,2024-11-07T15:19:01.880000+00:00,2024-11-07 08:17,airplanes-live
N582MM,2023-02-06,"Never LADD; FlightAware blocked=true (AeroAPI, Sep 2026) with no known start date, so the whole recovered record is listed",2024-11-07,KPHX,Phoenix Sky Harbor International Airport,Phoenix,US-AZ,US,2024-11-07T22:54:15.570000+00:00,2024-11-07T22:55:11.710000+00:00,2024-11-07 15:54,airplanes-live
N582MM,2023-02-06,"Never LADD; FlightAware blocked=true (AeroAPI, Sep 2026) with no known start date, so the whole recovered record is listed",2024-11-08,KPHX,Phoenix Sky Harbor International Airport,Phoenix,US-AZ,US,2024-11-08T13:55:00.340000+00:00,2024-11-08T14:33:00.970000+00:00,2024-11-08 06:55,airplanes-live
N582MM,2023-02-06,"Never LADD; FlightAware blocked=true (AeroAPI, Sep 2026) with no known start date, so the whole recovered record is listed",2024-11-08,KEGE,Eagle County Regional Airport,Eagle,US-CO,US,2024-11-08T15:57:35.460000+00:00,2024-11-08T15:57:35.460000+00:00,2024-11-08 08:57,airplanes-live
N582MM,2023-02-06,"Never LADD; FlightAware blocked=true (AeroAPI, Sep 2026) with no known start date, so the whole recovered record is listed",2024-11-08,KAUS,Austin Bergstrom International Airport,Austin,US-TX,US,2024-11-08T18:50:18.950000+00:00,2024-11-08T19:31:11.050000+00:00,2024-11-08 12:50,airplanes-live
N582MM,2023-02-06,"Never LADD; FlightAware blocked=true (AeroAPI, Sep 2026) with no known start date, so the whole recovered record is listed",2024-11-08,KTKI,McKinney National Airport,Dallas,US-TX,US,2024-11-08T20:21:31.100000+00:00,2024-11-08T20:51:51.210000+00:00,2024-11-08 14:21,airplanes-live
N582MM,2023-02-06,"Never LADD; FlightAware blocked=true (AeroAPI, Sep 2026) with no known start date, so the whole recovered record is listed",2024-11-08,KCOU,Columbia Regional Airport,Columbia,US-MO,US,2024-11-08T21:55:04.970000+00:00,2024-11-08T23:00:32.150000+00:00,2024-11-08 15:55,airplanes-live
N582MM,2023-02-06,"Never LADD; FlightAware blocked=true (AeroAPI, Sep 2026) with no known start date, so the whole recovered record is listed",2024-11-10,KPWK,Chicago Executive Airport,Chicago/Prospect Heights/Wheeling,US-IL,US,2024-11-10T05:44:26.710000+00:00,2024-11-10T05:45:06.600000+00:00,2024-11-09 23:44,airplanes-live
N582MM,2023-02-06,"Never LADD; FlightAware blocked=true (AeroAPI, Sep 2026) with no known start date, so the whole recovered record is listed",2024-11-10,KAUS,Austin Bergstrom International Airport,Austin,US-TX,US,2024-11-10T20:17:54.940000+00:00,2024-11-10T21:07:37.170000+00:00,2024-11-10 14:17,adsb-lol;airplanes-live
N582MM,2023-02-06,"Never LADD; FlightAware blocked=true (AeroAPI, Sep 2026) with no known start date, so the whole recovered record is listed",2024-11-11,KLAS,Harry Reid International Airport,Las Vegas,US-NV,US,2024-11-11T03:25:11.920000+00:00,2024-11-11T03:26:42.020000+00:00,2024-11-10 19:25,adsb-lol;airplanes-live
N582MM,2023-02-06,"Never LADD; FlightAware blocked=true (AeroAPI, Sep 2026) with no known start date, so the whole recovered record is listed",2024-11-11,KPHX,Phoenix Sky Harbor International Airport,Phoenix,US-AZ,US,2024-11-11T04:15:44.660000+00:00,2024-11-11T04:23:10.580000+00:00,2024-11-10 21:15,adsb-lol;airplanes-live
N582MM,2023-02-06,"Never LADD; FlightAware blocked=true (AeroAPI, Sep 2026) with no known start date, so the whole recovered record is listed",2024-11-13,KPHX,Phoenix Sky Harbor International Airport,Phoenix,US-AZ,US,2024-11-13T14:41:54.090000+00:00,2024-11-13T15:08:21.990000+00:00,2024-11-13 07:41,adsb-lol;airplanes-live
N582MM,2023-02-06,"Never LADD; FlightAware blocked=true (AeroAPI, Sep 2026) with no known start date, so the whole recovered record is listed",2024-11-13,KSDL,Scottsdale Airport,Scottsdale,US-AZ,US,2024-11-13T22:47:42.820000+00:00,2024-11-13T22:49:39.780000+00:00,2024-11-13 15:47,adsb-lol;airplanes-live
N582MM,2023-02-06,"Never LADD; FlightAware blocked=true (AeroAPI, Sep 2026) with no known start date, so the whole recovered record is listed",2024-11-14,KSDL,Scottsdale Airport,Scottsdale,US-AZ,US,2024-11-14T15:58:21.900000+00:00,2024-11-14T17:03:01.570000+00:00,2024-11-14 08:58,adsb-lol;airplanes-live
N582MM,2023-02-06,"Never LADD; FlightAware blocked=true (AeroAPI, Sep 2026) with no known start date, so the whole recovered record is listed",2024-11-15,KSDL,Scottsdale Airport,Scottsdale,US-AZ,US,2024-11-15T00:48:35.420000+00:00,2024-11-15T00:50:37.040000+00:00,2024-11-14 17:48,adsb-lol;airplanes-live
N582MM,2023-02-06,"Never LADD; FlightAware blocked=true (AeroAPI, Sep 2026) with no known start date, so the whole recovered record is listed",2024-11-15,KSDL,Scottsdale Airport,Scottsdale,US-AZ,US,2024-11-15T15:57:32.220000+00:00,2024-11-15T16:23:38.020000+00:00,2024-11-15 08:57,adsb-lol;airplanes-live
N582MM,2023-02-06,"Never LADD; FlightAware blocked=true (AeroAPI, Sep 2026) with no known start date, so the whole recovered record is listed",2024-11-15,KSBA,Santa Barbara Municipal Airport,Santa Barbara,US-CA,US,2024-11-15T17:46:38.480000+00:00,2024-11-15T19:16:03.880000+00:00,2024-11-15 09:46,airplanes-live
N582MM,2023-02-06,"Never LADD; FlightAware blocked=true (AeroAPI, Sep 2026) with no known start date, so the whole recovered record is listed",2024-11-16,KPDK,DeKalb Peachtree Airport,Atlanta,US-GA,US,2024-11-16T01:53:02.220000+00:00,2024-11-16T01:53:27.010000+00:00,2024-11-15 20:53,adsb-lol;airplanes-live
N582MM,2023-02-06,"Never LADD; FlightAware blocked=true (AeroAPI, Sep 2026) with no known start date, so the whole recovered record is listed",2024-11-16,KGKY,Arlington Municipal Airport,Arlington,US-TX,US,2024-11-16T03:39:56.020000+00:00,2024-11-16T03:40:03.830000+00:00,2024-11-15 21:39,adsb-lol;airplanes-live
N582MM,2023-02-06,"Never LADD; FlightAware blocked=true (AeroAPI, Sep 2026) with no known start date, so the whole recovered record is listed",2024-11-17,KTWF,Joslin Field Magic Valley Regional Airport,Twin Falls,US-ID,US,2024-11-17T23:14:32.230000+00:00,2024-11-17T23:49:21.950000+00:00,2024-11-17 16:14,adsb-lol;airplanes-live
N582MM,2023-02-06,"Never LADD; FlightAware blocked=true (AeroAPI, Sep 2026) with no known start date, so the whole recovered record is listed",2024-11-18,KLAS,Harry Reid International Airport,Las Vegas,US-NV,US,2024-11-18T00:56:13.380000+00:00,2024-11-18T01:02:01.730000+00:00,2024-11-17 16:56,adsb-lol;airplanes-live
N582MM,2023-02-06,"Never LADD; FlightAware blocked=true (AeroAPI, Sep 2026) with no known start date, so the whole recovered record is listed",2024-11-18,KLAS,Harry Reid International Airport,Las Vegas,US-NV,US,2024-11-18T16:05:13.920000+00:00,2024-11-18T16:13:27.410000+00:00,2024-11-18 08:05,adsb-lol;airplanes-live
N582MM,2023-02-06,"Never LADD; FlightAware blocked=true (AeroAPI, Sep 2026) with no known start date, so the whole recovered record is listed",2024-11-18,KSAN,San Diego International Airport,San Diego,US-CA,US,2024-11-18T16:59:22.830000+00:00,2024-11-18T18:19:25.490000+00:00,2024-11-18 08:59,adsb-lol;airplanes-live
N582MM,2023-02-06,"Never LADD; FlightAware blocked=true (AeroAPI, Sep 2026) with no known start date, so the whole recovered record is listed",2024-11-18,KSDL,Scottsdale Airport,Scottsdale,US-AZ,US,2024-11-18T19:11:06.410000+00:00,2024-11-18T21:54:40.540000+00:00,2024-11-18 12:11,adsb-lol;airplanes-live
N582MM,2023-02-06,"Never LADD; FlightAware blocked=true (AeroAPI, Sep 2026) with no known start date, so the whole recovered record is listed",2024-11-22,KLAL,Lakeland Linder International Airport,Lakeland,US-FL,US,2024-11-22T00:58:56.620000+00:00,2024-11-22T01:46:32.870000+00:00,2024-11-21 19:58,airplanes-live
N582MM,2023-02-06,"Never LADD; FlightAware blocked=true (AeroAPI, Sep 2026) with no known start date, so the whole recovered record is listed",2024-11-22,KPHL,Philadelphia International Airport,Philadelphia,US-PA,US,2024-11-22T03:45:43.690000+00:00,2024-11-22T03:50:46.850000+00:00,2024-11-21 22:45,airplanes-live
N582MM,2023-02-06,"Never LADD; FlightAware blocked=true (AeroAPI, Sep 2026) with no known start date, so the whole recovered record is listed",2024-11-22,KPHL,Philadelphia International Airport,Philadelphia,US-PA,US,2024-11-22T14:53:57.970000+00:00,2024-11-22T14:56:10.890000+00:00,2024-11-22 09:53,airplanes-live
N582MM,2023-02-06,"Never LADD; FlightAware blocked=true (AeroAPI, Sep 2026) with no known start date, so the whole recovered record is listed",2024-11-22,KSDL,Scottsdale Airport,Scottsdale,US-AZ,US,2024-11-22T19:33:14.090000+00:00,2024-11-23T00:45:03.930000+00:00,2024-11-22 12:33,airplanes-live
N582MM,2023-02-06,"Never LADD; FlightAware blocked=true (AeroAPI, Sep 2026) with no known start date, so the whole recovered record is listed",2024-11-23,KBUR,Hollywood Burbank/Bob Hope Airport,Burbank,US-CA,US,2024-11-23T01:52:06.740000+00:00,2024-11-23T01:54:10.430000+00:00,2024-11-22 17:52,airplanes-live
N582MM,2023-02-06,"Never LADD; FlightAware blocked=true (AeroAPI, Sep 2026) with no known start date, so the whole recovered record is listed",2024-11-23,KBUR,Hollywood Burbank/Bob Hope Airport,Burbank,US-CA,US,2024-11-23T10:56:54.890000+00:00,2024-11-23T11:00:21.920000+00:00,2024-11-23 02:56,airplanes-live
N582MM,2023-02-06,"Never LADD; FlightAware blocked=true (AeroAPI, Sep 2026) with no known start date, so the whole recovered record is listed",2024-11-23,KHND,Henderson Executive Airport,Las Vegas,US-NV,US,2024-11-23T13:00:11.170000+00:00,2024-11-23T13:02:14.810000+00:00,2024-11-23 05:00,airplanes-live
N582MM,2023-02-06,"Never LADD; FlightAware blocked=true (AeroAPI, Sep 2026) with no known start date, so the whole recovered record is listed",2024-11-23,KSAN,San Diego International Airport,San Diego,US-CA,US,2024-11-23T13:55:37.030000+00:00,2024-11-23T18:09:08.120000+00:00,2024-11-23 05:55,airplanes-live
N582MM,2023-02-06,"Never LADD; FlightAware blocked=true (AeroAPI, Sep 2026) with no known start date, so the whole recovered record is listed",2024-11-23,KSLC,Salt Lake City International Airport,Salt Lake City,US-UT,US,2024-11-23T19:36:42.760000+00:00,2024-11-23T19:39:12.840000+00:00,2024-11-23 12:36,airplanes-live
N582MM,2023-02-06,"Never LADD; FlightAware blocked=true (AeroAPI, Sep 2026) with no known start date, so the whole recovered record is listed",2024-11-23,KPHX,Phoenix Sky Harbor International Airport,Phoenix,US-AZ,US,2024-11-23T21:44:19.480000+00:00,2024-11-23T21:47:11.520000+00:00,2024-11-23 14:44,airplanes-live
N582MM,2023-02-06,"Never LADD; FlightAware blocked=true (AeroAPI, Sep 2026) with no known start date, so the whole recovered record is listed",2024-11-24,KPHX,Phoenix Sky Harbor International Airport,Phoenix,US-AZ,US,2024-11-24T09:18:13.790000+00:00,2024-11-24T09:21:28.850000+00:00,2024-11-24 02:18,airplanes-live
N582MM,2023-02-06,"Never LADD; FlightAware blocked=true (AeroAPI, Sep 2026) with no known start date, so the whole recovered record is listed",2024-11-24,KHND,Henderson Executive Airport,Las Vegas,US-NV,US,2024-11-24T10:09:13.680000+00:00,2024-11-24T11:50:45.390000+00:00,2024-11-24 02:09,airplanes-live
N582MM,2023-02-06,"Never LADD; FlightAware blocked=true (AeroAPI, Sep 2026) with no known start date, so the whole recovered record is listed",2024-11-24,KAPA,Centennial Airport,Denver,US-CO,US,2024-11-24T13:04:59.820000+00:00,2024-11-24T13:34:31.200000+00:00,2024-11-24 06:04,airplanes-live
N582MM,2023-02-06,"Never LADD; FlightAware blocked=true (AeroAPI, Sep 2026) with no known start date, so the whole recovered record is listed",2024-11-24,KPHX,Phoenix Sky Harbor International Airport,Phoenix,US-AZ,US,2024-11-24T15:11:48.210000+00:00,2024-11-24T15:15:50.690000+00:00,2024-11-24 08:11,airplanes-live
N582MM,2023-02-06,"Never LADD; FlightAware blocked=true (AeroAPI, Sep 2026) with no known start date, so the whole recovered record is listed",2024-11-26,KPHX,Phoenix Sky Harbor International Airport,Phoenix,US-AZ,US,2024-11-26T16:59:06.110000+00:00,2024-11-26T17:41:04.610000+00:00,2024-11-26 09:59,adsb-lol;airplanes-live
N582MM,2023-02-06,"Never LADD; FlightAware blocked=true (AeroAPI, Sep 2026) with no known start date, so the whole recovered record is listed",2024-11-26,KSAN,San Diego International Airport,San Diego,US-CA,US,2024-11-26T18:38:32.020000+00:00,2024-11-26T20:42:38.500000+00:00,2024-11-26 10:38,adsb-lol;airplanes-live
N582MM,2023-02-06,"Never LADD; FlightAware blocked=true (AeroAPI, Sep 2026) with no known start date, so the whole recovered record is listed",2024-11-26,KLAS,Harry Reid International Airport,Las Vegas,US-NV,US,2024-11-26T21:54:25.210000+00:00,2024-11-26T22:00:54.120000+00:00,2024-11-26 13:54,adsb-lol;airplanes-live
N582MM,2023-02-06,"Never LADD; FlightAware blocked=true (AeroAPI, Sep 2026) with no known start date, so the whole recovered record is listed",2024-11-27,KLAS,Harry Reid International Airport,Las Vegas,US-NV,US,2024-11-27T05:12:02.040000+00:00,2024-11-27T05:16:26.920000+00:00,2024-11-26 21:12,adsb-lol;airplanes-live
N582MM,2023-02-06,"Never LADD; FlightAware blocked=true (AeroAPI, Sep 2026) with no known start date, so the whole recovered record is listed",2024-11-27,KSAN,San Diego International Airport,San Diego,US-CA,US,2024-11-27T06:05:34.970000+00:00,2024-11-27T06:43:59.250000+00:00,2024-11-26 22:05,adsb-lol;airplanes-live
N582MM,2023-02-06,"Never LADD; FlightAware blocked=true (AeroAPI, Sep 2026) with no known start date, so the whole recovered record is listed",2024-11-27,KSDL,Scottsdale Airport,Scottsdale,US-AZ,US,2024-11-27T07:31:42.920000+00:00,2024-11-27T07:32:57.040000+00:00,2024-11-27 00:31,adsb-lol;airplanes-live
N582MM,2023-02-06,"Never LADD; FlightAware blocked=true (AeroAPI, Sep 2026) with no known start date, so the whole recovered record is listed",2024-11-27,KSDL,Scottsdale Airport,Scottsdale,US-AZ,US,2024-11-27T19:19:27.320000+00:00,2024-11-27T22:08:34.990000+00:00,2024-11-27 12:19,adsb-lol;airplanes-live
N582MM,2023-02-06,"Never LADD; FlightAware blocked=true (AeroAPI, Sep 2026) with no known start date, so the whole recovered record is listed",2024-11-29,KPDX,Portland International Airport,Portland,US-OR,US,2024-11-29T16:10:54.930000+00:00,2024-11-29T16:54:52.110000+00:00,2024-11-29 08:10,adsb-lol;airplanes-live
N582MM,2023-02-06,"Never LADD; FlightAware blocked=true (AeroAPI, Sep 2026) with no known start date, so the whole recovered record is listed",2024-11-30,KPHX,Phoenix Sky Harbor International Airport,Phoenix,US-AZ,US,2024-11-30T12:13:18.720000+00:00,2024-11-30T12:48:13.310000+00:00,2024-11-30 05:13,adsb-lol;airplanes-live
N582MM,2023-02-06,"Never LADD; FlightAware blocked=true (AeroAPI, Sep 2026) with no known start date, so the whole recovered record is listed",2024-12-01,KHOU,William P. Hobby Airport,Houston,US-TX,US,2024-12-01T20:19:50.450000+00:00,2024-12-01T20:41:07.340000+00:00,2024-12-01 14:19,adsbexchange-samples
N582MM,2023-02-06,"Never LADD; FlightAware blocked=true (AeroAPI, Sep 2026) with no known start date, so the whole recovered record is listed",2024-12-01,KSDL,Scottsdale Airport,Scottsdale,US-AZ,US,2024-12-01T23:20:29.150000+00:00,2024-12-01T23:45:41.400000+00:00,2024-12-01 16:20,adsb-lol;adsbexchange-samples;airplanes-live
N582MM,2023-02-06,"Never LADD; FlightAware blocked=true (AeroAPI, Sep 2026) with no known start date, so the whole recovered record is listed",2024-12-02,KPHX,Phoenix Sky Harbor International Airport,Phoenix,US-AZ,US,2024-12-02T00:00:31.700000+00:00,2024-12-02T00:02:17.790000+00:00,2024-12-01 17:00,adsb-lol;airplanes-live
N582MM,2023-02-06,"Never LADD; FlightAware blocked=true (AeroAPI, Sep 2026) with no known start date, so the whole recovered record is listed",2024-12-06,KPHX,Phoenix Sky Harbor International Airport,Phoenix,US-AZ,US,2024-12-06T20:29:30.860000+00:00,2024-12-06T22:13:53.130000+00:00,2024-12-06 13:29,airplanes-live
N582MM,2023-02-06,"Never LADD; FlightAware blocked=true (AeroAPI, Sep 2026) with no known start date, so the whole recovered record is listed",2024-12-09,KPHX,Phoenix Sky Harbor International Airport,Phoenix,US-AZ,US,2024-12-09T10:12:03.700000+00:00,2024-12-09T10:43:42.490000+00:00,2024-12-09 03:12,adsb-lol;airplanes-live
N582MM,2023-02-06,"Never LADD; FlightAware blocked=true (AeroAPI, Sep 2026) with no known start date, so the whole recovered record is listed",2024-12-09,KIAD,Washington Dulles International Airport,Dulles,US-VA,US,2024-12-09T17:51:44.330000+00:00,2024-12-09T17:59:54.340000+00:00,2024-12-09 12:51,adsb-lol;airplanes-live
N582MM,2023-02-06,"Never LADD; FlightAware blocked=true (AeroAPI, Sep 2026) with no known start date, so the whole recovered record is listed",2024-12-09,KIAD,Washington Dulles International Airport,Dulles,US-VA,US,2024-12-09T23:37:04.590000+00:00,2024-12-10T01:28:03.190000+00:00,2024-12-09 18:37,adsb-lol;airplanes-live
N582MM,2023-02-06,"Never LADD; FlightAware blocked=true (AeroAPI, Sep 2026) with no known start date, so the whole recovered record is listed",2024-12-10,KPBI,President Donald J. Trump International Airport,West Palm Beach,US-FL,US,2024-12-10T03:41:46.610000+00:00,2024-12-10T04:28:10.100000+00:00,2024-12-09 22:41,airplanes-live
N582MM,2023-02-06,"Never LADD; FlightAware blocked=true (AeroAPI, Sep 2026) with no known start date, so the whole recovered record is listed",2024-12-10,KPHX,Phoenix Sky Harbor International Airport,Phoenix,US-AZ,US,2024-12-10T09:29:41.930000+00:00,2024-12-10T09:31:06.830000+00:00,2024-12-10 02:29,adsb-lol;airplanes-live
N582MM,2023-02-06,"Never LADD; FlightAware blocked=true (AeroAPI, Sep 2026) with no known start date, so the whole recovered record is listed",2024-12-11,KPHX,Phoenix Sky Harbor International Airport,Phoenix,US-AZ,US,2024-12-11T14:55:18.320000+00:00,2024-12-11T15:52:04.650000+00:00,2024-12-11 07:55,adsb-lol;airplanes-live
N582MM,2023-02-06,"Never LADD; FlightAware blocked=true (AeroAPI, Sep 2026) with no known start date, so the whole recovered record is listed",2024-12-11,KRAP,Rapid City Regional Airport,Rapid City,US-SD,US,2024-12-11T17:45:57.900000+00:00,2024-12-11T20:29:42.620000+00:00,2024-12-11 11:45,adsb-lol
N582MM,2023-02-06,"Never LADD; FlightAware blocked=true (AeroAPI, Sep 2026) with no known start date, so the whole recovered record is listed",2024-12-12,KBJC,Rocky Mountain Metropolitan Airport,Denver,US-CO,US,2024-12-12T00:29:43.860000+00:00,2024-12-12T01:13:48.700000+00:00,2024-12-11 17:29,adsb-lol;airplanes-live
N582MM,2023-02-06,"Never LADD; FlightAware blocked=true (AeroAPI, Sep 2026) with no known start date, so the whole recovered record is listed",2024-12-12,KRAP,Rapid City Regional Airport,Rapid City,US-SD,US,2024-12-12T02:04:27.070000+00:00,2024-12-12T02:27:43.470000+00:00,2024-12-11 20:04,adsb-lol;airplanes-live
N582MM,2023-02-06,"Never LADD; FlightAware blocked=true (AeroAPI, Sep 2026) with no known start date, so the whole recovered record is listed",2024-12-12,KPHX,Phoenix Sky Harbor International Airport,Phoenix,US-AZ,US,2024-12-12T04:35:37.390000+00:00,2024-12-12T04:36:52.340000+00:00,2024-12-11 21:35,adsb-lol;airplanes-live
N582MM,2023-02-06,"Never LADD; FlightAware blocked=true (AeroAPI, Sep 2026) with no known start date, so the whole recovered record is listed",2024-12-13,KPHX,Phoenix Sky Harbor International Airport,Phoenix,US-AZ,US,2024-12-13T20:16:49.090000+00:00,2024-12-13T22:33:44.230000+00:00,2024-12-13 13:16,airplanes-live
N582MM,2023-02-06,"Never LADD; FlightAware blocked=true (AeroAPI, Sep 2026) with no known start date, so the whole recovered record is listed",2024-12-13,KSDL,Scottsdale Airport,Scottsdale,US-AZ,US,2024-12-13T20:16:49.130000+00:00,2024-12-13T22:33:44.870000+00:00,2024-12-13 13:16,adsb-lol
N582MM,2023-02-06,"Never LADD; FlightAware blocked=true (AeroAPI, Sep 2026) with no known start date, so the whole recovered record is listed",2024-12-13,KAPA,Centennial Airport,Denver,US-CO,US,2024-12-13T23:49:38.240000+00:00,2024-12-13T23:53:12.280000+00:00,2024-12-13 16:49,adsb-lol;airplanes-live
N582MM,2023-02-06,"Never LADD; FlightAware blocked=true (AeroAPI, Sep 2026) with no known start date, so the whole recovered record is listed",2024-12-14,KSDL,Scottsdale Airport,Scottsdale,US-AZ,US,2024-12-14T05:28:39.020000+00:00,2024-12-14T05:29:50.840000+00:00,2024-12-13 22:28,adsb-lol;airplanes-live
N582MM,2023-02-06,"Never LADD; FlightAware blocked=true (AeroAPI, Sep 2026) with no known start date, so the whole recovered record is listed",2024-12-14,KSDL,Scottsdale Airport,Scottsdale,US-AZ,US,2024-12-14T12:39:32.210000+00:00,2024-12-14T13:01:28.250000+00:00,2024-12-14 05:39,adsb-lol;airplanes-live
N582MM,2023-02-06,"Never LADD; FlightAware blocked=true (AeroAPI, Sep 2026) with no known start date, so the whole recovered record is listed",2024-12-14,KCOE,Coeur D'Alene Airport - Pappy Boyington Field,Coeur d'Alene,US-ID,US,2024-12-14T15:07:47.910000+00:00,2024-12-14T15:07:59.930000+00:00,2024-12-14 08:07,airplanes-live
N582MM,2023-02-06,"Never LADD; FlightAware blocked=true (AeroAPI, Sep 2026) with no known start date, so the whole recovered record is listed",2024-12-14,KNUQ,Moffett Federal Airfield,Mountain View,US-CA,US,2024-12-14T17:35:29.550000+00:00,2024-12-14T18:14:48.840000+00:00,2024-12-14 09:35,adsb-lol;airplanes-live
N582MM,2023-02-06,"Never LADD; FlightAware blocked=true (AeroAPI, Sep 2026) with no known start date, so the whole recovered record is listed",2024-12-14,KPHX,Phoenix Sky Harbor International Airport,Phoenix,US-AZ,US,2024-12-14T19:38:14.800000+00:00,2024-12-14T19:38:41.640000+00:00,2024-12-14 12:38,adsb-lol;airplanes-live
N582MM,2023-02-06,"Never LADD; FlightAware blocked=true (AeroAPI, Sep 2026) with no known start date, so the whole recovered record is listed",2024-12-15,KPHX,Phoenix Sky Harbor International Airport,Phoenix,US-AZ,US,2024-12-15T16:32:14.040000+00:00,2024-12-15T17:14:42.070000+00:00,2024-12-15 09:32,adsb-lol;airplanes-live
N582MM,2023-02-06,"Never LADD; FlightAware blocked=true (AeroAPI, Sep 2026) with no known start date, so the whole recovered record is listed",2024-12-15,KBJC,Rocky Mountain Metropolitan Airport,Denver,US-CO,US,2024-12-15T18:27:08.700000+00:00,2024-12-15T18:46:18.760000+00:00,2024-12-15 11:27,adsb-lol;airplanes-live
N582MM,2023-02-06,"Never LADD; FlightAware blocked=true (AeroAPI, Sep 2026) with no known start date, so the whole recovered record is listed",2024-12-15,KPHX,Phoenix Sky Harbor International Airport,Phoenix,US-AZ,US,2024-12-15T22:53:15.750000+00:00,2024-12-15T22:55:27.210000+00:00,2024-12-15 15:53,adsb-lol;airplanes-live
N582MM,2023-02-06,"Never LADD; FlightAware blocked=true (AeroAPI, Sep 2026) with no known start date, so the whole recovered record is listed",2024-12-16,KPHX,Phoenix Sky Harbor International Airport,Phoenix,US-AZ,US,2024-12-16T23:25:16.620000+00:00,2024-12-17T00:04:44.180000+00:00,2024-12-16 16:25,adsb-lol;airplanes-live
N582MM,2023-02-06,"Never LADD; FlightAware blocked=true (AeroAPI, Sep 2026) with no known start date, so the whole recovered record is listed",2024-12-18,KSDL,Scottsdale Airport,Scottsdale,US-AZ,US,2024-12-18T00:28:10.120000+00:00,2024-12-18T00:29:12.290000+00:00,2024-12-17 17:28,adsb-lol;airplanes-live
N582MM,2023-02-06,"Never LADD; FlightAware blocked=true (AeroAPI, Sep 2026) with no known start date, so the whole recovered record is listed",2024-12-18,KSDL,Scottsdale Airport,Scottsdale,US-AZ,US,2024-12-18T18:47:33.530000+00:00,2024-12-18T19:53:47.520000+00:00,2024-12-18 11:47,adsb-lol;airplanes-live
N582MM,2023-02-06,"Never LADD; FlightAware blocked=true (AeroAPI, Sep 2026) with no known start date, so the whole recovered record is listed",2024-12-19,KNUQ,Moffett Federal Airfield,Mountain View,US-CA,US,2024-12-19T22:19:28.460000+00:00,2024-12-19T23:30:30.110000+00:00,2024-12-19 14:19,adsb-lol;airplanes-live
N582MM,2023-02-06,"Never LADD; FlightAware blocked=true (AeroAPI, Sep 2026) with no known start date, so the whole recovered record is listed",2024-12-20,KCOE,Coeur D'Alene Airport - Pappy Boyington Field,Coeur d'Alene,US-ID,US,2024-12-20T01:11:07.350000+00:00,2024-12-20T01:11:50.600000+00:00,2024-12-19 18:11,airplanes-live
N582MM,2023-02-06,"Never LADD; FlightAware blocked=true (AeroAPI, Sep 2026) with no known start date, so the whole recovered record is listed",2024-12-20,KSDL,Scottsdale Airport,Scottsdale,US-AZ,US,2024-12-20T04:05:49.400000+00:00,2024-12-20T05:27:26.980000+00:00,2024-12-19 21:05,adsb-lol;airplanes-live
N582MM,2023-02-06,"Never LADD; FlightAware blocked=true (AeroAPI, Sep 2026) with no known start date, so the whole recovered record is listed",2024-12-20,KSDL,Scottsdale Airport,Scottsdale,US-AZ,US,2024-12-20T14:59:02.730000+00:00,2024-12-20T17:08:45.390000+00:00,2024-12-20 07:59,adsb-lol;airplanes-live
N582MM,2023-02-06,"Never LADD; FlightAware blocked=true (AeroAPI, Sep 2026) with no known start date, so the whole recovered record is listed",2024-12-20,KCOE,Coeur D'Alene Airport - Pappy Boyington Field,Coeur d'Alene,US-ID,US,2024-12-20T19:30:17.510000+00:00,2024-12-20T19:30:55.950000+00:00,2024-12-20 12:30,airplanes-live
N582MM,2023-02-06,"Never LADD; FlightAware blocked=true (AeroAPI, Sep 2026) with no known start date, so the whole recovered record is listed",2024-12-20,KVNY,Van Nuys Airport,Van Nuys,US-CA,US,2024-12-20T22:20:44.400000+00:00,2024-12-20T23:17:30.870000+00:00,2024-12-20 14:20,adsb-lol;airplanes-live
N582MM,2023-02-06,"Never LADD; FlightAware blocked=true (AeroAPI, Sep 2026) with no known start date, so the whole recovered record is listed",2024-12-21,KSDL,Scottsdale Airport,Scottsdale,US-AZ,US,2024-12-21T00:20:27.600000+00:00,2024-12-21T00:22:03.790000+00:00,2024-12-20 17:20,adsb-lol;airplanes-live
N582MM,2023-02-06,"Never LADD; FlightAware blocked=true (AeroAPI, Sep 2026) with no known start date, so the whole recovered record is listed",2024-12-21,KSDL,Scottsdale Airport,Scottsdale,US-AZ,US,2024-12-21T12:07:33.410000+00:00,2024-12-21T12:54:41.240000+00:00,2024-12-21 05:07,adsb-lol;airplanes-live
N582MM,2023-02-06,"Never LADD; FlightAware blocked=true (AeroAPI, Sep 2026) with no known start date, so the whole recovered record is listed",2024-12-21,KBJC,Rocky Mountain Metropolitan Airport,Denver,US-CO,US,2024-12-21T14:12:13.990000+00:00,2024-12-21T15:34:19.090000+00:00,2024-12-21 07:12,adsb-lol;airplanes-live
N582MM,2023-02-06,"Never LADD; FlightAware blocked=true (AeroAPI, Sep 2026) with no known start date, so the whole recovered record is listed",2024-12-21,KTKI,McKinney National Airport,Dallas,US-TX,US,2024-12-21T20:10:50.870000+00:00,2024-12-21T20:11:39.220000+00:00,2024-12-21 14:10,airplanes-live
N582MM,2023-02-06,"Never LADD; FlightAware blocked=true (AeroAPI, Sep 2026) with no known start date, so the whole recovered record is listed",2024-12-22,KTKI,McKinney National Airport,Dallas,US-TX,US,2024-12-22T19:20:35.070000+00:00,2024-12-22T19:22:28.190000+00:00,2024-12-22 13:20,airplanes-live
N582MM,2023-02-06,"Never LADD; FlightAware blocked=true (AeroAPI, Sep 2026) with no known start date, so the whole recovered record is listed",2024-12-22,KELP,El Paso International Airport,El Paso,US-TX,US,2024-12-22T20:40:31.030000+00:00,2024-12-22T20:42:18.140000+00:00,2024-12-22 14:40,airplanes-live
N582MM,2023-02-06,"Never LADD; FlightAware blocked=true (AeroAPI, Sep 2026) with no known start date, so the whole recovered record is listed",2024-12-22,KPHX,Phoenix Sky Harbor International Airport,Phoenix,US-AZ,US,2024-12-22T21:53:18.600000+00:00,2024-12-22T21:54:26.350000+00:00,2024-12-22 14:53,adsb-lol;airplanes-live
N582MM,2023-02-06,"Never LADD; FlightAware blocked=true (AeroAPI, Sep 2026) with no known start date, so the whole recovered record is listed",2024-12-23,KPHX,Phoenix Sky Harbor International Airport,Phoenix,US-AZ,US,2024-12-23T15:43:21.830000+00:00,2024-12-23T17:32:24.280000+00:00,2024-12-23 08:43,adsb-lol;airplanes-live
N582MM,2023-02-06,"Never LADD; FlightAware blocked=true (AeroAPI, Sep 2026) with no known start date, so the whole recovered record is listed",2024-12-24,KSDL,Scottsdale Airport,Scottsdale,US-AZ,US,2024-12-24T02:47:40.850000+00:00,2024-12-24T03:44:36.010000+00:00,2024-12-23 19:47,adsb-lol;airplanes-live
N582MM,2023-02-06,"Never LADD; FlightAware blocked=true (AeroAPI, Sep 2026) with no known start date, so the whole recovered record is listed",2024-12-26,KPHX,Phoenix Sky Harbor International Airport,Phoenix,US-AZ,US,2024-12-26T12:05:39+00:00,2024-12-26T12:55:55.810000+00:00,2024-12-26 05:05,airplanes-live
N582MM,2023-02-06,"Never LADD; FlightAware blocked=true (AeroAPI, Sep 2026) with no known start date, so the whole recovered record is listed",2024-12-27,KTEB,Teterboro Airport,Teterboro,US-NJ,US,2024-12-27T01:48:30.860000+00:00,2024-12-27T01:48:55.530000+00:00,2024-12-26 20:48,airplanes-live
N582MM,2023-02-06,"Never LADD; FlightAware blocked=true (AeroAPI, Sep 2026) with no known start date, so the whole recovered record is listed",2024-12-27,KTEB,Teterboro Airport,Teterboro,US-NJ,US,2024-12-27T14:42:57.450000+00:00,2024-12-27T15:05:48.790000+00:00,2024-12-27 09:42,airplanes-live
N582MM,2023-02-06,"Never LADD; FlightAware blocked=true (AeroAPI, Sep 2026) with no known start date, so the whole recovered record is listed",2024-12-27,KSDL,Scottsdale Airport,Scottsdale,US-AZ,US,2024-12-27T20:11:13.980000+00:00,2024-12-27T22:56:26.570000+00:00,2024-12-27 13:11,airplanes-live
N582MM,2023-02-06,"Never LADD; FlightAware blocked=true (AeroAPI, Sep 2026) with no known start date, so the whole recovered record is listed",2024-12-28,KFMY,Page Field,Fort Myers,US-FL,US,2024-12-28T23:28:13.570000+00:00,2024-12-29T00:14:46.060000+00:00,2024-12-28 18:28,airplanes-live
N582MM,2023-02-06,"Never LADD; FlightAware blocked=true (AeroAPI, Sep 2026) with no known start date, so the whole recovered record is listed",2024-12-29,KSDL,Scottsdale Airport,Scottsdale,US-AZ,US,2024-12-29T22:13:01.620000+00:00,2024-12-29T22:56:53.220000+00:00,2024-12-29 15:13,airplanes-live
N582MM,2023-02-06,"Never LADD; FlightAware blocked=true (AeroAPI, Sep 2026) with no known start date, so the whole recovered record is listed",2024-12-30,KVNY,Van Nuys Airport,Van Nuys,US-CA,US,2024-12-30T00:10:47.840000+00:00,2024-12-30T00:52:12.440000+00:00,2024-12-29 16:10,airplanes-live
N582MM,2023-02-06,"Never LADD; FlightAware blocked=true (AeroAPI, Sep 2026) with no known start date, so the whole recovered record is listed",2024-12-30,KPHX,Phoenix Sky Harbor International Airport,Phoenix,US-AZ,US,2024-12-30T01:47:42.360000+00:00,2024-12-30T01:49:17.510000+00:00,2024-12-29 18:47,airplanes-live
N582MM,2023-02-06,"Never LADD; FlightAware blocked=true (AeroAPI, Sep 2026) with no known start date, so the whole recovered record is listed",2025-01-02,KPHX,Phoenix Sky Harbor International Airport,Phoenix,US-AZ,US,2025-01-02T10:37:03.710000+00:00,2025-01-02T11:49:36.150000+00:00,2025-01-02 03:37,airplanes-live
N582MM,2023-02-06,"Never LADD; FlightAware blocked=true (AeroAPI, Sep 2026) with no known start date, so the whole recovered record is listed",2025-01-02,KTEB,Teterboro Airport,Teterboro,US-NJ,US,2025-01-02T16:08:15.290000+00:00,2025-01-02T16:37:10.250000+00:00,2025-01-02 11:08,airplanes-live
N582MM,2023-02-06,"Never LADD; FlightAware blocked=true (AeroAPI, Sep 2026) with no known start date, so the whole recovered record is listed",2025-01-02,KFXE,Fort Lauderdale Executive Airport,Fort Lauderdale,US-FL,US,2025-01-02T19:49:03.350000+00:00,2025-01-02T19:49:39.380000+00:00,2025-01-02 14:49,airplanes-live
N582MM,2023-02-06,"Never LADD; FlightAware blocked=true (AeroAPI, Sep 2026) with no known start date, so the whole recovered record is listed",2025-01-02,KORL,Orlando Executive Airport,Orlando,US-FL,US,2025-01-02T22:17:56.870000+00:00,2025-01-02T22:23:03.320000+00:00,2025-01-02 17:17,airplanes-live
N582MM,2023-02-06,"Never LADD; FlightAware blocked=true (AeroAPI, Sep 2026) with no known start date, so the whole recovered record is listed",2025-01-03,KORL,Orlando Executive Airport,Orlando,US-FL,US,2025-01-03T15:22:47.690000+00:00,2025-01-03T16:22:34.430000+00:00,2025-01-03 10:22,airplanes-live
N582MM,2023-02-06,"Never LADD; FlightAware blocked=true (AeroAPI, Sep 2026) with no known start date, so the whole recovered record is listed",2025-01-03,KPDK,DeKalb Peachtree Airport,Atlanta,US-GA,US,2025-01-03T22:51:37.810000+00:00,2025-01-03T22:51:54.900000+00:00,2025-01-03 17:51,airplanes-live
N582MM,2023-02-06,"Never LADD; FlightAware blocked=true (AeroAPI, Sep 2026) with no known start date, so the whole recovered record is listed",2025-01-04,KAVL,Asheville Regional Airport,Asheville,US-NC,US,2025-01-04T22:47:34.860000+00:00,2025-01-04T22:49:06.770000+00:00,2025-01-04 17:47,airplanes-live
N582MM,2023-02-06,"Never LADD; FlightAware blocked=true (AeroAPI, Sep 2026) with no known start date, so the whole recovered record is listed",2025-01-05,KAVL,Asheville Regional Airport,Asheville,US-NC,US,2025-01-05T16:14:05.940000+00:00,2025-01-05T17:48:42.960000+00:00,2025-01-05 11:14,airplanes-live
N582MM,2023-02-06,"Never LADD; FlightAware blocked=true (AeroAPI, Sep 2026) with no known start date, so the whole recovered record is listed",2025-01-06,KBOS,Boston Logan International Airport,Boston,US-MA,US,2025-01-06T19:31:53.920000+00:00,2025-01-06T21:28:48.120000+00:00,2025-01-06 14:31,airplanes-live
N582MM,2023-02-06,"Never LADD; FlightAware blocked=true (AeroAPI, Sep 2026) with no known start date, so the whole recovered record is listed",2025-01-07,KRDU,Raleigh-Durham International Airport,Raleigh/Durham,US-NC,US,2025-01-07T20:46:40.840000+00:00,2025-01-07T20:47:01.600000+00:00,2025-01-07 15:46,airplanes-live
N582MM,2023-02-06,"Never LADD; FlightAware blocked=true (AeroAPI, Sep 2026) with no known start date, so the whole recovered record is listed",2025-01-09,KRDU,Raleigh-Durham International Airport,Raleigh/Durham,US-NC,US,2025-01-09T13:06:13.090000+00:00,2025-01-09T13:10:45.340000+00:00,2025-01-09 08:06,airplanes-live
N582MM,2023-02-06,"Never LADD; FlightAware blocked=true (AeroAPI, Sep 2026) with no known start date, so the whole recovered record is listed",2025-01-10,KLGA,LaGuardia Airport,New York,US-NY,US,2025-01-10T19:49:11.140000+00:00,2025-01-10T20:44:17.520000+00:00,2025-01-10 14:49,airplanes-live
N582MM,2023-02-06,"Never LADD; FlightAware blocked=true (AeroAPI, Sep 2026) with no known start date, so the whole recovered record is listed",2025-01-11,KTUS,Tucson International Airport,Tucson,US-AZ,US,2025-01-11T20:15:01.660000+00:00,2025-01-11T20:15:11.770000+00:00,2025-01-11 13:15,airplanes-live
N582MM,2023-02-06,"Never LADD; FlightAware blocked=true (AeroAPI, Sep 2026) with no known start date, so the whole recovered record is listed",2025-01-11,KSAN,San Diego International Airport,San Diego,US-CA,US,2025-01-11T21:43:45.830000+00:00,2025-01-11T22:45:57.350000+00:00,2025-01-11 13:43,airplanes-live
N582MM,2023-02-06,"Never LADD; FlightAware blocked=true (AeroAPI, Sep 2026) with no known start date, so the whole recovered record is listed",2025-01-11,KPHX,Phoenix Sky Harbor International Airport,Phoenix,US-AZ,US,2025-01-11T23:38:40.060000+00:00,2025-01-11T23:39:44.220000+00:00,2025-01-11 16:38,airplanes-live
N582MM,2023-02-06,"Never LADD; FlightAware blocked=true (AeroAPI, Sep 2026) with no known start date, so the whole recovered record is listed",2025-01-13,KPHX,Phoenix Sky Harbor International Airport,Phoenix,US-AZ,US,2025-01-13T14:38:54.170000+00:00,2025-01-13T16:33:05.610000+00:00,2025-01-13 07:38,airplanes-live
N582MM,2023-02-06,"Never LADD; FlightAware blocked=true (AeroAPI, Sep 2026) with no known start date, so the whole recovered record is listed",2025-01-13,KVNY,Van Nuys Airport,Van Nuys,US-CA,US,2025-01-13T17:38:18.610000+00:00,2025-01-13T18:15:50.800000+00:00,2025-01-13 09:38,airplanes-live
N582MM,2023-02-06,"Never LADD; FlightAware blocked=true (AeroAPI, Sep 2026) with no known start date, so the whole recovered record is listed",2025-01-13,KCOU,Columbia Regional Airport,Columbia,US-MO,US,2025-01-13T21:02:22.360000+00:00,2025-01-13T21:23:19.870000+00:00,2025-01-13 15:02,airplanes-live
N582MM,2023-02-06,"Never LADD; FlightAware blocked=true (AeroAPI, Sep 2026) with no known start date, so the whole recovered record is listed",2025-01-15,KPHL,Philadelphia International Airport,Philadelphia,US-PA,US,2025-01-15T02:01:57.400000+00:00,2025-01-15T02:05:47.920000+00:00,2025-01-14 21:01,airplanes-live
N582MM,2023-02-06,"Never LADD; FlightAware blocked=true (AeroAPI, Sep 2026) with no known start date, so the whole recovered record is listed",2025-01-15,KPHL,Philadelphia International Airport,Philadelphia,US-PA,US,2025-01-15T16:40:42.070000+00:00,2025-01-15T16:46:18.220000+00:00,2025-01-15 11:40,airplanes-live
N582MM,2023-02-06,"Never LADD; FlightAware blocked=true (AeroAPI, Sep 2026) with no known start date, so the whole recovered record is listed",2025-01-17,KIAD,Washington Dulles International Airport,Dulles,US-VA,US,2025-01-17T04:48:25.140000+00:00,2025-01-17T04:52:19.520000+00:00,2025-01-16 23:48,adsb-lol;airplanes-live
N582MM,2023-02-06,"Never LADD; FlightAware blocked=true (AeroAPI, Sep 2026) with no known start date, so the whole recovered record is listed",2025-01-17,KIAD,Washington Dulles International Airport,Dulles,US-VA,US,2025-01-17T14:09:29.710000+00:00,2025-01-17T14:27:14.260000+00:00,2025-01-17 09:09,adsb-lol;airplanes-live
N582MM,2023-02-06,"Never LADD; FlightAware blocked=true (AeroAPI, Sep 2026) with no known start date, so the whole recovered record is listed",2025-01-17,KTEX,Telluride Regional Airport,Telluride,US-CO,US,2025-01-17T18:21:10.810000+00:00,2025-01-17T18:21:16.280000+00:00,2025-01-17 11:21,adsb-lol;airplanes-live
N582MM,2023-02-06,"Never LADD; FlightAware blocked=true (AeroAPI, Sep 2026) with no known start date, so the whole recovered record is listed",2025-01-17,KDFW,Dallas Fort Worth International Airport,Dallas-Fort Worth,US-TX,US,2025-01-17T21:11:30.370000+00:00,2025-01-17T21:45:35.860000+00:00,2025-01-17 15:11,adsb-lol;airplanes-live
N582MM,2023-02-06,"Never LADD; FlightAware blocked=true (AeroAPI, Sep 2026) with no known start date, so the whole recovered record is listed",2025-01-18,KPHX,Phoenix Sky Harbor International Airport,Phoenix,US-AZ,US,2025-01-18T00:18:27.380000+00:00,2025-01-18T00:19:46.660000+00:00,2025-01-17 17:18,adsb-lol;airplanes-live
N582MM,2023-02-06,"Never LADD; FlightAware blocked=true (AeroAPI, Sep 2026) with no known start date, so the whole recovered record is listed",2025-01-18,KPHX,Phoenix Sky Harbor International Airport,Phoenix,US-AZ,US,2025-01-18T17:49:05.620000+00:00,2025-01-18T19:28:20.840000+00:00,2025-01-18 10:49,adsb-lol;airplanes-live
N582MM,2023-02-06,"Never LADD; FlightAware blocked=true (AeroAPI, Sep 2026) with no known start date, so the whole recovered record is listed",2025-01-22,KPHX,Phoenix Sky Harbor International Airport,Phoenix,US-AZ,US,2025-01-22T06:45:45.800000+00:00,2025-01-22T06:50:09.150000+00:00,2025-01-21 23:45,adsb-lol;airplanes-live
N582MM,2023-02-06,"Never LADD; FlightAware blocked=true (AeroAPI, Sep 2026) with no known start date, so the whole recovered record is listed",2025-01-22,KPHX,Phoenix Sky Harbor International Airport,Phoenix,US-AZ,US,2025-01-22T11:31:41.510000+00:00,2025-01-22T12:14:51.190000+00:00,2025-01-22 04:31,adsb-lol;airplanes-live
N582MM,2023-02-06,"Never LADD; FlightAware blocked=true (AeroAPI, Sep 2026) with no known start date, so the whole recovered record is listed",2025-01-22,KSDL,Scottsdale Airport,Scottsdale,US-AZ,US,2025-01-22T18:00:35.130000+00:00,2025-01-22T18:42:40.210000+00:00,2025-01-22 11:00,adsb-lol;airplanes-live
N582MM,2023-02-06,"Never LADD; FlightAware blocked=true (AeroAPI, Sep 2026) with no known start date, so the whole recovered record is listed",2025-01-23,KPHX,Phoenix Sky Harbor International Airport,Phoenix,US-AZ,US,2025-01-23T11:32:03.150000+00:00,2025-01-23T12:08:07.050000+00:00,2025-01-23 04:32,adsb-lol;airplanes-live
N582MM,2023-02-06,"Never LADD; FlightAware blocked=true (AeroAPI, Sep 2026) with no known start date, so the whole recovered record is listed",2025-01-23,KIAD,Washington Dulles International Airport,Dulles,US-VA,US,2025-01-23T23:13:43.270000+00:00,2025-01-23T23:19:57.900000+00:00,2025-01-23 18:13,adsb-lol;airplanes-live
N582MM,2023-02-06,"Never LADD; FlightAware blocked=true (AeroAPI, Sep 2026) with no known start date, so the whole recovered record is listed",2025-01-24,KIAD,Washington Dulles International Airport,Dulles,US-VA,US,2025-01-24T17:36:50.930000+00:00,2025-01-24T17:45:47.630000+00:00,2025-01-24 12:36,adsb-lol;airplanes-live
N582MM,2023-02-06,"Never LADD; FlightAware blocked=true (AeroAPI, Sep 2026) with no known start date, so the whole recovered record is listed",2025-01-24,KIAD,Washington Dulles International Airport,Dulles,US-VA,US,2025-01-24T22:57:57.840000+00:00,2025-01-25T00:14:14.180000+00:00,2025-01-24 17:57,adsb-lol;airplanes-live
N582MM,2023-02-06,"Never LADD; FlightAware blocked=true (AeroAPI, Sep 2026) with no known start date, so the whole recovered record is listed",2025-01-26,KABE,Lehigh Valley International Airport,Allentown/Bethlehem,US-PA,US,2025-01-26T01:17:26.380000+00:00,2025-01-26T01:18:40.540000+00:00,2025-01-25 20:17,airplanes-live
N582MM,2023-02-06,"Never LADD; FlightAware blocked=true (AeroAPI, Sep 2026) with no known start date, so the whole recovered record is listed",2025-01-26,KABE,Lehigh Valley International Airport,Allentown/Bethlehem,US-PA,US,2025-01-26T17:16:38.060000+00:00,2025-01-26T17:43:22.920000+00:00,2025-01-26 12:16,airplanes-live
N582MM,2023-02-06,"Never LADD; FlightAware blocked=true (AeroAPI, Sep 2026) with no known start date, so the whole recovered record is listed",2025-01-29,KMEM,Frederick W. Smith International Airport,Memphis,US-TN,US,2025-01-29T17:48:54.450000+00:00,2025-01-29T17:49:01.330000+00:00,2025-01-29 11:48,airplanes-live
N582MM,2023-02-06,"Never LADD; FlightAware blocked=true (AeroAPI, Sep 2026) with no known start date, so the whole recovered record is listed",2025-01-29,KPHX,Phoenix Sky Harbor International Airport,Phoenix,US-AZ,US,2025-01-29T22:02:17.040000+00:00,2025-01-29T22:02:31.380000+00:00,2025-01-29 15:02,airplanes-live
N582MM,2023-02-06,"Never LADD; FlightAware blocked=true (AeroAPI, Sep 2026) with no known start date, so the whole recovered record is listed",2025-01-30,KPHX,Phoenix Sky Harbor International Airport,Phoenix,US-AZ,US,2025-01-30T12:16:35.060000+00:00,2025-01-30T13:02:22.580000+00:00,2025-01-30 05:16,airplanes-live
N582MM,2023-02-06,"Never LADD; FlightAware blocked=true (AeroAPI, Sep 2026) with no known start date, so the whole recovered record is listed",2025-01-31,KLAS,Harry Reid International Airport,Las Vegas,US-NV,US,2025-01-31T22:53:25.040000+00:00,2025-02-01T02:21:23.890000+00:00,2025-01-31 14:53,adsbexchange-samples;airplanes-live
N582MM,2023-02-06,"Never LADD; FlightAware blocked=true (AeroAPI, Sep 2026) with no known start date, so the whole recovered record is listed",2025-02-01,KPHX,Phoenix Sky Harbor International Airport,Phoenix,US-AZ,US,2025-02-01T01:19:08.090000+00:00,2025-02-01T02:21:24.010000+00:00,2025-01-31 18:19,airplanes-live
N582MM,2023-02-06,"Never LADD; FlightAware blocked=true (AeroAPI, Sep 2026) with no known start date, so the whole recovered record is listed",2025-02-03,KPHX,Phoenix Sky Harbor International Airport,Phoenix,US-AZ,US,2025-02-03T15:23:27.740000+00:00,2025-02-03T16:09:12.700000+00:00,2025-02-03 08:23,adsb-lol;airplanes-live
N582MM,2023-02-06,"Never LADD; FlightAware blocked=true (AeroAPI, Sep 2026) with no known start date, so the whole recovered record is listed",2025-02-05,KAUO,Auburn University Regional Airport,Auburn,US-AL,US,2025-02-05T16:29:51.730000+00:00,2025-02-05T17:25:11.510000+00:00,2025-02-05 10:29,adsb-lol;airplanes-live
N582MM,2023-02-06,"Never LADD; FlightAware blocked=true (AeroAPI, Sep 2026) with no known start date, so the whole recovered record is listed",2025-02-05,KTEB,Teterboro Airport,Teterboro,US-NJ,US,2025-02-05T22:58:40.500000+00:00,2025-02-05T23:37:14.100000+00:00,2025-02-05 17:58,airplanes-live
N582MM,2023-02-06,"Never LADD; FlightAware blocked=true (AeroAPI, Sep 2026) with no known start date, so the whole recovered record is listed",2025-02-06,KAGC,Allegheny County Airport,Pittsburgh,US-PA,US,2025-02-06T00:37:03.940000+00:00,2025-02-06T00:39:25.340000+00:00,2025-02-05 19:37,adsb-lol;airplanes-live
N582MM,2023-02-06,"Never LADD; FlightAware blocked=true (AeroAPI, Sep 2026) with no known start date, so the whole recovered record is listed",2025-02-06,KAGC,Allegheny County Airport,Pittsburgh,US-PA,US,2025-02-06T16:08:33.450000+00:00,2025-02-06T16:11:29.150000+00:00,2025-02-06 11:08,adsb-lol;airplanes-live
N582MM,2023-02-06,"Never LADD; FlightAware blocked=true (AeroAPI, Sep 2026) with no known start date, so the whole recovered record is listed",2025-02-06,KPDK,DeKalb Peachtree Airport,Atlanta,US-GA,US,2025-02-06T21:13:53.510000+00:00,2025-02-06T21:13:58.310000+00:00,2025-02-06 16:13,adsb-lol;airplanes-live
N582MM,2023-02-06,"Never LADD; FlightAware blocked=true (AeroAPI, Sep 2026) with no known start date, so the whole recovered record is listed",2025-02-07,KSLC,Salt Lake City International Airport,Salt Lake City,US-UT,US,2025-02-07T03:02:08.020000+00:00,2025-02-07T03:39:10.130000+00:00,2025-02-06 20:02,adsb-lol;airplanes-live
N582MM,2023-02-06,"Never LADD; FlightAware blocked=true (AeroAPI, Sep 2026) with no known start date, so the whole recovered record is listed",2025-02-07,KSDL,Scottsdale Airport,Scottsdale,US-AZ,US,2025-02-07T04:53:43.580000+00:00,2025-02-07T04:55:06.430000+00:00,2025-02-06 21:53,adsb-lol;airplanes-live
N582MM,2023-02-06,"Never LADD; FlightAware blocked=true (AeroAPI, Sep 2026) with no known start date, so the whole recovered record is listed",2025-02-07,KSDL,Scottsdale Airport,Scottsdale,US-AZ,US,2025-02-07T19:00:44.160000+00:00,2025-02-07T20:35:30.670000+00:00,2025-02-07 12:00,adsb-lol;airplanes-live
N582MM,2023-02-06,"Never LADD; FlightAware blocked=true (AeroAPI, Sep 2026) with no known start date, so the whole recovered record is listed",2025-02-08,KPHX,Phoenix Sky Harbor International Airport,Phoenix,US-AZ,US,2025-02-08T06:16:47.290000+00:00,2025-02-08T06:21:06.600000+00:00,2025-02-07 23:16,adsb-lol
N582MM,2023-02-06,"Never LADD; FlightAware blocked=true (AeroAPI, Sep 2026) with no known start date, so the whole recovered record is listed",2025-02-10,KPHX,Phoenix Sky Harbor International Airport,Phoenix,US-AZ,US,2025-02-10T15:46:15.810000+00:00,2025-02-10T16:18:14.610000+00:00,2025-02-10 08:46,adsb-lol;airplanes-live
N582MM,2023-02-06,"Never LADD; FlightAware blocked=true (AeroAPI, Sep 2026) with no known start date, so the whole recovered record is listed",2025-02-11,KPHX,Phoenix Sky Harbor International Airport,Phoenix,US-AZ,US,2025-02-11T04:33:40.150000+00:00,2025-02-11T04:36:20.970000+00:00,2025-02-10 21:33,adsb-lol;airplanes-live
N582MM,2023-02-06,"Never LADD; FlightAware blocked=true (AeroAPI, Sep 2026) with no known start date, so the whole recovered record is listed",2025-02-12,KPHX,Phoenix Sky Harbor International Airport,Phoenix,US-AZ,US,2025-02-12T02:09:06.250000+00:00,2025-02-12T05:52:17.050000+00:00,2025-02-11 19:09,airplanes-live
N582MM,2023-02-06,"Never LADD; FlightAware blocked=true (AeroAPI, Sep 2026) with no known start date, so the whole recovered record is listed",2025-02-12,KPHX,Phoenix Sky Harbor International Airport,Phoenix,US-AZ,US,2025-02-12T21:26:03.070000+00:00,2025-02-12T22:01:06.940000+00:00,2025-02-12 14:26,airplanes-live
N582MM,2023-02-06,"Never LADD; FlightAware blocked=true (AeroAPI, Sep 2026) with no known start date, so the whole recovered record is listed",2025-02-13,KIAD,Washington Dulles International Airport,Dulles,US-VA,US,2025-02-13T01:36:00.600000+00:00,2025-02-13T01:40:06.730000+00:00,2025-02-12 20:36,airplanes-live
N582MM,2023-02-06,"Never LADD; FlightAware blocked=true (AeroAPI, Sep 2026) with no known start date, so the whole recovered record is listed",2025-02-13,KIAD,Washington Dulles International Airport,Dulles,US-VA,US,2025-02-13T13:52:55.560000+00:00,2025-02-13T14:28:56.800000+00:00,2025-02-13 08:52,airplanes-live
N582MM,2023-02-06,"Never LADD; FlightAware blocked=true (AeroAPI, Sep 2026) with no known start date, so the whole recovered record is listed",2025-02-14,KPHX,Phoenix Sky Harbor International Airport,Phoenix,US-AZ,US,2025-02-14T03:46:30.700000+00:00,2025-02-14T03:48:30.970000+00:00,2025-02-13 20:46,airplanes-live
N582MM,2023-02-06,"Never LADD; FlightAware blocked=true (AeroAPI, Sep 2026) with no known start date, so the whole recovered record is listed",2025-02-14,KPHX,Phoenix Sky Harbor International Airport,Phoenix,US-AZ,US,2025-02-14T17:43:34.410000+00:00,2025-02-14T18:25:50.400000+00:00,2025-02-14 10:43,airplanes-live
N582MM,2023-02-06,"Never LADD; FlightAware blocked=true (AeroAPI, Sep 2026) with no known start date, so the whole recovered record is listed",2025-02-18,KVNY,Van Nuys Airport,Van Nuys,US-CA,US,2025-02-18T00:15:38.960000+00:00,2025-02-18T00:18:34.550000+00:00,2025-02-17 16:15,adsb-lol;airplanes-live
N582MM,2023-02-06,"Never LADD; FlightAware blocked=true (AeroAPI, Sep 2026) with no known start date, so the whole recovered record is listed",2025-02-18,KSAN,San Diego International Airport,San Diego,US-CA,US,2025-02-18T01:14:02.030000+00:00,2025-02-18T02:00:41.960000+00:00,2025-02-17 17:14,adsb-lol;airplanes-live
N582MM,2023-02-06,"Never LADD; FlightAware blocked=true (AeroAPI, Sep 2026) with no known start date, so the whole recovered record is listed",2025-02-18,KSAN,San Diego International Airport,San Diego,US-CA,US,2025-02-18T20:04:26.570000+00:00,2025-02-18T20:11:04.150000+00:00,2025-02-18 12:04,adsb-lol;airplanes-live
N582MM,2023-02-06,"Never LADD; FlightAware blocked=true (AeroAPI, Sep 2026) with no known start date, so the whole recovered record is listed",2025-02-18,KSLC,Salt Lake City International Airport,Salt Lake City,US-UT,US,2025-02-18T21:49:13.470000+00:00,2025-02-18T22:26:15.130000+00:00,2025-02-18 14:49,adsb-lol;airplanes-live
N582MM,2023-02-06,"Never LADD; FlightAware blocked=true (AeroAPI, Sep 2026) with no known start date, so the whole recovered record is listed",2025-02-19,KPHX,Phoenix Sky Harbor International Airport,Phoenix,US-AZ,US,2025-02-19T04:26:16.030000+00:00,2025-02-19T04:27:47.080000+00:00,2025-02-18 21:26,adsb-lol;airplanes-live
N582MM,2023-02-06,"Never LADD; FlightAware blocked=true (AeroAPI, Sep 2026) with no known start date, so the whole recovered record is listed",2025-02-19,KPHX,Phoenix Sky Harbor International Airport,Phoenix,US-AZ,US,2025-02-19T23:18:10.130000+00:00,2025-02-19T23:56:24.460000+00:00,2025-02-19 16:18,adsb-lol;airplanes-live
N582MM,2023-02-06,"Never LADD; FlightAware blocked=true (AeroAPI, Sep 2026) with no known start date, so the whole recovered record is listed",2025-02-20,KSDL,Scottsdale Airport,Scottsdale,US-AZ,US,2025-02-20T00:13:27.610000+00:00,2025-02-20T01:30:24.960000+00:00,2025-02-19 17:13,adsb-lol;airplanes-live
N582MM,2023-02-06,"Never LADD; FlightAware blocked=true (AeroAPI, Sep 2026) with no known start date, so the whole recovered record is listed",2025-02-20,KTPA,Tampa International Airport,Tampa,US-FL,US,2025-02-20T04:51:25.120000+00:00,2025-02-20T04:55:12.110000+00:00,2025-02-19 23:51,adsb-lol;airplanes-live
N582MM,2023-02-06,"Never LADD; FlightAware blocked=true (AeroAPI, Sep 2026) with no known start date, so the whole recovered record is listed",2025-02-20,KTPA,Tampa International Airport,Tampa,US-FL,US,2025-02-20T22:24:40.170000+00:00,2025-02-20T22:45:03.240000+00:00,2025-02-20 17:24,adsb-lol;airplanes-live
N582MM,2023-02-06,"Never LADD; FlightAware blocked=true (AeroAPI, Sep 2026) with no known start date, so the whole recovered record is listed",2025-02-21,KLAL,Lakeland Linder International Airport,Lakeland,US-FL,US,2025-02-21T02:55:45.260000+00:00,2025-02-21T02:55:48.400000+00:00,2025-02-20 21:55,airplanes-live
N582MM,2023-02-06,"Never LADD; FlightAware blocked=true (AeroAPI, Sep 2026) with no known start date, so the whole recovered record is listed",2025-02-21,KSDL,Scottsdale Airport,Scottsdale,US-AZ,US,2025-02-21T07:36:35.410000+00:00,2025-02-21T07:39:24.050000+00:00,2025-02-21 00:36,adsb-lol;airplanes-live
N582MM,2023-02-06,"Never LADD; FlightAware blocked=true (AeroAPI, Sep 2026) with no known start date, so the whole recovered record is listed",2025-02-21,KSDL,Scottsdale Airport,Scottsdale,US-AZ,US,2025-02-21T13:57:56.510000+00:00,2025-02-21T14:27:14.930000+00:00,2025-02-21 06:57,adsb-lol;airplanes-live
N582MM,2023-02-06,"Never LADD; FlightAware blocked=true (AeroAPI, Sep 2026) with no known start date, so the whole recovered record is listed",2025-02-23,KPHX,Phoenix Sky Harbor International Airport,Phoenix,US-AZ,US,2025-02-23T00:29:30.410000+00:00,2025-02-23T00:31:05.630000+00:00,2025-02-22 17:29,adsb-lol;airplanes-live
N582MM,2023-02-06,"Never LADD; FlightAware blocked=true (AeroAPI, Sep 2026) with no known start date, so the whole recovered record is listed",2025-02-24,KPHX,Phoenix Sky Harbor International Airport,Phoenix,US-AZ,US,2025-02-24T18:45:33.010000+00:00,2025-02-24T19:07:36.270000+00:00,2025-02-24 11:45,adsb-lol;airplanes-live
N582MM,2023-02-06,"Never LADD; FlightAware blocked=true (AeroAPI, Sep 2026) with no known start date, so the whole recovered record is listed",2025-02-25,KPHX,Phoenix Sky Harbor International Airport,Phoenix,US-AZ,US,2025-02-25T21:14:20.780000+00:00,2025-02-25T22:03:12.850000+00:00,2025-02-25 14:14,adsb-lol;airplanes-live
N582MM,2023-02-06,"Never LADD; FlightAware blocked=true (AeroAPI, Sep 2026) with no known start date, so the whole recovered record is listed",2025-02-26,KSDL,Scottsdale Airport,Scottsdale,US-AZ,US,2025-02-26T10:00:32.960000+00:00,2025-02-26T11:45:33.090000+00:00,2025-02-26 03:00,adsb-lol;airplanes-live
N582MM,2023-02-06,"Never LADD; FlightAware blocked=true (AeroAPI, Sep 2026) with no known start date, so the whole recovered record is listed",2025-02-26,KTEB,Teterboro Airport,Teterboro,US-NJ,US,2025-02-26T15:36:01.160000+00:00,2025-02-26T15:40:03.920000+00:00,2025-02-26 10:36,airplanes-live
N582MM,2023-02-06,"Never LADD; FlightAware blocked=true (AeroAPI, Sep 2026) with no known start date, so the whole recovered record is listed",2025-02-27,KTEB,Teterboro Airport,Teterboro,US-NJ,US,2025-02-27T00:57:02.220000+00:00,2025-02-27T00:58:33.490000+00:00,2025-02-26 19:57,airplanes-live
N582MM,2023-02-06,"Never LADD; FlightAware blocked=true (AeroAPI, Sep 2026) with no known start date, so the whole recovered record is listed",2025-03-01,KSDL,Scottsdale Airport,Scottsdale,US-AZ,US,2025-03-01T01:01:57.520000+00:00,2025-03-01T01:05:45.380000+00:00,2025-02-28 18:01,adsb-lol;adsbexchange-samples;airplanes-live
N582MM,2023-02-06,"Never LADD; FlightAware blocked=true (AeroAPI, Sep 2026) with no known start date, so the whole recovered record is listed",2025-03-01,KSDL,Scottsdale Airport,Scottsdale,US-AZ,US,2025-03-01T14:38:31.270000+00:00,2025-03-01T15:03:05.910000+00:00,2025-03-01 07:38,adsb-lol;adsbexchange-samples;airplanes-live
N582MM,2023-02-06,"Never LADD; FlightAware blocked=true (AeroAPI, Sep 2026) with no known start date, so the whole recovered record is listed",2025-03-01,KSDL,Scottsdale Airport,Scottsdale,US-AZ,US,2025-03-01T20:54:38.940000+00:00,2025-03-01T20:55:44.620000+00:00,2025-03-01 13:54,adsb-lol;adsbexchange-samples;airplanes-live
N582MM,2023-02-06,"Never LADD; FlightAware blocked=true (AeroAPI, Sep 2026) with no known start date, so the whole recovered record is listed",2025-03-02,KSDL,Scottsdale Airport,Scottsdale,US-AZ,US,2025-03-02T19:01:33.480000+00:00,2025-03-02T20:18:25.720000+00:00,2025-03-02 12:01,adsb-lol;airplanes-live
N582MM,2023-02-06,"Never LADD; FlightAware blocked=true (AeroAPI, Sep 2026) with no known start date, so the whole recovered record is listed",2025-03-02,KUDD,Bermuda Dunes Airport,Bermuda Dunes,US-CA,US,2025-03-02T21:04:22.410000+00:00,2025-03-02T21:38:14.840000+00:00,2025-03-02 13:04,airplanes-live
N582MM,2023-02-06,"Never LADD; FlightAware blocked=true (AeroAPI, Sep 2026) with no known start date, so the whole recovered record is listed",2025-03-02,KSDL,Scottsdale Airport,Scottsdale,US-AZ,US,2025-03-02T22:24:05.500000+00:00,2025-03-02T22:25:08.990000+00:00,2025-03-02 15:24,adsb-lol;airplanes-live
N582MM,2023-02-06,"Never LADD; FlightAware blocked=true (AeroAPI, Sep 2026) with no known start date, so the whole recovered record is listed",2025-03-03,KSDL,Scottsdale Airport,Scottsdale,US-AZ,US,2025-03-03T15:53:04.110000+00:00,2025-03-03T17:24:47.570000+00:00,2025-03-03 08:53,adsb-lol;airplanes-live
N582MM,2023-02-06,"Never LADD; FlightAware blocked=true (AeroAPI, Sep 2026) with no known start date, so the whole recovered record is listed",2025-03-03,KHHR,Jack Northrop Field Hawthorne Municipal Airport,Hawthorne,US-CA,US,2025-03-03T18:28:44.280000+00:00,2025-03-03T18:32:39.430000+00:00,2025-03-03 10:28,adsb-lol;airplanes-live
N582MM,2023-02-06,"Never LADD; FlightAware blocked=true (AeroAPI, Sep 2026) with no known start date, so the whole recovered record is listed",2025-03-04,KHHR,Jack Northrop Field Hawthorne Municipal Airport,Hawthorne,US-CA,US,2025-03-04T01:00:42.590000+00:00,2025-03-04T01:00:42.590000+00:00,2025-03-03 17:00,airplanes-live
N582MM,2023-02-06,"Never LADD; FlightAware blocked=true (AeroAPI, Sep 2026) with no known start date, so the whole recovered record is listed",2025-03-04,KSDL,Scottsdale Airport,Scottsdale,US-AZ,US,2025-03-04T01:57:19.170000+00:00,2025-03-04T01:58:09.680000+00:00,2025-03-03 18:57,adsb-lol;airplanes-live
N582MM,2023-02-06,"Never LADD; FlightAware blocked=true (AeroAPI, Sep 2026) with no known start date, so the whole recovered record is listed",2025-03-04,KSDL,Scottsdale Airport,Scottsdale,US-AZ,US,2025-03-04T14:50:34.550000+00:00,2025-03-04T15:00:30.540000+00:00,2025-03-04 07:50,adsb-lol;airplanes-live
N582MM,2023-02-06,"Never LADD; FlightAware blocked=true (AeroAPI, Sep 2026) with no known start date, so the whole recovered record is listed",2025-03-04,KOAK,Oakland San Francisco Bay Airport,Oakland,US-CA,US,2025-03-04T16:41:50.640000+00:00,2025-03-04T20:37:03.880000+00:00,2025-03-04 08:41,adsb-lol;airplanes-live
N582MM,2023-02-06,"Never LADD; FlightAware blocked=true (AeroAPI, Sep 2026) with no known start date, so the whole recovered record is listed",2025-03-04,KPHX,Phoenix Sky Harbor International Airport,Phoenix,US-AZ,US,2025-03-04T22:08:02.450000+00:00,2025-03-04T22:09:26.980000+00:00,2025-03-04 15:08,adsb-lol;airplanes-live
N582MM,2023-02-06,"Never LADD; FlightAware blocked=true (AeroAPI, Sep 2026) with no known start date, so the whole recovered record is listed",2025-03-05,KPHX,Phoenix Sky Harbor International Airport,Phoenix,US-AZ,US,2025-03-05T23:11:02.340000+00:00,2025-03-06T01:22:20.850000+00:00,2025-03-05 16:11,adsb-lol;airplanes-live
N582MM,2023-02-06,"Never LADD; FlightAware blocked=true (AeroAPI, Sep 2026) with no known start date, so the whole recovered record is listed",2025-03-06,KLGB,Long Beach International Airport,Long Beach,US-CA,US,2025-03-06T02:22:34.250000+00:00,2025-03-06T04:25:12.530000+00:00,2025-03-05 18:22,airplanes-live
N582MM,2023-02-06,"Never LADD; FlightAware blocked=true (AeroAPI, Sep 2026) with no known start date, so the whole recovered record is listed",2025-03-06,KSDL,Scottsdale Airport,Scottsdale,US-AZ,US,2025-03-06T05:15:39.190000+00:00,2025-03-06T05:16:18.300000+00:00,2025-03-05 22:15,airplanes-live
N582MM,2023-02-06,"Never LADD; FlightAware blocked=true (AeroAPI, Sep 2026) with no known start date, so the whole recovered record is listed",2025-03-06,KSDL,Scottsdale Airport,Scottsdale,US-AZ,US,2025-03-06T16:55:02+00:00,2025-03-06T18:16:17.620000+00:00,2025-03-06 09:55,airplanes-live
N582MM,2023-02-06,"Never LADD; FlightAware blocked=true (AeroAPI, Sep 2026) with no known start date, so the whole recovered record is listed",2025-03-06,KVNY,Van Nuys Airport,Van Nuys,US-CA,US,2025-03-06T19:24:12.200000+00:00,2025-03-06T19:24:43.150000+00:00,2025-03-06 11:24,airplanes-live
N582MM,2023-02-06,"Never LADD; FlightAware blocked=true (AeroAPI, Sep 2026) with no known start date, so the whole recovered record is listed",2025-03-06,KVNY,Van Nuys Airport,Van Nuys,US-CA,US,2025-03-06T22:39:43.100000+00:00,2025-03-06T22:48:49.930000+00:00,2025-03-06 14:39,airplanes-live
N582MM,2023-02-06,"Never LADD; FlightAware blocked=true (AeroAPI, Sep 2026) with no known start date, so the whole recovered record is listed",2025-03-06,KSDL,Scottsdale Airport,Scottsdale,US-AZ,US,2025-03-06T23:44:02.810000+00:00,2025-03-06T23:44:54.430000+00:00,2025-03-06 16:44,airplanes-live
N582MM,2023-02-06,"Never LADD; FlightAware blocked=true (AeroAPI, Sep 2026) with no known start date, so the whole recovered record is listed",2025-03-07,KSDL,Scottsdale Airport,Scottsdale,US-AZ,US,2025-03-07T21:36:16.430000+00:00,2025-03-07T22:48:04.910000+00:00,2025-03-07 14:36,airplanes-live
N582MM,2023-02-06,"Never LADD; FlightAware blocked=true (AeroAPI, Sep 2026) with no known start date, so the whole recovered record is listed",2025-03-08,KIWA,Mesa Gateway Airport,Mesa,US-AZ,US,2025-03-08T13:33:32.920000+00:00,2025-03-08T14:41:22.120000+00:00,2025-03-08 06:33,airplanes-live
N582MM,2023-02-06,"Never LADD; FlightAware blocked=true (AeroAPI, Sep 2026) with no known start date, so the whole recovered record is listed",2025-03-08,KSDL,Scottsdale Airport,Scottsdale,US-AZ,US,2025-03-08T17:27:19.440000+00:00,2025-03-08T20:08:21.800000+00:00,2025-03-08 10:27,airplanes-live
N582MM,2023-02-06,"Never LADD; FlightAware blocked=true (AeroAPI, Sep 2026) with no known start date, so the whole recovered record is listed",2025-03-10,KIAD,Washington Dulles International Airport,Dulles,US-VA,US,2025-03-10T03:42:27.990000+00:00,2025-03-10T03:53:06.160000+00:00,2025-03-09 23:42,airplanes-live
N582MM,2023-02-06,"Never LADD; FlightAware blocked=true (AeroAPI, Sep 2026) with no known start date, so the whole recovered record is listed",2025-03-10,KIAD,Washington Dulles International Airport,Dulles,US-VA,US,2025-03-10T15:44:40.170000+00:00,2025-03-10T16:16:30.030000+00:00,2025-03-10 11:44,airplanes-live
N582MM,2023-02-06,"Never LADD; FlightAware blocked=true (AeroAPI, Sep 2026) with no known start date, so the whole recovered record is listed",2025-03-10,KCLT,Charlotte Douglas International Airport,Charlotte,US-NC,US,2025-03-10T17:23:29.030000+00:00,2025-03-10T17:34:23.280000+00:00,2025-03-10 13:23,airplanes-live
N582MM,2023-02-06,"Never LADD; FlightAware blocked=true (AeroAPI, Sep 2026) with no known start date, so the whole recovered record is listed",2025-03-12,KCLT,Charlotte Douglas International Airport,Charlotte,US-NC,US,2025-03-12T20:32:03.430000+00:00,2025-03-12T20:39:03.990000+00:00,2025-03-12 16:32,airplanes-live
N582MM,2023-02-06,"Never LADD; FlightAware blocked=true (AeroAPI, Sep 2026) with no known start date, so the whole recovered record is listed",2025-03-12,KIAD,Washington Dulles International Airport,Dulles,US-VA,US,2025-03-12T21:33:38.260000+00:00,2025-03-12T21:39:11.060000+00:00,2025-03-12 17:33,adsb-lol;airplanes-live
N582MM,2023-02-06,"Never LADD; FlightAware blocked=true (AeroAPI, Sep 2026) with no known start date, so the whole recovered record is listed",2025-03-13,KIAD,Washington Dulles International Airport,Dulles,US-VA,US,2025-03-13T12:55:39.040000+00:00,2025-03-13T14:38:04.910000+00:00,2025-03-13 08:55,adsb-lol;airplanes-live
N582MM,2023-02-06,"Never LADD; FlightAware blocked=true (AeroAPI, Sep 2026) with no known start date, so the whole recovered record is listed",2025-03-13,KTYS,McGhee Tyson Airport,Knoxville/Maryville,US-TN,US,2025-03-13T15:40:55.130000+00:00,2025-03-13T15:40:55.130000+00:00,2025-03-13 10:40,airplanes-live
N582MM,2023-02-06,"Never LADD; FlightAware blocked=true (AeroAPI, Sep 2026) with no known start date, so the whole recovered record is listed",2025-03-14,KPHX,Phoenix Sky Harbor International Airport,Phoenix,US-AZ,US,2025-03-14T00:05:57.530000+00:00,2025-03-14T00:07:37.200000+00:00,2025-03-13 17:05,adsb-lol;airplanes-live
N582MM,2023-02-06,"Never LADD; FlightAware blocked=true (AeroAPI, Sep 2026) with no known start date, so the whole recovered record is listed",2025-03-16,KPHX,Phoenix Sky Harbor International Airport,Phoenix,US-AZ,US,2025-03-16T15:27:35.830000+00:00,2025-03-16T15:40:17.300000+00:00,2025-03-16 08:27,adsb-lol;airplanes-live
N582MM,2023-02-06,"Never LADD; FlightAware blocked=true (AeroAPI, Sep 2026) with no known start date, so the whole recovered record is listed",2025-03-17,KPHX,Phoenix Sky Harbor International Airport,Phoenix,US-AZ,US,2025-03-17T18:07:34.120000+00:00,2025-03-17T19:40:31.560000+00:00,2025-03-17 11:07,adsb-lol;airplanes-live
N582MM,2023-02-06,"Never LADD; FlightAware blocked=true (AeroAPI, Sep 2026) with no known start date, so the whole recovered record is listed",2025-03-18,KLZU,Gwinnett County Briscoe Field,Lawrenceville,US-GA,US,2025-03-18T02:56:06.500000+00:00,2025-03-18T03:00:17.720000+00:00,2025-03-17 22:56,adsb-lol;airplanes-live
N582MM,2023-02-06,"Never LADD; FlightAware blocked=true (AeroAPI, Sep 2026) with no known start date, so the whole recovered record is listed",2025-03-19,KLZU,Gwinnett County Briscoe Field,Lawrenceville,US-GA,US,2025-03-19T00:16:46.810000+00:00,2025-03-19T00:22:40.330000+00:00,2025-03-18 20:16,adsb-lol;airplanes-live
N582MM,2023-02-06,"Never LADD; FlightAware blocked=true (AeroAPI, Sep 2026) with no known start date, so the whole recovered record is listed",2025-03-19,KSDL,Scottsdale Airport,Scottsdale,US-AZ,US,2025-03-19T04:35:22.850000+00:00,2025-03-19T04:37:32.310000+00:00,2025-03-18 21:35,adsb-lol;airplanes-live
N582MM,2023-02-06,"Never LADD; FlightAware blocked=true (AeroAPI, Sep 2026) with no known start date, so the whole recovered record is listed",2025-03-19,KSDL,Scottsdale Airport,Scottsdale,US-AZ,US,2025-03-19T18:00:34.140000+00:00,2025-03-19T20:12:36.110000+00:00,2025-03-19 11:00,adsb-lol;airplanes-live
N582MM,2023-02-06,"Never LADD; FlightAware blocked=true (AeroAPI, Sep 2026) with no known start date, so the whole recovered record is listed",2025-03-20,KSDL,Scottsdale Airport,Scottsdale,US-AZ,US,2025-03-20T03:27:50.810000+00:00,2025-03-20T04:41:12.680000+00:00,2025-03-19 20:27,adsb-lol;airplanes-live
N582MM,2023-02-06,"Never LADD; FlightAware blocked=true (AeroAPI, Sep 2026) with no known start date, so the whole recovered record is listed",2025-03-21,KPHX,Phoenix Sky Harbor International Airport,Phoenix,US-AZ,US,2025-03-21T16:45:33.610000+00:00,2025-03-21T18:24:01.630000+00:00,2025-03-21 09:45,adsb-lol;airplanes-live
N582MM,2023-02-06,"Never LADD; FlightAware blocked=true (AeroAPI, Sep 2026) with no known start date, so the whole recovered record is listed",2025-03-21,KVNY,Van Nuys Airport,Van Nuys,US-CA,US,2025-03-21T19:27:23+00:00,2025-03-21T20:04:36.690000+00:00,2025-03-21 12:27,airplanes-live
N582MM,2023-02-06,"Never LADD; FlightAware blocked=true (AeroAPI, Sep 2026) with no known start date, so the whole recovered record is listed",2025-03-22,KDLH,Duluth International Airport,Duluth,US-MN,US,2025-03-22T02:16:46+00:00,2025-03-22T02:21:37.910000+00:00,2025-03-21 21:16,adsb-lol;airplanes-live
N582MM,2023-02-06,"Never LADD; FlightAware blocked=true (AeroAPI, Sep 2026) with no known start date, so the whole recovered record is listed",2025-03-22,KDLH,Duluth International Airport,Duluth,US-MN,US,2025-03-22T16:03:02.820000+00:00,2025-03-22T16:31:58.380000+00:00,2025-03-22 11:03,adsb-lol;airplanes-live
N582MM,2023-02-06,"Never LADD; FlightAware blocked=true (AeroAPI, Sep 2026) with no known start date, so the whole recovered record is listed",2025-03-22,KPHX,Phoenix Sky Harbor International Airport,Phoenix,US-AZ,US,2025-03-22T19:50:26.440000+00:00,2025-03-22T19:55:13.010000+00:00,2025-03-22 12:50,adsb-lol;airplanes-live
N582MM,2023-02-06,"Never LADD; FlightAware blocked=true (AeroAPI, Sep 2026) with no known start date, so the whole recovered record is listed",2025-03-24,KPHX,Phoenix Sky Harbor International Airport,Phoenix,US-AZ,US,2025-03-24T15:12:03.710000+00:00,2025-03-24T18:19:55.410000+00:00,2025-03-24 08:12,adsb-lol;airplanes-live
N582MM,2023-02-06,"Never LADD; FlightAware blocked=true (AeroAPI, Sep 2026) with no known start date, so the whole recovered record is listed",2025-03-24,KBFI,King County International Airport - Boeing Field,Seattle,US-WA,US,2025-03-24T21:05:39.400000+00:00,2025-03-24T21:07:14.440000+00:00,2025-03-24 14:05,airplanes-live
N582MM,2023-02-06,"Never LADD; FlightAware blocked=true (AeroAPI, Sep 2026) with no known start date, so the whole recovered record is listed",2025-03-26,KSDL,Scottsdale Airport,Scottsdale,US-AZ,US,2025-03-26T01:37:54.450000+00:00,2025-03-26T01:38:37.270000+00:00,2025-03-25 18:37,airplanes-live
N582MM,2023-02-06,"Never LADD; FlightAware blocked=true (AeroAPI, Sep 2026) with no known start date, so the whole recovered record is listed",2025-03-26,KSDL,Scottsdale Airport,Scottsdale,US-AZ,US,2025-03-26T20:04:57.540000+00:00,2025-03-26T21:34:24.670000+00:00,2025-03-26 13:04,airplanes-live
N582MM,2023-02-06,"Never LADD; FlightAware blocked=true (AeroAPI, Sep 2026) with no known start date, so the whole recovered record is listed",2025-03-26,KCNO,Chino Airport,Chino,US-CA,US,2025-03-26T22:26:37+00:00,2025-03-26T22:27:22.040000+00:00,2025-03-26 15:26,airplanes-live
N582MM,2023-02-06,"Never LADD; FlightAware blocked=true (AeroAPI, Sep 2026) with no known start date, so the whole recovered record is listed",2025-03-27,KSDL,Scottsdale Airport,Scottsdale,US-AZ,US,2025-03-27T05:00:26.490000+00:00,2025-03-27T05:04:22.860000+00:00,2025-03-26 22:00,airplanes-live
N582MM,2023-02-06,"Never LADD; FlightAware blocked=true (AeroAPI, Sep 2026) with no known start date, so the whole recovered record is listed",2025-03-27,KSDL,Scottsdale Airport,Scottsdale,US-AZ,US,2025-03-27T13:01:36.520000+00:00,2025-03-27T14:25:32.280000+00:00,2025-03-27 06:01,airplanes-live
N582MM,2023-02-06,"Never LADD; FlightAware blocked=true (AeroAPI, Sep 2026) with no known start date, so the whole recovered record is listed",2025-03-29,KSLC,Salt Lake City International Airport,Salt Lake City,US-UT,US,2025-03-29T17:55:15.110000+00:00,2025-03-29T18:30:04.610000+00:00,2025-03-29 11:55,adsb-lol;airplanes-live
N582MM,2023-02-06,"Never LADD; FlightAware blocked=true (AeroAPI, Sep 2026) with no known start date, so the whole recovered record is listed",2025-03-29,KSDL,Scottsdale Airport,Scottsdale,US-AZ,US,2025-03-29T19:40:19.160000+00:00,2025-03-29T19:41:30.260000+00:00,2025-03-29 12:40,adsb-lol;airplanes-live
N582MM,2023-02-06,"Never LADD; FlightAware blocked=true (AeroAPI, Sep 2026) with no known start date, so the whole recovered record is listed",2025-03-30,KSDL,Scottsdale Airport,Scottsdale,US-AZ,US,2025-03-30T13:48:19.020000+00:00,2025-03-30T13:51:53.600000+00:00,2025-03-30 06:48,adsb-lol;airplanes-live
N582MM,2023-02-06,"Never LADD; FlightAware blocked=true (AeroAPI, Sep 2026) with no known start date, so the whole recovered record is listed",2025-03-30,KAPA,Centennial Airport,Denver,US-CO,US,2025-03-30T18:32:04.430000+00:00,2025-03-30T21:10:00.220000+00:00,2025-03-30 12:32,adsb-lol;airplanes-live
N582MM,2023-02-06,"Never LADD; FlightAware blocked=true (AeroAPI, Sep 2026) with no known start date, so the whole recovered record is listed",2025-03-30,KSDL,Scottsdale Airport,Scottsdale,US-AZ,US,2025-03-30T22:37:16.250000+00:00,2025-03-30T22:37:57.660000+00:00,2025-03-30 15:37,adsb-lol;airplanes-live
N582MM,2023-02-06,"Never LADD; FlightAware blocked=true (AeroAPI, Sep 2026) with no known start date, so the whole recovered record is listed",2025-04-01,KSDL,Scottsdale Airport,Scottsdale,US-AZ,US,2025-04-01T12:57:34.510000+00:00,2025-04-01T14:04:52.820000+00:00,2025-04-01 05:57,adsb-lol;adsbexchange-samples;airplanes-live
N582MM,2023-02-06,"Never LADD; FlightAware blocked=true (AeroAPI, Sep 2026) with no known start date, so the whole recovered record is listed",2025-04-01,KSWO,Stillwater Regional Airport,Stillwater,US-OK,US,2025-04-01T15:47:06.710000+00:00,2025-04-01T15:49:17.460000+00:00,2025-04-01 10:47,adsbexchange-samples
N582MM,2023-02-06,"Never LADD; FlightAware blocked=true (AeroAPI, Sep 2026) with no known start date, so the whole recovered record is listed",2025-04-01,KSWO,Stillwater Regional Airport,Stillwater,US-OK,US,2025-04-01T19:23:50.360000+00:00,2025-04-01T20:24:10.320000+00:00,2025-04-01 14:23,adsbexchange-samples
N582MM,2023-02-06,"Never LADD; FlightAware blocked=true (AeroAPI, Sep 2026) with no known start date, so the whole recovered record is listed",2025-04-01,KSDL,Scottsdale Airport,Scottsdale,US-AZ,US,2025-04-01T22:49:26.910000+00:00,2025-04-01T22:50:57.300000+00:00,2025-04-01 15:49,adsb-lol;adsbexchange-samples;airplanes-live
N582MM,2023-02-06,"Never LADD; FlightAware blocked=true (AeroAPI, Sep 2026) with no known start date, so the whole recovered record is listed",2025-04-03,KSDL,Scottsdale Airport,Scottsdale,US-AZ,US,2025-04-03T03:20:08.310000+00:00,2025-04-03T03:26:40.180000+00:00,2025-04-02 20:20,adsb-lol;airplanes-live
N582MM,2023-02-06,"Never LADD; FlightAware blocked=true (AeroAPI, Sep 2026) with no known start date, so the whole recovered record is listed",2025-04-03,KIAD,Washington Dulles International Airport,Dulles,US-VA,US,2025-04-03T07:24:01.010000+00:00,2025-04-03T07:30:42.270000+00:00,2025-04-03 03:24,adsb-lol;airplanes-live
N582MM,2023-02-06,"Never LADD; FlightAware blocked=true (AeroAPI, Sep 2026) with no known start date, so the whole recovered record is listed",2025-04-03,KIAD,Washington Dulles International Airport,Dulles,US-VA,US,2025-04-03T21:08:47.210000+00:00,2025-04-03T21:13:34.070000+00:00,2025-04-03 17:08,airplanes-live
N582MM,2023-02-06,"Never LADD; FlightAware blocked=true (AeroAPI, Sep 2026) with no known start date, so the whole recovered record is listed",2025-04-04,KSDL,Scottsdale Airport,Scottsdale,US-AZ,US,2025-04-04T02:14:52.550000+00:00,2025-04-04T02:17:14.170000+00:00,2025-04-03 19:14,adsb-lol;airplanes-live
N582MM,2023-02-06,"Never LADD; FlightAware blocked=true (AeroAPI, Sep 2026) with no known start date, so the whole recovered record is listed",2025-04-06,KSDL,Scottsdale Airport,Scottsdale,US-AZ,US,2025-04-06T22:45:10.520000+00:00,2025-04-07T00:08:22.410000+00:00,2025-04-06 15:45,adsb-lol;airplanes-live
N582MM,2023-02-06,"Never LADD; FlightAware blocked=true (AeroAPI, Sep 2026) with no known start date, so the whole recovered record is listed",2025-04-09,KBOS,Boston Logan International Airport,Boston,US-MA,US,2025-04-09T04:16:30.720000+00:00,2025-04-09T04:20:56.200000+00:00,2025-04-09 00:16,adsb-lol;airplanes-live
N582MM,2023-02-06,"Never LADD; FlightAware blocked=true (AeroAPI, Sep 2026) with no known start date, so the whole recovered record is listed",2025-04-09,KBOS,Boston Logan International Airport,Boston,US-MA,US,2025-04-09T23:14:07.490000+00:00,2025-04-10T00:13:40.530000+00:00,2025-04-09 19:14,adsb-lol;airplanes-live
N582MM,2023-02-06,"Never LADD; FlightAware blocked=true (AeroAPI, Sep 2026) with no known start date, so the whole recovered record is listed",2025-04-10,KCLE,Cleveland Hopkins International Airport,Cleveland,US-OH,US,2025-04-10T20:33:11.210000+00:00,2025-04-10T20:33:50.280000+00:00,2025-04-10 16:33,adsb-lol;airplanes-live
N582MM,2023-02-06,"Never LADD; FlightAware blocked=true (AeroAPI, Sep 2026) with no known start date, so the whole recovered record is listed",2025-04-11,KSDL,Scottsdale Airport,Scottsdale,US-AZ,US,2025-04-11T23:12:45.060000+00:00,2025-04-12T00:09:41.320000+00:00,2025-04-11 16:12,adsb-lol;airplanes-live
N582MM,2023-02-06,"Never LADD; FlightAware blocked=true (AeroAPI, Sep 2026) with no known start date, so the whole recovered record is listed",2025-04-14,KSDL,Scottsdale Airport,Scottsdale,US-AZ,US,2025-04-14T14:32:33.410000+00:00,2025-04-14T15:31:17.890000+00:00,2025-04-14 07:32,adsb-lol;airplanes-live
N582MM,2023-02-06,"Never LADD; FlightAware blocked=true (AeroAPI, Sep 2026) with no known start date, so the whole recovered record is listed",2025-04-14,KCOE,Coeur D'Alene Airport - Pappy Boyington Field,Coeur d'Alene,US-ID,US,2025-04-14T17:47:46.840000+00:00,2025-04-14T17:48:17.390000+00:00,2025-04-14 11:47,airplanes-live
N582MM,2023-02-06,"Never LADD; FlightAware blocked=true (AeroAPI, Sep 2026) with no known start date, so the whole recovered record is listed",2025-04-14,KSDL,Scottsdale Airport,Scottsdale,US-AZ,US,2025-04-14T21:21:55.300000+00:00,2025-04-14T22:10:00.840000+00:00,2025-04-14 14:21,adsb-lol;airplanes-live
N582MM,2023-02-06,"Never LADD; FlightAware blocked=true (AeroAPI, Sep 2026) with no known start date, so the whole recovered record is listed",2025-04-14,KCOS,City of Colorado Springs Municipal Airport,Colorado Springs,US-CO,US,2025-04-14T23:24:11.410000+00:00,2025-04-14T23:26:29.740000+00:00,2025-04-14 17:24,adsb-lol;airplanes-live
N582MM,2023-02-06,"Never LADD; FlightAware blocked=true (AeroAPI, Sep 2026) with no known start date, so the whole recovered record is listed",2025-04-15,KCOS,City of Colorado Springs Municipal Airport,Colorado Springs,US-CO,US,2025-04-15T02:41:46.770000+00:00,2025-04-15T02:47:51.500000+00:00,2025-04-14 20:41,adsb-lol;airplanes-live
N582MM,2023-02-06,"Never LADD; FlightAware blocked=true (AeroAPI, Sep 2026) with no known start date, so the whole recovered record is listed",2025-04-15,KSDL,Scottsdale Airport,Scottsdale,US-AZ,US,2025-04-15T23:39:58.660000+00:00,2025-04-15T23:41:49.900000+00:00,2025-04-15 16:39,adsb-lol;airplanes-live
N582MM,2023-02-06,"Never LADD; FlightAware blocked=true (AeroAPI, Sep 2026) with no known start date, so the whole recovered record is listed",2025-04-16,KSDL,Scottsdale Airport,Scottsdale,US-AZ,US,2025-04-16T20:01:58.610000+00:00,2025-04-16T21:29:44.980000+00:00,2025-04-16 13:01,adsb-lol;airplanes-live
N582MM,2023-02-06,"Never LADD; FlightAware blocked=true (AeroAPI, Sep 2026) with no known start date, so the whole recovered record is listed",2025-04-16,KVNY,Van Nuys Airport,Van Nuys,US-CA,US,2025-04-16T22:39:33.560000+00:00,2025-04-16T22:40:35.060000+00:00,2025-04-16 15:39,adsb-lol;airplanes-live
N582MM,2023-02-06,"Never LADD; FlightAware blocked=true (AeroAPI, Sep 2026) with no known start date, so the whole recovered record is listed",2025-04-17,KVNY,Van Nuys Airport,Van Nuys,US-CA,US,2025-04-17T02:33:40.070000+00:00,2025-04-17T02:41:08.910000+00:00,2025-04-16 19:33,adsb-lol;airplanes-live
N582MM,2023-02-06,"Never LADD; FlightAware blocked=true (AeroAPI, Sep 2026) with no known start date, so the whole recovered record is listed",2025-04-17,KSDL,Scottsdale Airport,Scottsdale,US-AZ,US,2025-04-17T03:41:24.480000+00:00,2025-04-17T03:42:05.770000+00:00,2025-04-16 20:41,adsb-lol;airplanes-live
N582MM,2023-02-06,"Never LADD; FlightAware blocked=true (AeroAPI, Sep 2026) with no known start date, so the whole recovered record is listed",2025-04-17,KSDL,Scottsdale Airport,Scottsdale,US-AZ,US,2025-04-17T14:58:20.680000+00:00,2025-04-17T15:42:39.080000+00:00,2025-04-17 07:58,adsb-lol;airplanes-live
N582MM,2023-02-06,"Never LADD; FlightAware blocked=true (AeroAPI, Sep 2026) with no known start date, so the whole recovered record is listed",2025-04-18,KPUW,Pullman-Moscow Regional Airport,Pullman,US-WA,US,2025-04-18T00:50:22.290000+00:00,2025-04-18T02:00:49.160000+00:00,2025-04-17 17:50,airplanes-live
N582MM,2023-02-06,"Never LADD; FlightAware blocked=true (AeroAPI, Sep 2026) with no known start date, so the whole recovered record is listed",2025-04-18,KSDL,Scottsdale Airport,Scottsdale,US-AZ,US,2025-04-18T04:07:59.300000+00:00,2025-04-18T04:44:53.750000+00:00,2025-04-17 21:07,airplanes-live
N582MM,2023-02-06,"Never LADD; FlightAware blocked=true (AeroAPI, Sep 2026) with no known start date, so the whole recovered record is listed",2025-04-19,KPHX,Phoenix Sky Harbor International Airport,Phoenix,US-AZ,US,2025-04-19T13:15:21.140000+00:00,2025-04-19T14:27:02.930000+00:00,2025-04-19 06:15,adsb-lol;airplanes-live
N582MM,2023-02-06,"Never LADD; FlightAware blocked=true (AeroAPI, Sep 2026) with no known start date, so the whole recovered record is listed",2025-04-19,KSFB,Orlando Sanford International Airport,Orlando,US-FL,US,2025-04-19T18:14:30.270000+00:00,2025-04-19T18:14:30.270000+00:00,2025-04-19 14:14,adsb-lol
N582MM,2023-02-06,"Never LADD; FlightAware blocked=true (AeroAPI, Sep 2026) with no known start date, so the whole recovered record is listed",2025-04-21,KTYS,McGhee Tyson Airport,Knoxville/Maryville,US-TN,US,2025-04-21T19:57:25.330000+00:00,2025-04-21T20:45:08.410000+00:00,2025-04-21 14:57,airplanes-live
N582MM,2023-02-06,"Never LADD; FlightAware blocked=true (AeroAPI, Sep 2026) with no known start date, so the whole recovered record is listed",2025-04-22,KSDL,Scottsdale Airport,Scottsdale,US-AZ,US,2025-04-22T03:46:01.630000+00:00,2025-04-22T03:48:22+00:00,2025-04-21 20:46,adsb-lol;airplanes-live
N582MM,2023-02-06,"Never LADD; FlightAware blocked=true (AeroAPI, Sep 2026) with no known start date, so the whole recovered record is listed",2025-04-22,KSDL,Scottsdale Airport,Scottsdale,US-AZ,US,2025-04-22T13:25:21.460000+00:00,2025-04-22T14:00:52.770000+00:00,2025-04-22 06:25,adsb-lol;airplanes-live
N582MM,2023-02-06,"Never LADD; FlightAware blocked=true (AeroAPI, Sep 2026) with no known start date, so the whole recovered record is listed",2025-04-23,KSDL,Scottsdale Airport,Scottsdale,US-AZ,US,2025-04-23T04:23:14.430000+00:00,2025-04-23T05:27:32.240000+00:00,2025-04-22 21:23,adsb-lol;airplanes-live
N582MM,2023-02-06,"Never LADD; FlightAware blocked=true (AeroAPI, Sep 2026) with no known start date, so the whole recovered record is listed",2025-04-24,KSDL,Scottsdale Airport,Scottsdale,US-AZ,US,2025-04-24T19:29:50.910000+00:00,2025-04-24T21:38:04.480000+00:00,2025-04-24 12:29,adsb-lol;airplanes-live
N582MM,2023-02-06,"Never LADD; FlightAware blocked=true (AeroAPI, Sep 2026) with no known start date, so the whole recovered record is listed",2025-04-25,KPHL,Philadelphia International Airport,Philadelphia,US-PA,US,2025-04-25T06:52:10.240000+00:00,2025-04-25T06:55:20.190000+00:00,2025-04-25 02:52,adsb-lol;airplanes-live
N582MM,2023-02-06,"Never LADD; FlightAware blocked=true (AeroAPI, Sep 2026) with no known start date, so the whole recovered record is listed",2025-04-25,KPHL,Philadelphia International Airport,Philadelphia,US-PA,US,2025-04-25T22:56:00.820000+00:00,2025-04-26T00:14:28.290000+00:00,2025-04-25 18:56,adsb-lol;airplanes-live
N582MM,2023-02-06,"Never LADD; FlightAware blocked=true (AeroAPI, Sep 2026) with no known start date, so the whole recovered record is listed",2025-04-26,KSDL,Scottsdale Airport,Scottsdale,US-AZ,US,2025-04-26T05:37:40.470000+00:00,2025-04-26T05:39:12.920000+00:00,2025-04-25 22:37,adsb-lol;airplanes-live
N582MM,2023-02-06,"Never LADD; FlightAware blocked=true (AeroAPI, Sep 2026) with no known start date, so the whole recovered record is listed",2025-04-26,KSDL,Scottsdale Airport,Scottsdale,US-AZ,US,2025-04-26T15:17:53.970000+00:00,2025-04-26T16:44:17.950000+00:00,2025-04-26 08:17,adsb-lol;airplanes-live
N582MM,2023-02-06,"Never LADD; FlightAware blocked=true (AeroAPI, Sep 2026) with no known start date, so the whole recovered record is listed",2025-04-26,KDRO,Durango La Plata County Airport,Durango,US-CO,US,2025-04-26T19:43:54.640000+00:00,2025-04-26T20:14:34.480000+00:00,2025-04-26 13:43,airplanes-live
N582MM,2023-02-06,"Never LADD; FlightAware blocked=true (AeroAPI, Sep 2026) with no known start date, so the whole recovered record is listed",2025-04-27,KBFI,King County International Airport - Boeing Field,Seattle,US-WA,US,2025-04-27T02:43:02.150000+00:00,2025-04-27T02:45:26.270000+00:00,2025-04-26 19:43,adsb-lol;airplanes-live
N582MM,2023-02-06,"Never LADD; FlightAware blocked=true (AeroAPI, Sep 2026) with no known start date, so the whole recovered record is listed",2025-04-27,KSDL,Scottsdale Airport,Scottsdale,US-AZ,US,2025-04-27T05:39:18.600000+00:00,2025-04-27T05:42:02.940000+00:00,2025-04-26 22:39,adsb-lol;airplanes-live
N582MM,2023-02-06,"Never LADD; FlightAware blocked=true (AeroAPI, Sep 2026) with no known start date, so the whole recovered record is listed",2025-04-28,KSDL,Scottsdale Airport,Scottsdale,US-AZ,US,2025-04-28T13:15:57.330000+00:00,2025-04-28T14:17:57.320000+00:00,2025-04-28 06:15,adsb-lol;airplanes-live
N582MM,2023-02-06,"Never LADD; FlightAware blocked=true (AeroAPI, Sep 2026) with no known start date, so the whole recovered record is listed",2025-04-28,KSDL,Scottsdale Airport,Scottsdale,US-AZ,US,2025-04-28T21:38:15.660000+00:00,2025-04-28T21:39:26.060000+00:00,2025-04-28 14:38,adsb-lol;airplanes-live
N582MM,2023-02-06,"Never LADD; FlightAware blocked=true (AeroAPI, Sep 2026) with no known start date, so the whole recovered record is listed",2025-04-29,KSDL,Scottsdale Airport,Scottsdale,US-AZ,US,2025-04-29T19:11:10.520000+00:00,2025-04-29T20:26:21.420000+00:00,2025-04-29 12:11,adsb-lol;airplanes-live
N582MM,2023-02-06,"Never LADD; FlightAware blocked=true (AeroAPI, Sep 2026) with no known start date, so the whole recovered record is listed",2025-04-29,KAPA,Centennial Airport,Denver,US-CO,US,2025-04-29T21:46:47.910000+00:00,2025-04-29T21:47:23.120000+00:00,2025-04-29 15:46,adsb-lol;airplanes-live
N582MM,2023-02-06,"Never LADD; FlightAware blocked=true (AeroAPI, Sep 2026) with no known start date, so the whole recovered record is listed",2025-04-30,KAPA,Centennial Airport,Denver,US-CO,US,2025-04-30T02:38:40.940000+00:00,2025-04-30T02:41:43.510000+00:00,2025-04-29 20:38,adsb-lol;airplanes-live
N582MM,2023-02-06,"Never LADD; FlightAware blocked=true (AeroAPI, Sep 2026) with no known start date, so the whole recovered record is listed",2025-04-30,KSDL,Scottsdale Airport,Scottsdale,US-AZ,US,2025-04-30T04:00:54.970000+00:00,2025-04-30T04:04:39.760000+00:00,2025-04-29 21:00,adsb-lol;airplanes-live
N582MM,2023-02-06,"Never LADD; FlightAware blocked=true (AeroAPI, Sep 2026) with no known start date, so the whole recovered record is listed",2025-05-01,KSDL,Scottsdale Airport,Scottsdale,US-AZ,US,2025-05-01T18:19:34.890000+00:00,2025-05-01T20:00:07.080000+00:00,2025-05-01 11:19,adsb-lol;adsbexchange-samples;airplanes-live
N582MM,2023-02-06,"Never LADD; FlightAware blocked=true (AeroAPI, Sep 2026) with no known start date, so the whole recovered record is listed",2025-05-01,KSAN,San Diego International Airport,San Diego,US-CA,US,2025-05-01T20:54:10.920000+00:00,2025-05-01T22:59:26.250000+00:00,2025-05-01 13:54,adsb-lol;adsbexchange-samples;airplanes-live
N582MM,2023-02-06,"Never LADD; FlightAware blocked=true (AeroAPI, Sep 2026) with no known start date, so the whole recovered record is listed",2025-05-02,KLAS,Harry Reid International Airport,Las Vegas,US-NV,US,2025-05-02T02:15:09.990000+00:00,2025-05-02T02:23:35.580000+00:00,2025-05-01 19:15,adsb-lol;airplanes-live
N582MM,2023-02-06,"Never LADD; FlightAware blocked=true (AeroAPI, Sep 2026) with no known start date, so the whole recovered record is listed",2025-05-04,KSAN,San Diego International Airport,San Diego,US-CA,US,2025-05-04T00:47:02.320000+00:00,2025-05-04T00:52:42.240000+00:00,2025-05-03 17:47,adsb-lol;airplanes-live
N582MM,2023-02-06,"Never LADD; FlightAware blocked=true (AeroAPI, Sep 2026) with no known start date, so the whole recovered record is listed",2025-05-04,KSBA,Santa Barbara Municipal Airport,Santa Barbara,US-CA,US,2025-05-04T18:07:40.060000+00:00,2025-05-04T18:44:16.330000+00:00,2025-05-04 11:07,adsb-lol;airplanes-live
N582MM,2023-02-06,"Never LADD; FlightAware blocked=true (AeroAPI, Sep 2026) with no known start date, so the whole recovered record is listed",2025-05-04,KSBA,Santa Barbara Municipal Airport,Santa Barbara,US-CA,US,2025-05-04T23:04:32.240000+00:00,2025-05-05T00:38:47.290000+00:00,2025-05-04 16:04,adsb-lol;airplanes-live
N582MM,2023-02-06,"Never LADD; FlightAware blocked=true (AeroAPI, Sep 2026) with no known start date, so the whole recovered record is listed",2025-05-05,KVNY,Van Nuys Airport,Van Nuys,US-CA,US,2025-05-05T05:39:42.410000+00:00,2025-05-05T06:28:10.880000+00:00,2025-05-04 22:39,adsb-lol;airplanes-live
N582MM,2023-02-06,"Never LADD; FlightAware blocked=true (AeroAPI, Sep 2026) with no known start date, so the whole recovered record is listed",2025-05-05,KLGB,Long Beach International Airport,Long Beach,US-CA,US,2025-05-05T18:08:07.600000+00:00,2025-05-05T18:35:26.560000+00:00,2025-05-05 11:08,adsb-lol;airplanes-live
N582MM,2023-02-06,"Never LADD; FlightAware blocked=true (AeroAPI, Sep 2026) with no known start date, so the whole recovered record is listed",2025-05-05,KSAN,San Diego International Airport,San Diego,US-CA,US,2025-05-05T21:41:42.750000+00:00,2025-05-05T23:36:48.010000+00:00,2025-05-05 14:41,adsb-lol;airplanes-live
N582MM,2023-02-06,"Never LADD; FlightAware blocked=true (AeroAPI, Sep 2026) with no known start date, so the whole recovered record is listed",2025-05-06,KSDL,Scottsdale Airport,Scottsdale,US-AZ,US,2025-05-06T00:39:45.140000+00:00,2025-05-06T00:41:13.510000+00:00,2025-05-05 17:39,adsb-lol;airplanes-live
N582MM,2023-02-06,"Never LADD; FlightAware blocked=true (AeroAPI, Sep 2026) with no known start date, so the whole recovered record is listed",2025-05-06,KSDL,Scottsdale Airport,Scottsdale,US-AZ,US,2025-05-06T14:10:21.910000+00:00,2025-05-06T14:44:42.210000+00:00,2025-05-06 07:10,adsb-lol;airplanes-live
N582MM,2023-02-06,"Never LADD; FlightAware blocked=true (AeroAPI, Sep 2026) with no known start date, so the whole recovered record is listed",2025-05-06,KSAN,San Diego International Airport,San Diego,US-CA,US,2025-05-06T15:37:00.230000+00:00,2025-05-06T17:25:58.600000+00:00,2025-05-06 08:37,adsb-lol;airplanes-live
N582MM,2023-02-06,"Never LADD; FlightAware blocked=true (AeroAPI, Sep 2026) with no known start date, so the whole recovered record is listed",2025-05-06,KSFO,San Francisco International Airport,San Francisco,US-CA,US,2025-05-06T18:37:08.210000+00:00,2025-05-06T22:20:18.860000+00:00,2025-05-06 11:37,adsb-lol;airplanes-live
N582MM,2023-02-06,"Never LADD; FlightAware blocked=true (AeroAPI, Sep 2026) with no known start date, so the whole recovered record is listed",2025-05-06,KSDL,Scottsdale Airport,Scottsdale,US-AZ,US,2025-05-06T23:51:58.090000+00:00,2025-05-06T23:53:14.990000+00:00,2025-05-06 16:51,adsb-lol;airplanes-live
N582MM,2023-02-06,"Never LADD; FlightAware blocked=true (AeroAPI, Sep 2026) with no known start date, so the whole recovered record is listed",2025-05-07,KSDL,Scottsdale Airport,Scottsdale,US-AZ,US,2025-05-07T16:21:40.290000+00:00,2025-05-07T16:43:20.190000+00:00,2025-05-07 09:21,adsb-lol;airplanes-live
N582MM,2023-02-06,"Never LADD; FlightAware blocked=true (AeroAPI, Sep 2026) with no known start date, so the whole recovered record is listed",2025-05-07,KCRQ,McClellan-Palomar Airport,Carlsbad,US-CA,US,2025-05-07T17:33:46.880000+00:00,2025-05-07T17:34:45.370000+00:00,2025-05-07 10:33,adsb-lol;airplanes-live
N582MM,2023-02-06,"Never LADD; FlightAware blocked=true (AeroAPI, Sep 2026) with no known start date, so the whole recovered record is listed",2025-05-07,KCRQ,McClellan-Palomar Airport,Carlsbad,US-CA,US,2025-05-07T22:51:26.500000+00:00,2025-05-07T22:59:39.390000+00:00,2025-05-07 15:51,adsb-lol;airplanes-live
N582MM,2023-02-06,"Never LADD; FlightAware blocked=true (AeroAPI, Sep 2026) with no known start date, so the whole recovered record is listed",2025-05-07,KSDL,Scottsdale Airport,Scottsdale,US-AZ,US,2025-05-07T23:53:48.390000+00:00,2025-05-07T23:55:32.650000+00:00,2025-05-07 16:53,adsb-lol;airplanes-live
N582MM,2023-02-06,"Never LADD; FlightAware blocked=true (AeroAPI, Sep 2026) with no known start date, so the whole recovered record is listed",2025-05-08,KSDL,Scottsdale Airport,Scottsdale,US-AZ,US,2025-05-08T19:23:04.300000+00:00,2025-05-08T19:34:18.550000+00:00,2025-05-08 12:23,adsb-lol;airplanes-live
N582MM,2023-02-06,"Never LADD; FlightAware blocked=true (AeroAPI, Sep 2026) with no known start date, so the whole recovered record is listed",2025-05-09,KSDL,Scottsdale Airport,Scottsdale,US-AZ,US,2025-05-09T00:33:37.330000+00:00,2025-05-09T00:35:02.930000+00:00,2025-05-08 17:33,airplanes-live
N582MM,2023-02-06,"Never LADD; FlightAware blocked=true (AeroAPI, Sep 2026) with no known start date, so the whole recovered record is listed",2025-05-09,KSDL,Scottsdale Airport,Scottsdale,US-AZ,US,2025-05-09T16:18:25.350000+00:00,2025-05-09T16:18:52.380000+00:00,2025-05-09 09:18,airplanes-live
N582MM,2023-02-06,"Never LADD; FlightAware blocked=true (AeroAPI, Sep 2026) with no known start date, so the whole recovered record is listed",2025-05-09,KRAL,Riverside Municipal Airport,Riverside,US-CA,US,2025-05-09T17:05:14.660000+00:00,2025-05-09T17:08:54.530000+00:00,2025-05-09 10:05,airplanes-live
N582MM,2023-02-06,"Never LADD; FlightAware blocked=true (AeroAPI, Sep 2026) with no known start date, so the whole recovered record is listed",2025-05-09,KRAL,Riverside Municipal Airport,Riverside,US-CA,US,2025-05-09T21:22:03.300000+00:00,2025-05-09T22:34:12.960000+00:00,2025-05-09 14:22,airplanes-live
N582MM,2023-02-06,"Never LADD; FlightAware blocked=true (AeroAPI, Sep 2026) with no known start date, so the whole recovered record is listed",2025-05-09,KSDL,Scottsdale Airport,Scottsdale,US-AZ,US,2025-05-09T23:30:37.760000+00:00,2025-05-10T00:39:59.620000+00:00,2025-05-09 16:30,airplanes-live
N582MM,2023-02-06,"Never LADD; FlightAware blocked=true (AeroAPI, Sep 2026) with no known start date, so the whole recovered record is listed",2025-05-10,KMCO,Orlando International Airport,Orlando,US-FL,US,2025-05-10T04:29:33.530000+00:00,2025-05-10T04:29:33.530000+00:00,2025-05-10 00:29,airplanes-live
N582MM,2023-02-06,"Never LADD; FlightAware blocked=true (AeroAPI, Sep 2026) with no known start date, so the whole recovered record is listed",2025-05-11,KMCO,Orlando International Airport,Orlando,US-FL,US,2025-05-11T00:59:41.530000+00:00,2025-05-11T01:00:07.600000+00:00,2025-05-10 20:59,airplanes-live
N582MM,2023-02-06,"Never LADD; FlightAware blocked=true (AeroAPI, Sep 2026) with no known start date, so the whole recovered record is listed",2025-05-11,KSDL,Scottsdale Airport,Scottsdale,US-AZ,US,2025-05-11T05:11:29.490000+00:00,2025-05-11T05:14:47.050000+00:00,2025-05-10 22:11,airplanes-live
N582MM,2023-02-06,"Never LADD; FlightAware blocked=true (AeroAPI, Sep 2026) with no known start date, so the whole recovered record is listed",2025-05-11,KSDL,Scottsdale Airport,Scottsdale,US-AZ,US,2025-05-11T08:17:10.370000+00:00,2025-05-11T08:19:21.140000+00:00,2025-05-11 01:17,airplanes-live
N582MM,2023-02-06,"Never LADD; FlightAware blocked=true (AeroAPI, Sep 2026) with no known start date, so the whole recovered record is listed",2025-05-11,KROC,Frederick Douglass Greater Rochester International Airport,Rochester,US-NY,US,2025-05-11T15:18:45.990000+00:00,2025-05-11T15:57:49.610000+00:00,2025-05-11 11:18,airplanes-live
N582MM,2023-02-06,"Never LADD; FlightAware blocked=true (AeroAPI, Sep 2026) with no known start date, so the whole recovered record is listed",2025-05-12,KAPA,Centennial Airport,Denver,US-CO,US,2025-05-12T17:43:02.980000+00:00,2025-05-12T17:46:05.970000+00:00,2025-05-12 11:43,airplanes-live
N582MM,2023-02-06,"Never LADD; FlightAware blocked=true (AeroAPI, Sep 2026) with no known start date, so the whole recovered record is listed",2025-05-13,KAPA,Centennial Airport,Denver,US-CO,US,2025-05-13T15:43:33.180000+00:00,2025-05-13T15:48:31.850000+00:00,2025-05-13 09:43,airplanes-live
N582MM,2023-02-06,"Never LADD; FlightAware blocked=true (AeroAPI, Sep 2026) with no known start date, so the whole recovered record is listed",2025-05-13,KCOE,Coeur D'Alene Airport - Pappy Boyington Field,Coeur d'Alene,US-ID,US,2025-05-13T17:46:32.840000+00:00,2025-05-13T17:49:39.230000+00:00,2025-05-13 11:46,airplanes-live
N582MM,2023-02-06,"Never LADD; FlightAware blocked=true (AeroAPI, Sep 2026) with no known start date, so the whole recovered record is listed",2025-05-13,KPHX,Phoenix Sky Harbor International Airport,Phoenix,US-AZ,US,2025-05-13T21:17:19.030000+00:00,2025-05-13T21:50:53.160000+00:00,2025-05-13 14:17,airplanes-live
N582MM,2023-02-06,"Never LADD; FlightAware blocked=true (AeroAPI, Sep 2026) with no known start date, so the whole recovered record is listed",2025-05-15,KPHX,Phoenix Sky Harbor International Airport,Phoenix,US-AZ,US,2025-05-15T16:10:38.200000+00:00,2025-05-15T16:52:19.160000+00:00,2025-05-15 09:10,airplanes-live
N582MM,2023-02-06,"Never LADD; FlightAware blocked=true (AeroAPI, Sep 2026) with no known start date, so the whole recovered record is listed",2025-05-15,KLAS,Harry Reid International Airport,Las Vegas,US-NV,US,2025-05-15T17:38:14.780000+00:00,2025-05-15T17:44:39.650000+00:00,2025-05-15 10:38,airplanes-live
N582MM,2023-02-06,"Never LADD; FlightAware blocked=true (AeroAPI, Sep 2026) with no known start date, so the whole recovered record is listed",2025-05-16,KPHL,Philadelphia International Airport,Philadelphia,US-PA,US,2025-05-16T18:35:32.540000+00:00,2025-05-16T19:28:37.330000+00:00,2025-05-16 14:35,airplanes-live
N582MM,2023-02-06,"Never LADD; FlightAware blocked=true (AeroAPI, Sep 2026) with no known start date, so the whole recovered record is listed",2025-05-18,KPDX,Portland International Airport,Portland,US-OR,US,2025-05-18T17:50:58.090000+00:00,2025-05-18T17:50:58.090000+00:00,2025-05-18 10:50,airplanes-live
N582MM,2023-02-06,"Never LADD; FlightAware blocked=true (AeroAPI, Sep 2026) with no known start date, so the whole recovered record is listed",2025-05-18,KPDX,Portland International Airport,Portland,US-OR,US,2025-05-18T21:12:30.370000+00:00,2025-05-18T21:26:44.120000+00:00,2025-05-18 14:12,airplanes-live
N582MM,2023-02-06,"Never LADD; FlightAware blocked=true (AeroAPI, Sep 2026) with no known start date, so the whole recovered record is listed",2025-05-18,KSDL,Scottsdale Airport,Scottsdale,US-AZ,US,2025-05-18T23:20:41.760000+00:00,2025-05-18T23:21:26.870000+00:00,2025-05-18 16:20,airplanes-live
N582MM,2023-02-06,"Never LADD; FlightAware blocked=true (AeroAPI, Sep 2026) with no known start date, so the whole recovered record is listed",2025-05-19,KSDL,Scottsdale Airport,Scottsdale,US-AZ,US,2025-05-19T15:43:20.380000+00:00,2025-05-19T15:47:40.420000+00:00,2025-05-19 08:43,airplanes-live
N582MM,2023-02-06,"Never LADD; FlightAware blocked=true (AeroAPI, Sep 2026) with no known start date, so the whole recovered record is listed",2025-05-19,KVNY,Van Nuys Airport,Van Nuys,US-CA,US,2025-05-19T17:01:43.710000+00:00,2025-05-19T18:23:24.680000+00:00,2025-05-19 10:01,airplanes-live
N582MM,2023-02-06,"Never LADD; FlightAware blocked=true (AeroAPI, Sep 2026) with no known start date, so the whole recovered record is listed",2025-05-19,KMSP,Minneapolis–Saint Paul International Airport / Wold–Chamberlain Field,Minneapolis,US-MN,US,2025-05-19T21:56:15.070000+00:00,2025-05-19T22:33:12.430000+00:00,2025-05-19 16:56,airplanes-live
N582MM,2023-02-06,"Never LADD; FlightAware blocked=true (AeroAPI, Sep 2026) with no known start date, so the whole recovered record is listed",2025-05-20,KCOE,Coeur D'Alene Airport - Pappy Boyington Field,Coeur d'Alene,US-ID,US,2025-05-20T01:16:52.060000+00:00,2025-05-20T01:17:50.220000+00:00,2025-05-19 19:16,airplanes-live
N582MM,2023-02-06,"Never LADD; FlightAware blocked=true (AeroAPI, Sep 2026) with no known start date, so the whole recovered record is listed",2025-05-20,KNUQ,Moffett Federal Airfield,Mountain View,US-CA,US,2025-05-20T21:31:01.690000+00:00,2025-05-20T22:01:44.570000+00:00,2025-05-20 14:31,airplanes-live
N582MM,2023-02-06,"Never LADD; FlightAware blocked=true (AeroAPI, Sep 2026) with no known start date, so the whole recovered record is listed",2025-05-20,KPHX,Phoenix Sky Harbor International Airport,Phoenix,US-AZ,US,2025-05-20T23:33:17.300000+00:00,2025-05-20T23:34:47.780000+00:00,2025-05-20 16:33,airplanes-live
N582MM,2023-02-06,"Never LADD; FlightAware blocked=true (AeroAPI, Sep 2026) with no known start date, so the whole recovered record is listed",2025-05-21,KPHX,Phoenix Sky Harbor International Airport,Phoenix,US-AZ,US,2025-05-21T15:59:23.810000+00:00,2025-05-21T17:02:54.630000+00:00,2025-05-21 08:59,airplanes-live
N582MM,2023-02-06,"Never LADD; FlightAware blocked=true (AeroAPI, Sep 2026) with no known start date, so the whole recovered record is listed",2025-05-21,KCOE,Coeur D'Alene Airport - Pappy Boyington Field,Coeur d'Alene,US-ID,US,2025-05-21T19:32:39.200000+00:00,2025-05-21T19:33:35.560000+00:00,2025-05-21 13:32,airplanes-live
N582MM,2023-02-06,"Never LADD; FlightAware blocked=true (AeroAPI, Sep 2026) with no known start date, so the whole recovered record is listed",2025-05-21,KSDL,Scottsdale Airport,Scottsdale,US-AZ,US,2025-05-21T22:05:52.980000+00:00,2025-05-21T23:41:01.250000+00:00,2025-05-21 15:05,airplanes-live
N582MM,2023-02-06,"Never LADD; FlightAware blocked=true (AeroAPI, Sep 2026) with no known start date, so the whole recovered record is listed",2025-05-22,KTUS,Tucson International Airport,Tucson,US-AZ,US,2025-05-22T00:11:12.680000+00:00,2025-05-22T00:11:12.680000+00:00,2025-05-21 17:11,airplanes-live
N582MM,2023-02-06,"Never LADD; FlightAware blocked=true (AeroAPI, Sep 2026) with no known start date, so the whole recovered record is listed",2025-05-22,KSDL,Scottsdale Airport,Scottsdale,US-AZ,US,2025-05-22T05:57:29.090000+00:00,2025-05-22T05:58:27.630000+00:00,2025-05-21 22:57,adsb-lol;airplanes-live
N582MM,2023-02-06,"Never LADD; FlightAware blocked=true (AeroAPI, Sep 2026) with no known start date, so the whole recovered record is listed",2025-05-22,KSDL,Scottsdale Airport,Scottsdale,US-AZ,US,2025-05-22T22:19:20.300000+00:00,2025-05-23T00:07:30.330000+00:00,2025-05-22 15:19,adsb-lol;airplanes-live
N582MM,2023-02-06,"Never LADD; FlightAware blocked=true (AeroAPI, Sep 2026) with no known start date, so the whole recovered record is listed",2025-05-23,KSDL,Scottsdale Airport,Scottsdale,US-AZ,US,2025-05-23T15:47:34.110000+00:00,2025-05-23T16:00:33.130000+00:00,2025-05-23 08:47,adsb-lol;airplanes-live
N582MM,2023-02-06,"Never LADD; FlightAware blocked=true (AeroAPI, Sep 2026) with no known start date, so the whole recovered record is listed",2025-05-23,KAFW,Perot Field/Fort Worth Alliance Airport,Fort Worth,US-TX,US,2025-05-23T23:57:16.730000+00:00,2025-05-23T23:57:38.360000+00:00,2025-05-23 18:57,adsb-lol;airplanes-live
N582MM,2023-02-06,"Never LADD; FlightAware blocked=true (AeroAPI, Sep 2026) with no known start date, so the whole recovered record is listed",2025-05-24,KSAN,San Diego International Airport,San Diego,US-CA,US,2025-05-24T03:04:54.680000+00:00,2025-05-24T03:46:04.190000+00:00,2025-05-23 20:04,adsb-lol;airplanes-live
N582MM,2023-02-06,"Never LADD; FlightAware blocked=true (AeroAPI, Sep 2026) with no known start date, so the whole recovered record is listed",2025-05-24,KSDL,Scottsdale Airport,Scottsdale,US-AZ,US,2025-05-24T04:35:13.450000+00:00,2025-05-24T04:38:15.070000+00:00,2025-05-23 21:35,adsb-lol;airplanes-live
N582MM,2023-02-06,"Never LADD; FlightAware blocked=true (AeroAPI, Sep 2026) with no known start date, so the whole recovered record is listed",2025-05-25,KSDL,Scottsdale Airport,Scottsdale,US-AZ,US,2025-05-25T13:14:14.580000+00:00,2025-05-25T15:58:20.540000+00:00,2025-05-25 06:14,airplanes-live
N582MM,2023-02-06,"Never LADD; FlightAware blocked=true (AeroAPI, Sep 2026) with no known start date, so the whole recovered record is listed",2025-05-25,KVNY,Van Nuys Airport,Van Nuys,US-CA,US,2025-05-25T17:00:58.790000+00:00,2025-05-25T17:02:55.040000+00:00,2025-05-25 10:00,airplanes-live
N582MM,2023-02-06,"Never LADD; FlightAware blocked=true (AeroAPI, Sep 2026) with no known start date, so the whole recovered record is listed",2025-05-25,KVNY,Van Nuys Airport,Van Nuys,US-CA,US,2025-05-25T20:08:06.740000+00:00,2025-05-25T20:59:55.230000+00:00,2025-05-25 13:08,airplanes-live
N582MM,2023-02-06,"Never LADD; FlightAware blocked=true (AeroAPI, Sep 2026) with no known start date, so the whole recovered record is listed",2025-05-25,KSDL,Scottsdale Airport,Scottsdale,US-AZ,US,2025-05-25T21:58:48.060000+00:00,2025-05-25T21:59:41.540000+00:00,2025-05-25 14:58,airplanes-live
N582MM,2023-02-06,"Never LADD; FlightAware blocked=true (AeroAPI, Sep 2026) with no known start date, so the whole recovered record is listed",2025-05-26,KSDL,Scottsdale Airport,Scottsdale,US-AZ,US,2025-05-26T15:36:28.180000+00:00,2025-05-26T15:48:00.740000+00:00,2025-05-26 08:36,adsb-lol;airplanes-live
N582MM,2023-02-06,"Never LADD; FlightAware blocked=true (AeroAPI, Sep 2026) with no known start date, so the whole recovered record is listed",2025-05-26,KSDL,Scottsdale Airport,Scottsdale,US-AZ,US,2025-05-26T20:06:40.470000+00:00,2025-05-26T21:14:07.300000+00:00,2025-05-26 13:06,adsb-lol;airplanes-live
N582MM,2023-02-06,"Never LADD; FlightAware blocked=true (AeroAPI, Sep 2026) with no known start date, so the whole recovered record is listed",2025-05-27,KAFW,Perot Field/Fort Worth Alliance Airport,Fort Worth,US-TX,US,2025-05-27T01:21:03.560000+00:00,2025-05-27T02:16:39.140000+00:00,2025-05-26 20:21,adsb-lol;airplanes-live
N582MM,2023-02-06,"Never LADD; FlightAware blocked=true (AeroAPI, Sep 2026) with no known start date, so the whole recovered record is listed",2025-05-27,KPHX,Phoenix Sky Harbor International Airport,Phoenix,US-AZ,US,2025-05-27T04:28:01.590000+00:00,2025-05-27T04:30:20.200000+00:00,2025-05-26 21:28,adsb-lol;airplanes-live
N582MM,2023-02-06,"Never LADD; FlightAware blocked=true (AeroAPI, Sep 2026) with no known start date, so the whole recovered record is listed",2025-05-27,KPHX,Phoenix Sky Harbor International Airport,Phoenix,US-AZ,US,2025-05-27T17:10:44.620000+00:00,2025-05-27T17:33:49.790000+00:00,2025-05-27 10:10,adsb-lol;airplanes-live
N582MM,2023-02-06,"Never LADD; FlightAware blocked=true (AeroAPI, Sep 2026) with no known start date, so the whole recovered record is listed",2025-05-27,KIAD,Washington Dulles International Airport,Dulles,US-VA,US,2025-05-27T21:20:35.410000+00:00,2025-05-27T22:01:26.880000+00:00,2025-05-27 17:20,adsb-lol;airplanes-live
N582MM,2023-02-06,"Never LADD; FlightAware blocked=true (AeroAPI, Sep 2026) with no known start date, so the whole recovered record is listed",2025-05-28,KPAE,Seattle Paine Field International Airport,Everett,US-WA,US,2025-05-28T07:52:51.420000+00:00,2025-05-28T07:53:41.210000+00:00,2025-05-28 00:52,adsb-lol
N582MM,2023-02-06,"Never LADD; FlightAware blocked=true (AeroAPI, Sep 2026) with no known start date, so the whole recovered record is listed",2025-05-28,KNUQ,Moffett Federal Airfield,Mountain View,US-CA,US,2025-05-28T09:48:14.840000+00:00,2025-05-28T09:51:02.340000+00:00,2025-05-28 02:48,adsb-lol;airplanes-live
N582MM,2023-02-06,"Never LADD; FlightAware blocked=true (AeroAPI, Sep 2026) with no known start date, so the whole recovered record is listed",2025-05-28,KNUQ,Moffett Federal Airfield,Mountain View,US-CA,US,2025-05-28T13:08:03.340000+00:00,2025-05-28T13:43:23.120000+00:00,2025-05-28 06:08,adsb-lol;airplanes-live
N582MM,2023-02-06,"Never LADD; FlightAware blocked=true (AeroAPI, Sep 2026) with no known start date, so the whole recovered record is listed",2025-05-28,KCOE,Coeur D'Alene Airport - Pappy Boyington Field,Coeur d'Alene,US-ID,US,2025-05-28T15:25:03.250000+00:00,2025-05-28T15:25:42.580000+00:00,2025-05-28 09:25,airplanes-live
N582MM,2023-02-06,"Never LADD; FlightAware blocked=true (AeroAPI, Sep 2026) with no known start date, so the whole recovered record is listed",2025-05-28,KIAD,Washington Dulles International Airport,Dulles,US-VA,US,2025-05-28T22:30:41.210000+00:00,2025-05-29T01:24:07.190000+00:00,2025-05-28 18:30,adsb-lol;airplanes-live
N582MM,2023-02-06,"Never LADD; FlightAware blocked=true (AeroAPI, Sep 2026) with no known start date, so the whole recovered record is listed",2025-05-29,KSDL,Scottsdale Airport,Scottsdale,US-AZ,US,2025-05-29T06:21:51.100000+00:00,2025-05-29T06:24:47.650000+00:00,2025-05-28 23:21,adsb-lol;airplanes-live
N582MM,2023-02-06,"Never LADD; FlightAware blocked=true (AeroAPI, Sep 2026) with no known start date, so the whole recovered record is listed",2025-05-29,KSDL,Scottsdale Airport,Scottsdale,US-AZ,US,2025-05-29T10:44:38.160000+00:00,2025-05-29T11:04:39.590000+00:00,2025-05-29 03:44,adsb-lol;airplanes-live
N582MM,2023-02-06,"Never LADD; FlightAware blocked=true (AeroAPI, Sep 2026) with no known start date, so the whole recovered record is listed",2025-05-29,KHPN,Westchester County Airport,White Plains,US-NY,US,2025-05-29T18:10:08.760000+00:00,2025-05-29T18:10:19.530000+00:00,2025-05-29 14:10,airplanes-live
N582MM,2023-02-06,"Never LADD; FlightAware blocked=true (AeroAPI, Sep 2026) with no known start date, so the whole recovered record is listed",2025-05-30,KBNA,Nashville International Airport,Nashville,US-TN,US,2025-05-30T16:49:33.780000+00:00,2025-05-30T16:49:33.780000+00:00,2025-05-30 11:49,airplanes-live
N582MM,2023-02-06,"Never LADD; FlightAware blocked=true (AeroAPI, Sep 2026) with no known start date, so the whole recovered record is listed",2025-05-30,KAPC,Napa County Airport,Napa,US-CA,US,2025-05-30T22:02:23.390000+00:00,2025-05-30T22:04:02.970000+00:00,2025-05-30 15:02,adsb-lol;airplanes-live
N582MM,2023-02-06,"Never LADD; FlightAware blocked=true (AeroAPI, Sep 2026) with no known start date, so the whole recovered record is listed",2025-05-31,KPHX,Phoenix Sky Harbor International Airport,Phoenix,US-AZ,US,2025-05-31T05:47:50.400000+00:00,2025-05-31T05:48:57.120000+00:00,2025-05-30 22:47,adsb-lol;airplanes-live
N582MM,2023-02-06,"Never LADD; FlightAware blocked=true (AeroAPI, Sep 2026) with no known start date, so the whole recovered record is listed",2025-06-01,KPHX,Phoenix Sky Harbor International Airport,Phoenix,US-AZ,US,2025-06-01T16:44:16.610000+00:00,2025-06-01T17:26:16.190000+00:00,2025-06-01 09:44,adsb-lol;adsbexchange-samples;airplanes-live
N582MM,2023-02-06,"Never LADD; FlightAware blocked=true (AeroAPI, Sep 2026) with no known start date, so the whole recovered record is listed",2025-06-01,KSDL,Scottsdale Airport,Scottsdale,US-AZ,US,2025-06-01T19:49:03.170000+00:00,2025-06-01T20:12:42.520000+00:00,2025-06-01 12:49,adsb-lol;adsbexchange-samples;airplanes-live
N582MM,2023-02-06,"Never LADD; FlightAware blocked=true (AeroAPI, Sep 2026) with no known start date, so the whole recovered record is listed",2025-06-02,KTEB,Teterboro Airport,Teterboro,US-NJ,US,2025-06-02T00:40:05.160000+00:00,2025-06-02T00:44:43.760000+00:00,2025-06-01 20:40,adsb-lol;airplanes-live
N582MM,2023-02-06,"Never LADD; FlightAware blocked=true (AeroAPI, Sep 2026) with no known start date, so the whole recovered record is listed",2025-06-02,KTEB,Teterboro Airport,Teterboro,US-NJ,US,2025-06-02T17:06:21.310000+00:00,2025-06-02T17:51:03.900000+00:00,2025-06-02 13:06,adsb-lol;airplanes-live
N582MM,2023-02-06,"Never LADD; FlightAware blocked=true (AeroAPI, Sep 2026) with no known start date, so the whole recovered record is listed",2025-06-02,KTEB,Teterboro Airport,Teterboro,US-NJ,US,2025-06-02T23:15:30.750000+00:00,2025-06-02T23:18:42.880000+00:00,2025-06-02 19:15,adsb-lol;airplanes-live
N582MM,2023-02-06,"Never LADD; FlightAware blocked=true (AeroAPI, Sep 2026) with no known start date, so the whole recovered record is listed",2025-06-03,KTEB,Teterboro Airport,Teterboro,US-NJ,US,2025-06-03T18:10:38.440000+00:00,2025-06-03T18:31:22.760000+00:00,2025-06-03 14:10,adsb-lol;airplanes-live
N582MM,2023-02-06,"Never LADD; FlightAware blocked=true (AeroAPI, Sep 2026) with no known start date, so the whole recovered record is listed",2025-06-03,KCOE,Coeur D'Alene Airport - Pappy Boyington Field,Coeur d'Alene,US-ID,US,2025-06-03T23:27:55.340000+00:00,2025-06-03T23:28:27.460000+00:00,2025-06-03 17:27,airplanes-live
N582MM,2023-02-06,"Never LADD; FlightAware blocked=true (AeroAPI, Sep 2026) with no known start date, so the whole recovered record is listed",2025-06-04,KNUQ,Moffett Federal Airfield,Mountain View,US-CA,US,2025-06-04T01:40:05.710000+00:00,2025-06-04T02:10:35.710000+00:00,2025-06-03 18:40,adsb-lol;airplanes-live
N582MM,2023-02-06,"Never LADD; FlightAware blocked=true (AeroAPI, Sep 2026) with no known start date, so the whole recovered record is listed",2025-06-04,KTEB,Teterboro Airport,Teterboro,US-NJ,US,2025-06-04T07:17:54.900000+00:00,2025-06-04T07:23:22.720000+00:00,2025-06-04 03:17,adsb-lol;airplanes-live
N582MM,2023-02-06,"Never LADD; FlightAware blocked=true (AeroAPI, Sep 2026) with no known start date, so the whole recovered record is listed",2025-06-04,KTEB,Teterboro Airport,Teterboro,US-NJ,US,2025-06-04T15:56:33.290000+00:00,2025-06-04T16:57:40.810000+00:00,2025-06-04 11:56,adsb-lol;airplanes-live
N582MM,2023-02-06,"Never LADD; FlightAware blocked=true (AeroAPI, Sep 2026) with no known start date, so the whole recovered record is listed",2025-06-04,KSDL,Scottsdale Airport,Scottsdale,US-AZ,US,2025-06-04T21:56:26.180000+00:00,2025-06-04T21:57:05.350000+00:00,2025-06-04 14:56,adsb-lol;airplanes-live
N582MM,2023-02-06,"Never LADD; FlightAware blocked=true (AeroAPI, Sep 2026) with no known start date, so the whole recovered record is listed",2025-06-05,KSDL,Scottsdale Airport,Scottsdale,US-AZ,US,2025-06-05T19:16:09.580000+00:00,2025-06-05T19:19:08.020000+00:00,2025-06-05 12:16,airplanes-live
N582MM,2023-02-06,"Never LADD; FlightAware blocked=true (AeroAPI, Sep 2026) with no known start date, so the whole recovered record is listed",2025-06-05,KSNA,John Wayne Orange County International Airport,Santa Ana,US-CA,US,2025-06-05T20:15:53.590000+00:00,2025-06-05T20:15:53.590000+00:00,2025-06-05 13:15,airplanes-live
N582MM,2023-02-06,"Never LADD; FlightAware blocked=true (AeroAPI, Sep 2026) with no known start date, so the whole recovered record is listed",2025-06-11,KMDW,Chicago Midway International Airport,Chicago,US-IL,US,2025-06-11T17:51:51.880000+00:00,2025-06-11T17:52:45.270000+00:00,2025-06-11 12:51,adsb-lol;airplanes-live
N582MM,2023-02-06,"Never LADD; FlightAware blocked=true (AeroAPI, Sep 2026) with no known start date, so the whole recovered record is listed",2025-06-11,KIWA,Mesa Gateway Airport,Mesa,US-AZ,US,2025-06-11T21:33:36.550000+00:00,2025-06-11T21:33:38.980000+00:00,2025-06-11 14:33,adsb-lol;airplanes-live
N582MM,2023-02-06,"Never LADD; FlightAware blocked=true (AeroAPI, Sep 2026) with no known start date, so the whole recovered record is listed",2025-06-12,KCOE,Coeur D'Alene Airport - Pappy Boyington Field,Coeur d'Alene,US-ID,US,2025-06-12T03:16:24.720000+00:00,2025-06-12T03:18:26.620000+00:00,2025-06-11 21:16,airplanes-live
N582MM,2023-02-06,"Never LADD; FlightAware blocked=true (AeroAPI, Sep 2026) with no known start date, so the whole recovered record is listed",2025-06-12,CYWG,Winnipeg / James Armstrong Richardson International Airport,Winnipeg,CA-MB,CA,2025-06-12T16:35:38.420000+00:00,2025-06-12T17:06:47.940000+00:00,,airplanes-live
N582MM,2023-02-06,"Never LADD; FlightAware blocked=true (AeroAPI, Sep 2026) with no known start date, so the whole recovered record is listed",2025-06-12,KSDL,Scottsdale Airport,Scottsdale,US-AZ,US,2025-06-12T22:18:29.800000+00:00,2025-06-12T22:19:16.420000+00:00,2025-06-12 15:18,adsb-lol;airplanes-live
N582MM,2023-02-06,"Never LADD; FlightAware blocked=true (AeroAPI, Sep 2026) with no known start date, so the whole recovered record is listed",2025-06-13,KSDL,Scottsdale Airport,Scottsdale,US-AZ,US,2025-06-13T16:29:51.920000+00:00,2025-06-13T16:34:52.030000+00:00,2025-06-13 09:29,adsb-lol;airplanes-live
N582MM,2023-02-06,"Never LADD; FlightAware blocked=true (AeroAPI, Sep 2026) with no known start date, so the whole recovered record is listed",2025-06-13,KDAL,Dallas Love Field,Dallas,US-TX,US,2025-06-13T18:38:21.450000+00:00,2025-06-13T19:42:51.300000+00:00,2025-06-13 13:38,adsb-lol
N582MM,2023-02-06,"Never LADD; FlightAware blocked=true (AeroAPI, Sep 2026) with no known start date, so the whole recovered record is listed",2025-06-15,KDFW,Dallas Fort Worth International Airport,Dallas-Fort Worth,US-TX,US,2025-06-15T00:01:37.940000+00:00,2025-06-15T00:12:56.900000+00:00,2025-06-14 19:01,adsb-lol;airplanes-live
N582MM,2023-02-06,"Never LADD; FlightAware blocked=true (AeroAPI, Sep 2026) with no known start date, so the whole recovered record is listed",2025-06-15,KSDL,Scottsdale Airport,Scottsdale,US-AZ,US,2025-06-15T02:15:20.170000+00:00,2025-06-15T02:17:53.390000+00:00,2025-06-14 19:15,adsb-lol;airplanes-live
N582MM,2023-02-06,"Never LADD; FlightAware blocked=true (AeroAPI, Sep 2026) with no known start date, so the whole recovered record is listed",2025-06-16,KSDL,Scottsdale Airport,Scottsdale,US-AZ,US,2025-06-16T11:59:44.210000+00:00,2025-06-16T12:00:34.430000+00:00,2025-06-16 04:59,adsb-lol;airplanes-live
N582MM,2023-02-06,"Never LADD; FlightAware blocked=true (AeroAPI, Sep 2026) with no known start date, so the whole recovered record is listed",2025-06-16,KMDW,Chicago Midway International Airport,Chicago,US-IL,US,2025-06-16T14:53:40.900000+00:00,2025-06-16T16:30:34.870000+00:00,2025-06-16 09:53,adsb-lol;airplanes-live
N582MM,2023-02-06,"Never LADD; FlightAware blocked=true (AeroAPI, Sep 2026) with no known start date, so the whole recovered record is listed",2025-06-17,KSDL,Scottsdale Airport,Scottsdale,US-AZ,US,2025-06-17T00:06:00.030000+00:00,2025-06-17T00:07:59.180000+00:00,2025-06-16 17:06,adsb-lol;airplanes-live
N582MM,2023-02-06,"Never LADD; FlightAware blocked=true (AeroAPI, Sep 2026) with no known start date, so the whole recovered record is listed",2025-06-18,KIAD,Washington Dulles International Airport,Dulles,US-VA,US,2025-06-18T00:52:26.360000+00:00,2025-06-18T01:45:50.840000+00:00,2025-06-17 20:52,adsb-lol;airplanes-live
N582MM,2023-02-06,"Never LADD; FlightAware blocked=true (AeroAPI, Sep 2026) with no known start date, so the whole recovered record is listed",2025-06-18,KMSP,Minneapolis–Saint Paul International Airport / Wold–Chamberlain Field,Minneapolis,US-MN,US,2025-06-18T03:56:47.430000+00:00,2025-06-18T04:04:06.200000+00:00,2025-06-17 22:56,adsb-lol
N582MM,2023-02-06,"Never LADD; FlightAware blocked=true (AeroAPI, Sep 2026) with no known start date, so the whole recovered record is listed",2025-06-18,KMSP,Minneapolis–Saint Paul International Airport / Wold–Chamberlain Field,Minneapolis,US-MN,US,2025-06-18T16:28:32.600000+00:00,2025-06-18T16:34:00.440000+00:00,2025-06-18 11:28,adsb-lol;airplanes-live
N582MM,2023-02-06,"Never LADD; FlightAware blocked=true (AeroAPI, Sep 2026) with no known start date, so the whole recovered record is listed",2025-06-19,KIAD,Washington Dulles International Airport,Dulles,US-VA,US,2025-06-19T21:01:48.480000+00:00,2025-06-20T01:56:24.820000+00:00,2025-06-19 17:01,airplanes-live
N582MM,2023-02-06,"Never LADD; FlightAware blocked=true (AeroAPI, Sep 2026) with no known start date, so the whole recovered record is listed",2025-06-20,KSDL,Scottsdale Airport,Scottsdale,US-AZ,US,2025-06-20T06:48:22.080000+00:00,2025-06-20T06:49:22.810000+00:00,2025-06-19 23:48,airplanes-live
N582MM,2023-02-06,"Never LADD; FlightAware blocked=true (AeroAPI, Sep 2026) with no known start date, so the whole recovered record is listed",2025-06-21,KSDL,Scottsdale Airport,Scottsdale,US-AZ,US,2025-06-21T22:40:39.090000+00:00,2025-06-21T22:45:55.380000+00:00,2025-06-21 15:40,airplanes-live
N582MM,2023-02-06,"Never LADD; FlightAware blocked=true (AeroAPI, Sep 2026) with no known start date, so the whole recovered record is listed",2025-06-22,KMSP,Minneapolis–Saint Paul International Airport / Wold–Chamberlain Field,Minneapolis,US-MN,US,2025-06-22T21:00:26.440000+00:00,2025-06-22T21:01:34.930000+00:00,2025-06-22 16:00,airplanes-live
N582MM,2023-02-06,"Never LADD; FlightAware blocked=true (AeroAPI, Sep 2026) with no known start date, so the whole recovered record is listed",2025-06-23,KTEB,Teterboro Airport,Teterboro,US-NJ,US,2025-06-23T22:19:47.140000+00:00,2025-06-23T22:22:54.800000+00:00,2025-06-23 18:19,airplanes-live
N582MM,2023-02-06,"Never LADD; FlightAware blocked=true (AeroAPI, Sep 2026) with no known start date, so the whole recovered record is listed",2025-06-24,KTEB,Teterboro Airport,Teterboro,US-NJ,US,2025-06-24T15:39:46.730000+00:00,2025-06-24T15:45:55.290000+00:00,2025-06-24 11:39,airplanes-live
N582MM,2023-02-06,"Never LADD; FlightAware blocked=true (AeroAPI, Sep 2026) with no known start date, so the whole recovered record is listed",2025-06-26,KPHX,Phoenix Sky Harbor International Airport,Phoenix,US-AZ,US,2025-06-26T17:35:18.980000+00:00,2025-06-26T20:08:30.290000+00:00,2025-06-26 10:35,airplanes-live
N582MM,2023-02-06,"Never LADD; FlightAware blocked=true (AeroAPI, Sep 2026) with no known start date, so the whole recovered record is listed",2025-06-27,KAUS,Austin Bergstrom International Airport,Austin,US-TX,US,2025-06-27T00:11:56.310000+00:00,2025-06-27T00:13:10.730000+00:00,2025-06-26 19:11,airplanes-live
N582MM,2023-02-06,"Never LADD; FlightAware blocked=true (AeroAPI, Sep 2026) with no known start date, so the whole recovered record is listed",2025-06-27,KAUS,Austin Bergstrom International Airport,Austin,US-TX,US,2025-06-27T22:40:46.600000+00:00,2025-06-27T22:48:56.040000+00:00,2025-06-27 17:40,airplanes-live
N582MM,2023-02-06,"Never LADD; FlightAware blocked=true (AeroAPI, Sep 2026) with no known start date, so the whole recovered record is listed",2025-06-28,KSDL,Scottsdale Airport,Scottsdale,US-AZ,US,2025-06-28T19:52:35.280000+00:00,2025-06-28T21:10:14.600000+00:00,2025-06-28 12:52,airplanes-live
N582MM,2023-02-06,"Never LADD; FlightAware blocked=true (AeroAPI, Sep 2026) with no known start date, so the whole recovered record is listed",2025-06-30,KSDL,Scottsdale Airport,Scottsdale,US-AZ,US,2025-06-30T21:01:06.870000+00:00,2025-06-30T23:38:28.710000+00:00,2025-06-30 14:01,airplanes-live
N582MM,2023-02-06,"Never LADD; FlightAware blocked=true (AeroAPI, Sep 2026) with no known start date, so the whole recovered record is listed",2025-07-01,KCMA,Camarillo International Airport,Camarillo,US-CA,US,2025-07-01T00:42:57.210000+00:00,2025-07-01T04:10:58.760000+00:00,2025-06-30 17:42,adsbexchange-samples
N582MM,2023-02-06,"Never LADD; FlightAware blocked=true (AeroAPI, Sep 2026) with no known start date, so the whole recovered record is listed",2025-07-01,KSDL,Scottsdale Airport,Scottsdale,US-AZ,US,2025-07-01T05:16:42.330000+00:00,2025-07-01T05:20:15.630000+00:00,2025-06-30 22:16,adsbexchange-samples;airplanes-live
N582MM,2023-02-06,"Never LADD; FlightAware blocked=true (AeroAPI, Sep 2026) with no known start date, so the whole recovered record is listed",2025-07-01,KSDL,Scottsdale Airport,Scottsdale,US-AZ,US,2025-07-01T13:11:06.670000+00:00,2025-07-01T14:00:37.040000+00:00,2025-07-01 06:11,adsbexchange-samples;airplanes-live
N582MM,2023-02-06,"Never LADD; FlightAware blocked=true (AeroAPI, Sep 2026) with no known start date, so the whole recovered record is listed",2025-07-01,KDFW,Dallas Fort Worth International Airport,Dallas-Fort Worth,US-TX,US,2025-07-01T15:59:58.540000+00:00,2025-07-01T18:38:41.940000+00:00,2025-07-01 10:59,adsbexchange-samples;airplanes-live
N582MM,2023-02-06,"Never LADD; FlightAware blocked=true (AeroAPI, Sep 2026) with no known start date, so the whole recovered record is listed",2025-07-01,KPHL,Philadelphia International Airport,Philadelphia,US-PA,US,2025-07-01T21:52:29.060000+00:00,2025-07-01T21:57:39.730000+00:00,2025-07-01 17:52,adsbexchange-samples;airplanes-live
N582MM,2023-02-06,"Never LADD; FlightAware blocked=true (AeroAPI, Sep 2026) with no known start date, so the whole recovered record is listed",2025-07-02,KPHL,Philadelphia International Airport,Philadelphia,US-PA,US,2025-07-02T17:58:28.410000+00:00,2025-07-02T18:06:34.020000+00:00,2025-07-02 13:58,airplanes-live
N582MM,2023-02-06,"Never LADD; FlightAware blocked=true (AeroAPI, Sep 2026) with no known start date, so the whole recovered record is listed",2025-07-03,KLAS,Harry Reid International Airport,Las Vegas,US-NV,US,2025-07-03T01:31:12.990000+00:00,2025-07-03T01:35:53.410000+00:00,2025-07-02 18:31,airplanes-live
N582MM,2023-02-06,"Never LADD; FlightAware blocked=true (AeroAPI, Sep 2026) with no known start date, so the whole recovered record is listed",2025-07-03,KVNY,Van Nuys Airport,Van Nuys,US-CA,US,2025-07-03T02:44:49.940000+00:00,2025-07-03T02:47:30.650000+00:00,2025-07-02 19:44,airplanes-live
N582MM,2023-02-06,"Never LADD; FlightAware blocked=true (AeroAPI, Sep 2026) with no known start date, so the whole recovered record is listed",2025-07-03,KVNY,Van Nuys Airport,Van Nuys,US-CA,US,2025-07-03T15:46:42.440000+00:00,2025-07-03T16:31:53.750000+00:00,2025-07-03 08:46,airplanes-live
N582MM,2023-02-06,"Never LADD; FlightAware blocked=true (AeroAPI, Sep 2026) with no known start date, so the whole recovered record is listed",2025-07-03,KRDU,Raleigh-Durham International Airport,Raleigh/Durham,US-NC,US,2025-07-03T21:05:56.920000+00:00,2025-07-03T21:45:39.650000+00:00,2025-07-03 17:05,airplanes-live
N582MM,2023-02-06,"Never LADD; FlightAware blocked=true (AeroAPI, Sep 2026) with no known start date, so the whole recovered record is listed",2025-07-04,KAVL,Asheville Regional Airport,Asheville,US-NC,US,2025-07-04T00:35:00.890000+00:00,2025-07-04T00:35:43.350000+00:00,2025-07-03 20:35,airplanes-live
N582MM,2023-02-06,"Never LADD; FlightAware blocked=true (AeroAPI, Sep 2026) with no known start date, so the whole recovered record is listed",2025-07-04,KAVL,Asheville Regional Airport,Asheville,US-NC,US,2025-07-04T21:12:20.160000+00:00,2025-07-04T21:15:11.710000+00:00,2025-07-04 17:12,airplanes-live
N582MM,2023-02-06,"Never LADD; FlightAware blocked=true (AeroAPI, Sep 2026) with no known start date, so the whole recovered record is listed",2025-07-05,KSDL,Scottsdale Airport,Scottsdale,US-AZ,US,2025-07-05T00:52:12.120000+00:00,2025-07-05T00:52:53.210000+00:00,2025-07-04 17:52,airplanes-live
N582MM,2023-02-06,"Never LADD; FlightAware blocked=true (AeroAPI, Sep 2026) with no known start date, so the whole recovered record is listed",2025-07-05,KSDL,Scottsdale Airport,Scottsdale,US-AZ,US,2025-07-05T17:02:39.530000+00:00,2025-07-05T17:06:14.560000+00:00,2025-07-05 10:02,airplanes-live
N582MM,2023-02-06,"Never LADD; FlightAware blocked=true (AeroAPI, Sep 2026) with no known start date, so the whole recovered record is listed",2025-07-05,KSAN,San Diego International Airport,San Diego,US-CA,US,2025-07-05T17:57:02.120000+00:00,2025-07-05T18:05:20.070000+00:00,2025-07-05 10:57,airplanes-live
N582MM,2023-02-06,"Never LADD; FlightAware blocked=true (AeroAPI, Sep 2026) with no known start date, so the whole recovered record is listed",2025-07-05,KSAN,San Diego International Airport,San Diego,US-CA,US,2025-07-05T23:54:03.350000+00:00,2025-07-06T00:32:00.440000+00:00,2025-07-05 16:54,airplanes-live
N582MM,2023-02-06,"Never LADD; FlightAware blocked=true (AeroAPI, Sep 2026) with no known start date, so the whole recovered record is listed",2025-07-06,KCRQ,McClellan-Palomar Airport,Carlsbad,US-CA,US,2025-07-06T04:05:33.410000+00:00,2025-07-06T04:08:36.740000+00:00,2025-07-05 21:05,airplanes-live
N582MM,2023-02-06,"Never LADD; FlightAware blocked=true (AeroAPI, Sep 2026) with no known start date, so the whole recovered record is listed",2025-07-06,KSDL,Scottsdale Airport,Scottsdale,US-AZ,US,2025-07-06T04:54:55.830000+00:00,2025-07-06T04:56:40.040000+00:00,2025-07-05 21:54,airplanes-live
N582MM,2023-02-06,"Never LADD; FlightAware blocked=true (AeroAPI, Sep 2026) with no known start date, so the whole recovered record is listed",2025-07-06,KSDL,Scottsdale Airport,Scottsdale,US-AZ,US,2025-07-06T23:44:43.070000+00:00,2025-07-06T23:48:00.560000+00:00,2025-07-06 16:44,airplanes-live
N582MM,2023-02-06,"Never LADD; FlightAware blocked=true (AeroAPI, Sep 2026) with no known start date, so the whole recovered record is listed",2025-07-09,KPHL,Philadelphia International Airport,Philadelphia,US-PA,US,2025-07-09T11:50:16.250000+00:00,2025-07-09T15:45:07.030000+00:00,2025-07-09 07:50,adsb-lol;airplanes-live
N582MM,2023-02-06,"Never LADD; FlightAware blocked=true (AeroAPI, Sep 2026) with no known start date, so the whole recovered record is listed",2025-07-09,KPHL,Philadelphia International Airport,Philadelphia,US-PA,US,2025-07-09T20:56:24+00:00,2025-07-09T20:59:47.280000+00:00,2025-07-09 16:56,airplanes-live
N582MM,2023-02-06,"Never LADD; FlightAware blocked=true (AeroAPI, Sep 2026) with no known start date, so the whole recovered record is listed",2025-07-10,KDFW,Dallas Fort Worth International Airport,Dallas-Fort Worth,US-TX,US,2025-07-10T00:09:41.740000+00:00,2025-07-10T02:50:49.010000+00:00,2025-07-09 19:09,adsb-lol;airplanes-live
N582MM,2023-02-06,"Never LADD; FlightAware blocked=true (AeroAPI, Sep 2026) with no known start date, so the whole recovered record is listed",2025-07-10,KSDL,Scottsdale Airport,Scottsdale,US-AZ,US,2025-07-10T04:50:43.200000+00:00,2025-07-10T04:53:10.330000+00:00,2025-07-09 21:50,adsb-lol;airplanes-live
N582MM,2023-02-06,"Never LADD; FlightAware blocked=true (AeroAPI, Sep 2026) with no known start date, so the whole recovered record is listed",2025-07-10,KSDL,Scottsdale Airport,Scottsdale,US-AZ,US,2025-07-10T18:08:33.600000+00:00,2025-07-10T18:17:59.060000+00:00,2025-07-10 11:08,adsb-lol;airplanes-live
N582MM,2023-02-06,"Never LADD; FlightAware blocked=true (AeroAPI, Sep 2026) with no known start date, so the whole recovered record is listed",2025-07-10,KSUA,Witham Field,Stuart,US-FL,US,2025-07-10T22:10:45.800000+00:00,2025-07-10T23:34:45.030000+00:00,2025-07-10 18:10,adsb-lol;airplanes-live
N582MM,2023-02-06,"Never LADD; FlightAware blocked=true (AeroAPI, Sep 2026) with no known start date, so the whole recovered record is listed",2025-07-11,KSUA,Witham Field,Stuart,US-FL,US,2025-07-11T12:55:11.640000+00:00,2025-07-11T12:57:51.610000+00:00,2025-07-11 08:55,adsb-lol;airplanes-live
N582MM,2023-02-06,"Never LADD; FlightAware blocked=true (AeroAPI, Sep 2026) with no known start date, so the whole recovered record is listed",2025-07-12,KOKC,OKC Will Rogers World Airport,Oklahoma City,US-OK,US,2025-07-12T19:40:09.110000+00:00,2025-07-12T19:41:12.800000+00:00,2025-07-12 14:40,adsb-lol
N582MM,2023-02-06,"Never LADD; FlightAware blocked=true (AeroAPI, Sep 2026) with no known start date, so the whole recovered record is listed",2025-07-12,KAUS,Austin Bergstrom International Airport,Austin,US-TX,US,2025-07-12T23:40:47.650000+00:00,2025-07-13T00:10:04.890000+00:00,2025-07-12 18:40,adsb-lol;airplanes-live
N582MM,2023-02-06,"Never LADD; FlightAware blocked=true (AeroAPI, Sep 2026) with no known start date, so the whole recovered record is listed",2025-07-13,KTPA,Tampa International Airport,Tampa,US-FL,US,2025-07-13T02:20:05.220000+00:00,2025-07-13T02:20:59.450000+00:00,2025-07-12 22:20,adsb-lol;airplanes-live
N582MM,2023-02-06,"Never LADD; FlightAware blocked=true (AeroAPI, Sep 2026) with no known start date, so the whole recovered record is listed",2025-07-13,KTPA,Tampa International Airport,Tampa,US-FL,US,2025-07-13T19:21:01.110000+00:00,2025-07-13T19:30:01.670000+00:00,2025-07-13 15:21,adsb-lol;airplanes-live
N582MM,2023-02-06,"Never LADD; FlightAware blocked=true (AeroAPI, Sep 2026) with no known start date, so the whole recovered record is listed",2025-07-13,KSDL,Scottsdale Airport,Scottsdale,US-AZ,US,2025-07-13T23:14:35.110000+00:00,2025-07-13T23:16:21.680000+00:00,2025-07-13 16:14,adsb-lol;airplanes-live
N582MM,2023-02-06,"Never LADD; FlightAware blocked=true (AeroAPI, Sep 2026) with no known start date, so the whole recovered record is listed",2025-07-14,KSDL,Scottsdale Airport,Scottsdale,US-AZ,US,2025-07-14T15:35:58.150000+00:00,2025-07-14T15:49:29.920000+00:00,2025-07-14 08:35,adsb-lol;airplanes-live
N582MM,2023-02-06,"Never LADD; FlightAware blocked=true (AeroAPI, Sep 2026) with no known start date, so the whole recovered record is listed",2025-07-14,KPNE,Northeast Philadelphia Airport,Philadelphia,US-PA,US,2025-07-14T20:15:43.530000+00:00,2025-07-14T22:39:48.760000+00:00,2025-07-14 16:15,adsb-lol;airplanes-live
N582MM,2023-02-06,"Never LADD; FlightAware blocked=true (AeroAPI, Sep 2026) with no known start date, so the whole recovered record is listed",2025-07-15,KDFW,Dallas Fort Worth International Airport,Dallas-Fort Worth,US-TX,US,2025-07-15T01:59:52.100000+00:00,2025-07-15T03:14:17.870000+00:00,2025-07-14 20:59,adsb-lol;airplanes-live
N582MM,2023-02-06,"Never LADD; FlightAware blocked=true (AeroAPI, Sep 2026) with no known start date, so the whole recovered record is listed",2025-07-16,KIAD,Washington Dulles International Airport,Dulles,US-VA,US,2025-07-16T20:20:28.380000+00:00,2025-07-16T21:41:25.120000+00:00,2025-07-16 16:20,airplanes-live
N582MM,2023-02-06,"Never LADD; FlightAware blocked=true (AeroAPI, Sep 2026) with no known start date, so the whole recovered record is listed",2025-07-17,KRDU,Raleigh-Durham International Airport,Raleigh/Durham,US-NC,US,2025-07-17T01:05:05.890000+00:00,2025-07-17T01:11:06.990000+00:00,2025-07-16 21:05,airplanes-live
N582MM,2023-02-06,"Never LADD; FlightAware blocked=true (AeroAPI, Sep 2026) with no known start date, so the whole recovered record is listed",2025-07-17,KRDU,Raleigh-Durham International Airport,Raleigh/Durham,US-NC,US,2025-07-17T15:58:26.710000+00:00,2025-07-17T16:06:20.920000+00:00,2025-07-17 11:58,airplanes-live
N582MM,2023-02-06,"Never LADD; FlightAware blocked=true (AeroAPI, Sep 2026) with no known start date, so the whole recovered record is listed",2025-07-18,KIWA,Mesa Gateway Airport,Mesa,US-AZ,US,2025-07-18T01:13:33.870000+00:00,2025-07-18T01:13:44.190000+00:00,2025-07-17 18:13,airplanes-live
N582MM,2023-02-06,"Never LADD; FlightAware blocked=true (AeroAPI, Sep 2026) with no known start date, so the whole recovered record is listed",2025-07-18,KIWA,Mesa Gateway Airport,Mesa,US-AZ,US,2025-07-18T12:40:57.480000+00:00,2025-07-18T12:40:57.480000+00:00,2025-07-18 05:40,airplanes-live
N582MM,2023-02-06,"Never LADD; FlightAware blocked=true (AeroAPI, Sep 2026) with no known start date, so the whole recovered record is listed",2025-07-18,KIWA,Mesa Gateway Airport,Mesa,US-AZ,US,2025-07-18T20:17:52.800000+00:00,2025-07-18T20:17:59.450000+00:00,2025-07-18 13:17,airplanes-live
N582MM,2023-02-06,"Never LADD; FlightAware blocked=true (AeroAPI, Sep 2026) with no known start date, so the whole recovered record is listed",2025-07-19,KPBI,President Donald J. Trump International Airport,West Palm Beach,US-FL,US,2025-07-19T02:17:01.100000+00:00,2025-07-19T02:22:53.200000+00:00,2025-07-18 22:17,adsb-lol;airplanes-live
N582MM,2023-02-06,"Never LADD; FlightAware blocked=true (AeroAPI, Sep 2026) with no known start date, so the whole recovered record is listed",2025-07-19,KPBI,President Donald J. Trump International Airport,West Palm Beach,US-FL,US,2025-07-19T13:50:45.890000+00:00,2025-07-19T13:53:03.570000+00:00,2025-07-19 09:50,adsb-lol;airplanes-live
N582MM,2023-02-06,"Never LADD; FlightAware blocked=true (AeroAPI, Sep 2026) with no known start date, so the whole recovered record is listed",2025-07-19,KTEB,Teterboro Airport,Teterboro,US-NJ,US,2025-07-19T22:47:32.370000+00:00,2025-07-19T22:51:45.950000+00:00,2025-07-19 18:47,adsb-lol;airplanes-live
N582MM,2023-02-06,"Never LADD; FlightAware blocked=true (AeroAPI, Sep 2026) with no known start date, so the whole recovered record is listed",2025-07-20,KTEB,Teterboro Airport,Teterboro,US-NJ,US,2025-07-20T09:36:51.300000+00:00,2025-07-20T09:49:33.590000+00:00,2025-07-20 05:36,adsb-lol;airplanes-live
N582MM,2023-02-06,"Never LADD; FlightAware blocked=true (AeroAPI, Sep 2026) with no known start date, so the whole recovered record is listed",2025-07-20,KIAD,Washington Dulles International Airport,Dulles,US-VA,US,2025-07-20T11:42:21.590000+00:00,2025-07-20T13:07:39.050000+00:00,2025-07-20 07:42,adsb-lol;airplanes-live
N582MM,2023-02-06,"Never LADD; FlightAware blocked=true (AeroAPI, Sep 2026) with no known start date, so the whole recovered record is listed",2025-07-20,KTEB,Teterboro Airport,Teterboro,US-NJ,US,2025-07-20T13:54:44.930000+00:00,2025-07-20T16:32:30.090000+00:00,2025-07-20 09:54,adsb-lol;airplanes-live
N582MM,2023-02-06,"Never LADD; FlightAware blocked=true (AeroAPI, Sep 2026) with no known start date, so the whole recovered record is listed",2025-07-21,KBHB,Hancock County-Bar Harbor Airport,Bar Harbor,US-ME,US,2025-07-21T11:54:34.460000+00:00,2025-07-21T11:56:16.430000+00:00,2025-07-21 07:54,airplanes-live
N582MM,2023-02-06,"Never LADD; FlightAware blocked=true (AeroAPI, Sep 2026) with no known start date, so the whole recovered record is listed",2025-07-21,KBHB,Hancock County-Bar Harbor Airport,Bar Harbor,US-ME,US,2025-07-21T19:48:35.320000+00:00,2025-07-21T19:48:35.320000+00:00,2025-07-21 15:48,airplanes-live
N582MM,2023-02-06,"Never LADD; FlightAware blocked=true (AeroAPI, Sep 2026) with no known start date, so the whole recovered record is listed",2025-07-22,KSDL,Scottsdale Airport,Scottsdale,US-AZ,US,2025-07-22T01:44:05.180000+00:00,2025-07-22T01:46:10.860000+00:00,2025-07-21 18:44,adsb-lol;airplanes-live
N582MM,2023-02-06,"Never LADD; FlightAware blocked=true (AeroAPI, Sep 2026) with no known start date, so the whole recovered record is listed",2025-07-23,KSDL,Scottsdale Airport,Scottsdale,US-AZ,US,2025-07-23T16:52:24.820000+00:00,2025-07-23T17:00:17.890000+00:00,2025-07-23 09:52,adsb-lol;airplanes-live
N582MM,2023-02-06,"Never LADD; FlightAware blocked=true (AeroAPI, Sep 2026) with no known start date, so the whole recovered record is listed",2025-07-23,KACV,California Redwood Coast-Humboldt County Airport,Arcata/Eureka,US-CA,US,2025-07-23T18:54:05.770000+00:00,2025-07-23T20:25:11.110000+00:00,2025-07-23 11:54,airplanes-live
N582MM,2023-02-06,"Never LADD; FlightAware blocked=true (AeroAPI, Sep 2026) with no known start date, so the whole recovered record is listed",2025-07-24,KBWI,Baltimore/Washington International Thurgood Marshall Airport,Baltimore,US-MD,US,2025-07-24T18:31:48.970000+00:00,2025-07-24T18:31:51.930000+00:00,2025-07-24 14:31,adsb-lol
N582MM,2023-02-06,"Never LADD; FlightAware blocked=true (AeroAPI, Sep 2026) with no known start date, so the whole recovered record is listed",2025-07-28,KSUA,Witham Field,Stuart,US-FL,US,2025-07-28T14:23:53.740000+00:00,2025-07-28T14:56:16.720000+00:00,2025-07-28 10:23,adsb-lol;airplanes-live
N582MM,2023-02-06,"Never LADD; FlightAware blocked=true (AeroAPI, Sep 2026) with no known start date, so the whole recovered record is listed",2025-07-28,KTEB,Teterboro Airport,Teterboro,US-NJ,US,2025-07-28T22:32:26.710000+00:00,2025-07-28T22:36:42.030000+00:00,2025-07-28 18:32,adsb-lol;airplanes-live
N582MM,2023-02-06,"Never LADD; FlightAware blocked=true (AeroAPI, Sep 2026) with no known start date, so the whole recovered record is listed",2025-07-29,KTEB,Teterboro Airport,Teterboro,US-NJ,US,2025-07-29T20:12:04.170000+00:00,2025-07-29T20:47:20.090000+00:00,2025-07-29 16:12,adsb-lol;airplanes-live
N582MM,2023-02-06,"Never LADD; FlightAware blocked=true (AeroAPI, Sep 2026) with no known start date, so the whole recovered record is listed",2025-07-29,KMSP,Minneapolis–Saint Paul International Airport / Wold–Chamberlain Field,Minneapolis,US-MN,US,2025-07-29T23:16:50.620000+00:00,2025-07-29T23:20:40.390000+00:00,2025-07-29 18:16,adsb-lol;airplanes-live
N582MM,2023-02-06,"Never LADD; FlightAware blocked=true (AeroAPI, Sep 2026) with no known start date, so the whole recovered record is listed",2025-07-30,KMSP,Minneapolis–Saint Paul International Airport / Wold–Chamberlain Field,Minneapolis,US-MN,US,2025-07-30T16:23:50.890000+00:00,2025-07-30T16:33:52.720000+00:00,2025-07-30 11:23,adsb-lol;airplanes-live
N582MM,2023-02-06,"Never LADD; FlightAware blocked=true (AeroAPI, Sep 2026) with no known start date, so the whole recovered record is listed",2025-07-31,KMSP,Minneapolis–Saint Paul International Airport / Wold–Chamberlain Field,Minneapolis,US-MN,US,2025-07-31T22:52:31.010000+00:00,2025-08-01T00:37:40.290000+00:00,2025-07-31 17:52,adsb-lol;adsbexchange-samples;airplanes-live
N582MM,2023-02-06,"Never LADD; FlightAware blocked=true (AeroAPI, Sep 2026) with no known start date, so the whole recovered record is listed",2025-08-01,KCLE,Cleveland Hopkins International Airport,Cleveland,US-OH,US,2025-08-01T01:57:44.400000+00:00,2025-08-01T02:01:43.890000+00:00,2025-07-31 21:57,adsbexchange-samples
N582MM,2023-02-06,"Never LADD; FlightAware blocked=true (AeroAPI, Sep 2026) with no known start date, so the whole recovered record is listed",2025-08-01,KSDF,Louisville Muhammad Ali International Airport,Louisville,US-KY,US,2025-08-01T13:41:32.990000+00:00,2025-08-01T13:42:41.140000+00:00,2025-08-01 09:41,adsbexchange-samples
N582MM,2023-02-06,"Never LADD; FlightAware blocked=true (AeroAPI, Sep 2026) with no known start date, so the whole recovered record is listed",2025-08-01,KTEB,Teterboro Airport,Teterboro,US-NJ,US,2025-08-01T16:56:45.980000+00:00,2025-08-01T16:56:45.980000+00:00,2025-08-01 12:56,airplanes-live
N582MM,2023-02-06,"Never LADD; FlightAware blocked=true (AeroAPI, Sep 2026) with no known start date, so the whole recovered record is listed",2025-08-01,KBHB,Hancock County-Bar Harbor Airport,Bar Harbor,US-ME,US,2025-08-01T18:04:21.320000+00:00,2025-08-01T18:09:37.590000+00:00,2025-08-01 14:04,adsbexchange-samples
N582MM,2023-02-06,"Never LADD; FlightAware blocked=true (AeroAPI, Sep 2026) with no known start date, so the whole recovered record is listed",2025-08-03,KMSP,Minneapolis–Saint Paul International Airport / Wold–Chamberlain Field,Minneapolis,US-MN,US,2025-08-03T22:10:06.580000+00:00,2025-08-03T23:14:06.020000+00:00,2025-08-03 17:10,adsb-lol
N582MM,2023-02-06,"Never LADD; FlightAware blocked=true (AeroAPI, Sep 2026) with no known start date, so the whole recovered record is listed",2025-08-04,KBCT,Boca Raton Airport,Boca Raton,US-FL,US,2025-08-04T15:26:05.560000+00:00,2025-08-04T15:26:15.490000+00:00,2025-08-04 11:26,adsb-lol;airplanes-live
N582MM,2023-02-06,"Never LADD; FlightAware blocked=true (AeroAPI, Sep 2026) with no known start date, so the whole recovered record is listed",2025-08-05,KSDL,Scottsdale Airport,Scottsdale,US-AZ,US,2025-08-05T00:54:27.070000+00:00,2025-08-05T00:54:36.290000+00:00,2025-08-04 17:54,adsb-lol
N582MM,2023-02-06,"Never LADD; FlightAware blocked=true (AeroAPI, Sep 2026) with no known start date, so the whole recovered record is listed",2025-08-06,KSDL,Scottsdale Airport,Scottsdale,US-AZ,US,2025-08-06T19:08:25.950000+00:00,2025-08-06T19:16:24.200000+00:00,2025-08-06 12:08,adsb-lol;airplanes-live
N582MM,2023-02-06,"Never LADD; FlightAware blocked=true (AeroAPI, Sep 2026) with no known start date, so the whole recovered record is listed",2025-08-06,KCOS,City of Colorado Springs Municipal Airport,Colorado Springs,US-CO,US,2025-08-06T20:34:54.340000+00:00,2025-08-06T20:36:54.800000+00:00,2025-08-06 14:34,adsb-lol;airplanes-live
N582MM,2023-02-06,"Never LADD; FlightAware blocked=true (AeroAPI, Sep 2026) with no known start date, so the whole recovered record is listed",2025-08-07,KCOS,City of Colorado Springs Municipal Airport,Colorado Springs,US-CO,US,2025-08-07T19:10:45.920000+00:00,2025-08-07T20:23:02.060000+00:00,2025-08-07 13:10,adsb-lol;airplanes-live
N582MM,2023-02-06,"Never LADD; FlightAware blocked=true (AeroAPI, Sep 2026) with no known start date, so the whole recovered record is listed",2025-08-07,KTOA,Zamperini Field,Torrance,US-CA,US,2025-08-07T22:29:33.690000+00:00,2025-08-07T22:29:36.080000+00:00,2025-08-07 15:29,adsb-lol;airplanes-live
N582MM,2023-02-06,"Never LADD; FlightAware blocked=true (AeroAPI, Sep 2026) with no known start date, so the whole recovered record is listed",2025-08-08,KSDL,Scottsdale Airport,Scottsdale,US-AZ,US,2025-08-08T05:30:37.410000+00:00,2025-08-08T05:32:25.960000+00:00,2025-08-07 22:30,adsb-lol;airplanes-live
N582MM,2023-02-06,"Never LADD; FlightAware blocked=true (AeroAPI, Sep 2026) with no known start date, so the whole recovered record is listed",2025-08-08,KSDL,Scottsdale Airport,Scottsdale,US-AZ,US,2025-08-08T23:14:52.550000+00:00,2025-08-09T03:17:23.850000+00:00,2025-08-08 16:14,adsb-lol;airplanes-live
N582MM,2023-02-06,"Never LADD; FlightAware blocked=true (AeroAPI, Sep 2026) with no known start date, so the whole recovered record is listed",2025-08-09,KLGB,Long Beach International Airport,Long Beach,US-CA,US,2025-08-09T04:14:25.250000+00:00,2025-08-09T04:17:17.660000+00:00,2025-08-08 21:14,adsb-lol;airplanes-live
N582MM,2023-02-06,"Never LADD; FlightAware blocked=true (AeroAPI, Sep 2026) with no known start date, so the whole recovered record is listed",2025-08-09,KLGB,Long Beach International Airport,Long Beach,US-CA,US,2025-08-09T14:14:09.820000+00:00,2025-08-09T14:19:28.420000+00:00,2025-08-09 07:14,airplanes-live
N582MM,2023-02-06,"Never LADD; FlightAware blocked=true (AeroAPI, Sep 2026) with no known start date, so the whole recovered record is listed",2025-08-09,KMSP,Minneapolis–Saint Paul International Airport / Wold–Chamberlain Field,Minneapolis,US-MN,US,2025-08-09T22:23:43.400000+00:00,2025-08-09T22:24:08.640000+00:00,2025-08-09 17:23,adsb-lol
N582MM,2023-02-06,"Never LADD; FlightAware blocked=true (AeroAPI, Sep 2026) with no known start date, so the whole recovered record is listed",2025-08-10,KMSP,Minneapolis–Saint Paul International Airport / Wold–Chamberlain Field,Minneapolis,US-MN,US,2025-08-10T14:55:09.320000+00:00,2025-08-10T14:55:10.010000+00:00,2025-08-10 09:55,adsb-lol
N582MM,2023-02-06,"Never LADD; FlightAware blocked=true (AeroAPI, Sep 2026) with no known start date, so the whole recovered record is listed",2025-08-10,KPHL,Philadelphia International Airport,Philadelphia,US-PA,US,2025-08-10T17:45:13.250000+00:00,2025-08-10T17:48:18.060000+00:00,2025-08-10 13:45,airplanes-live
N582MM,2023-02-06,"Never LADD; FlightAware blocked=true (AeroAPI, Sep 2026) with no known start date, so the whole recovered record is listed",2025-08-10,KSDL,Scottsdale Airport,Scottsdale,US-AZ,US,2025-08-10T22:00:00.700000+00:00,2025-08-10T22:26:11.400000+00:00,2025-08-10 15:00,adsb-lol;airplanes-live
N582MM,2023-02-06,"Never LADD; FlightAware blocked=true (AeroAPI, Sep 2026) with no known start date, so the whole recovered record is listed",2025-08-11,KSDL,Scottsdale Airport,Scottsdale,US-AZ,US,2025-08-11T03:30:49.490000+00:00,2025-08-11T03:31:35.690000+00:00,2025-08-10 20:30,airplanes-live
N582MM,2023-02-06,"Never LADD; FlightAware blocked=true (AeroAPI, Sep 2026) with no known start date, so the whole recovered record is listed",2025-08-11,KSDL,Scottsdale Airport,Scottsdale,US-AZ,US,2025-08-11T17:50:19.890000+00:00,2025-08-11T17:57:42.700000+00:00,2025-08-11 10:50,airplanes-live
N582MM,2023-02-06,"Never LADD; FlightAware blocked=true (AeroAPI, Sep 2026) with no known start date, so the whole recovered record is listed",2025-08-12,KIAD,Washington Dulles International Airport,Dulles,US-VA,US,2025-08-12T01:54:47.170000+00:00,2025-08-12T02:00:38.110000+00:00,2025-08-11 21:54,airplanes-live
N582MM,2023-02-06,"Never LADD; FlightAware blocked=true (AeroAPI, Sep 2026) with no known start date, so the whole recovered record is listed",2025-08-12,KIAD,Washington Dulles International Airport,Dulles,US-VA,US,2025-08-12T22:53:36.450000+00:00,2025-08-13T00:45:58.770000+00:00,2025-08-12 18:53,airplanes-live
N582MM,2023-02-06,"Never LADD; FlightAware blocked=true (AeroAPI, Sep 2026) with no known start date, so the whole recovered record is listed",2025-08-13,KTEB,Teterboro Airport,Teterboro,US-NJ,US,2025-08-13T01:34:38.080000+00:00,2025-08-13T01:40:12.600000+00:00,2025-08-12 21:34,airplanes-live
N582MM,2023-02-06,"Never LADD; FlightAware blocked=true (AeroAPI, Sep 2026) with no known start date, so the whole recovered record is listed",2025-08-13,KTEB,Teterboro Airport,Teterboro,US-NJ,US,2025-08-13T21:40:12.370000+00:00,2025-08-13T21:48:34.840000+00:00,2025-08-13 17:40,airplanes-live
N582MM,2023-02-06,"Never LADD; FlightAware blocked=true (AeroAPI, Sep 2026) with no known start date, so the whole recovered record is listed",2025-08-14,KSDL,Scottsdale Airport,Scottsdale,US-AZ,US,2025-08-14T02:48:24.720000+00:00,2025-08-14T03:16:22.110000+00:00,2025-08-13 19:48,airplanes-live
N582MM,2023-02-06,"Never LADD; FlightAware blocked=true (AeroAPI, Sep 2026) with no known start date, so the whole recovered record is listed",2025-08-14,KLAS,Harry Reid International Airport,Las Vegas,US-NV,US,2025-08-14T04:02:20.880000+00:00,2025-08-14T04:48:04.320000+00:00,2025-08-13 21:02,airplanes-live
N582MM,2023-02-06,"Never LADD; FlightAware blocked=true (AeroAPI, Sep 2026) with no known start date, so the whole recovered record is listed",2025-08-15,KTEB,Teterboro Airport,Teterboro,US-NJ,US,2025-08-15T16:50:49.590000+00:00,2025-08-15T17:41:51.880000+00:00,2025-08-15 12:50,airplanes-live
N582MM,2023-02-06,"Never LADD; FlightAware blocked=true (AeroAPI, Sep 2026) with no known start date, so the whole recovered record is listed",2025-08-15,KIAD,Washington Dulles International Airport,Dulles,US-VA,US,2025-08-15T22:38:50.180000+00:00,2025-08-15T22:49:28.150000+00:00,2025-08-15 18:38,airplanes-live
N582MM,2023-02-06,"Never LADD; FlightAware blocked=true (AeroAPI, Sep 2026) with no known start date, so the whole recovered record is listed",2025-08-16,KIAD,Washington Dulles International Airport,Dulles,US-VA,US,2025-08-16T10:36:02.520000+00:00,2025-08-16T11:05:20.780000+00:00,2025-08-16 06:36,adsb-lol;airplanes-live
N582MM,2023-02-06,"Never LADD; FlightAware blocked=true (AeroAPI, Sep 2026) with no known start date, so the whole recovered record is listed",2025-08-16,KIAD,Washington Dulles International Airport,Dulles,US-VA,US,2025-08-16T21:58:37.120000+00:00,2025-08-16T22:03:35.140000+00:00,2025-08-16 17:58,adsb-lol;airplanes-live
N582MM,2023-02-06,"Never LADD; FlightAware blocked=true (AeroAPI, Sep 2026) with no known start date, so the whole recovered record is listed",2025-08-17,KIAD,Washington Dulles International Airport,Dulles,US-VA,US,2025-08-17T21:03:37.030000+00:00,2025-08-17T21:12:39.170000+00:00,2025-08-17 17:03,adsb-lol;airplanes-live
N582MM,2023-02-06,"Never LADD; FlightAware blocked=true (AeroAPI, Sep 2026) with no known start date, so the whole recovered record is listed",2025-08-18,KSDL,Scottsdale Airport,Scottsdale,US-AZ,US,2025-08-18T01:24:10.490000+00:00,2025-08-18T01:24:54.620000+00:00,2025-08-17 18:24,adsb-lol;airplanes-live
N582MM,2023-02-06,"Never LADD; FlightAware blocked=true (AeroAPI, Sep 2026) with no known start date, so the whole recovered record is listed",2025-08-21,KSDL,Scottsdale Airport,Scottsdale,US-AZ,US,2025-08-21T10:48:08.310000+00:00,2025-08-21T11:22:48.180000+00:00,2025-08-21 03:48,adsb-lol;airplanes-live
N582MM,2023-02-06,"Never LADD; FlightAware blocked=true (AeroAPI, Sep 2026) with no known start date, so the whole recovered record is listed",2025-08-21,KSDL,Scottsdale Airport,Scottsdale,US-AZ,US,2025-08-21T18:36:18.460000+00:00,2025-08-21T18:38:07.390000+00:00,2025-08-21 11:36,adsb-lol;airplanes-live
N582MM,2023-02-06,"Never LADD; FlightAware blocked=true (AeroAPI, Sep 2026) with no known start date, so the whole recovered record is listed",2025-08-22,KSDL,Scottsdale Airport,Scottsdale,US-AZ,US,2025-08-22T23:07:14.190000+00:00,2025-08-22T23:13:45.430000+00:00,2025-08-22 16:07,adsb-lol;airplanes-live
N582MM,2023-02-06,"Never LADD; FlightAware blocked=true (AeroAPI, Sep 2026) with no known start date, so the whole recovered record is listed",2025-08-23,KSDM,Brown Field Municipal Airport,San Diego,US-CA,US,2025-08-23T23:43:56.030000+00:00,2025-08-24T00:43:24.470000+00:00,2025-08-23 16:43,adsb-lol;airplanes-live
N582MM,2023-02-06,"Never LADD; FlightAware blocked=true (AeroAPI, Sep 2026) with no known start date, so the whole recovered record is listed",2025-08-24,KSDL,Scottsdale Airport,Scottsdale,US-AZ,US,2025-08-24T01:39:00.570000+00:00,2025-08-24T01:39:17.160000+00:00,2025-08-23 18:39,adsb-lol;airplanes-live
N582MM,2023-02-06,"Never LADD; FlightAware blocked=true (AeroAPI, Sep 2026) with no known start date, so the whole recovered record is listed",2025-08-26,KSDL,Scottsdale Airport,Scottsdale,US-AZ,US,2025-08-26T21:17:16.650000+00:00,2025-08-26T21:26:40.680000+00:00,2025-08-26 14:17,airplanes-live
N582MM,2023-02-06,"Never LADD; FlightAware blocked=true (AeroAPI, Sep 2026) with no known start date, so the whole recovered record is listed",2025-08-26,KBZN,Bozeman Yellowstone International Airport,Bozeman,US-MT,US,2025-08-26T23:17:20.680000+00:00,2025-08-27T01:34:15.790000+00:00,2025-08-26 17:17,airplanes-live
N582MM,2023-02-06,"Never LADD; FlightAware blocked=true (AeroAPI, Sep 2026) with no known start date, so the whole recovered record is listed",2025-08-27,KSNA,John Wayne Orange County International Airport,Santa Ana,US-CA,US,2025-08-27T03:48:06.340000+00:00,2025-08-27T04:17:24.750000+00:00,2025-08-26 20:48,airplanes-live
N582MM,2023-02-06,"Never LADD; FlightAware blocked=true (AeroAPI, Sep 2026) with no known start date, so the whole recovered record is listed",2025-08-27,KIWA,Mesa Gateway Airport,Mesa,US-AZ,US,2025-08-27T16:33:25.750000+00:00,2025-08-27T16:57:30.580000+00:00,2025-08-27 09:33,airplanes-live
N582MM,2023-02-06,"Never LADD; FlightAware blocked=true (AeroAPI, Sep 2026) with no known start date, so the whole recovered record is listed",2025-08-27,KSDL,Scottsdale Airport,Scottsdale,US-AZ,US,2025-08-27T19:07:47.270000+00:00,2025-08-27T19:11:26.980000+00:00,2025-08-27 12:07,airplanes-live
N582MM,2023-02-06,"Never LADD; FlightAware blocked=true (AeroAPI, Sep 2026) with no known start date, so the whole recovered record is listed",2025-08-27,KCOE,Coeur D'Alene Airport - Pappy Boyington Field,Coeur d'Alene,US-ID,US,2025-08-27T21:21:06.450000+00:00,2025-08-27T21:57:53.400000+00:00,2025-08-27 15:21,airplanes-live
N582MM,2023-02-06,"Never LADD; FlightAware blocked=true (AeroAPI, Sep 2026) with no known start date, so the whole recovered record is listed",2025-08-27,KAPA,Centennial Airport,Denver,US-CO,US,2025-08-27T23:53:09.550000+00:00,2025-08-28T01:24:49.210000+00:00,2025-08-27 17:53,airplanes-live
N582MM,2023-02-06,"Never LADD; FlightAware blocked=true (AeroAPI, Sep 2026) with no known start date, so the whole recovered record is listed",2025-08-28,KSDL,Scottsdale Airport,Scottsdale,US-AZ,US,2025-08-28T02:46:12.400000+00:00,2025-08-28T02:47:19.510000+00:00,2025-08-27 19:46,airplanes-live
N582MM,2023-02-06,"Never LADD; FlightAware blocked=true (AeroAPI, Sep 2026) with no known start date, so the whole recovered record is listed",2025-08-28,KSDL,Scottsdale Airport,Scottsdale,US-AZ,US,2025-08-28T16:20:08.340000+00:00,2025-08-28T16:55:07.170000+00:00,2025-08-28 09:20,airplanes-live
N582MM,2023-02-06,"Never LADD; FlightAware blocked=true (AeroAPI, Sep 2026) with no known start date, so the whole recovered record is listed",2025-08-29,KSMF,Sacramento International Airport,Sacramento,US-CA,US,2025-08-29T03:44:04.980000+00:00,2025-08-29T03:46:31.420000+00:00,2025-08-28 20:44,airplanes-live
N582MM,2023-02-06,"Never LADD; FlightAware blocked=true (AeroAPI, Sep 2026) with no known start date, so the whole recovered record is listed",2025-08-30,KSMF,Sacramento International Airport,Sacramento,US-CA,US,2025-08-30T15:03:31.820000+00:00,2025-08-30T15:13:33.270000+00:00,2025-08-30 08:03,airplanes-live
N582MM,2023-02-06,"Never LADD; FlightAware blocked=true (AeroAPI, Sep 2026) with no known start date, so the whole recovered record is listed",2025-09-01,KMHT,Manchester-Boston Regional Airport,Manchester,US-NH,US,2025-09-01T12:16:30.940000+00:00,2025-09-01T12:46:33.220000+00:00,2025-09-01 08:16,adsbexchange-samples
N582MM,2023-02-06,"Never LADD; FlightAware blocked=true (AeroAPI, Sep 2026) with no known start date, so the whole recovered record is listed",2025-09-01,KGLR,Gaylord Regional Airport,Gaylord,US-MI,US,2025-09-01T14:12:04.610000+00:00,2025-09-01T14:12:04.610000+00:00,2025-09-01 10:12,adsbexchange-samples
N582MM,2023-02-06,"Never LADD; FlightAware blocked=true (AeroAPI, Sep 2026) with no known start date, so the whole recovered record is listed",2025-09-01,KSDL,Scottsdale Airport,Scottsdale,US-AZ,US,2025-09-01T19:27:26.520000+00:00,2025-09-01T19:28:51.270000+00:00,2025-09-01 12:27,adsb-lol;adsbexchange-samples;airplanes-live
N582MM,2023-02-06,"Never LADD; FlightAware blocked=true (AeroAPI, Sep 2026) with no known start date, so the whole recovered record is listed",2025-09-02,KSDL,Scottsdale Airport,Scottsdale,US-AZ,US,2025-09-02T23:12:12.650000+00:00,2025-09-02T23:15:11.320000+00:00,2025-09-02 16:12,adsb-lol;airplanes-live
N582MM,2023-02-06,"Never LADD; FlightAware blocked=true (AeroAPI, Sep 2026) with no known start date, so the whole recovered record is listed",2025-09-03,KCLE,Cleveland Hopkins International Airport,Cleveland,US-OH,US,2025-09-03T02:45:59.080000+00:00,2025-09-03T02:49:55.550000+00:00,2025-09-02 22:45,adsb-lol;airplanes-live
N582MM,2023-02-06,"Never LADD; FlightAware blocked=true (AeroAPI, Sep 2026) with no known start date, so the whole recovered record is listed",2025-09-03,KCLE,Cleveland Hopkins International Airport,Cleveland,US-OH,US,2025-09-03T16:06:05.060000+00:00,2025-09-03T16:10:23.610000+00:00,2025-09-03 12:06,adsb-lol;airplanes-live
N582MM,2023-02-06,"Never LADD; FlightAware blocked=true (AeroAPI, Sep 2026) with no known start date, so the whole recovered record is listed",2025-09-06,KFLL,Fort Lauderdale Hollywood International Airport,Fort Lauderdale,US-FL,US,2025-09-06T00:20:07.480000+00:00,2025-09-06T00:53:22.520000+00:00,2025-09-05 20:20,airplanes-live
N582MM,2023-02-06,"Never LADD; FlightAware blocked=true (AeroAPI, Sep 2026) with no known start date, so the whole recovered record is listed",2025-09-06,KBNA,Nashville International Airport,Nashville,US-TN,US,2025-09-06T02:45:58.550000+00:00,2025-09-06T02:49:41.240000+00:00,2025-09-05 21:45,adsb-lol;airplanes-live
N582MM,2023-02-06,"Never LADD; FlightAware blocked=true (AeroAPI, Sep 2026) with no known start date, so the whole recovered record is listed",2025-09-06,KBNA,Nashville International Airport,Nashville,US-TN,US,2025-09-06T13:18:34.510000+00:00,2025-09-06T14:00:47.540000+00:00,2025-09-06 08:18,adsb-lol;airplanes-live
N582MM,2023-02-06,"Never LADD; FlightAware blocked=true (AeroAPI, Sep 2026) with no known start date, so the whole recovered record is listed",2025-09-07,KDAL,Dallas Love Field,Dallas,US-TX,US,2025-09-07T00:28:48.790000+00:00,2025-09-07T00:31:45.900000+00:00,2025-09-06 19:28,adsb-lol;airplanes-live
N582MM,2023-02-06,"Never LADD; FlightAware blocked=true (AeroAPI, Sep 2026) with no known start date, so the whole recovered record is listed",2025-09-07,KDAL,Dallas Love Field,Dallas,US-TX,US,2025-09-07T16:31:40.290000+00:00,2025-09-07T17:22:53.750000+00:00,2025-09-07 11:31,adsb-lol
N582MM,2023-02-06,"Never LADD; FlightAware blocked=true (AeroAPI, Sep 2026) with no known start date, so the whole recovered record is listed",2025-09-07,KBAZ,New Braunfels National Airport,New Braunfels,US-TX,US,2025-09-07T17:21:02.890000+00:00,2025-09-07T17:22:53.710000+00:00,2025-09-07 12:21,airplanes-live
N582MM,2023-02-06,"Never LADD; FlightAware blocked=true (AeroAPI, Sep 2026) with no known start date, so the whole recovered record is listed",2025-09-07,KBAZ,New Braunfels National Airport,New Braunfels,US-TX,US,2025-09-07T20:57:36.360000+00:00,2025-09-07T21:19:35.010000+00:00,2025-09-07 15:57,adsb-lol;airplanes-live
N582MM,2023-02-06,"Never LADD; FlightAware blocked=true (AeroAPI, Sep 2026) with no known start date, so the whole recovered record is listed",2025-09-09,KBJC,Rocky Mountain Metropolitan Airport,Denver,US-CO,US,2025-09-09T00:30:55.670000+00:00,2025-09-09T01:13:25.930000+00:00,2025-09-08 18:30,adsb-lol;airplanes-live
N582MM,2023-02-06,"Never LADD; FlightAware blocked=true (AeroAPI, Sep 2026) with no known start date, so the whole recovered record is listed",2025-09-09,KAUS,Austin Bergstrom International Airport,Austin,US-TX,US,2025-09-09T02:59:44.510000+00:00,2025-09-09T03:04:46.280000+00:00,2025-09-08 21:59,adsb-lol;airplanes-live
N582MM,2023-02-06,"Never LADD; FlightAware blocked=true (AeroAPI, Sep 2026) with no known start date, so the whole recovered record is listed",2025-09-09,KAUS,Austin Bergstrom International Airport,Austin,US-TX,US,2025-09-09T17:11:34.230000+00:00,2025-09-09T18:01:40.130000+00:00,2025-09-09 12:11,adsb-lol;airplanes-live
N582MM,2023-02-06,"Never LADD; FlightAware blocked=true (AeroAPI, Sep 2026) with no known start date, so the whole recovered record is listed",2025-09-09,KBJC,Rocky Mountain Metropolitan Airport,Denver,US-CO,US,2025-09-09T20:11:42.510000+00:00,2025-09-09T20:13:58.750000+00:00,2025-09-09 14:11,adsb-lol;airplanes-live
N582MM,2023-02-06,"Never LADD; FlightAware blocked=true (AeroAPI, Sep 2026) with no known start date, so the whole recovered record is listed",2025-09-10,KBJC,Rocky Mountain Metropolitan Airport,Denver,US-CO,US,2025-09-10T17:32:35.410000+00:00,2025-09-10T17:58:36.770000+00:00,2025-09-10 11:32,adsb-lol;airplanes-live
N582MM,2023-02-06,"Never LADD; FlightAware blocked=true (AeroAPI, Sep 2026) with no known start date, so the whole recovered record is listed",2025-09-11,KPVU,Provo Municipal Airport,Provo,US-UT,US,2025-09-11T00:57:14.480000+00:00,2025-09-11T00:59:39.210000+00:00,2025-09-10 18:57,adsb-lol;airplanes-live
N582MM,2023-02-06,"Never LADD; FlightAware blocked=true (AeroAPI, Sep 2026) with no known start date, so the whole recovered record is listed",2025-09-11,KPVU,Provo Municipal Airport,Provo,US-UT,US,2025-09-11T14:08:27.780000+00:00,2025-09-11T14:19:56.970000+00:00,2025-09-11 08:08,adsb-lol;airplanes-live
N582MM,2023-02-06,"Never LADD; FlightAware blocked=true (AeroAPI, Sep 2026) with no known start date, so the whole recovered record is listed",2025-09-11,KBAZ,New Braunfels National Airport,New Braunfels,US-TX,US,2025-09-11T19:44:12.200000+00:00,2025-09-11T21:20:50.910000+00:00,2025-09-11 14:44,airplanes-live
N582MM,2023-02-06,"Never LADD; FlightAware blocked=true (AeroAPI, Sep 2026) with no known start date, so the whole recovered record is listed",2025-09-12,KIAD,Washington Dulles International Airport,Dulles,US-VA,US,2025-09-12T05:00:36.840000+00:00,2025-09-12T05:05:00.440000+00:00,2025-09-12 01:00,adsb-lol;airplanes-live
N582MM,2023-02-06,"Never LADD; FlightAware blocked=true (AeroAPI, Sep 2026) with no known start date, so the whole recovered record is listed",2025-09-12,KIAD,Washington Dulles International Airport,Dulles,US-VA,US,2025-09-12T15:14:03.450000+00:00,2025-09-12T16:00:30+00:00,2025-09-12 11:14,adsb-lol;airplanes-live
N582MM,2023-02-06,"Never LADD; FlightAware blocked=true (AeroAPI, Sep 2026) with no known start date, so the whole recovered record is listed",2025-09-14,KCLT,Charlotte Douglas International Airport,Charlotte,US-NC,US,2025-09-14T18:52:15.210000+00:00,2025-09-14T20:49:32.770000+00:00,2025-09-14 14:52,airplanes-live
N582MM,2023-02-06,"Never LADD; FlightAware blocked=true (AeroAPI, Sep 2026) with no known start date, so the whole recovered record is listed",2025-09-14,KMDW,Chicago Midway International Airport,Chicago,US-IL,US,2025-09-14T22:32:05.450000+00:00,2025-09-14T22:36:20.540000+00:00,2025-09-14 17:32,adsb-lol;airplanes-live
N582MM,2023-02-06,"Never LADD; FlightAware blocked=true (AeroAPI, Sep 2026) with no known start date, so the whole recovered record is listed",2025-09-15,KMDW,Chicago Midway International Airport,Chicago,US-IL,US,2025-09-15T17:24:06.150000+00:00,2025-09-15T17:28:39.490000+00:00,2025-09-15 12:24,adsb-lol;airplanes-live
N582MM,2023-02-06,"Never LADD; FlightAware blocked=true (AeroAPI, Sep 2026) with no known start date, so the whole recovered record is listed",2025-09-15,KDIJ,Driggs/Reed Memorial Airport,Driggs,US-ID,US,2025-09-15T21:16:13.450000+00:00,2025-09-15T22:35:09.350000+00:00,2025-09-15 15:16,adsb-lol
N582MM,2023-02-06,"Never LADD; FlightAware blocked=true (AeroAPI, Sep 2026) with no known start date, so the whole recovered record is listed",2025-09-15,KSLC,Salt Lake City International Airport,Salt Lake City,US-UT,US,2025-09-15T22:31:48.380000+00:00,2025-09-15T22:35:09.360000+00:00,2025-09-15 16:31,airplanes-live
N582MM,2023-02-06,"Never LADD; FlightAware blocked=true (AeroAPI, Sep 2026) with no known start date, so the whole recovered record is listed",2025-09-16,KCOE,Coeur D'Alene Airport - Pappy Boyington Field,Coeur d'Alene,US-ID,US,2025-09-16T00:27:14.960000+00:00,2025-09-16T00:28:27.980000+00:00,2025-09-15 18:27,airplanes-live
N582MM,2023-02-06,"Never LADD; FlightAware blocked=true (AeroAPI, Sep 2026) with no known start date, so the whole recovered record is listed",2025-09-16,KCOE,Coeur D'Alene Airport - Pappy Boyington Field,Coeur d'Alene,US-ID,US,2025-09-16T16:52:32.140000+00:00,2025-09-16T16:54:16.460000+00:00,2025-09-16 10:52,airplanes-live
N582MM,2023-02-06,"Never LADD; FlightAware blocked=true (AeroAPI, Sep 2026) with no known start date, so the whole recovered record is listed",2025-09-16,KABE,Lehigh Valley International Airport,Allentown/Bethlehem,US-PA,US,2025-09-16T23:05:58.460000+00:00,2025-09-16T23:09:07.950000+00:00,2025-09-16 19:05,adsb-lol;airplanes-live
N582MM,2023-02-06,"Never LADD; FlightAware blocked=true (AeroAPI, Sep 2026) with no known start date, so the whole recovered record is listed",2025-09-17,KABE,Lehigh Valley International Airport,Allentown/Bethlehem,US-PA,US,2025-09-17T16:43:03.410000+00:00,2025-09-17T17:25:46.740000+00:00,2025-09-17 12:43,adsb-lol;airplanes-live
N582MM,2023-02-06,"Never LADD; FlightAware blocked=true (AeroAPI, Sep 2026) with no known start date, so the whole recovered record is listed",2025-09-17,KMKE,General Mitchell International Airport,Milwaukee,US-WI,US,2025-09-17T20:45:10.420000+00:00,2025-09-17T20:48:49.460000+00:00,2025-09-17 15:45,airplanes-live
N582MM,2023-02-06,"Never LADD; FlightAware blocked=true (AeroAPI, Sep 2026) with no known start date, so the whole recovered record is listed",2025-09-19,KBJC,Rocky Mountain Metropolitan Airport,Denver,US-CO,US,2025-09-19T00:16:29.200000+00:00,2025-09-19T00:17:54.180000+00:00,2025-09-18 18:16,adsb-lol;airplanes-live
N582MM,2023-02-06,"Never LADD; FlightAware blocked=true (AeroAPI, Sep 2026) with no known start date, so the whole recovered record is listed",2025-09-19,KBJC,Rocky Mountain Metropolitan Airport,Denver,US-CO,US,2025-09-19T15:35:33.220000+00:00,2025-09-19T16:11:28.650000+00:00,2025-09-19 09:35,adsb-lol;airplanes-live
N582MM,2023-02-06,"Never LADD; FlightAware blocked=true (AeroAPI, Sep 2026) with no known start date, so the whole recovered record is listed",2025-09-19,KLNS,Lancaster Airport,Lancaster,US-PA,US,2025-09-19T19:16:51.380000+00:00,2025-09-19T19:18:50.240000+00:00,2025-09-19 15:16,adsb-lol;airplanes-live
N582MM,2023-02-06,"Never LADD; FlightAware blocked=true (AeroAPI, Sep 2026) with no known start date, so the whole recovered record is listed",2025-09-20,KLNS,Lancaster Airport,Lancaster,US-PA,US,2025-09-20T16:33:04.340000+00:00,2025-09-20T17:03:45.570000+00:00,2025-09-20 12:33,adsb-lol;airplanes-live
N582MM,2023-02-06,"Never LADD; FlightAware blocked=true (AeroAPI, Sep 2026) with no known start date, so the whole recovered record is listed",2025-09-21,KDEN,Denver International Airport,Denver,US-CO,US,2025-09-21T20:46:56.220000+00:00,2025-09-21T21:48:21.490000+00:00,2025-09-21 14:46,adsb-lol;airplanes-live
N582MM,2023-02-06,"Never LADD; FlightAware blocked=true (AeroAPI, Sep 2026) with no known start date, so the whole recovered record is listed",2025-09-22,KSUA,Witham Field,Stuart,US-FL,US,2025-09-22T18:22:32.930000+00:00,2025-09-22T19:03:20.390000+00:00,2025-09-22 14:22,adsb-lol;airplanes-live
N582MM,2023-02-06,"Never LADD; FlightAware blocked=true (AeroAPI, Sep 2026) with no known start date, so the whole recovered record is listed",2025-09-27,KSAV,Savannah Hilton Head International Airport,Savannah,US-GA,US,2025-09-27T21:18:09.230000+00:00,2025-09-27T22:46:15.920000+00:00,2025-09-27 17:18,adsb-lol;airplanes-live
N582MM,2023-02-06,"Never LADD; FlightAware blocked=true (AeroAPI, Sep 2026) with no known start date, so the whole recovered record is listed",2025-10-03,KBCT,Boca Raton Airport,Boca Raton,US-FL,US,2025-10-03T18:02:10.190000+00:00,2025-10-03T18:02:18.270000+00:00,2025-10-03 14:02,airplanes-live
N582MM,2023-02-06,"Never LADD; FlightAware blocked=true (AeroAPI, Sep 2026) with no known start date, so the whole recovered record is listed",2025-10-04,KRYY,Cobb County International Airport-McCollum Field,Atlanta,US-GA,US,2025-10-04T00:44:36.840000+00:00,2025-10-04T00:49:21.440000+00:00,2025-10-03 20:44,adsb-lol;airplanes-live
N582MM,2023-02-06,"Never LADD; FlightAware blocked=true (AeroAPI, Sep 2026) with no known start date, so the whole recovered record is listed",2025-10-04,KRYY,Cobb County International Airport-McCollum Field,Atlanta,US-GA,US,2025-10-04T12:10:02.190000+00:00,2025-10-04T13:07:35.250000+00:00,2025-10-04 08:10,adsb-lol;airplanes-live
N582MM,2023-02-06,"Never LADD; FlightAware blocked=true (AeroAPI, Sep 2026) with no known start date, so the whole recovered record is listed",2025-10-06,KAUS,Austin Bergstrom International Airport,Austin,US-TX,US,2025-10-06T00:30:13.900000+00:00,2025-10-06T03:55:24.750000+00:00,2025-10-05 19:30,adsb-lol;airplanes-live
N582MM,2023-02-06,"Never LADD; FlightAware blocked=true (AeroAPI, Sep 2026) with no known start date, so the whole recovered record is listed",2025-10-06,KBUR,Hollywood Burbank/Bob Hope Airport,Burbank,US-CA,US,2025-10-06T07:02:25.660000+00:00,2025-10-06T07:05:18.700000+00:00,2025-10-06 00:02,adsb-lol;airplanes-live
N582MM,2023-02-06,"Never LADD; FlightAware blocked=true (AeroAPI, Sep 2026) with no known start date, so the whole recovered record is listed",2025-10-06,KBUR,Hollywood Burbank/Bob Hope Airport,Burbank,US-CA,US,2025-10-06T18:50:11.450000+00:00,2025-10-06T18:54:47+00:00,2025-10-06 11:50,adsb-lol;airplanes-live
N582MM,2023-02-06,"Never LADD; FlightAware blocked=true (AeroAPI, Sep 2026) with no known start date, so the whole recovered record is listed",2025-10-06,KSDL,Scottsdale Airport,Scottsdale,US-AZ,US,2025-10-06T20:02:09.120000+00:00,2025-10-06T21:24:01.340000+00:00,2025-10-06 13:02,adsb-lol;airplanes-live
N582MM,2023-02-06,"Never LADD; FlightAware blocked=true (AeroAPI, Sep 2026) with no known start date, so the whole recovered record is listed",2025-10-07,KRYY,Cobb County International Airport-McCollum Field,Atlanta,US-GA,US,2025-10-07T00:27:11.950000+00:00,2025-10-07T00:32:01.240000+00:00,2025-10-06 20:27,adsb-lol;airplanes-live
N582MM,2023-02-06,"Never LADD; FlightAware blocked=true (AeroAPI, Sep 2026) with no known start date, so the whole recovered record is listed",2025-10-07,KRYY,Cobb County International Airport-McCollum Field,Atlanta,US-GA,US,2025-10-07T15:31:14.310000+00:00,2025-10-07T16:02:42.070000+00:00,2025-10-07 11:31,adsb-lol;airplanes-live
N582MM,2023-02-06,"Never LADD; FlightAware blocked=true (AeroAPI, Sep 2026) with no known start date, so the whole recovered record is listed",2025-10-07,KRYY,Cobb County International Airport-McCollum Field,Atlanta,US-GA,US,2025-10-07T20:36:26.780000+00:00,2025-10-07T20:42:00.040000+00:00,2025-10-07 16:36,adsb-lol;airplanes-live
N582MM,2023-02-06,"Never LADD; FlightAware blocked=true (AeroAPI, Sep 2026) with no known start date, so the whole recovered record is listed",2025-10-08,KRYY,Cobb County International Airport-McCollum Field,Atlanta,US-GA,US,2025-10-08T14:41:46.990000+00:00,2025-10-08T15:21:58.680000+00:00,2025-10-08 10:41,adsb-lol;airplanes-live
N582MM,2023-02-06,"Never LADD; FlightAware blocked=true (AeroAPI, Sep 2026) with no known start date, so the whole recovered record is listed",2025-10-08,KSDL,Scottsdale Airport,Scottsdale,US-AZ,US,2025-10-08T21:05:40.910000+00:00,2025-10-08T21:29:56.460000+00:00,2025-10-08 14:05,adsb-lol;airplanes-live
N582MM,2023-02-06,"Never LADD; FlightAware blocked=true (AeroAPI, Sep 2026) with no known start date, so the whole recovered record is listed",2025-10-08,KCOE,Coeur D'Alene Airport - Pappy Boyington Field,Coeur d'Alene,US-ID,US,2025-10-08T23:34:00.490000+00:00,2025-10-09T00:07:23.230000+00:00,2025-10-08 17:34,airplanes-live
N582MM,2023-02-06,"Never LADD; FlightAware blocked=true (AeroAPI, Sep 2026) with no known start date, so the whole recovered record is listed",2025-10-09,KSDL,Scottsdale Airport,Scottsdale,US-AZ,US,2025-10-09T02:26:10.590000+00:00,2025-10-09T02:29:42.430000+00:00,2025-10-08 19:26,adsb-lol;airplanes-live
N582MM,2023-02-06,"Never LADD; FlightAware blocked=true (AeroAPI, Sep 2026) with no known start date, so the whole recovered record is listed",2025-10-09,KSDL,Scottsdale Airport,Scottsdale,US-AZ,US,2025-10-09T14:38:42.180000+00:00,2025-10-09T14:44:31.870000+00:00,2025-10-09 07:38,adsb-lol;airplanes-live
N582MM,2023-02-06,"Never LADD; FlightAware blocked=true (AeroAPI, Sep 2026) with no known start date, so the whole recovered record is listed",2025-10-09,KCRQ,McClellan-Palomar Airport,Carlsbad,US-CA,US,2025-10-09T15:35:45.270000+00:00,2025-10-09T17:38:11.800000+00:00,2025-10-09 08:35,adsb-lol;airplanes-live
N582MM,2023-02-06,"Never LADD; FlightAware blocked=true (AeroAPI, Sep 2026) with no known start date, so the whole recovered record is listed",2025-10-10,KLAS,Harry Reid International Airport,Las Vegas,US-NV,US,2025-10-10T01:14:44.100000+00:00,2025-10-10T01:16:24.970000+00:00,2025-10-09 18:14,adsb-lol;airplanes-live
N582MM,2023-02-06,"Never LADD; FlightAware blocked=true (AeroAPI, Sep 2026) with no known start date, so the whole recovered record is listed",2025-10-10,KLAS,Harry Reid International Airport,Las Vegas,US-NV,US,2025-10-10T16:51:01.930000+00:00,2025-10-10T16:55:19.640000+00:00,2025-10-10 09:51,adsb-lol;airplanes-live
N582MM,2023-02-06,"Never LADD; FlightAware blocked=true (AeroAPI, Sep 2026) with no known start date, so the whole recovered record is listed",2025-10-10,KBJC,Rocky Mountain Metropolitan Airport,Denver,US-CO,US,2025-10-10T18:12:07.860000+00:00,2025-10-10T20:05:15.220000+00:00,2025-10-10 12:12,adsb-lol;airplanes-live
N582MM,2023-02-06,"Never LADD; FlightAware blocked=true (AeroAPI, Sep 2026) with no known start date, so the whole recovered record is listed",2025-10-10,KJQF,Concord-Padgett Regional Airport,Concord,US-NC,US,2025-10-10T23:52:50.930000+00:00,2025-10-10T23:54:17.150000+00:00,2025-10-10 19:52,airplanes-live
N582MM,2023-02-06,"Never LADD; FlightAware blocked=true (AeroAPI, Sep 2026) with no known start date, so the whole recovered record is listed",2025-10-11,KJQF,Concord-Padgett Regional Airport,Concord,US-NC,US,2025-10-11T12:45:56.580000+00:00,2025-10-11T12:46:26.540000+00:00,2025-10-11 08:45,airplanes-live
N582MM,2023-02-06,"Never LADD; FlightAware blocked=true (AeroAPI, Sep 2026) with no known start date, so the whole recovered record is listed",2025-10-11,KMSP,Minneapolis–Saint Paul International Airport / Wold–Chamberlain Field,Minneapolis,US-MN,US,2025-10-11T15:05:46.690000+00:00,2025-10-11T16:06:50.150000+00:00,2025-10-11 10:05,adsb-lol;airplanes-live
N582MM,2023-02-06,"Never LADD; FlightAware blocked=true (AeroAPI, Sep 2026) with no known start date, so the whole recovered record is listed",2025-10-12,KSTL,St. Louis Lambert International Airport,St Louis,US-MO,US,2025-10-12T14:49:05.610000+00:00,2025-10-12T19:22:20.510000+00:00,2025-10-12 09:49,airplanes-live
N582MM,2023-02-06,"Never LADD; FlightAware blocked=true (AeroAPI, Sep 2026) with no known start date, so the whole recovered record is listed",2025-10-13,KBAZ,New Braunfels National Airport,New Braunfels,US-TX,US,2025-10-13T19:18:16.670000+00:00,2025-10-13T20:23:57.730000+00:00,2025-10-13 14:18,airplanes-live
N582MM,2023-02-06,"Never LADD; FlightAware blocked=true (AeroAPI, Sep 2026) with no known start date, so the whole recovered record is listed",2025-10-13,KIAD,Washington Dulles International Airport,Dulles,US-VA,US,2025-10-13T23:30:32.870000+00:00,2025-10-14T00:13:18.120000+00:00,2025-10-13 19:30,airplanes-live
N582MM,2023-02-06,"Never LADD; FlightAware blocked=true (AeroAPI, Sep 2026) with no known start date, so the whole recovered record is listed",2025-10-14,KBED,Laurence G Hanscom Field,Bedford,US-MA,US,2025-10-14T01:22:22.970000+00:00,2025-10-14T01:22:23.580000+00:00,2025-10-13 21:22,airplanes-live
N582MM,2023-02-06,"Never LADD; FlightAware blocked=true (AeroAPI, Sep 2026) with no known start date, so the whole recovered record is listed",2025-10-14,KBED,Laurence G Hanscom Field,Bedford,US-MA,US,2025-10-14T13:52:15.780000+00:00,2025-10-14T13:55:19.930000+00:00,2025-10-14 09:52,airplanes-live
N582MM,2023-02-06,"Never LADD; FlightAware blocked=true (AeroAPI, Sep 2026) with no known start date, so the whole recovered record is listed",2025-10-14,KFMY,Page Field,Fort Myers,US-FL,US,2025-10-14T16:41:57.950000+00:00,2025-10-14T17:40:14.890000+00:00,2025-10-14 12:41,airplanes-live
N582MM,2023-02-06,"Never LADD; FlightAware blocked=true (AeroAPI, Sep 2026) with no known start date, so the whole recovered record is listed",2025-10-15,KVNY,Van Nuys Airport,Van Nuys,US-CA,US,2025-10-15T00:11:56.270000+00:00,2025-10-15T01:08:51.920000+00:00,2025-10-14 17:11,airplanes-live
N582MM,2023-02-06,"Never LADD; FlightAware blocked=true (AeroAPI, Sep 2026) with no known start date, so the whole recovered record is listed",2025-10-15,KRYY,Cobb County International Airport-McCollum Field,Atlanta,US-GA,US,2025-10-15T20:22:10.690000+00:00,2025-10-15T23:25:17.870000+00:00,2025-10-15 16:22,airplanes-live
N582MM,2023-02-06,"Never LADD; FlightAware blocked=true (AeroAPI, Sep 2026) with no known start date, so the whole recovered record is listed",2025-10-16,KROC,Frederick Douglass Greater Rochester International Airport,Rochester,US-NY,US,2025-10-16T01:04:38.200000+00:00,2025-10-16T01:04:39.120000+00:00,2025-10-15 21:04,airplanes-live
N582MM,2023-02-06,"Never LADD; FlightAware blocked=true (AeroAPI, Sep 2026) with no known start date, so the whole recovered record is listed",2025-10-16,KFLL,Fort Lauderdale Hollywood International Airport,Fort Lauderdale,US-FL,US,2025-10-16T20:45:42.290000+00:00,2025-10-16T22:32:00.270000+00:00,2025-10-16 16:45,airplanes-live
N582MM,2023-02-06,"Never LADD; FlightAware blocked=true (AeroAPI, Sep 2026) with no known start date, so the whole recovered record is listed",2025-10-17,KBCT,Boca Raton Airport,Boca Raton,US-FL,US,2025-10-17T17:01:53.260000+00:00,2025-10-17T17:01:58.850000+00:00,2025-10-17 13:01,airplanes-live
N582MM,2023-02-06,"Never LADD; FlightAware blocked=true (AeroAPI, Sep 2026) with no known start date, so the whole recovered record is listed",2025-10-17,KTPA,Tampa International Airport,Tampa,US-FL,US,2025-10-17T19:42:26.480000+00:00,2025-10-17T20:29:37.180000+00:00,2025-10-17 15:42,airplanes-live
N582MM,2023-02-06,"Never LADD; FlightAware blocked=true (AeroAPI, Sep 2026) with no known start date, so the whole recovered record is listed",2025-10-17,KFSD,Sioux Falls Regional Airport,Sioux Falls,US-SD,US,2025-10-17T23:29:32.680000+00:00,2025-10-18T00:00:47.780000+00:00,2025-10-17 18:29,airplanes-live
N582MM,2023-02-06,"Never LADD; FlightAware blocked=true (AeroAPI, Sep 2026) with no known start date, so the whole recovered record is listed",2025-10-18,KAPA,Centennial Airport,Denver,US-CO,US,2025-10-18T01:29:33.260000+00:00,2025-10-18T01:32:44.010000+00:00,2025-10-17 19:29,airplanes-live
N582MM,2023-02-06,"Never LADD; FlightAware blocked=true (AeroAPI, Sep 2026) with no known start date, so the whole recovered record is listed",2025-10-18,KAPA,Centennial Airport,Denver,US-CO,US,2025-10-18T16:01:27.070000+00:00,2025-10-18T16:08:36.390000+00:00,2025-10-18 10:01,airplanes-live
N582MM,2023-02-06,"Never LADD; FlightAware blocked=true (AeroAPI, Sep 2026) with no known start date, so the whole recovered record is listed",2025-10-18,KFLL,Fort Lauderdale Hollywood International Airport,Fort Lauderdale,US-FL,US,2025-10-18T19:38:18.460000+00:00,2025-10-18T20:25:30.750000+00:00,2025-10-18 15:38,airplanes-live
N582MM,2023-02-06,"Never LADD; FlightAware blocked=true (AeroAPI, Sep 2026) with no known start date, so the whole recovered record is listed",2025-10-18,KBED,Laurence G Hanscom Field,Bedford,US-MA,US,2025-10-18T23:18:13.500000+00:00,2025-10-18T23:21:18.100000+00:00,2025-10-18 19:18,airplanes-live
N582MM,2023-02-06,"Never LADD; FlightAware blocked=true (AeroAPI, Sep 2026) with no known start date, so the whole recovered record is listed",2025-10-19,KBED,Laurence G Hanscom Field,Bedford,US-MA,US,2025-10-19T13:47:40.820000+00:00,2025-10-19T13:51:20.080000+00:00,2025-10-19 09:47,airplanes-live
N582MM,2023-02-06,"Never LADD; FlightAware blocked=true (AeroAPI, Sep 2026) with no known start date, so the whole recovered record is listed",2025-10-19,KBCT,Boca Raton Airport,Boca Raton,US-FL,US,2025-10-19T20:37:15.350000+00:00,2025-10-19T22:06:31.610000+00:00,2025-10-19 16:37,airplanes-live
N582MM,2023-02-06,"Never LADD; FlightAware blocked=true (AeroAPI, Sep 2026) with no known start date, so the whole recovered record is listed",2025-10-20,KJWN,John C Tune Airport,Nashville,US-TN,US,2025-10-20T00:25:34.590000+00:00,2025-10-20T00:25:59.860000+00:00,2025-10-19 19:25,airplanes-live
N582MM,2023-02-06,"Never LADD; FlightAware blocked=true (AeroAPI, Sep 2026) with no known start date, so the whole recovered record is listed",2025-10-20,KPMP,Pompano Beach Airpark,Pompano Beach,US-FL,US,2025-10-20T15:46:25.950000+00:00,2025-10-20T15:46:25.950000+00:00,2025-10-20 11:46,airplanes-live
N582MM,2023-02-06,"Never LADD; FlightAware blocked=true (AeroAPI, Sep 2026) with no known start date, so the whole recovered record is listed",2025-10-20,KBED,Laurence G Hanscom Field,Bedford,US-MA,US,2025-10-20T20:22:16.840000+00:00,2025-10-20T21:01:11.570000+00:00,2025-10-20 16:22,airplanes-live
N582MM,2023-02-06,"Never LADD; FlightAware blocked=true (AeroAPI, Sep 2026) with no known start date, so the whole recovered record is listed",2025-10-21,KFLL,Fort Lauderdale Hollywood International Airport,Fort Lauderdale,US-FL,US,2025-10-21T00:51:10.550000+00:00,2025-10-21T00:55:32.420000+00:00,2025-10-20 20:51,airplanes-live
N582MM,2023-02-06,"Never LADD; FlightAware blocked=true (AeroAPI, Sep 2026) with no known start date, so the whole recovered record is listed",2025-10-21,KFLL,Fort Lauderdale Hollywood International Airport,Fort Lauderdale,US-FL,US,2025-10-21T11:14:03.250000+00:00,2025-10-21T12:26:46.790000+00:00,2025-10-21 07:14,airplanes-live
N582MM,2023-02-06,"Never LADD; FlightAware blocked=true (AeroAPI, Sep 2026) with no known start date, so the whole recovered record is listed",2025-10-21,KDAL,Dallas Love Field,Dallas,US-TX,US,2025-10-21T15:21:44.710000+00:00,2025-10-21T15:22:05.200000+00:00,2025-10-21 10:21,airplanes-live
N582MM,2023-02-06,"Never LADD; FlightAware blocked=true (AeroAPI, Sep 2026) with no known start date, so the whole recovered record is listed",2025-10-22,KMDW,Chicago Midway International Airport,Chicago,US-IL,US,2025-10-22T01:09:39.500000+00:00,2025-10-22T01:09:44.360000+00:00,2025-10-21 20:09,airplanes-live
N582MM,2023-02-06,"Never LADD; FlightAware blocked=true (AeroAPI, Sep 2026) with no known start date, so the whole recovered record is listed",2025-10-22,KMDW,Chicago Midway International Airport,Chicago,US-IL,US,2025-10-22T13:54:24.330000+00:00,2025-10-22T14:11:12.740000+00:00,2025-10-22 08:54,airplanes-live
N582MM,2023-02-06,"Never LADD; FlightAware blocked=true (AeroAPI, Sep 2026) with no known start date, so the whole recovered record is listed",2025-10-22,KAVQ,Marana Regional Airport,Marana,US-AZ,US,2025-10-22T20:51:15.840000+00:00,2025-10-22T21:37:31.650000+00:00,2025-10-22 13:51,airplanes-live
N582MM,2023-02-06,"Never LADD; FlightAware blocked=true (AeroAPI, Sep 2026) with no known start date, so the whole recovered record is listed",2025-10-23,KTKI,McKinney National Airport,Dallas,US-TX,US,2025-10-23T22:05:26.270000+00:00,2025-10-23T22:38:53.320000+00:00,2025-10-23 17:05,airplanes-live
N582MM,2023-02-06,"Never LADD; FlightAware blocked=true (AeroAPI, Sep 2026) with no known start date, so the whole recovered record is listed",2025-10-24,KSDL,Scottsdale Airport,Scottsdale,US-AZ,US,2025-10-24T20:51:52.420000+00:00,2025-10-24T20:52:34.610000+00:00,2025-10-24 13:51,airplanes-live
N582MM,2023-02-06,"Never LADD; FlightAware blocked=true (AeroAPI, Sep 2026) with no known start date, so the whole recovered record is listed",2025-10-25,KSDL,Scottsdale Airport,Scottsdale,US-AZ,US,2025-10-25T21:01:20.760000+00:00,2025-10-25T21:11:50.170000+00:00,2025-10-25 14:01,airplanes-live
N582MM,2023-02-06,"Never LADD; FlightAware blocked=true (AeroAPI, Sep 2026) with no known start date, so the whole recovered record is listed",2025-10-25,KBAZ,New Braunfels National Airport,New Braunfels,US-TX,US,2025-10-25T23:01:13.110000+00:00,2025-10-25T23:02:27.240000+00:00,2025-10-25 18:01,airplanes-live
N582MM,2023-02-06,"Never LADD; FlightAware blocked=true (AeroAPI, Sep 2026) with no known start date, so the whole recovered record is listed",2025-10-26,KBAZ,New Braunfels National Airport,New Braunfels,US-TX,US,2025-10-26T10:58:00.330000+00:00,2025-10-26T12:21:36.180000+00:00,2025-10-26 05:58,airplanes-live
N582MM,2023-02-06,"Never LADD; FlightAware blocked=true (AeroAPI, Sep 2026) with no known start date, so the whole recovered record is listed",2025-10-26,KTKI,McKinney National Airport,Dallas,US-TX,US,2025-10-26T18:18:31.090000+00:00,2025-10-26T18:51:30.560000+00:00,2025-10-26 13:18,airplanes-live
N582MM,2023-02-06,"Never LADD; FlightAware blocked=true (AeroAPI, Sep 2026) with no known start date, so the whole recovered record is listed",2025-10-27,KROC,Frederick Douglass Greater Rochester International Airport,Rochester,US-NY,US,2025-10-27T01:49:05.350000+00:00,2025-10-27T01:50:55.850000+00:00,2025-10-26 21:49,airplanes-live
N582MM,2023-02-06,"Never LADD; FlightAware blocked=true (AeroAPI, Sep 2026) with no known start date, so the whole recovered record is listed",2025-10-27,KUDD,Bermuda Dunes Airport,Bermuda Dunes,US-CA,US,2025-10-27T19:01:17.770000+00:00,2025-10-27T19:33:08.340000+00:00,2025-10-27 12:01,airplanes-live
N582MM,2023-02-06,"Never LADD; FlightAware blocked=true (AeroAPI, Sep 2026) with no known start date, so the whole recovered record is listed",2025-10-27,KHND,Henderson Executive Airport,Las Vegas,US-NV,US,2025-10-27T20:55:24.410000+00:00,2025-10-27T20:59:28.050000+00:00,2025-10-27 13:55,airplanes-live
N582MM,2023-02-06,"Never LADD; FlightAware blocked=true (AeroAPI, Sep 2026) with no known start date, so the whole recovered record is listed",2025-10-27,KFNL,Northern Colorado Regional Airport,Loveland,US-CO,US,2025-10-27T22:29:36.270000+00:00,2025-10-27T22:32:15.030000+00:00,2025-10-27 16:29,airplanes-live
N582MM,2023-02-06,"Never LADD; FlightAware blocked=true (AeroAPI, Sep 2026) with no known start date, so the whole recovered record is listed",2025-10-28,KFNL,Northern Colorado Regional Airport,Loveland,US-CO,US,2025-10-28T10:26:33.260000+00:00,2025-10-28T11:04:50.840000+00:00,2025-10-28 04:26,airplanes-live
N582MM,2023-02-06,"Never LADD; FlightAware blocked=true (AeroAPI, Sep 2026) with no known start date, so the whole recovered record is listed",2025-10-28,KLAS,Harry Reid International Airport,Las Vegas,US-NV,US,2025-10-28T16:29:14.050000+00:00,2025-10-28T17:29:27.010000+00:00,2025-10-28 09:29,airplanes-live
N582MM,2023-02-06,"Never LADD; FlightAware blocked=true (AeroAPI, Sep 2026) with no known start date, so the whole recovered record is listed",2025-10-29,KRNO,Reno Tahoe International Airport,Reno,US-NV,US,2025-10-29T16:56:22.470000+00:00,2025-10-29T21:12:14.110000+00:00,2025-10-29 09:56,airplanes-live
N582MM,2023-02-06,"Never LADD; FlightAware blocked=true (AeroAPI, Sep 2026) with no known start date, so the whole recovered record is listed",2025-10-30,KBAZ,New Braunfels National Airport,New Braunfels,US-TX,US,2025-10-30T00:03:10.460000+00:00,2025-10-30T00:43:26.500000+00:00,2025-10-29 19:03,airplanes-live
N582MM,2023-02-06,"Never LADD; FlightAware blocked=true (AeroAPI, Sep 2026) with no known start date, so the whole recovered record is listed",2025-10-30,KORL,Orlando Executive Airport,Orlando,US-FL,US,2025-10-30T02:53:06.490000+00:00,2025-10-30T02:56:04.150000+00:00,2025-10-29 22:53,airplanes-live
N582MM,2023-02-06,"Never LADD; FlightAware blocked=true (AeroAPI, Sep 2026) with no known start date, so the whole recovered record is listed",2025-10-30,KORL,Orlando Executive Airport,Orlando,US-FL,US,2025-10-30T12:11:02.140000+00:00,2025-10-30T12:17:07.100000+00:00,2025-10-30 08:11,airplanes-live
N582MM,2023-02-06,"Never LADD; FlightAware blocked=true (AeroAPI, Sep 2026) with no known start date, so the whole recovered record is listed",2025-10-30,KAUS,Austin Bergstrom International Airport,Austin,US-TX,US,2025-10-30T23:06:52.080000+00:00,2025-10-30T23:52:02.840000+00:00,2025-10-30 18:06,airplanes-live
N582MM,2023-02-06,"Never LADD; FlightAware blocked=true (AeroAPI, Sep 2026) with no known start date, so the whole recovered record is listed",2025-10-31,KSAN,San Diego International Airport,San Diego,US-CA,US,2025-10-31T02:42:35.470000+00:00,2025-10-31T02:48:38.320000+00:00,2025-10-30 19:42,airplanes-live
N582MM,2023-02-06,"Never LADD; FlightAware blocked=true (AeroAPI, Sep 2026) with no known start date, so the whole recovered record is listed",2025-11-01,KSAN,San Diego International Airport,San Diego,US-CA,US,2025-11-01T02:16:02.330000+00:00,2025-11-01T03:21:43.490000+00:00,2025-10-31 19:16,adsbexchange-samples;airplanes-live
N582MM,2023-02-06,"Never LADD; FlightAware blocked=true (AeroAPI, Sep 2026) with no known start date, so the whole recovered record is listed",2025-11-01,KAUS,Austin Bergstrom International Airport,Austin,US-TX,US,2025-11-01T05:47:19.730000+00:00,2025-11-01T06:36:30.420000+00:00,2025-11-01 00:47,adsbexchange-samples;airplanes-live
N582MM,2023-02-06,"Never LADD; FlightAware blocked=true (AeroAPI, Sep 2026) with no known start date, so the whole recovered record is listed",2025-11-01,KAUS,Austin Bergstrom International Airport,Austin,US-TX,US,2025-11-01T18:13:30.550000+00:00,2025-11-01T19:24:09.010000+00:00,2025-11-01 13:13,adsbexchange-samples;airplanes-live
N582MM,2023-02-06,"Never LADD; FlightAware blocked=true (AeroAPI, Sep 2026) with no known start date, so the whole recovered record is listed",2025-11-01,KTMB,Miami Executive Airport,Miami,US-FL,US,2025-11-01T21:32:51.280000+00:00,2025-11-01T22:26:30.960000+00:00,2025-11-01 17:32,adsbexchange-samples
N582MM,2023-02-06,"Never LADD; FlightAware blocked=true (AeroAPI, Sep 2026) with no known start date, so the whole recovered record is listed",2025-11-02,KBOS,Boston Logan International Airport,Boston,US-MA,US,2025-11-02T01:03:25.910000+00:00,2025-11-02T01:09:34.750000+00:00,2025-11-01 21:03,airplanes-live
N582MM,2023-02-06,"Never LADD; FlightAware blocked=true (AeroAPI, Sep 2026) with no known start date, so the whole recovered record is listed",2025-11-02,KBOS,Boston Logan International Airport,Boston,US-MA,US,2025-11-02T14:28:37.020000+00:00,2025-11-02T14:35:34.700000+00:00,2025-11-02 09:28,airplanes-live
N582MM,2023-02-06,"Never LADD; FlightAware blocked=true (AeroAPI, Sep 2026) with no known start date, so the whole recovered record is listed",2025-11-02,KSUA,Witham Field,Stuart,US-FL,US,2025-11-02T18:02:28.510000+00:00,2025-11-02T18:28:23.580000+00:00,2025-11-02 13:02,airplanes-live
N582MM,2023-02-06,"Never LADD; FlightAware blocked=true (AeroAPI, Sep 2026) with no known start date, so the whole recovered record is listed",2025-11-02,KTPA,Tampa International Airport,Tampa,US-FL,US,2025-11-02T19:15:48.310000+00:00,2025-11-02T19:38:36.980000+00:00,2025-11-02 14:15,airplanes-live
N582MM,2023-02-06,"Never LADD; FlightAware blocked=true (AeroAPI, Sep 2026) with no known start date, so the whole recovered record is listed",2025-11-02,KPHL,Philadelphia International Airport,Philadelphia,US-PA,US,2025-11-02T21:49:13.340000+00:00,2025-11-02T21:50:11.760000+00:00,2025-11-02 16:49,airplanes-live
N582MM,2023-02-06,"Never LADD; FlightAware blocked=true (AeroAPI, Sep 2026) with no known start date, so the whole recovered record is listed",2025-11-03,KPHL,Philadelphia International Airport,Philadelphia,US-PA,US,2025-11-03T12:08:30.810000+00:00,2025-11-03T12:15:55.490000+00:00,2025-11-03 07:08,airplanes-live
N582MM,2023-02-06,"Never LADD; FlightAware blocked=true (AeroAPI, Sep 2026) with no known start date, so the whole recovered record is listed",2025-11-03,KBUF,Buffalo Niagara International Airport,Buffalo,US-NY,US,2025-11-03T13:05:51.550000+00:00,2025-11-03T13:50:20.350000+00:00,2025-11-03 08:05,airplanes-live
N582MM,2023-02-06,"Never LADD; FlightAware blocked=true (AeroAPI, Sep 2026) with no known start date, so the whole recovered record is listed",2025-11-04,KORL,Orlando Executive Airport,Orlando,US-FL,US,2025-11-04T14:39:52.680000+00:00,2025-11-04T14:42:29.740000+00:00,2025-11-04 09:39,airplanes-live
N582MM,2023-02-06,"Never LADD; FlightAware blocked=true (AeroAPI, Sep 2026) with no known start date, so the whole recovered record is listed",2025-11-04,KPIE,St. Petersburg Clearwater International Airport,Pinellas Park,US-FL,US,2025-11-04T21:28:11.970000+00:00,2025-11-04T21:59:12.710000+00:00,2025-11-04 16:28,airplanes-live
N582MM,2023-02-06,"Never LADD; FlightAware blocked=true (AeroAPI, Sep 2026) with no known start date, so the whole recovered record is listed",2025-11-05,KPIE,St. Petersburg Clearwater International Airport,Pinellas Park,US-FL,US,2025-11-05T12:24:47.420000+00:00,2025-11-05T13:03:12.790000+00:00,2025-11-05 07:24,airplanes-live
N582MM,2023-02-06,"Never LADD; FlightAware blocked=true (AeroAPI, Sep 2026) with no known start date, so the whole recovered record is listed",2025-11-05,KMSP,Minneapolis–Saint Paul International Airport / Wold–Chamberlain Field,Minneapolis,US-MN,US,2025-11-05T16:07:45.950000+00:00,2025-11-05T17:52:09.310000+00:00,2025-11-05 10:07,airplanes-live
N582MM,2023-02-06,"Never LADD; FlightAware blocked=true (AeroAPI, Sep 2026) with no known start date, so the whole recovered record is listed",2025-11-05,KHPN,Westchester County Airport,White Plains,US-NY,US,2025-11-05T19:42:58.850000+00:00,2025-11-05T19:43:02.080000+00:00,2025-11-05 14:42,airplanes-live
N582MM,2023-02-06,"Never LADD; FlightAware blocked=true (AeroAPI, Sep 2026) with no known start date, so the whole recovered record is listed",2025-11-05,KVRB,Vero Beach Regional Airport,Vero Beach,US-FL,US,2025-11-05T23:33:11.820000+00:00,2025-11-05T23:38:01+00:00,2025-11-05 18:33,airplanes-live
N582MM,2023-02-06,"Never LADD; FlightAware blocked=true (AeroAPI, Sep 2026) with no known start date, so the whole recovered record is listed",2025-11-06,KVRB,Vero Beach Regional Airport,Vero Beach,US-FL,US,2025-11-06T12:17:53.010000+00:00,2025-11-06T12:54:20.940000+00:00,2025-11-06 07:17,airplanes-live
N582MM,2023-02-06,"Never LADD; FlightAware blocked=true (AeroAPI, Sep 2026) with no known start date, so the whole recovered record is listed",2025-11-06,KBAZ,New Braunfels National Airport,New Braunfels,US-TX,US,2025-11-06T15:27:26.520000+00:00,2025-11-06T16:51:13.310000+00:00,2025-11-06 09:27,airplanes-live
N582MM,2023-02-06,"Never LADD; FlightAware blocked=true (AeroAPI, Sep 2026) with no known start date, so the whole recovered record is listed",2025-11-07,KTPA,Tampa International Airport,Tampa,US-FL,US,2025-11-07T01:49:42.750000+00:00,2025-11-07T01:53:05.190000+00:00,2025-11-06 20:49,airplanes-live
N582MM,2023-02-06,"Never LADD; FlightAware blocked=true (AeroAPI, Sep 2026) with no known start date, so the whole recovered record is listed",2025-11-07,KTPA,Tampa International Airport,Tampa,US-FL,US,2025-11-07T16:24:45.680000+00:00,2025-11-07T16:29:50.020000+00:00,2025-11-07 11:24,airplanes-live
N582MM,2023-02-06,"Never LADD; FlightAware blocked=true (AeroAPI, Sep 2026) with no known start date, so the whole recovered record is listed",2025-11-08,KBAZ,New Braunfels National Airport,New Braunfels,US-TX,US,2025-11-08T13:08:07.210000+00:00,2025-11-08T14:22:38.040000+00:00,2025-11-08 07:08,airplanes-live
N582MM,2023-02-06,"Never LADD; FlightAware blocked=true (AeroAPI, Sep 2026) with no known start date, so the whole recovered record is listed",2025-11-08,KHPN,Westchester County Airport,White Plains,US-NY,US,2025-11-08T18:35:10.100000+00:00,2025-11-08T18:35:10.100000+00:00,2025-11-08 13:35,airplanes-live
N582MM,2023-02-06,"Never LADD; FlightAware blocked=true (AeroAPI, Sep 2026) with no known start date, so the whole recovered record is listed",2025-11-09,KBAZ,New Braunfels National Airport,New Braunfels,US-TX,US,2025-11-09T01:08:30.520000+00:00,2025-11-09T01:11:01.360000+00:00,2025-11-08 19:08,airplanes-live
N582MM,2023-02-06,"Never LADD; FlightAware blocked=true (AeroAPI, Sep 2026) with no known start date, so the whole recovered record is listed",2025-11-09,KBAZ,New Braunfels National Airport,New Braunfels,US-TX,US,2025-11-09T22:29:55.640000+00:00,2025-11-09T23:20:05.100000+00:00,2025-11-09 16:29,airplanes-live
N582MM,2023-02-06,"Never LADD; FlightAware blocked=true (AeroAPI, Sep 2026) with no known start date, so the whole recovered record is listed",2025-11-10,KDAL,Dallas Love Field,Dallas,US-TX,US,2025-11-10T01:05:29.880000+00:00,2025-11-10T01:45:03.810000+00:00,2025-11-09 19:05,airplanes-live
N582MM,2023-02-06,"Never LADD; FlightAware blocked=true (AeroAPI, Sep 2026) with no known start date, so the whole recovered record is listed",2025-11-10,KLAS,Harry Reid International Airport,Las Vegas,US-NV,US,2025-11-10T04:17:29.590000+00:00,2025-11-10T05:08:36.210000+00:00,2025-11-09 20:17,airplanes-live
N582MM,2023-02-06,"Never LADD; FlightAware blocked=true (AeroAPI, Sep 2026) with no known start date, so the whole recovered record is listed",2025-11-10,KGYR,Phoenix Goodyear Airport,Goodyear,US-AZ,US,2025-11-10T06:00:02.240000+00:00,2025-11-10T06:04:05.110000+00:00,2025-11-09 23:00,airplanes-live
N582MM,2023-02-06,"Never LADD; FlightAware blocked=true (AeroAPI, Sep 2026) with no known start date, so the whole recovered record is listed",2025-11-10,KGYR,Phoenix Goodyear Airport,Goodyear,US-AZ,US,2025-11-10T15:24:36.220000+00:00,2025-11-10T16:34:19.350000+00:00,2025-11-10 08:24,airplanes-live
N582MM,2023-02-06,"Never LADD; FlightAware blocked=true (AeroAPI, Sep 2026) with no known start date, so the whole recovered record is listed",2025-11-10,KFLL,Fort Lauderdale Hollywood International Airport,Fort Lauderdale,US-FL,US,2025-11-10T22:13:16.710000+00:00,2025-11-10T22:15:36.400000+00:00,2025-11-10 17:13,airplanes-live
N582MM,2023-02-06,"Never LADD; FlightAware blocked=true (AeroAPI, Sep 2026) with no known start date, so the whole recovered record is listed",2025-11-11,KFLL,Fort Lauderdale Hollywood International Airport,Fort Lauderdale,US-FL,US,2025-11-11T11:30:35.330000+00:00,2025-11-11T12:12:59.600000+00:00,2025-11-11 06:30,airplanes-live
N582MM,2023-02-06,"Never LADD; FlightAware blocked=true (AeroAPI, Sep 2026) with no known start date, so the whole recovered record is listed",2025-11-11,KBED,Laurence G Hanscom Field,Bedford,US-MA,US,2025-11-11T14:53:32.450000+00:00,2025-11-11T15:25:08.680000+00:00,2025-11-11 09:53,airplanes-live
N582MM,2023-02-06,"Never LADD; FlightAware blocked=true (AeroAPI, Sep 2026) with no known start date, so the whole recovered record is listed",2025-11-11,KSDL,Scottsdale Airport,Scottsdale,US-AZ,US,2025-11-11T21:27:37.540000+00:00,2025-11-11T21:30:58.670000+00:00,2025-11-11 14:27,airplanes-live
N582MM,2023-02-06,"Never LADD; FlightAware blocked=true (AeroAPI, Sep 2026) with no known start date, so the whole recovered record is listed",2025-11-14,KTPA,Tampa International Airport,Tampa,US-FL,US,2025-11-14T15:02:54.990000+00:00,2025-11-14T17:06:30.760000+00:00,2025-11-14 10:02,airplanes-live
N582MM,2023-02-06,"Never LADD; FlightAware blocked=true (AeroAPI, Sep 2026) with no known start date, so the whole recovered record is listed",2025-11-14,KEGE,Eagle County Regional Airport,Eagle,US-CO,US,2025-11-14T21:13:54.840000+00:00,2025-11-14T21:14:00.840000+00:00,2025-11-14 14:13,airplanes-live
N582MM,2023-02-06,"Never LADD; FlightAware blocked=true (AeroAPI, Sep 2026) with no known start date, so the whole recovered record is listed",2025-11-18,KSLC,Salt Lake City International Airport,Salt Lake City,US-UT,US,2025-11-18T16:57:28.640000+00:00,2025-11-18T17:09:12.300000+00:00,2025-11-18 09:57,airplanes-live
N582MM,2023-02-06,"Never LADD; FlightAware blocked=true (AeroAPI, Sep 2026) with no known start date, so the whole recovered record is listed",2025-11-22,KSDL,Scottsdale Airport,Scottsdale,US-AZ,US,2025-11-22T18:23:43.270000+00:00,2025-11-22T19:54:13.620000+00:00,2025-11-22 11:23,airplanes-live
N582MM,2023-02-06,"Never LADD; FlightAware blocked=true (AeroAPI, Sep 2026) with no known start date, so the whole recovered record is listed",2025-12-04,KHND,Henderson Executive Airport,Las Vegas,US-NV,US,2025-12-04T23:11:57.630000+00:00,2025-12-04T23:11:57.630000+00:00,2025-12-04 15:11,airplanes-live
N79SC,2026-05-02,LADD flag appears between 2026-05-01 and 2026-06-01 (airplanes.live DB),2026-06-01,KFLL,Fort Lauderdale Hollywood International Airport,Fort Lauderdale,US-FL,US,2026-06-01T16:44:38.850000+00:00,2026-06-01T17:49:08.150000+00:00,2026-06-01 12:44,airplanes-live
N79SC,2026-05-02,LADD flag appears between 2026-05-01 and 2026-06-01 (airplanes.live DB),2026-07-13,KOBE,Okeechobee County Airport,Okeechobee,US-FL,US,2026-07-13T20:11:09.360000+00:00,2026-07-13T20:11:12.780000+00:00,2026-07-13 16:11,airplanes-live
N888KG,2022-07-02,FAA LADD flag appears between 2022-07-01 and 2022-12-01 (ADS-B Exchange DB); FlightAware block visible 2025-09-11 (Wayback),2022-12-01,KPVU,Provo Municipal Airport,Provo,US-UT,US,2022-12-01T00:00:05.140000+00:00,2022-12-01T00:45:02.120000+00:00,2022-11-30 17:00,adsbexchange-samples
N888KG,2022-07-02,FAA LADD flag appears between 2022-07-01 and 2022-12-01 (ADS-B Exchange DB); FlightAware block visible 2025-09-11 (Wayback),2023-04-15,KPVU,Provo Municipal Airport,Provo,US-UT,US,2023-04-15T15:11:24.380000+00:00,2023-04-15T15:11:31.800000+00:00,2023-04-15 09:11,airplanes-live
N888KG,2022-07-02,FAA LADD flag appears between 2022-07-01 and 2022-12-01 (ADS-B Exchange DB); FlightAware block visible 2025-09-11 (Wayback),2023-04-19,KPVU,Provo Municipal Airport,Provo,US-UT,US,2023-04-19T20:42:26.660000+00:00,2023-04-19T20:42:36.430000+00:00,2023-04-19 14:42,airplanes-live
N888KG,2022-07-02,FAA LADD flag appears between 2022-07-01 and 2022-12-01 (ADS-B Exchange DB); FlightAware block visible 2025-09-11 (Wayback),2023-05-14,KPVU,Provo Municipal Airport,Provo,US-UT,US,2023-05-14T23:41:20.570000+00:00,2023-05-14T23:41:24.560000+00:00,2023-05-14 17:41,adsb-lol;airplanes-live
N888KG,2022-07-02,FAA LADD flag appears between 2022-07-01 and 2022-12-01 (ADS-B Exchange DB); FlightAware block visible 2025-09-11 (Wayback),2023-05-17,KPVU,Provo Municipal Airport,Provo,US-UT,US,2023-05-17T21:26:43.180000+00:00,2023-05-17T21:26:51.850000+00:00,2023-05-17 15:26,adsb-lol;airplanes-live
N888KG,2022-07-02,FAA LADD flag appears between 2022-07-01 and 2022-12-01 (ADS-B Exchange DB); FlightAware block visible 2025-09-11 (Wayback),2023-05-24,KFLL,Fort Lauderdale Hollywood International Airport,Fort Lauderdale,US-FL,US,2023-05-24T18:43:51.170000+00:00,2023-05-24T18:47:01.280000+00:00,2023-05-24 14:43,adsb-lol;airplanes-live
N888KG,2022-07-02,FAA LADD flag appears between 2022-07-01 and 2022-12-01 (ADS-B Exchange DB); FlightAware block visible 2025-09-11 (Wayback),2023-05-25,KFLL,Fort Lauderdale Hollywood International Airport,Fort Lauderdale,US-FL,US,2023-05-25T13:14:26.790000+00:00,2023-05-25T13:18:33.250000+00:00,2023-05-25 09:14,adsb-lol;airplanes-live
N888KG,2022-07-02,FAA LADD flag appears between 2022-07-01 and 2022-12-01 (ADS-B Exchange DB); FlightAware block visible 2025-09-11 (Wayback),2023-05-27,KPVU,Provo Municipal Airport,Provo,US-UT,US,2023-05-27T18:01:08.360000+00:00,2023-05-27T18:03:31.900000+00:00,2023-05-27 12:01,adsb-lol;airplanes-live
N888KG,2022-07-02,FAA LADD flag appears between 2022-07-01 and 2022-12-01 (ADS-B Exchange DB); FlightAware block visible 2025-09-11 (Wayback),2023-06-03,KPVU,Provo Municipal Airport,Provo,US-UT,US,2023-06-03T18:27:15.140000+00:00,2023-06-03T18:27:19.920000+00:00,2023-06-03 12:27,airplanes-live
N888KG,2022-07-02,FAA LADD flag appears between 2022-07-01 and 2022-12-01 (ADS-B Exchange DB); FlightAware block visible 2025-09-11 (Wayback),2023-06-17,KSDL,Scottsdale Airport,Scottsdale,US-AZ,US,2023-06-17T22:49:06.930000+00:00,2023-06-17T23:44:22.180000+00:00,2023-06-17 15:49,airplanes-live
N888KG,2022-07-02,FAA LADD flag appears between 2022-07-01 and 2022-12-01 (ADS-B Exchange DB); FlightAware block visible 2025-09-11 (Wayback),2023-07-01,KPVU,Provo Municipal Airport,Provo,US-UT,US,2023-07-01T14:09:05.880000+00:00,2023-07-01T15:35:30.950000+00:00,2023-07-01 08:09,adsbexchange-samples
N888KG,2022-07-02,FAA LADD flag appears between 2022-07-01 and 2022-12-01 (ADS-B Exchange DB); FlightAware block visible 2025-09-11 (Wayback),2023-07-15,KPVU,Provo Municipal Airport,Provo,US-UT,US,2023-07-15T15:01:30.380000+00:00,2023-07-15T15:01:30.380000+00:00,2023-07-15 09:01,airplanes-live
N888KG,2022-07-02,FAA LADD flag appears between 2022-07-01 and 2022-12-01 (ADS-B Exchange DB); FlightAware block visible 2025-09-11 (Wayback),2023-07-31,KPVU,Provo Municipal Airport,Provo,US-UT,US,2023-07-31T01:06:03.030000+00:00,2023-07-31T01:06:12.820000+00:00,2023-07-30 19:06,airplanes-live
N888KG,2022-07-02,FAA LADD flag appears between 2022-07-01 and 2022-12-01 (ADS-B Exchange DB); FlightAware block visible 2025-09-11 (Wayback),2023-08-17,KPVU,Provo Municipal Airport,Provo,US-UT,US,2023-08-17T22:17:15.340000+00:00,2023-08-17T22:17:32.500000+00:00,2023-08-17 16:17,airplanes-live
N888KG,2022-07-02,FAA LADD flag appears between 2022-07-01 and 2022-12-01 (ADS-B Exchange DB); FlightAware block visible 2025-09-11 (Wayback),2023-08-23,KPVU,Provo Municipal Airport,Provo,US-UT,US,2023-08-23T21:08:07.400000+00:00,2023-08-23T21:08:44.410000+00:00,2023-08-23 15:08,adsb-lol;airplanes-live
N888KG,2022-07-02,FAA LADD flag appears between 2022-07-01 and 2022-12-01 (ADS-B Exchange DB); FlightAware block visible 2025-09-11 (Wayback),2023-08-24,KPVU,Provo Municipal Airport,Provo,US-UT,US,2023-08-24T21:39:32.450000+00:00,2023-08-24T21:39:32.450000+00:00,2023-08-24 15:39,airplanes-live
N888KG,2022-07-02,FAA LADD flag appears between 2022-07-01 and 2022-12-01 (ADS-B Exchange DB); FlightAware block visible 2025-09-11 (Wayback),2023-08-26,KTUS,Tucson International Airport,Tucson,US-AZ,US,2023-08-26T21:02:10.580000+00:00,2023-08-26T21:05:35.140000+00:00,2023-08-26 14:02,airplanes-live
N888KG,2022-07-02,FAA LADD flag appears between 2022-07-01 and 2022-12-01 (ADS-B Exchange DB); FlightAware block visible 2025-09-11 (Wayback),2023-08-26,KPVU,Provo Municipal Airport,Provo,US-UT,US,2023-08-26T22:51:39.220000+00:00,2023-08-26T23:04:00.410000+00:00,2023-08-26 16:51,airplanes-live
N888KG,2022-07-02,FAA LADD flag appears between 2022-07-01 and 2022-12-01 (ADS-B Exchange DB); FlightAware block visible 2025-09-11 (Wayback),2023-09-25,KPVU,Provo Municipal Airport,Provo,US-UT,US,2023-09-25T15:38:49.790000+00:00,2023-09-25T15:41:54.120000+00:00,2023-09-25 09:38,adsb-lol;airplanes-live
N888KG,2022-07-02,FAA LADD flag appears between 2022-07-01 and 2022-12-01 (ADS-B Exchange DB); FlightAware block visible 2025-09-11 (Wayback),2023-09-25,KPHL,Philadelphia International Airport,Philadelphia,US-PA,US,2023-09-25T19:41:56.220000+00:00,2023-09-25T19:42:25.330000+00:00,2023-09-25 15:41,adsb-lol
N888KG,2022-07-02,FAA LADD flag appears between 2022-07-01 and 2022-12-01 (ADS-B Exchange DB); FlightAware block visible 2025-09-11 (Wayback),2023-09-26,KIAD,Washington Dulles International Airport,Dulles,US-VA,US,2023-09-26T18:39:49.610000+00:00,2023-09-26T18:51:48.960000+00:00,2023-09-26 14:39,adsb-lol;airplanes-live
N888KG,2022-07-02,FAA LADD flag appears between 2022-07-01 and 2022-12-01 (ADS-B Exchange DB); FlightAware block visible 2025-09-11 (Wayback),2023-09-29,KIAD,Washington Dulles International Airport,Dulles,US-VA,US,2023-09-29T17:01:38.890000+00:00,2023-09-29T18:22:46.940000+00:00,2023-09-29 13:01,adsb-lol;airplanes-live
N888KG,2022-07-02,FAA LADD flag appears between 2022-07-01 and 2022-12-01 (ADS-B Exchange DB); FlightAware block visible 2025-09-11 (Wayback),2023-09-29,KPVU,Provo Municipal Airport,Provo,US-UT,US,2023-09-29T22:12:21.010000+00:00,2023-09-29T22:15:44.260000+00:00,2023-09-29 16:12,adsb-lol;airplanes-live
N888KG,2022-07-02,FAA LADD flag appears between 2022-07-01 and 2022-12-01 (ADS-B Exchange DB); FlightAware block visible 2025-09-11 (Wayback),2023-10-13,KPVU,Provo Municipal Airport,Provo,US-UT,US,2023-10-13T22:40:53.700000+00:00,2023-10-13T22:43:42.750000+00:00,2023-10-13 16:40,adsb-lol;airplanes-live
N888KG,2022-07-02,FAA LADD flag appears between 2022-07-01 and 2022-12-01 (ADS-B Exchange DB); FlightAware block visible 2025-09-11 (Wayback),2023-10-17,KPVU,Provo Municipal Airport,Provo,US-UT,US,2023-10-17T14:35:44.950000+00:00,2023-10-17T14:42:41.690000+00:00,2023-10-17 08:35,adsb-lol;airplanes-live
N888KG,2022-07-02,FAA LADD flag appears between 2022-07-01 and 2022-12-01 (ADS-B Exchange DB); FlightAware block visible 2025-09-11 (Wayback),2023-10-18,KXNA,Northwest Arkansas National Airport,Fayetteville/Springdale/Rogers,US-AR,US,2023-10-18T15:18:44.830000+00:00,2023-10-18T15:22:56.100000+00:00,2023-10-18 10:18,airplanes-live
N888KG,2022-07-02,FAA LADD flag appears between 2022-07-01 and 2022-12-01 (ADS-B Exchange DB); FlightAware block visible 2025-09-11 (Wayback),2023-10-18,KPVU,Provo Municipal Airport,Provo,US-UT,US,2023-10-18T17:00:18.650000+00:00,2023-10-18T19:09:57.430000+00:00,2023-10-18 11:00,adsb-lol;airplanes-live
N888KG,2022-07-02,FAA LADD flag appears between 2022-07-01 and 2022-12-01 (ADS-B Exchange DB); FlightAware block visible 2025-09-11 (Wayback),2023-10-18,MMPR,Puerto Vallarta International Airport,Puerto Vallarta,MX-JAL,MX,2023-10-18T22:06:42.490000+00:00,2023-10-18T22:10:12.190000+00:00,,airplanes-live
N888KG,2022-07-02,FAA LADD flag appears between 2022-07-01 and 2022-12-01 (ADS-B Exchange DB); FlightAware block visible 2025-09-11 (Wayback),2023-10-26,KTUS,Tucson International Airport,Tucson,US-AZ,US,2023-10-26T00:36:53.760000+00:00,2023-10-26T00:39:20.420000+00:00,2023-10-25 17:36,adsb-lol;airplanes-live
N888KG,2022-07-02,FAA LADD flag appears between 2022-07-01 and 2022-12-01 (ADS-B Exchange DB); FlightAware block visible 2025-09-11 (Wayback),2023-10-26,KPVU,Provo Municipal Airport,Provo,US-UT,US,2023-10-26T01:50:14.790000+00:00,2023-10-26T02:44:33.620000+00:00,2023-10-25 19:50,adsb-lol;airplanes-live
N888KG,2022-07-02,FAA LADD flag appears between 2022-07-01 and 2022-12-01 (ADS-B Exchange DB); FlightAware block visible 2025-09-11 (Wayback),2023-10-27,KPVU,Provo Municipal Airport,Provo,US-UT,US,2023-10-27T14:50:20.230000+00:00,2023-10-27T14:56:42.410000+00:00,2023-10-27 08:50,adsb-lol;airplanes-live
N888KG,2022-07-02,FAA LADD flag appears between 2022-07-01 and 2022-12-01 (ADS-B Exchange DB); FlightAware block visible 2025-09-11 (Wayback),2023-10-27,CYHZ,Halifax / Stanfield International Airport,Halifax,CA-NS,CA,2023-10-27T19:19:21.720000+00:00,2023-10-27T19:21:57.720000+00:00,,airplanes-live
N888KG,2022-07-02,FAA LADD flag appears between 2022-07-01 and 2022-12-01 (ADS-B Exchange DB); FlightAware block visible 2025-09-11 (Wayback),2023-10-27,CYHZ,Halifax / Stanfield International Airport,Halifax,CA-NS,CA,2023-10-27T23:56:56.190000+00:00,2023-10-27T23:57:16.240000+00:00,,airplanes-live
N888KG,2022-07-02,FAA LADD flag appears between 2022-07-01 and 2022-12-01 (ADS-B Exchange DB); FlightAware block visible 2025-09-11 (Wayback),2023-10-28,CYSJ,Saint John Airport,Saint John,CA-NB,CA,2023-10-28T00:19:51.560000+00:00,2023-10-28T00:19:51.560000+00:00,,airplanes-live
N888KG,2022-07-02,FAA LADD flag appears between 2022-07-01 and 2022-12-01 (ADS-B Exchange DB); FlightAware block visible 2025-09-11 (Wayback),2023-10-28,CYUL,Montreal / Pierre Elliott Trudeau International Airport,Montréal,CA-QC,CA,2023-10-28T01:25:10.490000+00:00,2023-10-28T01:39:43.550000+00:00,,airplanes-live
N888KG,2022-07-02,FAA LADD flag appears between 2022-07-01 and 2022-12-01 (ADS-B Exchange DB); FlightAware block visible 2025-09-11 (Wayback),2023-10-28,CYUL,Montreal / Pierre Elliott Trudeau International Airport,Montréal,CA-QC,CA,2023-10-28T16:39:05.040000+00:00,2023-10-28T16:56:38.430000+00:00,,airplanes-live
N888KG,2022-07-02,FAA LADD flag appears between 2022-07-01 and 2022-12-01 (ADS-B Exchange DB); FlightAware block visible 2025-09-11 (Wayback),2023-10-28,KPVU,Provo Municipal Airport,Provo,US-UT,US,2023-10-28T23:55:15.240000+00:00,2023-10-28T23:57:09.870000+00:00,2023-10-28 17:55,airplanes-live
N888KG,2022-07-02,FAA LADD flag appears between 2022-07-01 and 2022-12-01 (ADS-B Exchange DB); FlightAware block visible 2025-09-11 (Wayback),2023-11-13,KPVU,Provo Municipal Airport,Provo,US-UT,US,2023-11-13T00:05:53.850000+00:00,2023-11-13T00:56:34.490000+00:00,2023-11-12 17:05,airplanes-live
N888KG,2022-07-02,FAA LADD flag appears between 2022-07-01 and 2022-12-01 (ADS-B Exchange DB); FlightAware block visible 2025-09-11 (Wayback),2023-11-14,SIME,Comandante Carlos Inácio Agnes Airport,Davinópolis,BR-MA,BR,2023-11-14T23:38:09.080000+00:00,2023-11-14T23:38:09.080000+00:00,2023-11-14 18:38,airplanes-live
N888KG,2022-07-02,FAA LADD flag appears between 2022-07-01 and 2022-12-01 (ADS-B Exchange DB); FlightAware block visible 2025-09-11 (Wayback),2023-11-19,KPVU,Provo Municipal Airport,Provo,US-UT,US,2023-11-19T00:55:44.010000+00:00,2023-11-19T00:55:45.170000+00:00,2023-11-18 17:55,airplanes-live
N888KG,2022-07-02,FAA LADD flag appears between 2022-07-01 and 2022-12-01 (ADS-B Exchange DB); FlightAware block visible 2025-09-11 (Wayback),2023-12-01,KPVU,Provo Municipal Airport,Provo,US-UT,US,2023-12-01T16:40:37.740000+00:00,2023-12-01T17:31:56.960000+00:00,2023-12-01 09:40,adsbexchange-samples;airplanes-live
N888KG,2022-07-02,FAA LADD flag appears between 2022-07-01 and 2022-12-01 (ADS-B Exchange DB); FlightAware block visible 2025-09-11 (Wayback),2023-12-01,KRDU,Raleigh-Durham International Airport,Raleigh/Durham,US-NC,US,2023-12-01T20:55:26.690000+00:00,2023-12-01T21:02:15.380000+00:00,2023-12-01 15:55,adsbexchange-samples
N888KG,2022-07-02,FAA LADD flag appears between 2022-07-01 and 2022-12-01 (ADS-B Exchange DB); FlightAware block visible 2025-09-11 (Wayback),2023-12-02,KRDU,Raleigh-Durham International Airport,Raleigh/Durham,US-NC,US,2023-12-02T04:35:34.380000+00:00,2023-12-02T04:36:16.490000+00:00,2023-12-01 23:35,airplanes-live
N888KG,2022-07-02,FAA LADD flag appears between 2022-07-01 and 2022-12-01 (ADS-B Exchange DB); FlightAware block visible 2025-09-11 (Wayback),2023-12-02,KPVU,Provo Municipal Airport,Provo,US-UT,US,2023-12-02T09:14:19.340000+00:00,2023-12-02T09:14:57.560000+00:00,2023-12-02 02:14,airplanes-live
N888KG,2022-07-02,FAA LADD flag appears between 2022-07-01 and 2022-12-01 (ADS-B Exchange DB); FlightAware block visible 2025-09-11 (Wayback),2023-12-06,KPVU,Provo Municipal Airport,Provo,US-UT,US,2023-12-06T19:01:13.060000+00:00,2023-12-06T20:13:30.490000+00:00,2023-12-06 12:01,airplanes-live
N888KG,2022-07-02,FAA LADD flag appears between 2022-07-01 and 2022-12-01 (ADS-B Exchange DB); FlightAware block visible 2025-09-11 (Wayback),2023-12-21,KPVU,Provo Municipal Airport,Provo,US-UT,US,2023-12-21T16:28:45.670000+00:00,2023-12-21T16:28:45.710000+00:00,2023-12-21 09:28,adsb-lol;airplanes-live
N888KG,2022-07-02,FAA LADD flag appears between 2022-07-01 and 2022-12-01 (ADS-B Exchange DB); FlightAware block visible 2025-09-11 (Wayback),2023-12-21,KSNA,John Wayne Orange County International Airport,Santa Ana,US-CA,US,2023-12-21T17:57:07.110000+00:00,2023-12-21T17:57:07.110000+00:00,2023-12-21 09:57,airplanes-live
N888KG,2022-07-02,FAA LADD flag appears between 2022-07-01 and 2022-12-01 (ADS-B Exchange DB); FlightAware block visible 2025-09-11 (Wayback),2024-01-02,KPVU,Provo Municipal Airport,Provo,US-UT,US,2024-01-02T20:43:54.200000+00:00,2024-01-02T21:11:27.980000+00:00,2024-01-02 13:43,airplanes-live
N888KG,2022-07-02,FAA LADD flag appears between 2022-07-01 and 2022-12-01 (ADS-B Exchange DB); FlightAware block visible 2025-09-11 (Wayback),2024-02-12,KPHX,Phoenix Sky Harbor International Airport,Phoenix,US-AZ,US,2024-02-12T19:06:24.740000+00:00,2024-02-12T20:24:06.710000+00:00,2024-02-12 12:06,airplanes-live
N888KG,2022-07-02,FAA LADD flag appears between 2022-07-01 and 2022-12-01 (ADS-B Exchange DB); FlightAware block visible 2025-09-11 (Wayback),2024-02-16,KTUS,Tucson International Airport,Tucson,US-AZ,US,2024-02-16T17:51:08.700000+00:00,2024-02-16T17:53:07.540000+00:00,2024-02-16 10:51,airplanes-live
N888KG,2022-07-02,FAA LADD flag appears between 2022-07-01 and 2022-12-01 (ADS-B Exchange DB); FlightAware block visible 2025-09-11 (Wayback),2024-02-24,KPHL,Philadelphia International Airport,Philadelphia,US-PA,US,2024-02-24T18:29:20.750000+00:00,2024-02-24T18:33:12.210000+00:00,2024-02-24 13:29,airplanes-live
N888KG,2022-07-02,FAA LADD flag appears between 2022-07-01 and 2022-12-01 (ADS-B Exchange DB); FlightAware block visible 2025-09-11 (Wayback),2024-02-25,KPVU,Provo Municipal Airport,Provo,US-UT,US,2024-02-25T20:58:02.520000+00:00,2024-02-25T20:58:07.630000+00:00,2024-02-25 13:58,airplanes-live
N888KG,2022-07-02,FAA LADD flag appears between 2022-07-01 and 2022-12-01 (ADS-B Exchange DB); FlightAware block visible 2025-09-11 (Wayback),2024-03-04,KPVU,Provo Municipal Airport,Provo,US-UT,US,2024-03-04T14:05:59.470000+00:00,2024-03-04T14:14:19.590000+00:00,2024-03-04 07:05,adsb-lol;airplanes-live
N888KG,2022-07-02,FAA LADD flag appears between 2022-07-01 and 2022-12-01 (ADS-B Exchange DB); FlightAware block visible 2025-09-11 (Wayback),2024-03-08,KPVU,Provo Municipal Airport,Provo,US-UT,US,2024-03-08T21:43:39.360000+00:00,2024-03-08T21:46:52.730000+00:00,2024-03-08 14:43,adsb-lol;airplanes-live
N888KG,2022-07-02,FAA LADD flag appears between 2022-07-01 and 2022-12-01 (ADS-B Exchange DB); FlightAware block visible 2025-09-11 (Wayback),2024-03-20,KPVU,Provo Municipal Airport,Provo,US-UT,US,2024-03-20T21:19:07.570000+00:00,2024-03-20T22:18:53.430000+00:00,2024-03-20 15:19,adsb-lol;airplanes-live
N888KG,2022-07-02,FAA LADD flag appears between 2022-07-01 and 2022-12-01 (ADS-B Exchange DB); FlightAware block visible 2025-09-11 (Wayback),2024-04-23,KPVU,Provo Municipal Airport,Provo,US-UT,US,2024-04-23T15:24:09.860000+00:00,2024-04-23T15:46:58.430000+00:00,2024-04-23 09:24,adsb-lol;airplanes-live
N888KG,2022-07-02,FAA LADD flag appears between 2022-07-01 and 2022-12-01 (ADS-B Exchange DB); FlightAware block visible 2025-09-11 (Wayback),2024-05-07,KPVU,Provo Municipal Airport,Provo,US-UT,US,2024-05-07T14:44:23.550000+00:00,2024-05-07T15:29:37.780000+00:00,2024-05-07 08:44,adsb-lol
N888KG,2022-07-02,FAA LADD flag appears between 2022-07-01 and 2022-12-01 (ADS-B Exchange DB); FlightAware block visible 2025-09-11 (Wayback),2024-05-07,KPVU,Provo Municipal Airport,Provo,US-UT,US,2024-05-07T20:37:39.540000+00:00,2024-05-07T20:40:27.200000+00:00,2024-05-07 14:37,adsb-lol;airplanes-live
N888KG,2022-07-02,FAA LADD flag appears between 2022-07-01 and 2022-12-01 (ADS-B Exchange DB); FlightAware block visible 2025-09-11 (Wayback),2024-05-09,KPVU,Provo Municipal Airport,Provo,US-UT,US,2024-05-09T19:48:16.700000+00:00,2024-05-09T19:53:20.460000+00:00,2024-05-09 13:48,adsb-lol;airplanes-live
N888KG,2022-07-02,FAA LADD flag appears between 2022-07-01 and 2022-12-01 (ADS-B Exchange DB); FlightAware block visible 2025-09-11 (Wayback),2024-05-12,MMPR,Puerto Vallarta International Airport,Puerto Vallarta,MX-JAL,MX,2024-05-12T19:18:04.490000+00:00,2024-05-12T19:18:07.490000+00:00,,airplanes-live
N888KG,2022-07-02,FAA LADD flag appears between 2022-07-01 and 2022-12-01 (ADS-B Exchange DB); FlightAware block visible 2025-09-11 (Wayback),2024-05-12,KTUS,Tucson International Airport,Tucson,US-AZ,US,2024-05-12T21:16:44.830000+00:00,2024-05-12T21:47:22.450000+00:00,2024-05-12 14:16,airplanes-live
N888KG,2022-07-02,FAA LADD flag appears between 2022-07-01 and 2022-12-01 (ADS-B Exchange DB); FlightAware block visible 2025-09-11 (Wayback),2024-05-12,KPVU,Provo Municipal Airport,Provo,US-UT,US,2024-05-12T23:03:13.550000+00:00,2024-05-12T23:08:51.610000+00:00,2024-05-12 17:03,airplanes-live
N888KG,2022-07-02,FAA LADD flag appears between 2022-07-01 and 2022-12-01 (ADS-B Exchange DB); FlightAware block visible 2025-09-11 (Wayback),2024-05-15,KPVU,Provo Municipal Airport,Provo,US-UT,US,2024-05-15T16:06:44.480000+00:00,2024-05-15T16:15:06+00:00,2024-05-15 10:06,adsb-lol;airplanes-live
N888KG,2022-07-02,FAA LADD flag appears between 2022-07-01 and 2022-12-01 (ADS-B Exchange DB); FlightAware block visible 2025-09-11 (Wayback),2024-05-15,MMUN,Cancún International Airport,Cancún,MX-ROO,MX,2024-05-15T19:59:34.660000+00:00,2024-05-15T20:00:40.300000+00:00,,adsb-lol;airplanes-live
N888KG,2022-07-02,FAA LADD flag appears between 2022-07-01 and 2022-12-01 (ADS-B Exchange DB); FlightAware block visible 2025-09-11 (Wayback),2024-05-18,MMUN,Cancún International Airport,Cancún,MX-ROO,MX,2024-05-18T14:11:20.100000+00:00,2024-05-18T14:22:14.740000+00:00,,adsb-lol;airplanes-live
N888KG,2022-07-02,FAA LADD flag appears between 2022-07-01 and 2022-12-01 (ADS-B Exchange DB); FlightAware block visible 2025-09-11 (Wayback),2024-05-18,KELP,El Paso International Airport,El Paso,US-TX,US,2024-05-18T17:38:20.900000+00:00,2024-05-18T18:33:38.220000+00:00,2024-05-18 12:38,airplanes-live
N888KG,2022-07-02,FAA LADD flag appears between 2022-07-01 and 2022-12-01 (ADS-B Exchange DB); FlightAware block visible 2025-09-11 (Wayback),2024-05-18,KPVU,Provo Municipal Airport,Provo,US-UT,US,2024-05-18T20:00:16.760000+00:00,2024-05-18T20:05:03.260000+00:00,2024-05-18 14:00,adsb-lol;airplanes-live
N888KG,2022-07-02,FAA LADD flag appears between 2022-07-01 and 2022-12-01 (ADS-B Exchange DB); FlightAware block visible 2025-09-11 (Wayback),2024-05-27,KPVU,Provo Municipal Airport,Provo,US-UT,US,2024-05-27T03:08:38.070000+00:00,2024-05-27T04:09:45.400000+00:00,2024-05-26 21:08,airplanes-live
N888KG,2022-07-02,FAA LADD flag appears between 2022-07-01 and 2022-12-01 (ADS-B Exchange DB); FlightAware block visible 2025-09-11 (Wayback),2024-06-01,MMPR,Puerto Vallarta International Airport,Puerto Vallarta,MX-JAL,MX,2024-06-01T15:08:54.030000+00:00,2024-06-01T15:14:27.310000+00:00,,adsbexchange-samples
N888KG,2022-07-02,FAA LADD flag appears between 2022-07-01 and 2022-12-01 (ADS-B Exchange DB); FlightAware block visible 2025-09-11 (Wayback),2024-06-01,KTUS,Tucson International Airport,Tucson,US-AZ,US,2024-06-01T17:04:16.540000+00:00,2024-06-01T17:24:56.470000+00:00,2024-06-01 10:04,adsbexchange-samples
N888KG,2022-07-02,FAA LADD flag appears between 2022-07-01 and 2022-12-01 (ADS-B Exchange DB); FlightAware block visible 2025-09-11 (Wayback),2024-06-01,KPVU,Provo Municipal Airport,Provo,US-UT,US,2024-06-01T18:40:39.790000+00:00,2024-06-01T18:45:34.650000+00:00,2024-06-01 12:40,adsbexchange-samples;airplanes-live
N888KG,2022-07-02,FAA LADD flag appears between 2022-07-01 and 2022-12-01 (ADS-B Exchange DB); FlightAware block visible 2025-09-11 (Wayback),2024-06-08,KPVU,Provo Municipal Airport,Provo,US-UT,US,2024-06-08T14:06:09.270000+00:00,2024-06-08T15:06:47.510000+00:00,2024-06-08 08:06,adsb-lol;airplanes-live
N888KG,2022-07-02,FAA LADD flag appears between 2022-07-01 and 2022-12-01 (ADS-B Exchange DB); FlightAware block visible 2025-09-11 (Wayback),2024-06-09,KPVU,Provo Municipal Airport,Provo,US-UT,US,2024-06-09T01:38:23.260000+00:00,2024-06-09T01:42:00.020000+00:00,2024-06-08 19:38,adsb-lol;airplanes-live
N888KG,2022-07-02,FAA LADD flag appears between 2022-07-01 and 2022-12-01 (ADS-B Exchange DB); FlightAware block visible 2025-09-11 (Wayback),2024-06-16,KPVU,Provo Municipal Airport,Provo,US-UT,US,2024-06-16T22:13:32.390000+00:00,2024-06-16T22:14:50.510000+00:00,2024-06-16 16:13,adsb-lol;airplanes-live
N888KG,2022-07-02,FAA LADD flag appears between 2022-07-01 and 2022-12-01 (ADS-B Exchange DB); FlightAware block visible 2025-09-11 (Wayback),2024-06-20,KTUS,Tucson International Airport,Tucson,US-AZ,US,2024-06-20T17:29:56.600000+00:00,2024-06-20T17:30:05.610000+00:00,2024-06-20 10:29,airplanes-live
N888KG,2022-07-02,FAA LADD flag appears between 2022-07-01 and 2022-12-01 (ADS-B Exchange DB); FlightAware block visible 2025-09-11 (Wayback),2024-06-20,KPVU,Provo Municipal Airport,Provo,US-UT,US,2024-06-20T19:58:34.930000+00:00,2024-06-20T20:13:07.540000+00:00,2024-06-20 13:58,airplanes-live
N888KG,2022-07-02,FAA LADD flag appears between 2022-07-01 and 2022-12-01 (ADS-B Exchange DB); FlightAware block visible 2025-09-11 (Wayback),2024-07-07,KPVU,Provo Municipal Airport,Provo,US-UT,US,2024-07-07T18:57:22.340000+00:00,2024-07-07T19:58:55.670000+00:00,2024-07-07 12:57,airplanes-live
N888KG,2022-07-02,FAA LADD flag appears between 2022-07-01 and 2022-12-01 (ADS-B Exchange DB); FlightAware block visible 2025-09-11 (Wayback),2024-07-11,KPVU,Provo Municipal Airport,Provo,US-UT,US,2024-07-11T00:44:26.600000+00:00,2024-07-11T00:46:44.280000+00:00,2024-07-10 18:44,airplanes-live
N888KG,2022-07-02,FAA LADD flag appears between 2022-07-01 and 2022-12-01 (ADS-B Exchange DB); FlightAware block visible 2025-09-11 (Wayback),2024-07-16,KPVU,Provo Municipal Airport,Provo,US-UT,US,2024-07-16T20:52:53.910000+00:00,2024-07-17T00:26:53.730000+00:00,2024-07-16 14:52,airplanes-live
N888KG,2022-07-02,FAA LADD flag appears between 2022-07-01 and 2022-12-01 (ADS-B Exchange DB); FlightAware block visible 2025-09-11 (Wayback),2024-07-20,KPVU,Provo Municipal Airport,Provo,US-UT,US,2024-07-20T14:13:48.650000+00:00,2024-07-20T14:18:58.140000+00:00,2024-07-20 08:13,adsb-lol;airplanes-live
N888KG,2022-07-02,FAA LADD flag appears between 2022-07-01 and 2022-12-01 (ADS-B Exchange DB); FlightAware block visible 2025-09-11 (Wayback),2024-07-20,KPVU,Provo Municipal Airport,Provo,US-UT,US,2024-07-20T17:29:09.170000+00:00,2024-07-20T17:30:46.220000+00:00,2024-07-20 11:29,adsb-lol;airplanes-live
N888KG,2022-07-02,FAA LADD flag appears between 2022-07-01 and 2022-12-01 (ADS-B Exchange DB); FlightAware block visible 2025-09-11 (Wayback),2024-07-29,KPVU,Provo Municipal Airport,Provo,US-UT,US,2024-07-29T21:52:55.670000+00:00,2024-07-29T23:47:05.220000+00:00,2024-07-29 15:52,adsb-lol;airplanes-live
N888KG,2022-07-02,FAA LADD flag appears between 2022-07-01 and 2022-12-01 (ADS-B Exchange DB); FlightAware block visible 2025-09-11 (Wayback),2024-08-01,KPGA,Page Municipal Airport,Page,US-AZ,US,2024-08-01T15:05:25.490000+00:00,2024-08-01T17:51:20.970000+00:00,2024-08-01 08:05,adsbexchange-samples
N888KG,2022-07-02,FAA LADD flag appears between 2022-07-01 and 2022-12-01 (ADS-B Exchange DB); FlightAware block visible 2025-09-11 (Wayback),2024-08-01,KPVU,Provo Municipal Airport,Provo,US-UT,US,2024-08-01T15:43:11.980000+00:00,2024-08-01T17:49:14.240000+00:00,2024-08-01 09:43,airplanes-live
N888KG,2022-07-02,FAA LADD flag appears between 2022-07-01 and 2022-12-01 (ADS-B Exchange DB); FlightAware block visible 2025-09-11 (Wayback),2024-08-15,KPVU,Provo Municipal Airport,Provo,US-UT,US,2024-08-15T14:49:12.350000+00:00,2024-08-15T15:52:04.710000+00:00,2024-08-15 08:49,airplanes-live
N888KG,2022-07-02,FAA LADD flag appears between 2022-07-01 and 2022-12-01 (ADS-B Exchange DB); FlightAware block visible 2025-09-11 (Wayback),2024-08-16,KPHL,Philadelphia International Airport,Philadelphia,US-PA,US,2024-08-16T17:20:08.610000+00:00,2024-08-16T17:20:17.810000+00:00,2024-08-16 13:20,airplanes-live
N888KG,2022-07-02,FAA LADD flag appears between 2022-07-01 and 2022-12-01 (ADS-B Exchange DB); FlightAware block visible 2025-09-11 (Wayback),2024-08-17,KPVU,Provo Municipal Airport,Provo,US-UT,US,2024-08-17T00:44:45.300000+00:00,2024-08-17T01:24:23.660000+00:00,2024-08-16 18:44,adsb-lol;airplanes-live
N888KG,2022-07-02,FAA LADD flag appears between 2022-07-01 and 2022-12-01 (ADS-B Exchange DB); FlightAware block visible 2025-09-11 (Wayback),2024-08-17,KFAT,Fresno Yosemite International Airport,Fresno,US-CA,US,2024-08-17T02:38:43.220000+00:00,2024-08-17T02:49:37.270000+00:00,2024-08-16 19:38,airplanes-live
N888KG,2022-07-02,FAA LADD flag appears between 2022-07-01 and 2022-12-01 (ADS-B Exchange DB); FlightAware block visible 2025-09-11 (Wayback),2024-08-17,KFAT,Fresno Yosemite International Airport,Fresno,US-CA,US,2024-08-17T21:04:32.240000+00:00,2024-08-17T22:00:45.250000+00:00,2024-08-17 14:04,airplanes-live
N888KG,2022-07-02,FAA LADD flag appears between 2022-07-01 and 2022-12-01 (ADS-B Exchange DB); FlightAware block visible 2025-09-11 (Wayback),2024-08-18,KPVU,Provo Municipal Airport,Provo,US-UT,US,2024-08-18T04:20:39.920000+00:00,2024-08-18T04:22:07.290000+00:00,2024-08-17 22:20,airplanes-live
N888KG,2022-07-02,FAA LADD flag appears between 2022-07-01 and 2022-12-01 (ADS-B Exchange DB); FlightAware block visible 2025-09-11 (Wayback),2024-08-25,KPVU,Provo Municipal Airport,Provo,US-UT,US,2024-08-25T21:36:09.030000+00:00,2024-08-25T22:45:53.830000+00:00,2024-08-25 15:36,airplanes-live
N888KG,2022-07-02,FAA LADD flag appears between 2022-07-01 and 2022-12-01 (ADS-B Exchange DB); FlightAware block visible 2025-09-11 (Wayback),2024-08-28,KTUS,Tucson International Airport,Tucson,US-AZ,US,2024-08-28T00:15:43.150000+00:00,2024-08-28T00:16:25.190000+00:00,2024-08-27 17:15,airplanes-live
N888KG,2022-07-02,FAA LADD flag appears between 2022-07-01 and 2022-12-01 (ADS-B Exchange DB); FlightAware block visible 2025-09-11 (Wayback),2024-08-28,KPVU,Provo Municipal Airport,Provo,US-UT,US,2024-08-28T01:50:41.520000+00:00,2024-08-28T01:54:03.930000+00:00,2024-08-27 19:50,airplanes-live
N888KG,2022-07-02,FAA LADD flag appears between 2022-07-01 and 2022-12-01 (ADS-B Exchange DB); FlightAware block visible 2025-09-11 (Wayback),2024-08-31,KPVU,Provo Municipal Airport,Provo,US-UT,US,2024-08-31T12:41:39.430000+00:00,2024-08-31T13:50:39.290000+00:00,2024-08-31 06:41,airplanes-live
N888KG,2022-07-02,FAA LADD flag appears between 2022-07-01 and 2022-12-01 (ADS-B Exchange DB); FlightAware block visible 2025-09-11 (Wayback),2024-09-01,KPVU,Provo Municipal Airport,Provo,US-UT,US,2024-09-01T04:39:12.680000+00:00,2024-09-01T05:19:58.970000+00:00,2024-08-31 22:39,adsb-lol;adsbexchange-samples;airplanes-live
N888KG,2022-07-02,FAA LADD flag appears between 2022-07-01 and 2022-12-01 (ADS-B Exchange DB); FlightAware block visible 2025-09-11 (Wayback),2024-09-05,KPVU,Provo Municipal Airport,Provo,US-UT,US,2024-09-05T14:22:28.300000+00:00,2024-09-05T15:26:04.750000+00:00,2024-09-05 08:22,adsb-lol;airplanes-live
N888KG,2022-07-02,FAA LADD flag appears between 2022-07-01 and 2022-12-01 (ADS-B Exchange DB); FlightAware block visible 2025-09-11 (Wayback),2024-09-05,KPVU,Provo Municipal Airport,Provo,US-UT,US,2024-09-05T20:24:16.720000+00:00,2024-09-05T20:28:14.620000+00:00,2024-09-05 14:24,adsb-lol;airplanes-live
N888KG,2022-07-02,FAA LADD flag appears between 2022-07-01 and 2022-12-01 (ADS-B Exchange DB); FlightAware block visible 2025-09-11 (Wayback),2024-09-14,KPVU,Provo Municipal Airport,Provo,US-UT,US,2024-09-14T21:34:31.780000+00:00,2024-09-14T22:21:53.580000+00:00,2024-09-14 15:34,adsb-lol;airplanes-live
N888KG,2022-07-02,FAA LADD flag appears between 2022-07-01 and 2022-12-01 (ADS-B Exchange DB); FlightAware block visible 2025-09-11 (Wayback),2024-09-15,KPVU,Provo Municipal Airport,Provo,US-UT,US,2024-09-15T03:59:26.880000+00:00,2024-09-15T04:01:29.010000+00:00,2024-09-14 21:59,adsb-lol;airplanes-live
N888KG,2022-07-02,FAA LADD flag appears between 2022-07-01 and 2022-12-01 (ADS-B Exchange DB); FlightAware block visible 2025-09-11 (Wayback),2024-09-18,KPVU,Provo Municipal Airport,Provo,US-UT,US,2024-09-18T21:22:22.060000+00:00,2024-09-18T23:11:54.880000+00:00,2024-09-18 15:22,adsb-lol;airplanes-live
N888KG,2022-07-02,FAA LADD flag appears between 2022-07-01 and 2022-12-01 (ADS-B Exchange DB); FlightAware block visible 2025-09-11 (Wayback),2024-09-21,KPVU,Provo Municipal Airport,Provo,US-UT,US,2024-09-21T12:59:13.690000+00:00,2024-09-21T13:35:22.500000+00:00,2024-09-21 06:59,adsb-lol;airplanes-live
N888KG,2022-07-02,FAA LADD flag appears between 2022-07-01 and 2022-12-01 (ADS-B Exchange DB); FlightAware block visible 2025-09-11 (Wayback),2024-09-21,KPVU,Provo Municipal Airport,Provo,US-UT,US,2024-09-21T17:12:03.330000+00:00,2024-09-21T17:14:23.230000+00:00,2024-09-21 11:12,adsb-lol;airplanes-live
N888KG,2022-07-02,FAA LADD flag appears between 2022-07-01 and 2022-12-01 (ADS-B Exchange DB); FlightAware block visible 2025-09-11 (Wayback),2024-09-28,KPVU,Provo Municipal Airport,Provo,US-UT,US,2024-09-28T21:02:31.480000+00:00,2024-09-28T21:48:42.180000+00:00,2024-09-28 15:02,adsb-lol;airplanes-live
N888KG,2022-07-02,FAA LADD flag appears between 2022-07-01 and 2022-12-01 (ADS-B Exchange DB); FlightAware block visible 2025-09-11 (Wayback),2024-09-29,KPVU,Provo Municipal Airport,Provo,US-UT,US,2024-09-29T06:47:00.560000+00:00,2024-09-29T06:49:47.290000+00:00,2024-09-29 00:47,adsb-lol;airplanes-live
N888KG,2022-07-02,FAA LADD flag appears between 2022-07-01 and 2022-12-01 (ADS-B Exchange DB); FlightAware block visible 2025-09-11 (Wayback),2024-10-16,KPVU,Provo Municipal Airport,Provo,US-UT,US,2024-10-16T20:09:04.250000+00:00,2024-10-16T20:09:33.700000+00:00,2024-10-16 14:09,adsb-lol;airplanes-live
N888KG,2022-07-02,FAA LADD flag appears between 2022-07-01 and 2022-12-01 (ADS-B Exchange DB); FlightAware block visible 2025-09-11 (Wayback),2024-10-19,KTUS,Tucson International Airport,Tucson,US-AZ,US,2024-10-19T21:59:36.500000+00:00,2024-10-19T22:06:24.120000+00:00,2024-10-19 14:59,adsb-lol;airplanes-live
N888KG,2022-07-02,FAA LADD flag appears between 2022-07-01 and 2022-12-01 (ADS-B Exchange DB); FlightAware block visible 2025-09-11 (Wayback),2024-10-19,KPVU,Provo Municipal Airport,Provo,US-UT,US,2024-10-19T23:32:59.230000+00:00,2024-10-19T23:35:49.900000+00:00,2024-10-19 17:32,adsb-lol;airplanes-live
N888KG,2022-07-02,FAA LADD flag appears between 2022-07-01 and 2022-12-01 (ADS-B Exchange DB); FlightAware block visible 2025-09-11 (Wayback),2024-10-30,KPVU,Provo Municipal Airport,Provo,US-UT,US,2024-10-30T13:53:54.010000+00:00,2024-10-30T14:29:54.210000+00:00,2024-10-30 07:53,adsb-lol;airplanes-live
N888KG,2022-07-02,FAA LADD flag appears between 2022-07-01 and 2022-12-01 (ADS-B Exchange DB); FlightAware block visible 2025-09-11 (Wayback),2024-10-31,KPVU,Provo Municipal Airport,Provo,US-UT,US,2024-10-31T01:15:05.600000+00:00,2024-10-31T01:18:06.860000+00:00,2024-10-30 19:15,adsb-lol;airplanes-live
N888KG,2022-07-02,FAA LADD flag appears between 2022-07-01 and 2022-12-01 (ADS-B Exchange DB); FlightAware block visible 2025-09-11 (Wayback),2024-11-02,KPVU,Provo Municipal Airport,Provo,US-UT,US,2024-11-02T16:36:46.130000+00:00,2024-11-02T17:30:22.100000+00:00,2024-11-02 10:36,adsb-lol;airplanes-live
N888KG,2022-07-02,FAA LADD flag appears between 2022-07-01 and 2022-12-01 (ADS-B Exchange DB); FlightAware block visible 2025-09-11 (Wayback),2024-11-03,KPVU,Provo Municipal Airport,Provo,US-UT,US,2024-11-03T01:31:53.500000+00:00,2024-11-03T01:33:19.390000+00:00,2024-11-02 19:31,airplanes-live
N888KG,2022-07-02,FAA LADD flag appears between 2022-07-01 and 2022-12-01 (ADS-B Exchange DB); FlightAware block visible 2025-09-11 (Wayback),2024-11-03,KPVU,Provo Municipal Airport,Provo,US-UT,US,2024-11-03T20:15:18.840000+00:00,2024-11-03T20:51:15.090000+00:00,2024-11-03 13:15,airplanes-live
N888KG,2022-07-02,FAA LADD flag appears between 2022-07-01 and 2022-12-01 (ADS-B Exchange DB); FlightAware block visible 2025-09-11 (Wayback),2024-11-03,KOAK,Oakland San Francisco Bay Airport,Oakland,US-CA,US,2024-11-03T23:05:10.070000+00:00,2024-11-03T23:59:10.350000+00:00,2024-11-03 15:05,airplanes-live
N888KG,2022-07-02,FAA LADD flag appears between 2022-07-01 and 2022-12-01 (ADS-B Exchange DB); FlightAware block visible 2025-09-11 (Wayback),2024-11-06,KPVU,Provo Municipal Airport,Provo,US-UT,US,2024-11-06T04:31:04.330000+00:00,2024-11-06T04:33:06.860000+00:00,2024-11-05 21:31,airplanes-live
N888KG,2022-07-02,FAA LADD flag appears between 2022-07-01 and 2022-12-01 (ADS-B Exchange DB); FlightAware block visible 2025-09-11 (Wayback),2024-11-06,KPVU,Provo Municipal Airport,Provo,US-UT,US,2024-11-06T21:20:35.530000+00:00,2024-11-06T22:12:36.920000+00:00,2024-11-06 14:20,airplanes-live
N888KG,2022-07-02,FAA LADD flag appears between 2022-07-01 and 2022-12-01 (ADS-B Exchange DB); FlightAware block visible 2025-09-11 (Wayback),2024-11-09,KTUS,Tucson International Airport,Tucson,US-AZ,US,2024-11-09T22:09:05.240000+00:00,2024-11-09T22:09:11.470000+00:00,2024-11-09 15:09,airplanes-live
N888KG,2022-07-02,FAA LADD flag appears between 2022-07-01 and 2022-12-01 (ADS-B Exchange DB); FlightAware block visible 2025-09-11 (Wayback),2024-11-09,KPVU,Provo Municipal Airport,Provo,US-UT,US,2024-11-09T23:36:36.670000+00:00,2024-11-09T23:40:43.580000+00:00,2024-11-09 16:36,airplanes-live
N888KG,2022-07-02,FAA LADD flag appears between 2022-07-01 and 2022-12-01 (ADS-B Exchange DB); FlightAware block visible 2025-09-11 (Wayback),2024-11-23,KPVU,Provo Municipal Airport,Provo,US-UT,US,2024-11-23T17:21:37.110000+00:00,2024-11-23T18:08:31.780000+00:00,2024-11-23 10:21,airplanes-live
N888KG,2022-07-02,FAA LADD flag appears between 2022-07-01 and 2022-12-01 (ADS-B Exchange DB); FlightAware block visible 2025-09-11 (Wayback),2024-11-24,KPVU,Provo Municipal Airport,Provo,US-UT,US,2024-11-24T00:44:58.720000+00:00,2024-11-24T00:45:33.510000+00:00,2024-11-23 17:44,airplanes-live
N888KG,2022-07-02,FAA LADD flag appears between 2022-07-01 and 2022-12-01 (ADS-B Exchange DB); FlightAware block visible 2025-09-11 (Wayback),2024-12-06,KPVU,Provo Municipal Airport,Provo,US-UT,US,2024-12-06T17:03:03.420000+00:00,2024-12-06T19:02:09.740000+00:00,2024-12-06 10:03,airplanes-live
N888KG,2022-07-02,FAA LADD flag appears between 2022-07-01 and 2022-12-01 (ADS-B Exchange DB); FlightAware block visible 2025-09-11 (Wayback),2024-12-07,KPVU,Provo Municipal Airport,Provo,US-UT,US,2024-12-07T18:07:37.200000+00:00,2024-12-07T18:11:00.910000+00:00,2024-12-07 11:07,airplanes-live
N888KG,2022-07-02,FAA LADD flag appears between 2022-07-01 and 2022-12-01 (ADS-B Exchange DB); FlightAware block visible 2025-09-11 (Wayback),2024-12-08,KPVU,Provo Municipal Airport,Provo,US-UT,US,2024-12-08T00:56:43.410000+00:00,2024-12-08T01:36:37.900000+00:00,2024-12-07 17:56,adsb-lol;airplanes-live
N888KG,2022-07-02,FAA LADD flag appears between 2022-07-01 and 2022-12-01 (ADS-B Exchange DB); FlightAware block visible 2025-09-11 (Wayback),2024-12-26,KPVU,Provo Municipal Airport,Provo,US-UT,US,2024-12-26T17:48:31.210000+00:00,2024-12-26T17:52:53.360000+00:00,2024-12-26 10:48,airplanes-live
N888KG,2022-07-02,FAA LADD flag appears between 2022-07-01 and 2022-12-01 (ADS-B Exchange DB); FlightAware block visible 2025-09-11 (Wayback),2024-12-29,KPVU,Provo Municipal Airport,Provo,US-UT,US,2024-12-29T07:03:50.950000+00:00,2024-12-29T07:03:50.950000+00:00,2024-12-29 00:03,airplanes-live
N888KG,2022-07-02,FAA LADD flag appears between 2022-07-01 and 2022-12-01 (ADS-B Exchange DB); FlightAware block visible 2025-09-11 (Wayback),2024-12-31,KPVU,Provo Municipal Airport,Provo,US-UT,US,2024-12-31T17:26:57.610000+00:00,2024-12-31T17:32:22.620000+00:00,2024-12-31 10:26,airplanes-live
N888KG,2022-07-02,FAA LADD flag appears between 2022-07-01 and 2022-12-01 (ADS-B Exchange DB); FlightAware block visible 2025-09-11 (Wayback),2025-01-03,KTUS,Tucson International Airport,Tucson,US-AZ,US,2025-01-03T19:44:50.910000+00:00,2025-01-03T19:44:56.150000+00:00,2025-01-03 12:44,airplanes-live
N888KG,2022-07-02,FAA LADD flag appears between 2022-07-01 and 2022-12-01 (ADS-B Exchange DB); FlightAware block visible 2025-09-11 (Wayback),2025-01-03,KPVU,Provo Municipal Airport,Provo,US-UT,US,2025-01-03T21:29:56.130000+00:00,2025-01-03T21:31:18.160000+00:00,2025-01-03 14:29,airplanes-live
N888KG,2022-07-02,FAA LADD flag appears between 2022-07-01 and 2022-12-01 (ADS-B Exchange DB); FlightAware block visible 2025-09-11 (Wayback),2025-01-04,KBOI,Boise Air Terminal/Gowen Field,Boise,US-ID,US,2025-01-04T18:05:34.940000+00:00,2025-01-04T18:05:49.950000+00:00,2025-01-04 11:05,airplanes-live
N888KG,2022-07-02,FAA LADD flag appears between 2022-07-01 and 2022-12-01 (ADS-B Exchange DB); FlightAware block visible 2025-09-11 (Wayback),2025-01-05,KPVU,Provo Municipal Airport,Provo,US-UT,US,2025-01-05T00:02:08.790000+00:00,2025-01-05T00:04:58.480000+00:00,2025-01-04 17:02,airplanes-live
N888KG,2022-07-02,FAA LADD flag appears between 2022-07-01 and 2022-12-01 (ADS-B Exchange DB); FlightAware block visible 2025-09-11 (Wayback),2025-02-06,KPVU,Provo Municipal Airport,Provo,US-UT,US,2025-02-06T15:24:28.830000+00:00,2025-02-06T15:24:29.860000+00:00,2025-02-06 08:24,airplanes-live
N888KG,2022-07-02,FAA LADD flag appears between 2022-07-01 and 2022-12-01 (ADS-B Exchange DB); FlightAware block visible 2025-09-11 (Wayback),2025-02-06,KBUR,Hollywood Burbank/Bob Hope Airport,Burbank,US-CA,US,2025-02-06T17:08:19.700000+00:00,2025-02-06T17:10:15.400000+00:00,2025-02-06 09:08,airplanes-live
N888KG,2022-07-02,FAA LADD flag appears between 2022-07-01 and 2022-12-01 (ADS-B Exchange DB); FlightAware block visible 2025-09-11 (Wayback),2025-02-07,KBUR,Hollywood Burbank/Bob Hope Airport,Burbank,US-CA,US,2025-02-07T06:55:57.250000+00:00,2025-02-07T06:59:43.350000+00:00,2025-02-06 22:55,airplanes-live
N888KG,2022-07-02,FAA LADD flag appears between 2022-07-01 and 2022-12-01 (ADS-B Exchange DB); FlightAware block visible 2025-09-11 (Wayback),2025-02-07,KPVU,Provo Municipal Airport,Provo,US-UT,US,2025-02-07T08:05:34.310000+00:00,2025-02-07T08:19:18.610000+00:00,2025-02-07 01:05,airplanes-live
N888KG,2022-07-02,FAA LADD flag appears between 2022-07-01 and 2022-12-01 (ADS-B Exchange DB); FlightAware block visible 2025-09-11 (Wayback),2025-03-05,KPVU,Provo Municipal Airport,Provo,US-UT,US,2025-03-05T04:42:23.790000+00:00,2025-03-05T04:45:21.280000+00:00,2025-03-04 21:42,adsb-lol;airplanes-live
N888KG,2022-07-02,FAA LADD flag appears between 2022-07-01 and 2022-12-01 (ADS-B Exchange DB); FlightAware block visible 2025-09-11 (Wayback),2025-03-14,KTUS,Tucson International Airport,Tucson,US-AZ,US,2025-03-14T16:37:26.250000+00:00,2025-03-14T17:12:02.330000+00:00,2025-03-14 09:37,airplanes-live
N888KG,2022-07-02,FAA LADD flag appears between 2022-07-01 and 2022-12-01 (ADS-B Exchange DB); FlightAware block visible 2025-09-11 (Wayback),2025-03-14,KPVU,Provo Municipal Airport,Provo,US-UT,US,2025-03-14T18:29:15.500000+00:00,2025-03-14T18:29:42.910000+00:00,2025-03-14 12:29,adsb-lol;airplanes-live
N888KG,2022-07-02,FAA LADD flag appears between 2022-07-01 and 2022-12-01 (ADS-B Exchange DB); FlightAware block visible 2025-09-11 (Wayback),2025-05-09,KPVU,Provo Municipal Airport,Provo,US-UT,US,2025-05-09T21:03:39.100000+00:00,2025-05-09T22:24:26.740000+00:00,2025-05-09 15:03,airplanes-live
N888KG,2022-07-02,FAA LADD flag appears between 2022-07-01 and 2022-12-01 (ADS-B Exchange DB); FlightAware block visible 2025-09-11 (Wayback),2025-05-10,KPVU,Provo Municipal Airport,Provo,US-UT,US,2025-05-10T23:52:45.840000+00:00,2025-05-11T00:04:06.460000+00:00,2025-05-10 17:52,airplanes-live
N888KG,2022-07-02,FAA LADD flag appears between 2022-07-01 and 2022-12-01 (ADS-B Exchange DB); FlightAware block visible 2025-09-11 (Wayback),2025-06-04,KPVU,Provo Municipal Airport,Provo,US-UT,US,2025-06-04T15:02:36.080000+00:00,2025-06-04T15:06:29.440000+00:00,2025-06-04 09:02,airplanes-live
N888KG,2022-07-02,FAA LADD flag appears between 2022-07-01 and 2022-12-01 (ADS-B Exchange DB); FlightAware block visible 2025-09-11 (Wayback),2025-06-04,KPDK,DeKalb Peachtree Airport,Atlanta,US-GA,US,2025-06-04T18:13:17.810000+00:00,2025-06-04T18:13:46.590000+00:00,2025-06-04 14:13,airplanes-live
N888KG,2022-07-02,FAA LADD flag appears between 2022-07-01 and 2022-12-01 (ADS-B Exchange DB); FlightAware block visible 2025-09-11 (Wayback),2025-06-08,KPVU,Provo Municipal Airport,Provo,US-UT,US,2025-06-08T17:30:55.850000+00:00,2025-06-08T17:33:59.310000+00:00,2025-06-08 11:30,airplanes-live
N888KG,2022-07-02,FAA LADD flag appears between 2022-07-01 and 2022-12-01 (ADS-B Exchange DB); FlightAware block visible 2025-09-11 (Wayback),2025-06-25,KPVU,Provo Municipal Airport,Provo,US-UT,US,2025-06-25T20:45:06.310000+00:00,2025-06-25T23:38:41.530000+00:00,2025-06-25 14:45,airplanes-live
N888KG,2022-07-02,FAA LADD flag appears between 2022-07-01 and 2022-12-01 (ADS-B Exchange DB); FlightAware block visible 2025-09-11 (Wayback),2025-06-28,KPVU,Provo Municipal Airport,Provo,US-UT,US,2025-06-28T22:29:19.700000+00:00,2025-06-29T00:28:49.280000+00:00,2025-06-28 16:29,airplanes-live
N888KG,2022-07-02,FAA LADD flag appears between 2022-07-01 and 2022-12-01 (ADS-B Exchange DB); FlightAware block visible 2025-09-11 (Wayback),2025-07-07,KPVU,Provo Municipal Airport,Provo,US-UT,US,2025-07-07T14:57:01.990000+00:00,2025-07-07T15:09:39.320000+00:00,2025-07-07 08:57,adsb-lol;airplanes-live
N888KG,2022-07-02,FAA LADD flag appears between 2022-07-01 and 2022-12-01 (ADS-B Exchange DB); FlightAware block visible 2025-09-11 (Wayback),2025-07-07,KSGU,St George Regional Airport,St George,US-UT,US,2025-07-07T16:17:29.600000+00:00,2025-07-07T16:19:08.170000+00:00,2025-07-07 10:17,adsb-lol;airplanes-live
N888KG,2022-07-02,FAA LADD flag appears between 2022-07-01 and 2022-12-01 (ADS-B Exchange DB); FlightAware block visible 2025-09-11 (Wayback),2025-07-11,KTUS,Tucson International Airport,Tucson,US-AZ,US,2025-07-11T18:15:04.040000+00:00,2025-07-11T18:38:28.660000+00:00,2025-07-11 11:15,airplanes-live
N888KG,2022-07-02,FAA LADD flag appears between 2022-07-01 and 2022-12-01 (ADS-B Exchange DB); FlightAware block visible 2025-09-11 (Wayback),2025-07-11,KPVU,Provo Municipal Airport,Provo,US-UT,US,2025-07-11T20:01:30.280000+00:00,2025-07-11T20:09:17.950000+00:00,2025-07-11 14:01,adsb-lol;airplanes-live
N888KG,2022-07-02,FAA LADD flag appears between 2022-07-01 and 2022-12-01 (ADS-B Exchange DB); FlightAware block visible 2025-09-11 (Wayback),2025-07-15,KPVU,Provo Municipal Airport,Provo,US-UT,US,2025-07-15T14:21:20.510000+00:00,2025-07-15T15:19:22.560000+00:00,2025-07-15 08:21,adsb-lol;airplanes-live
N888KG,2022-07-02,FAA LADD flag appears between 2022-07-01 and 2022-12-01 (ADS-B Exchange DB); FlightAware block visible 2025-09-11 (Wayback),2025-07-15,KPVU,Provo Municipal Airport,Provo,US-UT,US,2025-07-15T22:32:31.670000+00:00,2025-07-16T00:50:43.280000+00:00,2025-07-15 16:32,adsb-lol;airplanes-live
N888KG,2022-07-02,FAA LADD flag appears between 2022-07-01 and 2022-12-01 (ADS-B Exchange DB); FlightAware block visible 2025-09-11 (Wayback),2025-07-16,KPVU,Provo Municipal Airport,Provo,US-UT,US,2025-07-16T21:28:10.780000+00:00,2025-07-16T23:40:19.160000+00:00,2025-07-16 15:28,airplanes-live
N888KG,2022-07-02,FAA LADD flag appears between 2022-07-01 and 2022-12-01 (ADS-B Exchange DB); FlightAware block visible 2025-09-11 (Wayback),2025-07-19,KPVU,Provo Municipal Airport,Provo,US-UT,US,2025-07-19T17:50:11.240000+00:00,2025-07-19T20:24:02.150000+00:00,2025-07-19 11:50,airplanes-live
N888KG,2022-07-02,FAA LADD flag appears between 2022-07-01 and 2022-12-01 (ADS-B Exchange DB); FlightAware block visible 2025-09-11 (Wayback),2025-07-30,KPVU,Provo Municipal Airport,Provo,US-UT,US,2025-07-30T17:08:06.220000+00:00,2025-07-30T18:23:35.250000+00:00,2025-07-30 11:08,airplanes-live
N888KG,2022-07-02,FAA LADD flag appears between 2022-07-01 and 2022-12-01 (ADS-B Exchange DB); FlightAware block visible 2025-09-11 (Wayback),2025-08-01,KPVU,Provo Municipal Airport,Provo,US-UT,US,2025-08-01T22:55:29.010000+00:00,2025-08-01T23:12:27.880000+00:00,2025-08-01 16:55,adsbexchange-samples;airplanes-live
N888KG,2022-07-02,FAA LADD flag appears between 2022-07-01 and 2022-12-01 (ADS-B Exchange DB); FlightAware block visible 2025-09-11 (Wayback),2025-08-06,KPVU,Provo Municipal Airport,Provo,US-UT,US,2025-08-06T21:13:35.020000+00:00,2025-08-07T00:09:06.170000+00:00,2025-08-06 15:13,adsb-lol;airplanes-live
N888KG,2022-07-02,FAA LADD flag appears between 2022-07-01 and 2022-12-01 (ADS-B Exchange DB); FlightAware block visible 2025-09-11 (Wayback),2025-08-09,KPVU,Provo Municipal Airport,Provo,US-UT,US,2025-08-09T21:21:56.170000+00:00,2025-08-09T23:22:28.890000+00:00,2025-08-09 15:21,adsb-lol;airplanes-live
N888KG,2022-07-02,FAA LADD flag appears between 2022-07-01 and 2022-12-01 (ADS-B Exchange DB); FlightAware block visible 2025-09-11 (Wayback),2025-09-07,KPVU,Provo Municipal Airport,Provo,US-UT,US,2025-09-07T22:15:11.200000+00:00,2025-09-08T00:29:59.110000+00:00,2025-09-07 16:15,adsb-lol;airplanes-live
N888KG,2022-07-02,FAA LADD flag appears between 2022-07-01 and 2022-12-01 (ADS-B Exchange DB); FlightAware block visible 2025-09-11 (Wayback),2025-09-10,KPVU,Provo Municipal Airport,Provo,US-UT,US,2025-09-10T19:06:07.720000+00:00,2025-09-10T21:07:54.060000+00:00,2025-09-10 13:06,adsb-lol;airplanes-live
N888KG,2022-07-02,FAA LADD flag appears between 2022-07-01 and 2022-12-01 (ADS-B Exchange DB); FlightAware block visible 2025-09-11 (Wayback),2025-10-09,KPVU,Provo Municipal Airport,Provo,US-UT,US,2025-10-09T20:23:38.610000+00:00,2025-10-09T21:15:39.750000+00:00,2025-10-09 14:23,adsb-lol;airplanes-live
N888KG,2022-07-02,FAA LADD flag appears between 2022-07-01 and 2022-12-01 (ADS-B Exchange DB); FlightAware block visible 2025-09-11 (Wayback),2025-10-12,KTUS,Tucson International Airport,Tucson,US-AZ,US,2025-10-12T19:57:17.290000+00:00,2025-10-12T20:19:27.020000+00:00,2025-10-12 12:57,airplanes-live
N888KG,2022-07-02,FAA LADD flag appears between 2022-07-01 and 2022-12-01 (ADS-B Exchange DB); FlightAware block visible 2025-09-11 (Wayback),2025-10-12,KPVU,Provo Municipal Airport,Provo,US-UT,US,2025-10-12T21:30:03.150000+00:00,2025-10-12T21:32:06.960000+00:00,2025-10-12 15:30,airplanes-live
N888KG,2022-07-02,FAA LADD flag appears between 2022-07-01 and 2022-12-01 (ADS-B Exchange DB); FlightAware block visible 2025-09-11 (Wayback),2025-10-15,KPVU,Provo Municipal Airport,Provo,US-UT,US,2025-10-15T17:33:04.110000+00:00,2025-10-15T18:04:02.060000+00:00,2025-10-15 11:33,airplanes-live
N888KG,2022-07-02,FAA LADD flag appears between 2022-07-01 and 2022-12-01 (ADS-B Exchange DB); FlightAware block visible 2025-09-11 (Wayback),2025-10-15,KBNA,Nashville International Airport,Nashville,US-TN,US,2025-10-15T20:53:28.510000+00:00,2025-10-15T21:01:15.900000+00:00,2025-10-15 15:53,airplanes-live
N888KG,2022-07-02,FAA LADD flag appears between 2022-07-01 and 2022-12-01 (ADS-B Exchange DB); FlightAware block visible 2025-09-11 (Wayback),2025-10-16,KBNA,Nashville International Airport,Nashville,US-TN,US,2025-10-16T03:06:30.660000+00:00,2025-10-16T04:00:21.870000+00:00,2025-10-15 22:06,airplanes-live
N888KG,2022-07-02,FAA LADD flag appears between 2022-07-01 and 2022-12-01 (ADS-B Exchange DB); FlightAware block visible 2025-09-11 (Wayback),2025-10-16,KPVU,Provo Municipal Airport,Provo,US-UT,US,2025-10-16T07:05:56.370000+00:00,2025-10-16T07:08:26.190000+00:00,2025-10-16 01:05,airplanes-live
N888KG,2022-07-02,FAA LADD flag appears between 2022-07-01 and 2022-12-01 (ADS-B Exchange DB); FlightAware block visible 2025-09-11 (Wayback),2025-10-24,KPVU,Provo Municipal Airport,Provo,US-UT,US,2025-10-24T20:28:54.450000+00:00,2025-10-24T20:30:56.780000+00:00,2025-10-24 14:28,airplanes-live
N888KG,2022-07-02,FAA LADD flag appears between 2022-07-01 and 2022-12-01 (ADS-B Exchange DB); FlightAware block visible 2025-09-11 (Wayback),2025-11-01,KPVU,Provo Municipal Airport,Provo,US-UT,US,2025-11-01T15:09:05.790000+00:00,2025-11-01T15:58:57.560000+00:00,2025-11-01 09:09,adsbexchange-samples;airplanes-live
N888KG,2022-07-02,FAA LADD flag appears between 2022-07-01 and 2022-12-01 (ADS-B Exchange DB); FlightAware block visible 2025-09-11 (Wayback),2025-11-01,KPVU,Provo Municipal Airport,Provo,US-UT,US,2025-11-01T20:11:19.260000+00:00,2025-11-01T20:14:28.870000+00:00,2025-11-01 14:11,adsbexchange-samples;airplanes-live
N888KG,2022-07-02,FAA LADD flag appears between 2022-07-01 and 2022-12-01 (ADS-B Exchange DB); FlightAware block visible 2025-09-11 (Wayback),2025-11-23,KPVU,Provo Municipal Airport,Provo,US-UT,US,2025-11-23T23:03:00.720000+00:00,2025-11-23T23:38:46.700000+00:00,2025-11-23 16:03,airplanes-live
N888KG,2022-07-02,FAA LADD flag appears between 2022-07-01 and 2022-12-01 (ADS-B Exchange DB); FlightAware block visible 2025-09-11 (Wayback),2025-11-26,KTUS,Tucson International Airport,Tucson,US-AZ,US,2025-11-26T18:56:15.070000+00:00,2025-11-26T19:19:30.430000+00:00,2025-11-26 11:56,airplanes-live
N888KG,2022-07-02,FAA LADD flag appears between 2022-07-01 and 2022-12-01 (ADS-B Exchange DB); FlightAware block visible 2025-09-11 (Wayback),2025-11-26,KPVU,Provo Municipal Airport,Provo,US-UT,US,2025-11-26T20:40:08.490000+00:00,2025-11-26T20:42:10.940000+00:00,2025-11-26 13:40,airplanes-live
N888KG,2022-07-02,FAA LADD flag appears between 2022-07-01 and 2022-12-01 (ADS-B Exchange DB); FlightAware block visible 2025-09-11 (Wayback),2026-01-15,KPVU,Provo Municipal Airport,Provo,US-UT,US,2026-01-15T17:23:27.490000+00:00,2026-01-15T17:27:18.990000+00:00,2026-01-15 10:23,airplanes-live
N888KG,2022-07-02,FAA LADD flag appears between 2022-07-01 and 2022-12-01 (ADS-B Exchange DB); FlightAware block visible 2025-09-11 (Wayback),2026-01-15,KTUS,Tucson International Airport,Tucson,US-AZ,US,2026-01-15T18:43:54.260000+00:00,2026-01-15T18:46:30.740000+00:00,2026-01-15 11:43,airplanes-live
N888KG,2022-07-02,FAA LADD flag appears between 2022-07-01 and 2022-12-01 (ADS-B Exchange DB); FlightAware block visible 2025-09-11 (Wayback),2026-02-01,KTUS,Tucson International Airport,Tucson,US-AZ,US,2026-02-01T16:48:16.530000+00:00,2026-02-01T16:48:20.250000+00:00,2026-02-01 09:48,adsbexchange-samples;airplanes-live
N888KG,2022-07-02,FAA LADD flag appears between 2022-07-01 and 2022-12-01 (ADS-B Exchange DB); FlightAware block visible 2025-09-11 (Wayback),2026-02-06,KTUS,Tucson International Airport,Tucson,US-AZ,US,2026-02-06T20:13:51.920000+00:00,2026-02-06T20:17:36.490000+00:00,2026-02-06 13:13,airplanes-live
N888KG,2022-07-02,FAA LADD flag appears between 2022-07-01 and 2022-12-01 (ADS-B Exchange DB); FlightAware block visible 2025-09-11 (Wayback),2026-02-06,KPVU,Provo Municipal Airport,Provo,US-UT,US,2026-02-06T21:25:30.490000+00:00,2026-02-06T21:36:20.880000+00:00,2026-02-06 14:25,airplanes-live
N888KG,2022-07-02,FAA LADD flag appears between 2022-07-01 and 2022-12-01 (ADS-B Exchange DB); FlightAware block visible 2025-09-11 (Wayback),2026-02-21,KPVU,Provo Municipal Airport,Provo,US-UT,US,2026-02-21T17:05:42.160000+00:00,2026-02-21T17:09:25.730000+00:00,2026-02-21 10:05,airplanes-live
N888KG,2022-07-02,FAA LADD flag appears between 2022-07-01 and 2022-12-01 (ADS-B Exchange DB); FlightAware block visible 2025-09-11 (Wayback),2026-02-22,KPVU,Provo Municipal Airport,Provo,US-UT,US,2026-02-22T01:11:35.020000+00:00,2026-02-22T01:12:25.810000+00:00,2026-02-21 18:11,airplanes-live
N888KG,2022-07-02,FAA LADD flag appears between 2022-07-01 and 2022-12-01 (ADS-B Exchange DB); FlightAware block visible 2025-09-11 (Wayback),2026-03-16,KPVU,Provo Municipal Airport,Provo,US-UT,US,2026-03-16T17:13:10.290000+00:00,2026-03-16T17:14:13.860000+00:00,2026-03-16 11:13,airplanes-live
N888KG,2022-07-02,FAA LADD flag appears between 2022-07-01 and 2022-12-01 (ADS-B Exchange DB); FlightAware block visible 2025-09-11 (Wayback),2026-03-19,KTUS,Tucson International Airport,Tucson,US-AZ,US,2026-03-19T20:36:30.350000+00:00,2026-03-19T20:57:21.930000+00:00,2026-03-19 13:36,airplanes-live
N888KG,2022-07-02,FAA LADD flag appears between 2022-07-01 and 2022-12-01 (ADS-B Exchange DB); FlightAware block visible 2025-09-11 (Wayback),2026-03-19,KPVU,Provo Municipal Airport,Provo,US-UT,US,2026-03-19T22:13:20.700000+00:00,2026-03-19T22:15:55.670000+00:00,2026-03-19 16:13,airplanes-live
N888KG,2022-07-02,FAA LADD flag appears between 2022-07-01 and 2022-12-01 (ADS-B Exchange DB); FlightAware block visible 2025-09-11 (Wayback),2026-04-08,KPVU,Provo Municipal Airport,Provo,US-UT,US,2026-04-08T13:12:38.670000+00:00,2026-04-08T14:08:10.290000+00:00,2026-04-08 07:12,airplanes-live
N888KG,2022-07-02,FAA LADD flag appears between 2022-07-01 and 2022-12-01 (ADS-B Exchange DB); FlightAware block visible 2025-09-11 (Wayback),2026-04-08,KLEB,Lebanon Municipal Airport,Lebanon,US-NH,US,2026-04-08T17:54:04.700000+00:00,2026-04-08T20:27:52.570000+00:00,2026-04-08 13:54,airplanes-live
N888KG,2022-07-02,FAA LADD flag appears between 2022-07-01 and 2022-12-01 (ADS-B Exchange DB); FlightAware block visible 2025-09-11 (Wayback),2026-04-08,KROC,Frederick Douglass Greater Rochester International Airport,Rochester,US-NY,US,2026-04-08T21:16:21.030000+00:00,2026-04-08T21:16:44.970000+00:00,2026-04-08 17:16,airplanes-live
N888KG,2022-07-02,FAA LADD flag appears between 2022-07-01 and 2022-12-01 (ADS-B Exchange DB); FlightAware block visible 2025-09-11 (Wayback),2026-04-09,KROC,Frederick Douglass Greater Rochester International Airport,Rochester,US-NY,US,2026-04-09T18:35:47.730000+00:00,2026-04-09T18:43:02.450000+00:00,2026-04-09 14:35,airplanes-live
N888KG,2022-07-02,FAA LADD flag appears between 2022-07-01 and 2022-12-01 (ADS-B Exchange DB); FlightAware block visible 2025-09-11 (Wayback),2026-04-11,KPVU,Provo Municipal Airport,Provo,US-UT,US,2026-04-11T23:24:41.630000+00:00,2026-04-11T23:27:13.950000+00:00,2026-04-11 17:24,airplanes-live
N888KG,2022-07-02,FAA LADD flag appears between 2022-07-01 and 2022-12-01 (ADS-B Exchange DB); FlightAware block visible 2025-09-11 (Wayback),2026-04-17,KPVU,Provo Municipal Airport,Provo,US-UT,US,2026-04-17T14:38:26.370000+00:00,2026-04-17T14:47:39.270000+00:00,2026-04-17 08:38,airplanes-live
N888KG,2022-07-02,FAA LADD flag appears between 2022-07-01 and 2022-12-01 (ADS-B Exchange DB); FlightAware block visible 2025-09-11 (Wayback),2026-04-21,KFTW,Fort Worth Meacham International Airport,Fort Worth,US-TX,US,2026-04-21T00:14:01.790000+00:00,2026-04-21T00:52:01.690000+00:00,2026-04-20 19:14,airplanes-live
N888KG,2022-07-02,FAA LADD flag appears between 2022-07-01 and 2022-12-01 (ADS-B Exchange DB); FlightAware block visible 2025-09-11 (Wayback),2026-04-21,KPVU,Provo Municipal Airport,Provo,US-UT,US,2026-04-21T02:58:52.120000+00:00,2026-04-21T03:07:41.220000+00:00,2026-04-20 20:58,airplanes-live
N888KG,2022-07-02,FAA LADD flag appears between 2022-07-01 and 2022-12-01 (ADS-B Exchange DB); FlightAware block visible 2025-09-11 (Wayback),2026-04-25,KPVU,Provo Municipal Airport,Provo,US-UT,US,2026-04-25T17:46:43.300000+00:00,2026-04-25T17:47:57.380000+00:00,2026-04-25 11:46,airplanes-live
N888KG,2022-07-02,FAA LADD flag appears between 2022-07-01 and 2022-12-01 (ADS-B Exchange DB); FlightAware block visible 2025-09-11 (Wayback),2026-05-02,KPVU,Provo Municipal Airport,Provo,US-UT,US,2026-05-02T14:47:23.220000+00:00,2026-05-02T16:14:04.390000+00:00,2026-05-02 08:47,airplanes-live
N888KG,2022-07-02,FAA LADD flag appears between 2022-07-01 and 2022-12-01 (ADS-B Exchange DB); FlightAware block visible 2025-09-11 (Wayback),2026-05-24,KPVU,Provo Municipal Airport,Provo,US-UT,US,2026-05-24T20:32:17.820000+00:00,2026-05-24T21:01:52.690000+00:00,2026-05-24 14:32,airplanes-live
N888KG,2022-07-02,FAA LADD flag appears between 2022-07-01 and 2022-12-01 (ADS-B Exchange DB); FlightAware block visible 2025-09-11 (Wayback),2026-05-28,KPVU,Provo Municipal Airport,Provo,US-UT,US,2026-05-28T01:05:36.050000+00:00,2026-05-28T01:12:47.440000+00:00,2026-05-27 19:05,airplanes-live
N888KG,2022-07-02,FAA LADD flag appears between 2022-07-01 and 2022-12-01 (ADS-B Exchange DB); FlightAware block visible 2025-09-11 (Wayback),2026-06-20,KPVU,Provo Municipal Airport,Provo,US-UT,US,2026-06-20T18:22:43.910000+00:00,2026-06-20T19:16:30.500000+00:00,2026-06-20 12:22,airplanes-live
N888KG,2022-07-02,FAA LADD flag appears between 2022-07-01 and 2022-12-01 (ADS-B Exchange DB); FlightAware block visible 2025-09-11 (Wayback),2026-06-21,KPVU,Provo Municipal Airport,Provo,US-UT,US,2026-06-21T01:04:23.970000+00:00,2026-06-21T01:07:27.730000+00:00,2026-06-20 19:04,airplanes-live
N888KG,2022-07-02,FAA LADD flag appears between 2022-07-01 and 2022-12-01 (ADS-B Exchange DB); FlightAware block visible 2025-09-11 (Wayback),2026-06-24,KPVU,Provo Municipal Airport,Provo,US-UT,US,2026-06-24T21:04:05.310000+00:00,2026-06-24T23:49:14.820000+00:00,2026-06-24 15:04,airplanes-live
N888KG,2022-07-02,FAA LADD flag appears between 2022-07-01 and 2022-12-01 (ADS-B Exchange DB); FlightAware block visible 2025-09-11 (Wayback),2026-07-02,KPVU,Provo Municipal Airport,Provo,US-UT,US,2026-07-02T15:16:18.270000+00:00,2026-07-02T15:37:56.610000+00:00,2026-07-02 09:16,airplanes-live
N888KG,2022-07-02,FAA LADD flag appears between 2022-07-01 and 2022-12-01 (ADS-B Exchange DB); FlightAware block visible 2025-09-11 (Wayback),2026-07-05,KPVU,Provo Municipal Airport,Provo,US-UT,US,2026-07-05T16:41:39.660000+00:00,2026-07-05T18:33:53.660000+00:00,2026-07-05 10:41,airplanes-live
N888KG,2022-07-02,FAA LADD flag appears between 2022-07-01 and 2022-12-01 (ADS-B Exchange DB); FlightAware block visible 2025-09-11 (Wayback),2026-07-08,KPVU,Provo Municipal Airport,Provo,US-UT,US,2026-07-08T16:22:03.890000+00:00,2026-07-08T16:56:42+00:00,2026-07-08 10:22,airplanes-live
N888KG,2022-07-02,FAA LADD flag appears between 2022-07-01 and 2022-12-01 (ADS-B Exchange DB); FlightAware block visible 2025-09-11 (Wayback),2026-07-08,KPVU,Provo Municipal Airport,Provo,US-UT,US,2026-07-08T21:10:52.090000+00:00,2026-07-08T21:14:44.390000+00:00,2026-07-08 15:10,airplanes-live
N888KG,2022-07-02,FAA LADD flag appears between 2022-07-01 and 2022-12-01 (ADS-B Exchange DB); FlightAware block visible 2025-09-11 (Wayback),2026-07-11,KPVU,Provo Municipal Airport,Provo,US-UT,US,2026-07-11T15:07:07.150000+00:00,2026-07-11T17:32:45.300000+00:00,2026-07-11 09:07,airplanes-live
N888KG,2022-07-02,FAA LADD flag appears between 2022-07-01 and 2022-12-01 (ADS-B Exchange DB); FlightAware block visible 2025-09-11 (Wayback),2026-07-15,KPVU,Provo Municipal Airport,Provo,US-UT,US,2026-07-15T21:15:25.480000+00:00,2026-07-15T23:43:52.970000+00:00,2026-07-15 15:15,airplanes-live
N888KG,2022-07-02,FAA LADD flag appears between 2022-07-01 and 2022-12-01 (ADS-B Exchange DB); FlightAware block visible 2025-09-11 (Wayback),2026-07-16,KPVU,Provo Municipal Airport,Provo,US-UT,US,2026-07-16T15:16:31.660000+00:00,2026-07-16T16:05:34.060000+00:00,2026-07-16 09:16,airplanes-live
N888KG,2022-07-02,FAA LADD flag appears between 2022-07-01 and 2022-12-01 (ADS-B Exchange DB); FlightAware block visible 2025-09-11 (Wayback),2026-07-16,KEUG,Eugene Airport,Eugene,US-OR,US,2026-07-16T17:37:44.970000+00:00,2026-07-16T17:39:54.780000+00:00,2026-07-16 10:37,airplanes-live
N888KG,2022-07-02,FAA LADD flag appears between 2022-07-01 and 2022-12-01 (ADS-B Exchange DB); FlightAware block visible 2025-09-11 (Wayback),2026-07-16,KEUG,Eugene Airport,Eugene,US-OR,US,2026-07-16T20:40:36.940000+00:00,2026-07-16T20:48:00.020000+00:00,2026-07-16 13:40,airplanes-live
N888KG,2022-07-02,FAA LADD flag appears between 2022-07-01 and 2022-12-01 (ADS-B Exchange DB); FlightAware block visible 2025-09-11 (Wayback),2026-07-16,KPVU,Provo Municipal Airport,Provo,US-UT,US,2026-07-16T22:11:31.080000+00:00,2026-07-16T22:14:40.610000+00:00,2026-07-16 16:11,airplanes-live
N888KG,2022-07-02,FAA LADD flag appears between 2022-07-01 and 2022-12-01 (ADS-B Exchange DB); FlightAware block visible 2025-09-11 (Wayback),2026-07-18,KPVU,Provo Municipal Airport,Provo,US-UT,US,2026-07-18T14:44:07.850000+00:00,2026-07-18T17:28:35.450000+00:00,2026-07-18 08:44,airplanes-live
N888KG,2022-07-02,FAA LADD flag appears between 2022-07-01 and 2022-12-01 (ADS-B Exchange DB); FlightAware block visible 2025-09-11 (Wayback),2026-07-26,KPVU,Provo Municipal Airport,Provo,US-UT,US,2026-07-26T21:56:04.210000+00:00,2026-07-27T00:17:34.760000+00:00,2026-07-26 15:56,airplanes-live
N888KG,2022-07-02,FAA LADD flag appears between 2022-07-01 and 2022-12-01 (ADS-B Exchange DB); FlightAware block visible 2025-09-11 (Wayback),2026-07-29,KPVU,Provo Municipal Airport,Provo,US-UT,US,2026-07-29T15:28:05.980000+00:00,2026-07-29T15:39:52.890000+00:00,2026-07-29 09:28,airplanes-live
N888KG,2022-07-02,FAA LADD flag appears between 2022-07-01 and 2022-12-01 (ADS-B Exchange DB); FlightAware block visible 2025-09-11 (Wayback),2026-07-29,KIWA,Mesa Gateway Airport,Mesa,US-AZ,US,2026-07-29T17:27:28.470000+00:00,2026-07-29T18:11:25.030000+00:00,2026-07-29 10:27,airplanes-live
N888KG,2022-07-02,FAA LADD flag appears between 2022-07-01 and 2022-12-01 (ADS-B Exchange DB); FlightAware block visible 2025-09-11 (Wayback),2026-07-29,KPVU,Provo Municipal Airport,Provo,US-UT,US,2026-07-29T19:16:58.170000+00:00,2026-07-29T19:20:36.280000+00:00,2026-07-29 13:16,airplanes-live
N888KG,2022-07-02,FAA LADD flag appears between 2022-07-01 and 2022-12-01 (ADS-B Exchange DB); FlightAware block visible 2025-09-11 (Wayback),2026-08-12,KPVU,Provo Municipal Airport,Provo,US-UT,US,2026-08-12T20:25:09.870000+00:00,2026-08-12T21:14:32.400000+00:00,2026-08-12 14:25,airplanes-live
N888KG,2022-07-02,FAA LADD flag appears between 2022-07-01 and 2022-12-01 (ADS-B Exchange DB); FlightAware block visible 2025-09-11 (Wayback),2026-08-14,KPVU,Provo Municipal Airport,Provo,US-UT,US,2026-08-14T15:55:46.910000+00:00,2026-08-14T15:57:36.820000+00:00,2026-08-14 09:55,airplanes-live
N888KG,2022-07-02,FAA LADD flag appears between 2022-07-01 and 2022-12-01 (ADS-B Exchange DB); FlightAware block visible 2025-09-11 (Wayback),2026-08-19,KPVU,Provo Municipal Airport,Provo,US-UT,US,2026-08-19T21:02:05.590000+00:00,2026-08-19T23:18:45.230000+00:00,2026-08-19 15:02,airplanes-live
N888KG,2022-07-02,FAA LADD flag appears between 2022-07-01 and 2022-12-01 (ADS-B Exchange DB); FlightAware block visible 2025-09-11 (Wayback),2026-08-22,KPVU,Provo Municipal Airport,Provo,US-UT,US,2026-08-22T15:14:36.950000+00:00,2026-08-22T18:08:25.200000+00:00,2026-08-22 09:14,airplanes-live
N888KG,2022-07-02,FAA LADD flag appears between 2022-07-01 and 2022-12-01 (ADS-B Exchange DB); FlightAware block visible 2025-09-11 (Wayback),2026-09-07,KTUS,Tucson International Airport,Tucson,US-AZ,US,2026-09-07T19:08:18.950000+00:00,2026-09-07T19:08:27.920000+00:00,2026-09-07 12:08,airplanes-live
T7-ELL,2026-02-02,LADD flag appears between 2026-02-01 and 2026-05-01 (ADS-B Exchange DB); FlightAware and Flightradar24 hide it (15 Sep 2026),2026-02-18,OMDW,Al Maktoum International Airport,Dubai(Jebel Ali),AE-DU,AE,2026-02-18T04:01:43.750000+00:00,2026-02-18T04:02:14.950000+00:00,,airplanes-live
T7-ELL,2026-02-02,LADD flag appears between 2026-02-01 and 2026-05-01 (ADS-B Exchange DB); FlightAware and Flightradar24 hide it (15 Sep 2026),2026-02-18,OMAD,Al Bateen Executive Airport,Abu Dhabi,AE-AZ,AE,2026-02-18T18:33:29.890000+00:00,2026-02-18T18:33:29.890000+00:00,2026-02-18 11:33,airplanes-live
T7-ELL,2026-02-02,LADD flag appears between 2026-02-01 and 2026-05-01 (ADS-B Exchange DB); FlightAware and Flightradar24 hide it (15 Sep 2026),2026-03-04,OOMS,Muscat International Airport,Muscat/Seeb,OM-MA,OM,2026-03-04T01:08:57.620000+00:00,2026-03-04T04:07:16+00:00,2026-03-03 20:08,airplanes-live
T7-ELL,2026-02-02,LADD flag appears between 2026-02-01 and 2026-05-01 (ADS-B Exchange DB); FlightAware and Flightradar24 hide it (15 Sep 2026),2026-04-04,LTFM,İstanbul Airport,Istanbul,TR-34,TR,2026-04-04T14:39:12.560000+00:00,2026-04-04T14:46:03.960000+00:00,,airplanes-live
T7-ELL,2026-02-02,LADD flag appears between 2026-02-01 and 2026-05-01 (ADS-B Exchange DB); FlightAware and Flightradar24 hide it (15 Sep 2026),2026-04-18,OMDW,Al Maktoum International Airport,Dubai(Jebel Ali),AE-DU,AE,2026-04-18T19:56:45.900000+00:00,2026-04-18T20:06:26.940000+00:00,,airplanes-live
T7-ELL,2026-02-02,LADD flag appears between 2026-02-01 and 2026-05-01 (ADS-B Exchange DB); FlightAware and Flightradar24 hide it (15 Sep 2026),2026-04-19,OMDW,Al Maktoum International Airport,Dubai(Jebel Ali),AE-DU,AE,2026-04-19T00:12:19.230000+00:00,2026-04-19T00:21:48.240000+00:00,,airplanes-live
T7-ELL,2026-02-02,LADD flag appears between 2026-02-01 and 2026-05-01 (ADS-B Exchange DB); FlightAware and Flightradar24 hide it (15 Sep 2026),2026-04-22,EGGW,London Luton Airport,"Luton, Luton",GB-ENG,GB,2026-04-22T23:04:42.800000+00:00,2026-04-22T23:05:37.350000+00:00,,airplanes-live
T7-ELL,2026-02-02,LADD flag appears between 2026-02-01 and 2026-05-01 (ADS-B Exchange DB); FlightAware and Flightradar24 hide it (15 Sep 2026),2026-04-23,OMDW,Al Maktoum International Airport,Dubai(Jebel Ali),AE-DU,AE,2026-04-23T06:01:39.020000+00:00,2026-04-23T06:01:50.730000+00:00,,airplanes-live
T7-ELL,2026-02-02,LADD flag appears between 2026-02-01 and 2026-05-01 (ADS-B Exchange DB); FlightAware and Flightradar24 hide it (15 Sep 2026),2026-05-01,OMDW,Al Maktoum International Airport,Dubai(Jebel Ali),AE-DU,AE,2026-05-01T08:24:09.180000+00:00,2026-05-01T08:29:07.850000+00:00,,adsbexchange-samples
T7-ELL,2026-02-02,LADD flag appears between 2026-02-01 and 2026-05-01 (ADS-B Exchange DB); FlightAware and Flightradar24 hide it (15 Sep 2026),2026-05-02,MMUN,Cancún International Airport,Cancún,MX-ROO,MX,2026-05-02T17:31:30.490000+00:00,2026-05-02T17:35:31.010000+00:00,,airplanes-live
T7-ELL,2026-02-02,LADD flag appears between 2026-02-01 and 2026-05-01 (ADS-B Exchange DB); FlightAware and Flightradar24 hide it (15 Sep 2026),2026-05-02,MMUN,Cancún International Airport,Cancún,MX-ROO,MX,2026-05-02T21:23:32.450000+00:00,2026-05-02T21:33:49.470000+00:00,,airplanes-live
T7-ELL,2026-02-02,LADD flag appears between 2026-02-01 and 2026-05-01 (ADS-B Exchange DB); FlightAware and Flightradar24 hide it (15 Sep 2026),2026-05-23,LGAV,Athens Eleftherios Venizelos International Airport,Spata-Artemida,GR-I,GR,2026-05-23T10:13:26.860000+00:00,2026-05-23T12:59:34.460000+00:00,,airplanes-live
T7-ELL,2026-02-02,LADD flag appears between 2026-02-01 and 2026-05-01 (ADS-B Exchange DB); FlightAware and Flightradar24 hide it (15 Sep 2026),2026-05-23,LROP,Bucharest Henri Coandă International Airport,Otopeni,RO-IF,RO,2026-05-23T14:36:02.530000+00:00,2026-05-23T14:37:47.200000+00:00,,airplanes-live
T7-ELL,2026-02-02,LADD flag appears between 2026-02-01 and 2026-05-01 (ADS-B Exchange DB); FlightAware and Flightradar24 hide it (15 Sep 2026),2026-05-24,LROP,Bucharest Henri Coandă International Airport,Otopeni,RO-IF,RO,2026-05-24T03:53:06.460000+00:00,2026-05-24T03:54:39.960000+00:00,,airplanes-live
T7-ELL,2026-02-02,LADD flag appears between 2026-02-01 and 2026-05-01 (ADS-B Exchange DB); FlightAware and Flightradar24 hide it (15 Sep 2026),2026-05-25,LGAV,Athens Eleftherios Venizelos International Airport,Spata-Artemida,GR-I,GR,2026-05-25T10:54:56.730000+00:00,2026-05-25T11:04:20.810000+00:00,,airplanes-live
T7-ELL,2026-02-02,LADD flag appears between 2026-02-01 and 2026-05-01 (ADS-B Exchange DB); FlightAware and Flightradar24 hide it (15 Sep 2026),2026-05-25,LGAV,Athens Eleftherios Venizelos International Airport,Spata-Artemida,GR-I,GR,2026-05-25T21:07:35.700000+00:00,2026-05-25T22:43:39.920000+00:00,,airplanes-live
T7-ELL,2026-02-02,LADD flag appears between 2026-02-01 and 2026-05-01 (ADS-B Exchange DB); FlightAware and Flightradar24 hide it (15 Sep 2026),2026-06-10,OMDW,Al Maktoum International Airport,Dubai(Jebel Ali),AE-DU,AE,2026-06-10T14:27:45.370000+00:00,2026-06-10T14:28:41.790000+00:00,,airplanes-live
T7-ELL,2026-02-02,LADD flag appears between 2026-02-01 and 2026-05-01 (ADS-B Exchange DB); FlightAware and Flightradar24 hide it (15 Sep 2026),2026-06-20,OMDW,Al Maktoum International Airport,Dubai(Jebel Ali),AE-DU,AE,2026-06-20T21:36:47.400000+00:00,2026-06-20T21:41:20.430000+00:00,,airplanes-live
T7-ELL,2026-02-02,LADD flag appears between 2026-02-01 and 2026-05-01 (ADS-B Exchange DB); FlightAware and Flightradar24 hide it (15 Sep 2026),2026-06-26,OMDW,Al Maktoum International Airport,Dubai(Jebel Ali),AE-DU,AE,2026-06-26T10:32:47.990000+00:00,2026-06-26T10:33:31.010000+00:00,,airplanes-live
T7-ELL,2026-02-02,LADD flag appears between 2026-02-01 and 2026-05-01 (ADS-B Exchange DB); FlightAware and Flightradar24 hide it (15 Sep 2026),2026-06-27,UGSB,Alexander Kartveli Batumi International Airport,Batumi,GE-AJ,GE,2026-06-27T09:38:05.740000+00:00,2026-06-27T09:42:49.650000+00:00,,airplanes-live
T7-ELL,2026-02-02,LADD flag appears between 2026-02-01 and 2026-05-01 (ADS-B Exchange DB); FlightAware and Flightradar24 hide it (15 Sep 2026),2026-06-28,UGSB,Alexander Kartveli Batumi International Airport,Batumi,GE-AJ,GE,2026-06-28T12:08:09.590000+00:00,2026-06-28T12:17:43.570000+00:00,,airplanes-live
T7-ELL,2026-02-02,LADD flag appears between 2026-02-01 and 2026-05-01 (ADS-B Exchange DB); FlightAware and Flightradar24 hide it (15 Sep 2026),2026-06-30,OMFJ,Fujairah International Airport,Fujairah,AE-FU,AE,2026-06-30T07:00:22.050000+00:00,2026-06-30T07:07:36.980000+00:00,,airplanes-live
T7-ELL,2026-02-02,LADD flag appears between 2026-02-01 and 2026-05-01 (ADS-B Exchange DB); FlightAware and Flightradar24 hide it (15 Sep 2026),2026-07-04,LGMK,Mykonos Island National Airport,Mykonos,GR-L,GR,2026-07-04T15:52:13.180000+00:00,2026-07-04T17:11:25.570000+00:00,,airplanes-live
T7-ELL,2026-02-02,LADD flag appears between 2026-02-01 and 2026-05-01 (ADS-B Exchange DB); FlightAware and Flightradar24 hide it (15 Sep 2026),2026-07-10,OMDW,Al Maktoum International Airport,Dubai(Jebel Ali),AE-DU,AE,2026-07-10T03:31:25.250000+00:00,2026-07-10T03:36:53.770000+00:00,,airplanes-live
T7-ELL,2026-02-02,LADD flag appears between 2026-02-01 and 2026-05-01 (ADS-B Exchange DB); FlightAware and Flightradar24 hide it (15 Sep 2026),2026-07-11,HEAL,El Alamein International Airport,El Alamein,EG-MT,EG,2026-07-11T14:24:27.420000+00:00,2026-07-11T14:32:26.750000+00:00,2026-07-11 08:24,airplanes-live
T7-ELL,2026-02-02,LADD flag appears between 2026-02-01 and 2026-05-01 (ADS-B Exchange DB); FlightAware and Flightradar24 hide it (15 Sep 2026),2026-07-11,OMDW,Al Maktoum International Airport,Dubai(Jebel Ali),AE-DU,AE,2026-07-11T18:14:22.220000+00:00,2026-07-11T18:20:40.870000+00:00,,airplanes-live
T7-ELL,2026-02-02,LADD flag appears between 2026-02-01 and 2026-05-01 (ADS-B Exchange DB); FlightAware and Flightradar24 hide it (15 Sep 2026),2026-07-15,EHAM,Amsterdam Airport Schiphol,Amsterdam,NL-NH,NL,2026-07-15T08:35:17.750000+00:00,2026-07-15T08:39:33.770000+00:00,2026-07-15 04:35,airplanes-live
T7-ELL,2026-02-02,LADD flag appears between 2026-02-01 and 2026-05-01 (ADS-B Exchange DB); FlightAware and Flightradar24 hide it (15 Sep 2026),2026-07-17,EHAM,Amsterdam Airport Schiphol,Amsterdam,NL-NH,NL,2026-07-17T07:31:33.390000+00:00,2026-07-17T07:37:38.020000+00:00,2026-07-17 03:31,airplanes-live
T7-ELL,2026-02-02,LADD flag appears between 2026-02-01 and 2026-05-01 (ADS-B Exchange DB); FlightAware and Flightradar24 hide it (15 Sep 2026),2026-07-17,OMDW,Al Maktoum International Airport,Dubai(Jebel Ali),AE-DU,AE,2026-07-17T14:47:19.260000+00:00,2026-07-17T14:48:09.120000+00:00,,airplanes-live
T7-ELL,2026-02-02,LADD flag appears between 2026-02-01 and 2026-05-01 (ADS-B Exchange DB); FlightAware and Flightradar24 hide it (15 Sep 2026),2026-07-18,GB-0428,Drayton St Leonard Airfield,"Wallingford, Oxfordshire",GB-ENG,GB,2026-07-18T16:24:32.710000+00:00,2026-07-18T16:25:31.770000+00:00,,airplanes-live
T7-ELL,2026-02-02,LADD flag appears between 2026-02-01 and 2026-05-01 (ADS-B Exchange DB); FlightAware and Flightradar24 hide it (15 Sep 2026),2026-07-21,LFMN,Nice-Côte d'Azur Airport,"Nice, Alpes-Maritimes",FR-PAC,FR,2026-07-21T05:10:36.110000+00:00,2026-07-21T05:15:34.540000+00:00,,airplanes-live
T7-ELL,2026-02-02,LADD flag appears between 2026-02-01 and 2026-05-01 (ADS-B Exchange DB); FlightAware and Flightradar24 hide it (15 Sep 2026),2026-07-21,LFMN,Nice-Côte d'Azur Airport,"Nice, Alpes-Maritimes",FR-PAC,FR,2026-07-21T12:31:25.770000+00:00,2026-07-21T12:37:50.660000+00:00,,airplanes-live
T7-ELL,2026-02-02,LADD flag appears between 2026-02-01 and 2026-05-01 (ADS-B Exchange DB); FlightAware and Flightradar24 hide it (15 Sep 2026),2026-07-25,EGKB,London Biggin Hill Airport,London,GB-ENG,GB,2026-07-25T14:34:28.890000+00:00,2026-07-25T17:15:11.440000+00:00,,airplanes-live
T7-ELL,2026-02-02,LADD flag appears between 2026-02-01 and 2026-05-01 (ADS-B Exchange DB); FlightAware and Flightradar24 hide it (15 Sep 2026),2026-07-26,LFPB,Paris-Le Bourget International Airport,Paris,FR-IDF,FR,2026-07-26T19:22:10.580000+00:00,2026-07-26T19:22:10.580000+00:00,,airplanes-live
T7-ELL,2026-02-02,LADD flag appears between 2026-02-01 and 2026-05-01 (ADS-B Exchange DB); FlightAware and Flightradar24 hide it (15 Sep 2026),2026-07-26,LGMK,Mykonos Island National Airport,Mykonos,GR-L,GR,2026-07-26T22:02:37.960000+00:00,2026-07-26T22:59:29.740000+00:00,,airplanes-live
T7-ELL,2026-02-02,LADD flag appears between 2026-02-01 and 2026-05-01 (ADS-B Exchange DB); FlightAware and Flightradar24 hide it (15 Sep 2026),2026-07-27,LTBA,İstanbul Atatürk Airport,Istanbul(Bakırköy),TR-34,TR,2026-07-27T12:19:36.650000+00:00,2026-07-27T13:50:24.300000+00:00,,airplanes-live
T7-ELL,2026-02-02,LADD flag appears between 2026-02-01 and 2026-05-01 (ADS-B Exchange DB); FlightAware and Flightradar24 hide it (15 Sep 2026),2026-07-28,KIAD,Washington Dulles International Airport,Dulles,US-VA,US,2026-07-28T00:19:48.610000+00:00,2026-07-28T00:26:10.120000+00:00,2026-07-27 20:19,airplanes-live
T7-ELL,2026-02-02,LADD flag appears between 2026-02-01 and 2026-05-01 (ADS-B Exchange DB); FlightAware and Flightradar24 hide it (15 Sep 2026),2026-07-29,KIAD,Washington Dulles International Airport,Dulles,US-VA,US,2026-07-29T07:04:58.310000+00:00,2026-07-29T07:19:02.470000+00:00,2026-07-29 03:04,airplanes-live
T7-ELL,2026-02-02,LADD flag appears between 2026-02-01 and 2026-05-01 (ADS-B Exchange DB); FlightAware and Flightradar24 hide it (15 Sep 2026),2026-08-01,LZPP,Piešťany Airport,Piešťany,SK-TA,SK,2026-08-01T05:19:17.930000+00:00,2026-08-01T06:34:56.170000+00:00,,adsbexchange-samples
T7-ELL,2026-02-02,LADD flag appears between 2026-02-01 and 2026-05-01 (ADS-B Exchange DB); FlightAware and Flightradar24 hide it (15 Sep 2026),2026-08-01,OMDW,Al Maktoum International Airport,Dubai(Jebel Ali),AE-DU,AE,2026-08-01T13:33:13.690000+00:00,2026-08-01T13:33:13.690000+00:00,,adsbexchange-samples
T7-ELL,2026-02-02,LADD flag appears between 2026-02-01 and 2026-05-01 (ADS-B Exchange DB); FlightAware and Flightradar24 hide it (15 Sep 2026),2026-08-06,OMDW,Al Maktoum International Airport,Dubai(Jebel Ali),AE-DU,AE,2026-08-06T13:29:54.150000+00:00,2026-08-06T13:34:15.780000+00:00,,airplanes-live
T7-ELL,2026-02-02,LADD flag appears between 2026-02-01 and 2026-05-01 (ADS-B Exchange DB); FlightAware and Flightradar24 hide it (15 Sep 2026),2026-08-07,OMDW,Al Maktoum International Airport,Dubai(Jebel Ali),AE-DU,AE,2026-08-07T16:07:30.320000+00:00,2026-08-07T16:12:31.100000+00:00,,airplanes-live
T7-ELL,2026-02-02,LADD flag appears between 2026-02-01 and 2026-05-01 (ADS-B Exchange DB); FlightAware and Flightradar24 hide it (15 Sep 2026),2026-08-09,HEAL,El Alamein International Airport,El Alamein,EG-MT,EG,2026-08-09T12:25:25.670000+00:00,2026-08-09T13:29:59.620000+00:00,2026-08-09 06:25,airplanes-live
T7-ELL,2026-02-02,LADD flag appears between 2026-02-01 and 2026-05-01 (ADS-B Exchange DB); FlightAware and Flightradar24 hide it (15 Sep 2026),2026-08-09,OMDW,Al Maktoum International Airport,Dubai(Jebel Ali),AE-DU,AE,2026-08-09T17:07:04.840000+00:00,2026-08-09T17:08:53.600000+00:00,,airplanes-live
T7-ELL,2026-02-02,LADD flag appears between 2026-02-01 and 2026-05-01 (ADS-B Exchange DB); FlightAware and Flightradar24 hide it (15 Sep 2026),2026-08-10,LGAV,Athens Eleftherios Venizelos International Airport,Spata-Artemida,GR-I,GR,2026-08-10T01:06:25.590000+00:00,2026-08-10T02:02:56.950000+00:00,,airplanes-live
T7-ELL,2026-02-02,LADD flag appears between 2026-02-01 and 2026-05-01 (ADS-B Exchange DB); FlightAware and Flightradar24 hide it (15 Sep 2026),2026-08-10,LFMN,Nice-Côte d'Azur Airport,"Nice, Alpes-Maritimes",FR-PAC,FR,2026-08-10T04:11:23.820000+00:00,2026-08-10T04:19:53.200000+00:00,,airplanes-live
T7-ELL,2026-02-02,LADD flag appears between 2026-02-01 and 2026-05-01 (ADS-B Exchange DB); FlightAware and Flightradar24 hide it (15 Sep 2026),2026-08-10,LFMN,Nice-Côte d'Azur Airport,"Nice, Alpes-Maritimes",FR-PAC,FR,2026-08-10T15:46:14.110000+00:00,2026-08-10T16:02:24.100000+00:00,,airplanes-live
T7-ELL,2026-02-02,LADD flag appears between 2026-02-01 and 2026-05-01 (ADS-B Exchange DB); FlightAware and Flightradar24 hide it (15 Sep 2026),2026-08-11,LGMK,Mykonos Island National Airport,Mykonos,GR-L,GR,2026-08-11T06:11:44.030000+00:00,2026-08-11T07:05:35.970000+00:00,,airplanes-live
T7-ELL,2026-02-02,LADD flag appears between 2026-02-01 and 2026-05-01 (ADS-B Exchange DB); FlightAware and Flightradar24 hide it (15 Sep 2026),2026-08-11,LFMN,Nice-Côte d'Azur Airport,"Nice, Alpes-Maritimes",FR-PAC,FR,2026-08-11T09:28:08+00:00,2026-08-11T10:39:05.940000+00:00,,airplanes-live
T7-ELL,2026-02-02,LADD flag appears between 2026-02-01 and 2026-05-01 (ADS-B Exchange DB); FlightAware and Flightradar24 hide it (15 Sep 2026),2026-08-14,LEMG,Málaga-Costa del Sol Airport,Málaga,ES-AN,ES,2026-08-14T06:19:46.820000+00:00,2026-08-14T06:22:03.950000+00:00,,airplanes-live
T7-ELL,2026-02-02,LADD flag appears between 2026-02-01 and 2026-05-01 (ADS-B Exchange DB); FlightAware and Flightradar24 hide it (15 Sep 2026),2026-08-16,LEMG,Málaga-Costa del Sol Airport,Málaga,ES-AN,ES,2026-08-16T20:14:35.100000+00:00,2026-08-16T20:21:05.380000+00:00,,airplanes-live
T7-ELL,2026-02-02,LADD flag appears between 2026-02-01 and 2026-05-01 (ADS-B Exchange DB); FlightAware and Flightradar24 hide it (15 Sep 2026),2026-08-17,OMDW,Al Maktoum International Airport,Dubai(Jebel Ali),AE-DU,AE,2026-08-17T04:55:45.710000+00:00,2026-08-17T04:55:45.710000+00:00,,airplanes-live
T7-ELL,2026-02-02,LADD flag appears between 2026-02-01 and 2026-05-01 (ADS-B Exchange DB); FlightAware and Flightradar24 hide it (15 Sep 2026),2026-08-18,OMDW,Al Maktoum International Airport,Dubai(Jebel Ali),AE-DU,AE,2026-08-18T14:28:38.260000+00:00,2026-08-18T14:36:25.330000+00:00,,airplanes-live
T7-ELL,2026-02-02,LADD flag appears between 2026-02-01 and 2026-05-01 (ADS-B Exchange DB); FlightAware and Flightradar24 hide it (15 Sep 2026),2026-08-21,VABB,Chhatrapati Shivaji Maharaj International Airport,Mumbai,IN-MM,IN,2026-08-21T11:11:40.350000+00:00,2026-08-21T11:11:40.350000+00:00,,airplanes-live
T7-ELL,2026-02-02,LADD flag appears between 2026-02-01 and 2026-05-01 (ADS-B Exchange DB); FlightAware and Flightradar24 hide it (15 Sep 2026),2026-08-22,LGMK,Mykonos Island National Airport,Mykonos,GR-L,GR,2026-08-22T03:31:13.550000+00:00,2026-08-22T04:40:34.470000+00:00,,airplanes-live
T7-ELL,2026-02-02,LADD flag appears between 2026-02-01 and 2026-05-01 (ADS-B Exchange DB); FlightAware and Flightradar24 hide it (15 Sep 2026),2026-08-23,OMDW,Al Maktoum International Airport,Dubai(Jebel Ali),AE-DU,AE,2026-08-23T14:59:30.680000+00:00,2026-08-23T15:01:34.280000+00:00,,airplanes-live
T7-ELL,2026-02-02,LADD flag appears between 2026-02-01 and 2026-05-01 (ADS-B Exchange DB); FlightAware and Flightradar24 hide it (15 Sep 2026),2026-08-26,OMAD,Al Bateen Executive Airport,Abu Dhabi,AE-AZ,AE,2026-08-26T02:38:53.370000+00:00,2026-08-26T04:31:21.440000+00:00,2026-08-25 19:38,airplanes-live
T7-ELL,2026-02-02,LADD flag appears between 2026-02-01 and 2026-05-01 (ADS-B Exchange DB); FlightAware and Flightradar24 hide it (15 Sep 2026),2026-08-28,OMAD,Al Bateen Executive Airport,Abu Dhabi,AE-AZ,AE,2026-08-28T09:58:23.410000+00:00,2026-08-28T10:31:55.040000+00:00,2026-08-28 02:58,airplanes-live
T7-ELL,2026-02-02,LADD flag appears between 2026-02-01 and 2026-05-01 (ADS-B Exchange DB); FlightAware and Flightradar24 hide it (15 Sep 2026),2026-08-29,OMDW,Al Maktoum International Airport,Dubai(Jebel Ali),AE-DU,AE,2026-08-29T13:59:05.980000+00:00,2026-08-29T14:01:29.640000+00:00,,airplanes-live
T7-ELL,2026-02-02,LADD flag appears between 2026-02-01 and 2026-05-01 (ADS-B Exchange DB); FlightAware and Flightradar24 hide it (15 Sep 2026),2026-09-06,OMDW,Al Maktoum International Airport,Dubai(Jebel Ali),AE-DU,AE,2026-09-06T19:07:28.310000+00:00,2026-09-06T19:07:28.840000+00:00,,airplanes-live
T7-ELL,2026-02-02,LADD flag appears between 2026-02-01 and 2026-05-01 (ADS-B Exchange DB); FlightAware and Flightradar24 hide it (15 Sep 2026),2026-09-16,OMDW,Al Maktoum International Airport,Dubai(Jebel Ali),AE-DU,AE,2026-09-16T04:21:54.260000+00:00,2026-09-16T04:22:45.830000+00:00,,airplanes-live
